workload_id,snr_db,frame,algorithm_id,bit_errors,success,decode_failure,decoder_valid,crc_valid,baseline_valid,accepted_update,selection_reason,selected_iteration,lite_syndrome,gradient_syndrome,lite_score,gradient_score,selected_mean_abs_lpost
red4:lane2:snr0.0:seed4:frame1,0.0,1,cwz_joint,942,false,false,true,missing,false,true,gradient_only,8,1495,0,3.404606961873449,5.563978871833072,missing
red4:lane2:snr0.0:seed4:frame2,0.0,2,cwz_joint,1004,false,false,false,missing,false,true,gradient_only,8,1513,6,0.9020113782218847,7.030396947873052,missing
red4:lane2:snr0.0:seed4:frame3,0.0,3,cwz_joint,1054,false,false,true,missing,false,true,gradient_only,8,1430,0,0.9060292387792345,6.78491364819171,missing
red4:lane2:snr0.0:seed4:frame4,0.0,4,cwz_joint,999,false,false,true,missing,false,true,gradient_only,8,1494,0,1.2292710776363511,5.715046232894958,missing
red4:lane2:snr0.0:seed4:frame5,0.0,5,cwz_joint,1036,false,false,true,missing,false,true,gradient_only,8,1538,0,0.7540254071683639,6.542317895896292,missing
red4:lane2:snr0.0:seed4:frame6,0.0,6,cwz_joint,1057,false,false,false,missing,false,true,gradient_only,8,1479,1,0.9505210330834563,11.176378380729247,missing
red4:lane2:snr0.0:seed4:frame7,0.0,7,cwz_joint,960,false,false,false,missing,false,true,gradient_only,8,1486,7,1.0961174306898087,6.273649967451363,missing
red4:lane2:snr0.0:seed4:frame8,0.0,8,cwz_joint,1004,false,false,false,missing,false,true,gradient_only,8,1517,1,1.484438181045933,9.47077774957919,missing
red4:lane2:snr0.0:seed4:frame9,0.0,9,cwz_joint,1009,false,false,true,missing,false,true,gradient_only,8,1441,0,1.1158538450359476,7.153444636819069,missing
red4:lane2:snr0.0:seed4:frame10,0.0,10,cwz_joint,1064,false,false,true,missing,false,true,gradient_only,8,1461,0,1.1016867313002314,8.277747757188227,missing
red4:lane2:snr0.0:seed4:frame11,0.0,11,cwz_joint,1004,false,false,true,missing,false,true,gradient_only,8,1477,0,1.141466333926893,6.4338132718626335,missing
red4:lane2:snr0.0:seed4:frame12,0.0,12,cwz_joint,1021,false,false,false,missing,false,true,gradient_only,8,1500,3,1.3890408562016725,6.125826539308661,missing
red4:lane2:snr0.0:seed4:frame13,0.0,13,cwz_joint,966,false,false,false,missing,false,true,gradient_only,8,1451,2,0.9105224812492645,4.688211261158581,missing
red4:lane2:snr0.0:seed4:frame14,0.0,14,cwz_joint,1068,false,false,false,missing,false,true,gradient_only,8,1485,2,5.883916043797552,5.83416832687691,missing
red4:lane2:snr0.0:seed4:frame15,0.0,15,cwz_joint,1010,false,false,true,missing,false,true,gradient_only,8,1468,0,0.8087831814245826,7.071030398671657,missing
red4:lane2:snr0.0:seed4:frame16,0.0,16,cwz_joint,1013,false,false,false,missing,false,true,gradient_only,8,1495,1,0.970640640947281,5.153223348658292,missing
red4:lane2:snr0.0:seed4:frame17,0.0,17,cwz_joint,1064,false,false,false,missing,false,true,gradient_only,8,1540,2,1.666534805128772,11.800829793890669,missing
red4:lane2:snr0.0:seed4:frame18,0.0,18,cwz_joint,1050,false,false,true,missing,false,true,gradient_only,8,1497,0,1.408316532634017,8.32139210251731,missing
red4:lane2:snr0.0:seed4:frame19,0.0,19,cwz_joint,981,false,false,true,missing,false,true,gradient_only,8,1429,0,1.9465301262512857,8.250026879838478,missing
red4:lane2:snr0.0:seed4:frame20,0.0,20,cwz_joint,1028,false,false,false,missing,false,true,gradient_only,8,1487,3,0.8761286349869396,5.64810529687811,missing
red4:lane2:snr0.0:seed4:frame21,0.0,21,cwz_joint,1055,false,false,true,missing,false,true,gradient_only,8,1445,0,0.8105214319067976,4.419505793872455,missing
red4:lane2:snr0.0:seed4:frame22,0.0,22,cwz_joint,989,false,false,true,missing,false,true,gradient_only,8,1479,0,0.8329237767104565,2.6960558099250465,missing
red4:lane2:snr0.0:seed4:frame23,0.0,23,cwz_joint,1049,false,false,true,missing,false,true,gradient_only,8,1472,0,1.152113047822257,6.521786793858568,missing
red4:lane2:snr0.0:seed4:frame24,0.0,24,cwz_joint,1036,false,false,false,missing,false,true,gradient_only,8,1487,3,2.1724006413077883,8.0491677887759,missing
red4:lane2:snr0.0:seed4:frame25,0.0,25,cwz_joint,1044,false,false,true,missing,false,true,gradient_only,8,1466,0,0.9235148528980213,10.467084125379596,missing
red4:lane2:snr0.0:seed4:frame26,0.0,26,cwz_joint,1018,false,false,true,missing,false,true,gradient_only,8,1417,0,0.8061220899183251,6.967543956470681,missing
red4:lane2:snr0.0:seed4:frame27,0.0,27,cwz_joint,1050,false,false,false,missing,false,true,gradient_only,8,1499,2,1.1339783766749316,5.998339198546279,missing
red4:lane2:snr0.0:seed4:frame28,0.0,28,cwz_joint,949,false,false,true,missing,false,true,gradient_only,8,1458,0,0.9068932099456744,15.46857764707117,missing
red4:lane2:snr0.0:seed4:frame29,0.0,29,cwz_joint,1026,false,false,true,missing,false,true,gradient_only,8,1477,0,1.3430453396218436,5.584855498009006,missing
red4:lane2:snr0.0:seed4:frame30,0.0,30,cwz_joint,1025,false,false,true,missing,false,true,gradient_only,8,1454,0,2.018908055196874,9.306709755268454,missing
red4:lane2:snr0.0:seed4:frame31,0.0,31,cwz_joint,1056,false,false,true,missing,false,true,gradient_only,8,1477,0,1.3364690285722234,7.609213348778133,missing
red4:lane2:snr0.0:seed4:frame32,0.0,32,cwz_joint,1009,false,false,true,missing,false,true,gradient_only,8,1475,0,0.7377500863867615,3.7854380923176345,missing
red4:lane2:snr0.0:seed4:frame33,0.0,33,cwz_joint,1004,false,false,true,missing,false,true,gradient_only,8,1438,0,1.191356500076549,4.1531519700789685,missing
red4:lane2:snr0.0:seed4:frame34,0.0,34,cwz_joint,960,false,false,true,missing,false,true,gradient_only,8,1467,0,0.8368476633294833,5.8553655979665145,missing
red4:lane2:snr0.0:seed4:frame35,0.0,35,cwz_joint,1000,false,false,false,missing,false,true,gradient_only,8,1476,6,1.0374564320163757,4.607311335824575,missing
red4:lane2:snr0.0:seed4:frame36,0.0,36,cwz_joint,1070,false,false,true,missing,false,true,gradient_only,8,1462,0,1.1428762091386415,5.522049316303715,missing
red4:lane2:snr0.0:seed4:frame37,0.0,37,cwz_joint,1054,false,false,true,missing,false,true,gradient_only,8,1510,0,1.9322603826681477,7.843167345921786,missing
red4:lane2:snr0.0:seed4:frame38,0.0,38,cwz_joint,966,false,false,true,missing,false,true,gradient_only,8,1518,0,1.17014837634583,9.384903460597844,missing
red4:lane2:snr0.0:seed4:frame39,0.0,39,cwz_joint,1045,false,false,false,missing,false,true,gradient_only,8,1487,3,0.9539281551231963,5.94974384415001,missing
red4:lane2:snr0.0:seed4:frame40,0.0,40,cwz_joint,1031,false,false,true,missing,false,true,gradient_only,8,1473,0,1.1794272725844341,7.40049788412397,missing
red4:lane2:snr0.0:seed4:frame41,0.0,41,cwz_joint,1002,false,false,true,missing,false,true,gradient_only,8,1496,0,0.9304320705096566,6.767398845471218,missing
red4:lane2:snr0.0:seed4:frame42,0.0,42,cwz_joint,961,false,false,true,missing,false,true,gradient_only,8,1481,0,0.8293661454355006,7.975286044494812,missing
red4:lane2:snr0.0:seed4:frame43,0.0,43,cwz_joint,1247,false,false,false,missing,false,true,gradient_only,8,1439,2,1.9104831330470347,43.90721919613335,missing
red4:lane2:snr0.0:seed4:frame44,0.0,44,cwz_joint,980,false,false,true,missing,false,true,gradient_only,8,1502,0,0.7006824529228861,4.051474672531088,missing
red4:lane2:snr0.0:seed4:frame45,0.0,45,cwz_joint,1032,false,false,true,missing,false,true,gradient_only,8,1457,0,0.9363928450710349,9.353666742785585,missing
red4:lane2:snr0.0:seed4:frame46,0.0,46,cwz_joint,1048,false,false,false,missing,false,true,gradient_only,8,1486,2,1.0612359961782323,7.336712895889407,missing
red4:lane2:snr0.0:seed4:frame47,0.0,47,cwz_joint,1007,false,false,false,missing,false,true,gradient_only,8,1480,1,1.0953991283813513,6.362148483315904,missing
red4:lane2:snr0.0:seed4:frame48,0.0,48,cwz_joint,980,false,false,true,missing,false,true,gradient_only,8,1456,0,0.7094180789570148,4.4086673960353435,missing
red4:lane2:snr0.0:seed4:frame49,0.0,49,cwz_joint,1009,false,false,true,missing,false,true,gradient_only,8,1462,0,1.0134991786616034,5.1701946340463945,missing
red4:lane2:snr0.0:seed4:frame50,0.0,50,cwz_joint,1014,false,false,false,missing,false,true,gradient_only,8,1434,2,1.048200895223567,8.76052342955714,missing
red4:lane2:snr0.0:seed4:frame51,0.0,51,cwz_joint,1013,false,false,true,missing,false,true,gradient_only,8,1504,0,0.9993039806747421,6.348736914887827,missing
red4:lane2:snr0.0:seed4:frame52,0.0,52,cwz_joint,1083,false,false,true,missing,false,true,gradient_only,8,1513,0,1.2971519493372892,4.046475689441941,missing
red4:lane2:snr0.0:seed4:frame53,0.0,53,cwz_joint,963,false,false,false,missing,false,true,gradient_only,8,1488,5,1.8195145018041783,6.312285748603668,missing
red4:lane2:snr0.0:seed4:frame54,0.0,54,cwz_joint,986,false,false,true,missing,false,true,gradient_only,8,1500,0,1.3602444770873314,6.705137705924136,missing
red4:lane2:snr0.0:seed4:frame55,0.0,55,cwz_joint,1085,false,false,false,missing,false,true,gradient_only,8,1482,4,0.9035034798766826,8.156576448423994,missing
red4:lane2:snr0.0:seed4:frame56,0.0,56,cwz_joint,892,false,false,false,missing,false,true,gradient_only,8,1462,3,0.6270730506716472,2.291823543610206,missing
red4:lane2:snr0.0:seed4:frame57,0.0,57,cwz_joint,990,false,false,true,missing,false,true,gradient_only,8,1447,0,0.9286791694445686,7.142727389477044,missing
red4:lane2:snr0.0:seed4:frame58,0.0,58,cwz_joint,1030,false,false,false,missing,false,true,gradient_only,8,1459,4,1.3898176055501776,7.727984475499527,missing
red4:lane2:snr0.0:seed4:frame59,0.0,59,cwz_joint,1025,false,false,true,missing,false,true,gradient_only,8,1444,0,1.2453328944822435,7.452630853216959,missing
red4:lane2:snr0.0:seed4:frame60,0.0,60,cwz_joint,1086,false,false,true,missing,false,true,gradient_only,8,1501,0,1.159934906659563,5.422149421225829,missing
red4:lane2:snr0.0:seed4:frame1,0.0,1,profiled_cz,989,false,false,false,missing,false,true,gradient_only,3,1495,1287,3.404606961873449,2.153850329077734,missing
red4:lane2:snr0.0:seed4:frame2,0.0,2,profiled_cz,1038,false,false,false,missing,false,true,gradient_only,6,1513,1324,0.9020113782218847,2.450974051614257,missing
red4:lane2:snr0.0:seed4:frame3,0.0,3,profiled_cz,1043,false,false,false,missing,false,true,gradient_only,1,1430,1268,0.9060292387792345,2.269002523886882,missing
red4:lane2:snr0.0:seed4:frame4,0.0,4,profiled_cz,1056,false,false,false,missing,false,true,gradient_only,1,1494,1325,1.2292710776363511,2.252205092341307,missing
red4:lane2:snr0.0:seed4:frame5,0.0,5,profiled_cz,1044,false,false,false,missing,false,true,gradient_only,5,1538,1342,0.7540254071683639,1.8859617974480487,missing
red4:lane2:snr0.0:seed4:frame6,0.0,6,profiled_cz,1022,false,false,false,missing,false,true,gradient_only,3,1479,1312,0.9505210330834563,3.3565739414433553,missing
red4:lane2:snr0.0:seed4:frame7,0.0,7,profiled_cz,988,false,false,false,missing,false,true,gradient_only,5,1486,1322,1.0961174306898087,2.5032979934995927,missing
red4:lane2:snr0.0:seed4:frame8,0.0,8,profiled_cz,1012,false,false,false,missing,false,true,gradient_only,5,1517,1366,1.484438181045933,2.954995111814764,missing
red4:lane2:snr0.0:seed4:frame9,0.0,9,profiled_cz,1047,false,false,false,missing,false,true,gradient_only,1,1441,1388,1.1158538450359476,2.180342053883715,missing
red4:lane2:snr0.0:seed4:frame10,0.0,10,profiled_cz,1084,false,false,false,missing,false,true,gradient_only,5,1461,1319,1.1016867313002314,4.80073173087779,missing
red4:lane2:snr0.0:seed4:frame11,0.0,11,profiled_cz,1024,false,false,false,missing,false,true,gradient_only,2,1477,1314,1.141466333926893,7.4399773985069215,missing
red4:lane2:snr0.0:seed4:frame12,0.0,12,profiled_cz,1039,false,false,false,missing,false,true,gradient_only,6,1500,1345,1.3890408562016725,2.6180767634635314,missing
red4:lane2:snr0.0:seed4:frame13,0.0,13,profiled_cz,1004,false,false,false,missing,false,true,gradient_only,4,1451,1294,0.9105224812492645,1.9003110399681302,missing
red4:lane2:snr0.0:seed4:frame14,0.0,14,profiled_cz,1066,false,false,false,missing,false,true,gradient_only,3,1485,1334,5.883916043797552,1.9519488694986948,missing
red4:lane2:snr0.0:seed4:frame15,0.0,15,profiled_cz,1025,false,false,false,missing,false,true,gradient_only,4,1468,1317,0.8087831814245826,2.025195514363275,missing
red4:lane2:snr0.0:seed4:frame16,0.0,16,profiled_cz,1047,false,false,false,missing,false,true,gradient_only,7,1495,1357,0.970640640947281,2.0600946580085515,missing
red4:lane2:snr0.0:seed4:frame17,0.0,17,profiled_cz,1024,false,false,false,missing,false,true,gradient_only,7,1540,1339,1.666534805128772,5.8425651083245445,missing
red4:lane2:snr0.0:seed4:frame18,0.0,18,profiled_cz,1055,false,false,false,missing,false,true,gradient_only,6,1497,1300,1.408316532634017,2.7942494529138173,missing
red4:lane2:snr0.0:seed4:frame19,0.0,19,profiled_cz,1012,false,false,false,missing,false,true,gradient_only,6,1429,1316,1.9465301262512857,2.282927045511906,missing
red4:lane2:snr0.0:seed4:frame20,0.0,20,profiled_cz,1059,false,false,false,missing,false,true,gradient_only,2,1487,1332,0.8761286349869396,1.9767513511382608,missing
red4:lane2:snr0.0:seed4:frame21,0.0,21,profiled_cz,1057,false,false,false,missing,false,true,gradient_only,2,1445,1337,0.8105214319067976,2.0464356065263134,missing
red4:lane2:snr0.0:seed4:frame22,0.0,22,profiled_cz,1013,false,false,false,missing,false,true,gradient_only,2,1479,1306,0.8329237767104565,1.964497514587501,missing
red4:lane2:snr0.0:seed4:frame23,0.0,23,profiled_cz,1081,false,false,false,missing,false,true,gradient_only,1,1472,1336,1.152113047822257,2.518681161441109,missing
red4:lane2:snr0.0:seed4:frame24,0.0,24,profiled_cz,1016,false,false,false,missing,false,true,gradient_only,6,1487,1315,2.1724006413077883,6.3303070295380515,missing
red4:lane2:snr0.0:seed4:frame25,0.0,25,profiled_cz,1027,false,false,false,missing,false,true,gradient_only,2,1466,1319,0.9235148528980213,3.36379379326905,missing
red4:lane2:snr0.0:seed4:frame26,0.0,26,profiled_cz,996,false,false,false,missing,false,true,gradient_only,2,1417,1245,0.8061220899183251,2.1851138667890626,missing
red4:lane2:snr0.0:seed4:frame27,0.0,27,profiled_cz,1082,false,false,false,missing,false,true,gradient_only,3,1499,1320,1.1339783766749316,2.9063788861439668,missing
red4:lane2:snr0.0:seed4:frame28,0.0,28,profiled_cz,968,false,false,false,missing,false,true,gradient_only,6,1458,1324,0.9068932099456744,4.784959468899859,missing
red4:lane2:snr0.0:seed4:frame29,0.0,29,profiled_cz,1069,false,false,false,missing,false,true,gradient_only,2,1477,1355,1.3430453396218436,2.4610704569046367,missing
red4:lane2:snr0.0:seed4:frame30,0.0,30,profiled_cz,1031,false,false,false,missing,false,true,gradient_only,3,1454,1338,2.018908055196874,3.2972369719963273,missing
red4:lane2:snr0.0:seed4:frame31,0.0,31,profiled_cz,1079,false,false,false,missing,false,true,gradient_only,4,1477,1345,1.3364690285722234,2.29098903771918,missing
red4:lane2:snr0.0:seed4:frame32,0.0,32,profiled_cz,1025,false,false,false,missing,false,true,gradient_only,8,1475,1284,0.7377500863867615,2.7741395842785534,missing
red4:lane2:snr0.0:seed4:frame33,0.0,33,profiled_cz,1024,false,false,false,missing,false,true,gradient_only,8,1438,1309,1.191356500076549,2.954892123607695,missing
red4:lane2:snr0.0:seed4:frame34,0.0,34,profiled_cz,984,false,false,false,missing,false,true,gradient_only,2,1467,1330,0.8368476633294833,1.7801785900447296,missing
red4:lane2:snr0.0:seed4:frame35,0.0,35,profiled_cz,1009,false,false,false,missing,false,true,gradient_only,5,1476,1361,1.0374564320163757,1.8219294758086426,missing
red4:lane2:snr0.0:seed4:frame36,0.0,36,profiled_cz,1058,false,false,false,missing,false,true,gradient_only,2,1462,1301,1.1428762091386415,3.2595027624146846,missing
red4:lane2:snr0.0:seed4:frame37,0.0,37,profiled_cz,1053,false,false,false,missing,false,true,gradient_only,2,1510,1303,1.9322603826681477,2.8759474621236234,missing
red4:lane2:snr0.0:seed4:frame38,0.0,38,profiled_cz,1009,false,false,false,missing,false,true,gradient_only,7,1518,1390,1.17014837634583,2.7261821472974757,missing
red4:lane2:snr0.0:seed4:frame39,0.0,39,profiled_cz,1035,false,false,false,missing,false,true,gradient_only,2,1487,1335,0.9539281551231963,2.237963160053306,missing
red4:lane2:snr0.0:seed4:frame40,0.0,40,profiled_cz,1047,false,false,false,missing,false,true,gradient_only,6,1473,1280,1.1794272725844341,2.0558463728184107,missing
red4:lane2:snr0.0:seed4:frame41,0.0,41,profiled_cz,1020,false,false,false,missing,false,true,gradient_only,8,1496,1324,0.9304320705096566,1.9079537218084044,missing
red4:lane2:snr0.0:seed4:frame42,0.0,42,profiled_cz,986,false,false,false,missing,false,true,gradient_only,2,1481,1271,0.8293661454355006,3.3545285208177367,missing
red4:lane2:snr0.0:seed4:frame43,0.0,43,profiled_cz,1225,false,false,false,missing,false,true,gradient_only,4,1439,1275,1.9104831330470347,24.598003369740447,missing
red4:lane2:snr0.0:seed4:frame44,0.0,44,profiled_cz,1005,false,false,false,missing,false,true,gradient_only,6,1502,1347,0.7006824529228861,1.6973648405085233,missing
red4:lane2:snr0.0:seed4:frame45,0.0,45,profiled_cz,1061,false,false,false,missing,false,true,gradient_only,7,1457,1292,0.9363928450710349,2.8653411511905533,missing
red4:lane2:snr0.0:seed4:frame46,0.0,46,profiled_cz,1111,false,false,false,missing,false,true,gradient_only,7,1486,1313,1.0612359961782323,2.2226488361862597,missing
red4:lane2:snr0.0:seed4:frame47,0.0,47,profiled_cz,1024,false,false,false,missing,false,true,gradient_only,3,1480,1296,1.0953991283813513,4.269631566781801,missing
red4:lane2:snr0.0:seed4:frame48,0.0,48,profiled_cz,992,false,false,false,missing,false,true,gradient_only,1,1456,1316,0.7094180789570148,2.1731477538861244,missing
red4:lane2:snr0.0:seed4:frame49,0.0,49,profiled_cz,1018,false,false,false,missing,false,true,gradient_only,7,1462,1328,1.0134991786616034,1.9137529889049782,missing
red4:lane2:snr0.0:seed4:frame50,0.0,50,profiled_cz,1040,false,false,false,missing,false,true,gradient_only,4,1434,1253,1.048200895223567,3.1520967103966844,missing
red4:lane2:snr0.0:seed4:frame51,0.0,51,profiled_cz,1056,false,false,false,missing,false,true,gradient_only,8,1504,1375,0.9993039806747421,1.7601035498457935,missing
red4:lane2:snr0.0:seed4:frame52,0.0,52,profiled_cz,1117,false,false,false,missing,false,true,gradient_only,1,1513,1274,1.2971519493372892,3.2341595089554254,missing
red4:lane2:snr0.0:seed4:frame53,0.0,53,profiled_cz,1025,false,false,false,missing,false,true,gradient_only,1,1488,1332,1.8195145018041783,2.14329737564992,missing
red4:lane2:snr0.0:seed4:frame54,0.0,54,profiled_cz,1000,false,false,false,missing,false,true,gradient_only,6,1500,1359,1.3602444770873314,2.606114782497035,missing
red4:lane2:snr0.0:seed4:frame55,0.0,55,profiled_cz,1103,false,false,false,missing,false,true,gradient_only,3,1482,1335,0.9035034798766826,2.061167087431462,missing
red4:lane2:snr0.0:seed4:frame56,0.0,56,profiled_cz,955,false,false,false,missing,false,true,gradient_only,8,1462,1275,0.6270730506716472,1.3201579247382542,missing
red4:lane2:snr0.0:seed4:frame57,0.0,57,profiled_cz,995,false,false,false,missing,false,true,gradient_only,3,1447,1253,0.9286791694445686,2.7069565662515576,missing
red4:lane2:snr0.0:seed4:frame58,0.0,58,profiled_cz,1095,false,false,false,missing,false,true,gradient_only,1,1459,1333,1.3898176055501776,3.2131432970399736,missing
red4:lane2:snr0.0:seed4:frame59,0.0,59,profiled_cz,980,false,false,false,missing,false,true,gradient_only,6,1444,1316,1.2453328944822435,3.807527091474223,missing
red4:lane2:snr0.0:seed4:frame60,0.0,60,profiled_cz,1108,false,false,false,missing,false,true,gradient_only,3,1501,1308,1.159934906659563,1.9748249611951165,missing
red4:lane2:snr2.0:seed4:frame1,2.0,1,cwz_joint,840,false,false,true,missing,false,true,gradient_only,8,1488,0,0.6608592044198817,5.817703368708063,missing
red4:lane2:snr2.0:seed4:frame2,2.0,2,cwz_joint,917,false,false,false,missing,false,true,gradient_only,8,1490,1,0.7284094781848953,6.85446903129318,missing
red4:lane2:snr2.0:seed4:frame3,2.0,3,cwz_joint,965,false,false,true,missing,false,true,gradient_only,8,1430,0,0.8727488719029669,6.345333640483976,missing
red4:lane2:snr2.0:seed4:frame4,2.0,4,cwz_joint,968,false,false,false,missing,false,true,gradient_only,8,1470,2,0.8227208583162864,5.745367632664261,missing
red4:lane2:snr2.0:seed4:frame5,2.0,5,cwz_joint,927,false,false,true,missing,false,true,gradient_only,8,1477,0,0.586217210196187,6.199955322893442,missing
red4:lane2:snr2.0:seed4:frame6,2.0,6,cwz_joint,946,false,false,false,missing,false,true,gradient_only,8,1501,2,0.7355269128153279,10.53018228765529,missing
red4:lane2:snr2.0:seed4:frame7,2.0,7,cwz_joint,882,false,false,false,missing,false,true,gradient_only,8,1465,4,0.7107529472292046,6.584232007258152,missing
red4:lane2:snr2.0:seed4:frame8,2.0,8,cwz_joint,956,false,false,true,missing,false,true,gradient_only,8,1474,0,1.0212455901008854,8.835754154334813,missing
red4:lane2:snr2.0:seed4:frame9,2.0,9,cwz_joint,925,false,false,true,missing,false,true,gradient_only,8,1477,0,0.7583656308066514,6.566271995788799,missing
red4:lane2:snr2.0:seed4:frame10,2.0,10,cwz_joint,1053,false,false,true,missing,false,true,gradient_only,8,1495,0,0.799728703769271,7.541356120831673,missing
red4:lane2:snr2.0:seed4:frame11,2.0,11,cwz_joint,975,false,false,true,missing,false,true,gradient_only,8,1454,0,0.6387043305560259,6.139197770743087,missing
red4:lane2:snr2.0:seed4:frame12,2.0,12,cwz_joint,961,false,false,false,missing,false,true,gradient_only,8,1512,9,0.939059505443417,5.5836557143315595,missing
red4:lane2:snr2.0:seed4:frame13,2.0,13,cwz_joint,915,false,false,true,missing,false,true,gradient_only,8,1487,0,1.268877438672552,4.243212161098944,missing
red4:lane2:snr2.0:seed4:frame14,2.0,14,cwz_joint,1000,false,false,false,missing,false,true,gradient_only,8,1482,6,1.8307741880100297,5.204009879217792,missing
red4:lane2:snr2.0:seed4:frame15,2.0,15,cwz_joint,942,false,false,true,missing,false,true,gradient_only,8,1464,0,0.5858266223217596,6.253963350322236,missing
red4:lane2:snr2.0:seed4:frame16,2.0,16,cwz_joint,951,false,false,true,missing,false,true,gradient_only,8,1450,0,0.8314524551447852,4.481429654348902,missing
red4:lane2:snr2.0:seed4:frame17,2.0,17,cwz_joint,959,false,false,false,missing,false,true,gradient_only,8,1452,1,0.9866309569163787,11.33772489905833,missing
red4:lane2:snr2.0:seed4:frame18,2.0,18,cwz_joint,1010,false,false,true,missing,false,true,gradient_only,8,1485,0,0.8478163739569027,8.782479238507175,missing
red4:lane2:snr2.0:seed4:frame19,2.0,19,cwz_joint,890,false,false,false,missing,false,true,gradient_only,8,1465,4,1.0906751476337202,7.294459851612446,missing
red4:lane2:snr2.0:seed4:frame20,2.0,20,cwz_joint,967,false,false,true,missing,false,true,gradient_only,8,1467,0,0.5475014711722046,5.389883640389813,missing
red4:lane2:snr2.0:seed4:frame21,2.0,21,cwz_joint,942,false,false,true,missing,false,true,gradient_only,8,1532,0,1.9860296596389369,4.014258036812844,missing
red4:lane2:snr2.0:seed4:frame22,2.0,22,cwz_joint,913,false,false,true,missing,false,true,gradient_only,8,1412,0,0.7349422883222472,2.5788178880195223,missing
red4:lane2:snr2.0:seed4:frame23,2.0,23,cwz_joint,1009,false,false,true,missing,false,true,gradient_only,8,1490,0,1.1752868086386454,6.451998056576549,missing
red4:lane2:snr2.0:seed4:frame24,2.0,24,cwz_joint,1003,false,false,false,missing,false,true,gradient_only,8,1521,3,0.7943055864297448,7.846353496237099,missing
red4:lane2:snr2.0:seed4:frame25,2.0,25,cwz_joint,1000,false,false,true,missing,false,true,gradient_only,8,1509,0,0.8716022535480875,11.039236039920752,missing
red4:lane2:snr2.0:seed4:frame26,2.0,26,cwz_joint,954,false,false,true,missing,false,true,gradient_only,8,1396,0,0.7790789506921881,6.060236773538328,missing
red4:lane2:snr2.0:seed4:frame27,2.0,27,cwz_joint,1010,false,false,true,missing,false,true,gradient_only,8,1463,0,1.0974909687680094,5.6085865410505,missing
red4:lane2:snr2.0:seed4:frame28,2.0,28,cwz_joint,864,false,false,true,missing,false,true,gradient_only,8,1506,0,0.5943597670767624,17.49635142515786,missing
red4:lane2:snr2.0:seed4:frame29,2.0,29,cwz_joint,963,false,false,true,missing,false,true,gradient_only,8,1503,0,0.8716698091739316,5.642252393558217,missing
red4:lane2:snr2.0:seed4:frame30,2.0,30,cwz_joint,919,false,false,true,missing,false,true,gradient_only,8,1516,0,1.0436890608249716,8.699798697151595,missing
red4:lane2:snr2.0:seed4:frame31,2.0,31,cwz_joint,956,false,false,true,missing,false,true,gradient_only,8,1454,0,0.7789752191411469,6.5814777747769595,missing
red4:lane2:snr2.0:seed4:frame32,2.0,32,cwz_joint,950,false,false,false,missing,false,true,gradient_only,8,1490,2,0.7414407536097549,3.460638123140858,missing
red4:lane2:snr2.0:seed4:frame33,2.0,33,cwz_joint,965,false,false,false,missing,false,true,gradient_only,8,1447,16,1.2418869774289778,3.93465302355186,missing
red4:lane2:snr2.0:seed4:frame34,2.0,34,cwz_joint,916,false,false,false,missing,false,true,gradient_only,8,1460,1,0.6547743785712938,5.307117579148835,missing
red4:lane2:snr2.0:seed4:frame35,2.0,35,cwz_joint,909,false,false,true,missing,false,true,gradient_only,8,1496,0,0.7184490439446575,4.464146277998115,missing
red4:lane2:snr2.0:seed4:frame36,2.0,36,cwz_joint,966,false,false,true,missing,false,true,gradient_only,8,1479,0,1.0176773721625005,5.419137498103238,missing
red4:lane2:snr2.0:seed4:frame37,2.0,37,cwz_joint,921,false,false,false,missing,false,true,gradient_only,8,1475,3,0.7196921723471938,7.046368816778014,missing
red4:lane2:snr2.0:seed4:frame38,2.0,38,cwz_joint,935,false,false,false,missing,false,true,gradient_only,7,1457,7,0.922877669938738,9.2445589337626,missing
red4:lane2:snr2.0:seed4:frame39,2.0,39,cwz_joint,987,false,false,true,missing,false,true,gradient_only,8,1505,0,0.7939028402196554,5.460308235662836,missing
red4:lane2:snr2.0:seed4:frame40,2.0,40,cwz_joint,978,false,false,false,missing,false,true,gradient_only,8,1497,5,0.87758086001701,6.486086096273633,missing
red4:lane2:snr2.0:seed4:frame41,2.0,41,cwz_joint,964,false,false,true,missing,false,true,gradient_only,8,1514,0,0.6921669190473666,6.1690630915115685,missing
red4:lane2:snr2.0:seed4:frame42,2.0,42,cwz_joint,925,false,false,false,missing,false,true,gradient_only,8,1470,3,0.8744115550702403,7.709258676319023,missing
red4:lane2:snr2.0:seed4:frame43,2.0,43,cwz_joint,1210,false,false,true,missing,false,true,gradient_only,8,1471,0,1.7176256809607051,38.489109363487124,missing
red4:lane2:snr2.0:seed4:frame44,2.0,44,cwz_joint,890,false,false,true,missing,false,true,gradient_only,8,1487,0,0.5098016138704208,3.7433287154108874,missing
red4:lane2:snr2.0:seed4:frame45,2.0,45,cwz_joint,957,false,false,true,missing,false,true,gradient_only,8,1504,0,0.9512330569863175,8.035028276411905,missing
red4:lane2:snr2.0:seed4:frame46,2.0,46,cwz_joint,933,false,false,true,missing,false,true,gradient_only,8,1506,0,0.6915531235163157,6.709187293177152,missing
red4:lane2:snr2.0:seed4:frame47,2.0,47,cwz_joint,1012,false,false,true,missing,false,true,gradient_only,8,1518,0,0.9251650366482922,6.393980437766367,missing
red4:lane2:snr2.0:seed4:frame48,2.0,48,cwz_joint,935,false,false,true,missing,false,true,gradient_only,8,1439,0,0.5277888927274956,4.079547179528054,missing
red4:lane2:snr2.0:seed4:frame49,2.0,49,cwz_joint,912,false,false,true,missing,false,true,gradient_only,8,1497,0,0.5300777740965804,4.745507049860545,missing
red4:lane2:snr2.0:seed4:frame50,2.0,50,cwz_joint,991,false,false,true,missing,false,true,gradient_only,8,1468,0,0.8852203403154766,7.708637574310509,missing
red4:lane2:snr2.0:seed4:frame51,2.0,51,cwz_joint,956,false,false,true,missing,false,true,gradient_only,8,1501,0,0.7383622528301319,5.774128086335252,missing
red4:lane2:snr2.0:seed4:frame52,2.0,52,cwz_joint,1014,false,false,true,missing,false,true,gradient_only,8,1469,0,1.1540548055798656,4.348131626461507,missing
red4:lane2:snr2.0:seed4:frame53,2.0,53,cwz_joint,906,false,false,false,missing,false,true,gradient_only,8,1464,1,1.5213002692609552,6.414447560482076,missing
red4:lane2:snr2.0:seed4:frame54,2.0,54,cwz_joint,948,false,false,true,missing,false,true,gradient_only,8,1487,0,0.8899620829661405,6.513933367381601,missing
red4:lane2:snr2.0:seed4:frame55,2.0,55,cwz_joint,1007,false,false,false,missing,false,true,gradient_only,8,1503,1,0.7036293227252278,7.17074241001514,missing
red4:lane2:snr2.0:seed4:frame56,2.0,56,cwz_joint,833,false,false,true,missing,false,true,gradient_only,8,1459,0,0.418749970920575,2.091360380553308,missing
red4:lane2:snr2.0:seed4:frame57,2.0,57,cwz_joint,887,false,false,true,missing,false,true,gradient_only,8,1476,0,0.6070574309693063,6.415840533862412,missing
red4:lane2:snr2.0:seed4:frame58,2.0,58,cwz_joint,996,false,false,true,missing,false,true,gradient_only,8,1499,0,1.0648739276403805,7.488390805976689,missing
red4:lane2:snr2.0:seed4:frame59,2.0,59,cwz_joint,932,false,false,true,missing,false,true,gradient_only,8,1434,0,1.3526167888835627,7.14556153787436,missing
red4:lane2:snr2.0:seed4:frame60,2.0,60,cwz_joint,1049,false,false,false,missing,false,true,gradient_only,8,1553,2,0.8037507072526053,5.474520805911986,missing
red4:lane2:snr2.0:seed4:frame1,2.0,1,profiled_cz,893,false,false,false,missing,false,true,gradient_only,1,1488,1329,0.6608592044198817,1.880158877836902,missing
red4:lane2:snr2.0:seed4:frame2,2.0,2,profiled_cz,934,false,false,false,missing,false,true,gradient_only,1,1490,1302,0.7284094781848953,2.032666490960113,missing
red4:lane2:snr2.0:seed4:frame3,2.0,3,profiled_cz,933,false,false,false,missing,false,true,gradient_only,2,1430,1250,0.8727488719029669,1.8321605787229744,missing
red4:lane2:snr2.0:seed4:frame4,2.0,4,profiled_cz,989,false,false,false,missing,false,true,gradient_only,6,1470,1261,0.8227208583162864,1.7165696502521872,missing
red4:lane2:snr2.0:seed4:frame5,2.0,5,profiled_cz,927,false,false,false,missing,false,true,gradient_only,2,1477,1303,0.586217210196187,1.521996394631804,missing
red4:lane2:snr2.0:seed4:frame6,2.0,6,profiled_cz,975,false,false,false,missing,false,true,gradient_only,7,1501,1339,0.7355269128153279,2.6282260863870253,missing
red4:lane2:snr2.0:seed4:frame7,2.0,7,profiled_cz,903,false,false,false,missing,false,true,gradient_only,4,1465,1315,0.7107529472292046,2.185006187500753,missing
red4:lane2:snr2.0:seed4:frame8,2.0,8,profiled_cz,984,false,false,false,missing,false,true,gradient_only,1,1474,1341,1.0212455901008854,2.420006568944462,missing
red4:lane2:snr2.0:seed4:frame9,2.0,9,profiled_cz,952,false,false,false,missing,false,true,gradient_only,3,1477,1352,0.7583656308066514,1.768658730425361,missing
red4:lane2:snr2.0:seed4:frame10,2.0,10,profiled_cz,1021,false,false,false,missing,false,true,gradient_only,7,1495,1302,0.799728703769271,3.891341668433981,missing
red4:lane2:snr2.0:seed4:frame11,2.0,11,profiled_cz,995,false,false,false,missing,false,true,gradient_only,6,1454,1268,0.6387043305560259,5.906916028147099,missing
red4:lane2:snr2.0:seed4:frame12,2.0,12,profiled_cz,959,false,false,false,missing,false,true,gradient_only,1,1512,1351,0.939059505443417,2.1394105212841934,missing
red4:lane2:snr2.0:seed4:frame13,2.0,13,profiled_cz,951,false,false,false,missing,false,true,gradient_only,3,1487,1307,1.268877438672552,1.6159719401949446,missing
red4:lane2:snr2.0:seed4:frame14,2.0,14,profiled_cz,1016,false,false,false,missing,false,true,gradient_only,6,1482,1381,1.8307741880100297,1.5585975611623,missing
red4:lane2:snr2.0:seed4:frame15,2.0,15,profiled_cz,975,false,false,false,missing,false,true,gradient_only,3,1464,1316,0.5858266223217596,1.596647084351804,missing
red4:lane2:snr2.0:seed4:frame16,2.0,16,profiled_cz,970,false,false,false,missing,false,true,gradient_only,7,1450,1275,0.8314524551447852,1.6997727329151509,missing
red4:lane2:snr2.0:seed4:frame17,2.0,17,profiled_cz,961,false,false,false,missing,false,true,gradient_only,7,1452,1340,0.9866309569163787,3.6135058772422286,missing
red4:lane2:snr2.0:seed4:frame18,2.0,18,profiled_cz,982,false,false,false,missing,false,true,gradient_only,6,1485,1260,0.8478163739569027,2.3968020174125773,missing
red4:lane2:snr2.0:seed4:frame19,2.0,19,profiled_cz,959,false,false,false,missing,false,true,gradient_only,2,1465,1347,1.0906751476337202,1.8874736722076768,missing
red4:lane2:snr2.0:seed4:frame20,2.0,20,profiled_cz,978,false,false,false,missing,false,true,gradient_only,8,1467,1357,0.5475014711722046,1.5712086986558116,missing
red4:lane2:snr2.0:seed4:frame21,2.0,21,profiled_cz,955,false,false,false,missing,false,true,gradient_only,1,1532,1324,1.9860296596389369,1.6160044916148075,missing
red4:lane2:snr2.0:seed4:frame22,2.0,22,profiled_cz,990,false,false,false,missing,false,true,gradient_only,3,1412,1279,0.7349422883222472,1.655154676952147,missing
red4:lane2:snr2.0:seed4:frame23,2.0,23,profiled_cz,1047,false,false,false,missing,false,true,gradient_only,2,1490,1328,1.1752868086386454,2.1241587969875004,missing
red4:lane2:snr2.0:seed4:frame24,2.0,24,profiled_cz,1003,false,false,false,missing,false,true,gradient_only,7,1521,1346,0.7943055864297448,4.9096669844685845,missing
red4:lane2:snr2.0:seed4:frame25,2.0,25,profiled_cz,959,false,false,false,missing,false,true,gradient_only,5,1509,1272,0.8716022535480875,3.2205208888426076,missing
red4:lane2:snr2.0:seed4:frame26,2.0,26,profiled_cz,950,false,false,false,missing,false,true,gradient_only,6,1396,1313,0.7790789506921881,1.7829140814435929,missing
red4:lane2:snr2.0:seed4:frame27,2.0,27,profiled_cz,1018,false,false,false,missing,false,true,gradient_only,5,1463,1294,1.0974909687680094,2.262769990370014,missing
red4:lane2:snr2.0:seed4:frame28,2.0,28,profiled_cz,851,false,false,false,missing,false,true,gradient_only,6,1506,1354,0.5943597670767624,4.126944210114246,missing
red4:lane2:snr2.0:seed4:frame29,2.0,29,profiled_cz,1009,false,false,false,missing,false,true,gradient_only,5,1503,1357,0.8716698091739316,1.9671457102001215,missing
red4:lane2:snr2.0:seed4:frame30,2.0,30,profiled_cz,947,false,false,false,missing,false,true,gradient_only,3,1516,1261,1.0436890608249716,2.5825030920718905,missing
red4:lane2:snr2.0:seed4:frame31,2.0,31,profiled_cz,985,false,false,false,missing,false,true,gradient_only,4,1454,1319,0.7789752191411469,1.7489251628124873,missing
red4:lane2:snr2.0:seed4:frame32,2.0,32,profiled_cz,961,false,false,false,missing,false,true,gradient_only,4,1490,1329,0.7414407536097549,2.4576627930489354,missing
red4:lane2:snr2.0:seed4:frame33,2.0,33,profiled_cz,978,false,false,false,missing,false,true,gradient_only,5,1447,1314,1.2418869774289778,2.2826003464487807,missing
red4:lane2:snr2.0:seed4:frame34,2.0,34,profiled_cz,956,false,false,false,missing,false,true,gradient_only,7,1460,1278,0.6547743785712938,1.403287226512352,missing
red4:lane2:snr2.0:seed4:frame35,2.0,35,profiled_cz,913,false,false,false,missing,false,true,gradient_only,4,1496,1344,0.7184490439446575,1.4541021557383154,missing
red4:lane2:snr2.0:seed4:frame36,2.0,36,profiled_cz,1005,false,false,false,missing,false,true,gradient_only,6,1479,1315,1.0176773721625005,2.6661145391799073,missing
red4:lane2:snr2.0:seed4:frame37,2.0,37,profiled_cz,948,false,false,false,missing,false,true,gradient_only,4,1475,1327,0.7196921723471938,2.4503514151530563,missing
red4:lane2:snr2.0:seed4:frame38,2.0,38,profiled_cz,958,false,false,false,missing,false,true,gradient_only,3,1457,1326,0.922877669938738,2.1513898241133718,missing
red4:lane2:snr2.0:seed4:frame39,2.0,39,profiled_cz,1020,false,false,false,missing,false,true,gradient_only,8,1505,1301,0.7939028402196554,1.7325681196621807,missing
red4:lane2:snr2.0:seed4:frame40,2.0,40,profiled_cz,978,false,false,false,missing,false,true,gradient_only,5,1497,1332,0.87758086001701,1.6558106008514588,missing
red4:lane2:snr2.0:seed4:frame41,2.0,41,profiled_cz,986,false,false,false,missing,false,true,gradient_only,3,1514,1313,0.6921669190473666,1.6467701358789546,missing
red4:lane2:snr2.0:seed4:frame42,2.0,42,profiled_cz,965,false,false,false,missing,false,true,gradient_only,3,1470,1321,0.8744115550702403,2.6034908632937936,missing
red4:lane2:snr2.0:seed4:frame43,2.0,43,profiled_cz,1224,false,false,false,missing,false,true,gradient_only,3,1471,1299,1.7176256809607051,51.25409456473025,missing
red4:lane2:snr2.0:seed4:frame44,2.0,44,profiled_cz,907,false,false,false,missing,false,true,gradient_only,6,1487,1290,0.5098016138704208,1.315175668744082,missing
red4:lane2:snr2.0:seed4:frame45,2.0,45,profiled_cz,979,false,false,false,missing,false,true,gradient_only,2,1504,1331,0.9512330569863175,2.4203754309757626,missing
red4:lane2:snr2.0:seed4:frame46,2.0,46,profiled_cz,972,false,false,false,missing,false,true,gradient_only,2,1506,1367,0.6915531235163157,1.7719962067162636,missing
red4:lane2:snr2.0:seed4:frame47,2.0,47,profiled_cz,1007,false,false,false,missing,false,true,gradient_only,5,1518,1353,0.9251650366482922,3.106314751054076,missing
red4:lane2:snr2.0:seed4:frame48,2.0,48,profiled_cz,952,false,false,false,missing,false,true,gradient_only,6,1439,1303,0.5277888927274956,1.7344297745814858,missing
red4:lane2:snr2.0:seed4:frame49,2.0,49,profiled_cz,947,false,false,false,missing,false,true,gradient_only,7,1497,1290,0.5300777740965804,1.5140833633435926,missing
red4:lane2:snr2.0:seed4:frame50,2.0,50,profiled_cz,1011,false,false,false,missing,false,true,gradient_only,3,1468,1330,0.8852203403154766,2.4703240400917164,missing
red4:lane2:snr2.0:seed4:frame51,2.0,51,profiled_cz,997,false,false,false,missing,false,true,gradient_only,4,1501,1332,0.7383622528301319,1.5035734962051617,missing
red4:lane2:snr2.0:seed4:frame52,2.0,52,profiled_cz,1016,false,false,false,missing,false,true,gradient_only,5,1469,1233,1.1540548055798656,2.655621327058687,missing
red4:lane2:snr2.0:seed4:frame53,2.0,53,profiled_cz,929,false,false,false,missing,false,true,gradient_only,6,1464,1311,1.5213002692609552,1.7879630040265682,missing
red4:lane2:snr2.0:seed4:frame54,2.0,54,profiled_cz,951,false,false,false,missing,false,true,gradient_only,4,1487,1343,0.8899620829661405,2.1612103517417784,missing
red4:lane2:snr2.0:seed4:frame55,2.0,55,profiled_cz,1056,false,false,false,missing,false,true,gradient_only,7,1503,1312,0.7036293227252278,1.6592059974671978,missing
red4:lane2:snr2.0:seed4:frame56,2.0,56,profiled_cz,861,false,false,false,missing,false,true,gradient_only,3,1459,1282,0.418749970920575,1.064325898609143,missing
red4:lane2:snr2.0:seed4:frame57,2.0,57,profiled_cz,934,false,false,false,missing,false,true,gradient_only,1,1476,1297,0.6070574309693063,2.0701947319658265,missing
red4:lane2:snr2.0:seed4:frame58,2.0,58,profiled_cz,1013,false,false,false,missing,false,true,gradient_only,8,1499,1335,1.0648739276403805,2.407815712803906,missing
red4:lane2:snr2.0:seed4:frame59,2.0,59,profiled_cz,929,false,false,false,missing,false,true,gradient_only,6,1434,1227,1.3526167888835627,2.9597337889094923,missing
red4:lane2:snr2.0:seed4:frame60,2.0,60,profiled_cz,1004,false,false,false,missing,false,true,gradient_only,5,1553,1372,0.8037507072526053,1.684073202876971,missing
red4:lane2:snr4.0:seed4:frame1,4.0,1,cwz_joint,772,false,false,false,missing,false,true,gradient_only,8,1446,3,0.5974777812309885,5.399525054658646,missing
red4:lane2:snr4.0:seed4:frame2,4.0,2,cwz_joint,880,false,false,true,missing,false,true,gradient_only,8,1460,0,0.8725864930128316,6.429017787473623,missing
red4:lane2:snr4.0:seed4:frame3,4.0,3,cwz_joint,904,false,false,false,missing,false,true,gradient_only,8,1458,1,0.7510728240081326,5.780706915299847,missing
red4:lane2:snr4.0:seed4:frame4,4.0,4,cwz_joint,864,false,false,true,missing,false,true,gradient_only,8,1473,0,0.8333187337886969,5.572680269696952,missing
red4:lane2:snr4.0:seed4:frame5,4.0,5,cwz_joint,877,false,false,true,missing,false,true,gradient_only,8,1502,0,0.5139785909697447,5.672976074238877,missing
red4:lane2:snr4.0:seed4:frame6,4.0,6,cwz_joint,889,false,false,true,missing,false,true,gradient_only,8,1492,0,0.6340939818804865,9.661661301523667,missing
red4:lane2:snr4.0:seed4:frame7,4.0,7,cwz_joint,818,false,false,true,missing,false,true,gradient_only,8,1457,0,0.5977573177037683,6.843631751772276,missing
red4:lane2:snr4.0:seed4:frame8,4.0,8,cwz_joint,859,false,false,true,missing,false,true,gradient_only,8,1433,0,0.5839708780432514,7.949087683453972,missing
red4:lane2:snr4.0:seed4:frame9,4.0,9,cwz_joint,863,false,false,true,missing,false,true,gradient_only,8,1466,0,0.5597948068681065,5.82735467608115,missing
red4:lane2:snr4.0:seed4:frame10,4.0,10,cwz_joint,942,false,false,true,missing,false,true,gradient_only,8,1486,0,0.5031533623126758,6.658539765712035,missing
red4:lane2:snr4.0:seed4:frame11,4.0,11,cwz_joint,878,false,false,true,missing,false,true,gradient_only,8,1484,0,0.4997477712207608,5.768273441653547,missing
red4:lane2:snr4.0:seed4:frame12,4.0,12,cwz_joint,871,false,false,false,missing,false,true,gradient_only,8,1476,6,0.7343174801730904,4.937017747464483,missing
red4:lane2:snr4.0:seed4:frame13,4.0,13,cwz_joint,796,false,false,true,missing,false,true,gradient_only,8,1501,0,0.6831955773913622,3.6714440208794272,missing
red4:lane2:snr4.0:seed4:frame14,4.0,14,cwz_joint,973,false,false,false,missing,false,true,gradient_only,8,1468,2,0.5801452259157515,4.502544765707265,missing
red4:lane2:snr4.0:seed4:frame15,4.0,15,cwz_joint,882,false,false,true,missing,false,true,gradient_only,8,1533,0,0.5739532776129469,5.387358693865349,missing
red4:lane2:snr4.0:seed4:frame16,4.0,16,cwz_joint,863,false,false,true,missing,false,true,gradient_only,8,1463,0,0.9437441700731128,3.752258267701736,missing
red4:lane2:snr4.0:seed4:frame17,4.0,17,cwz_joint,904,false,false,true,missing,false,true,gradient_only,8,1488,0,0.7614737188045922,9.429140682999845,missing
red4:lane2:snr4.0:seed4:frame18,4.0,18,cwz_joint,928,false,false,true,missing,false,true,gradient_only,8,1478,0,1.077739763759885,9.072467028578876,missing
red4:lane2:snr4.0:seed4:frame19,4.0,19,cwz_joint,836,false,false,true,missing,false,true,gradient_only,8,1493,0,0.9289306040492469,6.352164067253438,missing
red4:lane2:snr4.0:seed4:frame20,4.0,20,cwz_joint,858,false,false,true,missing,false,true,gradient_only,8,1469,0,0.47554974024744884,5.030995098845886,missing
red4:lane2:snr4.0:seed4:frame21,4.0,21,cwz_joint,875,false,false,true,missing,false,true,gradient_only,8,1481,0,0.7900858735741023,3.555407891490127,missing
red4:lane2:snr4.0:seed4:frame22,4.0,22,cwz_joint,808,false,false,true,missing,false,true,gradient_only,8,1512,0,0.4835015962152346,2.3964536015716225,missing
red4:lane2:snr4.0:seed4:frame23,4.0,23,cwz_joint,965,false,false,true,missing,false,true,gradient_only,8,1395,0,0.7306282472617868,6.866197769837674,missing
red4:lane2:snr4.0:seed4:frame24,4.0,24,cwz_joint,938,false,false,false,missing,false,true,gradient_only,8,1526,13,0.6754084132711367,7.092650328796601,missing
red4:lane2:snr4.0:seed4:frame25,4.0,25,cwz_joint,923,false,false,true,missing,false,true,gradient_only,8,1452,0,0.7727927005403565,10.597198237494379,missing
red4:lane2:snr4.0:seed4:frame26,4.0,26,cwz_joint,873,false,false,true,missing,false,true,gradient_only,8,1473,0,0.5667797183920232,5.165964579746697,missing
red4:lane2:snr4.0:seed4:frame27,4.0,27,cwz_joint,925,false,false,true,missing,false,true,gradient_only,8,1396,0,0.6675227385694694,4.969013826706063,missing
red4:lane2:snr4.0:seed4:frame28,4.0,28,cwz_joint,821,false,false,false,missing,false,true,gradient_only,8,1489,1,0.38195028601966347,20.0438365763507,missing
red4:lane2:snr4.0:seed4:frame29,4.0,29,cwz_joint,879,false,false,false,missing,false,true,gradient_only,8,1491,3,0.7242624936278975,5.407593724859836,missing
red4:lane2:snr4.0:seed4:frame30,4.0,30,cwz_joint,854,false,false,false,missing,false,true,gradient_only,8,1501,2,1.177538750959956,7.567411356246538,missing
red4:lane2:snr4.0:seed4:frame31,4.0,31,cwz_joint,893,false,false,true,missing,false,true,gradient_only,8,1459,0,0.5820016609401741,5.606655385922848,missing
red4:lane2:snr4.0:seed4:frame32,4.0,32,cwz_joint,875,false,false,true,missing,false,true,gradient_only,8,1503,0,3.8727045570550116,3.201603696423322,missing
red4:lane2:snr4.0:seed4:frame33,4.0,33,cwz_joint,877,false,false,true,missing,false,true,gradient_only,8,1474,0,0.5804476545433325,3.5731261563106083,missing
red4:lane2:snr4.0:seed4:frame34,4.0,34,cwz_joint,835,false,false,true,missing,false,true,gradient_only,8,1468,0,0.4360044996400451,4.714074595143699,missing
red4:lane2:snr4.0:seed4:frame35,4.0,35,cwz_joint,823,false,false,true,missing,false,true,gradient_only,8,1481,0,0.5783371878609573,4.254750524084184,missing
red4:lane2:snr4.0:seed4:frame36,4.0,36,cwz_joint,858,false,false,true,missing,false,true,gradient_only,8,1506,0,0.7992392378797242,5.103601547582278,missing
red4:lane2:snr4.0:seed4:frame37,4.0,37,cwz_joint,900,false,false,true,missing,false,true,gradient_only,8,1437,0,0.5487321974045444,6.300163199177431,missing
red4:lane2:snr4.0:seed4:frame38,4.0,38,cwz_joint,847,false,false,false,missing,false,true,gradient_only,8,1536,2,0.5215997768999036,6.672995137479661,missing
red4:lane2:snr4.0:seed4:frame39,4.0,39,cwz_joint,925,false,false,true,missing,false,true,gradient_only,8,1474,0,0.5667445146337271,4.90522144838463,missing
red4:lane2:snr4.0:seed4:frame40,4.0,40,cwz_joint,908,false,false,false,missing,false,true,gradient_only,8,1457,4,0.8521586536856823,5.644771663659668,missing
red4:lane2:snr4.0:seed4:frame41,4.0,41,cwz_joint,879,false,false,true,missing,false,true,gradient_only,8,1477,0,0.6273869832684134,5.498238420989624,missing
red4:lane2:snr4.0:seed4:frame42,4.0,42,cwz_joint,824,false,false,false,missing,false,true,gradient_only,8,1492,5,0.6393546005740416,7.010572399665408,missing
red4:lane2:snr4.0:seed4:frame43,4.0,43,cwz_joint,953,false,false,false,missing,false,true,gradient_only,8,1493,1,0.8904586792176313,19.88509117199304,missing
red4:lane2:snr4.0:seed4:frame44,4.0,44,cwz_joint,810,false,false,true,missing,false,true,gradient_only,8,1451,0,0.3991640126860586,3.28344193738882,missing
red4:lane2:snr4.0:seed4:frame45,4.0,45,cwz_joint,890,false,false,true,missing,false,true,gradient_only,8,1472,0,0.6630911849510016,6.873228466895761,missing
red4:lane2:snr4.0:seed4:frame46,4.0,46,cwz_joint,855,false,false,true,missing,false,true,gradient_only,8,1485,0,0.6844923557020117,6.0480772454580185,missing
red4:lane2:snr4.0:seed4:frame47,4.0,47,cwz_joint,918,false,false,false,missing,false,true,gradient_only,8,1488,1,0.5725887288733118,11.09321880741483,missing
red4:lane2:snr4.0:seed4:frame48,4.0,48,cwz_joint,853,false,false,true,missing,false,true,gradient_only,8,1495,0,3.0042892779839354,3.6522837748449857,missing
red4:lane2:snr4.0:seed4:frame49,4.0,49,cwz_joint,871,false,false,true,missing,false,true,gradient_only,8,1468,0,0.4573415126496249,4.379954012649534,missing
red4:lane2:snr4.0:seed4:frame50,4.0,50,cwz_joint,865,false,false,false,missing,false,true,gradient_only,8,1469,3,0.5537073447379464,6.570276932106768,missing
red4:lane2:snr4.0:seed4:frame51,4.0,51,cwz_joint,905,false,false,true,missing,false,true,gradient_only,8,1428,0,0.6218747039160711,5.091032210981347,missing
red4:lane2:snr4.0:seed4:frame52,4.0,52,cwz_joint,910,false,false,true,missing,false,true,gradient_only,8,1482,0,0.723272410010965,4.459783576697118,missing
red4:lane2:snr4.0:seed4:frame53,4.0,53,cwz_joint,847,false,false,false,missing,false,true,gradient_only,8,1515,1,0.9682583965752423,6.239629662575006,missing
red4:lane2:snr4.0:seed4:frame54,4.0,54,cwz_joint,880,false,false,true,missing,false,true,gradient_only,8,1480,0,1.7864853376437182,6.127528463524188,missing
red4:lane2:snr4.0:seed4:frame55,4.0,55,cwz_joint,929,false,false,false,missing,false,true,gradient_only,8,1467,3,0.521631074667053,6.165434345930184,missing
red4:lane2:snr4.0:seed4:frame56,4.0,56,cwz_joint,761,false,false,true,missing,false,true,gradient_only,8,1487,0,0.3884719138974756,1.8807640540094095,missing
red4:lane2:snr4.0:seed4:frame57,4.0,57,cwz_joint,856,false,false,true,missing,false,true,gradient_only,8,1445,0,0.5427491128621021,5.593922782167059,missing
red4:lane2:snr4.0:seed4:frame58,4.0,58,cwz_joint,924,false,false,false,missing,false,true,gradient_only,8,1539,1,1.0255455697021458,7.06685941089638,missing
red4:lane2:snr4.0:seed4:frame59,4.0,59,cwz_joint,849,false,false,false,missing,false,true,gradient_only,8,1506,2,1.099728194580687,6.564518147720308,missing
red4:lane2:snr4.0:seed4:frame60,4.0,60,cwz_joint,922,false,false,true,missing,false,true,gradient_only,8,1480,0,0.5580596674430994,5.3316359688460695,missing
red4:lane2:snr4.0:seed4:frame1,4.0,1,profiled_cz,793,false,false,false,missing,false,true,gradient_only,3,1446,1324,0.5974777812309885,1.5162977335507781,missing
red4:lane2:snr4.0:seed4:frame2,4.0,2,profiled_cz,903,false,false,false,missing,false,true,gradient_only,5,1460,1282,0.8725864930128316,1.6232521054050895,missing
red4:lane2:snr4.0:seed4:frame3,4.0,3,profiled_cz,922,false,false,false,missing,false,true,gradient_only,4,1458,1260,0.7510728240081326,1.612619039519247,missing
red4:lane2:snr4.0:seed4:frame4,4.0,4,profiled_cz,881,false,false,false,missing,false,true,gradient_only,3,1473,1330,0.8333187337886969,1.3863257212003208,missing
red4:lane2:snr4.0:seed4:frame5,4.0,5,profiled_cz,859,false,false,false,missing,false,true,gradient_only,1,1502,1336,0.5139785909697447,1.3037756182111966,missing
red4:lane2:snr4.0:seed4:frame6,4.0,6,profiled_cz,889,false,false,false,missing,false,true,gradient_only,1,1492,1283,0.6340939818804865,2.2188679743469097,missing
red4:lane2:snr4.0:seed4:frame7,4.0,7,profiled_cz,853,false,false,false,missing,false,true,gradient_only,2,1457,1291,0.5977573177037683,1.9343379719795357,missing
red4:lane2:snr4.0:seed4:frame8,4.0,8,profiled_cz,872,false,false,false,missing,false,true,gradient_only,1,1433,1309,0.5839708780432514,1.8387759738560205,missing
red4:lane2:snr4.0:seed4:frame9,4.0,9,profiled_cz,889,false,false,false,missing,false,true,gradient_only,3,1466,1338,0.5597948068681065,1.4460614064514608,missing
red4:lane2:snr4.0:seed4:frame10,4.0,10,profiled_cz,930,false,false,false,missing,false,true,gradient_only,6,1486,1350,0.5031533623126758,2.8357137207951317,missing
red4:lane2:snr4.0:seed4:frame11,4.0,11,profiled_cz,890,false,false,false,missing,false,true,gradient_only,8,1484,1327,0.4997477712207608,4.495576168874994,missing
red4:lane2:snr4.0:seed4:frame12,4.0,12,profiled_cz,904,false,false,false,missing,false,true,gradient_only,2,1476,1327,0.7343174801730904,1.6753754521270807,missing
red4:lane2:snr4.0:seed4:frame13,4.0,13,profiled_cz,865,false,false,false,missing,false,true,gradient_only,6,1501,1351,0.6831955773913622,1.2646457473043098,missing
red4:lane2:snr4.0:seed4:frame14,4.0,14,profiled_cz,932,false,false,false,missing,false,true,gradient_only,7,1468,1296,0.5801452259157515,1.2637616703226366,missing
red4:lane2:snr4.0:seed4:frame15,4.0,15,profiled_cz,888,false,false,false,missing,false,true,gradient_only,8,1533,1391,0.5739532776129469,1.2749351415379908,missing
red4:lane2:snr4.0:seed4:frame16,4.0,16,profiled_cz,890,false,false,false,missing,false,true,gradient_only,5,1463,1306,0.9437441700731128,1.3424469551872193,missing
red4:lane2:snr4.0:seed4:frame17,4.0,17,profiled_cz,884,false,false,false,missing,false,true,gradient_only,7,1488,1351,0.7614737188045922,2.8555953794984372,missing
red4:lane2:snr4.0:seed4:frame18,4.0,18,profiled_cz,924,false,false,false,missing,false,true,gradient_only,6,1478,1342,1.077739763759885,2.112822734313107,missing
red4:lane2:snr4.0:seed4:frame19,4.0,19,profiled_cz,892,false,false,false,missing,false,true,gradient_only,7,1493,1347,0.9289306040492469,1.5167410814268223,missing
red4:lane2:snr4.0:seed4:frame20,4.0,20,profiled_cz,898,false,false,false,missing,false,true,gradient_only,3,1469,1335,0.47554974024744884,1.3323232848108504,missing
red4:lane2:snr4.0:seed4:frame21,4.0,21,profiled_cz,904,false,false,false,missing,false,true,gradient_only,3,1481,1274,0.7900858735741023,1.2745755409475077,missing
red4:lane2:snr4.0:seed4:frame22,4.0,22,profiled_cz,899,false,false,false,missing,false,true,gradient_only,4,1512,1316,0.4835015962152346,1.316288898459532,missing
red4:lane2:snr4.0:seed4:frame23,4.0,23,profiled_cz,991,false,false,false,missing,false,true,gradient_only,6,1395,1293,0.7306282472617868,1.6025246002852445,missing
red4:lane2:snr4.0:seed4:frame24,4.0,24,profiled_cz,958,false,false,false,missing,false,true,gradient_only,6,1526,1318,0.6754084132711367,3.680872284733069,missing
red4:lane2:snr4.0:seed4:frame25,4.0,25,profiled_cz,948,false,false,false,missing,false,true,gradient_only,8,1452,1328,0.7727927005403565,2.4290998450347265,missing
red4:lane2:snr4.0:seed4:frame26,4.0,26,profiled_cz,895,false,false,false,missing,false,true,gradient_only,2,1473,1331,0.5667797183920232,1.4405807138544096,missing
red4:lane2:snr4.0:seed4:frame27,4.0,27,profiled_cz,956,false,false,false,missing,false,true,gradient_only,7,1396,1231,0.6675227385694694,1.7484806606664618,missing
red4:lane2:snr4.0:seed4:frame28,4.0,28,profiled_cz,846,false,false,false,missing,false,true,gradient_only,1,1489,1319,0.38195028601966347,3.1520115730584615,missing
red4:lane2:snr4.0:seed4:frame29,4.0,29,profiled_cz,917,false,false,false,missing,false,true,gradient_only,8,1491,1277,0.7242624936278975,1.5965584147401326,missing
red4:lane2:snr4.0:seed4:frame30,4.0,30,profiled_cz,888,false,false,false,missing,false,true,gradient_only,7,1501,1365,1.177538750959956,1.9728039915535094,missing
red4:lane2:snr4.0:seed4:frame31,4.0,31,profiled_cz,909,false,false,false,missing,false,true,gradient_only,4,1459,1389,0.5820016609401741,1.4080868088485623,missing
red4:lane2:snr4.0:seed4:frame32,4.0,32,profiled_cz,898,false,false,false,missing,false,true,gradient_only,6,1503,1338,3.8727045570550116,2.055192911968686,missing
red4:lane2:snr4.0:seed4:frame33,4.0,33,profiled_cz,905,false,false,false,missing,false,true,gradient_only,3,1474,1296,0.5804476545433325,1.7754102969610814,missing
red4:lane2:snr4.0:seed4:frame34,4.0,34,profiled_cz,832,false,false,false,missing,false,true,gradient_only,1,1468,1260,0.4360044996400451,1.127387708393024,missing
red4:lane2:snr4.0:seed4:frame35,4.0,35,profiled_cz,878,false,false,false,missing,false,true,gradient_only,5,1481,1315,0.5783371878609573,1.2032668025865232,missing
red4:lane2:snr4.0:seed4:frame36,4.0,36,profiled_cz,910,false,false,false,missing,false,true,gradient_only,6,1506,1265,0.7992392378797242,2.089281507242968,missing
red4:lane2:snr4.0:seed4:frame37,4.0,37,profiled_cz,912,false,false,false,missing,false,true,gradient_only,6,1437,1265,0.5487321974045444,1.7841949536719057,missing
red4:lane2:snr4.0:seed4:frame38,4.0,38,profiled_cz,840,false,false,false,missing,false,true,gradient_only,8,1536,1385,0.5215997768999036,1.5846105083657003,missing
red4:lane2:snr4.0:seed4:frame39,4.0,39,profiled_cz,942,false,false,false,missing,false,true,gradient_only,8,1474,1272,0.5667445146337271,1.3902126671147748,missing
red4:lane2:snr4.0:seed4:frame40,4.0,40,profiled_cz,939,false,false,false,missing,false,true,gradient_only,4,1457,1347,0.8521586536856823,1.3359816736095662,missing
red4:lane2:snr4.0:seed4:frame41,4.0,41,profiled_cz,912,false,false,false,missing,false,true,gradient_only,2,1477,1321,0.6273869832684134,1.3051076827432377,missing
red4:lane2:snr4.0:seed4:frame42,4.0,42,profiled_cz,849,false,false,false,missing,false,true,gradient_only,1,1492,1336,0.6393546005740416,2.0997926692249393,missing
red4:lane2:snr4.0:seed4:frame43,4.0,43,profiled_cz,959,false,false,false,missing,false,true,gradient_only,8,1493,1350,0.8904586792176313,9.966933388018449,missing
red4:lane2:snr4.0:seed4:frame44,4.0,44,profiled_cz,849,false,false,false,missing,false,true,gradient_only,6,1451,1334,0.3991640126860586,1.0694926715542508,missing
red4:lane2:snr4.0:seed4:frame45,4.0,45,profiled_cz,926,false,false,false,missing,false,true,gradient_only,4,1472,1306,0.6630911849510016,1.878889290920064,missing
red4:lane2:snr4.0:seed4:frame46,4.0,46,profiled_cz,892,false,false,false,missing,false,true,gradient_only,5,1485,1331,0.6844923557020117,1.3923459411908778,missing
red4:lane2:snr4.0:seed4:frame47,4.0,47,profiled_cz,910,false,false,false,missing,false,true,gradient_only,8,1488,1331,0.5725887288733118,2.2508433365914713,missing
red4:lane2:snr4.0:seed4:frame48,4.0,48,profiled_cz,885,false,false,false,missing,false,true,gradient_only,7,1495,1355,3.0042892779839354,1.4147664037576748,missing
red4:lane2:snr4.0:seed4:frame49,4.0,49,profiled_cz,873,false,false,false,missing,false,true,gradient_only,4,1468,1352,0.4573415126496249,1.2556280304314142,missing
red4:lane2:snr4.0:seed4:frame50,4.0,50,profiled_cz,910,false,false,false,missing,false,true,gradient_only,1,1469,1314,0.5537073447379464,1.8504610464259552,missing
red4:lane2:snr4.0:seed4:frame51,4.0,51,profiled_cz,911,false,false,false,missing,false,true,gradient_only,3,1428,1323,0.6218747039160711,1.2330550901946356,missing
red4:lane2:snr4.0:seed4:frame52,4.0,52,profiled_cz,924,false,false,false,missing,false,true,gradient_only,3,1482,1357,0.723272410010965,2.0642516750073714,missing
red4:lane2:snr4.0:seed4:frame53,4.0,53,profiled_cz,859,false,false,false,missing,false,true,gradient_only,3,1515,1407,0.9682583965752423,1.5446628766102473,missing
red4:lane2:snr4.0:seed4:frame54,4.0,54,profiled_cz,887,false,false,false,missing,false,true,gradient_only,1,1480,1281,1.7864853376437182,1.7667296753522574,missing
red4:lane2:snr4.0:seed4:frame55,4.0,55,profiled_cz,921,false,false,false,missing,false,true,gradient_only,5,1467,1340,0.521631074667053,1.373828106693001,missing
red4:lane2:snr4.0:seed4:frame56,4.0,56,profiled_cz,811,false,false,false,missing,false,true,gradient_only,8,1487,1376,0.3884719138974756,0.8557616011434759,missing
red4:lane2:snr4.0:seed4:frame57,4.0,57,profiled_cz,836,false,false,false,missing,false,true,gradient_only,7,1445,1326,0.5427491128621021,1.68578294999466,missing
red4:lane2:snr4.0:seed4:frame58,4.0,58,profiled_cz,935,false,false,false,missing,false,true,gradient_only,8,1539,1277,1.0255455697021458,1.8241129013848065,missing
red4:lane2:snr4.0:seed4:frame59,4.0,59,profiled_cz,875,false,false,false,missing,false,true,gradient_only,8,1506,1284,1.099728194580687,2.2391734364483185,missing
red4:lane2:snr4.0:seed4:frame60,4.0,60,profiled_cz,913,false,false,false,missing,false,true,gradient_only,7,1480,1357,0.5580596674430994,1.4249264668224235,missing
red4:lane2:snr6.0:seed4:frame1,6.0,1,cwz_joint,719,false,false,true,missing,false,true,gradient_only,8,1517,0,0.48532242849080803,4.927664158200759,missing
red4:lane2:snr6.0:seed4:frame2,6.0,2,cwz_joint,785,false,false,true,missing,false,true,gradient_only,8,1489,0,0.546319006908025,5.907444028613106,missing
red4:lane2:snr6.0:seed4:frame3,6.0,3,cwz_joint,774,false,false,true,missing,false,true,gradient_only,8,1485,0,0.9975070179480546,5.186352355051955,missing
red4:lane2:snr6.0:seed4:frame4,6.0,4,cwz_joint,812,false,false,true,missing,false,true,gradient_only,8,1477,0,0.970355293767385,5.315173349098308,missing
red4:lane2:snr6.0:seed4:frame5,6.0,5,cwz_joint,786,false,false,true,missing,false,true,gradient_only,8,1496,0,0.671373600440452,5.046818882958505,missing
red4:lane2:snr6.0:seed4:frame6,6.0,6,cwz_joint,829,false,false,true,missing,false,true,gradient_only,8,1480,0,0.5212982896982646,8.58692681771497,missing
red4:lane2:snr6.0:seed4:frame7,6.0,7,cwz_joint,767,false,false,true,missing,false,true,gradient_only,8,1461,0,0.6677543879998736,7.070432209223786,missing
red4:lane2:snr6.0:seed4:frame8,6.0,8,cwz_joint,781,false,false,false,missing,false,true,gradient_only,8,1448,7,0.8591025225027398,7.000238342339379,missing
red4:lane2:snr6.0:seed4:frame9,6.0,9,cwz_joint,832,false,false,true,missing,false,true,gradient_only,8,1517,0,0.5794105068557347,5.17000885629177,missing
red4:lane2:snr6.0:seed4:frame10,6.0,10,cwz_joint,886,false,false,true,missing,false,true,gradient_only,8,1464,0,0.32371203238816226,5.720953384532149,missing
red4:lane2:snr6.0:seed4:frame11,6.0,11,cwz_joint,787,false,false,true,missing,false,true,gradient_only,8,1508,0,0.41979200588546073,5.340325208334027,missing
red4:lane2:snr6.0:seed4:frame12,6.0,12,cwz_joint,809,false,false,true,missing,false,true,gradient_only,8,1478,0,0.8635418801376892,4.342543851813688,missing
red4:lane2:snr6.0:seed4:frame13,6.0,13,cwz_joint,776,false,false,false,missing,false,true,gradient_only,7,1518,4,0.5036600545518968,3.888069639257488,missing
red4:lane2:snr6.0:seed4:frame14,6.0,14,cwz_joint,904,false,false,true,missing,false,true,gradient_only,8,1406,0,0.4183238732982534,3.960812735061272,missing
red4:lane2:snr6.0:seed4:frame15,6.0,15,cwz_joint,779,false,false,true,missing,false,true,gradient_only,8,1508,0,0.5158780734854467,4.596785390696938,missing
red4:lane2:snr6.0:seed4:frame16,6.0,16,cwz_joint,834,false,false,true,missing,false,true,gradient_only,8,1421,0,0.35638230248115615,3.177658215051963,missing
red4:lane2:snr6.0:seed4:frame17,6.0,17,cwz_joint,829,false,false,true,missing,false,true,gradient_only,8,1467,0,0.4327720524649552,7.261230538825988,missing
red4:lane2:snr6.0:seed4:frame18,6.0,18,cwz_joint,831,false,false,true,missing,false,true,gradient_only,8,1460,0,0.6264632749843398,8.86286512314837,missing
red4:lane2:snr6.0:seed4:frame19,6.0,19,cwz_joint,733,false,false,true,missing,false,true,gradient_only,8,1452,0,0.5739232522839848,5.539234647258661,missing
red4:lane2:snr6.0:seed4:frame20,6.0,20,cwz_joint,852,false,false,true,missing,false,true,gradient_only,8,1471,0,0.4443247296143487,4.656158644126227,missing
red4:lane2:snr6.0:seed4:frame21,6.0,21,cwz_joint,831,false,false,true,missing,false,true,gradient_only,8,1515,0,0.45037012481977384,3.1214564477228235,missing
red4:lane2:snr6.0:seed4:frame22,6.0,22,cwz_joint,765,false,false,false,missing,false,true,gradient_only,8,1480,3,0.4508494209373848,2.2126207493618253,missing
red4:lane2:snr6.0:seed4:frame23,6.0,23,cwz_joint,894,false,false,true,missing,false,true,gradient_only,8,1528,0,0.4628515141340878,5.832353103151237,missing
red4:lane2:snr6.0:seed4:frame24,6.0,24,cwz_joint,844,false,false,true,missing,false,true,gradient_only,8,1483,0,0.3579819001945709,6.225795692219342,missing
red4:lane2:snr6.0:seed4:frame25,6.0,25,cwz_joint,803,false,false,false,missing,false,true,gradient_only,8,1476,2,1.4121453150717427,9.102236706113507,missing
red4:lane2:snr6.0:seed4:frame26,6.0,26,cwz_joint,830,false,false,true,missing,false,true,gradient_only,8,1520,0,0.4236015215312814,4.478117604505281,missing
red4:lane2:snr6.0:seed4:frame27,6.0,27,cwz_joint,816,false,false,false,missing,false,true,gradient_only,8,1454,1,0.3671314226226102,4.294712213316079,missing
red4:lane2:snr6.0:seed4:frame28,6.0,28,cwz_joint,754,false,false,false,missing,false,true,gradient_only,8,1508,3,0.3338193284514843,20.754173826940576,missing
red4:lane2:snr6.0:seed4:frame29,6.0,29,cwz_joint,796,false,false,true,missing,false,true,gradient_only,8,1442,0,0.7528003441510254,4.9963570392850185,missing
red4:lane2:snr6.0:seed4:frame30,6.0,30,cwz_joint,791,false,false,true,missing,false,true,gradient_only,8,1463,0,0.6470249616505874,6.425565994780465,missing
red4:lane2:snr6.0:seed4:frame31,6.0,31,cwz_joint,883,false,false,false,missing,false,true,gradient_only,8,1443,3,0.4019521542722686,4.843357276445734,missing
red4:lane2:snr6.0:seed4:frame32,6.0,32,cwz_joint,819,false,false,false,missing,false,true,gradient_only,8,1452,2,0.38459915117466603,2.945414256644056,missing
red4:lane2:snr6.0:seed4:frame33,6.0,33,cwz_joint,816,false,false,true,missing,false,true,gradient_only,8,1469,0,0.5240761913725218,3.1297225237272004,missing
red4:lane2:snr6.0:seed4:frame34,6.0,34,cwz_joint,804,false,false,true,missing,false,true,gradient_only,8,1520,0,0.42641326555054315,4.2142598229743795,missing
red4:lane2:snr6.0:seed4:frame35,6.0,35,cwz_joint,763,false,false,true,missing,false,true,gradient_only,8,1457,0,0.4753960935316957,4.019517326156828,missing
red4:lane2:snr6.0:seed4:frame36,6.0,36,cwz_joint,836,false,false,true,missing,false,true,gradient_only,8,1463,0,0.5495010647912736,4.726612228915913,missing
red4:lane2:snr6.0:seed4:frame37,6.0,37,cwz_joint,851,false,false,false,missing,false,true,gradient_only,7,1508,4,0.5727021606324989,6.319473132705276,missing
red4:lane2:snr6.0:seed4:frame38,6.0,38,cwz_joint,770,false,false,true,missing,false,true,gradient_only,8,1478,0,0.4867236460428069,5.558877296260617,missing
red4:lane2:snr6.0:seed4:frame39,6.0,39,cwz_joint,884,false,false,true,missing,false,true,gradient_only,8,1510,0,0.6714525568168671,4.402052473912215,missing
red4:lane2:snr6.0:seed4:frame40,6.0,40,cwz_joint,841,false,false,true,missing,false,true,gradient_only,8,1518,0,0.45082346353520936,4.89610745297342,missing
red4:lane2:snr6.0:seed4:frame41,6.0,41,cwz_joint,854,false,false,true,missing,false,true,gradient_only,8,1473,0,0.47114840412551373,4.807470445728441,missing
red4:lane2:snr6.0:seed4:frame42,6.0,42,cwz_joint,744,false,false,true,missing,false,true,gradient_only,8,1511,0,0.5182452954572442,6.177447655550174,missing
red4:lane2:snr6.0:seed4:frame43,6.0,43,cwz_joint,897,false,false,true,missing,false,true,gradient_only,8,1456,0,0.38223612153222514,16.072525032311372,missing
red4:lane2:snr6.0:seed4:frame44,6.0,44,cwz_joint,751,false,false,false,missing,false,true,gradient_only,8,1475,1,0.3155927094537863,2.8682030705126147,missing
red4:lane2:snr6.0:seed4:frame45,6.0,45,cwz_joint,873,false,false,true,missing,false,true,gradient_only,8,1478,0,0.6505215039531155,5.900934017868872,missing
red4:lane2:snr6.0:seed4:frame46,6.0,46,cwz_joint,804,false,false,true,missing,false,true,gradient_only,8,1455,0,0.8000746433756551,5.297500787785986,missing
red4:lane2:snr6.0:seed4:frame47,6.0,47,cwz_joint,746,false,false,false,missing,false,true,gradient_only,8,1510,2,0.39526197993361784,8.80698989264394,missing
red4:lane2:snr6.0:seed4:frame48,6.0,48,cwz_joint,862,false,false,false,missing,false,true,gradient_only,8,1547,2,5.262388723649619,3.2920878334142096,missing
red4:lane2:snr6.0:seed4:frame49,6.0,49,cwz_joint,790,false,false,true,missing,false,true,gradient_only,8,1474,0,0.3735319691232064,4.033188740041508,missing
red4:lane2:snr6.0:seed4:frame50,6.0,50,cwz_joint,857,false,false,true,missing,false,true,gradient_only,8,1481,0,0.5976569854811635,5.586556910190929,missing
red4:lane2:snr6.0:seed4:frame51,6.0,51,cwz_joint,808,false,false,true,missing,false,true,gradient_only,8,1507,0,0.37007834546509394,4.483258941629998,missing
red4:lane2:snr6.0:seed4:frame52,6.0,52,cwz_joint,841,false,false,true,missing,false,true,gradient_only,8,1469,0,0.6095930481193779,4.417490352727829,missing
red4:lane2:snr6.0:seed4:frame53,6.0,53,cwz_joint,751,false,false,false,missing,false,true,gradient_only,8,1517,4,0.9084505019523789,5.871759454718337,missing
red4:lane2:snr6.0:seed4:frame54,6.0,54,cwz_joint,794,false,false,true,missing,false,true,gradient_only,8,1502,0,0.4984523934843124,5.658090364301215,missing
red4:lane2:snr6.0:seed4:frame55,6.0,55,cwz_joint,910,false,false,true,missing,false,true,gradient_only,8,1503,0,0.5060199700115536,5.363111860879025,missing
red4:lane2:snr6.0:seed4:frame56,6.0,56,cwz_joint,695,false,false,true,missing,false,true,gradient_only,8,1499,0,0.2507045000367044,1.6636558169709552,missing
red4:lane2:snr6.0:seed4:frame57,6.0,57,cwz_joint,780,false,false,true,missing,false,true,gradient_only,8,1555,0,0.40029604445090466,4.863968395375514,missing
red4:lane2:snr6.0:seed4:frame58,6.0,58,cwz_joint,830,false,false,false,missing,false,true,gradient_only,8,1439,1,0.8503631884602028,6.577017426836338,missing
red4:lane2:snr6.0:seed4:frame59,6.0,59,cwz_joint,787,false,false,true,missing,false,true,gradient_only,8,1490,0,0.9708348445967672,5.97018751534836,missing
red4:lane2:snr6.0:seed4:frame60,6.0,60,cwz_joint,885,false,false,true,missing,false,true,gradient_only,8,1496,0,0.537622033943172,4.797786625040579,missing
red4:lane2:snr6.0:seed4:frame1,6.0,1,profiled_cz,747,false,false,false,missing,false,true,gradient_only,6,1517,1318,0.48532242849080803,1.269404295443684,missing
red4:lane2:snr6.0:seed4:frame2,6.0,2,profiled_cz,820,false,false,false,missing,false,true,gradient_only,7,1489,1314,0.546319006908025,1.3121510980455353,missing
red4:lane2:snr6.0:seed4:frame3,6.0,3,profiled_cz,792,false,false,false,missing,false,true,gradient_only,4,1485,1350,0.9975070179480546,1.33351179243092,missing
red4:lane2:snr6.0:seed4:frame4,6.0,4,profiled_cz,832,false,false,false,missing,false,true,gradient_only,8,1477,1285,0.970355293767385,1.1844145737878984,missing
red4:lane2:snr6.0:seed4:frame5,6.0,5,profiled_cz,775,false,false,false,missing,false,true,gradient_only,5,1496,1306,0.671373600440452,1.0998005682659213,missing
red4:lane2:snr6.0:seed4:frame6,6.0,6,profiled_cz,829,false,false,false,missing,false,true,gradient_only,8,1480,1325,0.5212982896982646,1.7158505036955582,missing
red4:lane2:snr6.0:seed4:frame7,6.0,7,profiled_cz,803,false,false,false,missing,false,true,gradient_only,2,1461,1306,0.6677543879998736,1.7566730597668514,missing
red4:lane2:snr6.0:seed4:frame8,6.0,8,profiled_cz,821,false,false,false,missing,false,true,gradient_only,6,1448,1314,0.8591025225027398,1.4313833015673771,missing
red4:lane2:snr6.0:seed4:frame9,6.0,9,profiled_cz,870,false,false,false,missing,false,true,gradient_only,6,1517,1390,0.5794105068557347,1.1961887417571417,missing
red4:lane2:snr6.0:seed4:frame10,6.0,10,profiled_cz,879,false,false,false,missing,false,true,gradient_only,2,1464,1331,0.32371203238816226,2.1175541541957266,missing
red4:lane2:snr6.0:seed4:frame11,6.0,11,profiled_cz,802,false,false,false,missing,false,true,gradient_only,7,1508,1323,0.41979200588546073,4.2021922577698545,missing
red4:lane2:snr6.0:seed4:frame12,6.0,12,profiled_cz,846,false,false,false,missing,false,true,gradient_only,4,1478,1323,0.8635418801376892,1.3442743544206317,missing
red4:lane2:snr6.0:seed4:frame13,6.0,13,profiled_cz,796,false,false,false,missing,false,true,gradient_only,4,1518,1291,0.5036600545518968,1.0338906492595252,missing
red4:lane2:snr6.0:seed4:frame14,6.0,14,profiled_cz,870,false,false,false,missing,false,true,gradient_only,5,1406,1273,0.4183238732982534,1.026232890436615,missing
red4:lane2:snr6.0:seed4:frame15,6.0,15,profiled_cz,825,false,false,false,missing,false,true,gradient_only,4,1508,1327,0.5158780734854467,1.0296230449711252,missing
red4:lane2:snr6.0:seed4:frame16,6.0,16,profiled_cz,833,false,false,false,missing,false,true,gradient_only,3,1421,1232,0.35638230248115615,1.1082058397546348,missing
red4:lane2:snr6.0:seed4:frame17,6.0,17,profiled_cz,817,false,false,false,missing,false,true,gradient_only,3,1467,1339,0.4327720524649552,2.173589660484879,missing
red4:lane2:snr6.0:seed4:frame18,6.0,18,profiled_cz,797,false,false,false,missing,false,true,gradient_only,5,1460,1314,0.6264632749843398,1.8058751455815256,missing
red4:lane2:snr6.0:seed4:frame19,6.0,19,profiled_cz,792,false,false,false,missing,false,true,gradient_only,4,1452,1323,0.5739232522839848,1.2166514761765737,missing
red4:lane2:snr6.0:seed4:frame20,6.0,20,profiled_cz,882,false,false,false,missing,false,true,gradient_only,4,1471,1326,0.4443247296143487,1.1077918918955698,missing
red4:lane2:snr6.0:seed4:frame21,6.0,21,profiled_cz,871,false,false,false,missing,false,true,gradient_only,2,1515,1329,0.45037012481977384,1.038137231652983,missing
red4:lane2:snr6.0:seed4:frame22,6.0,22,profiled_cz,791,false,false,false,missing,false,true,gradient_only,6,1480,1331,0.4508494209373848,1.0849281579736039,missing
red4:lane2:snr6.0:seed4:frame23,6.0,23,profiled_cz,925,false,false,false,missing,false,true,gradient_only,2,1528,1341,0.4628515141340878,1.2945255322435685,missing
red4:lane2:snr6.0:seed4:frame24,6.0,24,profiled_cz,842,false,false,false,missing,false,true,gradient_only,1,1483,1355,0.3579819001945709,2.59155041014272,missing
red4:lane2:snr6.0:seed4:frame25,6.0,25,profiled_cz,839,false,false,false,missing,false,true,gradient_only,2,1476,1313,1.4121453150717427,1.93386371005752,missing
red4:lane2:snr6.0:seed4:frame26,6.0,26,profiled_cz,850,false,false,false,missing,false,true,gradient_only,7,1520,1367,0.4236015215312814,1.0961908003187752,missing
red4:lane2:snr6.0:seed4:frame27,6.0,27,profiled_cz,812,false,false,false,missing,false,true,gradient_only,2,1454,1311,0.3671314226226102,1.3669550811041997,missing
red4:lane2:snr6.0:seed4:frame28,6.0,28,profiled_cz,775,false,false,false,missing,false,true,gradient_only,6,1508,1346,0.3338193284514843,2.421908968898407,missing
red4:lane2:snr6.0:seed4:frame29,6.0,29,profiled_cz,821,false,false,false,missing,false,true,gradient_only,5,1442,1267,0.7528003441510254,1.3269269424775825,missing
red4:lane2:snr6.0:seed4:frame30,6.0,30,profiled_cz,834,false,false,false,missing,false,true,gradient_only,1,1463,1302,0.6470249616505874,1.560424217335772,missing
red4:lane2:snr6.0:seed4:frame31,6.0,31,profiled_cz,877,false,false,false,missing,false,true,gradient_only,1,1443,1340,0.4019521542722686,1.1205872041673137,missing
red4:lane2:snr6.0:seed4:frame32,6.0,32,profiled_cz,839,false,false,false,missing,false,true,gradient_only,2,1452,1329,0.38459915117466603,1.5542036402898223,missing
red4:lane2:snr6.0:seed4:frame33,6.0,33,profiled_cz,884,false,false,false,missing,false,true,gradient_only,5,1469,1368,0.5240761913725218,1.3939945733503316,missing
red4:lane2:snr6.0:seed4:frame34,6.0,34,profiled_cz,809,false,false,false,missing,false,true,gradient_only,4,1520,1317,0.42641326555054315,0.9602900927933936,missing
red4:lane2:snr6.0:seed4:frame35,6.0,35,profiled_cz,795,false,false,false,missing,false,true,gradient_only,2,1457,1288,0.4753960935316957,0.9737898013700009,missing
red4:lane2:snr6.0:seed4:frame36,6.0,36,profiled_cz,857,false,false,false,missing,false,true,gradient_only,3,1463,1296,0.5495010647912736,1.6391763233316616,missing
red4:lane2:snr6.0:seed4:frame37,6.0,37,profiled_cz,866,false,false,false,missing,false,true,gradient_only,1,1508,1310,0.5727021606324989,1.5451960295314278,missing
red4:lane2:snr6.0:seed4:frame38,6.0,38,profiled_cz,802,false,false,false,missing,false,true,gradient_only,4,1478,1356,0.4867236460428069,1.2434294573054818,missing
red4:lane2:snr6.0:seed4:frame39,6.0,39,profiled_cz,910,false,false,false,missing,false,true,gradient_only,1,1510,1349,0.6714525568168671,1.160164301637394,missing
red4:lane2:snr6.0:seed4:frame40,6.0,40,profiled_cz,868,false,false,false,missing,false,true,gradient_only,8,1518,1337,0.45082346353520936,1.073411295005474,missing
red4:lane2:snr6.0:seed4:frame41,6.0,41,profiled_cz,856,false,false,false,missing,false,true,gradient_only,8,1473,1230,0.47114840412551373,1.0657505547363673,missing
red4:lane2:snr6.0:seed4:frame42,6.0,42,profiled_cz,772,false,false,false,missing,false,true,gradient_only,2,1511,1260,0.5182452954572442,1.6400184536851212,missing
red4:lane2:snr6.0:seed4:frame43,6.0,43,profiled_cz,909,false,false,false,missing,false,true,gradient_only,2,1456,1337,0.38223612153222514,10.219211884671001,missing
red4:lane2:snr6.0:seed4:frame44,6.0,44,profiled_cz,763,false,false,false,missing,false,true,gradient_only,7,1475,1319,0.3155927094537863,0.8550485485491378,missing
red4:lane2:snr6.0:seed4:frame45,6.0,45,profiled_cz,908,false,false,false,missing,false,true,gradient_only,4,1478,1378,0.6505215039531155,1.4945887097930464,missing
red4:lane2:snr6.0:seed4:frame46,6.0,46,profiled_cz,877,false,false,false,missing,false,true,gradient_only,1,1455,1299,0.8000746433756551,1.1425162106068674,missing
red4:lane2:snr6.0:seed4:frame47,6.0,47,profiled_cz,796,false,false,false,missing,false,true,gradient_only,2,1510,1358,0.39526197993361784,1.7738283477090462,missing
red4:lane2:snr6.0:seed4:frame48,6.0,48,profiled_cz,887,false,false,false,missing,false,true,gradient_only,6,1547,1350,5.262388723649619,1.1618678627508385,missing
red4:lane2:snr6.0:seed4:frame49,6.0,49,profiled_cz,820,false,false,false,missing,false,true,gradient_only,4,1474,1376,0.3735319691232064,1.0543449135563854,missing
red4:lane2:snr6.0:seed4:frame50,6.0,50,profiled_cz,871,false,false,false,missing,false,true,gradient_only,4,1481,1318,0.5976569854811635,1.450311388470376,missing
red4:lane2:snr6.0:seed4:frame51,6.0,51,profiled_cz,819,false,false,false,missing,false,true,gradient_only,2,1507,1329,0.37007834546509394,0.9757260516999516,missing
red4:lane2:snr6.0:seed4:frame52,6.0,52,profiled_cz,861,false,false,false,missing,false,true,gradient_only,6,1469,1350,0.6095930481193779,1.6860538078642608,missing
red4:lane2:snr6.0:seed4:frame53,6.0,53,profiled_cz,804,false,false,false,missing,false,true,gradient_only,2,1517,1338,0.9084505019523789,1.296878126461263,missing
red4:lane2:snr6.0:seed4:frame54,6.0,54,profiled_cz,819,false,false,false,missing,false,true,gradient_only,1,1502,1371,0.4984523934843124,1.408399672125531,missing
red4:lane2:snr6.0:seed4:frame55,6.0,55,profiled_cz,924,false,false,false,missing,false,true,gradient_only,7,1503,1328,0.5060199700115536,1.1440295340658029,missing
red4:lane2:snr6.0:seed4:frame56,6.0,56,profiled_cz,750,false,false,false,missing,false,true,gradient_only,5,1499,1347,0.2507045000367044,0.6949386853983772,missing
red4:lane2:snr6.0:seed4:frame57,6.0,57,profiled_cz,799,false,false,false,missing,false,true,gradient_only,3,1555,1343,0.40029604445090466,1.3397077228098249,missing
red4:lane2:snr6.0:seed4:frame58,6.0,58,profiled_cz,873,false,false,false,missing,false,true,gradient_only,5,1439,1203,0.8503631884602028,1.538619831350663,missing
red4:lane2:snr6.0:seed4:frame59,6.0,59,profiled_cz,814,false,false,false,missing,false,true,gradient_only,5,1490,1280,0.9708348445967672,1.815988032098091,missing
red4:lane2:snr6.0:seed4:frame60,6.0,60,profiled_cz,871,false,false,false,missing,false,true,gradient_only,5,1496,1323,0.537622033943172,1.2297519918785464,missing
red4:lane2:snr8.0:seed4:frame1,8.0,1,cwz_joint,630,false,false,true,missing,false,true,gradient_only,8,1411,0,0.33987402344946466,4.46402036654509,missing
red4:lane2:snr8.0:seed4:frame2,8.0,2,cwz_joint,713,false,false,true,missing,false,true,gradient_only,8,1506,0,0.3882210497061485,5.399944758907826,missing
red4:lane2:snr8.0:seed4:frame3,8.0,3,cwz_joint,761,false,false,false,missing,false,true,gradient_only,8,1449,3,0.8063899715544451,4.742324238047377,missing
red4:lane2:snr8.0:seed4:frame4,8.0,4,cwz_joint,758,false,false,true,missing,false,true,gradient_only,8,1450,0,0.5483234790600999,4.948194144637324,missing
red4:lane2:snr8.0:seed4:frame5,8.0,5,cwz_joint,712,false,false,true,missing,false,true,gradient_only,8,1522,0,1.5832245209354237,4.453765260320112,missing
red4:lane2:snr8.0:seed4:frame6,8.0,6,cwz_joint,729,false,false,true,missing,false,true,gradient_only,8,1483,0,0.5089306882375368,7.60563550213633,missing
red4:lane2:snr8.0:seed4:frame7,8.0,7,cwz_joint,640,false,false,true,missing,false,true,gradient_only,8,1451,0,0.40772215963042335,7.302334485182081,missing
red4:lane2:snr8.0:seed4:frame8,8.0,8,cwz_joint,682,false,false,true,missing,false,true,gradient_only,8,1450,0,0.41025360532114025,6.091926383890385,missing
red4:lane2:snr8.0:seed4:frame9,8.0,9,cwz_joint,756,false,false,true,missing,false,true,gradient_only,8,1475,0,0.6961871226002898,4.625931707296386,missing
red4:lane2:snr8.0:seed4:frame10,8.0,10,cwz_joint,803,false,false,false,missing,false,true,gradient_only,8,1491,1,0.3725747394961579,4.879332055640968,missing
red4:lane2:snr8.0:seed4:frame11,8.0,11,cwz_joint,777,false,false,true,missing,false,true,gradient_only,8,1531,0,0.3465698833875088,5.045162419646371,missing
red4:lane2:snr8.0:seed4:frame12,8.0,12,cwz_joint,675,false,false,true,missing,false,true,gradient_only,8,1442,0,0.4037959687845661,3.8722351228098977,missing
red4:lane2:snr8.0:seed4:frame13,8.0,13,cwz_joint,639,false,false,true,missing,false,true,gradient_only,8,1449,0,0.3954572212146673,2.8270434238073903,missing
red4:lane2:snr8.0:seed4:frame14,8.0,14,cwz_joint,768,false,false,true,missing,false,true,gradient_only,8,1461,0,0.275169904078659,3.5580008619259225,missing
red4:lane2:snr8.0:seed4:frame15,8.0,15,cwz_joint,756,false,false,true,missing,false,true,gradient_only,8,1482,0,0.35825622092046067,4.068570731696071,missing
red4:lane2:snr8.0:seed4:frame16,8.0,16,cwz_joint,724,false,false,true,missing,false,true,gradient_only,8,1479,0,0.28853421462421813,2.7567905404676027,missing
red4:lane2:snr8.0:seed4:frame17,8.0,17,cwz_joint,775,false,false,false,missing,false,true,gradient_only,8,1494,1,0.7603359787217787,10.26943851879776,missing
red4:lane2:snr8.0:seed4:frame18,8.0,18,cwz_joint,806,false,false,true,missing,false,true,gradient_only,8,1430,0,0.7590421202455861,7.619228316626235,missing
red4:lane2:snr8.0:seed4:frame19,8.0,19,cwz_joint,692,false,false,false,missing,false,true,gradient_only,8,1472,1,0.5640945416872948,4.992028896530995,missing
red4:lane2:snr8.0:seed4:frame20,8.0,20,cwz_joint,735,false,false,false,missing,false,true,gradient_only,8,1475,2,0.2844723662697587,4.368129471746702,missing
red4:lane2:snr8.0:seed4:frame21,8.0,21,cwz_joint,755,false,false,false,missing,false,true,gradient_only,8,1444,3,0.2947338646571228,2.755101369006222,missing
red4:lane2:snr8.0:seed4:frame22,8.0,22,cwz_joint,677,false,false,true,missing,false,true,gradient_only,8,1478,0,0.3727222907313747,2.0201567423689477,missing
red4:lane2:snr8.0:seed4:frame23,8.0,23,cwz_joint,746,false,false,true,missing,false,true,gradient_only,8,1488,0,0.3454936335350463,4.942401252491561,missing
red4:lane2:snr8.0:seed4:frame24,8.0,24,cwz_joint,790,false,false,false,missing,false,true,gradient_only,8,1491,4,0.34811255748188014,5.370123001729592,missing
red4:lane2:snr8.0:seed4:frame25,8.0,25,cwz_joint,801,false,false,true,missing,false,true,gradient_only,8,1512,0,0.6652446411137456,7.30930580047088,missing
red4:lane2:snr8.0:seed4:frame26,8.0,26,cwz_joint,699,false,false,true,missing,false,true,gradient_only,8,1450,0,0.31309064157742017,3.9302477051817966,missing
red4:lane2:snr8.0:seed4:frame27,8.0,27,cwz_joint,789,false,false,false,missing,false,true,gradient_only,8,1443,1,0.37314333499888913,3.7672003172491144,missing
red4:lane2:snr8.0:seed4:frame28,8.0,28,cwz_joint,678,false,false,true,missing,false,true,gradient_only,8,1443,0,0.27394121410921113,19.17181253278977,missing
red4:lane2:snr8.0:seed4:frame29,8.0,29,cwz_joint,746,false,false,true,missing,false,true,gradient_only,8,1442,0,0.5206956670565098,4.5026509419476195,missing
red4:lane2:snr8.0:seed4:frame30,8.0,30,cwz_joint,700,false,false,true,missing,false,true,gradient_only,8,1455,0,0.44324881164247654,5.403357613651106,missing
red4:lane2:snr8.0:seed4:frame31,8.0,31,cwz_joint,762,false,false,true,missing,false,true,gradient_only,8,1485,0,0.35157704729473344,4.293227512874506,missing
red4:lane2:snr8.0:seed4:frame32,8.0,32,cwz_joint,743,false,false,false,missing,false,true,gradient_only,8,1453,9,0.2636978471243246,2.6605420157346087,missing
red4:lane2:snr8.0:seed4:frame33,8.0,33,cwz_joint,787,false,false,true,missing,false,true,gradient_only,8,1442,0,0.4389737089084456,2.6986017735054637,missing
red4:lane2:snr8.0:seed4:frame34,8.0,34,cwz_joint,701,false,false,false,missing,false,true,gradient_only,8,1443,4,0.26773238761524915,3.808584988358979,missing
red4:lane2:snr8.0:seed4:frame35,8.0,35,cwz_joint,659,false,false,false,missing,false,true,gradient_only,7,1454,4,0.4539280513466502,4.428939164434526,missing
red4:lane2:snr8.0:seed4:frame36,8.0,36,cwz_joint,748,false,false,true,missing,false,true,gradient_only,8,1451,0,0.638190150714303,4.3678300405796975,missing
red4:lane2:snr8.0:seed4:frame37,8.0,37,cwz_joint,741,false,false,true,missing,false,true,gradient_only,8,1493,0,0.38032568854078463,4.859893617468546,missing
red4:lane2:snr8.0:seed4:frame38,8.0,38,cwz_joint,665,false,false,true,missing,false,true,gradient_only,8,1508,0,0.3048642419047219,4.699453316865325,missing
red4:lane2:snr8.0:seed4:frame39,8.0,39,cwz_joint,757,false,false,true,missing,false,true,gradient_only,8,1448,0,0.3685297205010591,3.960793955781015,missing
red4:lane2:snr8.0:seed4:frame40,8.0,40,cwz_joint,826,false,false,true,missing,false,true,gradient_only,8,1483,0,0.4671644987394215,4.317863730971503,missing
red4:lane2:snr8.0:seed4:frame41,8.0,41,cwz_joint,771,false,false,true,missing,false,true,gradient_only,8,1492,0,0.29864849656402315,4.223024547340939,missing
red4:lane2:snr8.0:seed4:frame42,8.0,42,cwz_joint,645,false,false,true,missing,false,true,gradient_only,8,1478,0,0.3952074893633665,5.4173990830548595,missing
red4:lane2:snr8.0:seed4:frame43,8.0,43,cwz_joint,853,false,false,true,missing,false,true,gradient_only,8,1509,0,0.44191374400601247,15.47212487185994,missing
red4:lane2:snr8.0:seed4:frame44,8.0,44,cwz_joint,667,false,false,true,missing,false,true,gradient_only,8,1490,0,0.2277296477207284,2.553047460699929,missing
red4:lane2:snr8.0:seed4:frame45,8.0,45,cwz_joint,807,false,false,true,missing,false,true,gradient_only,8,1443,0,0.5031685007758034,5.1533492949286686,missing
red4:lane2:snr8.0:seed4:frame46,8.0,46,cwz_joint,666,false,false,true,missing,false,true,gradient_only,8,1483,0,0.3904943161455308,4.63539877480127,missing
red4:lane2:snr8.0:seed4:frame47,8.0,47,cwz_joint,775,false,false,true,missing,false,true,gradient_only,8,1497,0,0.38567165477232607,6.941374988953281,missing
red4:lane2:snr8.0:seed4:frame48,8.0,48,cwz_joint,723,false,false,false,missing,false,true,gradient_only,8,1484,6,0.334235132020409,2.94310311940436,missing
red4:lane2:snr8.0:seed4:frame49,8.0,49,cwz_joint,774,false,false,false,missing,false,true,gradient_only,8,1466,1,0.3787273509655046,3.7242807846194563,missing
red4:lane2:snr8.0:seed4:frame50,8.0,50,cwz_joint,756,false,false,true,missing,false,true,gradient_only,8,1472,0,0.4369561181688815,4.797848871836005,missing
red4:lane2:snr8.0:seed4:frame51,8.0,51,cwz_joint,833,false,false,true,missing,false,true,gradient_only,8,1528,0,0.43616391456424924,4.002798235156793,missing
red4:lane2:snr8.0:seed4:frame52,8.0,52,cwz_joint,762,false,false,true,missing,false,true,gradient_only,8,1441,0,0.44075751025274734,4.3025772362089585,missing
red4:lane2:snr8.0:seed4:frame53,8.0,53,cwz_joint,695,false,false,true,missing,false,true,gradient_only,8,1388,0,0.5340925408650032,5.365694233729417,missing
red4:lane2:snr8.0:seed4:frame54,8.0,54,cwz_joint,708,false,false,true,missing,false,true,gradient_only,8,1444,0,0.4571679241682162,5.263844203884445,missing
red4:lane2:snr8.0:seed4:frame55,8.0,55,cwz_joint,791,false,false,true,missing,false,true,gradient_only,8,1501,0,0.31714640941712835,4.744403533271969,missing
red4:lane2:snr8.0:seed4:frame56,8.0,56,cwz_joint,567,false,false,true,missing,false,true,gradient_only,8,1459,0,0.1786621075805683,1.4910562796975726,missing
red4:lane2:snr8.0:seed4:frame57,8.0,57,cwz_joint,687,false,false,true,missing,false,true,gradient_only,8,1470,0,0.36086633009467417,4.321152876616392,missing
red4:lane2:snr8.0:seed4:frame58,8.0,58,cwz_joint,700,false,false,true,missing,false,true,gradient_only,8,1492,0,0.5197876808581453,5.969388679574915,missing
red4:lane2:snr8.0:seed4:frame59,8.0,59,cwz_joint,711,false,false,true,missing,false,true,gradient_only,8,1477,0,1.6206862446910784,5.443504337454717,missing
red4:lane2:snr8.0:seed4:frame60,8.0,60,cwz_joint,795,false,false,true,missing,false,true,gradient_only,8,1505,0,0.3485082943770537,4.351792248876544,missing
red4:lane2:snr8.0:seed4:frame1,8.0,1,profiled_cz,659,false,false,false,missing,false,true,gradient_only,6,1411,1310,0.33987402344946466,1.073347628735705,missing
red4:lane2:snr8.0:seed4:frame2,8.0,2,profiled_cz,692,false,false,false,missing,false,true,gradient_only,5,1506,1343,0.3882210497061485,1.1001239708343435,missing
red4:lane2:snr8.0:seed4:frame3,8.0,3,profiled_cz,793,false,false,false,missing,false,true,gradient_only,8,1449,1371,0.8063899715544451,1.2173278545264319,missing
red4:lane2:snr8.0:seed4:frame4,8.0,4,profiled_cz,803,false,false,false,missing,false,true,gradient_only,1,1450,1322,0.5483234790600999,1.042291852949541,missing
red4:lane2:snr8.0:seed4:frame5,8.0,5,profiled_cz,720,false,false,false,missing,false,true,gradient_only,1,1522,1339,1.5832245209354237,0.9070524099541225,missing
red4:lane2:snr8.0:seed4:frame6,8.0,6,profiled_cz,767,false,false,false,missing,false,true,gradient_only,6,1483,1360,0.5089306882375368,1.40931203387613,missing
red4:lane2:snr8.0:seed4:frame7,8.0,7,profiled_cz,684,false,false,false,missing,false,true,gradient_only,4,1451,1290,0.40772215963042335,1.5585925636254097,missing
red4:lane2:snr8.0:seed4:frame8,8.0,8,profiled_cz,735,false,false,false,missing,false,true,gradient_only,2,1450,1311,0.41025360532114025,1.205315198713319,missing
red4:lane2:snr8.0:seed4:frame9,8.0,9,profiled_cz,801,false,false,false,missing,false,true,gradient_only,2,1475,1271,0.6961871226002898,0.9847210129194652,missing
red4:lane2:snr8.0:seed4:frame10,8.0,10,profiled_cz,843,false,false,false,missing,false,true,gradient_only,3,1491,1296,0.3725747394961579,1.752431496915188,missing
red4:lane2:snr8.0:seed4:frame11,8.0,11,profiled_cz,760,false,false,false,missing,false,true,gradient_only,2,1531,1286,0.3465698833875088,3.5090562507886656,missing
red4:lane2:snr8.0:seed4:frame12,8.0,12,profiled_cz,686,false,false,false,missing,false,true,gradient_only,3,1442,1324,0.4037959687845661,1.0595639501865866,missing
red4:lane2:snr8.0:seed4:frame13,8.0,13,profiled_cz,657,false,false,false,missing,false,true,gradient_only,6,1449,1281,0.3954572212146673,0.8467021450536593,missing
red4:lane2:snr8.0:seed4:frame14,8.0,14,profiled_cz,764,false,false,false,missing,false,true,gradient_only,8,1461,1290,0.275169904078659,0.8326328204104638,missing
red4:lane2:snr8.0:seed4:frame15,8.0,15,profiled_cz,782,false,false,false,missing,false,true,gradient_only,6,1482,1281,0.35825622092046067,0.9048570612958017,missing
red4:lane2:snr8.0:seed4:frame16,8.0,16,profiled_cz,774,false,false,false,missing,false,true,gradient_only,2,1479,1305,0.28853421462421813,0.9158783839337241,missing
red4:lane2:snr8.0:seed4:frame17,8.0,17,profiled_cz,791,false,false,false,missing,false,true,gradient_only,5,1494,1347,0.7603359787217787,2.0719147643833735,missing
red4:lane2:snr8.0:seed4:frame18,8.0,18,profiled_cz,818,false,false,false,missing,false,true,gradient_only,4,1430,1350,0.7590421202455861,1.5255055185983986,missing
red4:lane2:snr8.0:seed4:frame19,8.0,19,profiled_cz,745,false,false,false,missing,false,true,gradient_only,3,1472,1335,0.5640945416872948,1.047363920407124,missing
red4:lane2:snr8.0:seed4:frame20,8.0,20,profiled_cz,732,false,false,false,missing,false,true,gradient_only,3,1475,1284,0.2844723662697587,0.9493169646642442,missing
red4:lane2:snr8.0:seed4:frame21,8.0,21,profiled_cz,781,false,false,false,missing,false,true,gradient_only,2,1444,1294,0.2947338646571228,0.8485927313825726,missing
red4:lane2:snr8.0:seed4:frame22,8.0,22,profiled_cz,721,false,false,false,missing,false,true,gradient_only,1,1478,1276,0.3727222907313747,0.8523657557063437,missing
red4:lane2:snr8.0:seed4:frame23,8.0,23,profiled_cz,800,false,false,false,missing,false,true,gradient_only,5,1488,1367,0.3454936335350463,1.0343263720039255,missing
red4:lane2:snr8.0:seed4:frame24,8.0,24,profiled_cz,816,false,false,false,missing,false,true,gradient_only,7,1491,1332,0.34811255748188014,2.000283053503799,missing
red4:lane2:snr8.0:seed4:frame25,8.0,25,profiled_cz,794,false,false,false,missing,false,true,gradient_only,7,1512,1308,0.6652446411137456,1.5660487384004902,missing
red4:lane2:snr8.0:seed4:frame26,8.0,26,profiled_cz,706,false,false,false,missing,false,true,gradient_only,8,1450,1266,0.31309064157742017,0.9093926080454675,missing
red4:lane2:snr8.0:seed4:frame27,8.0,27,profiled_cz,823,false,false,false,missing,false,true,gradient_only,3,1443,1289,0.37314333499888913,1.1417232421796577,missing
red4:lane2:snr8.0:seed4:frame28,8.0,28,profiled_cz,662,false,false,false,missing,false,true,gradient_only,2,1443,1298,0.27394121410921113,2.7003371253091064,missing
red4:lane2:snr8.0:seed4:frame29,8.0,29,profiled_cz,773,false,false,false,missing,false,true,gradient_only,5,1442,1242,0.5206956670565098,1.0402045233012904,missing
red4:lane2:snr8.0:seed4:frame30,8.0,30,profiled_cz,714,false,false,false,missing,false,true,gradient_only,1,1455,1249,0.44324881164247654,1.222817668152504,missing
red4:lane2:snr8.0:seed4:frame31,8.0,31,profiled_cz,780,false,false,false,missing,false,true,gradient_only,7,1485,1294,0.35157704729473344,0.9258937117061034,missing
red4:lane2:snr8.0:seed4:frame32,8.0,32,profiled_cz,729,false,false,false,missing,false,true,gradient_only,8,1453,1335,0.2636978471243246,1.2365422279692075,missing
red4:lane2:snr8.0:seed4:frame33,8.0,33,profiled_cz,825,false,false,false,missing,false,true,gradient_only,1,1442,1315,0.4389737089084456,1.085539559266216,missing
red4:lane2:snr8.0:seed4:frame34,8.0,34,profiled_cz,714,false,false,false,missing,false,true,gradient_only,6,1443,1284,0.26773238761524915,0.8142314553469027,missing
red4:lane2:snr8.0:seed4:frame35,8.0,35,profiled_cz,696,false,false,false,missing,false,true,gradient_only,7,1454,1240,0.4539280513466502,0.8360985072239374,missing
red4:lane2:snr8.0:seed4:frame36,8.0,36,profiled_cz,766,false,false,false,missing,false,true,gradient_only,5,1451,1225,0.638190150714303,1.295574499393708,missing
red4:lane2:snr8.0:seed4:frame37,8.0,37,profiled_cz,787,false,false,false,missing,false,true,gradient_only,5,1493,1312,0.38032568854078463,1.2204074844354815,missing
red4:lane2:snr8.0:seed4:frame38,8.0,38,profiled_cz,692,false,false,false,missing,false,true,gradient_only,6,1508,1320,0.3048642419047219,0.991077349346841,missing
red4:lane2:snr8.0:seed4:frame39,8.0,39,profiled_cz,769,false,false,false,missing,false,true,gradient_only,3,1448,1286,0.3685297205010591,0.9498192495416621,missing
red4:lane2:snr8.0:seed4:frame40,8.0,40,profiled_cz,864,false,false,false,missing,false,true,gradient_only,3,1483,1327,0.4671644987394215,0.9359939473575746,missing
red4:lane2:snr8.0:seed4:frame41,8.0,41,profiled_cz,795,false,false,false,missing,false,true,gradient_only,3,1492,1309,0.29864849656402315,0.8933932906677385,missing
red4:lane2:snr8.0:seed4:frame42,8.0,42,profiled_cz,658,false,false,false,missing,false,true,gradient_only,1,1478,1302,0.3952074893633665,1.3016595012268841,missing
red4:lane2:snr8.0:seed4:frame43,8.0,43,profiled_cz,834,false,false,false,missing,false,true,gradient_only,7,1509,1339,0.44191374400601247,10.179868143461107,missing
red4:lane2:snr8.0:seed4:frame44,8.0,44,profiled_cz,745,false,false,false,missing,false,true,gradient_only,2,1490,1327,0.2277296477207284,0.7324679590462085,missing
red4:lane2:snr8.0:seed4:frame45,8.0,45,profiled_cz,857,false,false,false,missing,false,true,gradient_only,7,1443,1354,0.5031685007758034,1.1839912018855914,missing
red4:lane2:snr8.0:seed4:frame46,8.0,46,profiled_cz,744,false,false,false,missing,false,true,gradient_only,4,1483,1327,0.3904943161455308,0.9098569124501565,missing
red4:lane2:snr8.0:seed4:frame47,8.0,47,profiled_cz,785,false,false,false,missing,false,true,gradient_only,5,1497,1308,0.38567165477232607,1.6964008736284664,missing
red4:lane2:snr8.0:seed4:frame48,8.0,48,profiled_cz,741,false,false,false,missing,false,true,gradient_only,7,1484,1335,0.334235132020409,0.9343919927991791,missing
red4:lane2:snr8.0:seed4:frame49,8.0,49,profiled_cz,791,false,false,false,missing,false,true,gradient_only,8,1466,1343,0.3787273509655046,0.9056526476266664,missing
red4:lane2:snr8.0:seed4:frame50,8.0,50,profiled_cz,805,false,false,false,missing,false,true,gradient_only,4,1472,1356,0.4369561181688815,1.1679475202452092,missing
red4:lane2:snr8.0:seed4:frame51,8.0,51,profiled_cz,817,false,false,false,missing,false,true,gradient_only,4,1528,1364,0.43616391456424924,0.8350847611344748,missing
red4:lane2:snr8.0:seed4:frame52,8.0,52,profiled_cz,774,false,false,false,missing,false,true,gradient_only,1,1441,1330,0.44075751025274734,1.461082418145407,missing
red4:lane2:snr8.0:seed4:frame53,8.0,53,profiled_cz,681,false,false,false,missing,false,true,gradient_only,4,1388,1233,0.5340925408650032,1.1455478691635181,missing
red4:lane2:snr8.0:seed4:frame54,8.0,54,profiled_cz,731,false,false,false,missing,false,true,gradient_only,5,1444,1321,0.4571679241682162,1.154678514867297,missing
red4:lane2:snr8.0:seed4:frame55,8.0,55,profiled_cz,819,false,false,false,missing,false,true,gradient_only,5,1501,1354,0.31714640941712835,0.9577665107069612,missing
red4:lane2:snr8.0:seed4:frame56,8.0,56,profiled_cz,620,false,false,false,missing,false,true,gradient_only,6,1459,1280,0.1786621075805683,0.5793554832954545,missing
red4:lane2:snr8.0:seed4:frame57,8.0,57,profiled_cz,731,false,false,false,missing,false,true,gradient_only,4,1470,1337,0.36086633009467417,1.0618147725650628,missing
red4:lane2:snr8.0:seed4:frame58,8.0,58,profiled_cz,771,false,false,false,missing,false,true,gradient_only,3,1492,1299,0.5197876808581453,1.281055574285339,missing
red4:lane2:snr8.0:seed4:frame59,8.0,59,profiled_cz,740,false,false,false,missing,false,true,gradient_only,5,1477,1294,1.6206862446910784,1.531849173830118,missing
red4:lane2:snr8.0:seed4:frame60,8.0,60,profiled_cz,811,false,false,false,missing,false,true,gradient_only,8,1505,1362,0.3485082943770537,1.0963978239912802,missing
red4:lane2:snr10.0:seed4:frame1,10.0,1,cwz_joint,551,false,false,false,missing,false,true,gradient_only,8,1434,4,0.2646049729529757,4.0497467232092,missing
red4:lane2:snr10.0:seed4:frame2,10.0,2,cwz_joint,626,false,false,true,missing,false,true,gradient_only,8,1464,0,0.41477644505513794,4.988823508564724,missing
red4:lane2:snr10.0:seed4:frame3,10.0,3,cwz_joint,634,false,false,true,missing,false,true,gradient_only,8,1455,0,0.3179863881736649,4.372404440019772,missing
red4:lane2:snr10.0:seed4:frame4,10.0,4,cwz_joint,617,false,false,true,missing,false,true,gradient_only,8,1453,0,0.3287584977878527,4.542506008567592,missing
red4:lane2:snr10.0:seed4:frame5,10.0,5,cwz_joint,593,false,false,true,missing,false,true,gradient_only,8,1505,0,0.20808172142337336,3.9489861383833933,missing
red4:lane2:snr10.0:seed4:frame6,10.0,6,cwz_joint,622,false,false,true,missing,false,true,gradient_only,8,1439,0,0.37013465089487657,6.740246149247135,missing
red4:lane2:snr10.0:seed4:frame7,10.0,7,cwz_joint,612,false,false,true,missing,false,true,gradient_only,8,1436,0,0.41968305798635186,7.4748958894676,missing
red4:lane2:snr10.0:seed4:frame8,10.0,8,cwz_joint,619,false,false,true,missing,false,true,gradient_only,8,1439,0,0.3610331518069996,5.350207612583968,missing
red4:lane2:snr10.0:seed4:frame9,10.0,9,cwz_joint,640,false,false,true,missing,false,true,gradient_only,8,1419,0,0.26773799588394276,4.178247210901352,missing
red4:lane2:snr10.0:seed4:frame10,10.0,10,cwz_joint,789,false,false,false,missing,false,true,gradient_only,8,1459,1,0.2890110293012012,4.165101739879565,missing
red4:lane2:snr10.0:seed4:frame11,10.0,11,cwz_joint,649,false,false,true,missing,false,true,gradient_only,8,1488,0,0.21690976065211645,4.779774200325777,missing
red4:lane2:snr10.0:seed4:frame12,10.0,12,cwz_joint,618,false,false,true,missing,false,true,gradient_only,8,1448,0,0.3958019661376023,3.554440716589646,missing
red4:lane2:snr10.0:seed4:frame13,10.0,13,cwz_joint,635,false,false,true,missing,false,true,gradient_only,8,1503,0,0.2945475189658032,3.7401998558382394,missing
red4:lane2:snr10.0:seed4:frame14,10.0,14,cwz_joint,727,false,false,true,missing,false,true,gradient_only,8,1454,0,0.21395834950226283,3.219049656400367,missing
red4:lane2:snr10.0:seed4:frame15,10.0,15,cwz_joint,664,false,false,true,missing,false,true,gradient_only,8,1434,0,0.3002649854871787,3.6730912227715518,missing
red4:lane2:snr10.0:seed4:frame16,10.0,16,cwz_joint,758,false,false,true,missing,false,true,gradient_only,8,1526,0,0.28707670938418317,2.4543140851943126,missing
red4:lane2:snr10.0:seed4:frame17,10.0,17,cwz_joint,699,false,false,true,missing,false,true,gradient_only,8,1464,0,0.39874992617919724,8.170197900012605,missing
red4:lane2:snr10.0:seed4:frame18,10.0,18,cwz_joint,700,false,false,true,missing,false,true,gradient_only,8,1449,0,0.5135107540017064,6.307864426049624,missing
red4:lane2:snr10.0:seed4:frame19,10.0,19,cwz_joint,643,false,false,true,missing,false,true,gradient_only,8,1485,0,0.38086514546711103,4.584659567956105,missing
red4:lane2:snr10.0:seed4:frame20,10.0,20,cwz_joint,681,false,false,true,missing,false,true,gradient_only,8,1494,0,0.4134639821333561,4.1505678505061425,missing
red4:lane2:snr10.0:seed4:frame21,10.0,21,cwz_joint,725,false,false,true,missing,false,true,gradient_only,8,1522,0,0.2726312108287042,2.5049798517985997,missing
red4:lane2:snr10.0:seed4:frame22,10.0,22,cwz_joint,537,false,false,true,missing,false,true,gradient_only,8,1476,0,0.28612104416358836,1.854172652041629,missing
red4:lane2:snr10.0:seed4:frame23,10.0,23,cwz_joint,778,false,false,true,missing,false,true,gradient_only,8,1515,0,0.7567267933169465,4.315105200594904,missing
red4:lane2:snr10.0:seed4:frame24,10.0,24,cwz_joint,767,false,false,true,missing,false,true,gradient_only,8,1495,0,0.2880229067239648,4.648892656135695,missing
red4:lane2:snr10.0:seed4:frame25,10.0,25,cwz_joint,710,false,false,true,missing,false,true,gradient_only,8,1479,0,0.3261552645642799,5.767614983535164,missing
red4:lane2:snr10.0:seed4:frame26,10.0,26,cwz_joint,676,false,false,true,missing,false,true,gradient_only,8,1504,0,0.293159227449517,3.568968060693013,missing
red4:lane2:snr10.0:seed4:frame27,10.0,27,cwz_joint,655,false,false,false,missing,false,true,gradient_only,7,1481,2,0.2144528763488774,3.850752365024927,missing
red4:lane2:snr10.0:seed4:frame28,10.0,28,cwz_joint,638,false,false,true,missing,false,true,gradient_only,8,1498,0,0.22775198220334464,16.143985219868913,missing
red4:lane2:snr10.0:seed4:frame29,10.0,29,cwz_joint,634,false,false,true,missing,false,true,gradient_only,8,1428,0,0.49661109161271444,4.0379767919361385,missing
red4:lane2:snr10.0:seed4:frame30,10.0,30,cwz_joint,668,false,false,true,missing,false,true,gradient_only,8,1419,0,0.4327527529768538,4.7016007537095295,missing
red4:lane2:snr10.0:seed4:frame31,10.0,31,cwz_joint,698,false,false,true,missing,false,true,gradient_only,8,1462,0,0.2884406172278099,3.877244415796937,missing
red4:lane2:snr10.0:seed4:frame32,10.0,32,cwz_joint,660,false,false,true,missing,false,true,gradient_only,8,1452,0,0.2325346661508201,2.4491914606475156,missing
red4:lane2:snr10.0:seed4:frame33,10.0,33,cwz_joint,667,false,false,true,missing,false,true,gradient_only,8,1454,0,0.4362335522051743,2.3217399419661144,missing
red4:lane2:snr10.0:seed4:frame34,10.0,34,cwz_joint,656,false,false,true,missing,false,true,gradient_only,8,1458,0,0.2191231602979379,3.5390971775775864,missing
red4:lane2:snr10.0:seed4:frame35,10.0,35,cwz_joint,645,false,false,true,missing,false,true,gradient_only,8,1492,0,0.3324335616473483,3.6237218068362163,missing
red4:lane2:snr10.0:seed4:frame36,10.0,36,cwz_joint,675,false,false,false,missing,false,true,gradient_only,8,1481,1,0.427794069420504,4.049209905124567,missing
red4:lane2:snr10.0:seed4:frame37,10.0,37,cwz_joint,683,false,false,true,missing,false,true,gradient_only,8,1444,0,0.2525777665776415,4.272408109655536,missing
red4:lane2:snr10.0:seed4:frame38,10.0,38,cwz_joint,609,false,false,true,missing,false,true,gradient_only,8,1447,0,0.2381072167513048,4.067956883758302,missing
red4:lane2:snr10.0:seed4:frame39,10.0,39,cwz_joint,767,false,false,true,missing,false,true,gradient_only,8,1534,0,0.42272667068413444,3.6531259743844973,missing
red4:lane2:snr10.0:seed4:frame40,10.0,40,cwz_joint,734,false,false,true,missing,false,true,gradient_only,8,1460,0,0.29010440956699696,3.8643863841779087,missing
red4:lane2:snr10.0:seed4:frame41,10.0,41,cwz_joint,707,false,false,true,missing,false,true,gradient_only,8,1478,0,0.23125142940273377,3.7658480048678395,missing
red4:lane2:snr10.0:seed4:frame42,10.0,42,cwz_joint,613,false,false,true,missing,false,true,gradient_only,8,1483,0,0.43684629406651493,4.832224969133239,missing
red4:lane2:snr10.0:seed4:frame43,10.0,43,cwz_joint,811,false,false,true,missing,false,true,gradient_only,8,1439,0,0.912820918413448,17.250193169828474,missing
red4:lane2:snr10.0:seed4:frame44,10.0,44,cwz_joint,601,false,false,true,missing,false,true,gradient_only,8,1456,0,0.16044087371705945,2.3075207854845248,missing
red4:lane2:snr10.0:seed4:frame45,10.0,45,cwz_joint,681,false,false,true,missing,false,true,gradient_only,8,1458,0,0.31966916946358703,4.563180180153967,missing
red4:lane2:snr10.0:seed4:frame46,10.0,46,cwz_joint,641,false,false,true,missing,false,true,gradient_only,8,1510,0,0.3688275418382183,4.146271564131823,missing
red4:lane2:snr10.0:seed4:frame47,10.0,47,cwz_joint,704,false,false,true,missing,false,true,gradient_only,8,1469,0,0.23157460606477165,5.565741794303509,missing
red4:lane2:snr10.0:seed4:frame48,10.0,48,cwz_joint,662,false,false,true,missing,false,true,gradient_only,8,1480,0,0.24328725648396657,2.700433397693601,missing
red4:lane2:snr10.0:seed4:frame49,10.0,49,cwz_joint,684,false,false,true,missing,false,true,gradient_only,8,1476,0,0.22779250715330385,3.447843324676879,missing
red4:lane2:snr10.0:seed4:frame50,10.0,50,cwz_joint,625,false,false,true,missing,false,true,gradient_only,8,1418,0,0.3853917730823007,4.2044155349133,missing
red4:lane2:snr10.0:seed4:frame51,10.0,51,cwz_joint,651,false,false,true,missing,false,true,gradient_only,8,1492,0,0.37870828823590763,3.6300667804079008,missing
red4:lane2:snr10.0:seed4:frame52,10.0,52,cwz_joint,721,false,false,true,missing,false,true,gradient_only,8,1496,0,0.3888847300516818,4.167028102900587,missing
red4:lane2:snr10.0:seed4:frame53,10.0,53,cwz_joint,609,false,false,true,missing,false,true,gradient_only,8,1458,0,1.348479963099387,4.894044103235408,missing
red4:lane2:snr10.0:seed4:frame54,10.0,54,cwz_joint,584,false,false,true,missing,false,true,gradient_only,8,1472,0,0.3935142221149057,4.910338385696921,missing
red4:lane2:snr10.0:seed4:frame55,10.0,55,cwz_joint,724,false,false,true,missing,false,true,gradient_only,8,1474,0,0.33428820370070067,4.347655930891073,missing
red4:lane2:snr10.0:seed4:frame56,10.0,56,cwz_joint,537,false,false,true,missing,false,true,gradient_only,8,1407,0,0.1472860216449325,1.3740870817002206,missing
red4:lane2:snr10.0:seed4:frame57,10.0,57,cwz_joint,626,false,false,true,missing,false,true,gradient_only,8,1471,0,0.24723865505165318,3.9312771462944913,missing
red4:lane2:snr10.0:seed4:frame58,10.0,58,cwz_joint,698,false,false,true,missing,false,true,gradient_only,8,1450,0,0.43860110365685884,5.292729152725101,missing
red4:lane2:snr10.0:seed4:frame59,10.0,59,cwz_joint,694,false,false,true,missing,false,true,gradient_only,8,1467,0,0.4971771264042292,5.066942735415299,missing
red4:lane2:snr10.0:seed4:frame60,10.0,60,cwz_joint,775,false,false,true,missing,false,true,gradient_only,8,1461,0,0.3666973391721499,4.151918388301743,missing
red4:lane2:snr10.0:seed4:frame1,10.0,1,profiled_cz,569,false,false,false,missing,false,true,gradient_only,3,1434,1324,0.2646049729529757,0.9647715614395278,missing
red4:lane2:snr10.0:seed4:frame2,10.0,2,profiled_cz,643,false,false,false,missing,false,true,gradient_only,6,1464,1313,0.41477644505513794,1.0395865074040085,missing
red4:lane2:snr10.0:seed4:frame3,10.0,3,profiled_cz,661,false,false,false,missing,false,true,gradient_only,4,1455,1316,0.3179863881736649,0.9652886379717531,missing
red4:lane2:snr10.0:seed4:frame4,10.0,4,profiled_cz,654,false,false,false,missing,false,true,gradient_only,7,1453,1334,0.3287584977878527,0.8516022617623928,missing
red4:lane2:snr10.0:seed4:frame5,10.0,5,profiled_cz,617,false,false,false,missing,false,true,gradient_only,8,1505,1325,0.20808172142337336,0.7624365240182105,missing
red4:lane2:snr10.0:seed4:frame6,10.0,6,profiled_cz,639,false,false,false,missing,false,true,gradient_only,2,1439,1290,0.37013465089487657,1.192395513957992,missing
red4:lane2:snr10.0:seed4:frame7,10.0,7,profiled_cz,638,false,false,false,missing,false,true,gradient_only,8,1436,1212,0.41968305798635186,1.5636180960661736,missing
red4:lane2:snr10.0:seed4:frame8,10.0,8,profiled_cz,619,false,false,false,missing,false,true,gradient_only,6,1439,1313,0.3610331518069996,0.9903639189194134,missing
red4:lane2:snr10.0:seed4:frame9,10.0,9,profiled_cz,685,false,false,false,missing,false,true,gradient_only,3,1419,1335,0.26773799588394276,0.8227264279607084,missing
red4:lane2:snr10.0:seed4:frame10,10.0,10,profiled_cz,802,false,false,false,missing,false,true,gradient_only,7,1459,1312,0.2890110293012012,1.3349844406406228,missing
red4:lane2:snr10.0:seed4:frame11,10.0,11,profiled_cz,659,false,false,false,missing,false,true,gradient_only,3,1488,1283,0.21690976065211645,2.919573343216919,missing
red4:lane2:snr10.0:seed4:frame12,10.0,12,profiled_cz,684,false,false,false,missing,false,true,gradient_only,4,1448,1263,0.3958019661376023,0.9061421838849263,missing
red4:lane2:snr10.0:seed4:frame13,10.0,13,profiled_cz,669,false,false,false,missing,false,true,gradient_only,3,1503,1345,0.2945475189658032,0.7799906935101213,missing
red4:lane2:snr10.0:seed4:frame14,10.0,14,profiled_cz,696,false,false,false,missing,false,true,gradient_only,2,1454,1303,0.21395834950226283,0.7261124756692797,missing
red4:lane2:snr10.0:seed4:frame15,10.0,15,profiled_cz,676,false,false,false,missing,false,true,gradient_only,2,1434,1254,0.3002649854871787,0.7651524124361424,missing
red4:lane2:snr10.0:seed4:frame16,10.0,16,profiled_cz,762,false,false,false,missing,false,true,gradient_only,5,1526,1333,0.28707670938418317,0.8097233447559397,missing
red4:lane2:snr10.0:seed4:frame17,10.0,17,profiled_cz,735,false,false,false,missing,false,true,gradient_only,5,1464,1348,0.39874992617919724,1.701733033925375,missing
red4:lane2:snr10.0:seed4:frame18,10.0,18,profiled_cz,746,false,false,false,missing,false,true,gradient_only,3,1449,1364,0.5135107540017064,1.2834685467878595,missing
red4:lane2:snr10.0:seed4:frame19,10.0,19,profiled_cz,655,false,false,false,missing,false,true,gradient_only,4,1485,1361,0.38086514546711103,0.8966071128609095,missing
red4:lane2:snr10.0:seed4:frame20,10.0,20,profiled_cz,714,false,false,false,missing,false,true,gradient_only,4,1494,1373,0.4134639821333561,0.8433704772657531,missing
red4:lane2:snr10.0:seed4:frame21,10.0,21,profiled_cz,754,false,false,false,missing,false,true,gradient_only,8,1522,1321,0.2726312108287042,0.7410872775304844,missing
red4:lane2:snr10.0:seed4:frame22,10.0,22,profiled_cz,591,false,false,false,missing,false,true,gradient_only,5,1476,1262,0.28612104416358836,0.6721964784283507,missing
red4:lane2:snr10.0:seed4:frame23,10.0,23,profiled_cz,805,false,false,false,missing,false,true,gradient_only,7,1515,1351,0.7567267933169465,0.8671887363438542,missing
red4:lane2:snr10.0:seed4:frame24,10.0,24,profiled_cz,810,false,false,false,missing,false,true,gradient_only,4,1495,1336,0.2880229067239648,1.5145739750024259,missing
red4:lane2:snr10.0:seed4:frame25,10.0,25,profiled_cz,688,false,false,false,missing,false,true,gradient_only,3,1479,1345,0.3261552645642799,1.28220500868461,missing
red4:lane2:snr10.0:seed4:frame26,10.0,26,profiled_cz,740,false,false,false,missing,false,true,gradient_only,5,1504,1300,0.293159227449517,0.7814702798795344,missing
red4:lane2:snr10.0:seed4:frame27,10.0,27,profiled_cz,681,false,false,false,missing,false,true,gradient_only,2,1481,1326,0.2144528763488774,0.9073059437562417,missing
red4:lane2:snr10.0:seed4:frame28,10.0,28,profiled_cz,649,false,false,false,missing,false,true,gradient_only,1,1498,1333,0.22775198220334464,2.377342655773063,missing
red4:lane2:snr10.0:seed4:frame29,10.0,29,profiled_cz,660,false,false,false,missing,false,true,gradient_only,5,1428,1326,0.49661109161271444,0.8699964488863423,missing
red4:lane2:snr10.0:seed4:frame30,10.0,30,profiled_cz,702,false,false,false,missing,false,true,gradient_only,5,1419,1242,0.4327527529768538,1.0226013704080938,missing
red4:lane2:snr10.0:seed4:frame31,10.0,31,profiled_cz,717,false,false,false,missing,false,true,gradient_only,8,1462,1318,0.2884406172278099,0.7869874223396583,missing
red4:lane2:snr10.0:seed4:frame32,10.0,32,profiled_cz,688,false,false,false,missing,false,true,gradient_only,3,1452,1329,0.2325346661508201,0.9726824240299837,missing
red4:lane2:snr10.0:seed4:frame33,10.0,33,profiled_cz,704,false,false,false,missing,false,true,gradient_only,2,1454,1305,0.4362335522051743,0.9021691972974439,missing
red4:lane2:snr10.0:seed4:frame34,10.0,34,profiled_cz,677,false,false,false,missing,false,true,gradient_only,1,1458,1316,0.2191231602979379,0.7473558222003912,missing
red4:lane2:snr10.0:seed4:frame35,10.0,35,profiled_cz,680,false,false,false,missing,false,true,gradient_only,2,1492,1328,0.3324335616473483,0.7462251607516044,missing
red4:lane2:snr10.0:seed4:frame36,10.0,36,profiled_cz,717,false,false,false,missing,false,true,gradient_only,5,1481,1321,0.427794069420504,1.0911721514852382,missing
red4:lane2:snr10.0:seed4:frame37,10.0,37,profiled_cz,690,false,false,false,missing,false,true,gradient_only,4,1444,1250,0.2525777665776415,1.0473377973460125,missing
red4:lane2:snr10.0:seed4:frame38,10.0,38,profiled_cz,631,false,false,false,missing,false,true,gradient_only,5,1447,1315,0.2381072167513048,0.8019015549537701,missing
red4:lane2:snr10.0:seed4:frame39,10.0,39,profiled_cz,805,false,false,false,missing,false,true,gradient_only,5,1534,1374,0.42272667068413444,0.8294577913845428,missing
red4:lane2:snr10.0:seed4:frame40,10.0,40,profiled_cz,757,false,false,false,missing,false,true,gradient_only,2,1460,1348,0.29010440956699696,0.8284976673819466,missing
red4:lane2:snr10.0:seed4:frame41,10.0,41,profiled_cz,693,false,false,false,missing,false,true,gradient_only,5,1478,1301,0.23125142940273377,0.7785324200859414,missing
red4:lane2:snr10.0:seed4:frame42,10.0,42,profiled_cz,655,false,false,false,missing,false,true,gradient_only,1,1483,1289,0.43684629406651493,1.1285317626424507,missing
red4:lane2:snr10.0:seed4:frame43,10.0,43,profiled_cz,772,false,false,false,missing,false,true,gradient_only,2,1439,1295,0.912820918413448,11.006151075460474,missing
red4:lane2:snr10.0:seed4:frame44,10.0,44,profiled_cz,627,false,false,false,missing,false,true,gradient_only,3,1456,1259,0.16044087371705945,0.633438085686215,missing
red4:lane2:snr10.0:seed4:frame45,10.0,45,profiled_cz,765,false,false,false,missing,false,true,gradient_only,2,1458,1345,0.31966916946358703,0.9612207500011696,missing
red4:lane2:snr10.0:seed4:frame46,10.0,46,profiled_cz,658,false,false,false,missing,false,true,gradient_only,4,1510,1304,0.3688275418382183,0.7987918250069095,missing
red4:lane2:snr10.0:seed4:frame47,10.0,47,profiled_cz,721,false,false,false,missing,false,true,gradient_only,1,1469,1329,0.23157460606477165,1.1927928317266738,missing
red4:lane2:snr10.0:seed4:frame48,10.0,48,profiled_cz,683,false,false,false,missing,false,true,gradient_only,2,1480,1320,0.24328725648396657,0.8036013902708862,missing
red4:lane2:snr10.0:seed4:frame49,10.0,49,profiled_cz,663,false,false,false,missing,false,true,gradient_only,5,1476,1329,0.22779250715330385,0.7673265546345999,missing
red4:lane2:snr10.0:seed4:frame50,10.0,50,profiled_cz,663,false,false,false,missing,false,true,gradient_only,7,1418,1280,0.3853917730823007,0.9590306946889057,missing
red4:lane2:snr10.0:seed4:frame51,10.0,51,profiled_cz,739,false,false,false,missing,false,true,gradient_only,3,1492,1350,0.37870828823590763,0.7174560030229026,missing
red4:lane2:snr10.0:seed4:frame52,10.0,52,profiled_cz,748,false,false,false,missing,false,true,gradient_only,2,1496,1363,0.3888847300516818,1.2184682726227585,missing
red4:lane2:snr10.0:seed4:frame53,10.0,53,profiled_cz,638,false,false,false,missing,false,true,gradient_only,1,1458,1310,1.348479963099387,1.0125142870063704,missing
red4:lane2:snr10.0:seed4:frame54,10.0,54,profiled_cz,594,false,false,false,missing,false,true,gradient_only,1,1472,1251,0.3935142221149057,1.0387761169802872,missing
red4:lane2:snr10.0:seed4:frame55,10.0,55,profiled_cz,743,false,false,false,missing,false,true,gradient_only,3,1474,1289,0.33428820370070067,0.8285504297004961,missing
red4:lane2:snr10.0:seed4:frame56,10.0,56,profiled_cz,571,false,false,false,missing,false,true,gradient_only,8,1407,1274,0.1472860216449325,0.5030530618754573,missing
red4:lane2:snr10.0:seed4:frame57,10.0,57,profiled_cz,655,false,false,false,missing,false,true,gradient_only,8,1471,1311,0.24723865505165318,0.8150189221335867,missing
red4:lane2:snr10.0:seed4:frame58,10.0,58,profiled_cz,754,false,false,false,missing,false,true,gradient_only,2,1450,1354,0.43860110365685884,1.1084389891716901,missing
red4:lane2:snr10.0:seed4:frame59,10.0,59,profiled_cz,679,false,false,false,missing,false,true,gradient_only,5,1467,1317,0.4971771264042292,1.292539186267321,missing
red4:lane2:snr10.0:seed4:frame60,10.0,60,profiled_cz,765,false,false,false,missing,false,true,gradient_only,2,1461,1219,0.3666973391721499,0.9895149959462899,missing
red4:lane2:snr12.0:seed4:frame1,12.0,1,cwz_joint,443,false,false,true,missing,false,true,gradient_only,8,1446,0,0.1927385181244579,3.7562963856417073,missing
red4:lane2:snr12.0:seed4:frame2,12.0,2,cwz_joint,568,false,false,true,missing,false,true,gradient_only,8,1493,0,0.6517974340307214,4.697593720884158,missing
red4:lane2:snr12.0:seed4:frame3,12.0,3,cwz_joint,603,false,false,true,missing,false,true,gradient_only,8,1429,0,0.408957179629241,4.18287088656152,missing
red4:lane2:snr12.0:seed4:frame4,12.0,4,cwz_joint,520,false,false,true,missing,false,true,gradient_only,8,1424,0,0.2753062690214903,4.23100182436577,missing
red4:lane2:snr12.0:seed4:frame5,12.0,5,cwz_joint,517,false,false,true,missing,false,true,gradient_only,8,1449,0,0.1993892680743703,3.6134504620507513,missing
red4:lane2:snr12.0:seed4:frame6,12.0,6,cwz_joint,561,false,false,true,missing,false,true,gradient_only,8,1419,0,6.186571855923183,6.048646546980444,missing
red4:lane2:snr12.0:seed4:frame7,12.0,7,cwz_joint,476,false,false,true,missing,false,true,gradient_only,8,1452,0,0.30144659571896165,7.397100840185061,missing
red4:lane2:snr12.0:seed4:frame8,12.0,8,cwz_joint,589,false,false,false,missing,false,true,gradient_only,8,1440,2,0.5618333260990099,4.802239218298115,missing
red4:lane2:snr12.0:seed4:frame9,12.0,9,cwz_joint,556,false,false,false,missing,false,true,gradient_only,8,1483,3,0.2315697851931953,3.8719485751193417,missing
red4:lane2:snr12.0:seed4:frame10,12.0,10,cwz_joint,719,false,false,true,missing,false,true,gradient_only,8,1485,0,0.24408272874847356,3.625268710333297,missing
red4:lane2:snr12.0:seed4:frame11,12.0,11,cwz_joint,590,false,false,true,missing,false,true,gradient_only,8,1428,0,0.18247617071013547,4.469778483104474,missing
red4:lane2:snr12.0:seed4:frame12,12.0,12,cwz_joint,485,false,false,true,missing,false,true,gradient_only,8,1403,0,0.25663468002357054,3.3347655750151834,missing
red4:lane2:snr12.0:seed4:frame13,12.0,13,cwz_joint,525,false,false,true,missing,false,true,gradient_only,8,1425,0,0.18808742500235853,3.419721316686715,missing
red4:lane2:snr12.0:seed4:frame14,12.0,14,cwz_joint,692,false,false,true,missing,false,true,gradient_only,8,1445,0,0.20226534665207946,3.0368475643403663,missing
red4:lane2:snr12.0:seed4:frame15,12.0,15,cwz_joint,605,false,false,false,missing,false,true,gradient_only,8,1454,3,0.1704842510513119,3.423657389424573,missing
red4:lane2:snr12.0:seed4:frame16,12.0,16,cwz_joint,645,false,false,true,missing,false,true,gradient_only,8,1466,0,0.2411989260303697,2.234695046604642,missing
red4:lane2:snr12.0:seed4:frame17,12.0,17,cwz_joint,645,false,false,true,missing,false,true,gradient_only,8,1497,0,0.24714128592607226,6.710299900721414,missing
red4:lane2:snr12.0:seed4:frame18,12.0,18,cwz_joint,588,false,false,true,missing,false,true,gradient_only,8,1448,0,0.30015595277926094,5.3849973460267835,missing
red4:lane2:snr12.0:seed4:frame19,12.0,19,cwz_joint,487,false,false,true,missing,false,true,gradient_only,8,1437,0,0.5551106253619438,4.331389950870702,missing
red4:lane2:snr12.0:seed4:frame20,12.0,20,cwz_joint,638,false,false,false,missing,false,true,gradient_only,8,1492,4,0.27751392283101867,4.014138283513927,missing
red4:lane2:snr12.0:seed4:frame21,12.0,21,cwz_joint,665,false,false,true,missing,false,true,gradient_only,8,1488,0,0.15295829185444584,2.315648418148793,missing
red4:lane2:snr12.0:seed4:frame22,12.0,22,cwz_joint,482,false,false,true,missing,false,true,gradient_only,8,1453,0,0.15191355783762692,1.6883772391288419,missing
red4:lane2:snr12.0:seed4:frame23,12.0,23,cwz_joint,587,false,false,true,missing,false,true,gradient_only,8,1490,0,0.2183511728443953,3.8194633996959833,missing
red4:lane2:snr12.0:seed4:frame24,12.0,24,cwz_joint,670,false,false,true,missing,false,true,gradient_only,8,1457,0,0.18357883669987687,4.090172923753889,missing
red4:lane2:snr12.0:seed4:frame25,12.0,25,cwz_joint,649,false,false,true,missing,false,true,gradient_only,8,1425,0,0.3241675361847198,4.79387606964346,missing
red4:lane2:snr12.0:seed4:frame26,12.0,26,cwz_joint,546,false,false,true,missing,false,true,gradient_only,8,1477,0,0.20139537950701258,3.274780153363346,missing
red4:lane2:snr12.0:seed4:frame27,12.0,27,cwz_joint,633,false,false,true,missing,false,true,gradient_only,8,1487,0,0.17560967144873763,3.085734565058915,missing
red4:lane2:snr12.0:seed4:frame28,12.0,28,cwz_joint,498,false,false,true,missing,false,true,gradient_only,8,1425,0,0.16009672368452618,12.925079017155728,missing
red4:lane2:snr12.0:seed4:frame29,12.0,29,cwz_joint,548,false,false,true,missing,false,true,gradient_only,8,1394,0,0.30078347462803123,3.646430380639107,missing
red4:lane2:snr12.0:seed4:frame30,12.0,30,cwz_joint,589,false,false,true,missing,false,true,gradient_only,8,1394,0,0.26975182964819794,4.184488662923123,missing
red4:lane2:snr12.0:seed4:frame31,12.0,31,cwz_joint,590,false,false,true,missing,false,true,gradient_only,8,1479,0,0.22368110993428522,3.612353880895338,missing
red4:lane2:snr12.0:seed4:frame32,12.0,32,cwz_joint,597,false,false,true,missing,false,true,gradient_only,8,1442,0,0.1920312712682825,2.2507453079588493,missing
red4:lane2:snr12.0:seed4:frame33,12.0,33,cwz_joint,654,false,false,true,missing,false,true,gradient_only,8,1472,0,0.3083966460135176,2.0568961756986663,missing
red4:lane2:snr12.0:seed4:frame34,12.0,34,cwz_joint,692,false,false,true,missing,false,true,gradient_only,8,1455,0,0.23810222042766066,3.36117303400719,missing
red4:lane2:snr12.0:seed4:frame35,12.0,35,cwz_joint,501,false,false,true,missing,false,true,gradient_only,8,1449,0,0.20039187105739817,3.4224289574627167,missing
red4:lane2:snr12.0:seed4:frame36,12.0,36,cwz_joint,573,false,false,true,missing,false,true,gradient_only,8,1465,0,0.4588456077171314,3.8126720012215127,missing
red4:lane2:snr12.0:seed4:frame37,12.0,37,cwz_joint,669,false,false,false,missing,false,true,gradient_only,8,1502,2,0.2629826324939946,3.8433137669628223,missing
red4:lane2:snr12.0:seed4:frame38,12.0,38,cwz_joint,589,false,false,true,missing,false,true,gradient_only,8,1492,0,0.23903087641273507,3.623475941500936,missing
red4:lane2:snr12.0:seed4:frame39,12.0,39,cwz_joint,613,false,false,true,missing,false,true,gradient_only,8,1435,0,0.24438784633086327,3.4014125326728895,missing
red4:lane2:snr12.0:seed4:frame40,12.0,40,cwz_joint,637,false,false,false,missing,false,true,gradient_only,8,1507,1,0.1790680518354825,3.5423222271679213,missing
red4:lane2:snr12.0:seed4:frame41,12.0,41,cwz_joint,655,false,false,true,missing,false,true,gradient_only,8,1484,0,0.25870292174480725,3.4533047731271584,missing
red4:lane2:snr12.0:seed4:frame42,12.0,42,cwz_joint,447,false,false,true,missing,false,true,gradient_only,8,1449,0,0.24525255887683112,4.323783767581225,missing
red4:lane2:snr12.0:seed4:frame43,12.0,43,cwz_joint,693,false,false,true,missing,false,true,gradient_only,8,1462,0,0.21325081870767837,18.702808293113446,missing
red4:lane2:snr12.0:seed4:frame44,12.0,44,cwz_joint,623,false,false,true,missing,false,true,gradient_only,8,1461,0,0.17979050233204616,2.1678794688981995,missing
red4:lane2:snr12.0:seed4:frame45,12.0,45,cwz_joint,681,false,false,true,missing,false,true,gradient_only,8,1494,0,0.2515186298900301,4.161949565257977,missing
red4:lane2:snr12.0:seed4:frame46,12.0,46,cwz_joint,456,false,false,true,missing,false,true,gradient_only,8,1432,0,0.2005706574821554,3.749664442722807,missing
red4:lane2:snr12.0:seed4:frame47,12.0,47,cwz_joint,647,false,false,true,missing,false,true,gradient_only,8,1462,0,0.18063125493850038,4.643480567180738,missing
red4:lane2:snr12.0:seed4:frame48,12.0,48,cwz_joint,613,false,false,true,missing,false,true,gradient_only,8,1418,0,0.18899637532680474,2.4882857585845826,missing
red4:lane2:snr12.0:seed4:frame49,12.0,49,cwz_joint,580,false,false,true,missing,false,true,gradient_only,8,1474,0,0.19713390480691106,3.2623236475071877,missing
red4:lane2:snr12.0:seed4:frame50,12.0,50,cwz_joint,650,false,false,true,missing,false,true,gradient_only,8,1479,0,0.2422479508243889,3.799619238992704,missing
red4:lane2:snr12.0:seed4:frame51,12.0,51,cwz_joint,665,false,false,true,missing,false,true,gradient_only,8,1435,0,0.40703623358434676,3.40051944992809,missing
red4:lane2:snr12.0:seed4:frame52,12.0,52,cwz_joint,669,false,false,true,missing,false,true,gradient_only,8,1512,0,0.3306329592803298,4.074660871250011,missing
red4:lane2:snr12.0:seed4:frame53,12.0,53,cwz_joint,574,false,false,true,missing,false,true,gradient_only,8,1510,0,0.3547419382665741,4.585528352966674,missing
red4:lane2:snr12.0:seed4:frame54,12.0,54,cwz_joint,611,false,false,true,missing,false,true,gradient_only,8,1466,0,0.4072826056846582,4.6869942673621585,missing
red4:lane2:snr12.0:seed4:frame55,12.0,55,cwz_joint,728,false,false,false,missing,false,true,gradient_only,8,1467,10,0.36819138219033737,4.084541093128613,missing
red4:lane2:snr12.0:seed4:frame56,12.0,56,cwz_joint,415,false,false,false,missing,false,true,gradient_only,6,1426,2,0.11862363926976854,2.1714517094026187,missing
red4:lane2:snr12.0:seed4:frame57,12.0,57,cwz_joint,551,false,false,true,missing,false,true,gradient_only,8,1487,0,0.23735086298732297,3.6308352421792556,missing
red4:lane2:snr12.0:seed4:frame58,12.0,58,cwz_joint,544,false,false,true,missing,false,true,gradient_only,8,1487,0,0.29431888478509205,4.691980238110693,missing
red4:lane2:snr12.0:seed4:frame59,12.0,59,cwz_joint,557,false,false,true,missing,false,true,gradient_only,8,1474,0,0.40207590648168134,4.855437604690215,missing
red4:lane2:snr12.0:seed4:frame60,12.0,60,cwz_joint,637,false,false,true,missing,false,true,gradient_only,8,1436,0,0.22959499758863963,3.834519338467199,missing
red4:lane2:snr12.0:seed4:frame1,12.0,1,profiled_cz,472,false,false,false,missing,false,true,gradient_only,6,1446,1271,0.1927385181244579,0.8463031604578432,missing
red4:lane2:snr12.0:seed4:frame2,12.0,2,profiled_cz,585,false,false,false,missing,false,true,gradient_only,7,1493,1298,0.6517974340307214,0.9288683278193282,missing
red4:lane2:snr12.0:seed4:frame3,12.0,3,profiled_cz,623,false,false,false,missing,false,true,gradient_only,6,1429,1320,0.408957179629241,0.9347004748107104,missing
red4:lane2:snr12.0:seed4:frame4,12.0,4,profiled_cz,547,false,false,false,missing,false,true,gradient_only,3,1424,1196,0.2753062690214903,0.7852957694069846,missing
red4:lane2:snr12.0:seed4:frame5,12.0,5,profiled_cz,572,false,false,false,missing,false,true,gradient_only,7,1449,1335,0.1993892680743703,0.6836979059091814,missing
red4:lane2:snr12.0:seed4:frame6,12.0,6,profiled_cz,588,false,false,false,missing,false,true,gradient_only,3,1419,1310,6.186571855923183,1.026003843186113,missing
red4:lane2:snr12.0:seed4:frame7,12.0,7,profiled_cz,508,false,false,false,missing,false,true,gradient_only,7,1452,1217,0.30144659571896165,1.7053809357821752,missing
red4:lane2:snr12.0:seed4:frame8,12.0,8,profiled_cz,598,false,false,false,missing,false,true,gradient_only,1,1440,1290,0.5618333260990099,0.8711517297803777,missing
red4:lane2:snr12.0:seed4:frame9,12.0,9,profiled_cz,589,false,false,false,missing,false,true,gradient_only,8,1483,1319,0.2315697851931953,0.7297135821441663,missing
red4:lane2:snr12.0:seed4:frame10,12.0,10,profiled_cz,730,false,false,false,missing,false,true,gradient_only,1,1485,1331,0.24408272874847356,1.0793509806753772,missing
red4:lane2:snr12.0:seed4:frame11,12.0,11,profiled_cz,577,false,false,false,missing,false,true,gradient_only,6,1428,1303,0.18247617071013547,2.147618699446133,missing
red4:lane2:snr12.0:seed4:frame12,12.0,12,profiled_cz,559,false,false,false,missing,false,true,gradient_only,4,1403,1251,0.25663468002357054,0.7713865609062175,missing
red4:lane2:snr12.0:seed4:frame13,12.0,13,profiled_cz,540,false,false,false,missing,false,true,gradient_only,4,1425,1325,0.18808742500235853,0.7040009292129342,missing
red4:lane2:snr12.0:seed4:frame14,12.0,14,profiled_cz,714,false,false,false,missing,false,true,gradient_only,2,1445,1280,0.20226534665207946,0.6575454255230779,missing
red4:lane2:snr12.0:seed4:frame15,12.0,15,profiled_cz,641,false,false,false,missing,false,true,gradient_only,7,1454,1295,0.1704842510513119,0.696208263606748,missing
red4:lane2:snr12.0:seed4:frame16,12.0,16,profiled_cz,695,false,false,false,missing,false,true,gradient_only,7,1466,1349,0.2411989260303697,0.7140147215483345,missing
red4:lane2:snr12.0:seed4:frame17,12.0,17,profiled_cz,683,false,false,false,missing,false,true,gradient_only,8,1497,1291,0.24714128592607226,1.3382725474111286,missing
red4:lane2:snr12.0:seed4:frame18,12.0,18,profiled_cz,594,false,false,false,missing,false,true,gradient_only,7,1448,1292,0.30015595277926094,0.9773111387300574,missing
red4:lane2:snr12.0:seed4:frame19,12.0,19,profiled_cz,545,false,false,false,missing,false,true,gradient_only,4,1437,1310,0.5551106253619438,0.7972849272820334,missing
red4:lane2:snr12.0:seed4:frame20,12.0,20,profiled_cz,694,false,false,false,missing,false,true,gradient_only,1,1492,1377,0.27751392283101867,0.7580967887511776,missing
red4:lane2:snr12.0:seed4:frame21,12.0,21,profiled_cz,670,false,false,false,missing,false,true,gradient_only,1,1488,1327,0.15295829185444584,0.6616844865934164,missing
red4:lane2:snr12.0:seed4:frame22,12.0,22,profiled_cz,527,false,false,false,missing,false,true,gradient_only,7,1453,1286,0.15191355783762692,0.5738431132019822,missing
red4:lane2:snr12.0:seed4:frame23,12.0,23,profiled_cz,628,false,false,false,missing,false,true,gradient_only,4,1490,1308,0.2183511728443953,0.7636833456818616,missing
red4:lane2:snr12.0:seed4:frame24,12.0,24,profiled_cz,707,false,false,false,missing,false,true,gradient_only,1,1457,1302,0.18357883669987687,1.1457125598928408,missing
red4:lane2:snr12.0:seed4:frame25,12.0,25,profiled_cz,660,false,false,false,missing,false,true,gradient_only,5,1425,1301,0.3241675361847198,1.0758873489232668,missing
red4:lane2:snr12.0:seed4:frame26,12.0,26,profiled_cz,565,false,false,false,missing,false,true,gradient_only,8,1477,1261,0.20139537950701258,0.6724067779085364,missing
red4:lane2:snr12.0:seed4:frame27,12.0,27,profiled_cz,702,false,false,false,missing,false,true,gradient_only,6,1487,1335,0.17560967144873763,0.7596066962571861,missing
red4:lane2:snr12.0:seed4:frame28,12.0,28,profiled_cz,518,false,false,false,missing,false,true,gradient_only,1,1425,1259,0.16009672368452618,2.3084350634514457,missing
red4:lane2:snr12.0:seed4:frame29,12.0,29,profiled_cz,582,false,false,false,missing,false,true,gradient_only,2,1394,1274,0.30078347462803123,0.7298681912429481,missing
red4:lane2:snr12.0:seed4:frame30,12.0,30,profiled_cz,622,false,false,false,missing,false,true,gradient_only,7,1394,1221,0.26975182964819794,0.8936919492040383,missing
red4:lane2:snr12.0:seed4:frame31,12.0,31,profiled_cz,635,false,false,false,missing,false,true,gradient_only,1,1479,1270,0.22368110993428522,0.6995850533077059,missing
red4:lane2:snr12.0:seed4:frame32,12.0,32,profiled_cz,603,false,false,false,missing,false,true,gradient_only,3,1442,1338,0.1920312712682825,0.8258238014850025,missing
red4:lane2:snr12.0:seed4:frame33,12.0,33,profiled_cz,700,false,false,false,missing,false,true,gradient_only,2,1472,1331,0.3083966460135176,0.7204082988896033,missing
red4:lane2:snr12.0:seed4:frame34,12.0,34,profiled_cz,709,false,false,false,missing,false,true,gradient_only,7,1455,1307,0.23810222042766066,0.6801844091158794,missing
red4:lane2:snr12.0:seed4:frame35,12.0,35,profiled_cz,578,false,false,false,missing,false,true,gradient_only,6,1449,1263,0.20039187105739817,0.6813400031116122,missing
red4:lane2:snr12.0:seed4:frame36,12.0,36,profiled_cz,645,false,false,false,missing,false,true,gradient_only,1,1465,1317,0.4588456077171314,0.8952552763190773,missing
red4:lane2:snr12.0:seed4:frame37,12.0,37,profiled_cz,723,false,false,false,missing,false,true,gradient_only,3,1502,1402,0.2629826324939946,0.8411023468924413,missing
red4:lane2:snr12.0:seed4:frame38,12.0,38,profiled_cz,633,false,false,false,missing,false,true,gradient_only,1,1492,1315,0.23903087641273507,0.695520815246191,missing
red4:lane2:snr12.0:seed4:frame39,12.0,39,profiled_cz,652,false,false,false,missing,false,true,gradient_only,4,1435,1288,0.24438784633086327,0.7265227868447776,missing
red4:lane2:snr12.0:seed4:frame40,12.0,40,profiled_cz,652,false,false,false,missing,false,true,gradient_only,3,1507,1331,0.1790680518354825,0.7112774298870391,missing
red4:lane2:snr12.0:seed4:frame41,12.0,41,profiled_cz,664,false,false,false,missing,false,true,gradient_only,4,1484,1291,0.25870292174480725,0.6877407389353516,missing
red4:lane2:snr12.0:seed4:frame42,12.0,42,profiled_cz,481,false,false,false,missing,false,true,gradient_only,5,1449,1226,0.24525255887683112,0.91886768663545,missing
red4:lane2:snr12.0:seed4:frame43,12.0,43,profiled_cz,691,false,false,false,missing,false,true,gradient_only,4,1462,1312,0.21325081870767837,7.686319619317197,missing
red4:lane2:snr12.0:seed4:frame44,12.0,44,profiled_cz,641,false,false,false,missing,false,true,gradient_only,4,1461,1327,0.17979050233204616,0.5617542180787803,missing
red4:lane2:snr12.0:seed4:frame45,12.0,45,profiled_cz,709,false,false,false,missing,false,true,gradient_only,3,1494,1328,0.2515186298900301,0.8009846138361675,missing
red4:lane2:snr12.0:seed4:frame46,12.0,46,profiled_cz,558,false,false,false,missing,false,true,gradient_only,5,1432,1359,0.2005706574821554,0.7031313190219026,missing
red4:lane2:snr12.0:seed4:frame47,12.0,47,profiled_cz,673,false,false,false,missing,false,true,gradient_only,1,1462,1295,0.18063125493850038,1.000472663927656,missing
red4:lane2:snr12.0:seed4:frame48,12.0,48,profiled_cz,616,false,false,false,missing,false,true,gradient_only,1,1418,1320,0.18899637532680474,0.7277552960784519,missing
red4:lane2:snr12.0:seed4:frame49,12.0,49,profiled_cz,606,false,false,false,missing,false,true,gradient_only,5,1474,1303,0.19713390480691106,0.6729442740449265,missing
red4:lane2:snr12.0:seed4:frame50,12.0,50,profiled_cz,668,false,false,false,missing,false,true,gradient_only,5,1479,1330,0.2422479508243889,0.8188155499572487,missing
red4:lane2:snr12.0:seed4:frame51,12.0,51,profiled_cz,691,false,false,false,missing,false,true,gradient_only,1,1435,1324,0.40703623358434676,0.6810460037571794,missing
red4:lane2:snr12.0:seed4:frame52,12.0,52,profiled_cz,700,false,false,false,missing,false,true,gradient_only,8,1512,1345,0.3306329592803298,1.0379725551694303,missing
red4:lane2:snr12.0:seed4:frame53,12.0,53,profiled_cz,592,false,false,false,missing,false,true,gradient_only,7,1510,1328,0.3547419382665741,0.8958809906394156,missing
red4:lane2:snr12.0:seed4:frame54,12.0,54,profiled_cz,667,false,false,false,missing,false,true,gradient_only,2,1466,1320,0.4072826056846582,0.9615141802017417,missing
red4:lane2:snr12.0:seed4:frame55,12.0,55,profiled_cz,731,false,false,false,missing,false,true,gradient_only,7,1467,1295,0.36819138219033737,0.7746194736162253,missing
red4:lane2:snr12.0:seed4:frame56,12.0,56,profiled_cz,440,false,false,false,missing,false,true,gradient_only,8,1426,1242,0.11862363926976854,0.4625740363754178,missing
red4:lane2:snr12.0:seed4:frame57,12.0,57,profiled_cz,575,false,false,false,missing,false,true,gradient_only,6,1487,1308,0.23735086298732297,0.7059414494471102,missing
red4:lane2:snr12.0:seed4:frame58,12.0,58,profiled_cz,588,false,false,false,missing,false,true,gradient_only,4,1487,1337,0.29431888478509205,0.9519383296128711,missing
red4:lane2:snr12.0:seed4:frame59,12.0,59,profiled_cz,639,false,false,false,missing,false,true,gradient_only,5,1474,1261,0.40207590648168134,1.1406703128146107,missing
red4:lane2:snr12.0:seed4:frame60,12.0,60,profiled_cz,650,false,false,false,missing,false,true,gradient_only,7,1436,1295,0.22959499758863963,0.897387522067756,missing
red4:lane2:snr14.0:seed4:frame1,14.0,1,cwz_joint,11,false,false,true,missing,false,true,gradient_only,8,750,0,0.20347842661329218,3.45862019585643,missing
red4:lane2:snr14.0:seed4:frame2,14.0,2,cwz_joint,301,false,false,true,missing,false,true,gradient_only,8,1405,0,0.8015422797138128,4.474140072387753,missing
red4:lane2:snr14.0:seed4:frame3,14.0,3,cwz_joint,551,false,false,true,missing,false,true,gradient_only,8,1411,0,0.3162319671094477,4.008547378832321,missing
red4:lane2:snr14.0:seed4:frame4,14.0,4,cwz_joint,463,false,false,true,missing,false,true,gradient_only,8,1384,0,0.39310258748609156,4.0191610662858945,missing
red4:lane2:snr14.0:seed4:frame5,14.0,5,cwz_joint,320,false,false,true,missing,false,true,gradient_only,8,1407,0,0.15467234652501946,3.385050024092983,missing
red4:lane2:snr14.0:seed4:frame6,14.0,6,cwz_joint,456,false,false,false,missing,false,true,gradient_only,8,1417,5,0.24407496685262167,5.550035133751421,missing
red4:lane2:snr14.0:seed4:frame7,14.0,7,cwz_joint,404,false,false,true,missing,false,true,gradient_only,8,1345,0,0.24193658583559222,7.14115781182403,missing
red4:lane2:snr14.0:seed4:frame8,14.0,8,cwz_joint,533,false,false,true,missing,false,true,gradient_only,8,1475,0,0.5909683500283349,4.360309855092349,missing
red4:lane2:snr14.0:seed4:frame9,14.0,9,cwz_joint,492,false,false,true,missing,false,true,gradient_only,8,1422,0,0.2729320308538697,3.6663161939348,missing
red4:lane2:snr14.0:seed4:frame10,14.0,10,cwz_joint,582,false,false,true,missing,false,true,gradient_only,8,1428,0,0.1557558224142903,3.221421896143369,missing
red4:lane2:snr14.0:seed4:frame11,14.0,11,cwz_joint,505,false,false,true,missing,false,true,gradient_only,8,1473,0,0.15038890670744562,4.0114872527131835,missing
red4:lane2:snr14.0:seed4:frame12,14.0,12,cwz_joint,411,false,false,true,missing,false,true,gradient_only,8,1360,0,0.2511871738932987,3.234134220688943,missing
red4:lane2:snr14.0:seed4:frame13,14.0,13,cwz_joint,494,false,false,true,missing,false,true,gradient_only,8,1467,0,0.14754738805242232,3.202887112022538,missing
red4:lane2:snr14.0:seed4:frame14,14.0,14,cwz_joint,593,false,false,true,missing,false,true,gradient_only,8,1459,0,0.17677726013813777,2.8999079378644907,missing
red4:lane2:snr14.0:seed4:frame15,14.0,15,cwz_joint,520,false,false,true,missing,false,true,gradient_only,8,1424,0,0.14639762432179265,3.2530966404196433,missing
red4:lane2:snr14.0:seed4:frame16,14.0,16,cwz_joint,644,false,false,false,missing,false,true,gradient_only,8,1520,1,0.2072078348222037,2.079420051032437,missing
red4:lane2:snr14.0:seed4:frame17,14.0,17,cwz_joint,587,false,false,true,missing,false,true,gradient_only,8,1487,0,0.21715979272008734,5.756746819744702,missing
red4:lane2:snr14.0:seed4:frame18,14.0,18,cwz_joint,456,false,false,true,missing,false,true,gradient_only,8,1441,0,0.25687033510839297,4.828850973940615,missing
red4:lane2:snr14.0:seed4:frame19,14.0,19,cwz_joint,570,false,false,true,missing,false,true,gradient_only,8,1476,0,0.377293944101739,4.205641480008582,missing
red4:lane2:snr14.0:seed4:frame20,14.0,20,cwz_joint,409,false,false,true,missing,false,true,gradient_only,8,1432,0,0.1730840959280201,3.9010390787515177,missing
red4:lane2:snr14.0:seed4:frame21,14.0,21,cwz_joint,689,false,false,false,missing,false,true,gradient_only,8,1514,6,0.17481623663856194,2.1810853808636232,missing
red4:lane2:snr14.0:seed4:frame22,14.0,22,cwz_joint,313,false,false,true,missing,false,true,gradient_only,8,1398,0,0.12579067239456418,1.5455499394387275,missing
red4:lane2:snr14.0:seed4:frame23,14.0,23,cwz_joint,575,false,false,true,missing,false,true,gradient_only,8,1458,0,0.16955989075916378,3.496234933404885,missing
red4:lane2:snr14.0:seed4:frame24,14.0,24,cwz_joint,638,false,false,true,missing,false,true,gradient_only,8,1473,0,0.15149444391976793,3.6463831884745526,missing
red4:lane2:snr14.0:seed4:frame25,14.0,25,cwz_joint,587,false,false,true,missing,false,true,gradient_only,8,1434,0,0.22017053651874446,4.248282456758082,missing
red4:lane2:snr14.0:seed4:frame26,14.0,26,cwz_joint,642,false,false,true,missing,false,true,gradient_only,8,1454,0,0.19444381491760926,3.086427404954376,missing
red4:lane2:snr14.0:seed4:frame27,14.0,27,cwz_joint,548,false,false,true,missing,false,true,gradient_only,8,1445,0,0.15386892544783567,2.914441228721618,missing
red4:lane2:snr14.0:seed4:frame28,14.0,28,cwz_joint,576,false,false,false,missing,false,true,gradient_only,8,1448,4,0.16728498993248272,10.101668028164864,missing
red4:lane2:snr14.0:seed4:frame29,14.0,29,cwz_joint,485,false,false,true,missing,false,true,gradient_only,8,1446,0,0.22158478220080263,3.3580809941526537,missing
red4:lane2:snr14.0:seed4:frame30,14.0,30,cwz_joint,490,false,false,true,missing,false,true,gradient_only,8,1424,0,0.2521689382410783,3.8493158527749816,missing
red4:lane2:snr14.0:seed4:frame31,14.0,31,cwz_joint,663,false,false,false,missing,false,true,gradient_only,8,1450,3,0.21447900568360026,3.433209671365838,missing
red4:lane2:snr14.0:seed4:frame32,14.0,32,cwz_joint,533,false,false,true,missing,false,true,gradient_only,8,1420,0,0.16470530005381762,2.121213195134236,missing
red4:lane2:snr14.0:seed4:frame33,14.0,33,cwz_joint,558,false,false,true,missing,false,true,gradient_only,8,1462,0,0.1513053143692921,1.871890050212704,missing
red4:lane2:snr14.0:seed4:frame34,14.0,34,cwz_joint,552,false,false,true,missing,false,true,gradient_only,8,1464,0,0.17182182262546886,3.2298032276128383,missing
red4:lane2:snr14.0:seed4:frame35,14.0,35,cwz_joint,409,false,false,true,missing,false,true,gradient_only,8,1415,0,0.2690887756046786,3.31469222207772,missing
red4:lane2:snr14.0:seed4:frame36,14.0,36,cwz_joint,442,false,false,true,missing,false,true,gradient_only,8,1460,0,0.3900049025581853,3.6024375991469957,missing
red4:lane2:snr14.0:seed4:frame37,14.0,37,cwz_joint,585,false,false,true,missing,false,true,gradient_only,8,1460,0,0.21675438076119152,3.519990781007659,missing
red4:lane2:snr14.0:seed4:frame38,14.0,38,cwz_joint,449,false,false,true,missing,false,true,gradient_only,8,1442,0,0.14257230667999354,3.3247939298168467,missing
red4:lane2:snr14.0:seed4:frame39,14.0,39,cwz_joint,536,false,false,true,missing,false,true,gradient_only,8,1440,0,0.19719371087478238,3.232726215692712,missing
red4:lane2:snr14.0:seed4:frame40,14.0,40,cwz_joint,587,false,false,true,missing,false,true,gradient_only,8,1457,0,0.15597337461066174,3.3344793900594176,missing
red4:lane2:snr14.0:seed4:frame41,14.0,41,cwz_joint,607,false,false,true,missing,false,true,gradient_only,8,1499,0,0.2675677518364963,3.1886351849154697,missing
red4:lane2:snr14.0:seed4:frame42,14.0,42,cwz_joint,333,false,false,true,missing,false,true,gradient_only,8,1379,0,0.18908563077787183,3.941988360444303,missing
red4:lane2:snr14.0:seed4:frame43,14.0,43,cwz_joint,684,false,false,true,missing,false,true,gradient_only,8,1440,0,0.25267850148179455,19.224362063329753,missing
red4:lane2:snr14.0:seed4:frame44,14.0,44,cwz_joint,468,false,false,true,missing,false,true,gradient_only,8,1383,0,0.108963406268301,2.0522120570620572,missing
red4:lane2:snr14.0:seed4:frame45,14.0,45,cwz_joint,610,false,false,true,missing,false,true,gradient_only,8,1495,0,0.23550206856490344,3.8718124756290138,missing
red4:lane2:snr14.0:seed4:frame46,14.0,46,cwz_joint,429,false,false,true,missing,false,true,gradient_only,8,1410,0,0.17086879471604483,3.4985287872648096,missing
red4:lane2:snr14.0:seed4:frame47,14.0,47,cwz_joint,549,false,false,false,missing,false,true,gradient_only,8,1442,10,0.17782321062119982,4.03175410071321,missing
red4:lane2:snr14.0:seed4:frame48,14.0,48,cwz_joint,605,false,false,true,missing,false,true,gradient_only,8,1523,0,0.24923677142164255,2.3577897080114725,missing
red4:lane2:snr14.0:seed4:frame49,14.0,49,cwz_joint,510,false,false,true,missing,false,true,gradient_only,8,1419,0,0.15218060136915518,3.1304153018710834,missing
red4:lane2:snr14.0:seed4:frame50,14.0,50,cwz_joint,612,false,false,false,missing,false,true,gradient_only,8,1465,4,0.17424340317024356,3.5049714875802924,missing
red4:lane2:snr14.0:seed4:frame51,14.0,51,cwz_joint,598,false,false,true,missing,false,true,gradient_only,8,1459,0,0.29878945841632626,3.186456782556204,missing
red4:lane2:snr14.0:seed4:frame52,14.0,52,cwz_joint,548,false,false,true,missing,false,true,gradient_only,8,1424,0,0.2599099376152555,4.020693170926231,missing
red4:lane2:snr14.0:seed4:frame53,14.0,53,cwz_joint,496,false,false,false,missing,false,true,gradient_only,8,1464,1,0.2861456587172615,4.349649883405722,missing
red4:lane2:snr14.0:seed4:frame54,14.0,54,cwz_joint,482,false,false,true,missing,false,true,gradient_only,8,1417,0,0.2535044203066895,4.452678524090484,missing
red4:lane2:snr14.0:seed4:frame55,14.0,55,cwz_joint,614,false,false,false,missing,false,true,gradient_only,8,1479,5,0.1798386146452077,3.888857338024233,missing
red4:lane2:snr14.0:seed4:frame56,14.0,56,cwz_joint,161,false,false,true,missing,false,true,gradient_only,8,1282,0,0.09840877655737919,1.2163136737983467,missing
red4:lane2:snr14.0:seed4:frame57,14.0,57,cwz_joint,453,false,false,true,missing,false,true,gradient_only,8,1413,0,0.15264330494601516,3.4194510811970695,missing
red4:lane2:snr14.0:seed4:frame58,14.0,58,cwz_joint,492,false,false,true,missing,false,true,gradient_only,8,1464,0,0.25166596773388294,4.308183688204008,missing
red4:lane2:snr14.0:seed4:frame59,14.0,59,cwz_joint,540,false,false,true,missing,false,true,gradient_only,8,1390,0,0.5492509733276363,4.789620273764736,missing
red4:lane2:snr14.0:seed4:frame60,14.0,60,cwz_joint,597,false,false,true,missing,false,true,gradient_only,8,1488,0,0.18135772897428176,3.615011191244674,missing
red4:lane2:snr14.0:seed4:frame1,14.0,1,profiled_cz,12,false,false,false,missing,false,true,gradient_only,7,750,7,0.20347842661329218,0.8547773057917079,missing
red4:lane2:snr14.0:seed4:frame2,14.0,2,profiled_cz,372,false,false,false,missing,false,true,gradient_only,6,1405,1208,0.8015422797138128,0.9137102895594184,missing
red4:lane2:snr14.0:seed4:frame3,14.0,3,profiled_cz,583,false,false,false,missing,false,true,gradient_only,2,1411,1282,0.3162319671094477,0.8577395728070596,missing
red4:lane2:snr14.0:seed4:frame4,14.0,4,profiled_cz,507,false,false,false,missing,false,true,gradient_only,4,1384,1234,0.39310258748609156,0.7397497210592742,missing
red4:lane2:snr14.0:seed4:frame5,14.0,5,profiled_cz,372,false,false,false,missing,false,true,gradient_only,7,1407,1188,0.15467234652501946,0.6544172172181686,missing
red4:lane2:snr14.0:seed4:frame6,14.0,6,profiled_cz,497,false,false,false,missing,false,true,gradient_only,8,1417,1244,0.24407496685262167,0.9213570742031935,missing
red4:lane2:snr14.0:seed4:frame7,14.0,7,profiled_cz,448,false,false,false,missing,false,true,gradient_only,1,1345,1254,0.24193658583559222,1.3072694286536573,missing
red4:lane2:snr14.0:seed4:frame8,14.0,8,profiled_cz,574,false,false,false,missing,false,true,gradient_only,7,1475,1264,0.5909683500283349,0.7727255307177907,missing
red4:lane2:snr14.0:seed4:frame9,14.0,9,profiled_cz,501,false,false,false,missing,false,true,gradient_only,5,1422,1230,0.2729320308538697,0.6902448129807417,missing
red4:lane2:snr14.0:seed4:frame10,14.0,10,profiled_cz,608,false,false,false,missing,false,true,gradient_only,5,1428,1267,0.1557558224142903,0.8401991233838874,missing
red4:lane2:snr14.0:seed4:frame11,14.0,11,profiled_cz,535,false,false,false,missing,false,true,gradient_only,1,1473,1302,0.15038890670744562,1.510866922970238,missing
red4:lane2:snr14.0:seed4:frame12,14.0,12,profiled_cz,415,false,false,false,missing,false,true,gradient_only,4,1360,1192,0.2511871738932987,0.6862032991905891,missing
red4:lane2:snr14.0:seed4:frame13,14.0,13,profiled_cz,526,false,false,false,missing,false,true,gradient_only,3,1467,1363,0.14754738805242232,0.6391699359982996,missing
red4:lane2:snr14.0:seed4:frame14,14.0,14,profiled_cz,617,false,false,false,missing,false,true,gradient_only,8,1459,1280,0.17677726013813777,0.6157181569788944,missing
red4:lane2:snr14.0:seed4:frame15,14.0,15,profiled_cz,564,false,false,false,missing,false,true,gradient_only,1,1424,1250,0.14639762432179265,0.6499252359463177,missing
red4:lane2:snr14.0:seed4:frame16,14.0,16,profiled_cz,666,false,false,false,missing,false,true,gradient_only,4,1520,1333,0.2072078348222037,0.6296504963261721,missing
red4:lane2:snr14.0:seed4:frame17,14.0,17,profiled_cz,612,false,false,false,missing,false,true,gradient_only,7,1487,1327,0.21715979272008734,1.1422098874136868,missing
red4:lane2:snr14.0:seed4:frame18,14.0,18,profiled_cz,520,false,false,false,missing,false,true,gradient_only,7,1441,1287,0.25687033510839297,0.9253229782419203,missing
red4:lane2:snr14.0:seed4:frame19,14.0,19,profiled_cz,598,false,false,false,missing,false,true,gradient_only,5,1476,1266,0.377293944101739,0.7643300758925349,missing
red4:lane2:snr14.0:seed4:frame20,14.0,20,profiled_cz,491,false,false,false,missing,false,true,gradient_only,5,1432,1311,0.1730840959280201,0.724887046882961,missing
red4:lane2:snr14.0:seed4:frame21,14.0,21,profiled_cz,706,false,false,false,missing,false,true,gradient_only,7,1514,1332,0.17481623663856194,0.6130299336769484,missing
red4:lane2:snr14.0:seed4:frame22,14.0,22,profiled_cz,354,false,false,false,missing,false,true,gradient_only,1,1398,1100,0.12579067239456418,0.5313576261427599,missing
red4:lane2:snr14.0:seed4:frame23,14.0,23,profiled_cz,627,false,false,false,missing,false,true,gradient_only,4,1458,1346,0.16955989075916378,0.6883764851015215,missing
red4:lane2:snr14.0:seed4:frame24,14.0,24,profiled_cz,672,false,false,false,missing,false,true,gradient_only,3,1473,1370,0.15149444391976793,0.9932045568622407,missing
red4:lane2:snr14.0:seed4:frame25,14.0,25,profiled_cz,594,false,false,false,missing,false,true,gradient_only,8,1434,1253,0.22017053651874446,0.8867895610227472,missing
red4:lane2:snr14.0:seed4:frame26,14.0,26,profiled_cz,651,false,false,false,missing,false,true,gradient_only,8,1454,1335,0.19444381491760926,0.6179444386229206,missing
red4:lane2:snr14.0:seed4:frame27,14.0,27,profiled_cz,568,false,false,false,missing,false,true,gradient_only,1,1445,1244,0.15386892544783567,0.7003378180874459,missing
red4:lane2:snr14.0:seed4:frame28,14.0,28,profiled_cz,538,false,false,false,missing,false,true,gradient_only,4,1448,1308,0.16728498993248272,1.9527998026202145,missing
red4:lane2:snr14.0:seed4:frame29,14.0,29,profiled_cz,492,false,false,false,missing,false,true,gradient_only,4,1446,1273,0.22158478220080263,0.6400894650339556,missing
red4:lane2:snr14.0:seed4:frame30,14.0,30,profiled_cz,518,false,false,false,missing,false,true,gradient_only,1,1424,1213,0.2521689382410783,0.8179293578111742,missing
red4:lane2:snr14.0:seed4:frame31,14.0,31,profiled_cz,703,false,false,false,missing,false,true,gradient_only,4,1450,1345,0.21447900568360026,0.6501802613622625,missing
red4:lane2:snr14.0:seed4:frame32,14.0,32,profiled_cz,566,false,false,false,missing,false,true,gradient_only,4,1420,1321,0.16470530005381762,0.7215673472674321,missing
red4:lane2:snr14.0:seed4:frame33,14.0,33,profiled_cz,563,false,false,false,missing,false,true,gradient_only,6,1462,1263,0.1513053143692921,0.6333168699896364,missing
red4:lane2:snr14.0:seed4:frame34,14.0,34,profiled_cz,587,false,false,false,missing,false,true,gradient_only,7,1464,1294,0.17182182262546886,0.6511476599867286,missing
red4:lane2:snr14.0:seed4:frame35,14.0,35,profiled_cz,454,false,false,false,missing,false,true,gradient_only,3,1415,1255,0.2690887756046786,0.6314910381682151,missing
red4:lane2:snr14.0:seed4:frame36,14.0,36,profiled_cz,496,false,false,false,missing,false,true,gradient_only,4,1460,1249,0.3900049025581853,0.8063885593688421,missing
red4:lane2:snr14.0:seed4:frame37,14.0,37,profiled_cz,629,false,false,false,missing,false,true,gradient_only,8,1460,1292,0.21675438076119152,0.7488657450319347,missing
red4:lane2:snr14.0:seed4:frame38,14.0,38,profiled_cz,512,false,false,false,missing,false,true,gradient_only,3,1442,1290,0.14257230667999354,0.6220746329445449,missing
red4:lane2:snr14.0:seed4:frame39,14.0,39,profiled_cz,551,false,false,false,missing,false,true,gradient_only,6,1440,1234,0.19719371087478238,0.6699467082803744,missing
red4:lane2:snr14.0:seed4:frame40,14.0,40,profiled_cz,586,false,false,false,missing,false,true,gradient_only,7,1457,1271,0.15597337461066174,0.6692877569200923,missing
red4:lane2:snr14.0:seed4:frame41,14.0,41,profiled_cz,610,false,false,false,missing,false,true,gradient_only,5,1499,1288,0.2675677518364963,0.6625416663275748,missing
red4:lane2:snr14.0:seed4:frame42,14.0,42,profiled_cz,387,false,false,false,missing,false,true,gradient_only,4,1379,1164,0.18908563077787183,0.8198045987847206,missing
red4:lane2:snr14.0:seed4:frame43,14.0,43,profiled_cz,722,false,false,false,missing,false,true,gradient_only,5,1440,1335,0.25267850148179455,7.830964064937886,missing
red4:lane2:snr14.0:seed4:frame44,14.0,44,profiled_cz,495,false,false,false,missing,false,true,gradient_only,8,1383,1217,0.108963406268301,0.5277851016673882,missing
red4:lane2:snr14.0:seed4:frame45,14.0,45,profiled_cz,643,false,false,false,missing,false,true,gradient_only,2,1495,1356,0.23550206856490344,0.7073465295588545,missing
red4:lane2:snr14.0:seed4:frame46,14.0,46,profiled_cz,463,false,false,false,missing,false,true,gradient_only,2,1410,1277,0.17086879471604483,0.6694043797685796,missing
red4:lane2:snr14.0:seed4:frame47,14.0,47,profiled_cz,601,false,false,false,missing,false,true,gradient_only,3,1442,1352,0.17782321062119982,0.8282282438054259,missing
red4:lane2:snr14.0:seed4:frame48,14.0,48,profiled_cz,648,false,false,false,missing,false,true,gradient_only,4,1523,1344,0.24923677142164255,0.6791832482087965,missing
red4:lane2:snr14.0:seed4:frame49,14.0,49,profiled_cz,533,false,false,false,missing,false,true,gradient_only,2,1419,1318,0.15218060136915518,0.6273442701191844,missing
red4:lane2:snr14.0:seed4:frame50,14.0,50,profiled_cz,626,false,false,false,missing,false,true,gradient_only,6,1465,1326,0.17424340317024356,0.7412156661417447,missing
red4:lane2:snr14.0:seed4:frame51,14.0,51,profiled_cz,619,false,false,false,missing,false,true,gradient_only,4,1459,1284,0.29878945841632626,0.6168410703861448,missing
red4:lane2:snr14.0:seed4:frame52,14.0,52,profiled_cz,579,false,false,false,missing,false,true,gradient_only,1,1424,1278,0.2599099376152555,0.9506241533699744,missing
red4:lane2:snr14.0:seed4:frame53,14.0,53,profiled_cz,545,false,false,false,missing,false,true,gradient_only,6,1464,1327,0.2861456587172615,0.8828350152113639,missing
red4:lane2:snr14.0:seed4:frame54,14.0,54,profiled_cz,501,false,false,false,missing,false,true,gradient_only,4,1417,1211,0.2535044203066895,0.8620193868637221,missing
red4:lane2:snr14.0:seed4:frame55,14.0,55,profiled_cz,639,false,false,false,missing,false,true,gradient_only,5,1479,1312,0.1798386146452077,0.6993268496623203,missing
red4:lane2:snr14.0:seed4:frame56,14.0,56,profiled_cz,251,false,false,false,missing,false,true,gradient_only,6,1282,950,0.09840877655737919,0.4712353356310846,missing
red4:lane2:snr14.0:seed4:frame57,14.0,57,profiled_cz,488,false,false,false,missing,false,true,gradient_only,2,1413,1281,0.15264330494601516,0.6338316871122067,missing
red4:lane2:snr14.0:seed4:frame58,14.0,58,profiled_cz,521,false,false,false,missing,false,true,gradient_only,5,1464,1291,0.25166596773388294,0.8314516382245706,missing
red4:lane2:snr14.0:seed4:frame59,14.0,59,profiled_cz,520,false,false,false,missing,false,true,gradient_only,7,1390,1223,0.5492509733276363,1.0363735172713615,missing
red4:lane2:snr14.0:seed4:frame60,14.0,60,profiled_cz,616,false,false,false,missing,false,true,gradient_only,2,1488,1354,0.18135772897428176,0.846176975528962,missing
red4:lane2:snr16.0:seed4:frame1,16.0,1,cwz_joint,0,true,false,true,missing,true,true,gradient_only,8,0,0,0.36026792247838296,3.305470780906504,missing
red4:lane2:snr16.0:seed4:frame2,16.0,2,cwz_joint,13,false,false,true,missing,false,true,gradient_only,8,956,0,0.28459510870711835,4.28358915338547,missing
red4:lane2:snr16.0:seed4:frame3,16.0,3,cwz_joint,343,false,false,true,missing,false,true,gradient_only,8,1405,0,0.16914530574874043,3.8891711064720895,missing
red4:lane2:snr16.0:seed4:frame4,16.0,4,cwz_joint,328,false,false,true,missing,false,true,gradient_only,8,1422,0,0.18861522648898177,3.8948910338986513,missing
red4:lane2:snr16.0:seed4:frame5,16.0,5,cwz_joint,0,true,false,true,missing,true,true,gradient_only,8,0,0,0.1772353283223923,3.149406564469405,missing
red4:lane2:snr16.0:seed4:frame6,16.0,6,cwz_joint,361,false,false,true,missing,false,true,gradient_only,8,1415,0,0.21544687807338062,5.187311792333484,missing
red4:lane2:snr16.0:seed4:frame7,16.0,7,cwz_joint,243,false,false,true,missing,false,true,gradient_only,8,1354,0,0.45136888826474253,6.818284392846026,missing
red4:lane2:snr16.0:seed4:frame8,16.0,8,cwz_joint,444,false,false,true,missing,false,true,gradient_only,8,1396,0,0.21282317628647485,4.057720547684871,missing
red4:lane2:snr16.0:seed4:frame9,16.0,9,cwz_joint,327,false,false,true,missing,false,true,gradient_only,8,1377,0,0.18680402835641896,3.535154989767568,missing
red4:lane2:snr16.0:seed4:frame10,16.0,10,cwz_joint,560,false,false,true,missing,false,true,gradient_only,8,1450,0,0.1453246838316664,2.9951624193757462,missing
red4:lane2:snr16.0:seed4:frame11,16.0,11,cwz_joint,383,false,false,false,missing,false,true,gradient_only,8,1444,3,0.1370584313427356,3.545387198566237,missing
red4:lane2:snr16.0:seed4:frame12,16.0,12,cwz_joint,32,false,false,true,missing,false,true,gradient_only,8,890,0,0.21185139092426547,3.1833682546250213,missing
red4:lane2:snr16.0:seed4:frame13,16.0,13,cwz_joint,433,false,false,true,missing,false,true,gradient_only,8,1404,0,0.13395712420526784,3.0540657953848425,missing
red4:lane2:snr16.0:seed4:frame14,16.0,14,cwz_joint,556,false,false,true,missing,false,true,gradient_only,8,1468,0,0.14566456630508534,2.8438349159123324,missing
red4:lane2:snr16.0:seed4:frame15,16.0,15,cwz_joint,479,false,false,false,missing,false,true,gradient_only,8,1431,1,0.12230827563717227,3.1550079269248377,missing
red4:lane2:snr16.0:seed4:frame16,16.0,16,cwz_joint,575,false,false,true,missing,false,true,gradient_only,8,1443,0,0.18567503973273541,1.987296412079382,missing
red4:lane2:snr16.0:seed4:frame17,16.0,17,cwz_joint,588,false,false,true,missing,false,true,gradient_only,8,1453,0,0.18154602264496836,5.124489904623593,missing
red4:lane2:snr16.0:seed4:frame18,16.0,18,cwz_joint,262,false,false,true,missing,false,true,gradient_only,8,1363,0,0.5237304581614834,4.430992279219312,missing
red4:lane2:snr16.0:seed4:frame19,16.0,19,cwz_joint,505,false,false,true,missing,false,true,gradient_only,8,1439,0,0.39050294971064714,4.116698773571896,missing
red4:lane2:snr16.0:seed4:frame20,16.0,20,cwz_joint,80,false,false,true,missing,false,true,gradient_only,8,1353,0,0.21485615540655134,3.7676721427959836,missing
red4:lane2:snr16.0:seed4:frame21,16.0,21,cwz_joint,629,false,false,false,missing,false,true,gradient_only,8,1467,4,0.15421764728412227,2.0798472804813195,missing
red4:lane2:snr16.0:seed4:frame22,16.0,22,cwz_joint,0,true,false,true,missing,false,true,gradient_only,8,2,0,0.16580332313945198,1.387854891914025,missing
red4:lane2:snr16.0:seed4:frame23,16.0,23,cwz_joint,488,false,false,true,missing,false,true,gradient_only,8,1409,0,0.1599707580720696,3.2724046293353823,missing
red4:lane2:snr16.0:seed4:frame24,16.0,24,cwz_joint,607,false,false,true,missing,false,true,gradient_only,8,1439,0,0.13300893218200463,3.31385723646592,missing
red4:lane2:snr16.0:seed4:frame25,16.0,25,cwz_joint,505,false,false,true,missing,false,true,gradient_only,8,1423,0,0.23393908305034222,3.942903334269444,missing
red4:lane2:snr16.0:seed4:frame26,16.0,26,cwz_joint,490,false,false,true,missing,false,true,gradient_only,8,1398,0,0.12472718082608272,2.948694851201084,missing
red4:lane2:snr16.0:seed4:frame27,16.0,27,cwz_joint,509,false,false,true,missing,false,true,gradient_only,8,1394,0,0.17287817468061886,2.7864001479261638,missing
red4:lane2:snr16.0:seed4:frame28,16.0,28,cwz_joint,540,false,false,true,missing,false,true,gradient_only,8,1438,0,0.15649276879722457,7.601937461907864,missing
red4:lane2:snr16.0:seed4:frame29,16.0,29,cwz_joint,159,false,false,true,missing,false,true,gradient_only,8,1336,0,0.3284893862055089,3.1039610219614637,missing
red4:lane2:snr16.0:seed4:frame30,16.0,30,cwz_joint,535,false,false,true,missing,false,true,gradient_only,8,1391,0,0.33882188717715467,3.613777782800661,missing
red4:lane2:snr16.0:seed4:frame31,16.0,31,cwz_joint,537,false,false,true,missing,false,true,gradient_only,8,1437,0,0.14360915042034034,3.3180202432083568,missing
red4:lane2:snr16.0:seed4:frame32,16.0,32,cwz_joint,485,false,false,true,missing,false,true,gradient_only,8,1413,0,0.31562028038549594,2.0313767200670125,missing
red4:lane2:snr16.0:seed4:frame33,16.0,33,cwz_joint,425,false,false,true,missing,false,true,gradient_only,8,1398,0,0.1266383118869626,1.7271243132998875,missing
red4:lane2:snr16.0:seed4:frame34,16.0,34,cwz_joint,489,false,false,true,missing,false,true,gradient_only,8,1411,0,0.14555615170686,3.141806844508425,missing
red4:lane2:snr16.0:seed4:frame35,16.0,35,cwz_joint,180,false,false,true,missing,false,true,gradient_only,8,1380,0,0.8658547137213783,3.1811533069004443,missing
red4:lane2:snr16.0:seed4:frame36,16.0,36,cwz_joint,381,false,false,true,missing,false,true,gradient_only,8,1372,0,0.17373345449370522,3.504150677550642,missing
red4:lane2:snr16.0:seed4:frame37,16.0,37,cwz_joint,506,false,false,true,missing,false,true,gradient_only,8,1383,0,0.15970202317113313,3.2834574674904484,missing
red4:lane2:snr16.0:seed4:frame38,16.0,38,cwz_joint,198,false,false,true,missing,false,true,gradient_only,8,1316,0,0.13203162829475965,3.1083355399603776,missing
red4:lane2:snr16.0:seed4:frame39,16.0,39,cwz_joint,420,false,false,true,missing,false,true,gradient_only,8,1397,0,0.23387139732066548,3.1177441202315586,missing
red4:lane2:snr16.0:seed4:frame40,16.0,40,cwz_joint,535,false,false,true,missing,false,true,gradient_only,8,1416,0,0.13460259240460945,3.1716307945687428,missing
red4:lane2:snr16.0:seed4:frame41,16.0,41,cwz_joint,482,false,false,true,missing,false,true,gradient_only,8,1382,0,0.12878537922787214,3.021186929744547,missing
red4:lane2:snr16.0:seed4:frame42,16.0,42,cwz_joint,486,false,false,true,missing,false,true,gradient_only,8,1441,0,0.30998217298885694,3.671989526982775,missing
red4:lane2:snr16.0:seed4:frame43,16.0,43,cwz_joint,571,false,false,true,missing,false,true,gradient_only,8,1469,0,0.15880204429003242,18.30715198287486,missing
red4:lane2:snr16.0:seed4:frame44,16.0,44,cwz_joint,480,false,false,true,missing,false,true,gradient_only,8,1352,0,0.10808777042877779,1.9866055286243798,missing
red4:lane2:snr16.0:seed4:frame45,16.0,45,cwz_joint,608,false,false,true,missing,false,true,gradient_only,8,1448,0,0.2266685216899807,3.6838302248079113,missing
red4:lane2:snr16.0:seed4:frame46,16.0,46,cwz_joint,359,false,false,true,missing,false,true,gradient_only,8,1425,0,0.2424119802270131,3.339322327456996,missing
red4:lane2:snr16.0:seed4:frame47,16.0,47,cwz_joint,647,false,false,true,missing,false,true,gradient_only,8,1508,0,0.19172685131444223,3.597238562379844,missing
red4:lane2:snr16.0:seed4:frame48,16.0,48,cwz_joint,538,false,false,true,missing,false,true,gradient_only,8,1433,0,0.13468016912567476,2.2378797686657608,missing
red4:lane2:snr16.0:seed4:frame49,16.0,49,cwz_joint,551,false,false,true,missing,false,true,gradient_only,8,1505,0,0.19312702894028752,3.023466769014424,missing
red4:lane2:snr16.0:seed4:frame50,16.0,50,cwz_joint,595,false,false,true,missing,false,true,gradient_only,8,1444,0,0.2324243729940244,3.3150902332628847,missing
red4:lane2:snr16.0:seed4:frame51,16.0,51,cwz_joint,517,false,false,true,missing,false,true,gradient_only,8,1473,0,0.2526314190721923,3.0766368790598655,missing
red4:lane2:snr16.0:seed4:frame52,16.0,52,cwz_joint,420,false,false,false,missing,false,true,gradient_only,7,1468,4,0.18355718490839262,4.526919912373458,missing
red4:lane2:snr16.0:seed4:frame53,16.0,53,cwz_joint,171,false,false,true,missing,false,true,gradient_only,8,1357,0,0.20363171121477286,4.1649077514936375,missing
red4:lane2:snr16.0:seed4:frame54,16.0,54,cwz_joint,403,false,false,true,missing,false,true,gradient_only,8,1448,0,0.2062154907355065,4.344337749651917,missing
red4:lane2:snr16.0:seed4:frame55,16.0,55,cwz_joint,650,false,false,false,missing,false,true,gradient_only,8,1494,2,0.216970670251099,3.7692706065449864,missing
red4:lane2:snr16.0:seed4:frame56,16.0,56,cwz_joint,0,true,false,true,missing,false,true,gradient_only,8,2,0,0.12017761528161312,1.1370267046669629,missing
red4:lane2:snr16.0:seed4:frame57,16.0,57,cwz_joint,557,false,false,false,missing,false,true,gradient_only,8,1464,1,0.1982001608443938,3.288275097245451,missing
red4:lane2:snr16.0:seed4:frame58,16.0,58,cwz_joint,383,false,false,true,missing,false,true,gradient_only,8,1440,0,0.18880411129694025,4.033886680892119,missing
red4:lane2:snr16.0:seed4:frame59,16.0,59,cwz_joint,341,false,false,false,missing,false,true,gradient_only,7,1349,3,0.2550075730386659,5.263326990866269,missing
red4:lane2:snr16.0:seed4:frame60,16.0,60,cwz_joint,578,false,false,true,missing,false,true,gradient_only,8,1463,0,0.24100203753891372,3.459992276930833,missing
red4:lane2:snr16.0:seed4:frame1,16.0,1,profiled_cz,0,true,false,true,missing,true,true,gradient_only,0,0,0,0.36026792247838296,0.36026792247838296,missing
red4:lane2:snr16.0:seed4:frame2,16.0,2,profiled_cz,12,false,false,false,missing,false,true,gradient_only,7,956,37,0.28459510870711835,1.0848372438039997,missing
red4:lane2:snr16.0:seed4:frame3,16.0,3,profiled_cz,374,false,false,false,missing,false,true,gradient_only,6,1405,1173,0.16914530574874043,0.7984438396422884,missing
red4:lane2:snr16.0:seed4:frame4,16.0,4,profiled_cz,404,false,false,false,missing,false,true,gradient_only,7,1422,1266,0.18861522648898177,0.6749462281334213,missing
red4:lane2:snr16.0:seed4:frame5,16.0,5,profiled_cz,0,true,false,true,missing,true,true,gradient_only,0,0,0,0.1772353283223923,0.1772353283223923,missing
red4:lane2:snr16.0:seed4:frame6,16.0,6,profiled_cz,422,false,false,false,missing,false,true,gradient_only,7,1415,1204,0.21544687807338062,0.8905587650721444,missing
red4:lane2:snr16.0:seed4:frame7,16.0,7,profiled_cz,327,false,false,false,missing,false,true,gradient_only,6,1354,1148,0.45136888826474253,1.2951515932864424,missing
red4:lane2:snr16.0:seed4:frame8,16.0,8,profiled_cz,455,false,false,false,missing,false,true,gradient_only,5,1396,1283,0.21282317628647485,0.7050480885555642,missing
red4:lane2:snr16.0:seed4:frame9,16.0,9,profiled_cz,414,false,false,false,missing,false,true,gradient_only,1,1377,1205,0.18680402835641896,0.6543907337109494,missing
red4:lane2:snr16.0:seed4:frame10,16.0,10,profiled_cz,558,false,false,false,missing,false,true,gradient_only,4,1450,1235,0.1453246838316664,0.7322919509549027,missing
red4:lane2:snr16.0:seed4:frame11,16.0,11,profiled_cz,418,false,false,false,missing,false,true,gradient_only,6,1444,1216,0.1370584313427356,1.296796124221103,missing
red4:lane2:snr16.0:seed4:frame12,16.0,12,profiled_cz,35,false,false,false,missing,false,true,gradient_only,4,890,49,0.21185139092426547,0.7869631274268204,missing
red4:lane2:snr16.0:seed4:frame13,16.0,13,profiled_cz,429,false,false,false,missing,false,true,gradient_only,7,1404,1223,0.13395712420526784,0.6173889093451618,missing
red4:lane2:snr16.0:seed4:frame14,16.0,14,profiled_cz,556,false,false,false,missing,false,true,gradient_only,7,1468,1272,0.14566456630508534,0.5938591748285149,missing
red4:lane2:snr16.0:seed4:frame15,16.0,15,profiled_cz,499,false,false,false,missing,false,true,gradient_only,2,1431,1229,0.12230827563717227,0.6638532265972459,missing
red4:lane2:snr16.0:seed4:frame16,16.0,16,profiled_cz,601,false,false,false,missing,false,true,gradient_only,3,1443,1326,0.18567503973273541,0.5739744770649877,missing
red4:lane2:snr16.0:seed4:frame17,16.0,17,profiled_cz,602,false,false,false,missing,false,true,gradient_only,2,1453,1318,0.18154602264496836,1.012110369859268,missing
red4:lane2:snr16.0:seed4:frame18,16.0,18,profiled_cz,330,false,false,false,missing,false,true,gradient_only,4,1363,1106,0.5237304581614834,0.8875917596109951,missing
red4:lane2:snr16.0:seed4:frame19,16.0,19,profiled_cz,550,false,false,false,missing,false,true,gradient_only,1,1439,1289,0.39050294971064714,0.757237260573242,missing
red4:lane2:snr16.0:seed4:frame20,16.0,20,profiled_cz,218,false,false,false,missing,false,true,gradient_only,4,1353,1035,0.21485615540655134,0.7252878884260817,missing
red4:lane2:snr16.0:seed4:frame21,16.0,21,profiled_cz,665,false,false,false,missing,false,true,gradient_only,5,1467,1316,0.15421764728412227,0.5725576967669391,missing
red4:lane2:snr16.0:seed4:frame22,16.0,22,profiled_cz,0,true,false,true,missing,false,true,gradient_only,1,2,0,0.16580332313945198,0.90747027405473,missing
red4:lane2:snr16.0:seed4:frame23,16.0,23,profiled_cz,508,false,false,false,missing,false,true,gradient_only,5,1409,1245,0.1599707580720696,0.6510036226580851,missing
red4:lane2:snr16.0:seed4:frame24,16.0,24,profiled_cz,597,false,false,false,missing,false,true,gradient_only,4,1439,1266,0.13300893218200463,0.8411371233201469,missing
red4:lane2:snr16.0:seed4:frame25,16.0,25,profiled_cz,543,false,false,false,missing,false,true,gradient_only,8,1423,1295,0.23393908305034222,0.7816439718673949,missing
red4:lane2:snr16.0:seed4:frame26,16.0,26,profiled_cz,535,false,false,false,missing,false,true,gradient_only,6,1398,1278,0.12472718082608272,0.5862551698327438,missing
red4:lane2:snr16.0:seed4:frame27,16.0,27,profiled_cz,506,false,false,false,missing,false,true,gradient_only,3,1394,1181,0.17287817468061886,0.6355368084635328,missing
red4:lane2:snr16.0:seed4:frame28,16.0,28,profiled_cz,560,false,false,false,missing,false,true,gradient_only,7,1438,1296,0.15649276879722457,1.8351943184255635,missing
red4:lane2:snr16.0:seed4:frame29,16.0,29,profiled_cz,217,false,false,false,missing,false,true,gradient_only,7,1336,969,0.3284893862055089,0.574211492830115,missing
red4:lane2:snr16.0:seed4:frame30,16.0,30,profiled_cz,573,false,false,false,missing,false,true,gradient_only,1,1391,1276,0.33882188717715467,0.7492050470765693,missing
red4:lane2:snr16.0:seed4:frame31,16.0,31,profiled_cz,564,false,false,false,missing,false,true,gradient_only,3,1437,1305,0.14360915042034034,0.6158815923224473,missing
red4:lane2:snr16.0:seed4:frame32,16.0,32,profiled_cz,524,false,false,false,missing,false,true,gradient_only,2,1413,1294,0.31562028038549594,0.6677167887501526,missing
red4:lane2:snr16.0:seed4:frame33,16.0,33,profiled_cz,419,false,false,false,missing,false,true,gradient_only,1,1398,1215,0.1266383118869626,0.5673934689349484,missing
red4:lane2:snr16.0:seed4:frame34,16.0,34,profiled_cz,537,false,false,false,missing,false,true,gradient_only,1,1411,1219,0.14555615170686,0.625631559512403,missing
red4:lane2:snr16.0:seed4:frame35,16.0,35,profiled_cz,272,false,false,false,missing,false,true,gradient_only,1,1380,1011,0.8658547137213783,0.625527717304582,missing
red4:lane2:snr16.0:seed4:frame36,16.0,36,profiled_cz,430,false,false,false,missing,false,true,gradient_only,2,1372,1241,0.17373345449370522,0.7377762149256852,missing
red4:lane2:snr16.0:seed4:frame37,16.0,37,profiled_cz,546,false,false,false,missing,false,true,gradient_only,6,1383,1265,0.15970202317113313,0.7152542593313554,missing
red4:lane2:snr16.0:seed4:frame38,16.0,38,profiled_cz,274,false,false,false,missing,false,true,gradient_only,8,1316,1053,0.13203162829475965,0.6195949435595278,missing
red4:lane2:snr16.0:seed4:frame39,16.0,39,profiled_cz,440,false,false,false,missing,false,true,gradient_only,5,1397,1192,0.23387139732066548,0.6417484530168338,missing
red4:lane2:snr16.0:seed4:frame40,16.0,40,profiled_cz,558,false,false,false,missing,false,true,gradient_only,3,1416,1264,0.13460259240460945,0.6326569334445833,missing
red4:lane2:snr16.0:seed4:frame41,16.0,41,profiled_cz,513,false,false,false,missing,false,true,gradient_only,5,1382,1240,0.12878537922787214,0.599006240452756,missing
red4:lane2:snr16.0:seed4:frame42,16.0,42,profiled_cz,530,false,false,false,missing,false,true,gradient_only,6,1441,1275,0.30998217298885694,0.743118544263916,missing
red4:lane2:snr16.0:seed4:frame43,16.0,43,profiled_cz,568,false,false,false,missing,false,true,gradient_only,8,1469,1302,0.15880204429003242,6.243134527624067,missing
red4:lane2:snr16.0:seed4:frame44,16.0,44,profiled_cz,499,false,false,false,missing,false,true,gradient_only,8,1352,1235,0.10808777042877779,0.5102190211185057,missing
red4:lane2:snr16.0:seed4:frame45,16.0,45,profiled_cz,628,false,false,false,missing,false,true,gradient_only,3,1448,1319,0.2266685216899807,0.6477501897956094,missing
red4:lane2:snr16.0:seed4:frame46,16.0,46,profiled_cz,429,false,false,false,missing,false,true,gradient_only,2,1425,1252,0.2424119802270131,0.6392053569010622,missing
red4:lane2:snr16.0:seed4:frame47,16.0,47,profiled_cz,643,false,false,false,missing,false,true,gradient_only,7,1508,1337,0.19172685131444223,0.7479062423949576,missing
red4:lane2:snr16.0:seed4:frame48,16.0,48,profiled_cz,566,false,false,false,missing,false,true,gradient_only,2,1433,1328,0.13468016912567476,0.6421612798269013,missing
red4:lane2:snr16.0:seed4:frame49,16.0,49,profiled_cz,579,false,false,false,missing,false,true,gradient_only,3,1505,1352,0.19312702894028752,0.62084630245553,missing
red4:lane2:snr16.0:seed4:frame50,16.0,50,profiled_cz,624,false,false,false,missing,false,true,gradient_only,4,1444,1311,0.2324243729940244,0.71757151028727,missing
red4:lane2:snr16.0:seed4:frame51,16.0,51,profiled_cz,543,false,false,false,missing,false,true,gradient_only,3,1473,1320,0.2526314190721923,0.6035450090732299,missing
red4:lane2:snr16.0:seed4:frame52,16.0,52,profiled_cz,456,false,false,false,missing,false,true,gradient_only,2,1468,1250,0.18355718490839262,0.907043956692281,missing
red4:lane2:snr16.0:seed4:frame53,16.0,53,profiled_cz,210,false,false,false,missing,false,true,gradient_only,6,1357,885,0.20363171121477286,0.8534664115720335,missing
red4:lane2:snr16.0:seed4:frame54,16.0,54,profiled_cz,441,false,false,false,missing,false,true,gradient_only,1,1448,1229,0.2062154907355065,0.8508592354323012,missing
red4:lane2:snr16.0:seed4:frame55,16.0,55,profiled_cz,697,false,false,false,missing,false,true,gradient_only,8,1494,1409,0.216970670251099,0.6813832143579908,missing
red4:lane2:snr16.0:seed4:frame56,16.0,56,profiled_cz,0,true,false,true,missing,false,true,gradient_only,1,2,0,0.12017761528161312,0.744868876337366,missing
red4:lane2:snr16.0:seed4:frame57,16.0,57,profiled_cz,567,false,false,false,missing,false,true,gradient_only,7,1464,1329,0.1982001608443938,0.5868830212829887,missing
red4:lane2:snr16.0:seed4:frame58,16.0,58,profiled_cz,459,false,false,false,missing,false,true,gradient_only,5,1440,1289,0.18880411129694025,0.7651374582752274,missing
red4:lane2:snr16.0:seed4:frame59,16.0,59,profiled_cz,366,false,false,false,missing,false,true,gradient_only,3,1349,1192,0.2550075730386659,1.0077037349588487,missing
red4:lane2:snr16.0:seed4:frame60,16.0,60,profiled_cz,578,false,false,false,missing,false,true,gradient_only,3,1463,1304,0.24100203753891372,0.7740222387905372,missing
red4:lane2:snr18.0:seed4:frame1,18.0,1,cwz_joint,0,true,false,true,missing,true,true,gradient_only,8,0,0,0.2153672493789978,3.2116215187919726,missing
red4:lane2:snr18.0:seed4:frame2,18.0,2,cwz_joint,0,true,false,true,missing,true,true,gradient_only,8,0,0,0.33960204434363356,4.221440249409414,missing
red4:lane2:snr18.0:seed4:frame3,18.0,3,cwz_joint,13,false,false,true,missing,false,true,gradient_only,8,614,0,0.20837294471326898,3.723942940766181,missing
red4:lane2:snr18.0:seed4:frame4,18.0,4,cwz_joint,0,true,false,true,missing,true,true,gradient_only,8,0,0,0.304502357619982,3.710443652349309,missing
red4:lane2:snr18.0:seed4:frame5,18.0,5,cwz_joint,0,true,false,true,missing,true,true,gradient_only,8,0,0,0.31750205406185356,3.061848265837914,missing
red4:lane2:snr18.0:seed4:frame6,18.0,6,cwz_joint,6,false,false,true,missing,false,true,gradient_only,8,1208,0,0.20424838937041556,4.827762456919629,missing
red4:lane2:snr18.0:seed4:frame7,18.0,7,cwz_joint,3,false,false,true,missing,false,true,gradient_only,8,93,0,7.591053380804618,6.457593768000893,missing
red4:lane2:snr18.0:seed4:frame8,18.0,8,cwz_joint,7,false,false,true,missing,false,true,gradient_only,8,1130,0,0.22521414640858506,3.747365038606055,missing
red4:lane2:snr18.0:seed4:frame9,18.0,9,cwz_joint,0,true,false,true,missing,false,true,gradient_only,8,6,0,0.22732417950697048,3.3405714399240547,missing
red4:lane2:snr18.0:seed4:frame10,18.0,10,cwz_joint,498,false,false,true,missing,false,true,gradient_only,8,1424,0,0.11978517898259254,2.808348068692473,missing
red4:lane2:snr18.0:seed4:frame11,18.0,11,cwz_joint,409,false,false,true,missing,false,true,gradient_only,8,1468,0,0.12621114051100427,3.1853954883671682,missing
red4:lane2:snr18.0:seed4:frame12,18.0,12,cwz_joint,0,true,false,true,missing,false,true,gradient_only,8,1,0,0.2350703957724039,3.223231070841032,missing
red4:lane2:snr18.0:seed4:frame13,18.0,13,cwz_joint,372,false,false,true,missing,false,true,gradient_only,8,1406,0,0.11769335209560292,2.961846075963445,missing
red4:lane2:snr18.0:seed4:frame14,18.0,14,cwz_joint,490,false,false,true,missing,false,true,gradient_only,8,1427,0,0.12678813107232823,2.8429317379987715,missing
red4:lane2:snr18.0:seed4:frame15,18.0,15,cwz_joint,444,false,false,true,missing,false,true,gradient_only,8,1429,0,0.1180625501792506,3.070908864519497,missing
red4:lane2:snr18.0:seed4:frame16,18.0,16,cwz_joint,424,false,false,true,missing,false,true,gradient_only,8,1358,0,0.11871593380730959,1.9208509560494191,missing
red4:lane2:snr18.0:seed4:frame17,18.0,17,cwz_joint,640,false,false,false,missing,false,true,gradient_only,8,1478,3,0.25434149881896445,4.732304018703829,missing
red4:lane2:snr18.0:seed4:frame18,18.0,18,cwz_joint,0,true,false,true,missing,true,true,gradient_only,8,0,0,0.4140316885473304,4.089552138543923,missing
red4:lane2:snr18.0:seed4:frame19,18.0,19,cwz_joint,394,false,false,true,missing,false,true,gradient_only,8,1385,0,0.21497974417955676,4.078406404103717,missing
red4:lane2:snr18.0:seed4:frame20,18.0,20,cwz_joint,0,true,false,true,missing,true,true,gradient_only,8,0,0,0.3482371392033707,3.6580168035883114,missing
red4:lane2:snr18.0:seed4:frame21,18.0,21,cwz_joint,616,false,false,true,missing,false,true,gradient_only,8,1454,0,0.1428793327390739,2.0331812779192124,missing
red4:lane2:snr18.0:seed4:frame22,18.0,22,cwz_joint,0,true,false,true,missing,true,true,gradient_only,8,0,0,0.13538218022776743,1.3086438833120728,missing
red4:lane2:snr18.0:seed4:frame23,18.0,23,cwz_joint,407,false,false,true,missing,false,true,gradient_only,8,1386,0,0.13845685233642666,3.1270926439723072,missing
red4:lane2:snr18.0:seed4:frame24,18.0,24,cwz_joint,593,false,false,true,missing,false,true,gradient_only,8,1526,0,0.17298320431008807,3.05169772913131,missing
red4:lane2:snr18.0:seed4:frame25,18.0,25,cwz_joint,501,false,false,true,missing,false,true,gradient_only,8,1428,0,47.03088228371821,3.7321346017708628,missing
red4:lane2:snr18.0:seed4:frame26,18.0,26,cwz_joint,582,false,false,false,missing,false,true,gradient_only,8,1436,3,0.15947106192191424,2.874234901690672,missing
red4:lane2:snr18.0:seed4:frame27,18.0,27,cwz_joint,329,false,false,false,missing,false,true,gradient_only,7,1401,4,0.12904804413420526,3.0597186479943383,missing
red4:lane2:snr18.0:seed4:frame28,18.0,28,cwz_joint,1,false,false,true,missing,false,true,gradient_only,8,14,0,0.23287198480881757,5.61851584102057,missing
red4:lane2:snr18.0:seed4:frame29,18.0,29,cwz_joint,1,false,false,true,missing,false,true,gradient_only,8,1,0,0.22827634728413168,2.8805285289940965,missing
red4:lane2:snr18.0:seed4:frame30,18.0,30,cwz_joint,50,false,false,true,missing,false,true,gradient_only,8,1281,0,0.20757097066614208,3.3852266532143003,missing
red4:lane2:snr18.0:seed4:frame31,18.0,31,cwz_joint,590,false,false,false,missing,false,true,gradient_only,8,1525,2,0.1922279109893895,3.2582890663559048,missing
red4:lane2:snr18.0:seed4:frame32,18.0,32,cwz_joint,431,false,false,true,missing,false,true,gradient_only,8,1408,0,0.12236220911275134,1.9623312603936627,missing
red4:lane2:snr18.0:seed4:frame33,18.0,33,cwz_joint,286,false,false,true,missing,false,true,gradient_only,8,1352,0,0.13083106369948286,1.6468740653638754,missing
red4:lane2:snr18.0:seed4:frame34,18.0,34,cwz_joint,496,false,false,true,missing,false,true,gradient_only,8,1441,0,0.14269500780693928,3.085418235397334,missing
red4:lane2:snr18.0:seed4:frame35,18.0,35,cwz_joint,1,false,false,true,missing,true,true,gradient_only,8,0,0,0.2820828557402372,3.0348468818703704,missing
red4:lane2:snr18.0:seed4:frame36,18.0,36,cwz_joint,81,false,false,true,missing,false,true,gradient_only,8,1229,0,0.27021324904266925,3.3727337472107277,missing
red4:lane2:snr18.0:seed4:frame37,18.0,37,cwz_joint,582,false,false,true,missing,false,true,gradient_only,8,1449,0,0.19596307024508605,3.157272741410698,missing
red4:lane2:snr18.0:seed4:frame38,18.0,38,cwz_joint,0,true,false,true,missing,false,true,gradient_only,8,12,0,0.18580110159930818,2.921423126889571,missing
red4:lane2:snr18.0:seed4:frame39,18.0,39,cwz_joint,272,false,false,true,missing,false,true,gradient_only,8,1392,0,0.16092474299594547,3.043141306182066,missing
red4:lane2:snr18.0:seed4:frame40,18.0,40,cwz_joint,449,false,false,true,missing,false,true,gradient_only,8,1419,0,0.1299015965816889,3.0601420681862583,missing
red4:lane2:snr18.0:seed4:frame41,18.0,41,cwz_joint,549,false,false,true,missing,false,true,gradient_only,8,1488,0,0.18138289378468428,2.9058454208962856,missing
red4:lane2:snr18.0:seed4:frame42,18.0,42,cwz_joint,1,false,false,true,missing,false,true,gradient_only,8,7,0,0.17453149176029709,3.3372235939649526,missing
red4:lane2:snr18.0:seed4:frame43,18.0,43,cwz_joint,630,false,false,false,missing,false,true,gradient_only,8,1424,1,0.1813891274766963,15.94598932171763,missing
red4:lane2:snr18.0:seed4:frame44,18.0,44,cwz_joint,299,false,false,true,missing,false,true,gradient_only,8,1363,0,0.10346953433928566,1.9656637211134007,missing
red4:lane2:snr18.0:seed4:frame45,18.0,45,cwz_joint,528,false,false,true,missing,false,true,gradient_only,8,1417,0,0.14938495710290192,3.5339860693943197,missing
red4:lane2:snr18.0:seed4:frame46,18.0,46,cwz_joint,2,false,false,true,missing,false,true,gradient_only,8,96,0,0.1962959347583907,3.1523429800736444,missing
red4:lane2:snr18.0:seed4:frame47,18.0,47,cwz_joint,491,false,false,false,missing,false,true,gradient_only,8,1424,1,0.13883697089930558,3.25674150158114,missing
red4:lane2:snr18.0:seed4:frame48,18.0,48,cwz_joint,376,false,false,true,missing,false,true,gradient_only,8,1432,0,0.12841686158497329,2.1665575786623408,missing
red4:lane2:snr18.0:seed4:frame49,18.0,49,cwz_joint,380,false,false,true,missing,false,true,gradient_only,8,1398,0,0.12269095284923945,2.9165229496682015,missing
red4:lane2:snr18.0:seed4:frame50,18.0,50,cwz_joint,569,false,false,true,missing,false,true,gradient_only,8,1444,0,0.21155762484398452,3.1776381369206397,missing
red4:lane2:snr18.0:seed4:frame51,18.0,51,cwz_joint,466,false,false,true,missing,false,true,gradient_only,8,1456,0,0.1299260287895344,2.9921421863076154,missing
red4:lane2:snr18.0:seed4:frame52,18.0,52,cwz_joint,329,false,false,true,missing,false,true,gradient_only,8,1388,0,0.19275714418831713,3.964155805193986,missing
red4:lane2:snr18.0:seed4:frame53,18.0,53,cwz_joint,0,true,false,true,missing,false,true,gradient_only,8,2,0,0.25884762301672026,4.02192322640135,missing
red4:lane2:snr18.0:seed4:frame54,18.0,54,cwz_joint,139,false,false,true,missing,false,true,gradient_only,8,1309,0,0.2711525044284846,4.236953559780856,missing
red4:lane2:snr18.0:seed4:frame55,18.0,55,cwz_joint,554,false,false,false,missing,false,true,gradient_only,8,1442,7,0.1459814949671115,3.6726723833077632,missing
red4:lane2:snr18.0:seed4:frame56,18.0,56,cwz_joint,0,true,false,true,missing,true,true,gradient_only,8,0,0,0.13045755771772297,1.1068972905275243,missing
red4:lane2:snr18.0:seed4:frame57,18.0,57,cwz_joint,370,false,false,true,missing,false,true,gradient_only,8,1349,0,0.1243217082705316,3.1732324088184023,missing
red4:lane2:snr18.0:seed4:frame58,18.0,58,cwz_joint,0,true,false,true,missing,false,true,gradient_only,8,70,0,0.2292670828629233,3.756683086121285,missing
red4:lane2:snr18.0:seed4:frame59,18.0,59,cwz_joint,0,true,false,true,missing,false,true,gradient_only,8,1093,0,0.22723323828999112,4.319208372647411,missing
red4:lane2:snr18.0:seed4:frame60,18.0,60,cwz_joint,597,false,false,true,missing,false,true,gradient_only,8,1450,0,0.3524338976110279,3.3166639739604347,missing
red4:lane2:snr18.0:seed4:frame1,18.0,1,profiled_cz,0,true,false,true,missing,true,true,gradient_only,0,0,0,0.2153672493789978,0.2153672493789978,missing
red4:lane2:snr18.0:seed4:frame2,18.0,2,profiled_cz,0,true,false,true,missing,true,true,gradient_only,0,0,0,0.33960204434363356,0.33960204434363356,missing
red4:lane2:snr18.0:seed4:frame3,18.0,3,profiled_cz,14,false,false,false,missing,false,true,gradient_only,1,614,24,0.20837294471326898,0.8974731504252235,missing
red4:lane2:snr18.0:seed4:frame4,18.0,4,profiled_cz,0,true,false,true,missing,true,true,gradient_only,0,0,0,0.304502357619982,0.304502357619982,missing
red4:lane2:snr18.0:seed4:frame5,18.0,5,profiled_cz,0,true,false,true,missing,true,true,gradient_only,0,0,0,0.31750205406185356,0.31750205406185356,missing
red4:lane2:snr18.0:seed4:frame6,18.0,6,profiled_cz,8,false,false,false,missing,false,true,gradient_only,8,1208,88,0.20424838937041556,0.8574778232388233,missing
red4:lane2:snr18.0:seed4:frame7,18.0,7,profiled_cz,3,false,false,true,missing,false,true,gradient_only,1,93,0,7.591053380804618,1.765791828347285,missing
red4:lane2:snr18.0:seed4:frame8,18.0,8,profiled_cz,9,false,false,false,missing,false,true,gradient_only,7,1130,19,0.22521414640858506,0.7088387986897774,missing
red4:lane2:snr18.0:seed4:frame9,18.0,9,profiled_cz,0,true,false,true,missing,false,true,gradient_only,1,6,0,0.22732417950697048,0.9477035743320403,missing
red4:lane2:snr18.0:seed4:frame10,18.0,10,profiled_cz,532,false,false,false,missing,false,true,gradient_only,2,1424,1215,0.11978517898259254,0.6296508350746095,missing
red4:lane2:snr18.0:seed4:frame11,18.0,11,profiled_cz,471,false,false,false,missing,false,true,gradient_only,6,1468,1219,0.12621114051100427,0.9896123306291373,missing
red4:lane2:snr18.0:seed4:frame12,18.0,12,profiled_cz,0,true,false,true,missing,false,true,gradient_only,1,1,0,0.2350703957724039,1.1786227263096147,missing
red4:lane2:snr18.0:seed4:frame13,18.0,13,profiled_cz,400,false,false,false,missing,false,true,gradient_only,2,1406,1214,0.11769335209560292,0.6059004553914489,missing
red4:lane2:snr18.0:seed4:frame14,18.0,14,profiled_cz,510,false,false,false,missing,false,true,gradient_only,4,1427,1249,0.12678813107232823,0.5763031062163236,missing
red4:lane2:snr18.0:seed4:frame15,18.0,15,profiled_cz,513,false,false,false,missing,false,true,gradient_only,2,1429,1282,0.1180625501792506,0.6337696718815728,missing
red4:lane2:snr18.0:seed4:frame16,18.0,16,profiled_cz,483,false,false,false,missing,false,true,gradient_only,7,1358,1225,0.11871593380730959,0.5451248523246286,missing
red4:lane2:snr18.0:seed4:frame17,18.0,17,profiled_cz,652,false,false,false,missing,false,true,gradient_only,8,1478,1311,0.25434149881896445,0.9268535646931912,missing
red4:lane2:snr18.0:seed4:frame18,18.0,18,profiled_cz,0,true,false,true,missing,true,true,gradient_only,0,0,0,0.4140316885473304,0.4140316885473304,missing
red4:lane2:snr18.0:seed4:frame19,18.0,19,profiled_cz,421,false,false,false,missing,false,true,gradient_only,1,1385,1145,0.21497974417955676,0.7329654022997952,missing
red4:lane2:snr18.0:seed4:frame20,18.0,20,profiled_cz,0,true,false,true,missing,true,true,gradient_only,0,0,0,0.3482371392033707,0.3482371392033707,missing
red4:lane2:snr18.0:seed4:frame21,18.0,21,profiled_cz,641,false,false,false,missing,false,true,gradient_only,1,1454,1345,0.1428793327390739,0.5622484181461579,missing
red4:lane2:snr18.0:seed4:frame22,18.0,22,profiled_cz,0,true,false,true,missing,true,true,gradient_only,0,0,0,0.13538218022776743,0.13538218022776743,missing
red4:lane2:snr18.0:seed4:frame23,18.0,23,profiled_cz,431,false,false,false,missing,false,true,gradient_only,1,1386,1275,0.13845685233642666,0.6292316985101302,missing
red4:lane2:snr18.0:seed4:frame24,18.0,24,profiled_cz,660,false,false,false,missing,false,true,gradient_only,3,1526,1317,0.17298320431008807,0.7473154685352316,missing
red4:lane2:snr18.0:seed4:frame25,18.0,25,profiled_cz,521,false,false,false,missing,false,true,gradient_only,2,1428,1248,47.03088228371821,0.7416089028514794,missing
red4:lane2:snr18.0:seed4:frame26,18.0,26,profiled_cz,601,false,false,false,missing,false,true,gradient_only,4,1436,1378,0.15947106192191424,0.5655644506265766,missing
red4:lane2:snr18.0:seed4:frame27,18.0,27,profiled_cz,375,false,false,false,missing,false,true,gradient_only,1,1401,1187,0.12904804413420526,0.639377213768825,missing
red4:lane2:snr18.0:seed4:frame28,18.0,28,profiled_cz,1,false,false,false,missing,false,true,gradient_only,7,14,3,0.23287198480881757,5.840929206871083,missing
red4:lane2:snr18.0:seed4:frame29,18.0,29,profiled_cz,1,false,false,true,missing,false,true,gradient_only,1,1,0,0.22827634728413168,0.7839644853775602,missing
red4:lane2:snr18.0:seed4:frame30,18.0,30,profiled_cz,71,false,false,false,missing,false,true,gradient_only,8,1281,559,0.20757097066614208,0.7455178806906342,missing
red4:lane2:snr18.0:seed4:frame31,18.0,31,profiled_cz,618,false,false,false,missing,false,true,gradient_only,2,1525,1348,0.1922279109893895,0.597246357836866,missing
red4:lane2:snr18.0:seed4:frame32,18.0,32,profiled_cz,455,false,false,false,missing,false,true,gradient_only,7,1408,1190,0.12236220911275134,0.6265597234337212,missing
red4:lane2:snr18.0:seed4:frame33,18.0,33,profiled_cz,313,false,false,false,missing,false,true,gradient_only,4,1352,1073,0.13083106369948286,0.5524104605465179,missing
red4:lane2:snr18.0:seed4:frame34,18.0,34,profiled_cz,516,false,false,false,missing,false,true,gradient_only,8,1441,1220,0.14269500780693928,0.616164723379999,missing
red4:lane2:snr18.0:seed4:frame35,18.0,35,profiled_cz,1,false,false,true,missing,true,true,gradient_only,0,0,0,0.2820828557402372,0.2820828557402372,missing
red4:lane2:snr18.0:seed4:frame36,18.0,36,profiled_cz,109,false,false,false,missing,false,true,gradient_only,8,1229,483,0.27021324904266925,0.7136125755599025,missing
red4:lane2:snr18.0:seed4:frame37,18.0,37,profiled_cz,591,false,false,false,missing,false,true,gradient_only,8,1449,1366,0.19596307024508605,0.6424508891290756,missing
red4:lane2:snr18.0:seed4:frame38,18.0,38,profiled_cz,0,true,false,true,missing,false,true,gradient_only,1,12,0,0.18580110159930818,1.201226216133085,missing
red4:lane2:snr18.0:seed4:frame39,18.0,39,profiled_cz,361,false,false,false,missing,false,true,gradient_only,2,1392,1174,0.16092474299594547,0.6287362459522358,missing
red4:lane2:snr18.0:seed4:frame40,18.0,40,profiled_cz,524,false,false,false,missing,false,true,gradient_only,4,1419,1294,0.1299015965816889,0.6355155029782162,missing
red4:lane2:snr18.0:seed4:frame41,18.0,41,profiled_cz,556,false,false,false,missing,false,true,gradient_only,8,1488,1296,0.18138289378468428,0.5771897380487003,missing
red4:lane2:snr18.0:seed4:frame42,18.0,42,profiled_cz,1,false,false,true,missing,false,true,gradient_only,1,7,0,0.17453149176029709,1.0305195589118699,missing
red4:lane2:snr18.0:seed4:frame43,18.0,43,profiled_cz,677,false,false,false,missing,false,true,gradient_only,4,1424,1351,0.1813891274766963,4.3912762492324156,missing
red4:lane2:snr18.0:seed4:frame44,18.0,44,profiled_cz,342,false,false,false,missing,false,true,gradient_only,2,1363,1075,0.10346953433928566,0.5213281803485261,missing
red4:lane2:snr18.0:seed4:frame45,18.0,45,profiled_cz,529,false,false,false,missing,false,true,gradient_only,6,1417,1259,0.14938495710290192,0.6101890378216023,missing
red4:lane2:snr18.0:seed4:frame46,18.0,46,profiled_cz,2,false,false,true,missing,false,true,gradient_only,1,96,0,0.1962959347583907,0.9334254692968031,missing
red4:lane2:snr18.0:seed4:frame47,18.0,47,profiled_cz,510,false,false,false,missing,false,true,gradient_only,5,1424,1307,0.13883697089930558,0.679934611675198,missing
red4:lane2:snr18.0:seed4:frame48,18.0,48,profiled_cz,406,false,false,false,missing,false,true,gradient_only,5,1432,1205,0.12841686158497329,0.6625811249759004,missing
red4:lane2:snr18.0:seed4:frame49,18.0,49,profiled_cz,441,false,false,false,missing,false,true,gradient_only,2,1398,1183,0.12269095284923945,0.6117057221238821,missing
red4:lane2:snr18.0:seed4:frame50,18.0,50,profiled_cz,590,false,false,false,missing,false,true,gradient_only,6,1444,1312,0.21155762484398452,0.6880403327027051,missing
red4:lane2:snr18.0:seed4:frame51,18.0,51,profiled_cz,496,false,false,false,missing,false,true,gradient_only,2,1456,1273,0.1299260287895344,0.5856217846955812,missing
red4:lane2:snr18.0:seed4:frame52,18.0,52,profiled_cz,364,false,false,false,missing,false,true,gradient_only,3,1388,1209,0.19275714418831713,0.9325613203514087,missing
red4:lane2:snr18.0:seed4:frame53,18.0,53,profiled_cz,0,true,false,true,missing,false,true,gradient_only,1,2,0,0.25884762301672026,1.3795769042312844,missing
red4:lane2:snr18.0:seed4:frame54,18.0,54,profiled_cz,214,false,false,false,missing,false,true,gradient_only,2,1309,967,0.2711525044284846,0.8827126783235192,missing
red4:lane2:snr18.0:seed4:frame55,18.0,55,profiled_cz,595,false,false,false,missing,false,true,gradient_only,3,1442,1325,0.1459814949671115,0.6442820784653658,missing
red4:lane2:snr18.0:seed4:frame56,18.0,56,profiled_cz,0,true,false,true,missing,true,true,gradient_only,0,0,0,0.13045755771772297,0.13045755771772297,missing
red4:lane2:snr18.0:seed4:frame57,18.0,57,profiled_cz,386,false,false,false,missing,false,true,gradient_only,6,1349,1154,0.1243217082705316,0.5624183969220538,missing
red4:lane2:snr18.0:seed4:frame58,18.0,58,profiled_cz,0,true,false,true,missing,false,true,gradient_only,1,70,0,0.2292670828629233,0.9931576806193133,missing
red4:lane2:snr18.0:seed4:frame59,18.0,59,profiled_cz,1,false,false,false,missing,false,true,gradient_only,6,1093,15,0.22723323828999112,0.9723331271825283,missing
red4:lane2:snr18.0:seed4:frame60,18.0,60,profiled_cz,595,false,false,false,missing,false,true,gradient_only,4,1450,1350,0.3524338976110279,0.7156069101389443,missing
red4:lane2:snr20.0:seed4:frame1,20.0,1,cwz_joint,0,true,false,true,missing,true,true,gradient_only,0,0,0,0.5343616372470745,0.5343616372470745,missing
red4:lane2:snr20.0:seed4:frame2,20.0,2,cwz_joint,0,true,false,true,missing,true,true,gradient_only,8,0,0,0.32139303369064415,4.201620153026105,missing
red4:lane2:snr20.0:seed4:frame3,20.0,3,cwz_joint,0,true,false,true,missing,false,true,gradient_only,8,14,0,0.7146348270293673,3.668249015924805,missing
red4:lane2:snr20.0:seed4:frame4,20.0,4,cwz_joint,0,true,false,true,missing,true,true,gradient_only,8,0,0,0.22071172320515678,3.6585360460068745,missing
red4:lane2:snr20.0:seed4:frame5,20.0,5,cwz_joint,0,true,false,true,missing,true,true,gradient_only,8,0,0,0.2393065513313836,3.0129025593356364,missing
red4:lane2:snr20.0:seed4:frame6,20.0,6,cwz_joint,2,false,false,true,missing,false,true,gradient_only,8,7,0,0.2862440918240029,4.665473182419421,missing
red4:lane2:snr20.0:seed4:frame7,20.0,7,cwz_joint,0,true,false,true,missing,true,true,gradient_only,8,0,0,0.48617590271780237,6.225137652816418,missing
red4:lane2:snr20.0:seed4:frame8,20.0,8,cwz_joint,0,true,false,true,missing,false,true,gradient_only,8,11,0,0.3031334097768205,3.612248479519194,missing
red4:lane2:snr20.0:seed4:frame9,20.0,9,cwz_joint,0,true,false,true,missing,true,true,gradient_only,8,0,0,0.21609069814077847,3.2789811339652344,missing
red4:lane2:snr20.0:seed4:frame10,20.0,10,cwz_joint,415,false,false,true,missing,false,true,gradient_only,8,1402,0,0.11029250621388169,2.707151382826764,missing
red4:lane2:snr20.0:seed4:frame11,20.0,11,cwz_joint,3,false,false,true,missing,false,true,gradient_only,8,978,0,0.12127372763713799,2.8603723699049572,missing
red4:lane2:snr20.0:seed4:frame12,20.0,12,cwz_joint,0,true,false,true,missing,true,true,gradient_only,8,0,0,0.4485061725210776,3.272925345860015,missing
red4:lane2:snr20.0:seed4:frame13,20.0,13,cwz_joint,352,false,false,true,missing,false,true,gradient_only,8,1373,0,0.11915431953027082,2.891541726553989,missing
red4:lane2:snr20.0:seed4:frame14,20.0,14,cwz_joint,481,false,false,false,missing,false,true,gradient_only,8,1420,4,0.12967303045128512,2.852988461186711,missing
red4:lane2:snr20.0:seed4:frame15,20.0,15,cwz_joint,449,false,false,false,missing,false,true,gradient_only,8,1399,5,0.12028941195336249,3.0213334249839234,missing
red4:lane2:snr20.0:seed4:frame16,20.0,16,cwz_joint,379,false,false,true,missing,false,true,gradient_only,8,1377,0,0.1093642227014866,1.8807431044300513,missing
red4:lane2:snr20.0:seed4:frame17,20.0,17,cwz_joint,545,false,false,true,missing,false,true,gradient_only,8,1456,0,0.18615687533771416,4.44560514294164,missing
red4:lane2:snr20.0:seed4:frame18,20.0,18,cwz_joint,0,true,false,true,missing,true,true,gradient_only,8,0,0,0.4955779776430277,3.9115705110453107,missing
red4:lane2:snr20.0:seed4:frame19,20.0,19,cwz_joint,241,false,false,true,missing,false,true,gradient_only,8,1361,0,0.20118368690175029,4.056138488025634,missing
red4:lane2:snr20.0:seed4:frame20,20.0,20,cwz_joint,0,true,false,true,missing,true,true,gradient_only,8,0,0,0.407493180056635,3.6115935239980863,missing
red4:lane2:snr20.0:seed4:frame21,20.0,21,cwz_joint,456,false,false,true,missing,false,true,gradient_only,8,1459,0,0.10139241065217489,1.9832080642041827,missing
red4:lane2:snr20.0:seed4:frame22,20.0,22,cwz_joint,0,true,false,true,missing,true,true,gradient_only,8,0,0,0.12648485304552431,1.2543608780068682,missing
red4:lane2:snr20.0:seed4:frame23,20.0,23,cwz_joint,557,false,false,true,missing,false,true,gradient_only,8,1477,0,0.18085322757783798,3.024114540656645,missing
red4:lane2:snr20.0:seed4:frame24,20.0,24,cwz_joint,612,false,false,true,missing,false,true,gradient_only,8,1456,0,0.16520020430817065,2.8596276192140277,missing
red4:lane2:snr20.0:seed4:frame25,20.0,25,cwz_joint,485,false,false,true,missing,false,true,gradient_only,8,1389,0,0.23912428386218104,3.585618964699491,missing
red4:lane2:snr20.0:seed4:frame26,20.0,26,cwz_joint,414,false,false,true,missing,false,true,gradient_only,8,1451,0,0.11208346611025442,2.8083459880060513,missing
red4:lane2:snr20.0:seed4:frame27,20.0,27,cwz_joint,12,false,false,true,missing,false,true,gradient_only,8,1046,0,0.3603140180382805,2.608826696531322,missing
red4:lane2:snr20.0:seed4:frame28,20.0,28,cwz_joint,0,true,false,true,missing,true,true,gradient_only,8,0,0,0.31192774554095704,4.312478689060191,missing
red4:lane2:snr20.0:seed4:frame29,20.0,29,cwz_joint,0,true,false,true,missing,false,true,gradient_only,8,2,0,0.26825644967546414,2.7771261122303774,missing
red4:lane2:snr20.0:seed4:frame30,20.0,30,cwz_joint,0,true,false,true,missing,true,true,gradient_only,8,0,0,1.3945729486345257,3.2321724541635604,missing
red4:lane2:snr20.0:seed4:frame31,20.0,31,cwz_joint,503,false,false,true,missing,false,true,gradient_only,8,1474,0,0.12646466270658246,3.219173279859,missing
red4:lane2:snr20.0:seed4:frame32,20.0,32,cwz_joint,532,false,false,true,missing,false,true,gradient_only,8,1431,0,0.18355662088878033,1.8961199671350308,missing
red4:lane2:snr20.0:seed4:frame33,20.0,33,cwz_joint,4,false,false,true,missing,false,true,gradient_only,8,164,0,0.1228927201233999,1.541281827115118,missing
red4:lane2:snr20.0:seed4:frame34,20.0,34,cwz_joint,458,false,false,true,missing,false,true,gradient_only,8,1426,0,0.12528943933095213,3.0628633427411014,missing
red4:lane2:snr20.0:seed4:frame35,20.0,35,cwz_joint,0,true,false,true,missing,true,true,gradient_only,8,0,0,0.2864636101409623,2.9875985336274633,missing
red4:lane2:snr20.0:seed4:frame36,20.0,36,cwz_joint,0,true,false,true,missing,false,true,gradient_only,8,8,0,0.24769177517575158,3.289817349475786,missing
red4:lane2:snr20.0:seed4:frame37,20.0,37,cwz_joint,589,false,false,true,missing,false,true,gradient_only,8,1458,0,0.20271454537620184,3.066577282150498,missing
red4:lane2:snr20.0:seed4:frame38,20.0,38,cwz_joint,0,true,false,true,missing,false,true,gradient_only,8,2,0,0.20654154606170438,2.821162187939043,missing
red4:lane2:snr20.0:seed4:frame39,20.0,39,cwz_joint,5,false,false,true,missing,false,true,gradient_only,8,61,0,0.143618897704019,2.8874114974121268,missing
red4:lane2:snr20.0:seed4:frame40,20.0,40,cwz_joint,596,false,false,false,missing,false,true,gradient_only,8,1466,4,0.1958873958759393,3.024267432872344,missing
red4:lane2:snr20.0:seed4:frame41,20.0,41,cwz_joint,391,false,false,true,missing,false,true,gradient_only,8,1359,0,0.10847129130472791,2.8314235115476714,missing
red4:lane2:snr20.0:seed4:frame42,20.0,42,cwz_joint,0,true,false,true,missing,true,true,gradient_only,8,0,0,0.22457564289015103,3.1754841157143314,missing
red4:lane2:snr20.0:seed4:frame43,20.0,43,cwz_joint,544,false,false,true,missing,false,true,gradient_only,8,1398,0,0.12856259272797554,12.794169795413483,missing
red4:lane2:snr20.0:seed4:frame44,20.0,44,cwz_joint,310,false,false,true,missing,false,true,gradient_only,8,1393,0,0.09759450461297853,1.9482691491988051,missing
red4:lane2:snr20.0:seed4:frame45,20.0,45,cwz_joint,517,false,false,true,missing,false,true,gradient_only,8,1423,0,0.17079731541529475,3.452910706037811,missing
red4:lane2:snr20.0:seed4:frame46,20.0,46,cwz_joint,0,true,false,true,missing,true,true,gradient_only,8,0,0,0.25674951776486166,3.085987898743346,missing
red4:lane2:snr20.0:seed4:frame47,20.0,47,cwz_joint,632,false,false,true,missing,false,true,gradient_only,8,1460,0,0.1638160455182478,3.069360579119234,missing
red4:lane2:snr20.0:seed4:frame48,20.0,48,cwz_joint,533,false,false,true,missing,false,true,gradient_only,8,1460,0,0.1639701048083763,2.120507569864693,missing
red4:lane2:snr20.0:seed4:frame49,20.0,49,cwz_joint,300,false,false,true,missing,false,true,gradient_only,8,1323,0,0.13145156117038978,2.849162977801943,missing
red4:lane2:snr20.0:seed4:frame50,20.0,50,cwz_joint,569,false,false,true,missing,false,true,gradient_only,8,1426,0,0.20332889207598356,3.091710104381021,missing
red4:lane2:snr20.0:seed4:frame51,20.0,51,cwz_joint,370,false,false,true,missing,false,true,gradient_only,8,1456,0,0.1616582963781081,2.941284772851977,missing
red4:lane2:snr20.0:seed4:frame52,20.0,52,cwz_joint,0,true,false,true,missing,true,true,gradient_only,8,0,0,0.32363899927956974,3.8683244654719857,missing
red4:lane2:snr20.0:seed4:frame53,20.0,53,cwz_joint,0,true,false,true,missing,true,true,gradient_only,8,0,0,0.2921396828168026,3.95930522123411,missing
red4:lane2:snr20.0:seed4:frame54,20.0,54,cwz_joint,0,true,false,true,missing,true,true,gradient_only,8,0,0,0.21150085266049548,4.138047625363965,missing
red4:lane2:snr20.0:seed4:frame55,20.0,55,cwz_joint,515,false,false,true,missing,false,true,gradient_only,8,1449,0,0.13564390817639788,3.64403746035285,missing
red4:lane2:snr20.0:seed4:frame56,20.0,56,cwz_joint,0,true,false,true,missing,true,true,gradient_only,8,0,0,0.11864902527317947,1.0839981431634451,missing
red4:lane2:snr20.0:seed4:frame57,20.0,57,cwz_joint,246,false,false,true,missing,false,true,gradient_only,8,1350,0,0.12155232365164989,3.0961922359830405,missing
red4:lane2:snr20.0:seed4:frame58,20.0,58,cwz_joint,0,true,false,true,missing,true,true,gradient_only,8,0,0,0.5211991518340852,3.6412017643246473,missing
red4:lane2:snr20.0:seed4:frame59,20.0,59,cwz_joint,0,true,false,true,missing,true,true,gradient_only,8,0,0,0.37270265348059106,4.1002077460328845,missing
red4:lane2:snr20.0:seed4:frame60,20.0,60,cwz_joint,0,true,false,true,missing,true,true,gradient_only,8,0,0,0.19643382573786725,3.1413133538072415,missing
red4:lane2:snr20.0:seed4:frame1,20.0,1,profiled_cz,0,true,false,true,missing,true,true,gradient_only,0,0,0,0.5343616372470745,0.5343616372470745,missing
red4:lane2:snr20.0:seed4:frame2,20.0,2,profiled_cz,0,true,false,true,missing,true,true,gradient_only,0,0,0,0.32139303369064415,0.32139303369064415,missing
red4:lane2:snr20.0:seed4:frame3,20.0,3,profiled_cz,1,false,false,false,missing,false,true,gradient_only,1,14,1,0.7146348270293673,1.0476146520070568,missing
red4:lane2:snr20.0:seed4:frame4,20.0,4,profiled_cz,0,true,false,true,missing,true,true,gradient_only,0,0,0,0.22071172320515678,0.22071172320515678,missing
red4:lane2:snr20.0:seed4:frame5,20.0,5,profiled_cz,0,true,false,true,missing,true,true,gradient_only,0,0,0,0.2393065513313836,0.2393065513313836,missing
red4:lane2:snr20.0:seed4:frame6,20.0,6,profiled_cz,2,false,false,true,missing,false,true,gradient_only,1,7,0,0.2862440918240029,1.2074476429099406,missing
red4:lane2:snr20.0:seed4:frame7,20.0,7,profiled_cz,0,true,false,true,missing,true,true,gradient_only,0,0,0,0.48617590271780237,0.48617590271780237,missing
red4:lane2:snr20.0:seed4:frame8,20.0,8,profiled_cz,0,true,false,true,missing,false,true,gradient_only,1,11,0,0.3031334097768205,0.8830720085648949,missing
red4:lane2:snr20.0:seed4:frame9,20.0,9,profiled_cz,0,true,false,true,missing,true,true,gradient_only,0,0,0,0.21609069814077847,0.21609069814077847,missing
red4:lane2:snr20.0:seed4:frame10,20.0,10,profiled_cz,463,false,false,false,missing,false,true,gradient_only,3,1402,1247,0.11029250621388169,0.6031916332233159,missing
red4:lane2:snr20.0:seed4:frame11,20.0,11,profiled_cz,3,false,false,false,missing,false,true,gradient_only,1,978,6,0.12127372763713799,0.9718885068420355,missing
red4:lane2:snr20.0:seed4:frame12,20.0,12,profiled_cz,0,true,false,true,missing,true,true,gradient_only,0,0,0,0.4485061725210776,0.4485061725210776,missing
red4:lane2:snr20.0:seed4:frame13,20.0,13,profiled_cz,388,false,false,false,missing,false,true,gradient_only,2,1373,1249,0.11915431953027082,0.6050960967795895,missing
red4:lane2:snr20.0:seed4:frame14,20.0,14,profiled_cz,476,false,false,false,missing,false,true,gradient_only,8,1420,1276,0.12967303045128512,0.5672890128153886,missing
red4:lane2:snr20.0:seed4:frame15,20.0,15,profiled_cz,499,false,false,false,missing,false,true,gradient_only,3,1399,1229,0.12028941195336249,0.5988306088577441,missing
red4:lane2:snr20.0:seed4:frame16,20.0,16,profiled_cz,403,false,false,false,missing,false,true,gradient_only,7,1377,1208,0.1093642227014866,0.5640299222801439,missing
red4:lane2:snr20.0:seed4:frame17,20.0,17,profiled_cz,572,false,false,false,missing,false,true,gradient_only,4,1456,1253,0.18615687533771416,0.8371104393993334,missing
red4:lane2:snr20.0:seed4:frame18,20.0,18,profiled_cz,0,true,false,true,missing,true,true,gradient_only,0,0,0,0.4955779776430277,0.4955779776430277,missing
red4:lane2:snr20.0:seed4:frame19,20.0,19,profiled_cz,311,false,false,false,missing,false,true,gradient_only,1,1361,1104,0.20118368690175029,0.7170093099978211,missing
red4:lane2:snr20.0:seed4:frame20,20.0,20,profiled_cz,0,true,false,true,missing,true,true,gradient_only,0,0,0,0.407493180056635,0.407493180056635,missing
red4:lane2:snr20.0:seed4:frame21,20.0,21,profiled_cz,526,false,false,false,missing,false,true,gradient_only,2,1459,1314,0.10139241065217489,0.5347291598516157,missing
red4:lane2:snr20.0:seed4:frame22,20.0,22,profiled_cz,0,true,false,true,missing,true,true,gradient_only,0,0,0,0.12648485304552431,0.12648485304552431,missing
red4:lane2:snr20.0:seed4:frame23,20.0,23,profiled_cz,602,false,false,false,missing,false,true,gradient_only,5,1477,1342,0.18085322757783798,0.6149262165662229,missing
red4:lane2:snr20.0:seed4:frame24,20.0,24,profiled_cz,633,false,false,false,missing,false,true,gradient_only,6,1456,1322,0.16520020430817065,0.6671752770515804,missing
red4:lane2:snr20.0:seed4:frame25,20.0,25,profiled_cz,545,false,false,false,missing,false,true,gradient_only,4,1389,1257,0.23912428386218104,0.6620260405817978,missing
red4:lane2:snr20.0:seed4:frame26,20.0,26,profiled_cz,471,false,false,false,missing,false,true,gradient_only,5,1451,1298,0.11208346611025442,0.5672870746622884,missing
red4:lane2:snr20.0:seed4:frame27,20.0,27,profiled_cz,12,false,false,false,missing,false,true,gradient_only,6,1046,3,0.3603140180382805,0.7623008904570068,missing
red4:lane2:snr20.0:seed4:frame28,20.0,28,profiled_cz,0,true,false,true,missing,true,true,gradient_only,4,0,0,0.31192774554095704,5.1884968465642,missing
red4:lane2:snr20.0:seed4:frame29,20.0,29,profiled_cz,0,true,false,true,missing,false,true,gradient_only,1,2,0,0.26825644967546414,0.7752353729615736,missing
red4:lane2:snr20.0:seed4:frame30,20.0,30,profiled_cz,0,true,false,true,missing,true,true,gradient_only,2,0,0,1.3945729486345257,1.0403841454489327,missing
red4:lane2:snr20.0:seed4:frame31,20.0,31,profiled_cz,533,false,false,false,missing,false,true,gradient_only,6,1474,1315,0.12646466270658246,0.5677211071523336,missing
red4:lane2:snr20.0:seed4:frame32,20.0,32,profiled_cz,583,false,false,false,missing,false,true,gradient_only,1,1431,1224,0.18355662088878033,0.5770081319806916,missing
red4:lane2:snr20.0:seed4:frame33,20.0,33,profiled_cz,4,false,false,true,missing,false,true,gradient_only,1,164,0,0.1228927201233999,0.7403112868438506,missing
red4:lane2:snr20.0:seed4:frame34,20.0,34,profiled_cz,479,false,false,false,missing,false,true,gradient_only,8,1426,1220,0.12528943933095213,0.6327064185057055,missing
red4:lane2:snr20.0:seed4:frame35,20.0,35,profiled_cz,0,true,false,true,missing,true,true,gradient_only,0,0,0,0.2864636101409623,0.2864636101409623,missing
red4:lane2:snr20.0:seed4:frame36,20.0,36,profiled_cz,0,true,false,true,missing,false,true,gradient_only,1,8,0,0.24769177517575158,1.0409741780636024,missing
red4:lane2:snr20.0:seed4:frame37,20.0,37,profiled_cz,621,false,false,false,missing,false,true,gradient_only,6,1458,1333,0.20271454537620184,0.6172599827683622,missing
red4:lane2:snr20.0:seed4:frame38,20.0,38,profiled_cz,0,true,false,true,missing,false,true,gradient_only,1,2,0,0.20654154606170438,1.159295757184262,missing
red4:lane2:snr20.0:seed4:frame39,20.0,39,profiled_cz,5,false,false,true,missing,false,true,gradient_only,1,61,0,0.143618897704019,0.7343334156832193,missing
red4:lane2:snr20.0:seed4:frame40,20.0,40,profiled_cz,631,false,false,false,missing,false,true,gradient_only,2,1466,1310,0.1958873958759393,0.6026049772984284,missing
red4:lane2:snr20.0:seed4:frame41,20.0,41,profiled_cz,433,false,false,false,missing,false,true,gradient_only,7,1359,1184,0.10847129130472791,0.5971044803905694,missing
red4:lane2:snr20.0:seed4:frame42,20.0,42,profiled_cz,0,true,false,true,missing,true,true,gradient_only,0,0,0,0.22457564289015103,0.22457564289015103,missing
red4:lane2:snr20.0:seed4:frame43,20.0,43,profiled_cz,561,false,false,false,missing,false,true,gradient_only,1,1398,1314,0.12856259272797554,4.595568818679889,missing
red4:lane2:snr20.0:seed4:frame44,20.0,44,profiled_cz,357,false,false,false,missing,false,true,gradient_only,7,1393,1191,0.09759450461297853,0.5164999560034542,missing
red4:lane2:snr20.0:seed4:frame45,20.0,45,profiled_cz,500,false,false,false,missing,false,true,gradient_only,7,1423,1254,0.17079731541529475,0.5916836109327118,missing
red4:lane2:snr20.0:seed4:frame46,20.0,46,profiled_cz,0,true,false,true,missing,true,true,gradient_only,0,0,0,0.25674951776486166,0.25674951776486166,missing
red4:lane2:snr20.0:seed4:frame47,20.0,47,profiled_cz,646,false,false,false,missing,false,true,gradient_only,3,1460,1299,0.1638160455182478,0.6362413090403274,missing
red4:lane2:snr20.0:seed4:frame48,20.0,48,profiled_cz,605,false,false,false,missing,false,true,gradient_only,8,1460,1361,0.1639701048083763,0.6213966655016905,missing
red4:lane2:snr20.0:seed4:frame49,20.0,49,profiled_cz,341,false,false,false,missing,false,true,gradient_only,5,1323,1176,0.13145156117038978,0.5868325505390087,missing
red4:lane2:snr20.0:seed4:frame50,20.0,50,profiled_cz,591,false,false,false,missing,false,true,gradient_only,1,1426,1319,0.20332889207598356,0.6631927998698727,missing
red4:lane2:snr20.0:seed4:frame51,20.0,51,profiled_cz,461,false,false,false,missing,false,true,gradient_only,1,1456,1285,0.1616582963781081,0.5718318913939432,missing
red4:lane2:snr20.0:seed4:frame52,20.0,52,profiled_cz,0,true,false,true,missing,true,true,gradient_only,0,0,0,0.32363899927956974,0.32363899927956974,missing
red4:lane2:snr20.0:seed4:frame53,20.0,53,profiled_cz,0,true,false,true,missing,true,true,gradient_only,0,0,0,0.2921396828168026,0.2921396828168026,missing
red4:lane2:snr20.0:seed4:frame54,20.0,54,profiled_cz,0,true,false,true,missing,true,true,gradient_only,7,0,0,0.21150085266049548,1.2006938605990725,missing
red4:lane2:snr20.0:seed4:frame55,20.0,55,profiled_cz,498,false,false,false,missing,false,true,gradient_only,8,1449,1271,0.13564390817639788,0.6492635618166707,missing
red4:lane2:snr20.0:seed4:frame56,20.0,56,profiled_cz,0,true,false,true,missing,true,true,gradient_only,0,0,0,0.11864902527317947,0.11864902527317947,missing
red4:lane2:snr20.0:seed4:frame57,20.0,57,profiled_cz,300,false,false,false,missing,false,true,gradient_only,1,1350,1127,0.12155232365164989,0.5655918895736276,missing
red4:lane2:snr20.0:seed4:frame58,20.0,58,profiled_cz,0,true,false,true,missing,true,true,gradient_only,0,0,0,0.5211991518340852,0.5211991518340852,missing
red4:lane2:snr20.0:seed4:frame59,20.0,59,profiled_cz,0,true,false,true,missing,true,true,gradient_only,0,0,0,0.37270265348059106,0.37270265348059106,missing
red4:lane2:snr20.0:seed4:frame60,20.0,60,profiled_cz,0,true,false,true,missing,true,true,gradient_only,0,0,0,0.19643382573786725,0.19643382573786725,missing
red4:lane2:snr22.0:seed4:frame1,22.0,1,cwz_joint,0,true,false,true,missing,true,true,gradient_only,8,0,0,0.35875554244270846,3.125932342864884,missing
red4:lane2:snr22.0:seed4:frame2,22.0,2,cwz_joint,0,true,false,true,missing,true,true,gradient_only,8,0,0,0.30992734011317313,4.207741557903181,missing
red4:lane2:snr22.0:seed4:frame3,22.0,3,cwz_joint,0,true,false,true,missing,true,true,gradient_only,8,0,0,0.18023822914697896,3.6403792017189236,missing
red4:lane2:snr22.0:seed4:frame4,22.0,4,cwz_joint,0,true,false,true,missing,true,true,gradient_only,8,0,0,0.2249547800482388,3.6273532005599165,missing
red4:lane2:snr22.0:seed4:frame5,22.0,5,cwz_joint,0,true,false,true,missing,true,true,gradient_only,8,0,0,0.22355637902008524,2.9838903320274914,missing
red4:lane2:snr22.0:seed4:frame6,22.0,6,cwz_joint,0,true,false,true,missing,true,true,gradient_only,8,0,0,0.24360859492681472,4.571013922921648,missing
red4:lane2:snr22.0:seed4:frame7,22.0,7,cwz_joint,0,true,false,true,missing,true,true,gradient_only,8,0,0,0.49274425743599193,6.058105530072694,missing
red4:lane2:snr22.0:seed4:frame8,22.0,8,cwz_joint,0,true,false,true,missing,false,true,gradient_only,8,1,0,2.60294076092656,3.5286645818187656,missing
red4:lane2:snr22.0:seed4:frame9,22.0,9,cwz_joint,0,true,false,true,missing,true,true,gradient_only,8,0,0,0.23035084563779895,3.2402432774540078,missing
red4:lane2:snr22.0:seed4:frame10,22.0,10,cwz_joint,497,false,false,true,missing,false,true,gradient_only,8,1442,0,0.11205758043445468,2.6615077899494115,missing
red4:lane2:snr22.0:seed4:frame11,22.0,11,cwz_joint,3,false,false,true,missing,false,true,gradient_only,8,63,0,0.16852427827352331,2.7177865913657233,missing
red4:lane2:snr22.0:seed4:frame12,22.0,12,cwz_joint,0,true,false,true,missing,true,true,gradient_only,8,0,0,0.2812097658918367,3.2068537035052063,missing
red4:lane2:snr22.0:seed4:frame13,22.0,13,cwz_joint,317,false,false,true,missing,false,true,gradient_only,8,1379,0,0.10601384913158246,2.8542821012940767,missing
red4:lane2:snr22.0:seed4:frame14,22.0,14,cwz_joint,431,false,false,true,missing,false,true,gradient_only,8,1403,0,0.11970120018902093,2.8799129612461996,missing
red4:lane2:snr22.0:seed4:frame15,22.0,15,cwz_joint,534,false,false,true,missing,false,true,gradient_only,8,1445,0,0.15094503180579688,2.9957214117681588,missing
red4:lane2:snr22.0:seed4:frame16,22.0,16,cwz_joint,1,false,false,true,missing,false,true,gradient_only,8,1234,0,0.130986521680608,1.7802252780778507,missing
red4:lane2:snr22.0:seed4:frame17,22.0,17,cwz_joint,489,false,false,true,missing,false,true,gradient_only,8,1467,0,0.15529754515122268,4.266539946336903,missing
red4:lane2:snr22.0:seed4:frame18,22.0,18,cwz_joint,0,true,false,true,missing,true,true,gradient_only,8,0,0,0.31921486854715875,3.7849240853900077,missing
red4:lane2:snr22.0:seed4:frame19,22.0,19,cwz_joint,27,false,false,true,missing,false,true,gradient_only,8,1148,0,0.8129791185476223,3.9982365403984366,missing
red4:lane2:snr22.0:seed4:frame20,22.0,20,cwz_joint,0,true,false,true,missing,true,true,gradient_only,8,0,0,0.28916489945765667,3.5773924412956952,missing
red4:lane2:snr22.0:seed4:frame21,22.0,21,cwz_joint,315,false,false,true,missing,false,true,gradient_only,8,1377,0,0.0965471598416955,1.9521556557129847,missing
red4:lane2:snr22.0:seed4:frame22,22.0,22,cwz_joint,0,true,false,true,missing,true,true,gradient_only,8,0,0,0.11028361795702377,1.218732656923524,missing
red4:lane2:snr22.0:seed4:frame23,22.0,23,cwz_joint,9,false,false,true,missing,false,true,gradient_only,8,1252,0,0.12601695698187548,2.898223669803434,missing
red4:lane2:snr22.0:seed4:frame24,22.0,24,cwz_joint,433,false,false,true,missing,false,true,gradient_only,8,1450,0,0.11892532804537542,2.747409584383701,missing
red4:lane2:snr22.0:seed4:frame25,22.0,25,cwz_joint,523,false,false,true,missing,false,true,gradient_only,8,1523,0,0.23001845629504583,3.480715189711426,missing
red4:lane2:snr22.0:seed4:frame26,22.0,26,cwz_joint,282,false,false,true,missing,false,true,gradient_only,8,1408,0,0.11022117613028054,2.7830340424745668,missing
red4:lane2:snr22.0:seed4:frame27,22.0,27,cwz_joint,0,true,false,true,missing,false,true,gradient_only,8,26,0,0.22994670810781542,2.571482280621477,missing
red4:lane2:snr22.0:seed4:frame28,22.0,28,cwz_joint,0,true,false,true,missing,true,true,gradient_only,8,0,0,0.4337632402351315,3.572120419244448,missing
red4:lane2:snr22.0:seed4:frame29,22.0,29,cwz_joint,0,true,false,true,missing,true,true,gradient_only,8,0,0,0.226715084465242,2.7052267907276404,missing
red4:lane2:snr22.0:seed4:frame30,22.0,30,cwz_joint,0,true,false,true,missing,true,true,gradient_only,8,0,0,0.17035365902244054,3.1524447748960007,missing
red4:lane2:snr22.0:seed4:frame31,22.0,31,cwz_joint,414,false,false,false,missing,false,true,gradient_only,8,1421,3,0.11744808165155572,3.178934298355332,missing
red4:lane2:snr22.0:seed4:frame32,22.0,32,cwz_joint,191,false,false,true,missing,false,true,gradient_only,8,1307,0,0.1229064004070563,1.8685996561614917,missing
red4:lane2:snr22.0:seed4:frame33,22.0,33,cwz_joint,0,true,false,true,missing,true,true,gradient_only,8,0,0,0.13242123093973807,1.5014647112394288,missing
red4:lane2:snr22.0:seed4:frame34,22.0,34,cwz_joint,605,false,false,true,missing,false,true,gradient_only,8,1456,0,0.17884227056917618,3.059590868416154,missing
red4:lane2:snr22.0:seed4:frame35,22.0,35,cwz_joint,0,true,false,true,missing,true,true,gradient_only,8,0,0,0.35967444722555225,2.960341419770193,missing
red4:lane2:snr22.0:seed4:frame36,22.0,36,cwz_joint,0,true,false,true,missing,true,true,gradient_only,8,0,0,0.2659909227086669,3.269645890746332,missing
red4:lane2:snr22.0:seed4:frame37,22.0,37,cwz_joint,537,false,false,true,missing,false,true,gradient_only,8,1482,0,0.20129491016477213,2.984043865670195,missing
red4:lane2:snr22.0:seed4:frame38,22.0,38,cwz_joint,0,true,false,true,missing,true,true,gradient_only,8,0,0,0.17147004611629355,2.751918591329413,missing
red4:lane2:snr22.0:seed4:frame39,22.0,39,cwz_joint,0,true,false,true,missing,false,true,gradient_only,8,4,0,0.1462736776266193,2.848515809103013,missing
red4:lane2:snr22.0:seed4:frame40,22.0,40,cwz_joint,447,false,false,true,missing,false,true,gradient_only,8,1404,0,0.12311639397171945,2.9634243946902976,missing
red4:lane2:snr22.0:seed4:frame41,22.0,41,cwz_joint,374,false,false,true,missing,false,true,gradient_only,8,1442,0,0.10351030190707015,2.785385232695156,missing
red4:lane2:snr22.0:seed4:frame42,22.0,42,cwz_joint,0,true,false,true,missing,true,true,gradient_only,8,0,0,0.20074513511492104,3.0635422093762497,missing
red4:lane2:snr22.0:seed4:frame43,22.0,43,cwz_joint,566,false,false,true,missing,false,true,gradient_only,8,1438,0,0.17002632956271596,9.71754815315237,missing
red4:lane2:snr22.0:seed4:frame44,22.0,44,cwz_joint,0,true,false,true,missing,false,true,gradient_only,8,3,0,0.1457375460518431,1.8784455089215335,missing
red4:lane2:snr22.0:seed4:frame45,22.0,45,cwz_joint,444,false,false,true,missing,false,true,gradient_only,8,1416,0,0.13493732600421984,3.381943963821597,missing
red4:lane2:snr22.0:seed4:frame46,22.0,46,cwz_joint,0,true,false,true,missing,false,true,gradient_only,8,1,0,0.3955314065241538,3.0429798526783163,missing
red4:lane2:snr22.0:seed4:frame47,22.0,47,cwz_joint,598,false,false,false,missing,false,true,gradient_only,8,1527,8,0.16670116627685738,2.936052167999249,missing
red4:lane2:snr22.0:seed4:frame48,22.0,48,cwz_joint,410,false,false,true,missing,false,true,gradient_only,8,1396,0,0.10842056972991714,2.083607567362011,missing
red4:lane2:snr22.0:seed4:frame49,22.0,49,cwz_joint,80,false,false,true,missing,false,true,gradient_only,8,1302,0,0.11011611774634784,2.7949833024536894,missing
red4:lane2:snr22.0:seed4:frame50,22.0,50,cwz_joint,328,false,false,true,missing,false,true,gradient_only,8,1398,0,0.20171954970816927,3.020279249600324,missing
red4:lane2:snr22.0:seed4:frame51,22.0,51,cwz_joint,358,false,false,true,missing,false,true,gradient_only,8,1409,0,0.12389495275538655,2.9049860461861687,missing
red4:lane2:snr22.0:seed4:frame52,22.0,52,cwz_joint,0,true,false,true,missing,true,true,gradient_only,8,0,0,0.429941221209728,3.8591402809815807,missing
red4:lane2:snr22.0:seed4:frame53,22.0,53,cwz_joint,0,true,false,true,missing,true,true,gradient_only,8,0,0,0.28753796860296155,3.9192321433921684,missing
red4:lane2:snr22.0:seed4:frame54,22.0,54,cwz_joint,0,true,false,true,missing,true,true,gradient_only,8,0,0,0.17490900464898776,4.111913590353969,missing
red4:lane2:snr22.0:seed4:frame55,22.0,55,cwz_joint,646,false,false,false,missing,false,true,gradient_only,8,1519,3,0.1984166218317131,3.6167749089530425,missing
red4:lane2:snr22.0:seed4:frame56,22.0,56,cwz_joint,0,true,false,true,missing,true,true,gradient_only,8,0,0,0.116551397996975,1.0714967381615428,missing
red4:lane2:snr22.0:seed4:frame57,22.0,57,cwz_joint,123,false,false,true,missing,false,true,gradient_only,8,1281,0,0.11924970287872227,3.0356886255697946,missing
red4:lane2:snr22.0:seed4:frame58,22.0,58,cwz_joint,0,true,false,true,missing,true,true,gradient_only,8,0,0,0.2916892430050506,3.570207220929714,missing
red4:lane2:snr22.0:seed4:frame59,22.0,59,cwz_joint,0,true,false,true,missing,true,true,gradient_only,8,0,0,0.3993371446868151,3.926467852627172,missing
red4:lane2:snr22.0:seed4:frame60,22.0,60,cwz_joint,0,true,false,true,missing,true,true,gradient_only,8,0,0,0.21503186652374875,3.0909615242850053,missing
red4:lane2:snr22.0:seed4:frame1,22.0,1,profiled_cz,0,true,false,true,missing,true,true,gradient_only,0,0,0,0.35875554244270846,0.35875554244270846,missing
red4:lane2:snr22.0:seed4:frame2,22.0,2,profiled_cz,0,true,false,true,missing,true,true,gradient_only,0,0,0,0.30992734011317313,0.30992734011317313,missing
red4:lane2:snr22.0:seed4:frame3,22.0,3,profiled_cz,0,true,false,true,missing,true,true,gradient_only,0,0,0,0.18023822914697896,0.18023822914697896,missing
red4:lane2:snr22.0:seed4:frame4,22.0,4,profiled_cz,0,true,false,true,missing,true,true,gradient_only,0,0,0,0.2249547800482388,0.2249547800482388,missing
red4:lane2:snr22.0:seed4:frame5,22.0,5,profiled_cz,0,true,false,true,missing,true,true,gradient_only,0,0,0,0.22355637902008524,0.22355637902008524,missing
red4:lane2:snr22.0:seed4:frame6,22.0,6,profiled_cz,0,true,false,true,missing,true,true,gradient_only,0,0,0,0.24360859492681472,0.24360859492681472,missing
red4:lane2:snr22.0:seed4:frame7,22.0,7,profiled_cz,0,true,false,true,missing,true,true,gradient_only,0,0,0,0.49274425743599193,0.49274425743599193,missing
red4:lane2:snr22.0:seed4:frame8,22.0,8,profiled_cz,0,true,false,true,missing,false,true,gradient_only,1,1,0,2.60294076092656,0.8783703841231748,missing
red4:lane2:snr22.0:seed4:frame9,22.0,9,profiled_cz,0,true,false,true,missing,true,true,gradient_only,0,0,0,0.23035084563779895,0.23035084563779895,missing
red4:lane2:snr22.0:seed4:frame10,22.0,10,profiled_cz,543,false,false,false,missing,false,true,gradient_only,8,1442,1264,0.11205758043445468,0.5922065936996674,missing
red4:lane2:snr22.0:seed4:frame11,22.0,11,profiled_cz,3,false,false,true,missing,false,true,gradient_only,1,63,0,0.16852427827352331,1.0883869562934236,missing
red4:lane2:snr22.0:seed4:frame12,22.0,12,profiled_cz,0,true,false,true,missing,true,true,gradient_only,0,0,0,0.2812097658918367,0.2812097658918367,missing
red4:lane2:snr22.0:seed4:frame13,22.0,13,profiled_cz,384,false,false,false,missing,false,true,gradient_only,4,1379,1209,0.10601384913158246,0.6066081148616596,missing
red4:lane2:snr22.0:seed4:frame14,22.0,14,profiled_cz,411,false,false,false,missing,false,true,gradient_only,3,1403,1213,0.11970120018902093,0.5844984974052767,missing
red4:lane2:snr22.0:seed4:frame15,22.0,15,profiled_cz,535,false,false,false,missing,false,true,gradient_only,1,1445,1304,0.15094503180579688,0.5816979219240835,missing
red4:lane2:snr22.0:seed4:frame16,22.0,16,profiled_cz,1,false,false,false,missing,false,true,gradient_only,7,1234,8,0.130986521680608,0.6017199913131412,missing
red4:lane2:snr22.0:seed4:frame17,22.0,17,profiled_cz,523,false,false,false,missing,false,true,gradient_only,1,1467,1279,0.15529754515122268,0.7940034643194588,missing
red4:lane2:snr22.0:seed4:frame18,22.0,18,profiled_cz,0,true,false,true,missing,true,true,gradient_only,0,0,0,0.31921486854715875,0.31921486854715875,missing
red4:lane2:snr22.0:seed4:frame19,22.0,19,profiled_cz,33,false,false,false,missing,false,true,gradient_only,6,1148,105,0.8129791185476223,0.7502269601015041,missing
red4:lane2:snr22.0:seed4:frame20,22.0,20,profiled_cz,0,true,false,true,missing,true,true,gradient_only,0,0,0,0.28916489945765667,0.28916489945765667,missing
red4:lane2:snr22.0:seed4:frame21,22.0,21,profiled_cz,362,false,false,false,missing,false,true,gradient_only,1,1377,1180,0.0965471598416955,0.583093083616047,missing
red4:lane2:snr22.0:seed4:frame22,22.0,22,profiled_cz,0,true,false,true,missing,true,true,gradient_only,0,0,0,0.11028361795702377,0.11028361795702377,missing
red4:lane2:snr22.0:seed4:frame23,22.0,23,profiled_cz,21,false,false,false,missing,false,true,gradient_only,8,1252,219,0.12601695698187548,0.6912981022230718,missing
red4:lane2:snr22.0:seed4:frame24,22.0,24,profiled_cz,468,false,false,false,missing,false,true,gradient_only,1,1450,1216,0.11892532804537542,0.6605338692022029,missing
red4:lane2:snr22.0:seed4:frame25,22.0,25,profiled_cz,591,false,false,false,missing,false,true,gradient_only,6,1523,1281,0.23001845629504583,0.6512023919256723,missing
red4:lane2:snr22.0:seed4:frame26,22.0,26,profiled_cz,359,false,false,false,missing,false,true,gradient_only,1,1408,1198,0.11022117613028054,0.5922585415059144,missing
red4:lane2:snr22.0:seed4:frame27,22.0,27,profiled_cz,0,true,false,true,missing,false,true,gradient_only,1,26,0,0.22994670810781542,1.0954537890013147,missing
red4:lane2:snr22.0:seed4:frame28,22.0,28,profiled_cz,0,true,false,true,missing,true,true,gradient_only,0,0,0,0.4337632402351315,0.4337632402351315,missing
red4:lane2:snr22.0:seed4:frame29,22.0,29,profiled_cz,0,true,false,true,missing,true,true,gradient_only,0,0,0,0.226715084465242,0.226715084465242,missing
red4:lane2:snr22.0:seed4:frame30,22.0,30,profiled_cz,0,true,false,true,missing,true,true,gradient_only,0,0,0,0.17035365902244054,0.17035365902244054,missing
red4:lane2:snr22.0:seed4:frame31,22.0,31,profiled_cz,450,false,false,false,missing,false,true,gradient_only,6,1421,1293,0.11744808165155572,0.5771600257414741,missing
red4:lane2:snr22.0:seed4:frame32,22.0,32,profiled_cz,257,false,false,false,missing,false,true,gradient_only,1,1307,927,0.1229064004070563,0.6436725543512775,missing
red4:lane2:snr22.0:seed4:frame33,22.0,33,profiled_cz,0,true,false,true,missing,true,true,gradient_only,0,0,0,0.13242123093973807,0.13242123093973807,missing
red4:lane2:snr22.0:seed4:frame34,22.0,34,profiled_cz,605,false,false,false,missing,false,true,gradient_only,2,1456,1304,0.17884227056917618,0.6322359476251479,missing
red4:lane2:snr22.0:seed4:frame35,22.0,35,profiled_cz,0,true,false,true,missing,true,true,gradient_only,0,0,0,0.35967444722555225,0.35967444722555225,missing
red4:lane2:snr22.0:seed4:frame36,22.0,36,profiled_cz,0,true,false,true,missing,true,true,gradient_only,0,0,0,0.2659909227086669,0.2659909227086669,missing
red4:lane2:snr22.0:seed4:frame37,22.0,37,profiled_cz,588,false,false,false,missing,false,true,gradient_only,8,1482,1313,0.20129491016477213,0.6029934388144278,missing
red4:lane2:snr22.0:seed4:frame38,22.0,38,profiled_cz,0,true,false,true,missing,true,true,gradient_only,0,0,0,0.17147004611629355,0.17147004611629355,missing
red4:lane2:snr22.0:seed4:frame39,22.0,39,profiled_cz,0,true,false,true,missing,false,true,gradient_only,1,4,0,0.1462736776266193,0.7829338271294252,missing
red4:lane2:snr22.0:seed4:frame40,22.0,40,profiled_cz,453,false,false,false,missing,false,true,gradient_only,2,1404,1185,0.12311639397171945,0.6214090045140003,missing
red4:lane2:snr22.0:seed4:frame41,22.0,41,profiled_cz,407,false,false,false,missing,false,true,gradient_only,8,1442,1190,0.10351030190707015,0.6064857220799176,missing
red4:lane2:snr22.0:seed4:frame42,22.0,42,profiled_cz,0,true,false,true,missing,true,true,gradient_only,0,0,0,0.20074513511492104,0.20074513511492104,missing
red4:lane2:snr22.0:seed4:frame43,22.0,43,profiled_cz,622,false,false,false,missing,false,true,gradient_only,6,1438,1343,0.17002632956271596,3.7122428989172054,missing
red4:lane2:snr22.0:seed4:frame44,22.0,44,profiled_cz,0,true,false,true,missing,false,true,gradient_only,1,3,0,0.1457375460518431,0.9497378215903967,missing
red4:lane2:snr22.0:seed4:frame45,22.0,45,profiled_cz,474,false,false,false,missing,false,true,gradient_only,4,1416,1277,0.13493732600421984,0.5856588595130958,missing
red4:lane2:snr22.0:seed4:frame46,22.0,46,profiled_cz,0,true,false,true,missing,false,true,gradient_only,1,1,0,0.3955314065241538,1.0273314299027063,missing
red4:lane2:snr22.0:seed4:frame47,22.0,47,profiled_cz,645,false,false,false,missing,false,true,gradient_only,7,1527,1399,0.16670116627685738,0.6193718668205064,missing
red4:lane2:snr22.0:seed4:frame48,22.0,48,profiled_cz,467,false,false,false,missing,false,true,gradient_only,7,1396,1248,0.10842056972991714,0.5997165209402048,missing
red4:lane2:snr22.0:seed4:frame49,22.0,49,profiled_cz,207,false,false,false,missing,false,true,gradient_only,4,1302,900,0.11011611774634784,0.5928068178739092,missing
red4:lane2:snr22.0:seed4:frame50,22.0,50,profiled_cz,387,false,false,false,missing,false,true,gradient_only,6,1398,1220,0.20171954970816927,0.6736191165249711,missing
red4:lane2:snr22.0:seed4:frame51,22.0,51,profiled_cz,401,false,false,false,missing,false,true,gradient_only,5,1409,1224,0.12389495275538655,0.5769536141999062,missing
red4:lane2:snr22.0:seed4:frame52,22.0,52,profiled_cz,0,true,false,true,missing,true,true,gradient_only,0,0,0,0.429941221209728,0.429941221209728,missing
red4:lane2:snr22.0:seed4:frame53,22.0,53,profiled_cz,0,true,false,true,missing,true,true,gradient_only,0,0,0,0.28753796860296155,0.28753796860296155,missing
red4:lane2:snr22.0:seed4:frame54,22.0,54,profiled_cz,0,true,false,true,missing,true,true,gradient_only,0,0,0,0.17490900464898776,0.17490900464898776,missing
red4:lane2:snr22.0:seed4:frame55,22.0,55,profiled_cz,668,false,false,false,missing,false,true,gradient_only,5,1519,1343,0.1984166218317131,0.6214653784213658,missing
red4:lane2:snr22.0:seed4:frame56,22.0,56,profiled_cz,0,true,false,true,missing,true,true,gradient_only,0,0,0,0.116551397996975,0.116551397996975,missing
red4:lane2:snr22.0:seed4:frame57,22.0,57,profiled_cz,159,false,false,false,missing,false,true,gradient_only,5,1281,670,0.11924970287872227,0.5961017959149956,missing
red4:lane2:snr22.0:seed4:frame58,22.0,58,profiled_cz,0,true,false,true,missing,true,true,gradient_only,0,0,0,0.2916892430050506,0.2916892430050506,missing
red4:lane2:snr22.0:seed4:frame59,22.0,59,profiled_cz,0,true,false,true,missing,true,true,gradient_only,0,0,0,0.3993371446868151,0.3993371446868151,missing
red4:lane2:snr22.0:seed4:frame60,22.0,60,profiled_cz,0,true,false,true,missing,true,true,gradient_only,0,0,0,0.21503186652374875,0.21503186652374875,missing
red4:lane2:snr24.0:seed4:frame1,24.0,1,cwz_joint,0,true,false,true,missing,true,true,gradient_only,8,0,0,0.29585208731260804,3.1105538810847526,missing
red4:lane2:snr24.0:seed4:frame2,24.0,2,cwz_joint,0,true,false,true,missing,true,true,gradient_only,8,0,0,0.47822978715540987,4.224687469843378,missing
red4:lane2:snr24.0:seed4:frame3,24.0,3,cwz_joint,0,true,false,true,missing,true,true,gradient_only,8,0,0,0.19459723230654277,3.62042812287582,missing
red4:lane2:snr24.0:seed4:frame4,24.0,4,cwz_joint,0,true,false,true,missing,true,true,gradient_only,0,0,0,0.6178078661821661,0.6178078661821661,missing
red4:lane2:snr24.0:seed4:frame5,24.0,5,cwz_joint,0,true,false,true,missing,true,true,gradient_only,8,0,0,0.24812025883681987,2.974012476140767,missing
red4:lane2:snr24.0:seed4:frame6,24.0,6,cwz_joint,0,true,false,true,missing,true,true,gradient_only,8,0,0,0.27916093354712956,4.5205245589960255,missing
red4:lane2:snr24.0:seed4:frame7,24.0,7,cwz_joint,0,true,false,true,missing,true,true,gradient_only,8,0,0,0.5477602606057324,5.956431745543457,missing
red4:lane2:snr24.0:seed4:frame8,24.0,8,cwz_joint,0,true,false,true,missing,true,true,gradient_only,8,0,0,0.30595613773499064,3.4755484476789404,missing
red4:lane2:snr24.0:seed4:frame9,24.0,9,cwz_joint,0,true,false,true,missing,true,true,gradient_only,8,0,0,0.8288188395205142,3.2161673730715656,missing
red4:lane2:snr24.0:seed4:frame10,24.0,10,cwz_joint,565,false,false,true,missing,false,true,gradient_only,8,1427,0,0.14257421947005972,2.6194989775337802,missing
red4:lane2:snr24.0:seed4:frame11,24.0,11,cwz_joint,0,true,false,true,missing,true,true,gradient_only,8,0,0,0.3389417891430825,2.634150369151672,missing
red4:lane2:snr24.0:seed4:frame12,24.0,12,cwz_joint,0,true,false,true,missing,true,true,gradient_only,8,0,0,0.32122012681174256,3.111827911270732,missing
red4:lane2:snr24.0:seed4:frame13,24.0,13,cwz_joint,137,false,false,true,missing,false,true,gradient_only,8,1250,0,0.10015144306232998,2.783799391005304,missing
red4:lane2:snr24.0:seed4:frame14,24.0,14,cwz_joint,321,false,false,true,missing,false,true,gradient_only,8,1362,0,0.12257527344036963,2.912248136024271,missing
red4:lane2:snr24.0:seed4:frame15,24.0,15,cwz_joint,4,false,false,true,missing,false,true,gradient_only,8,1071,0,0.1190614181885711,2.91106330004179,missing
red4:lane2:snr24.0:seed4:frame16,24.0,16,cwz_joint,1,false,false,true,missing,false,true,gradient_only,8,828,0,0.10614054791045929,1.760951859282599,missing
red4:lane2:snr24.0:seed4:frame17,24.0,17,cwz_joint,586,false,false,true,missing,false,true,gradient_only,8,1465,0,0.2154931111165889,4.139665734093462,missing
red4:lane2:snr24.0:seed4:frame18,24.0,18,cwz_joint,0,true,false,true,missing,true,true,gradient_only,8,0,0,0.3060599482264066,3.7085642819095788,missing
red4:lane2:snr24.0:seed4:frame19,24.0,19,cwz_joint,2,false,false,true,missing,false,true,gradient_only,8,51,0,0.3077531679223451,4.001761078638331,missing
red4:lane2:snr24.0:seed4:frame20,24.0,20,cwz_joint,0,true,false,true,missing,true,true,gradient_only,8,0,0,0.268004299975699,3.5592961520530744,missing
red4:lane2:snr24.0:seed4:frame21,24.0,21,cwz_joint,26,false,false,true,missing,false,true,gradient_only,8,1288,0,0.10367455913973753,1.90579729859946,missing
red4:lane2:snr24.0:seed4:frame22,24.0,22,cwz_joint,0,true,false,true,missing,true,true,gradient_only,8,0,0,0.10620866080891074,1.1954882847172086,missing
red4:lane2:snr24.0:seed4:frame23,24.0,23,cwz_joint,62,false,false,true,missing,false,true,gradient_only,8,1333,0,0.1883143848928656,2.8795616312836723,missing
red4:lane2:snr24.0:seed4:frame24,24.0,24,cwz_joint,416,false,false,true,missing,false,true,gradient_only,8,1400,0,0.10762569623349624,2.6565550799650555,missing
red4:lane2:snr24.0:seed4:frame25,24.0,25,cwz_joint,405,false,false,true,missing,false,true,gradient_only,8,1377,0,0.17233752540651207,3.3943917957046756,missing
red4:lane2:snr24.0:seed4:frame26,24.0,26,cwz_joint,259,false,false,true,missing,false,true,gradient_only,8,1387,0,0.111956571603576,2.7543291274927695,missing
red4:lane2:snr24.0:seed4:frame27,24.0,27,cwz_joint,0,true,false,true,missing,true,true,gradient_only,8,0,0,0.2198390335639517,2.5470074975196435,missing
red4:lane2:snr24.0:seed4:frame28,24.0,28,cwz_joint,0,true,false,true,missing,true,true,gradient_only,8,0,0,1.092127930959106,3.194646592648376,missing
red4:lane2:snr24.0:seed4:frame29,24.0,29,cwz_joint,0,true,false,true,missing,true,true,gradient_only,8,0,0,0.28621255539623763,2.665075411128546,missing
red4:lane2:snr24.0:seed4:frame30,24.0,30,cwz_joint,0,true,false,true,missing,true,true,gradient_only,8,0,0,0.17684241664281408,3.097997475876179,missing
red4:lane2:snr24.0:seed4:frame31,24.0,31,cwz_joint,393,false,false,true,missing,false,true,gradient_only,8,1421,0,0.1163187197237434,3.1686270316425325,missing
red4:lane2:snr24.0:seed4:frame32,24.0,32,cwz_joint,128,false,false,true,missing,false,true,gradient_only,8,1296,0,0.10929092586488681,1.833042441756258,missing
red4:lane2:snr24.0:seed4:frame33,24.0,33,cwz_joint,0,true,false,true,missing,true,true,gradient_only,8,0,0,0.14782804671659658,1.4803812440474637,missing
red4:lane2:snr24.0:seed4:frame34,24.0,34,cwz_joint,568,false,false,false,missing,false,true,gradient_only,8,1432,10,0.169419374232633,3.060494811188735,missing
red4:lane2:snr24.0:seed4:frame35,24.0,35,cwz_joint,0,true,false,true,missing,true,true,gradient_only,8,0,0,0.26559955990381867,2.940584407953733,missing
red4:lane2:snr24.0:seed4:frame36,24.0,36,cwz_joint,0,true,false,true,missing,true,true,gradient_only,8,0,0,0.2418472763809906,3.2613406280463155,missing
red4:lane2:snr24.0:seed4:frame37,24.0,37,cwz_joint,436,false,false,true,missing,false,true,gradient_only,8,1430,0,0.16205709105309987,2.9495106849925246,missing
red4:lane2:snr24.0:seed4:frame38,24.0,38,cwz_joint,0,true,false,true,missing,true,true,gradient_only,0,0,0,0.20104274225667038,0.20104274225667038,missing
red4:lane2:snr24.0:seed4:frame39,24.0,39,cwz_joint,0,true,false,true,missing,true,true,gradient_only,8,0,0,0.14520367933968226,2.8219145032753987,missing
red4:lane2:snr24.0:seed4:frame40,24.0,40,cwz_joint,596,false,false,false,missing,false,true,gradient_only,8,1405,1,0.23017458958288955,2.9323677934630044,missing
red4:lane2:snr24.0:seed4:frame41,24.0,41,cwz_joint,518,false,false,true,missing,false,true,gradient_only,8,1482,0,0.1675246385634462,2.7530463114396144,missing
red4:lane2:snr24.0:seed4:frame42,24.0,42,cwz_joint,0,true,false,true,missing,true,true,gradient_only,8,0,0,0.248174165939776,2.98683224370389,missing
red4:lane2:snr24.0:seed4:frame43,24.0,43,cwz_joint,547,false,false,true,missing,false,true,gradient_only,8,1467,0,0.16201684921715423,7.34708107728937,missing
red4:lane2:snr24.0:seed4:frame44,24.0,44,cwz_joint,0,true,false,true,missing,false,true,gradient_only,8,1,0,0.14281512060884174,1.8741176737393523,missing
red4:lane2:snr24.0:seed4:frame45,24.0,45,cwz_joint,562,false,false,true,missing,false,true,gradient_only,8,1431,0,0.18461945219777326,3.3731980123386625,missing
red4:lane2:snr24.0:seed4:frame46,24.0,46,cwz_joint,0,true,false,true,missing,true,true,gradient_only,8,0,0,0.3248445820600125,3.015066199647562,missing
red4:lane2:snr24.0:seed4:frame47,24.0,47,cwz_joint,489,false,false,false,missing,false,true,gradient_only,8,1438,3,0.11504959933490466,2.828970554741513,missing
red4:lane2:snr24.0:seed4:frame48,24.0,48,cwz_joint,302,false,false,true,missing,false,true,gradient_only,8,1353,0,0.10636167162160458,2.060985629538564,missing
red4:lane2:snr24.0:seed4:frame49,24.0,49,cwz_joint,5,false,false,true,missing,false,true,gradient_only,8,182,0,0.13561045216553086,2.739179620711066,missing
red4:lane2:snr24.0:seed4:frame50,24.0,50,cwz_joint,319,false,false,true,missing,false,true,gradient_only,8,1359,0,0.12981541734747865,2.989205491479303,missing
red4:lane2:snr24.0:seed4:frame51,24.0,51,cwz_joint,413,false,false,true,missing,false,true,gradient_only,8,1461,0,0.11751272002510763,2.8923612031788837,missing
red4:lane2:snr24.0:seed4:frame52,24.0,52,cwz_joint,0,true,false,true,missing,true,true,gradient_only,8,0,0,0.5422555999404534,3.857082569488541,missing
red4:lane2:snr24.0:seed4:frame53,24.0,53,cwz_joint,0,true,false,true,missing,true,true,gradient_only,8,0,0,0.5953751784715441,3.8969282561093435,missing
red4:lane2:snr24.0:seed4:frame54,24.0,54,cwz_joint,0,true,false,true,missing,true,true,gradient_only,0,0,0,0.16281751829195285,0.16281751829195285,missing
red4:lane2:snr24.0:seed4:frame55,24.0,55,cwz_joint,608,false,false,true,missing,false,true,gradient_only,8,1444,0,0.19439797847863025,3.6088304100839603,missing
red4:lane2:snr24.0:seed4:frame56,24.0,56,cwz_joint,0,true,false,true,missing,true,true,gradient_only,8,0,0,0.11615785476389727,1.0670649844566227,missing
red4:lane2:snr24.0:seed4:frame57,24.0,57,cwz_joint,473,false,false,true,missing,false,true,gradient_only,8,1418,0,0.16654734477006952,3.031331376358846,missing
red4:lane2:snr24.0:seed4:frame58,24.0,58,cwz_joint,0,true,false,true,missing,true,true,gradient_only,8,0,0,0.2228852856618312,3.526430160421592,missing
red4:lane2:snr24.0:seed4:frame59,24.0,59,cwz_joint,0,true,false,true,missing,true,true,gradient_only,8,0,0,0.3569591234400128,3.8092038158024404,missing
red4:lane2:snr24.0:seed4:frame60,24.0,60,cwz_joint,0,true,false,true,missing,true,true,gradient_only,8,0,0,0.16836878559107463,3.048973510094826,missing
red4:lane2:snr24.0:seed4:frame1,24.0,1,profiled_cz,0,true,false,true,missing,true,true,gradient_only,0,0,0,0.29585208731260804,0.29585208731260804,missing
red4:lane2:snr24.0:seed4:frame2,24.0,2,profiled_cz,0,true,false,true,missing,true,true,gradient_only,0,0,0,0.47822978715540987,0.47822978715540987,missing
red4:lane2:snr24.0:seed4:frame3,24.0,3,profiled_cz,0,true,false,true,missing,true,true,gradient_only,0,0,0,0.19459723230654277,0.19459723230654277,missing
red4:lane2:snr24.0:seed4:frame4,24.0,4,profiled_cz,0,true,false,true,missing,true,true,gradient_only,0,0,0,0.6178078661821661,0.6178078661821661,missing
red4:lane2:snr24.0:seed4:frame5,24.0,5,profiled_cz,0,true,false,true,missing,true,true,gradient_only,0,0,0,0.24812025883681987,0.24812025883681987,missing
red4:lane2:snr24.0:seed4:frame6,24.0,6,profiled_cz,0,true,false,true,missing,true,true,gradient_only,0,0,0,0.27916093354712956,0.27916093354712956,missing
red4:lane2:snr24.0:seed4:frame7,24.0,7,profiled_cz,0,true,false,true,missing,true,true,gradient_only,0,0,0,0.5477602606057324,0.5477602606057324,missing
red4:lane2:snr24.0:seed4:frame8,24.0,8,profiled_cz,0,true,false,true,missing,true,true,gradient_only,0,0,0,0.30595613773499064,0.30595613773499064,missing
red4:lane2:snr24.0:seed4:frame9,24.0,9,profiled_cz,0,true,false,true,missing,true,true,gradient_only,0,0,0,0.8288188395205142,0.8288188395205142,missing
red4:lane2:snr24.0:seed4:frame10,24.0,10,profiled_cz,582,false,false,false,missing,false,true,gradient_only,6,1427,1335,0.14257421947005972,0.5456882410424316,missing
red4:lane2:snr24.0:seed4:frame11,24.0,11,profiled_cz,0,true,false,true,missing,true,true,gradient_only,0,0,0,0.3389417891430825,0.3389417891430825,missing
red4:lane2:snr24.0:seed4:frame12,24.0,12,profiled_cz,0,true,false,true,missing,true,true,gradient_only,0,0,0,0.32122012681174256,0.32122012681174256,missing
red4:lane2:snr24.0:seed4:frame13,24.0,13,profiled_cz,175,false,false,false,missing,false,true,gradient_only,8,1250,847,0.10015144306232998,0.61342873294702,missing
red4:lane2:snr24.0:seed4:frame14,24.0,14,profiled_cz,372,false,false,false,missing,false,true,gradient_only,2,1362,1173,0.12257527344036963,0.6229634899630415,missing
red4:lane2:snr24.0:seed4:frame15,24.0,15,profiled_cz,5,false,false,false,missing,false,true,gradient_only,3,1071,18,0.1190614181885711,0.7212848723791997,missing
red4:lane2:snr24.0:seed4:frame16,24.0,16,profiled_cz,3,false,false,false,missing,false,true,gradient_only,1,828,8,0.10614054791045929,0.6436583270366111,missing
red4:lane2:snr24.0:seed4:frame17,24.0,17,profiled_cz,565,false,false,false,missing,false,true,gradient_only,7,1465,1305,0.2154931111165889,0.7716536913751633,missing
red4:lane2:snr24.0:seed4:frame18,24.0,18,profiled_cz,0,true,false,true,missing,true,true,gradient_only,0,0,0,0.3060599482264066,0.3060599482264066,missing
red4:lane2:snr24.0:seed4:frame19,24.0,19,profiled_cz,2,false,false,false,missing,false,true,gradient_only,7,51,5,0.3077531679223451,0.9843263001332639,missing
red4:lane2:snr24.0:seed4:frame20,24.0,20,profiled_cz,0,true,false,true,missing,true,true,gradient_only,0,0,0,0.268004299975699,0.268004299975699,missing
red4:lane2:snr24.0:seed4:frame21,24.0,21,profiled_cz,102,false,false,false,missing,false,true,gradient_only,2,1288,728,0.10367455913973753,0.6321066265969212,missing
red4:lane2:snr24.0:seed4:frame22,24.0,22,profiled_cz,0,true,false,true,missing,true,true,gradient_only,0,0,0,0.10620866080891074,0.10620866080891074,missing
red4:lane2:snr24.0:seed4:frame23,24.0,23,profiled_cz,135,false,false,false,missing,false,true,gradient_only,8,1333,808,0.1883143848928656,0.6839539421966317,missing
red4:lane2:snr24.0:seed4:frame24,24.0,24,profiled_cz,460,false,false,false,missing,false,true,gradient_only,6,1400,1214,0.10762569623349624,0.6155524893507308,missing
red4:lane2:snr24.0:seed4:frame25,24.0,25,profiled_cz,433,false,false,false,missing,false,true,gradient_only,6,1377,1180,0.17233752540651207,0.6300799458037022,missing
red4:lane2:snr24.0:seed4:frame26,24.0,26,profiled_cz,279,false,false,false,missing,false,true,gradient_only,3,1387,1001,0.111956571603576,0.6109521306751434,missing
red4:lane2:snr24.0:seed4:frame27,24.0,27,profiled_cz,0,true,false,true,missing,true,true,gradient_only,0,0,0,0.2198390335639517,0.2198390335639517,missing
red4:lane2:snr24.0:seed4:frame28,24.0,28,profiled_cz,0,true,false,true,missing,true,true,gradient_only,0,0,0,1.092127930959106,1.092127930959106,missing
red4:lane2:snr24.0:seed4:frame29,24.0,29,profiled_cz,0,true,false,true,missing,true,true,gradient_only,0,0,0,0.28621255539623763,0.28621255539623763,missing
red4:lane2:snr24.0:seed4:frame30,24.0,30,profiled_cz,0,true,false,true,missing,true,true,gradient_only,0,0,0,0.17684241664281408,0.17684241664281408,missing
red4:lane2:snr24.0:seed4:frame31,24.0,31,profiled_cz,426,false,false,false,missing,false,true,gradient_only,1,1421,1239,0.1163187197237434,0.5683047566863747,missing
red4:lane2:snr24.0:seed4:frame32,24.0,32,profiled_cz,144,false,false,false,missing,false,true,gradient_only,3,1296,663,0.10929092586488681,0.6271095540271177,missing
red4:lane2:snr24.0:seed4:frame33,24.0,33,profiled_cz,0,true,false,true,missing,true,true,gradient_only,0,0,0,0.14782804671659658,0.14782804671659658,missing
red4:lane2:snr24.0:seed4:frame34,24.0,34,profiled_cz,614,false,false,false,missing,false,true,gradient_only,5,1432,1336,0.169419374232633,0.6188303562464798,missing
red4:lane2:snr24.0:seed4:frame35,24.0,35,profiled_cz,0,true,false,true,missing,true,true,gradient_only,0,0,0,0.26559955990381867,0.26559955990381867,missing
red4:lane2:snr24.0:seed4:frame36,24.0,36,profiled_cz,0,true,false,true,missing,true,true,gradient_only,0,0,0,0.2418472763809906,0.2418472763809906,missing
red4:lane2:snr24.0:seed4:frame37,24.0,37,profiled_cz,447,false,false,false,missing,false,true,gradient_only,1,1430,1282,0.16205709105309987,0.6205465430210039,missing
red4:lane2:snr24.0:seed4:frame38,24.0,38,profiled_cz,0,true,false,true,missing,true,true,gradient_only,0,0,0,0.20104274225667038,0.20104274225667038,missing
red4:lane2:snr24.0:seed4:frame39,24.0,39,profiled_cz,0,true,false,true,missing,true,true,gradient_only,0,0,0,0.14520367933968226,0.14520367933968226,missing
red4:lane2:snr24.0:seed4:frame40,24.0,40,profiled_cz,616,false,false,false,missing,false,true,gradient_only,5,1405,1290,0.23017458958288955,0.5975794631237077,missing
red4:lane2:snr24.0:seed4:frame41,24.0,41,profiled_cz,553,false,false,false,missing,false,true,gradient_only,1,1482,1293,0.1675246385634462,0.5670406141776168,missing
red4:lane2:snr24.0:seed4:frame42,24.0,42,profiled_cz,0,true,false,true,missing,true,true,gradient_only,0,0,0,0.248174165939776,0.248174165939776,missing
red4:lane2:snr24.0:seed4:frame43,24.0,43,profiled_cz,567,false,false,false,missing,false,true,gradient_only,4,1467,1189,0.16201684921715423,3.01452932839765,missing
red4:lane2:snr24.0:seed4:frame44,24.0,44,profiled_cz,0,true,false,true,missing,false,true,gradient_only,1,1,0,0.14281512060884174,0.9706125817718871,missing
red4:lane2:snr24.0:seed4:frame45,24.0,45,profiled_cz,591,false,false,false,missing,false,true,gradient_only,7,1431,1309,0.18461945219777326,0.578668076345963,missing
red4:lane2:snr24.0:seed4:frame46,24.0,46,profiled_cz,0,true,false,true,missing,true,true,gradient_only,0,0,0,0.3248445820600125,0.3248445820600125,missing
red4:lane2:snr24.0:seed4:frame47,24.0,47,profiled_cz,502,false,false,false,missing,false,true,gradient_only,1,1438,1230,0.11504959933490466,0.6027685058055772,missing
red4:lane2:snr24.0:seed4:frame48,24.0,48,profiled_cz,389,false,false,false,missing,false,true,gradient_only,3,1353,1185,0.10636167162160458,0.6398347927788316,missing
red4:lane2:snr24.0:seed4:frame49,24.0,49,profiled_cz,5,false,false,false,missing,false,true,gradient_only,1,182,5,0.13561045216553086,0.9256603802302823,missing
red4:lane2:snr24.0:seed4:frame50,24.0,50,profiled_cz,339,false,false,false,missing,false,true,gradient_only,2,1359,1074,0.12981541734747865,0.667489325857416,missing
red4:lane2:snr24.0:seed4:frame51,24.0,51,profiled_cz,475,false,false,false,missing,false,true,gradient_only,3,1461,1230,0.11751272002510763,0.5593632363767052,missing
red4:lane2:snr24.0:seed4:frame52,24.0,52,profiled_cz,0,true,false,true,missing,true,true,gradient_only,0,0,0,0.5422555999404534,0.5422555999404534,missing
red4:lane2:snr24.0:seed4:frame53,24.0,53,profiled_cz,0,true,false,true,missing,true,true,gradient_only,0,0,0,0.5953751784715441,0.5953751784715441,missing
red4:lane2:snr24.0:seed4:frame54,24.0,54,profiled_cz,0,true,false,true,missing,true,true,gradient_only,0,0,0,0.16281751829195285,0.16281751829195285,missing
red4:lane2:snr24.0:seed4:frame55,24.0,55,profiled_cz,636,false,false,false,missing,false,true,gradient_only,7,1444,1321,0.19439797847863025,0.6297588961264701,missing
red4:lane2:snr24.0:seed4:frame56,24.0,56,profiled_cz,0,true,false,true,missing,true,true,gradient_only,0,0,0,0.11615785476389727,0.11615785476389727,missing
red4:lane2:snr24.0:seed4:frame57,24.0,57,profiled_cz,508,false,false,false,missing,false,true,gradient_only,7,1418,1278,0.16654734477006952,0.5211573748071303,missing
red4:lane2:snr24.0:seed4:frame58,24.0,58,profiled_cz,0,true,false,true,missing,true,true,gradient_only,0,0,0,0.2228852856618312,0.2228852856618312,missing
red4:lane2:snr24.0:seed4:frame59,24.0,59,profiled_cz,0,true,false,true,missing,true,true,gradient_only,0,0,0,0.3569591234400128,0.3569591234400128,missing
red4:lane2:snr24.0:seed4:frame60,24.0,60,profiled_cz,0,true,false,true,missing,true,true,gradient_only,0,0,0,0.16836878559107463,0.16836878559107463,missing
red4:lane2:snr26.0:seed4:frame1,26.0,1,cwz_joint,0,true,false,true,missing,true,true,gradient_only,8,0,0,0.2983318622406626,3.104994051646598,missing
red4:lane2:snr26.0:seed4:frame2,26.0,2,cwz_joint,0,true,false,true,missing,true,true,gradient_only,8,0,0,0.35540110451988394,4.247606175660617,missing
red4:lane2:snr26.0:seed4:frame3,26.0,3,cwz_joint,0,true,false,true,missing,true,true,gradient_only,8,0,0,0.21938131494411817,3.614404358476046,missing
red4:lane2:snr26.0:seed4:frame4,26.0,4,cwz_joint,0,true,false,true,missing,true,true,gradient_only,8,0,0,0.6146101796686819,3.594231619976872,missing
red4:lane2:snr26.0:seed4:frame5,26.0,5,cwz_joint,0,true,false,true,missing,true,true,gradient_only,8,0,0,0.3141330019087408,2.9697286122853996,missing
red4:lane2:snr26.0:seed4:frame6,26.0,6,cwz_joint,0,true,false,true,missing,true,true,gradient_only,8,0,0,0.24523088147827748,4.497163369868028,missing
red4:lane2:snr26.0:seed4:frame7,26.0,7,cwz_joint,0,true,false,true,missing,true,true,gradient_only,8,0,0,0.4909861051816511,5.893800993219091,missing
red4:lane2:snr26.0:seed4:frame8,26.0,8,cwz_joint,0,true,false,true,missing,true,true,gradient_only,8,0,0,0.36659658083517327,3.4427099164481705,missing
red4:lane2:snr26.0:seed4:frame9,26.0,9,cwz_joint,0,true,false,true,missing,true,true,gradient_only,8,0,0,0.22353908097162492,3.2014236601540107,missing
red4:lane2:snr26.0:seed4:frame10,26.0,10,cwz_joint,516,false,false,true,missing,false,true,gradient_only,8,1455,0,0.13579156820986327,2.5989397167437946,missing
red4:lane2:snr26.0:seed4:frame11,26.0,11,cwz_joint,0,true,false,true,missing,true,true,gradient_only,8,0,0,0.1509596165937055,2.5789356825694396,missing
red4:lane2:snr26.0:seed4:frame12,26.0,12,cwz_joint,0,true,false,true,missing,true,true,gradient_only,8,0,0,0.652173430055952,3.0436421303755474,missing
red4:lane2:snr26.0:seed4:frame13,26.0,13,cwz_joint,296,false,false,true,missing,false,true,gradient_only,8,1370,0,0.10979694593759881,2.7948474158171583,missing
red4:lane2:snr26.0:seed4:frame14,26.0,14,cwz_joint,288,false,false,true,missing,false,true,gradient_only,8,1357,0,0.11675071993157496,2.923825459147882,missing
red4:lane2:snr26.0:seed4:frame15,26.0,15,cwz_joint,2,false,false,true,missing,false,true,gradient_only,8,637,0,0.12206817250568631,2.8966357671276395,missing
red4:lane2:snr26.0:seed4:frame16,26.0,16,cwz_joint,5,false,false,true,missing,false,true,gradient_only,8,397,0,0.11908367387466998,1.7482404982567548,missing
red4:lane2:snr26.0:seed4:frame17,26.0,17,cwz_joint,461,false,false,true,missing,false,true,gradient_only,8,1449,0,0.18734617376405144,4.053239364310479,missing
red4:lane2:snr26.0:seed4:frame18,26.0,18,cwz_joint,0,true,false,true,missing,true,true,gradient_only,8,0,0,0.6672745943033178,3.6533706177616474,missing
red4:lane2:snr26.0:seed4:frame19,26.0,19,cwz_joint,0,true,false,true,missing,false,true,gradient_only,8,4,0,0.2102440170542418,4.016204124494228,missing
red4:lane2:snr26.0:seed4:frame20,26.0,20,cwz_joint,0,true,false,true,missing,true,true,gradient_only,8,0,0,0.22941244292586452,3.550455141656841,missing
red4:lane2:snr26.0:seed4:frame21,26.0,21,cwz_joint,523,false,false,true,missing,false,true,gradient_only,8,1474,0,0.1257447578781857,1.9301695956277598,missing
red4:lane2:snr26.0:seed4:frame22,26.0,22,cwz_joint,0,true,false,true,missing,true,true,gradient_only,8,0,0,0.10039448615798721,1.1766175950937763,missing
red4:lane2:snr26.0:seed4:frame23,26.0,23,cwz_joint,0,true,false,true,missing,false,true,gradient_only,8,5,0,0.2533572935398142,2.8225063579680874,missing
red4:lane2:snr26.0:seed4:frame24,26.0,24,cwz_joint,567,false,false,true,missing,false,true,gradient_only,8,1431,0,0.1432484342364215,2.5920023030947386,missing
red4:lane2:snr26.0:seed4:frame25,26.0,25,cwz_joint,405,false,false,true,missing,false,true,gradient_only,8,1420,0,0.16714958165110366,3.368141350652229,missing
red4:lane2:snr26.0:seed4:frame26,26.0,26,cwz_joint,217,false,false,true,missing,false,true,gradient_only,8,1404,0,0.14694628308930552,2.742452497455145,missing
red4:lane2:snr26.0:seed4:frame27,26.0,27,cwz_joint,0,true,false,true,missing,true,true,gradient_only,8,0,0,0.1998906904332303,2.5308202426956705,missing
red4:lane2:snr26.0:seed4:frame28,26.0,28,cwz_joint,0,true,false,true,missing,true,true,gradient_only,0,0,0,0.4119076214400045,0.4119076214400045,missing
red4:lane2:snr26.0:seed4:frame29,26.0,29,cwz_joint,0,true,false,true,missing,true,true,gradient_only,8,0,0,0.18319033813305433,2.636607411782816,missing
red4:lane2:snr26.0:seed4:frame30,26.0,30,cwz_joint,0,true,false,true,missing,true,true,gradient_only,8,0,0,0.26217696054630013,3.0606388504994606,missing
red4:lane2:snr26.0:seed4:frame31,26.0,31,cwz_joint,428,false,false,true,missing,false,true,gradient_only,8,1405,0,0.11527897024834374,3.1632614982344456,missing
red4:lane2:snr26.0:seed4:frame32,26.0,32,cwz_joint,0,true,false,true,missing,false,true,gradient_only,8,3,0,0.18373769299196932,1.7863806950505023,missing
red4:lane2:snr26.0:seed4:frame33,26.0,33,cwz_joint,0,true,false,true,missing,true,true,gradient_only,8,0,0,0.14339920047397978,1.4659174681838392,missing
red4:lane2:snr26.0:seed4:frame34,26.0,34,cwz_joint,464,false,false,true,missing,false,true,gradient_only,8,1446,0,0.11693009827119429,3.0444585154902932,missing
red4:lane2:snr26.0:seed4:frame35,26.0,35,cwz_joint,0,true,false,true,missing,true,true,gradient_only,8,0,0,0.363363440370679,2.9232573116191234,missing
red4:lane2:snr26.0:seed4:frame36,26.0,36,cwz_joint,0,true,false,true,missing,true,true,gradient_only,8,0,0,0.19663351916782773,3.2654109442736567,missing
red4:lane2:snr26.0:seed4:frame37,26.0,37,cwz_joint,552,false,false,true,missing,false,true,gradient_only,8,1465,0,0.17176906125945654,2.9315202030845957,missing
red4:lane2:snr26.0:seed4:frame38,26.0,38,cwz_joint,0,true,false,true,missing,true,true,gradient_only,0,0,0,0.4400148682293841,0.4400148682293841,missing
red4:lane2:snr26.0:seed4:frame39,26.0,39,cwz_joint,0,true,false,true,missing,true,true,gradient_only,8,0,0,0.13470201312429236,2.8102859782974843,missing
red4:lane2:snr26.0:seed4:frame40,26.0,40,cwz_joint,572,false,false,true,missing,false,true,gradient_only,8,1467,0,0.2027772744869124,2.891143209668433,missing
red4:lane2:snr26.0:seed4:frame41,26.0,41,cwz_joint,10,false,false,true,missing,false,true,gradient_only,8,1090,0,0.1125273808855043,2.6836991268323276,missing
red4:lane2:snr26.0:seed4:frame42,26.0,42,cwz_joint,0,true,false,true,missing,true,true,gradient_only,8,0,0,0.18263073648089653,2.93455450419474,missing
red4:lane2:snr26.0:seed4:frame43,26.0,43,cwz_joint,415,false,false,true,missing,false,true,gradient_only,8,1376,0,0.12074516501843369,5.843285786110707,missing
red4:lane2:snr26.0:seed4:frame44,26.0,44,cwz_joint,1,false,false,true,missing,true,true,gradient_only,8,0,0,0.14252722545679686,1.8735534152298459,missing
red4:lane2:snr26.0:seed4:frame45,26.0,45,cwz_joint,468,false,false,true,missing,false,true,gradient_only,8,1452,0,0.12039753908323346,3.339369603340859,missing
red4:lane2:snr26.0:seed4:frame46,26.0,46,cwz_joint,0,true,false,true,missing,true,true,gradient_only,8,0,0,0.23749225057864215,2.9973909171437603,missing
red4:lane2:snr26.0:seed4:frame47,26.0,47,cwz_joint,416,false,false,true,missing,false,true,gradient_only,8,1371,0,0.1199943109569121,2.7388229697008266,missing
red4:lane2:snr26.0:seed4:frame48,26.0,48,cwz_joint,248,false,false,true,missing,false,true,gradient_only,8,1375,0,0.1138685515576532,2.0302542600937166,missing
red4:lane2:snr26.0:seed4:frame49,26.0,49,cwz_joint,2,false,false,true,missing,false,true,gradient_only,8,43,0,0.13689678452693113,2.7083899663574424,missing
red4:lane2:snr26.0:seed4:frame50,26.0,50,cwz_joint,353,false,false,true,missing,false,true,gradient_only,8,1393,0,0.1225048860528478,2.9570333688959516,missing
red4:lane2:snr26.0:seed4:frame51,26.0,51,cwz_joint,397,false,false,true,missing,false,true,gradient_only,8,1478,0,0.12706166751563536,2.8736621297641967,missing
red4:lane2:snr26.0:seed4:frame52,26.0,52,cwz_joint,0,true,false,true,missing,true,true,gradient_only,0,0,0,0.42498141019248425,0.42498141019248425,missing
red4:lane2:snr26.0:seed4:frame53,26.0,53,cwz_joint,0,true,false,true,missing,true,true,gradient_only,8,0,0,0.6881653123809571,3.8860262016326095,missing
red4:lane2:snr26.0:seed4:frame54,26.0,54,cwz_joint,0,true,false,true,missing,true,true,gradient_only,8,0,0,0.2869741375629882,4.086779891227388,missing
red4:lane2:snr26.0:seed4:frame55,26.0,55,cwz_joint,401,false,false,true,missing,false,true,gradient_only,8,1363,0,0.1524318361365232,3.5883709898084337,missing
red4:lane2:snr26.0:seed4:frame56,26.0,56,cwz_joint,0,true,false,true,missing,true,true,gradient_only,8,0,0,0.11152198577784703,1.0623700485174694,missing
red4:lane2:snr26.0:seed4:frame57,26.0,57,cwz_joint,0,true,false,true,missing,false,true,gradient_only,8,19,0,0.15563805141266157,2.9355042740909547,missing
red4:lane2:snr26.0:seed4:frame58,26.0,58,cwz_joint,0,true,false,true,missing,true,true,gradient_only,8,0,0,0.203597059888433,3.5013922546969334,missing
red4:lane2:snr26.0:seed4:frame59,26.0,59,cwz_joint,0,true,false,true,missing,true,true,gradient_only,8,0,0,0.35786793026647795,3.727086197879026,missing
red4:lane2:snr26.0:seed4:frame60,26.0,60,cwz_joint,0,true,false,true,missing,true,true,gradient_only,8,0,0,0.16122666754913795,3.0136554188527267,missing
red4:lane2:snr26.0:seed4:frame1,26.0,1,profiled_cz,0,true,false,true,missing,true,true,gradient_only,0,0,0,0.2983318622406626,0.2983318622406626,missing
red4:lane2:snr26.0:seed4:frame2,26.0,2,profiled_cz,0,true,false,true,missing,true,true,gradient_only,0,0,0,0.35540110451988394,0.35540110451988394,missing
red4:lane2:snr26.0:seed4:frame3,26.0,3,profiled_cz,0,true,false,true,missing,true,true,gradient_only,0,0,0,0.21938131494411817,0.21938131494411817,missing
red4:lane2:snr26.0:seed4:frame4,26.0,4,profiled_cz,0,true,false,true,missing,true,true,gradient_only,0,0,0,0.6146101796686819,0.6146101796686819,missing
red4:lane2:snr26.0:seed4:frame5,26.0,5,profiled_cz,0,true,false,true,missing,true,true,gradient_only,0,0,0,0.3141330019087408,0.3141330019087408,missing
red4:lane2:snr26.0:seed4:frame6,26.0,6,profiled_cz,0,true,false,true,missing,true,true,gradient_only,0,0,0,0.24523088147827748,0.24523088147827748,missing
red4:lane2:snr26.0:seed4:frame7,26.0,7,profiled_cz,0,true,false,true,missing,true,true,gradient_only,0,0,0,0.4909861051816511,0.4909861051816511,missing
red4:lane2:snr26.0:seed4:frame8,26.0,8,profiled_cz,0,true,false,true,missing,true,true,gradient_only,0,0,0,0.36659658083517327,0.36659658083517327,missing
red4:lane2:snr26.0:seed4:frame9,26.0,9,profiled_cz,0,true,false,true,missing,true,true,gradient_only,0,0,0,0.22353908097162492,0.22353908097162492,missing
red4:lane2:snr26.0:seed4:frame10,26.0,10,profiled_cz,569,false,false,false,missing,false,true,gradient_only,6,1455,1301,0.13579156820986327,0.5232470109795833,missing
red4:lane2:snr26.0:seed4:frame11,26.0,11,profiled_cz,0,true,false,true,missing,true,true,gradient_only,0,0,0,0.1509596165937055,0.1509596165937055,missing
red4:lane2:snr26.0:seed4:frame12,26.0,12,profiled_cz,0,true,false,true,missing,true,true,gradient_only,0,0,0,0.652173430055952,0.652173430055952,missing
red4:lane2:snr26.0:seed4:frame13,26.0,13,profiled_cz,388,false,false,false,missing,false,true,gradient_only,2,1370,1201,0.10979694593759881,0.6089812049013902,missing
red4:lane2:snr26.0:seed4:frame14,26.0,14,profiled_cz,358,false,false,false,missing,false,true,gradient_only,2,1357,1191,0.11675071993157496,0.6172353096192673,missing
red4:lane2:snr26.0:seed4:frame15,26.0,15,profiled_cz,2,false,false,false,missing,false,true,gradient_only,7,637,12,0.12206817250568631,0.7920175905770167,missing
red4:lane2:snr26.0:seed4:frame16,26.0,16,profiled_cz,5,false,false,false,missing,false,true,gradient_only,7,397,15,0.11908367387466998,0.714944861711,missing
red4:lane2:snr26.0:seed4:frame17,26.0,17,profiled_cz,515,false,false,false,missing,false,true,gradient_only,6,1449,1321,0.18734617376405144,0.7691107217606297,missing
red4:lane2:snr26.0:seed4:frame18,26.0,18,profiled_cz,0,true,false,true,missing,true,true,gradient_only,0,0,0,0.6672745943033178,0.6672745943033178,missing
red4:lane2:snr26.0:seed4:frame19,26.0,19,profiled_cz,0,true,false,true,missing,false,true,gradient_only,1,4,0,0.2102440170542418,1.0268805465272954,missing
red4:lane2:snr26.0:seed4:frame20,26.0,20,profiled_cz,0,true,false,true,missing,true,true,gradient_only,0,0,0,0.22941244292586452,0.22941244292586452,missing
red4:lane2:snr26.0:seed4:frame21,26.0,21,profiled_cz,590,false,false,false,missing,false,true,gradient_only,6,1474,1298,0.1257447578781857,0.5197295532866161,missing
red4:lane2:snr26.0:seed4:frame22,26.0,22,profiled_cz,0,true,false,true,missing,true,true,gradient_only,0,0,0,0.10039448615798721,0.10039448615798721,missing
red4:lane2:snr26.0:seed4:frame23,26.0,23,profiled_cz,0,true,false,true,missing,false,true,gradient_only,1,5,0,0.2533572935398142,1.2584132181550065,missing
red4:lane2:snr26.0:seed4:frame24,26.0,24,profiled_cz,602,false,false,false,missing,false,true,gradient_only,3,1431,1325,0.1432484342364215,0.5789042956852988,missing
red4:lane2:snr26.0:seed4:frame25,26.0,25,profiled_cz,495,false,false,false,missing,false,true,gradient_only,1,1420,1326,0.16714958165110366,0.6435274109503768,missing
red4:lane2:snr26.0:seed4:frame26,26.0,26,profiled_cz,276,false,false,false,missing,false,true,gradient_only,3,1404,1062,0.14694628308930552,0.6133939122535805,missing
red4:lane2:snr26.0:seed4:frame27,26.0,27,profiled_cz,0,true,false,true,missing,true,true,gradient_only,0,0,0,0.1998906904332303,0.1998906904332303,missing
red4:lane2:snr26.0:seed4:frame28,26.0,28,profiled_cz,0,true,false,true,missing,true,true,gradient_only,0,0,0,0.4119076214400045,0.4119076214400045,missing
red4:lane2:snr26.0:seed4:frame29,26.0,29,profiled_cz,0,true,false,true,missing,true,true,gradient_only,0,0,0,0.18319033813305433,0.18319033813305433,missing
red4:lane2:snr26.0:seed4:frame30,26.0,30,profiled_cz,0,true,false,true,missing,true,true,gradient_only,0,0,0,0.26217696054630013,0.26217696054630013,missing
red4:lane2:snr26.0:seed4:frame31,26.0,31,profiled_cz,489,false,false,false,missing,false,true,gradient_only,1,1405,1286,0.11527897024834374,0.5772168862338658,missing
red4:lane2:snr26.0:seed4:frame32,26.0,32,profiled_cz,0,true,false,true,missing,false,true,gradient_only,1,3,0,0.18373769299196932,1.1841489629932949,missing
red4:lane2:snr26.0:seed4:frame33,26.0,33,profiled_cz,0,true,false,true,missing,true,true,gradient_only,0,0,0,0.14339920047397978,0.14339920047397978,missing
red4:lane2:snr26.0:seed4:frame34,26.0,34,profiled_cz,543,false,false,false,missing,false,true,gradient_only,4,1446,1296,0.11693009827119429,0.6085401973828672,missing
red4:lane2:snr26.0:seed4:frame35,26.0,35,profiled_cz,0,true,false,true,missing,true,true,gradient_only,0,0,0,0.363363440370679,0.363363440370679,missing
red4:lane2:snr26.0:seed4:frame36,26.0,36,profiled_cz,0,true,false,true,missing,true,true,gradient_only,0,0,0,0.19663351916782773,0.19663351916782773,missing
red4:lane2:snr26.0:seed4:frame37,26.0,37,profiled_cz,596,false,false,false,missing,false,true,gradient_only,3,1465,1324,0.17176906125945654,0.625523203072033,missing
red4:lane2:snr26.0:seed4:frame38,26.0,38,profiled_cz,0,true,false,true,missing,true,true,gradient_only,0,0,0,0.4400148682293841,0.4400148682293841,missing
red4:lane2:snr26.0:seed4:frame39,26.0,39,profiled_cz,0,true,false,true,missing,true,true,gradient_only,0,0,0,0.13470201312429236,0.13470201312429236,missing
red4:lane2:snr26.0:seed4:frame40,26.0,40,profiled_cz,593,false,false,false,missing,false,true,gradient_only,3,1467,1318,0.2027772744869124,0.5912778660445377,missing
red4:lane2:snr26.0:seed4:frame41,26.0,41,profiled_cz,10,false,false,false,missing,false,true,gradient_only,8,1090,22,0.1125273808855043,0.7164547940249856,missing
red4:lane2:snr26.0:seed4:frame42,26.0,42,profiled_cz,0,true,false,true,missing,true,true,gradient_only,0,0,0,0.18263073648089653,0.18263073648089653,missing
red4:lane2:snr26.0:seed4:frame43,26.0,43,profiled_cz,446,false,false,false,missing,false,true,gradient_only,8,1376,1269,0.12074516501843369,2.6554329768260385,missing
red4:lane2:snr26.0:seed4:frame44,26.0,44,profiled_cz,1,false,false,true,missing,true,true,gradient_only,0,0,0,0.14252722545679686,0.14252722545679686,missing
red4:lane2:snr26.0:seed4:frame45,26.0,45,profiled_cz,460,false,false,false,missing,false,true,gradient_only,6,1452,1299,0.12039753908323346,0.5722703294558974,missing
red4:lane2:snr26.0:seed4:frame46,26.0,46,profiled_cz,0,true,false,true,missing,true,true,gradient_only,0,0,0,0.23749225057864215,0.23749225057864215,missing
red4:lane2:snr26.0:seed4:frame47,26.0,47,profiled_cz,423,false,false,false,missing,false,true,gradient_only,7,1371,1196,0.1199943109569121,0.6109551141480322,missing
red4:lane2:snr26.0:seed4:frame48,26.0,48,profiled_cz,296,false,false,false,missing,false,true,gradient_only,8,1375,1097,0.1138685515576532,0.6305831959445879,missing
red4:lane2:snr26.0:seed4:frame49,26.0,49,profiled_cz,2,false,false,true,missing,false,true,gradient_only,1,43,0,0.13689678452693113,0.9986407072887249,missing
red4:lane2:snr26.0:seed4:frame50,26.0,50,profiled_cz,378,false,false,false,missing,false,true,gradient_only,6,1393,1197,0.1225048860528478,0.6757750836170682,missing
red4:lane2:snr26.0:seed4:frame51,26.0,51,profiled_cz,468,false,false,false,missing,false,true,gradient_only,1,1478,1326,0.12706166751563536,0.5663745259834778,missing
red4:lane2:snr26.0:seed4:frame52,26.0,52,profiled_cz,0,true,false,true,missing,true,true,gradient_only,0,0,0,0.42498141019248425,0.42498141019248425,missing
red4:lane2:snr26.0:seed4:frame53,26.0,53,profiled_cz,0,true,false,true,missing,true,true,gradient_only,0,0,0,0.6881653123809571,0.6881653123809571,missing
red4:lane2:snr26.0:seed4:frame54,26.0,54,profiled_cz,0,true,false,true,missing,true,true,gradient_only,0,0,0,0.2869741375629882,0.2869741375629882,missing
red4:lane2:snr26.0:seed4:frame55,26.0,55,profiled_cz,454,false,false,false,missing,false,true,gradient_only,4,1363,1246,0.1524318361365232,0.6470176686118636,missing
red4:lane2:snr26.0:seed4:frame56,26.0,56,profiled_cz,0,true,false,true,missing,true,true,gradient_only,0,0,0,0.11152198577784703,0.11152198577784703,missing
red4:lane2:snr26.0:seed4:frame57,26.0,57,profiled_cz,0,true,false,true,missing,false,true,gradient_only,1,19,0,0.15563805141266157,1.0361184702379767,missing
red4:lane2:snr26.0:seed4:frame58,26.0,58,profiled_cz,0,true,false,true,missing,true,true,gradient_only,0,0,0,0.203597059888433,0.203597059888433,missing
red4:lane2:snr26.0:seed4:frame59,26.0,59,profiled_cz,0,true,false,true,missing,true,true,gradient_only,0,0,0,0.35786793026647795,0.35786793026647795,missing
red4:lane2:snr26.0:seed4:frame60,26.0,60,profiled_cz,0,true,false,true,missing,true,true,gradient_only,0,0,0,0.16122666754913795,0.16122666754913795,missing
red4:lane2:snr28.0:seed4:frame1,28.0,1,cwz_joint,0,true,false,true,missing,true,true,gradient_only,8,0,0,0.3810715081562912,3.1044302569156765,missing
red4:lane2:snr28.0:seed4:frame2,28.0,2,cwz_joint,0,true,false,true,missing,true,true,gradient_only,8,0,0,0.7851317739602931,4.265409144560462,missing
red4:lane2:snr28.0:seed4:frame3,28.0,3,cwz_joint,0,true,false,true,missing,true,true,gradient_only,8,0,0,0.2188491733496475,3.6084927122935575,missing
red4:lane2:snr28.0:seed4:frame4,28.0,4,cwz_joint,0,true,false,true,missing,true,true,gradient_only,8,0,0,2.691006055628718,3.5882924300132184,missing
red4:lane2:snr28.0:seed4:frame5,28.0,5,cwz_joint,0,true,false,true,missing,true,true,gradient_only,8,0,0,0.5870070036690853,2.969201630767989,missing
red4:lane2:snr28.0:seed4:frame6,28.0,6,cwz_joint,0,true,false,true,missing,true,true,gradient_only,8,0,0,0.2259805352604833,4.491078441934569,missing
red4:lane2:snr28.0:seed4:frame7,28.0,7,cwz_joint,0,true,false,true,missing,true,true,gradient_only,8,0,0,0.8414491883023407,5.855198086266848,missing
red4:lane2:snr28.0:seed4:frame8,28.0,8,cwz_joint,0,true,false,true,missing,true,true,gradient_only,8,0,0,0.4434554046166049,3.418784936733337,missing
red4:lane2:snr28.0:seed4:frame9,28.0,9,cwz_joint,0,true,false,true,missing,true,true,gradient_only,8,0,0,0.22627915803172374,3.1925276329802204,missing
red4:lane2:snr28.0:seed4:frame10,28.0,10,cwz_joint,238,false,false,true,missing,false,true,gradient_only,8,1388,0,0.102278343297909,2.5627193042775853,missing
red4:lane2:snr28.0:seed4:frame11,28.0,11,cwz_joint,0,true,false,true,missing,true,true,gradient_only,8,0,0,0.14328045283334964,2.542234570399253,missing
red4:lane2:snr28.0:seed4:frame12,28.0,12,cwz_joint,0,true,false,true,missing,true,true,gradient_only,8,0,0,0.7759156079359982,3.009662390224181,missing
red4:lane2:snr28.0:seed4:frame13,28.0,13,cwz_joint,177,false,false,true,missing,false,true,gradient_only,8,1354,0,0.1021791229169316,2.7669584818600197,missing
red4:lane2:snr28.0:seed4:frame14,28.0,14,cwz_joint,547,false,false,true,missing,false,true,gradient_only,8,1416,0,0.1487002421468776,2.954684292552437,missing
red4:lane2:snr28.0:seed4:frame15,28.0,15,cwz_joint,3,false,false,true,missing,false,true,gradient_only,8,151,0,0.13261257573399077,2.884051495658189,missing
red4:lane2:snr28.0:seed4:frame16,28.0,16,cwz_joint,0,true,false,true,missing,true,true,gradient_only,8,0,0,0.13701491403194957,1.7395006051078536,missing
red4:lane2:snr28.0:seed4:frame17,28.0,17,cwz_joint,569,false,false,true,missing,false,true,gradient_only,8,1437,0,0.218297707172186,4.000317253747621,missing
red4:lane2:snr28.0:seed4:frame18,28.0,18,cwz_joint,0,true,false,true,missing,true,true,gradient_only,8,0,0,0.3398152829534824,3.6205788095269993,missing
red4:lane2:snr28.0:seed4:frame19,28.0,19,cwz_joint,0,true,false,true,missing,true,true,gradient_only,8,0,0,0.32776917673524625,4.026797675611723,missing
red4:lane2:snr28.0:seed4:frame20,28.0,20,cwz_joint,0,true,false,true,missing,true,true,gradient_only,8,0,0,0.374278195826286,3.544779835434435,missing
red4:lane2:snr28.0:seed4:frame21,28.0,21,cwz_joint,533,false,false,false,missing,false,true,gradient_only,8,1443,4,0.12184461408077532,1.9252707063758936,missing
red4:lane2:snr28.0:seed4:frame22,28.0,22,cwz_joint,0,true,false,true,missing,true,true,gradient_only,8,0,0,0.09435766390234791,1.1717549959932871,missing
red4:lane2:snr28.0:seed4:frame23,28.0,23,cwz_joint,2,false,false,true,missing,false,true,gradient_only,8,22,0,0.2054873571836295,2.800459261393281,missing
red4:lane2:snr28.0:seed4:frame24,28.0,24,cwz_joint,235,false,false,true,missing,false,true,gradient_only,8,1322,0,0.1233940616239351,2.534779966273167,missing
red4:lane2:snr28.0:seed4:frame25,28.0,25,cwz_joint,504,false,false,true,missing,false,true,gradient_only,8,1403,0,0.2049625320860817,3.329763590215013,missing
red4:lane2:snr28.0:seed4:frame26,28.0,26,cwz_joint,39,false,false,true,missing,false,true,gradient_only,8,1220,0,0.10774746605007675,2.6966238607846686,missing
red4:lane2:snr28.0:seed4:frame27,28.0,27,cwz_joint,0,true,false,true,missing,true,true,gradient_only,8,0,0,0.2161993623640986,2.520473666118304,missing
red4:lane2:snr28.0:seed4:frame28,28.0,28,cwz_joint,0,true,false,true,missing,true,true,gradient_only,0,0,0,0.5488078696693469,0.5488078696693469,missing
red4:lane2:snr28.0:seed4:frame29,28.0,29,cwz_joint,0,true,false,true,missing,true,true,gradient_only,8,0,0,0.1939841038820562,2.6247117398755915,missing
red4:lane2:snr28.0:seed4:frame30,28.0,30,cwz_joint,0,true,false,true,missing,true,true,gradient_only,8,0,0,0.19770780506268085,3.031356180249332,missing
red4:lane2:snr28.0:seed4:frame31,28.0,31,cwz_joint,443,false,false,true,missing,false,true,gradient_only,8,1432,0,0.11861982096853083,3.1514187676607226,missing
red4:lane2:snr28.0:seed4:frame32,28.0,32,cwz_joint,0,true,false,true,missing,false,true,gradient_only,8,1,0,0.17184611733856345,1.7775090395086854,missing
red4:lane2:snr28.0:seed4:frame33,28.0,33,cwz_joint,0,true,false,true,missing,true,true,gradient_only,0,0,0,0.14551401955249138,0.14551401955249138,missing
red4:lane2:snr28.0:seed4:frame34,28.0,34,cwz_joint,428,false,false,true,missing,false,true,gradient_only,8,1413,0,0.11695566473258098,3.048530135483387,missing
red4:lane2:snr28.0:seed4:frame35,28.0,35,cwz_joint,0,true,false,true,missing,true,true,gradient_only,8,0,0,0.3011475048060205,2.91520293867808,missing
red4:lane2:snr28.0:seed4:frame36,28.0,36,cwz_joint,0,true,false,true,missing,true,true,gradient_only,8,0,0,0.1729334961700794,3.277732748632824,missing
red4:lane2:snr28.0:seed4:frame37,28.0,37,cwz_joint,553,false,false,true,missing,false,true,gradient_only,8,1447,0,0.16009130901321325,2.922413594077711,missing
red4:lane2:snr28.0:seed4:frame38,28.0,38,cwz_joint,0,true,false,true,missing,true,true,gradient_only,0,0,0,0.1887469080765444,0.1887469080765444,missing
red4:lane2:snr28.0:seed4:frame39,28.0,39,cwz_joint,0,true,false,true,missing,true,true,gradient_only,8,0,0,0.1460671831262379,2.8006726165140776,missing
red4:lane2:snr28.0:seed4:frame40,28.0,40,cwz_joint,552,false,false,true,missing,false,true,gradient_only,8,1453,0,0.17351040953925784,2.89420512890687,missing
red4:lane2:snr28.0:seed4:frame41,28.0,41,cwz_joint,39,false,false,true,missing,false,true,gradient_only,8,1230,0,0.10742202432053498,2.683134657425461,missing
red4:lane2:snr28.0:seed4:frame42,28.0,42,cwz_joint,0,true,false,true,missing,true,true,gradient_only,8,0,0,0.19252739475368796,2.8995131375827836,missing
red4:lane2:snr28.0:seed4:frame43,28.0,43,cwz_joint,402,false,false,true,missing,false,true,gradient_only,8,1414,0,0.11103058369274044,4.990043744202245,missing
red4:lane2:snr28.0:seed4:frame44,28.0,44,cwz_joint,0,true,false,true,missing,true,true,gradient_only,8,0,0,0.14372909512763382,1.8717369716717152,missing
red4:lane2:snr28.0:seed4:frame45,28.0,45,cwz_joint,472,false,false,true,missing,false,true,gradient_only,8,1440,0,0.12455600016371203,3.331224011647844,missing
red4:lane2:snr28.0:seed4:frame46,28.0,46,cwz_joint,0,true,false,true,missing,true,true,gradient_only,8,0,0,0.2089285052860048,2.986076383230331,missing
red4:lane2:snr28.0:seed4:frame47,28.0,47,cwz_joint,410,false,false,true,missing,false,true,gradient_only,8,1301,0,0.14327985526539944,2.713190240518107,missing
red4:lane2:snr28.0:seed4:frame48,28.0,48,cwz_joint,203,false,false,true,missing,false,true,gradient_only,8,1300,0,0.11994607216140833,2.01973092545324,missing
red4:lane2:snr28.0:seed4:frame49,28.0,49,cwz_joint,0,true,false,true,missing,false,true,gradient_only,8,16,0,0.15830229112961205,2.6817105101212393,missing
red4:lane2:snr28.0:seed4:frame50,28.0,50,cwz_joint,128,false,false,true,missing,false,true,gradient_only,8,1293,0,0.13441749184157936,2.9442515535747105,missing
red4:lane2:snr28.0:seed4:frame51,28.0,51,cwz_joint,313,false,false,true,missing,false,true,gradient_only,8,1395,0,0.13271636346637447,2.8633231089377276,missing
red4:lane2:snr28.0:seed4:frame52,28.0,52,cwz_joint,0,true,false,true,missing,true,true,gradient_only,0,0,0,0.5312034585917529,0.5312034585917529,missing
red4:lane2:snr28.0:seed4:frame53,28.0,53,cwz_joint,0,true,false,true,missing,true,true,gradient_only,8,0,0,8.509661257999836,3.8798194018422856,missing
red4:lane2:snr28.0:seed4:frame54,28.0,54,cwz_joint,0,true,false,true,missing,true,true,gradient_only,8,0,0,0.15944425960544129,4.081180036277397,missing
red4:lane2:snr28.0:seed4:frame55,28.0,55,cwz_joint,470,false,false,true,missing,false,true,gradient_only,8,1439,0,0.13335477849577135,3.592212829977714,missing
red4:lane2:snr28.0:seed4:frame56,28.0,56,cwz_joint,0,true,false,true,missing,true,true,gradient_only,8,0,0,0.1084110816927484,1.0593650714322536,missing
red4:lane2:snr28.0:seed4:frame57,28.0,57,cwz_joint,0,true,false,true,missing,false,true,gradient_only,8,3,0,0.23445084742855038,2.9193445419643855,missing
red4:lane2:snr28.0:seed4:frame58,28.0,58,cwz_joint,0,true,false,true,missing,true,true,gradient_only,0,0,0,0.6309359874867965,0.6309359874867965,missing
red4:lane2:snr28.0:seed4:frame59,28.0,59,cwz_joint,0,true,false,true,missing,true,true,gradient_only,8,0,0,0.22118273199554414,3.671123039211928,missing
red4:lane2:snr28.0:seed4:frame60,28.0,60,cwz_joint,0,true,false,true,missing,true,true,gradient_only,8,0,0,0.1554965518423378,2.9847381044257073,missing
red4:lane2:snr28.0:seed4:frame1,28.0,1,profiled_cz,0,true,false,true,missing,true,true,gradient_only,0,0,0,0.3810715081562912,0.3810715081562912,missing
red4:lane2:snr28.0:seed4:frame2,28.0,2,profiled_cz,0,true,false,true,missing,true,true,gradient_only,0,0,0,0.7851317739602931,0.7851317739602931,missing
red4:lane2:snr28.0:seed4:frame3,28.0,3,profiled_cz,0,true,false,true,missing,true,true,gradient_only,0,0,0,0.2188491733496475,0.2188491733496475,missing
red4:lane2:snr28.0:seed4:frame4,28.0,4,profiled_cz,0,true,false,true,missing,true,true,gradient_only,1,0,0,2.691006055628718,1.1746860410653175,missing
red4:lane2:snr28.0:seed4:frame5,28.0,5,profiled_cz,0,true,false,true,missing,true,true,gradient_only,0,0,0,0.5870070036690853,0.5870070036690853,missing
red4:lane2:snr28.0:seed4:frame6,28.0,6,profiled_cz,0,true,false,true,missing,true,true,gradient_only,0,0,0,0.2259805352604833,0.2259805352604833,missing
red4:lane2:snr28.0:seed4:frame7,28.0,7,profiled_cz,0,true,false,true,missing,true,true,gradient_only,0,0,0,0.8414491883023407,0.8414491883023407,missing
red4:lane2:snr28.0:seed4:frame8,28.0,8,profiled_cz,0,true,false,true,missing,true,true,gradient_only,0,0,0,0.4434554046166049,0.4434554046166049,missing
red4:lane2:snr28.0:seed4:frame9,28.0,9,profiled_cz,0,true,false,true,missing,true,true,gradient_only,0,0,0,0.22627915803172374,0.22627915803172374,missing
red4:lane2:snr28.0:seed4:frame10,28.0,10,profiled_cz,292,false,false,false,missing,false,true,gradient_only,5,1388,1078,0.102278343297909,0.5908490515286358,missing
red4:lane2:snr28.0:seed4:frame11,28.0,11,profiled_cz,0,true,false,true,missing,true,true,gradient_only,0,0,0,0.14328045283334964,0.14328045283334964,missing
red4:lane2:snr28.0:seed4:frame12,28.0,12,profiled_cz,0,true,false,true,missing,true,true,gradient_only,0,0,0,0.7759156079359982,0.7759156079359982,missing
red4:lane2:snr28.0:seed4:frame13,28.0,13,profiled_cz,192,false,false,false,missing,false,true,gradient_only,8,1354,921,0.1021791229169316,0.6375023727837361,missing
red4:lane2:snr28.0:seed4:frame14,28.0,14,profiled_cz,563,false,false,false,missing,false,true,gradient_only,4,1416,1300,0.1487002421468776,0.5793254985258325,missing
red4:lane2:snr28.0:seed4:frame15,28.0,15,profiled_cz,3,false,false,false,missing,false,true,gradient_only,1,151,3,0.13261257573399077,0.9713054694736829,missing
red4:lane2:snr28.0:seed4:frame16,28.0,16,profiled_cz,0,true,false,true,missing,true,true,gradient_only,0,0,0,0.13701491403194957,0.13701491403194957,missing
red4:lane2:snr28.0:seed4:frame17,28.0,17,profiled_cz,586,false,false,false,missing,false,true,gradient_only,6,1437,1304,0.218297707172186,0.7491631452680647,missing
red4:lane2:snr28.0:seed4:frame18,28.0,18,profiled_cz,0,true,false,true,missing,true,true,gradient_only,0,0,0,0.3398152829534824,0.3398152829534824,missing
red4:lane2:snr28.0:seed4:frame19,28.0,19,profiled_cz,0,true,false,true,missing,true,true,gradient_only,0,0,0,0.32776917673524625,0.32776917673524625,missing
red4:lane2:snr28.0:seed4:frame20,28.0,20,profiled_cz,0,true,false,true,missing,true,true,gradient_only,0,0,0,0.374278195826286,0.374278195826286,missing
red4:lane2:snr28.0:seed4:frame21,28.0,21,profiled_cz,567,false,false,false,missing,false,true,gradient_only,6,1443,1370,0.12184461408077532,0.525775168890269,missing
red4:lane2:snr28.0:seed4:frame22,28.0,22,profiled_cz,0,true,false,true,missing,true,true,gradient_only,0,0,0,0.09435766390234791,0.09435766390234791,missing
red4:lane2:snr28.0:seed4:frame23,28.0,23,profiled_cz,2,false,false,true,missing,false,true,gradient_only,1,22,0,0.2054873571836295,1.243209896487447,missing
red4:lane2:snr28.0:seed4:frame24,28.0,24,profiled_cz,265,false,false,false,missing,false,true,gradient_only,1,1322,954,0.1233940616239351,0.6617778872363996,missing
red4:lane2:snr28.0:seed4:frame25,28.0,25,profiled_cz,523,false,false,false,missing,false,true,gradient_only,1,1403,1284,0.2049625320860817,0.6070651992682528,missing
red4:lane2:snr28.0:seed4:frame26,28.0,26,profiled_cz,55,false,false,false,missing,false,true,gradient_only,6,1220,329,0.10774746605007675,0.6409466461271685,missing
red4:lane2:snr28.0:seed4:frame27,28.0,27,profiled_cz,0,true,false,true,missing,true,true,gradient_only,0,0,0,0.2161993623640986,0.2161993623640986,missing
red4:lane2:snr28.0:seed4:frame28,28.0,28,profiled_cz,0,true,false,true,missing,true,true,gradient_only,0,0,0,0.5488078696693469,0.5488078696693469,missing
red4:lane2:snr28.0:seed4:frame29,28.0,29,profiled_cz,0,true,false,true,missing,true,true,gradient_only,5,0,0,0.1939841038820562,0.6866233940047032,missing
red4:lane2:snr28.0:seed4:frame30,28.0,30,profiled_cz,0,true,false,true,missing,true,true,gradient_only,0,0,0,0.19770780506268085,0.19770780506268085,missing
red4:lane2:snr28.0:seed4:frame31,28.0,31,profiled_cz,484,false,false,false,missing,false,true,gradient_only,8,1432,1301,0.11861982096853083,0.5601186766284963,missing
red4:lane2:snr28.0:seed4:frame32,28.0,32,profiled_cz,0,true,false,true,missing,false,true,gradient_only,1,1,0,0.17184611733856345,1.18889481108953,missing
red4:lane2:snr28.0:seed4:frame33,28.0,33,profiled_cz,0,true,false,true,missing,true,true,gradient_only,0,0,0,0.14551401955249138,0.14551401955249138,missing
red4:lane2:snr28.0:seed4:frame34,28.0,34,profiled_cz,468,false,false,false,missing,false,true,gradient_only,2,1413,1269,0.11695566473258098,0.6338347315809358,missing
red4:lane2:snr28.0:seed4:frame35,28.0,35,profiled_cz,0,true,false,true,missing,true,true,gradient_only,0,0,0,0.3011475048060205,0.3011475048060205,missing
red4:lane2:snr28.0:seed4:frame36,28.0,36,profiled_cz,0,true,false,true,missing,true,true,gradient_only,0,0,0,0.1729334961700794,0.1729334961700794,missing
red4:lane2:snr28.0:seed4:frame37,28.0,37,profiled_cz,580,false,false,false,missing,false,true,gradient_only,8,1447,1256,0.16009130901321325,0.6029228217639739,missing
red4:lane2:snr28.0:seed4:frame38,28.0,38,profiled_cz,0,true,false,true,missing,true,true,gradient_only,0,0,0,0.1887469080765444,0.1887469080765444,missing
red4:lane2:snr28.0:seed4:frame39,28.0,39,profiled_cz,0,true,false,true,missing,true,true,gradient_only,0,0,0,0.1460671831262379,0.1460671831262379,missing
red4:lane2:snr28.0:seed4:frame40,28.0,40,profiled_cz,596,false,false,false,missing,false,true,gradient_only,3,1453,1295,0.17351040953925784,0.5969941731033351,missing
red4:lane2:snr28.0:seed4:frame41,28.0,41,profiled_cz,127,false,false,false,missing,false,true,gradient_only,8,1230,740,0.10742202432053498,0.6439319992831408,missing
red4:lane2:snr28.0:seed4:frame42,28.0,42,profiled_cz,0,true,false,true,missing,true,true,gradient_only,0,0,0,0.19252739475368796,0.19252739475368796,missing
red4:lane2:snr28.0:seed4:frame43,28.0,43,profiled_cz,408,false,false,false,missing,false,true,gradient_only,4,1414,1182,0.11103058369274044,1.8923472843390705,missing
red4:lane2:snr28.0:seed4:frame44,28.0,44,profiled_cz,0,true,false,true,missing,true,true,gradient_only,0,0,0,0.14372909512763382,0.14372909512763382,missing
red4:lane2:snr28.0:seed4:frame45,28.0,45,profiled_cz,508,false,false,false,missing,false,true,gradient_only,1,1440,1298,0.12455600016371203,0.5970097109848412,missing
red4:lane2:snr28.0:seed4:frame46,28.0,46,profiled_cz,0,true,false,true,missing,true,true,gradient_only,0,0,0,0.2089285052860048,0.2089285052860048,missing
red4:lane2:snr28.0:seed4:frame47,28.0,47,profiled_cz,438,false,false,false,missing,false,true,gradient_only,5,1301,1147,0.14327985526539944,0.5956302035326247,missing
red4:lane2:snr28.0:seed4:frame48,28.0,48,profiled_cz,222,false,false,false,missing,false,true,gradient_only,5,1300,930,0.11994607216140833,0.6758766821277544,missing
red4:lane2:snr28.0:seed4:frame49,28.0,49,profiled_cz,1,false,false,true,missing,false,true,gradient_only,1,16,0,0.15830229112961205,1.0900127224752771,missing
red4:lane2:snr28.0:seed4:frame50,28.0,50,profiled_cz,179,false,false,false,missing,false,true,gradient_only,6,1293,946,0.13441749184157936,0.6844922764651362,missing
red4:lane2:snr28.0:seed4:frame51,28.0,51,profiled_cz,333,false,false,false,missing,false,true,gradient_only,7,1395,1189,0.13271636346637447,0.5887584158949317,missing
red4:lane2:snr28.0:seed4:frame52,28.0,52,profiled_cz,0,true,false,true,missing,true,true,gradient_only,0,0,0,0.5312034585917529,0.5312034585917529,missing
red4:lane2:snr28.0:seed4:frame53,28.0,53,profiled_cz,0,true,false,true,missing,true,true,gradient_only,1,0,0,8.509661257999836,1.3546763145414893,missing
red4:lane2:snr28.0:seed4:frame54,28.0,54,profiled_cz,0,true,false,true,missing,true,true,gradient_only,0,0,0,0.15944425960544129,0.15944425960544129,missing
red4:lane2:snr28.0:seed4:frame55,28.0,55,profiled_cz,500,false,false,false,missing,false,true,gradient_only,8,1439,1298,0.13335477849577135,0.6316485301387632,missing
red4:lane2:snr28.0:seed4:frame56,28.0,56,profiled_cz,0,true,false,true,missing,true,true,gradient_only,0,0,0,0.1084110816927484,0.1084110816927484,missing
red4:lane2:snr28.0:seed4:frame57,28.0,57,profiled_cz,0,true,false,true,missing,false,true,gradient_only,1,3,0,0.23445084742855038,1.0674244126781804,missing
red4:lane2:snr28.0:seed4:frame58,28.0,58,profiled_cz,0,true,false,true,missing,true,true,gradient_only,0,0,0,0.6309359874867965,0.6309359874867965,missing
red4:lane2:snr28.0:seed4:frame59,28.0,59,profiled_cz,0,true,false,true,missing,true,true,gradient_only,0,0,0,0.22118273199554414,0.22118273199554414,missing
red4:lane2:snr28.0:seed4:frame60,28.0,60,profiled_cz,0,true,false,true,missing,true,true,gradient_only,0,0,0,0.1554965518423378,0.1554965518423378,missing
red4:lane2:snr30.0:seed4:frame1,30.0,1,cwz_joint,0,true,false,true,missing,true,true,gradient_only,8,0,0,1.4663058315468478,3.1063651829857846,missing
red4:lane2:snr30.0:seed4:frame2,30.0,2,cwz_joint,0,true,false,true,missing,true,true,gradient_only,8,0,0,0.28688290512728987,4.280361333654813,missing
red4:lane2:snr30.0:seed4:frame3,30.0,3,cwz_joint,0,true,false,true,missing,true,true,gradient_only,8,0,0,0.22190306656483824,3.605934405991659,missing
red4:lane2:snr30.0:seed4:frame4,30.0,4,cwz_joint,0,true,false,true,missing,true,true,gradient_only,8,0,0,0.4600169782877475,3.58902141208309,missing
red4:lane2:snr30.0:seed4:frame5,30.0,5,cwz_joint,0,true,false,true,missing,true,true,gradient_only,8,0,0,0.2564125703933303,2.9704644313262683,missing
red4:lane2:snr30.0:seed4:frame6,30.0,6,cwz_joint,0,true,false,true,missing,true,true,gradient_only,0,0,0,0.21975418503712021,0.21975418503712021,missing
red4:lane2:snr30.0:seed4:frame7,30.0,7,cwz_joint,0,true,false,true,missing,true,true,gradient_only,8,0,0,0.6149207087449262,5.83753742473029,missing
red4:lane2:snr30.0:seed4:frame8,30.0,8,cwz_joint,0,true,false,true,missing,true,true,gradient_only,8,0,0,0.3628410488373866,3.4064604511959864,missing
red4:lane2:snr30.0:seed4:frame9,30.0,9,cwz_joint,0,true,false,true,missing,true,true,gradient_only,8,0,0,0.4456797014835798,3.1871774477803365,missing
red4:lane2:snr30.0:seed4:frame10,30.0,10,cwz_joint,401,false,false,true,missing,false,true,gradient_only,8,1317,0,0.09874558408795407,2.5503695883621913,missing
red4:lane2:snr30.0:seed4:frame11,30.0,11,cwz_joint,0,true,false,true,missing,true,true,gradient_only,8,0,0,0.13860888393986132,2.5170132863961365,missing
red4:lane2:snr30.0:seed4:frame12,30.0,12,cwz_joint,0,true,false,true,missing,true,true,gradient_only,0,0,0,0.21606986178225446,0.21606986178225446,missing
red4:lane2:snr30.0:seed4:frame13,30.0,13,cwz_joint,147,false,false,true,missing,false,true,gradient_only,8,1329,0,0.10780537029418735,2.7587232550080554,missing
red4:lane2:snr30.0:seed4:frame14,30.0,14,cwz_joint,80,false,false,true,missing,false,true,gradient_only,8,1285,0,0.12351731315230183,2.954470124997655,missing
red4:lane2:snr30.0:seed4:frame15,30.0,15,cwz_joint,3,false,false,true,missing,false,true,gradient_only,8,909,0,0.10643039842504448,2.8776748002109307,missing
red4:lane2:snr30.0:seed4:frame16,30.0,16,cwz_joint,0,true,false,true,missing,true,true,gradient_only,8,0,0,0.14310890287090083,1.7347862825223568,missing
red4:lane2:snr30.0:seed4:frame17,30.0,17,cwz_joint,408,false,false,false,missing,false,true,gradient_only,8,1474,1,0.14124478150344313,3.9612768155322327,missing
red4:lane2:snr30.0:seed4:frame18,30.0,18,cwz_joint,0,true,false,true,missing,true,true,gradient_only,8,0,0,8.014318113686427,3.5986414534530184,missing
red4:lane2:snr30.0:seed4:frame19,30.0,19,cwz_joint,0,true,false,true,missing,true,true,gradient_only,8,0,0,0.19273834223214267,4.0412695497935545,missing
red4:lane2:snr30.0:seed4:frame20,30.0,20,cwz_joint,0,true,false,true,missing,true,true,gradient_only,8,0,0,0.49215897626099653,3.542954562019472,missing
red4:lane2:snr30.0:seed4:frame21,30.0,21,cwz_joint,2,false,false,true,missing,false,true,gradient_only,8,997,0,0.10626047649346076,1.8723504040383112,missing
red4:lane2:snr30.0:seed4:frame22,30.0,22,cwz_joint,0,true,false,true,missing,true,true,gradient_only,8,0,0,0.11336336388199382,1.1622941833960763,missing
red4:lane2:snr30.0:seed4:frame23,30.0,23,cwz_joint,0,true,false,true,missing,false,true,gradient_only,8,2,0,0.22820198971172287,2.788926818749014,missing
red4:lane2:snr30.0:seed4:frame24,30.0,24,cwz_joint,226,false,false,true,missing,false,true,gradient_only,8,1331,0,0.14967956060612392,2.5236596619234573,missing
red4:lane2:snr30.0:seed4:frame25,30.0,25,cwz_joint,517,false,false,true,missing,false,true,gradient_only,8,1471,0,0.20396745843615455,3.3091867512994533,missing
red4:lane2:snr30.0:seed4:frame26,30.0,26,cwz_joint,15,false,false,true,missing,false,true,gradient_only,8,1147,0,0.11135610157646395,2.680942799225081,missing
red4:lane2:snr30.0:seed4:frame27,30.0,27,cwz_joint,0,true,false,true,missing,true,true,gradient_only,8,0,0,0.2528748282830035,2.5096026087331844,missing
red4:lane2:snr30.0:seed4:frame28,30.0,28,cwz_joint,0,true,false,true,missing,true,true,gradient_only,8,0,0,0.5948741558811403,2.7801550259534364,missing
red4:lane2:snr30.0:seed4:frame29,30.0,29,cwz_joint,0,true,false,true,missing,true,true,gradient_only,8,0,0,0.24605016204135033,2.6156686703200234,missing
red4:lane2:snr30.0:seed4:frame30,30.0,30,cwz_joint,0,true,false,true,missing,true,true,gradient_only,8,0,0,0.1983900094222007,3.0172095823240577,missing
red4:lane2:snr30.0:seed4:frame31,30.0,31,cwz_joint,430,false,false,true,missing,false,true,gradient_only,8,1380,0,0.11722068733798918,3.1620216430758106,missing
red4:lane2:snr30.0:seed4:frame32,30.0,32,cwz_joint,0,true,false,true,missing,false,true,gradient_only,8,1,0,0.17783565517451408,1.7719641782233333,missing
red4:lane2:snr30.0:seed4:frame33,30.0,33,cwz_joint,0,true,false,true,missing,true,true,gradient_only,8,0,0,0.1249426484009402,1.4501948592680243,missing
red4:lane2:snr30.0:seed4:frame34,30.0,34,cwz_joint,434,false,false,true,missing,false,true,gradient_only,8,1434,0,0.1258416797068829,3.038934121985564,missing
red4:lane2:snr30.0:seed4:frame35,30.0,35,cwz_joint,0,true,false,true,missing,true,true,gradient_only,8,0,0,0.255625272513515,2.909191748001963,missing
red4:lane2:snr30.0:seed4:frame36,30.0,36,cwz_joint,0,true,false,true,missing,true,true,gradient_only,8,0,0,0.17340769437109893,3.287799405488229,missing
red4:lane2:snr30.0:seed4:frame37,30.0,37,cwz_joint,359,false,false,true,missing,false,true,gradient_only,8,1424,0,0.185156043533689,2.9090084606701794,missing
red4:lane2:snr30.0:seed4:frame38,30.0,38,cwz_joint,0,true,false,true,missing,true,true,gradient_only,8,0,0,0.160437523575834,2.653191740044701,missing
red4:lane2:snr30.0:seed4:frame39,30.0,39,cwz_joint,0,true,false,true,missing,true,true,gradient_only,8,0,0,0.1441589557337785,2.7943538834137374,missing
red4:lane2:snr30.0:seed4:frame40,30.0,40,cwz_joint,575,false,false,true,missing,false,true,gradient_only,8,1422,0,0.17378500714508083,2.9056416478199996,missing
red4:lane2:snr30.0:seed4:frame41,30.0,41,cwz_joint,34,false,false,true,missing,false,true,gradient_only,8,1296,0,0.11100710698663338,2.667110426942062,missing
red4:lane2:snr30.0:seed4:frame42,30.0,42,cwz_joint,0,true,false,true,missing,true,true,gradient_only,8,0,0,0.1747375738523542,2.878987272493077,missing
red4:lane2:snr30.0:seed4:frame43,30.0,43,cwz_joint,368,false,false,true,missing,false,true,gradient_only,8,1393,0,0.13065774737554886,4.4516067715487395,missing
red4:lane2:snr30.0:seed4:frame44,30.0,44,cwz_joint,0,true,false,true,missing,true,true,gradient_only,8,0,0,0.1265583031771143,1.8717461665185227,missing
red4:lane2:snr30.0:seed4:frame45,30.0,45,cwz_joint,403,false,false,true,missing,false,true,gradient_only,8,1440,0,0.11570639622229667,3.3233514446825354,missing
red4:lane2:snr30.0:seed4:frame46,30.0,46,cwz_joint,0,true,false,true,missing,true,true,gradient_only,8,0,0,0.20599909506283215,2.9787847662324984,missing
red4:lane2:snr30.0:seed4:frame47,30.0,47,cwz_joint,454,false,false,true,missing,false,true,gradient_only,8,1428,0,0.13148206230135734,2.6776991588369756,missing
red4:lane2:snr30.0:seed4:frame48,30.0,48,cwz_joint,7,false,false,true,missing,false,true,gradient_only,8,1024,0,0.11785283838667072,1.9958008766931248,missing
red4:lane2:snr30.0:seed4:frame49,30.0,49,cwz_joint,1,false,false,true,missing,false,true,gradient_only,8,1,0,0.3067870786884243,2.671223490960245,missing
red4:lane2:snr30.0:seed4:frame50,30.0,50,cwz_joint,340,false,false,true,missing,false,true,gradient_only,8,1384,0,2.27574056909747,2.9433723025759795,missing
red4:lane2:snr30.0:seed4:frame51,30.0,51,cwz_joint,581,false,false,true,missing,false,true,gradient_only,8,1465,0,0.16955191163416264,2.8651881451928323,missing
red4:lane2:snr30.0:seed4:frame52,30.0,52,cwz_joint,0,true,false,true,missing,true,true,gradient_only,8,0,0,0.36722646357205924,3.8437630891456434,missing
red4:lane2:snr30.0:seed4:frame53,30.0,53,cwz_joint,0,true,false,true,missing,true,true,gradient_only,8,0,0,0.22748686353879946,3.8753366720622346,missing
red4:lane2:snr30.0:seed4:frame54,30.0,54,cwz_joint,0,true,false,true,missing,true,true,gradient_only,8,0,0,0.2299857732735493,4.075935282843136,missing
red4:lane2:snr30.0:seed4:frame55,30.0,55,cwz_joint,600,false,false,true,missing,false,true,gradient_only,8,1487,0,0.19779027272234567,3.6100326383236365,missing
red4:lane2:snr30.0:seed4:frame56,30.0,56,cwz_joint,0,true,false,true,missing,true,true,gradient_only,8,0,0,0.11068590595858557,1.0575834127682502,missing
red4:lane2:snr30.0:seed4:frame57,30.0,57,cwz_joint,0,true,false,true,missing,false,true,gradient_only,8,1,0,0.1620670644438452,2.9049823557270704,missing
red4:lane2:snr30.0:seed4:frame58,30.0,58,cwz_joint,0,true,false,true,missing,true,true,gradient_only,0,0,0,0.2032306354503538,0.2032306354503538,missing
red4:lane2:snr30.0:seed4:frame59,30.0,59,cwz_joint,0,true,false,true,missing,true,true,gradient_only,8,0,0,0.3246058543503094,3.63278413494278,missing
red4:lane2:snr30.0:seed4:frame60,30.0,60,cwz_joint,0,true,false,true,missing,true,true,gradient_only,8,0,0,0.15041535212701687,2.9617234933499965,missing
red4:lane2:snr30.0:seed4:frame1,30.0,1,profiled_cz,0,true,false,true,missing,true,true,gradient_only,1,0,0,1.4663058315468478,1.1294135151060691,missing
red4:lane2:snr30.0:seed4:frame2,30.0,2,profiled_cz,0,true,false,true,missing,true,true,gradient_only,0,0,0,0.28688290512728987,0.28688290512728987,missing
red4:lane2:snr30.0:seed4:frame3,30.0,3,profiled_cz,0,true,false,true,missing,true,true,gradient_only,0,0,0,0.22190306656483824,0.22190306656483824,missing
red4:lane2:snr30.0:seed4:frame4,30.0,4,profiled_cz,0,true,false,true,missing,true,true,gradient_only,0,0,0,0.4600169782877475,0.4600169782877475,missing
red4:lane2:snr30.0:seed4:frame5,30.0,5,profiled_cz,0,true,false,true,missing,true,true,gradient_only,0,0,0,0.2564125703933303,0.2564125703933303,missing
red4:lane2:snr30.0:seed4:frame6,30.0,6,profiled_cz,0,true,false,true,missing,true,true,gradient_only,0,0,0,0.21975418503712021,0.21975418503712021,missing
red4:lane2:snr30.0:seed4:frame7,30.0,7,profiled_cz,0,true,false,true,missing,true,true,gradient_only,0,0,0,0.6149207087449262,0.6149207087449262,missing
red4:lane2:snr30.0:seed4:frame8,30.0,8,profiled_cz,0,true,false,true,missing,true,true,gradient_only,0,0,0,0.3628410488373866,0.3628410488373866,missing
red4:lane2:snr30.0:seed4:frame9,30.0,9,profiled_cz,0,true,false,true,missing,true,true,gradient_only,0,0,0,0.4456797014835798,0.4456797014835798,missing
red4:lane2:snr30.0:seed4:frame10,30.0,10,profiled_cz,411,false,false,false,missing,false,true,gradient_only,1,1317,1226,0.09874558408795407,0.5650909001792314,missing
red4:lane2:snr30.0:seed4:frame11,30.0,11,profiled_cz,0,true,false,true,missing,true,true,gradient_only,0,0,0,0.13860888393986132,0.13860888393986132,missing
red4:lane2:snr30.0:seed4:frame12,30.0,12,profiled_cz,0,true,false,true,missing,true,true,gradient_only,0,0,0,0.21606986178225446,0.21606986178225446,missing
red4:lane2:snr30.0:seed4:frame13,30.0,13,profiled_cz,265,false,false,false,missing,false,true,gradient_only,1,1329,1015,0.10780537029418735,0.6550528383463439,missing
red4:lane2:snr30.0:seed4:frame14,30.0,14,profiled_cz,140,false,false,false,missing,false,true,gradient_only,8,1285,712,0.12351731315230183,0.6434873470009052,missing
red4:lane2:snr30.0:seed4:frame15,30.0,15,profiled_cz,3,false,false,false,missing,false,true,gradient_only,7,909,4,0.10643039842504448,0.7051220103559696,missing
red4:lane2:snr30.0:seed4:frame16,30.0,16,profiled_cz,0,true,false,true,missing,true,true,gradient_only,0,0,0,0.14310890287090083,0.14310890287090083,missing
red4:lane2:snr30.0:seed4:frame17,30.0,17,profiled_cz,444,false,false,false,missing,false,true,gradient_only,6,1474,1259,0.14124478150344313,0.7707596725701467,missing
red4:lane2:snr30.0:seed4:frame18,30.0,18,profiled_cz,0,true,false,true,missing,true,true,gradient_only,1,0,0,8.014318113686427,1.2818057829985896,missing
red4:lane2:snr30.0:seed4:frame19,30.0,19,profiled_cz,0,true,false,true,missing,true,true,gradient_only,0,0,0,0.19273834223214267,0.19273834223214267,missing
red4:lane2:snr30.0:seed4:frame20,30.0,20,profiled_cz,0,true,false,true,missing,true,true,gradient_only,0,0,0,0.49215897626099653,0.49215897626099653,missing
red4:lane2:snr30.0:seed4:frame21,30.0,21,profiled_cz,2,false,false,false,missing,false,true,gradient_only,8,997,20,0.10626047649346076,0.6828602382670976,missing
red4:lane2:snr30.0:seed4:frame22,30.0,22,profiled_cz,0,true,false,true,missing,true,true,gradient_only,0,0,0,0.11336336388199382,0.11336336388199382,missing
red4:lane2:snr30.0:seed4:frame23,30.0,23,profiled_cz,0,true,false,true,missing,false,true,gradient_only,1,2,0,0.22820198971172287,1.2423365574436458,missing
red4:lane2:snr30.0:seed4:frame24,30.0,24,profiled_cz,299,false,false,false,missing,false,true,gradient_only,1,1331,1113,0.14967956060612392,0.6613727266017289,missing
red4:lane2:snr30.0:seed4:frame25,30.0,25,profiled_cz,571,false,false,false,missing,false,true,gradient_only,6,1471,1365,0.20396745843615455,0.6057076010224229,missing
red4:lane2:snr30.0:seed4:frame26,30.0,26,profiled_cz,17,false,false,false,missing,false,true,gradient_only,2,1147,62,0.11135610157646395,0.6647913426528653,missing
red4:lane2:snr30.0:seed4:frame27,30.0,27,profiled_cz,0,true,false,true,missing,true,true,gradient_only,0,0,0,0.2528748282830035,0.2528748282830035,missing
red4:lane2:snr30.0:seed4:frame28,30.0,28,profiled_cz,0,true,false,true,missing,true,true,gradient_only,0,0,0,0.5948741558811403,0.5948741558811403,missing
red4:lane2:snr30.0:seed4:frame29,30.0,29,profiled_cz,0,true,false,true,missing,true,true,gradient_only,0,0,0,0.24605016204135033,0.24605016204135033,missing
red4:lane2:snr30.0:seed4:frame30,30.0,30,profiled_cz,0,true,false,true,missing,true,true,gradient_only,0,0,0,0.1983900094222007,0.1983900094222007,missing
red4:lane2:snr30.0:seed4:frame31,30.0,31,profiled_cz,451,false,false,false,missing,false,true,gradient_only,1,1380,1267,0.11722068733798918,0.5698319927581328,missing
red4:lane2:snr30.0:seed4:frame32,30.0,32,profiled_cz,0,true,false,true,missing,false,true,gradient_only,1,1,0,0.17783565517451408,1.2165826376271627,missing
red4:lane2:snr30.0:seed4:frame33,30.0,33,profiled_cz,0,true,false,true,missing,true,true,gradient_only,0,0,0,0.1249426484009402,0.1249426484009402,missing
red4:lane2:snr30.0:seed4:frame34,30.0,34,profiled_cz,472,false,false,false,missing,false,true,gradient_only,1,1434,1223,0.1258416797068829,0.6390336705729687,missing
red4:lane2:snr30.0:seed4:frame35,30.0,35,profiled_cz,0,true,false,true,missing,true,true,gradient_only,0,0,0,0.255625272513515,0.255625272513515,missing
red4:lane2:snr30.0:seed4:frame36,30.0,36,profiled_cz,0,true,false,true,missing,true,true,gradient_only,0,0,0,0.17340769437109893,0.17340769437109893,missing
red4:lane2:snr30.0:seed4:frame37,30.0,37,profiled_cz,405,false,false,false,missing,false,true,gradient_only,6,1424,1241,0.185156043533689,0.6852362802116927,missing
red4:lane2:snr30.0:seed4:frame38,30.0,38,profiled_cz,0,true,false,true,missing,true,true,gradient_only,0,0,0,0.160437523575834,0.160437523575834,missing
red4:lane2:snr30.0:seed4:frame39,30.0,39,profiled_cz,0,true,false,true,missing,true,true,gradient_only,0,0,0,0.1441589557337785,0.1441589557337785,missing
red4:lane2:snr30.0:seed4:frame40,30.0,40,profiled_cz,572,false,false,false,missing,false,true,gradient_only,5,1422,1335,0.17378500714508083,0.5862722752023567,missing
red4:lane2:snr30.0:seed4:frame41,30.0,41,profiled_cz,84,false,false,false,missing,false,true,gradient_only,8,1296,587,0.11100710698663338,0.7036720965537155,missing
red4:lane2:snr30.0:seed4:frame42,30.0,42,profiled_cz,0,true,false,true,missing,true,true,gradient_only,0,0,0,0.1747375738523542,0.1747375738523542,missing
red4:lane2:snr30.0:seed4:frame43,30.0,43,profiled_cz,399,false,false,false,missing,false,true,gradient_only,6,1393,1261,0.13065774737554886,1.6124021570564735,missing
red4:lane2:snr30.0:seed4:frame44,30.0,44,profiled_cz,0,true,false,true,missing,true,true,gradient_only,0,0,0,0.1265583031771143,0.1265583031771143,missing
red4:lane2:snr30.0:seed4:frame45,30.0,45,profiled_cz,483,false,false,false,missing,false,true,gradient_only,4,1440,1321,0.11570639622229667,0.5781717351993281,missing
red4:lane2:snr30.0:seed4:frame46,30.0,46,profiled_cz,0,true,false,true,missing,true,true,gradient_only,0,0,0,0.20599909506283215,0.20599909506283215,missing
red4:lane2:snr30.0:seed4:frame47,30.0,47,profiled_cz,490,false,false,false,missing,false,true,gradient_only,1,1428,1230,0.13148206230135734,0.5966087014511817,missing
red4:lane2:snr30.0:seed4:frame48,30.0,48,profiled_cz,8,false,false,false,missing,false,true,gradient_only,8,1024,37,0.11785283838667072,0.7916042620575146,missing
red4:lane2:snr30.0:seed4:frame49,30.0,49,profiled_cz,1,false,false,true,missing,false,true,gradient_only,1,1,0,0.3067870786884243,1.1381525626408882,missing
red4:lane2:snr30.0:seed4:frame50,30.0,50,profiled_cz,376,false,false,false,missing,false,true,gradient_only,3,1384,1195,2.27574056909747,0.6663172379574289,missing
red4:lane2:snr30.0:seed4:frame51,30.0,51,profiled_cz,593,false,false,false,missing,false,true,gradient_only,5,1465,1298,0.16955191163416264,0.5467207498847854,missing
red4:lane2:snr30.0:seed4:frame52,30.0,52,profiled_cz,0,true,false,true,missing,true,true,gradient_only,0,0,0,0.36722646357205924,0.36722646357205924,missing
red4:lane2:snr30.0:seed4:frame53,30.0,53,profiled_cz,0,true,false,true,missing,true,true,gradient_only,0,0,0,0.22748686353879946,0.22748686353879946,missing
red4:lane2:snr30.0:seed4:frame54,30.0,54,profiled_cz,0,true,false,true,missing,true,true,gradient_only,0,0,0,0.2299857732735493,0.2299857732735493,missing
red4:lane2:snr30.0:seed4:frame55,30.0,55,profiled_cz,602,false,false,false,missing,false,true,gradient_only,4,1487,1366,0.19779027272234567,0.6254629581684844,missing
red4:lane2:snr30.0:seed4:frame56,30.0,56,profiled_cz,0,true,false,true,missing,true,true,gradient_only,0,0,0,0.11068590595858557,0.11068590595858557,missing
red4:lane2:snr30.0:seed4:frame57,30.0,57,profiled_cz,0,true,false,true,missing,false,true,gradient_only,1,1,0,0.1620670644438452,1.0743233638355387,missing
red4:lane2:snr30.0:seed4:frame58,30.0,58,profiled_cz,0,true,false,true,missing,true,true,gradient_only,0,0,0,0.2032306354503538,0.2032306354503538,missing
red4:lane2:snr30.0:seed4:frame59,30.0,59,profiled_cz,0,true,false,true,missing,true,true,gradient_only,0,0,0,0.3246058543503094,0.3246058543503094,missing
red4:lane2:snr30.0:seed4:frame60,30.0,60,profiled_cz,0,true,false,true,missing,true,true,gradient_only,0,0,0,0.15041535212701687,0.15041535212701687,missing
