workload_id,snr_db,frame,algorithm_id,bit_errors,success,decode_failure,decoder_valid,crc_valid,baseline_valid,accepted_update,selection_reason,selected_iteration,lite_syndrome,gradient_syndrome,lite_score,gradient_score,selected_mean_abs_lpost
red3:lane1:snr0.0:seed4:frame1,0.0,1,cwz_joint,217,false,false,true,missing,false,true,gradient_only,8,1649,0,2.3063662208133513,82.92006931985523,missing
red3:lane1:snr0.0:seed4:frame2,0.0,2,cwz_joint,208,false,false,true,missing,false,true,gradient_only,8,1379,0,1.722192752872864,56.400417892062606,missing
red3:lane1:snr0.0:seed4:frame3,0.0,3,cwz_joint,271,false,false,true,missing,false,true,gradient_only,8,1653,0,2.6276343236671527,208.21516692582455,missing
red3:lane1:snr0.0:seed4:frame4,0.0,4,cwz_joint,246,false,false,true,missing,false,true,gradient_only,8,1536,0,2.7263850890881565,159.7953490383578,missing
red3:lane1:snr0.0:seed4:frame5,0.0,5,cwz_joint,195,false,false,true,missing,false,true,gradient_only,8,1270,0,2.157775094917693,94.85877131770462,missing
red3:lane1:snr0.0:seed4:frame6,0.0,6,cwz_joint,218,false,false,true,missing,false,true,gradient_only,8,1406,0,1.820633346893037,74.407686666315,missing
red3:lane1:snr0.0:seed4:frame7,0.0,7,cwz_joint,180,false,false,true,missing,false,true,gradient_only,8,978,0,2.8025637706976285,79.09003001150329,missing
red3:lane1:snr0.0:seed4:frame8,0.0,8,cwz_joint,224,false,false,true,missing,false,true,gradient_only,8,1725,0,35.95121335036936,145.32583146345854,missing
red3:lane1:snr0.0:seed4:frame9,0.0,9,cwz_joint,267,false,false,true,missing,false,true,gradient_only,8,1714,0,2.2949326170377056,79.2211534820236,missing
red3:lane1:snr0.0:seed4:frame10,0.0,10,cwz_joint,222,false,false,true,missing,false,true,gradient_only,8,1351,0,3.992600751031868,488.96650530696957,missing
red3:lane1:snr0.0:seed4:frame11,0.0,11,cwz_joint,251,false,false,true,missing,false,true,gradient_only,8,1610,0,2.202476358687573,174.4803833473113,missing
red3:lane1:snr0.0:seed4:frame12,0.0,12,cwz_joint,189,false,false,true,missing,false,true,gradient_only,8,1379,0,1.2302236494973913,48.83120152831708,missing
red3:lane1:snr0.0:seed4:frame13,0.0,13,cwz_joint,212,false,false,true,missing,false,true,gradient_only,8,1350,0,2.2638732006572724,65.84559443019091,missing
red3:lane1:snr0.0:seed4:frame14,0.0,14,cwz_joint,310,false,false,true,missing,false,true,gradient_only,8,1735,0,1.3901454779785896,144.00169001594736,missing
red3:lane1:snr0.0:seed4:frame15,0.0,15,cwz_joint,260,false,false,true,missing,false,true,gradient_only,8,1736,0,1.6962674413016534,120.30209101336118,missing
red3:lane1:snr0.0:seed4:frame16,0.0,16,cwz_joint,202,false,false,true,missing,false,true,gradient_only,8,1427,0,3.0194040332658525,156.78702646972366,missing
red3:lane1:snr0.0:seed4:frame17,0.0,17,cwz_joint,228,false,false,true,missing,false,true,gradient_only,8,1370,0,1.850506620647245,34.755432196216454,missing
red3:lane1:snr0.0:seed4:frame18,0.0,18,cwz_joint,190,false,false,true,missing,false,true,gradient_only,8,1195,0,1.7774520912042235,91.88793790526641,missing
red3:lane1:snr0.0:seed4:frame19,0.0,19,cwz_joint,280,false,false,true,missing,false,true,gradient_only,8,1271,0,4.177661685456538,138.08383386821143,missing
red3:lane1:snr0.0:seed4:frame20,0.0,20,cwz_joint,255,false,false,true,missing,false,true,gradient_only,8,1634,0,2.0948213632950496,143.7184934227925,missing
red3:lane1:snr0.0:seed4:frame21,0.0,21,cwz_joint,186,false,false,true,missing,false,true,gradient_only,8,1363,0,2.4675834633795706,39.460436372887806,missing
red3:lane1:snr0.0:seed4:frame22,0.0,22,cwz_joint,252,false,false,true,missing,false,true,gradient_only,8,1681,0,2.2308388162003823,131.64694448510963,missing
red3:lane1:snr0.0:seed4:frame23,0.0,23,cwz_joint,230,false,false,true,missing,false,true,gradient_only,8,1567,0,1.7117950441880156,102.35279904469326,missing
red3:lane1:snr0.0:seed4:frame24,0.0,24,cwz_joint,247,false,false,true,missing,false,true,gradient_only,8,1619,0,3.748977524488264,101.6881168877193,missing
red3:lane1:snr0.0:seed4:frame25,0.0,25,cwz_joint,194,false,false,true,missing,false,true,gradient_only,8,1363,0,2.7042228758113014,42.528633254123434,missing
red3:lane1:snr0.0:seed4:frame26,0.0,26,cwz_joint,211,false,false,true,missing,false,true,gradient_only,8,1368,0,1.6022039062290854,85.0134063872346,missing
red3:lane1:snr0.0:seed4:frame27,0.0,27,cwz_joint,228,false,false,true,missing,false,true,gradient_only,8,1447,0,1.5160848298627527,34.844670411616775,missing
red3:lane1:snr0.0:seed4:frame28,0.0,28,cwz_joint,265,false,false,true,missing,false,true,gradient_only,8,1495,0,1.5897218831180275,35.57090207616965,missing
red3:lane1:snr0.0:seed4:frame29,0.0,29,cwz_joint,243,false,false,true,missing,false,true,gradient_only,8,1521,0,1.3884197779717915,88.78585343059021,missing
red3:lane1:snr0.0:seed4:frame30,0.0,30,cwz_joint,265,false,false,true,missing,false,true,gradient_only,8,1635,0,2.7458817762955134,279.1298740595083,missing
red3:lane1:snr0.0:seed4:frame31,0.0,31,cwz_joint,249,false,false,true,missing,false,true,gradient_only,8,1606,0,1.5433854747263365,180.87483709955129,missing
red3:lane1:snr0.0:seed4:frame32,0.0,32,cwz_joint,267,false,false,true,missing,false,true,gradient_only,8,1461,0,1.5416323642191563,53.4964487646789,missing
red3:lane1:snr0.0:seed4:frame33,0.0,33,cwz_joint,234,false,false,true,missing,false,true,gradient_only,8,1561,0,2.3728343613245686,78.86264055818806,missing
red3:lane1:snr0.0:seed4:frame34,0.0,34,cwz_joint,148,false,false,true,missing,false,true,gradient_only,8,1083,0,1.3798045613918488,60.51918444997084,missing
red3:lane1:snr0.0:seed4:frame35,0.0,35,cwz_joint,285,false,false,true,missing,false,true,gradient_only,7,1498,0,5.421499535785996,292.2652728264669,missing
red3:lane1:snr0.0:seed4:frame36,0.0,36,cwz_joint,250,false,false,true,missing,false,true,gradient_only,8,1471,0,1.1161071360228312,39.96312927198343,missing
red3:lane1:snr0.0:seed4:frame37,0.0,37,cwz_joint,200,false,false,true,missing,false,true,gradient_only,8,1324,0,3.0063415379051004,134.59823032592737,missing
red3:lane1:snr0.0:seed4:frame38,0.0,38,cwz_joint,260,false,false,true,missing,false,true,gradient_only,8,1669,0,2.5614116211546505,75.54122561551631,missing
red3:lane1:snr0.0:seed4:frame39,0.0,39,cwz_joint,210,false,false,true,missing,false,true,gradient_only,8,1294,0,1.6380854833111547,57.06938989671825,missing
red3:lane1:snr0.0:seed4:frame40,0.0,40,cwz_joint,223,false,false,true,missing,false,true,gradient_only,8,1577,0,2.571493857232299,93.00498908664505,missing
red3:lane1:snr0.0:seed4:frame41,0.0,41,cwz_joint,248,false,false,true,missing,false,true,gradient_only,8,1596,0,2.1851270540964505,130.90765826617383,missing
red3:lane1:snr0.0:seed4:frame42,0.0,42,cwz_joint,183,false,false,true,missing,false,true,gradient_only,8,1435,0,1.1462943906967762,59.982395358983055,missing
red3:lane1:snr0.0:seed4:frame43,0.0,43,cwz_joint,355,false,false,true,missing,false,true,gradient_only,8,1827,0,2.0998332700548357,4722.540298363873,missing
red3:lane1:snr0.0:seed4:frame44,0.0,44,cwz_joint,208,false,false,true,missing,false,true,gradient_only,8,1264,0,1.5099062920067856,84.3924216255385,missing
red3:lane1:snr0.0:seed4:frame45,0.0,45,cwz_joint,205,false,false,true,missing,false,true,gradient_only,8,1286,0,3.015134092139475,104.5731142774809,missing
red3:lane1:snr0.0:seed4:frame46,0.0,46,cwz_joint,220,false,false,true,missing,false,true,gradient_only,8,1406,0,3.079120311206522,164.51072852991183,missing
red3:lane1:snr0.0:seed4:frame47,0.0,47,cwz_joint,237,false,false,true,missing,false,true,gradient_only,8,1499,0,2.7527372805752366,123.99295262100806,missing
red3:lane1:snr0.0:seed4:frame48,0.0,48,cwz_joint,239,false,false,true,missing,false,true,gradient_only,8,1629,0,2.3521737722449325,129.85756436211517,missing
red3:lane1:snr0.0:seed4:frame49,0.0,49,cwz_joint,223,false,false,true,missing,false,true,gradient_only,8,1669,0,2.7978982119575533,66.54576853222956,missing
red3:lane1:snr0.0:seed4:frame50,0.0,50,cwz_joint,235,false,false,true,missing,false,true,gradient_only,8,1185,0,2.142672265779378,67.55961279201355,missing
red3:lane1:snr0.0:seed4:frame51,0.0,51,cwz_joint,265,false,false,true,missing,false,true,gradient_only,8,1557,0,1.501312723794526,77.80789524027885,missing
red3:lane1:snr0.0:seed4:frame52,0.0,52,cwz_joint,232,false,false,true,missing,false,true,gradient_only,8,1474,0,1.7418833902974573,97.30049437483036,missing
red3:lane1:snr0.0:seed4:frame53,0.0,53,cwz_joint,239,false,false,true,missing,false,true,gradient_only,8,1823,0,1.9060179901254886,109.50844468778038,missing
red3:lane1:snr0.0:seed4:frame54,0.0,54,cwz_joint,245,false,false,true,missing,false,true,gradient_only,8,1352,0,3.0666489460509436,172.40961322440626,missing
red3:lane1:snr0.0:seed4:frame55,0.0,55,cwz_joint,244,false,false,true,missing,false,true,gradient_only,8,1484,0,1.9187252733456819,113.91687638792894,missing
red3:lane1:snr0.0:seed4:frame56,0.0,56,cwz_joint,221,false,false,true,missing,false,true,gradient_only,8,1450,0,2.4402990593442295,89.56763790508269,missing
red3:lane1:snr0.0:seed4:frame57,0.0,57,cwz_joint,236,false,false,true,missing,false,true,gradient_only,8,1641,0,1.7034498036827317,74.94726894812183,missing
red3:lane1:snr0.0:seed4:frame58,0.0,58,cwz_joint,235,false,false,true,missing,false,true,gradient_only,8,1487,0,4.046593190705874,68.86996452742729,missing
red3:lane1:snr0.0:seed4:frame59,0.0,59,cwz_joint,199,false,false,true,missing,false,true,gradient_only,8,1229,0,0.9669780128112387,54.704832575219235,missing
red3:lane1:snr0.0:seed4:frame60,0.0,60,cwz_joint,239,false,false,true,missing,false,true,gradient_only,8,1592,0,3.1289724890708843,263.22266247419526,missing
red3:lane1:snr0.0:seed4:frame1,0.0,1,profiled_cz,218,false,false,false,missing,false,true,gradient_only,5,1649,90,2.3063662208133513,9.449221728195843,missing
red3:lane1:snr0.0:seed4:frame2,0.0,2,profiled_cz,208,false,false,false,missing,false,true,gradient_only,1,1379,53,1.722192752872864,10.096197041060035,missing
red3:lane1:snr0.0:seed4:frame3,0.0,3,profiled_cz,272,false,false,false,missing,false,true,gradient_only,1,1653,94,2.6276343236671527,27.213663204648977,missing
red3:lane1:snr0.0:seed4:frame4,0.0,4,profiled_cz,245,false,false,false,missing,false,true,gradient_only,1,1536,155,2.7263850890881565,88.94731855571908,missing
red3:lane1:snr0.0:seed4:frame5,0.0,5,profiled_cz,195,false,false,false,missing,false,true,gradient_only,1,1270,28,2.157775094917693,10.273784736265881,missing
red3:lane1:snr0.0:seed4:frame6,0.0,6,profiled_cz,218,false,false,false,missing,false,true,gradient_only,4,1406,70,1.820633346893037,10.551629197557006,missing
red3:lane1:snr0.0:seed4:frame7,0.0,7,profiled_cz,180,false,false,false,missing,false,true,gradient_only,1,978,35,2.8025637706976285,12.086324226315803,missing
red3:lane1:snr0.0:seed4:frame8,0.0,8,profiled_cz,224,false,false,false,missing,false,true,gradient_only,1,1725,72,35.95121335036936,11.541436671911429,missing
red3:lane1:snr0.0:seed4:frame9,0.0,9,profiled_cz,269,false,false,false,missing,false,true,gradient_only,6,1714,113,2.2949326170377056,12.387327103686387,missing
red3:lane1:snr0.0:seed4:frame10,0.0,10,profiled_cz,222,false,false,false,missing,false,true,gradient_only,1,1351,59,3.992600751031868,27.869308989224553,missing
red3:lane1:snr0.0:seed4:frame11,0.0,11,profiled_cz,252,false,false,false,missing,false,true,gradient_only,1,1610,66,2.202476358687573,26.32307770263325,missing
red3:lane1:snr0.0:seed4:frame12,0.0,12,profiled_cz,186,false,false,false,missing,false,true,gradient_only,1,1379,98,1.2302236494973913,7.622246275375758,missing
red3:lane1:snr0.0:seed4:frame13,0.0,13,profiled_cz,213,false,false,false,missing,false,true,gradient_only,1,1350,59,2.2638732006572724,8.381157092219203,missing
red3:lane1:snr0.0:seed4:frame14,0.0,14,profiled_cz,308,false,false,false,missing,false,true,gradient_only,1,1735,106,1.3901454779785896,15.934043111392702,missing
red3:lane1:snr0.0:seed4:frame15,0.0,15,profiled_cz,261,false,false,false,missing,false,true,gradient_only,1,1736,134,1.6962674413016534,13.974275954269823,missing
red3:lane1:snr0.0:seed4:frame16,0.0,16,profiled_cz,203,false,false,false,missing,false,true,gradient_only,1,1427,137,3.0194040332658525,13.589263519260237,missing
red3:lane1:snr0.0:seed4:frame17,0.0,17,profiled_cz,230,false,false,false,missing,false,true,gradient_only,1,1370,64,1.850506620647245,8.190262471721754,missing
red3:lane1:snr0.0:seed4:frame18,0.0,18,profiled_cz,190,false,false,false,missing,false,true,gradient_only,7,1195,57,1.7774520912042235,11.243083449310328,missing
red3:lane1:snr0.0:seed4:frame19,0.0,19,profiled_cz,280,false,false,false,missing,false,true,gradient_only,5,1271,60,4.177661685456538,18.746375641353037,missing
red3:lane1:snr0.0:seed4:frame20,0.0,20,profiled_cz,257,false,false,false,missing,false,true,gradient_only,1,1634,111,2.0948213632950496,13.14864682335829,missing
red3:lane1:snr0.0:seed4:frame21,0.0,21,profiled_cz,186,false,false,false,missing,false,true,gradient_only,2,1363,98,2.4675834633795706,6.3156716157742485,missing
red3:lane1:snr0.0:seed4:frame22,0.0,22,profiled_cz,251,false,false,false,missing,false,true,gradient_only,2,1681,29,2.2308388162003823,27.1840982055866,missing
red3:lane1:snr0.0:seed4:frame23,0.0,23,profiled_cz,233,false,false,false,missing,false,true,gradient_only,1,1567,72,1.7117950441880156,12.8730828448052,missing
red3:lane1:snr0.0:seed4:frame24,0.0,24,profiled_cz,246,false,false,false,missing,false,true,gradient_only,1,1619,46,3.748977524488264,10.875117068407244,missing
red3:lane1:snr0.0:seed4:frame25,0.0,25,profiled_cz,194,false,false,false,missing,false,true,gradient_only,1,1363,78,2.7042228758113014,6.666645699326916,missing
red3:lane1:snr0.0:seed4:frame26,0.0,26,profiled_cz,210,false,false,false,missing,false,true,gradient_only,1,1368,90,1.6022039062290854,10.518181460179648,missing
red3:lane1:snr0.0:seed4:frame27,0.0,27,profiled_cz,228,false,false,false,missing,false,true,gradient_only,1,1447,40,1.5160848298627527,10.375121480241559,missing
red3:lane1:snr0.0:seed4:frame28,0.0,28,profiled_cz,265,false,false,false,missing,false,true,gradient_only,1,1495,84,1.5897218831180275,8.566652943405188,missing
red3:lane1:snr0.0:seed4:frame29,0.0,29,profiled_cz,242,false,false,false,missing,false,true,gradient_only,1,1521,102,1.3884197779717915,19.113344812548327,missing
red3:lane1:snr0.0:seed4:frame30,0.0,30,profiled_cz,267,false,false,false,missing,false,true,gradient_only,1,1635,84,2.7458817762955134,28.592646099703035,missing
red3:lane1:snr0.0:seed4:frame31,0.0,31,profiled_cz,249,false,false,false,missing,false,true,gradient_only,3,1606,88,1.5433854747263365,14.34168340292735,missing
red3:lane1:snr0.0:seed4:frame32,0.0,32,profiled_cz,268,false,false,false,missing,false,true,gradient_only,1,1461,80,1.5416323642191563,18.89861310229946,missing
red3:lane1:snr0.0:seed4:frame33,0.0,33,profiled_cz,235,false,false,false,missing,false,true,gradient_only,1,1561,46,2.3728343613245686,8.897704687977077,missing
red3:lane1:snr0.0:seed4:frame34,0.0,34,profiled_cz,148,false,false,false,missing,false,true,gradient_only,1,1083,33,1.3798045613918488,7.221653919530391,missing
red3:lane1:snr0.0:seed4:frame35,0.0,35,profiled_cz,285,false,false,false,missing,false,true,gradient_only,1,1498,49,5.421499535785996,56.800595042582415,missing
red3:lane1:snr0.0:seed4:frame36,0.0,36,profiled_cz,249,false,false,false,missing,false,true,gradient_only,2,1471,102,1.1161071360228312,7.284177641631155,missing
red3:lane1:snr0.0:seed4:frame37,0.0,37,profiled_cz,201,false,false,false,missing,false,true,gradient_only,7,1324,38,3.0063415379051004,9.340142863841665,missing
red3:lane1:snr0.0:seed4:frame38,0.0,38,profiled_cz,260,false,false,false,missing,false,true,gradient_only,1,1669,76,2.5614116211546505,19.384253696943322,missing
red3:lane1:snr0.0:seed4:frame39,0.0,39,profiled_cz,210,false,false,false,missing,false,true,gradient_only,2,1294,66,1.6380854833111547,10.030276242472128,missing
red3:lane1:snr0.0:seed4:frame40,0.0,40,profiled_cz,224,false,false,false,missing,false,true,gradient_only,4,1577,99,2.571493857232299,10.490800864159063,missing
red3:lane1:snr0.0:seed4:frame41,0.0,41,profiled_cz,248,false,false,false,missing,false,true,gradient_only,1,1596,101,2.1851270540964505,21.725557279511346,missing
red3:lane1:snr0.0:seed4:frame42,0.0,42,profiled_cz,182,false,false,false,missing,false,true,gradient_only,1,1435,58,1.1462943906967762,9.14103187214864,missing
red3:lane1:snr0.0:seed4:frame43,0.0,43,profiled_cz,357,false,false,false,missing,false,true,gradient_only,3,1827,81,2.0998332700548357,47.32299861704022,missing
red3:lane1:snr0.0:seed4:frame44,0.0,44,profiled_cz,209,false,false,false,missing,false,true,gradient_only,4,1264,39,1.5099062920067856,10.410309270363713,missing
red3:lane1:snr0.0:seed4:frame45,0.0,45,profiled_cz,205,false,false,false,missing,false,true,gradient_only,1,1286,70,3.015134092139475,10.713672779554368,missing
red3:lane1:snr0.0:seed4:frame46,0.0,46,profiled_cz,219,false,false,false,missing,false,true,gradient_only,1,1406,47,3.079120311206522,27.034055056964995,missing
red3:lane1:snr0.0:seed4:frame47,0.0,47,profiled_cz,237,false,false,false,missing,false,true,gradient_only,1,1499,39,2.7527372805752366,19.84269788962317,missing
red3:lane1:snr0.0:seed4:frame48,0.0,48,profiled_cz,239,false,false,false,missing,false,true,gradient_only,1,1629,103,2.3521737722449325,20.674684711001404,missing
red3:lane1:snr0.0:seed4:frame49,0.0,49,profiled_cz,222,false,false,false,missing,false,true,gradient_only,1,1669,85,2.7978982119575533,8.174911991448319,missing
red3:lane1:snr0.0:seed4:frame50,0.0,50,profiled_cz,235,false,false,false,missing,false,true,gradient_only,6,1185,34,2.142672265779378,10.613928039369833,missing
red3:lane1:snr0.0:seed4:frame51,0.0,51,profiled_cz,264,false,false,false,missing,false,true,gradient_only,2,1557,78,1.501312723794526,14.130588976130126,missing
red3:lane1:snr0.0:seed4:frame52,0.0,52,profiled_cz,231,false,false,false,missing,false,true,gradient_only,1,1474,48,1.7418833902974573,8.819835502457705,missing
red3:lane1:snr0.0:seed4:frame53,0.0,53,profiled_cz,243,false,false,false,missing,false,true,gradient_only,8,1823,119,1.9060179901254886,15.535471888074023,missing
red3:lane1:snr0.0:seed4:frame54,0.0,54,profiled_cz,244,false,false,false,missing,false,true,gradient_only,4,1352,72,3.0666489460509436,24.859497763331508,missing
red3:lane1:snr0.0:seed4:frame55,0.0,55,profiled_cz,244,false,false,false,missing,false,true,gradient_only,1,1484,84,1.9187252733456819,22.958432471888553,missing
red3:lane1:snr0.0:seed4:frame56,0.0,56,profiled_cz,220,false,false,false,missing,false,true,gradient_only,8,1450,63,2.4402990593442295,11.817853821210406,missing
red3:lane1:snr0.0:seed4:frame57,0.0,57,profiled_cz,234,false,false,false,missing,false,true,gradient_only,1,1641,86,1.7034498036827317,10.191389398972689,missing
red3:lane1:snr0.0:seed4:frame58,0.0,58,profiled_cz,235,false,false,false,missing,false,true,gradient_only,1,1487,47,4.046593190705874,9.896585372010069,missing
red3:lane1:snr0.0:seed4:frame59,0.0,59,profiled_cz,199,false,false,false,missing,false,true,gradient_only,1,1229,48,0.9669780128112387,12.157251279537283,missing
red3:lane1:snr0.0:seed4:frame60,0.0,60,profiled_cz,241,false,false,false,missing,false,true,gradient_only,5,1592,89,3.1289724890708843,18.05897093399545,missing
red3:lane1:snr2.0:seed4:frame1,2.0,1,cwz_joint,165,false,false,true,missing,false,true,gradient_only,8,1310,0,4.274308765987617,86.62157401637634,missing
red3:lane1:snr2.0:seed4:frame2,2.0,2,cwz_joint,139,false,false,true,missing,false,true,gradient_only,8,927,0,1.9344868777983104,50.58671385221208,missing
red3:lane1:snr2.0:seed4:frame3,2.0,3,cwz_joint,229,false,false,true,missing,false,true,gradient_only,8,1533,0,6.145803488063042,165.68905547546802,missing
red3:lane1:snr2.0:seed4:frame4,2.0,4,cwz_joint,206,false,false,true,missing,false,true,gradient_only,8,1502,0,2.1688318869500445,202.08539435654947,missing
red3:lane1:snr2.0:seed4:frame5,2.0,5,cwz_joint,119,false,false,true,missing,false,true,gradient_only,8,974,0,1.5042115004611996,84.52509737431963,missing
red3:lane1:snr2.0:seed4:frame6,2.0,6,cwz_joint,171,false,false,true,missing,false,true,gradient_only,8,988,0,1.9322887338019532,66.8090197373402,missing
red3:lane1:snr2.0:seed4:frame7,2.0,7,cwz_joint,98,false,false,true,missing,false,true,gradient_only,8,673,0,30.78579038430146,66.47805891111312,missing
red3:lane1:snr2.0:seed4:frame8,2.0,8,cwz_joint,195,false,false,true,missing,false,true,gradient_only,8,1520,0,2.3362064849472697,125.04816044678203,missing
red3:lane1:snr2.0:seed4:frame9,2.0,9,cwz_joint,256,false,false,true,missing,false,true,gradient_only,8,1366,0,2.5460846950058724,76.24633929234714,missing
red3:lane1:snr2.0:seed4:frame10,2.0,10,cwz_joint,194,false,false,true,missing,false,true,gradient_only,8,1638,0,2.3683025070025296,325.9808554296949,missing
red3:lane1:snr2.0:seed4:frame11,2.0,11,cwz_joint,201,false,false,true,missing,false,true,gradient_only,8,1341,0,2.7196335876688744,156.51974319684683,missing
red3:lane1:snr2.0:seed4:frame12,2.0,12,cwz_joint,120,false,false,true,missing,false,true,gradient_only,8,931,0,3.0623045795382535,47.777896842820915,missing
red3:lane1:snr2.0:seed4:frame13,2.0,13,cwz_joint,167,false,false,true,missing,false,true,gradient_only,8,969,0,4.572714097478727,58.11005161690013,missing
red3:lane1:snr2.0:seed4:frame14,2.0,14,cwz_joint,269,false,false,true,missing,false,true,gradient_only,8,1511,0,1.0034992967243102,108.18539712877653,missing
red3:lane1:snr2.0:seed4:frame15,2.0,15,cwz_joint,198,false,false,true,missing,false,true,gradient_only,8,1490,0,1.7169747005786813,101.17042245323717,missing
red3:lane1:snr2.0:seed4:frame16,2.0,16,cwz_joint,184,false,false,true,missing,false,true,gradient_only,8,1260,0,3.064468845365696,116.81974997999406,missing
red3:lane1:snr2.0:seed4:frame17,2.0,17,cwz_joint,166,false,false,true,missing,false,true,gradient_only,8,1289,0,1.82457328223162,37.73998016698892,missing
red3:lane1:snr2.0:seed4:frame18,2.0,18,cwz_joint,165,false,false,true,missing,false,true,gradient_only,8,1055,0,1.5637771873930408,76.8343693981909,missing
red3:lane1:snr2.0:seed4:frame19,2.0,19,cwz_joint,251,false,false,true,missing,false,true,gradient_only,8,1603,0,3.1160385900643615,110.31898070494778,missing
red3:lane1:snr2.0:seed4:frame20,2.0,20,cwz_joint,197,false,false,true,missing,false,true,gradient_only,8,1378,0,1.8960500319564715,132.22501559523513,missing
red3:lane1:snr2.0:seed4:frame21,2.0,21,cwz_joint,135,false,false,true,missing,false,true,gradient_only,8,946,0,1.609677249511307,35.047219218571065,missing
red3:lane1:snr2.0:seed4:frame22,2.0,22,cwz_joint,191,false,false,true,missing,false,true,gradient_only,8,1481,0,2.5351428816119417,121.56875303101852,missing
red3:lane1:snr2.0:seed4:frame23,2.0,23,cwz_joint,160,false,false,true,missing,false,true,gradient_only,8,1112,0,1.9866879834541011,84.84259552972725,missing
red3:lane1:snr2.0:seed4:frame24,2.0,24,cwz_joint,188,false,false,true,missing,false,true,gradient_only,8,1119,0,2.2067068697591052,89.22757000201044,missing
red3:lane1:snr2.0:seed4:frame25,2.0,25,cwz_joint,130,false,false,true,missing,false,true,gradient_only,8,1005,0,1.2519628453851603,41.24925888600215,missing
red3:lane1:snr2.0:seed4:frame26,2.0,26,cwz_joint,154,false,false,true,missing,false,true,gradient_only,8,1196,0,1.6769852818388822,74.84575639325138,missing
red3:lane1:snr2.0:seed4:frame27,2.0,27,cwz_joint,186,false,false,true,missing,false,true,gradient_only,8,1145,0,1.749341835525694,38.66804703155839,missing
red3:lane1:snr2.0:seed4:frame28,2.0,28,cwz_joint,206,false,false,true,missing,false,true,gradient_only,8,1399,0,1.3460377971943798,33.83641795721059,missing
red3:lane1:snr2.0:seed4:frame29,2.0,29,cwz_joint,221,false,false,true,missing,false,true,gradient_only,8,1324,0,2.4488655153462173,97.65930696091678,missing
red3:lane1:snr2.0:seed4:frame30,2.0,30,cwz_joint,267,false,false,true,missing,false,true,gradient_only,8,1563,0,4.321399989381158,260.5075153370465,missing
red3:lane1:snr2.0:seed4:frame31,2.0,31,cwz_joint,191,false,false,true,missing,false,true,gradient_only,8,1513,0,3.0808664991505137,134.42808660139343,missing
red3:lane1:snr2.0:seed4:frame32,2.0,32,cwz_joint,233,false,false,true,missing,false,true,gradient_only,8,1421,0,1.2692155753854721,50.76149939884903,missing
red3:lane1:snr2.0:seed4:frame33,2.0,33,cwz_joint,198,false,false,true,missing,false,true,gradient_only,8,1366,0,2.4446160935790235,72.29498239926464,missing
red3:lane1:snr2.0:seed4:frame34,2.0,34,cwz_joint,86,false,false,true,missing,false,true,gradient_only,8,652,0,2.654319824303085,56.54074084922058,missing
red3:lane1:snr2.0:seed4:frame35,2.0,35,cwz_joint,276,false,false,true,missing,false,true,gradient_only,8,1649,0,2.9924935653770706,242.08255985987395,missing
red3:lane1:snr2.0:seed4:frame36,2.0,36,cwz_joint,233,false,false,true,missing,false,true,gradient_only,8,1214,0,1.0942161442178853,37.219445694772574,missing
red3:lane1:snr2.0:seed4:frame37,2.0,37,cwz_joint,155,false,false,true,missing,false,true,gradient_only,8,1015,0,2.2019433777911277,83.144158716022,missing
red3:lane1:snr2.0:seed4:frame38,2.0,38,cwz_joint,223,false,false,true,missing,false,true,gradient_only,8,1512,0,2.2835670806566855,75.46898816939905,missing
red3:lane1:snr2.0:seed4:frame39,2.0,39,cwz_joint,169,false,false,true,missing,false,true,gradient_only,8,1211,0,1.7581868564655043,51.77065900443215,missing
red3:lane1:snr2.0:seed4:frame40,2.0,40,cwz_joint,181,false,false,true,missing,false,true,gradient_only,8,1254,0,2.746101719136328,83.22462851094002,missing
red3:lane1:snr2.0:seed4:frame41,2.0,41,cwz_joint,230,false,false,true,missing,false,true,gradient_only,8,1476,0,1.4521871748000303,117.52482995184728,missing
red3:lane1:snr2.0:seed4:frame42,2.0,42,cwz_joint,151,false,false,true,missing,false,true,gradient_only,8,1076,0,1.3102235916833156,51.93142864827271,missing
red3:lane1:snr2.0:seed4:frame43,2.0,43,cwz_joint,344,false,false,true,missing,false,true,gradient_only,8,1600,0,2.033510570790682,1026.521946530557,missing
red3:lane1:snr2.0:seed4:frame44,2.0,44,cwz_joint,138,false,false,true,missing,false,true,gradient_only,8,989,0,1.2417385026332277,74.9832723090616,missing
red3:lane1:snr2.0:seed4:frame45,2.0,45,cwz_joint,156,false,false,true,missing,false,true,gradient_only,8,1017,0,1.1700408801064366,88.19898564342206,missing
red3:lane1:snr2.0:seed4:frame46,2.0,46,cwz_joint,168,false,false,true,missing,false,true,gradient_only,8,1192,0,2.5596165557622395,122.362650869966,missing
red3:lane1:snr2.0:seed4:frame47,2.0,47,cwz_joint,196,false,false,true,missing,false,true,gradient_only,8,1409,0,6.664428360353138,114.56284274973738,missing
red3:lane1:snr2.0:seed4:frame48,2.0,48,cwz_joint,211,false,false,true,missing,false,true,gradient_only,8,1514,0,1.489096796092158,113.30931758947465,missing
red3:lane1:snr2.0:seed4:frame49,2.0,49,cwz_joint,188,false,false,true,missing,false,true,gradient_only,8,1176,0,2.1897212342950825,60.52967457748385,missing
red3:lane1:snr2.0:seed4:frame50,2.0,50,cwz_joint,180,false,false,true,missing,false,true,gradient_only,8,1249,0,9.87939505206149,58.88639394266429,missing
red3:lane1:snr2.0:seed4:frame51,2.0,51,cwz_joint,180,false,false,true,missing,false,true,gradient_only,8,1304,0,2.5774959079506634,74.07444494780549,missing
red3:lane1:snr2.0:seed4:frame52,2.0,52,cwz_joint,159,false,false,true,missing,false,true,gradient_only,8,1247,0,2.574726031277197,90.91724077024735,missing
red3:lane1:snr2.0:seed4:frame53,2.0,53,cwz_joint,212,false,false,true,missing,false,true,gradient_only,8,1406,0,4.324941801953893,94.4578551995119,missing
red3:lane1:snr2.0:seed4:frame54,2.0,54,cwz_joint,183,false,false,true,missing,false,true,gradient_only,8,1334,0,2.5859108878925747,150.59836450291283,missing
red3:lane1:snr2.0:seed4:frame55,2.0,55,cwz_joint,197,false,false,true,missing,false,true,gradient_only,8,1276,0,4.240638250144401,100.36313496806774,missing
red3:lane1:snr2.0:seed4:frame56,2.0,56,cwz_joint,166,false,false,true,missing,false,true,gradient_only,8,1078,0,5.399291036061616,82.05019607185868,missing
red3:lane1:snr2.0:seed4:frame57,2.0,57,cwz_joint,176,false,false,true,missing,false,true,gradient_only,8,1251,0,1.6487690155229238,67.65779263988523,missing
red3:lane1:snr2.0:seed4:frame58,2.0,58,cwz_joint,174,false,false,true,missing,false,true,gradient_only,8,1361,0,2.720298263578999,64.87723363052645,missing
red3:lane1:snr2.0:seed4:frame59,2.0,59,cwz_joint,134,false,false,true,missing,false,true,gradient_only,8,1045,0,1.1009808704454398,62.98440694437977,missing
red3:lane1:snr2.0:seed4:frame60,2.0,60,cwz_joint,197,false,false,true,missing,false,true,gradient_only,8,1626,0,3.0847874872450274,230.4496928596987,missing
red3:lane1:snr2.0:seed4:frame1,2.0,1,profiled_cz,164,false,false,false,missing,false,true,gradient_only,5,1310,85,4.274308765987617,7.2012768392906,missing
red3:lane1:snr2.0:seed4:frame2,2.0,2,profiled_cz,139,false,false,false,missing,false,true,gradient_only,1,927,20,1.9344868777983104,7.226155690603309,missing
red3:lane1:snr2.0:seed4:frame3,2.0,3,profiled_cz,230,false,false,false,missing,false,true,gradient_only,1,1533,64,6.145803488063042,22.85446512550021,missing
red3:lane1:snr2.0:seed4:frame4,2.0,4,profiled_cz,207,false,false,false,missing,false,true,gradient_only,3,1502,111,2.1688318869500445,42.03130852730004,missing
red3:lane1:snr2.0:seed4:frame5,2.0,5,profiled_cz,119,false,false,false,missing,false,true,gradient_only,1,974,28,1.5042115004611996,9.414489074796897,missing
red3:lane1:snr2.0:seed4:frame6,2.0,6,profiled_cz,171,false,false,false,missing,false,true,gradient_only,1,988,25,1.9322887338019532,6.769800916827426,missing
red3:lane1:snr2.0:seed4:frame7,2.0,7,profiled_cz,98,false,false,false,missing,false,true,gradient_only,1,673,18,30.78579038430146,8.21418428456025,missing
red3:lane1:snr2.0:seed4:frame8,2.0,8,profiled_cz,196,false,false,false,missing,false,true,gradient_only,6,1520,70,2.3362064849472697,10.960121536549797,missing
red3:lane1:snr2.0:seed4:frame9,2.0,9,profiled_cz,256,false,false,false,missing,false,true,gradient_only,1,1366,38,2.5460846950058724,9.28866867925595,missing
red3:lane1:snr2.0:seed4:frame10,2.0,10,profiled_cz,193,false,false,false,missing,false,true,gradient_only,1,1638,107,2.3683025070025296,24.574017088141638,missing
red3:lane1:snr2.0:seed4:frame11,2.0,11,profiled_cz,201,false,false,false,missing,false,true,gradient_only,1,1341,67,2.7196335876688744,15.014763273196502,missing
red3:lane1:snr2.0:seed4:frame12,2.0,12,profiled_cz,121,false,false,false,missing,false,true,gradient_only,1,931,14,3.0623045795382535,6.64834919773712,missing
red3:lane1:snr2.0:seed4:frame13,2.0,13,profiled_cz,167,false,false,false,missing,false,true,gradient_only,1,969,11,4.572714097478727,7.075008900565001,missing
red3:lane1:snr2.0:seed4:frame14,2.0,14,profiled_cz,267,false,false,false,missing,false,true,gradient_only,1,1511,133,1.0034992967243102,12.416209307824909,missing
red3:lane1:snr2.0:seed4:frame15,2.0,15,profiled_cz,198,false,false,false,missing,false,true,gradient_only,1,1490,79,1.7169747005786813,14.677983843905459,missing
red3:lane1:snr2.0:seed4:frame16,2.0,16,profiled_cz,186,false,false,false,missing,false,true,gradient_only,1,1260,26,3.064468845365696,12.078918449952388,missing
red3:lane1:snr2.0:seed4:frame17,2.0,17,profiled_cz,165,false,false,false,missing,false,true,gradient_only,1,1289,36,1.82457328223162,6.686554844340816,missing
red3:lane1:snr2.0:seed4:frame18,2.0,18,profiled_cz,167,false,false,false,missing,false,true,gradient_only,1,1055,28,1.5637771873930408,9.582709528977023,missing
red3:lane1:snr2.0:seed4:frame19,2.0,19,profiled_cz,251,false,false,false,missing,false,true,gradient_only,1,1603,73,3.1160385900643615,12.008715219252712,missing
red3:lane1:snr2.0:seed4:frame20,2.0,20,profiled_cz,198,false,false,false,missing,false,true,gradient_only,1,1378,58,1.8960500319564715,13.889424697290782,missing
red3:lane1:snr2.0:seed4:frame21,2.0,21,profiled_cz,135,false,false,false,missing,false,true,gradient_only,8,946,9,1.609677249511307,5.395773089019227,missing
red3:lane1:snr2.0:seed4:frame22,2.0,22,profiled_cz,191,false,false,false,missing,false,true,gradient_only,1,1481,12,2.5351428816119417,28.90866629465722,missing
red3:lane1:snr2.0:seed4:frame23,2.0,23,profiled_cz,161,false,false,false,missing,false,true,gradient_only,1,1112,36,1.9866879834541011,10.151746156913367,missing
red3:lane1:snr2.0:seed4:frame24,2.0,24,profiled_cz,188,false,false,false,missing,false,true,gradient_only,1,1119,19,2.2067068697591052,13.753032420484024,missing
red3:lane1:snr2.0:seed4:frame25,2.0,25,profiled_cz,131,false,false,false,missing,false,true,gradient_only,1,1005,34,1.2519628453851603,5.254396864197885,missing
red3:lane1:snr2.0:seed4:frame26,2.0,26,profiled_cz,154,false,false,false,missing,false,true,gradient_only,1,1196,52,1.6769852818388822,9.288876393249371,missing
red3:lane1:snr2.0:seed4:frame27,2.0,27,profiled_cz,186,false,false,false,missing,false,true,gradient_only,1,1145,33,1.749341835525694,8.765965989532814,missing
red3:lane1:snr2.0:seed4:frame28,2.0,28,profiled_cz,206,false,false,false,missing,false,true,gradient_only,1,1399,82,1.3460377971943798,7.509509019109041,missing
red3:lane1:snr2.0:seed4:frame29,2.0,29,profiled_cz,221,false,false,false,missing,false,true,gradient_only,1,1324,57,2.4488655153462173,13.721729889716077,missing
red3:lane1:snr2.0:seed4:frame30,2.0,30,profiled_cz,267,false,false,false,missing,false,true,gradient_only,1,1563,94,4.321399989381158,34.592820097694656,missing
red3:lane1:snr2.0:seed4:frame31,2.0,31,profiled_cz,190,false,false,false,missing,false,true,gradient_only,5,1513,66,3.0808664991505137,13.322174266446696,missing
red3:lane1:snr2.0:seed4:frame32,2.0,32,profiled_cz,232,false,false,false,missing,false,true,gradient_only,1,1421,111,1.2692155753854721,22.411045941545503,missing
red3:lane1:snr2.0:seed4:frame33,2.0,33,profiled_cz,200,false,false,false,missing,false,true,gradient_only,1,1366,71,2.4446160935790235,7.158681799185499,missing
red3:lane1:snr2.0:seed4:frame34,2.0,34,profiled_cz,86,false,false,false,missing,false,true,gradient_only,1,652,8,2.654319824303085,6.286506342177033,missing
red3:lane1:snr2.0:seed4:frame35,2.0,35,profiled_cz,277,false,false,false,missing,false,true,gradient_only,1,1649,94,2.9924935653770706,33.5315025497166,missing
red3:lane1:snr2.0:seed4:frame36,2.0,36,profiled_cz,234,false,false,false,missing,false,true,gradient_only,1,1214,62,1.0942161442178853,7.0894587454115765,missing
red3:lane1:snr2.0:seed4:frame37,2.0,37,profiled_cz,155,false,false,false,missing,false,true,gradient_only,1,1015,31,2.2019433777911277,8.772769306382276,missing
red3:lane1:snr2.0:seed4:frame38,2.0,38,profiled_cz,223,false,false,false,missing,false,true,gradient_only,1,1512,80,2.2835670806566855,14.538611738999442,missing
red3:lane1:snr2.0:seed4:frame39,2.0,39,profiled_cz,169,false,false,false,missing,false,true,gradient_only,2,1211,48,1.7581868564655043,7.300737331713819,missing
red3:lane1:snr2.0:seed4:frame40,2.0,40,profiled_cz,179,false,false,false,missing,false,true,gradient_only,1,1254,42,2.746101719136328,10.619369071365382,missing
red3:lane1:snr2.0:seed4:frame41,2.0,41,profiled_cz,230,false,false,false,missing,false,true,gradient_only,4,1476,105,1.4521871748000303,18.654780412966012,missing
red3:lane1:snr2.0:seed4:frame42,2.0,42,profiled_cz,151,false,false,false,missing,false,true,gradient_only,7,1076,35,1.3102235916833156,7.0377028602657585,missing
red3:lane1:snr2.0:seed4:frame43,2.0,43,profiled_cz,344,false,false,false,missing,false,true,gradient_only,1,1600,33,2.033510570790682,48.72729826350014,missing
red3:lane1:snr2.0:seed4:frame44,2.0,44,profiled_cz,138,false,false,false,missing,false,true,gradient_only,1,989,60,1.2417385026332277,7.246562915090497,missing
red3:lane1:snr2.0:seed4:frame45,2.0,45,profiled_cz,156,false,false,false,missing,false,true,gradient_only,1,1017,53,1.1700408801064366,7.511587054607913,missing
red3:lane1:snr2.0:seed4:frame46,2.0,46,profiled_cz,169,false,false,false,missing,false,true,gradient_only,1,1192,63,2.5596165557622395,17.272744575380653,missing
red3:lane1:snr2.0:seed4:frame47,2.0,47,profiled_cz,195,false,false,false,missing,false,true,gradient_only,1,1409,129,6.664428360353138,14.824798884327379,missing
red3:lane1:snr2.0:seed4:frame48,2.0,48,profiled_cz,211,false,false,false,missing,false,true,gradient_only,1,1514,84,1.489096796092158,15.308026858547825,missing
red3:lane1:snr2.0:seed4:frame49,2.0,49,profiled_cz,188,false,false,false,missing,false,true,gradient_only,1,1176,30,2.1897212342950825,7.674675283221494,missing
red3:lane1:snr2.0:seed4:frame50,2.0,50,profiled_cz,180,false,false,false,missing,false,true,gradient_only,1,1249,32,9.87939505206149,7.704768852450238,missing
red3:lane1:snr2.0:seed4:frame51,2.0,51,profiled_cz,180,false,false,false,missing,false,true,gradient_only,1,1304,67,2.5774959079506634,10.897652699157831,missing
red3:lane1:snr2.0:seed4:frame52,2.0,52,profiled_cz,159,false,false,false,missing,false,true,gradient_only,1,1247,84,2.574726031277197,8.184406206911511,missing
red3:lane1:snr2.0:seed4:frame53,2.0,53,profiled_cz,212,false,false,false,missing,false,true,gradient_only,1,1406,42,4.324941801953893,13.333343340744761,missing
red3:lane1:snr2.0:seed4:frame54,2.0,54,profiled_cz,183,false,false,false,missing,false,true,gradient_only,1,1334,71,2.5859108878925747,17.88682119494415,missing
red3:lane1:snr2.0:seed4:frame55,2.0,55,profiled_cz,196,false,false,false,missing,false,true,gradient_only,1,1276,55,4.240638250144401,14.640489198354627,missing
red3:lane1:snr2.0:seed4:frame56,2.0,56,profiled_cz,165,false,false,false,missing,false,true,gradient_only,1,1078,43,5.399291036061616,9.96437121481538,missing
red3:lane1:snr2.0:seed4:frame57,2.0,57,profiled_cz,176,false,false,false,missing,false,true,gradient_only,1,1251,46,1.6487690155229238,9.129414087709108,missing
red3:lane1:snr2.0:seed4:frame58,2.0,58,profiled_cz,173,false,false,false,missing,false,true,gradient_only,1,1361,59,2.720298263578999,8.71027830314112,missing
red3:lane1:snr2.0:seed4:frame59,2.0,59,profiled_cz,134,false,false,false,missing,false,true,gradient_only,1,1045,34,1.1009808704454398,8.330574221150673,missing
red3:lane1:snr2.0:seed4:frame60,2.0,60,profiled_cz,197,false,false,false,missing,false,true,gradient_only,4,1626,94,3.0847874872450274,12.406179709188692,missing
red3:lane1:snr4.0:seed4:frame1,4.0,1,cwz_joint,84,false,false,true,missing,false,true,gradient_only,8,654,0,1.7425872003994225,93.17151201920197,missing
red3:lane1:snr4.0:seed4:frame2,4.0,2,cwz_joint,86,false,false,true,missing,false,true,gradient_only,8,583,0,1.8903537896607605,45.30437065069704,missing
red3:lane1:snr4.0:seed4:frame3,4.0,3,cwz_joint,178,false,false,true,missing,false,true,gradient_only,8,1254,0,1.450677907352039,125.61888938676134,missing
red3:lane1:snr4.0:seed4:frame4,4.0,4,cwz_joint,146,false,false,true,missing,false,true,gradient_only,8,1147,0,1.6518122828009125,218.87055559344762,missing
red3:lane1:snr4.0:seed4:frame5,4.0,5,cwz_joint,51,false,false,true,missing,false,true,gradient_only,8,479,0,2.035047986299964,74.29701987041909,missing
red3:lane1:snr4.0:seed4:frame6,4.0,6,cwz_joint,93,false,false,true,missing,false,true,gradient_only,8,648,0,3.2844874051207267,58.653222589622295,missing
red3:lane1:snr4.0:seed4:frame7,4.0,7,cwz_joint,63,false,false,true,missing,false,true,gradient_only,8,604,0,2.359443389745763,54.57100294919895,missing
red3:lane1:snr4.0:seed4:frame8,4.0,8,cwz_joint,140,false,false,true,missing,false,true,gradient_only,8,1094,0,2.274643234249163,105.09607391094411,missing
red3:lane1:snr4.0:seed4:frame9,4.0,9,cwz_joint,180,false,false,true,missing,false,true,gradient_only,8,1493,0,2.05391983763197,69.82319314017246,missing
red3:lane1:snr4.0:seed4:frame10,4.0,10,cwz_joint,122,false,false,true,missing,false,true,gradient_only,8,958,0,2.6122681586042806,225.49411330730692,missing
red3:lane1:snr4.0:seed4:frame11,4.0,11,cwz_joint,159,false,false,true,missing,false,true,gradient_only,8,1025,0,2.831804841124002,130.93185263129035,missing
red3:lane1:snr4.0:seed4:frame12,4.0,12,cwz_joint,58,false,false,true,missing,false,true,gradient_only,8,507,0,1.3588115541893429,44.92120737299792,missing
red3:lane1:snr4.0:seed4:frame13,4.0,13,cwz_joint,104,false,false,true,missing,false,true,gradient_only,8,776,0,2.644819034870816,50.73176274186359,missing
red3:lane1:snr4.0:seed4:frame14,4.0,14,cwz_joint,227,false,false,true,missing,false,true,gradient_only,8,1515,0,5.458417407129996,77.4435644199773,missing
red3:lane1:snr4.0:seed4:frame15,4.0,15,cwz_joint,134,false,false,true,missing,false,true,gradient_only,8,966,0,1.3533940959990263,84.08861439755962,missing
red3:lane1:snr4.0:seed4:frame16,4.0,16,cwz_joint,102,false,false,true,missing,false,true,gradient_only,8,814,0,1.4782210278834405,89.81359559000222,missing
red3:lane1:snr4.0:seed4:frame17,4.0,17,cwz_joint,133,false,false,true,missing,false,true,gradient_only,8,981,0,7.784340047744747,39.50571295620563,missing
red3:lane1:snr4.0:seed4:frame18,4.0,18,cwz_joint,117,false,false,true,missing,false,true,gradient_only,8,727,0,1.086102726631553,61.82679644557798,missing
red3:lane1:snr4.0:seed4:frame19,4.0,19,cwz_joint,220,false,false,true,missing,false,true,gradient_only,8,1481,0,1.361460420960714,87.5270109920109,missing
red3:lane1:snr4.0:seed4:frame20,4.0,20,cwz_joint,163,false,false,true,missing,false,true,gradient_only,8,1093,0,2.563165548222722,113.58116963146027,missing
red3:lane1:snr4.0:seed4:frame21,4.0,21,cwz_joint,65,false,false,true,missing,false,true,gradient_only,8,572,0,1.0029369300313324,31.046132261179814,missing
red3:lane1:snr4.0:seed4:frame22,4.0,22,cwz_joint,151,false,false,true,missing,false,true,gradient_only,8,1216,0,1.9343135816080823,105.29893159079535,missing
red3:lane1:snr4.0:seed4:frame23,4.0,23,cwz_joint,102,false,false,true,missing,false,true,gradient_only,8,754,0,3.549956878955156,59.04026978870201,missing
red3:lane1:snr4.0:seed4:frame24,4.0,24,cwz_joint,154,false,false,true,missing,false,true,gradient_only,8,841,0,2.1182525284923286,76.345166108374,missing
red3:lane1:snr4.0:seed4:frame25,4.0,25,cwz_joint,78,false,false,true,missing,false,true,gradient_only,8,538,0,1.8858694071076494,38.17114532237582,missing
red3:lane1:snr4.0:seed4:frame26,4.0,26,cwz_joint,79,false,false,true,missing,false,true,gradient_only,8,617,0,1.3962945104170401,65.83980982044226,missing
red3:lane1:snr4.0:seed4:frame27,4.0,27,cwz_joint,154,false,false,true,missing,false,true,gradient_only,8,999,0,1.1873009162280095,40.811372865499315,missing
red3:lane1:snr4.0:seed4:frame28,4.0,28,cwz_joint,171,false,false,true,missing,false,true,gradient_only,8,1240,0,1.1275449028571176,32.76705799095176,missing
red3:lane1:snr4.0:seed4:frame29,4.0,29,cwz_joint,141,false,false,true,missing,false,true,gradient_only,8,1186,0,1.4431941056333304,83.32020048348909,missing
red3:lane1:snr4.0:seed4:frame30,4.0,30,cwz_joint,230,false,false,true,missing,false,true,gradient_only,8,1589,0,2.369402959005673,232.68194396566292,missing
red3:lane1:snr4.0:seed4:frame31,4.0,31,cwz_joint,151,false,false,true,missing,false,true,gradient_only,8,1071,0,3.0097500202251375,80.77705610569414,missing
red3:lane1:snr4.0:seed4:frame32,4.0,32,cwz_joint,213,false,false,true,missing,false,true,gradient_only,8,1181,0,3.821492828551149,54.11478030568496,missing
red3:lane1:snr4.0:seed4:frame33,4.0,33,cwz_joint,122,false,false,true,missing,false,true,gradient_only,8,934,0,6.25973545410868,62.50796641543972,missing
red3:lane1:snr4.0:seed4:frame34,4.0,34,cwz_joint,50,false,false,true,missing,false,true,gradient_only,8,467,0,1.1404987798355348,54.70576920285636,missing
red3:lane1:snr4.0:seed4:frame35,4.0,35,cwz_joint,260,false,false,true,missing,false,true,gradient_only,8,1671,0,1.9775534699944137,207.90117798561286,missing
red3:lane1:snr4.0:seed4:frame36,4.0,36,cwz_joint,166,false,false,true,missing,false,true,gradient_only,8,1357,0,1.4077398792574662,34.32638347456382,missing
red3:lane1:snr4.0:seed4:frame37,4.0,37,cwz_joint,85,false,false,true,missing,false,true,gradient_only,8,530,0,1.0416820284538544,34.235747185950814,missing
red3:lane1:snr4.0:seed4:frame38,4.0,38,cwz_joint,178,false,false,true,missing,false,true,gradient_only,8,1319,0,1.6151278279863541,70.11834000290263,missing
red3:lane1:snr4.0:seed4:frame39,4.0,39,cwz_joint,96,false,false,true,missing,false,true,gradient_only,8,867,0,1.1600629978793946,47.52471587793033,missing
red3:lane1:snr4.0:seed4:frame40,4.0,40,cwz_joint,125,false,false,true,missing,false,true,gradient_only,8,871,0,1.3751452107485547,73.19219042730168,missing
red3:lane1:snr4.0:seed4:frame41,4.0,41,cwz_joint,164,false,false,true,missing,false,true,gradient_only,8,1090,0,2.1184172537446035,100.17782778041341,missing
red3:lane1:snr4.0:seed4:frame42,4.0,42,cwz_joint,68,false,false,true,missing,false,true,gradient_only,8,610,0,1.0974451865561283,44.06860011135188,missing
red3:lane1:snr4.0:seed4:frame43,4.0,43,cwz_joint,337,false,false,true,missing,false,true,gradient_only,8,1813,0,2.564481748175488,804.7129558300323,missing
red3:lane1:snr4.0:seed4:frame44,4.0,44,cwz_joint,77,false,false,true,missing,false,true,gradient_only,8,620,0,5.421373043015784,65.21778891373384,missing
red3:lane1:snr4.0:seed4:frame45,4.0,45,cwz_joint,98,false,false,true,missing,false,true,gradient_only,8,706,0,1.8333710619997108,73.90320897110851,missing
red3:lane1:snr4.0:seed4:frame46,4.0,46,cwz_joint,131,false,false,true,missing,false,true,gradient_only,8,895,0,1.500143673853629,89.56278874994639,missing
red3:lane1:snr4.0:seed4:frame47,4.0,47,cwz_joint,148,false,false,true,missing,false,true,gradient_only,8,1297,0,2.345074131251326,101.16654140666745,missing
red3:lane1:snr4.0:seed4:frame48,4.0,48,cwz_joint,181,false,false,true,missing,false,true,gradient_only,8,1294,0,2.2482411667983113,95.01634027479435,missing
red3:lane1:snr4.0:seed4:frame49,4.0,49,cwz_joint,148,false,false,true,missing,false,true,gradient_only,8,1143,0,2.794760625163968,53.752999012766836,missing
red3:lane1:snr4.0:seed4:frame50,4.0,50,cwz_joint,124,false,false,true,missing,false,true,gradient_only,8,943,0,1.6357460444030965,50.379571467126176,missing
red3:lane1:snr4.0:seed4:frame51,4.0,51,cwz_joint,143,false,false,true,missing,false,true,gradient_only,8,986,0,1.1727966533130332,67.06945205889134,missing
red3:lane1:snr4.0:seed4:frame52,4.0,52,cwz_joint,138,false,false,true,missing,false,true,gradient_only,8,1090,0,1.8184337631452103,79.35150564268775,missing
red3:lane1:snr4.0:seed4:frame53,4.0,53,cwz_joint,170,false,false,true,missing,false,true,gradient_only,8,1066,0,1.305915888984984,69.37283041089601,missing
red3:lane1:snr4.0:seed4:frame54,4.0,54,cwz_joint,129,false,false,true,missing,false,true,gradient_only,8,1007,0,2.2532786348522515,128.82969825138116,missing
red3:lane1:snr4.0:seed4:frame55,4.0,55,cwz_joint,159,false,false,true,missing,false,true,gradient_only,8,1259,0,18.622385270048145,88.11567117834434,missing
red3:lane1:snr4.0:seed4:frame56,4.0,56,cwz_joint,81,false,false,true,missing,false,true,gradient_only,8,725,0,1.5124225433850196,64.66186019141048,missing
red3:lane1:snr4.0:seed4:frame57,4.0,57,cwz_joint,124,false,false,true,missing,false,true,gradient_only,8,1027,0,1.1649261475086548,60.571683503215006,missing
red3:lane1:snr4.0:seed4:frame58,4.0,58,cwz_joint,116,false,false,true,missing,false,true,gradient_only,8,939,0,1.6306334183322473,57.98757758529262,missing
red3:lane1:snr4.0:seed4:frame59,4.0,59,cwz_joint,60,false,false,true,missing,false,true,gradient_only,8,457,0,1.6687489004589424,65.22837476996182,missing
red3:lane1:snr4.0:seed4:frame60,4.0,60,cwz_joint,152,false,false,true,missing,false,true,gradient_only,8,960,0,3.277516990409594,190.32159614129392,missing
red3:lane1:snr4.0:seed4:frame1,4.0,1,profiled_cz,84,false,false,false,missing,false,true,gradient_only,1,654,13,1.7425872003994225,7.389798278052621,missing
red3:lane1:snr4.0:seed4:frame2,4.0,2,profiled_cz,86,false,false,false,missing,false,true,gradient_only,1,583,25,1.8903537896607605,5.646278637040566,missing
red3:lane1:snr4.0:seed4:frame3,4.0,3,profiled_cz,177,false,false,false,missing,false,true,gradient_only,4,1254,44,1.450677907352039,14.317239923002736,missing
red3:lane1:snr4.0:seed4:frame4,4.0,4,profiled_cz,147,false,false,false,missing,false,true,gradient_only,1,1147,37,1.6518122828009125,39.23010565825624,missing
red3:lane1:snr4.0:seed4:frame5,4.0,5,profiled_cz,51,false,false,false,missing,false,true,gradient_only,1,479,9,2.035047986299964,9.691462925189107,missing
red3:lane1:snr4.0:seed4:frame6,4.0,6,profiled_cz,93,false,false,false,missing,false,true,gradient_only,1,648,7,3.2844874051207267,5.516140861539153,missing
red3:lane1:snr4.0:seed4:frame7,4.0,7,profiled_cz,63,false,false,false,missing,false,true,gradient_only,1,604,21,2.359443389745763,6.111479710121739,missing
red3:lane1:snr4.0:seed4:frame8,4.0,8,profiled_cz,141,false,false,false,missing,false,true,gradient_only,2,1094,47,2.274643234249163,9.797926121895031,missing
red3:lane1:snr4.0:seed4:frame9,4.0,9,profiled_cz,181,false,false,false,missing,false,true,gradient_only,1,1493,74,2.05391983763197,7.294415994599726,missing
red3:lane1:snr4.0:seed4:frame10,4.0,10,profiled_cz,123,false,false,false,missing,false,true,gradient_only,2,958,34,2.6122681586042806,16.3513656831327,missing
red3:lane1:snr4.0:seed4:frame11,4.0,11,profiled_cz,159,false,false,false,missing,false,true,gradient_only,1,1025,23,2.831804841124002,11.758635988657408,missing
red3:lane1:snr4.0:seed4:frame12,4.0,12,profiled_cz,58,false,false,true,missing,false,true,gradient_only,1,507,0,1.3588115541893429,5.220090851580586,missing
red3:lane1:snr4.0:seed4:frame13,4.0,13,profiled_cz,104,false,false,false,missing,false,true,gradient_only,1,776,24,2.644819034870816,6.923382069153576,missing
red3:lane1:snr4.0:seed4:frame14,4.0,14,profiled_cz,227,false,false,false,missing,false,true,gradient_only,8,1515,64,5.458417407129996,9.54621581524811,missing
red3:lane1:snr4.0:seed4:frame15,4.0,15,profiled_cz,133,false,false,false,missing,false,true,gradient_only,6,966,25,1.3533940959990263,9.225390099253831,missing
red3:lane1:snr4.0:seed4:frame16,4.0,16,profiled_cz,102,false,false,false,missing,false,true,gradient_only,1,814,8,1.4782210278834405,9.087766609007398,missing
red3:lane1:snr4.0:seed4:frame17,4.0,17,profiled_cz,133,false,false,false,missing,false,true,gradient_only,1,981,31,7.784340047744747,5.4023390353283185,missing
red3:lane1:snr4.0:seed4:frame18,4.0,18,profiled_cz,116,false,false,false,missing,false,true,gradient_only,1,727,20,1.086102726631553,6.431909082852674,missing
red3:lane1:snr4.0:seed4:frame19,4.0,19,profiled_cz,220,false,false,false,missing,false,true,gradient_only,6,1481,46,1.361460420960714,7.93657627498221,missing
red3:lane1:snr4.0:seed4:frame20,4.0,20,profiled_cz,165,false,false,false,missing,false,true,gradient_only,1,1093,64,2.563165548222722,9.734883640358786,missing
red3:lane1:snr4.0:seed4:frame21,4.0,21,profiled_cz,65,false,false,false,missing,false,true,gradient_only,1,572,30,1.0029369300313324,5.4737938998716675,missing
red3:lane1:snr4.0:seed4:frame22,4.0,22,profiled_cz,153,false,false,false,missing,false,true,gradient_only,1,1216,44,1.9343135816080823,22.608330358941743,missing
red3:lane1:snr4.0:seed4:frame23,4.0,23,profiled_cz,101,false,false,false,missing,false,true,gradient_only,1,754,23,3.549956878955156,6.408525353433636,missing
red3:lane1:snr4.0:seed4:frame24,4.0,24,profiled_cz,155,false,false,false,missing,false,true,gradient_only,1,841,45,2.1182525284923286,9.525123319720102,missing
red3:lane1:snr4.0:seed4:frame25,4.0,25,profiled_cz,78,false,false,false,missing,false,true,gradient_only,1,538,11,1.8858694071076494,4.213527810822514,missing
red3:lane1:snr4.0:seed4:frame26,4.0,26,profiled_cz,79,false,false,false,missing,false,true,gradient_only,1,617,33,1.3962945104170401,6.955751833285221,missing
red3:lane1:snr4.0:seed4:frame27,4.0,27,profiled_cz,154,false,false,false,missing,false,true,gradient_only,1,999,36,1.1873009162280095,7.782612582651608,missing
red3:lane1:snr4.0:seed4:frame28,4.0,28,profiled_cz,171,false,false,false,missing,false,true,gradient_only,1,1240,53,1.1275449028571176,5.751721690420974,missing
red3:lane1:snr4.0:seed4:frame29,4.0,29,profiled_cz,143,false,false,false,missing,false,true,gradient_only,1,1186,52,1.4431941056333304,10.394195245987657,missing
red3:lane1:snr4.0:seed4:frame30,4.0,30,profiled_cz,230,false,false,false,missing,false,true,gradient_only,1,1589,43,2.369402959005673,23.586362668523496,missing
red3:lane1:snr4.0:seed4:frame31,4.0,31,profiled_cz,152,false,false,false,missing,false,true,gradient_only,1,1071,31,3.0097500202251375,11.490294491651424,missing
red3:lane1:snr4.0:seed4:frame32,4.0,32,profiled_cz,212,false,false,false,missing,false,true,gradient_only,1,1181,26,3.821492828551149,15.603619324605388,missing
red3:lane1:snr4.0:seed4:frame33,4.0,33,profiled_cz,122,false,false,false,missing,false,true,gradient_only,1,934,22,6.25973545410868,6.5892380274162345,missing
red3:lane1:snr4.0:seed4:frame34,4.0,34,profiled_cz,50,false,false,false,missing,false,true,gradient_only,1,467,7,1.1404987798355348,4.6382475076744445,missing
red3:lane1:snr4.0:seed4:frame35,4.0,35,profiled_cz,260,false,false,false,missing,false,true,gradient_only,1,1671,114,1.9775534699944137,27.882508219809917,missing
red3:lane1:snr4.0:seed4:frame36,4.0,36,profiled_cz,166,false,false,false,missing,false,true,gradient_only,1,1357,36,1.4077398792574662,6.133993431253008,missing
red3:lane1:snr4.0:seed4:frame37,4.0,37,profiled_cz,85,false,false,false,missing,false,true,gradient_only,1,530,10,1.0416820284538544,4.8834900912772685,missing
red3:lane1:snr4.0:seed4:frame38,4.0,38,profiled_cz,176,false,false,false,missing,false,true,gradient_only,1,1319,74,1.6151278279863541,11.666389878272101,missing
red3:lane1:snr4.0:seed4:frame39,4.0,39,profiled_cz,96,false,false,false,missing,false,true,gradient_only,1,867,20,1.1600629978793946,6.096248678452993,missing
red3:lane1:snr4.0:seed4:frame40,4.0,40,profiled_cz,125,false,false,false,missing,false,true,gradient_only,1,871,49,1.3751452107485547,8.173900670963112,missing
red3:lane1:snr4.0:seed4:frame41,4.0,41,profiled_cz,164,false,false,false,missing,false,true,gradient_only,1,1090,42,2.1184172537446035,12.42686017982611,missing
red3:lane1:snr4.0:seed4:frame42,4.0,42,profiled_cz,67,false,false,false,missing,false,true,gradient_only,1,610,14,1.0974451865561283,6.083773114612755,missing
red3:lane1:snr4.0:seed4:frame43,4.0,43,profiled_cz,336,false,false,false,missing,false,true,gradient_only,1,1813,161,2.564481748175488,63.72149662121904,missing
red3:lane1:snr4.0:seed4:frame44,4.0,44,profiled_cz,77,false,false,false,missing,false,true,gradient_only,1,620,27,5.421373043015784,6.281757582397694,missing
red3:lane1:snr4.0:seed4:frame45,4.0,45,profiled_cz,98,false,false,false,missing,false,true,gradient_only,1,706,19,1.8333710619997108,7.281776262949215,missing
red3:lane1:snr4.0:seed4:frame46,4.0,46,profiled_cz,131,false,false,false,missing,false,true,gradient_only,2,895,34,1.500143673853629,12.939872961269474,missing
red3:lane1:snr4.0:seed4:frame47,4.0,47,profiled_cz,148,false,false,false,missing,false,true,gradient_only,1,1297,51,2.345074131251326,11.178832670741913,missing
red3:lane1:snr4.0:seed4:frame48,4.0,48,profiled_cz,179,false,false,false,missing,false,true,gradient_only,1,1294,72,2.2482411667983113,9.349908131515011,missing
red3:lane1:snr4.0:seed4:frame49,4.0,49,profiled_cz,148,false,false,false,missing,false,true,gradient_only,1,1143,39,2.794760625163968,6.6122411518391795,missing
red3:lane1:snr4.0:seed4:frame50,4.0,50,profiled_cz,123,false,false,false,missing,false,true,gradient_only,1,943,41,1.6357460444030965,6.993619900506108,missing
red3:lane1:snr4.0:seed4:frame51,4.0,51,profiled_cz,143,false,false,false,missing,false,true,gradient_only,1,986,42,1.1727966533130332,10.144196603218617,missing
red3:lane1:snr4.0:seed4:frame52,4.0,52,profiled_cz,139,false,false,false,missing,false,true,gradient_only,1,1090,27,1.8184337631452103,6.653896486428925,missing
red3:lane1:snr4.0:seed4:frame53,4.0,53,profiled_cz,170,false,false,false,missing,false,true,gradient_only,1,1066,40,1.305915888984984,15.558933895020603,missing
red3:lane1:snr4.0:seed4:frame54,4.0,54,profiled_cz,129,false,false,false,missing,false,true,gradient_only,1,1007,16,2.2532786348522515,14.844944219418496,missing
red3:lane1:snr4.0:seed4:frame55,4.0,55,profiled_cz,159,false,false,false,missing,false,true,gradient_only,4,1259,91,18.622385270048145,11.941184359737651,missing
red3:lane1:snr4.0:seed4:frame56,4.0,56,profiled_cz,81,false,false,false,missing,false,true,gradient_only,1,725,31,1.5124225433850196,6.3910022293080795,missing
red3:lane1:snr4.0:seed4:frame57,4.0,57,profiled_cz,124,false,false,false,missing,false,true,gradient_only,1,1027,33,1.1649261475086548,8.686168320870959,missing
red3:lane1:snr4.0:seed4:frame58,4.0,58,profiled_cz,116,false,false,false,missing,false,true,gradient_only,1,939,22,1.6306334183322473,6.532874985991861,missing
red3:lane1:snr4.0:seed4:frame59,4.0,59,profiled_cz,60,false,false,false,missing,false,true,gradient_only,1,457,3,1.6687489004589424,8.53875796566141,missing
red3:lane1:snr4.0:seed4:frame60,4.0,60,profiled_cz,152,false,false,false,missing,false,true,gradient_only,1,960,34,3.277516990409594,16.335552896680984,missing
red3:lane1:snr6.0:seed4:frame1,6.0,1,cwz_joint,29,false,false,true,missing,false,true,gradient_only,8,433,0,1.26756272989393,84.57033697409312,missing
red3:lane1:snr6.0:seed4:frame2,6.0,2,cwz_joint,37,false,false,true,missing,false,true,gradient_only,8,383,0,1.1793600207356285,41.02746811298144,missing
red3:lane1:snr6.0:seed4:frame3,6.0,3,cwz_joint,131,false,false,true,missing,false,true,gradient_only,8,974,0,3.8857508681846173,89.24341737356556,missing
red3:lane1:snr6.0:seed4:frame4,6.0,4,cwz_joint,86,false,false,true,missing,false,true,gradient_only,8,710,0,1.8833066796372677,216.09116719113857,missing
red3:lane1:snr6.0:seed4:frame5,6.0,5,cwz_joint,26,false,false,true,missing,false,true,gradient_only,8,389,0,5.9270622826180235,64.25515905713988,missing
red3:lane1:snr6.0:seed4:frame6,6.0,6,cwz_joint,44,false,false,true,missing,false,true,gradient_only,8,393,0,1.2852006157177416,51.01988593221197,missing
red3:lane1:snr6.0:seed4:frame7,6.0,7,cwz_joint,23,false,false,true,missing,false,true,gradient_only,8,344,0,3.2358735836111068,44.59110856134423,missing
red3:lane1:snr6.0:seed4:frame8,6.0,8,cwz_joint,90,false,false,true,missing,false,true,gradient_only,8,565,0,1.9182118271977562,88.2496977495399,missing
red3:lane1:snr6.0:seed4:frame9,6.0,9,cwz_joint,102,false,false,true,missing,false,true,gradient_only,8,838,0,3.478851433818547,61.931837582547296,missing
red3:lane1:snr6.0:seed4:frame10,6.0,10,cwz_joint,86,false,false,true,missing,false,true,gradient_only,8,527,0,1.5130182369723348,162.48767653846386,missing
red3:lane1:snr6.0:seed4:frame11,6.0,11,cwz_joint,90,false,false,true,missing,false,true,gradient_only,8,543,0,2.940747520321368,104.20950831866968,missing
red3:lane1:snr6.0:seed4:frame12,6.0,12,cwz_joint,29,false,false,true,missing,false,true,gradient_only,8,371,0,2.08417311926105,41.59220197939233,missing
red3:lane1:snr6.0:seed4:frame13,6.0,13,cwz_joint,39,false,false,true,missing,false,true,gradient_only,8,413,0,3.3176798618077,44.93731075771332,missing
red3:lane1:snr6.0:seed4:frame14,6.0,14,cwz_joint,165,false,false,true,missing,false,true,gradient_only,8,881,0,1.0523853304239836,57.09443952345102,missing
red3:lane1:snr6.0:seed4:frame15,6.0,15,cwz_joint,79,false,false,true,missing,false,true,gradient_only,8,548,0,2.637736259080911,69.33071429262043,missing
red3:lane1:snr6.0:seed4:frame16,6.0,16,cwz_joint,69,false,false,true,missing,false,true,gradient_only,8,641,0,1.8211889346622572,71.3050553302649,missing
red3:lane1:snr6.0:seed4:frame17,6.0,17,cwz_joint,93,false,false,true,missing,false,true,gradient_only,8,758,0,1.6910342284337134,40.016604863903815,missing
red3:lane1:snr6.0:seed4:frame18,6.0,18,cwz_joint,62,false,false,true,missing,false,true,gradient_only,8,409,0,1.9654335741361855,49.7022538090043,missing
red3:lane1:snr6.0:seed4:frame19,6.0,19,cwz_joint,148,false,false,true,missing,false,true,gradient_only,8,986,0,57.155998082924654,70.84147209658805,missing
red3:lane1:snr6.0:seed4:frame20,6.0,20,cwz_joint,74,false,false,true,missing,false,true,gradient_only,8,506,0,1.113096100963976,93.82933056827954,missing
red3:lane1:snr6.0:seed4:frame21,6.0,21,cwz_joint,29,false,false,true,missing,false,true,gradient_only,8,379,0,1.2169688621973995,27.775118506173275,missing
red3:lane1:snr6.0:seed4:frame22,6.0,22,cwz_joint,115,false,false,true,missing,false,true,gradient_only,8,721,0,1.409635719687573,88.95881767207293,missing
red3:lane1:snr6.0:seed4:frame23,6.0,23,cwz_joint,78,false,false,true,missing,false,true,gradient_only,8,653,0,1.0211785954713846,50.467041407036945,missing
red3:lane1:snr6.0:seed4:frame24,6.0,24,cwz_joint,90,false,false,true,missing,false,true,gradient_only,8,595,0,1.1999210311816462,64.64436954109907,missing
red3:lane1:snr6.0:seed4:frame25,6.0,25,cwz_joint,22,false,false,true,missing,false,true,gradient_only,8,302,0,0.8768974419348843,34.43581238490416,missing
red3:lane1:snr6.0:seed4:frame26,6.0,26,cwz_joint,38,false,false,true,missing,false,true,gradient_only,8,434,0,1.3004129365331272,58.676009471097835,missing
red3:lane1:snr6.0:seed4:frame27,6.0,27,cwz_joint,67,false,false,true,missing,false,true,gradient_only,8,550,0,5.328120178097711,41.73167081871762,missing
red3:lane1:snr6.0:seed4:frame28,6.0,28,cwz_joint,119,false,false,true,missing,false,true,gradient_only,8,719,0,3.213632312456427,32.9153759586133,missing
red3:lane1:snr6.0:seed4:frame29,6.0,29,cwz_joint,74,false,false,true,missing,false,true,gradient_only,8,593,0,1.2027978210777073,70.80474269258266,missing
red3:lane1:snr6.0:seed4:frame30,6.0,30,cwz_joint,203,false,false,true,missing,false,true,gradient_only,8,1228,0,2.0830619767949146,195.8648668717642,missing
red3:lane1:snr6.0:seed4:frame31,6.0,31,cwz_joint,104,false,false,true,missing,false,true,gradient_only,8,664,0,1.2684650079072786,61.13322416850053,missing
red3:lane1:snr6.0:seed4:frame32,6.0,32,cwz_joint,156,false,false,true,missing,false,true,gradient_only,8,1132,0,1.0858618064226429,58.23304541205707,missing
red3:lane1:snr6.0:seed4:frame33,6.0,33,cwz_joint,97,false,false,true,missing,false,true,gradient_only,8,720,0,1.2028869188871132,52.08778051985143,missing
red3:lane1:snr6.0:seed4:frame34,6.0,34,cwz_joint,9,false,false,true,missing,false,true,gradient_only,8,301,0,0.8165709400857235,48.24104322328256,missing
red3:lane1:snr6.0:seed4:frame35,6.0,35,cwz_joint,212,false,false,true,missing,false,true,gradient_only,8,1413,0,2.1766807095353413,168.1286973434115,missing
red3:lane1:snr6.0:seed4:frame36,6.0,36,cwz_joint,136,false,false,true,missing,false,true,gradient_only,8,846,0,0.8593173218512988,32.17637303858038,missing
red3:lane1:snr6.0:seed4:frame37,6.0,37,cwz_joint,35,false,false,true,missing,false,true,gradient_only,8,378,0,0.7994821957922302,29.27452193583726,missing
red3:lane1:snr6.0:seed4:frame38,6.0,38,cwz_joint,157,false,false,true,missing,false,true,gradient_only,8,931,0,4.62671763658165,61.41056138942757,missing
red3:lane1:snr6.0:seed4:frame39,6.0,39,cwz_joint,51,false,false,true,missing,false,true,gradient_only,8,363,0,1.0322275930750984,44.19631368249514,missing
red3:lane1:snr6.0:seed4:frame40,6.0,40,cwz_joint,82,false,false,true,missing,false,true,gradient_only,8,468,0,1.377880059913708,64.66242813615793,missing
red3:lane1:snr6.0:seed4:frame41,6.0,41,cwz_joint,125,false,false,true,missing,false,true,gradient_only,8,824,0,2.5701167889785794,81.16107396322494,missing
red3:lane1:snr6.0:seed4:frame42,6.0,42,cwz_joint,34,false,false,true,missing,false,true,gradient_only,8,410,0,1.0389184476025735,36.955176867248085,missing
red3:lane1:snr6.0:seed4:frame43,6.0,43,cwz_joint,343,false,false,true,missing,false,true,gradient_only,8,1558,0,1.8308672133549786,607.8187538822946,missing
red3:lane1:snr6.0:seed4:frame44,6.0,44,cwz_joint,21,false,false,true,missing,false,true,gradient_only,8,327,0,1.1261929131863928,56.263661192821154,missing
red3:lane1:snr6.0:seed4:frame45,6.0,45,cwz_joint,39,false,false,true,missing,false,true,gradient_only,8,407,0,1.2404223509470824,62.44683962058767,missing
red3:lane1:snr6.0:seed4:frame46,6.0,46,cwz_joint,71,false,false,true,missing,false,true,gradient_only,8,591,0,1.766737525488475,68.05831585882576,missing
red3:lane1:snr6.0:seed4:frame47,6.0,47,cwz_joint,94,false,false,true,missing,false,true,gradient_only,8,832,0,2.2966896286668677,86.03571799510819,missing
red3:lane1:snr6.0:seed4:frame48,6.0,48,cwz_joint,99,false,false,true,missing,false,true,gradient_only,8,791,0,3.283691669302309,78.16701273095552,missing
red3:lane1:snr6.0:seed4:frame49,6.0,49,cwz_joint,57,false,false,true,missing,false,true,gradient_only,8,512,0,1.3723838516930291,47.12491556476425,missing
red3:lane1:snr6.0:seed4:frame50,6.0,50,cwz_joint,49,false,false,true,missing,false,true,gradient_only,8,533,0,1.2698013775620745,42.68163375413272,missing
red3:lane1:snr6.0:seed4:frame51,6.0,51,cwz_joint,71,false,false,true,missing,false,true,gradient_only,8,618,0,1.4906314101374392,59.32724531910915,missing
red3:lane1:snr6.0:seed4:frame52,6.0,52,cwz_joint,57,false,false,true,missing,false,true,gradient_only,8,595,0,1.4140572011187578,65.87015716214849,missing
red3:lane1:snr6.0:seed4:frame53,6.0,53,cwz_joint,107,false,false,true,missing,false,true,gradient_only,8,737,0,1.233310559789409,64.58808061737402,missing
red3:lane1:snr6.0:seed4:frame54,6.0,54,cwz_joint,67,false,false,true,missing,false,true,gradient_only,8,522,0,1.213084290403152,107.66866506135246,missing
red3:lane1:snr6.0:seed4:frame55,6.0,55,cwz_joint,95,false,false,true,missing,false,true,gradient_only,8,736,0,3.297092096399728,76.52100659447973,missing
red3:lane1:snr6.0:seed4:frame56,6.0,56,cwz_joint,32,false,false,true,missing,false,true,gradient_only,8,389,0,3.0947816931850998,56.67620394249816,missing
red3:lane1:snr6.0:seed4:frame57,6.0,57,cwz_joint,75,false,false,true,missing,false,true,gradient_only,8,564,0,1.5487245217040813,54.532715851319765,missing
red3:lane1:snr6.0:seed4:frame58,6.0,58,cwz_joint,84,false,false,true,missing,false,true,gradient_only,8,616,0,1.3109043812108738,50.166818822870994,missing
red3:lane1:snr6.0:seed4:frame59,6.0,59,cwz_joint,29,false,false,true,missing,false,true,gradient_only,8,344,0,2.100585450638915,55.974369191397564,missing
red3:lane1:snr6.0:seed4:frame60,6.0,60,cwz_joint,125,false,false,true,missing,false,true,gradient_only,8,726,0,1.3888895644349681,150.07836058406028,missing
red3:lane1:snr6.0:seed4:frame1,6.0,1,profiled_cz,29,false,false,false,missing,false,true,gradient_only,1,433,11,1.26756272989393,8.038796458816288,missing
red3:lane1:snr6.0:seed4:frame2,6.0,2,profiled_cz,37,false,false,false,missing,false,true,gradient_only,1,383,2,1.1793600207356285,4.451707305152796,missing
red3:lane1:snr6.0:seed4:frame3,6.0,3,profiled_cz,131,false,false,false,missing,false,true,gradient_only,1,974,31,3.8857508681846173,11.590692667561832,missing
red3:lane1:snr6.0:seed4:frame4,6.0,4,profiled_cz,86,false,false,false,missing,false,true,gradient_only,8,710,28,1.8833066796372677,54.89617110121648,missing
red3:lane1:snr6.0:seed4:frame5,6.0,5,profiled_cz,26,false,false,false,missing,false,true,gradient_only,1,389,4,5.9270622826180235,11.036421657123793,missing
red3:lane1:snr6.0:seed4:frame6,6.0,6,profiled_cz,44,false,false,false,missing,false,true,gradient_only,1,393,13,1.2852006157177416,4.397251485172766,missing
red3:lane1:snr6.0:seed4:frame7,6.0,7,profiled_cz,23,false,false,false,missing,false,true,gradient_only,1,344,7,3.2358735836111068,5.953571993082036,missing
red3:lane1:snr6.0:seed4:frame8,6.0,8,profiled_cz,90,false,false,false,missing,false,true,gradient_only,1,565,5,1.9182118271977562,8.218202584711266,missing
red3:lane1:snr6.0:seed4:frame9,6.0,9,profiled_cz,102,false,false,false,missing,false,true,gradient_only,1,838,20,3.478851433818547,6.2054735105217125,missing
red3:lane1:snr6.0:seed4:frame10,6.0,10,profiled_cz,85,false,false,false,missing,false,true,gradient_only,8,527,18,1.5130182369723348,15.180125905742988,missing
red3:lane1:snr6.0:seed4:frame11,6.0,11,profiled_cz,90,false,false,false,missing,false,true,gradient_only,1,543,15,2.940747520321368,8.721786088304572,missing
red3:lane1:snr6.0:seed4:frame12,6.0,12,profiled_cz,29,false,false,true,missing,false,true,gradient_only,1,371,0,2.08417311926105,4.480255099745064,missing
red3:lane1:snr6.0:seed4:frame13,6.0,13,profiled_cz,39,false,false,false,missing,false,true,gradient_only,1,413,5,3.3176798618077,4.857610716046082,missing
red3:lane1:snr6.0:seed4:frame14,6.0,14,profiled_cz,165,false,false,false,missing,false,true,gradient_only,1,881,2,1.0523853304239836,7.624261032129925,missing
red3:lane1:snr6.0:seed4:frame15,6.0,15,profiled_cz,79,false,false,false,missing,false,true,gradient_only,1,548,14,2.637736259080911,7.096740001318239,missing
red3:lane1:snr6.0:seed4:frame16,6.0,16,profiled_cz,69,false,false,false,missing,false,true,gradient_only,1,641,40,1.8211889346622572,9.5366822644248,missing
red3:lane1:snr6.0:seed4:frame17,6.0,17,profiled_cz,94,false,false,false,missing,false,true,gradient_only,8,758,50,1.6910342284337134,6.393417987107649,missing
red3:lane1:snr6.0:seed4:frame18,6.0,18,profiled_cz,62,false,false,false,missing,false,true,gradient_only,1,409,4,1.9654335741361855,4.86197474468337,missing
red3:lane1:snr6.0:seed4:frame19,6.0,19,profiled_cz,148,false,false,false,missing,false,true,gradient_only,1,986,14,57.155998082924654,6.698834096896117,missing
red3:lane1:snr6.0:seed4:frame20,6.0,20,profiled_cz,74,false,false,false,missing,false,true,gradient_only,1,506,7,1.113096100963976,7.965729799376311,missing
red3:lane1:snr6.0:seed4:frame21,6.0,21,profiled_cz,29,false,false,false,missing,false,true,gradient_only,1,379,13,1.2169688621973995,4.136374730321264,missing
red3:lane1:snr6.0:seed4:frame22,6.0,22,profiled_cz,114,false,false,false,missing,false,true,gradient_only,1,721,37,1.409635719687573,16.523972701980817,missing
red3:lane1:snr6.0:seed4:frame23,6.0,23,profiled_cz,78,false,false,false,missing,false,true,gradient_only,1,653,5,1.0211785954713846,4.780221898628489,missing
red3:lane1:snr6.0:seed4:frame24,6.0,24,profiled_cz,90,false,false,false,missing,false,true,gradient_only,1,595,15,1.1999210311816462,6.759177001413135,missing
red3:lane1:snr6.0:seed4:frame25,6.0,25,profiled_cz,22,false,false,true,missing,false,true,gradient_only,1,302,0,0.8768974419348843,3.367690687109084,missing
red3:lane1:snr6.0:seed4:frame26,6.0,26,profiled_cz,38,false,false,true,missing,false,true,gradient_only,1,434,0,1.3004129365331272,6.8925956410467295,missing
red3:lane1:snr6.0:seed4:frame27,6.0,27,profiled_cz,67,false,false,false,missing,false,true,gradient_only,1,550,5,5.328120178097711,6.331470557143075,missing
red3:lane1:snr6.0:seed4:frame28,6.0,28,profiled_cz,119,false,false,false,missing,false,true,gradient_only,1,719,28,3.213632312456427,5.5698033651807695,missing
red3:lane1:snr6.0:seed4:frame29,6.0,29,profiled_cz,74,false,false,false,missing,false,true,gradient_only,1,593,16,1.2027978210777073,8.62535878528719,missing
red3:lane1:snr6.0:seed4:frame30,6.0,30,profiled_cz,203,false,false,false,missing,false,true,gradient_only,1,1228,55,2.0830619767949146,16.5764667070574,missing
red3:lane1:snr6.0:seed4:frame31,6.0,31,profiled_cz,106,false,false,false,missing,false,true,gradient_only,1,664,37,1.2684650079072786,7.455189324300175,missing
red3:lane1:snr6.0:seed4:frame32,6.0,32,profiled_cz,156,false,false,false,missing,false,true,gradient_only,1,1132,5,1.0858618064226429,12.835692028744665,missing
red3:lane1:snr6.0:seed4:frame33,6.0,33,profiled_cz,97,false,false,false,missing,false,true,gradient_only,1,720,16,1.2028869188871132,4.824116541435236,missing
red3:lane1:snr6.0:seed4:frame34,6.0,34,profiled_cz,9,false,false,true,missing,false,true,gradient_only,1,301,0,0.8165709400857235,4.138913807795456,missing
red3:lane1:snr6.0:seed4:frame35,6.0,35,profiled_cz,212,false,false,false,missing,false,true,gradient_only,1,1413,55,2.1766807095353413,16.9581058313994,missing
red3:lane1:snr6.0:seed4:frame36,6.0,36,profiled_cz,135,false,false,false,missing,false,true,gradient_only,1,846,41,0.8593173218512988,5.300106042154475,missing
red3:lane1:snr6.0:seed4:frame37,6.0,37,profiled_cz,35,false,false,true,missing,false,true,gradient_only,1,378,0,0.7994821957922302,3.9041287032896426,missing
red3:lane1:snr6.0:seed4:frame38,6.0,38,profiled_cz,157,false,false,false,missing,false,true,gradient_only,1,931,23,4.62671763658165,8.740536004203516,missing
red3:lane1:snr6.0:seed4:frame39,6.0,39,profiled_cz,51,false,false,false,missing,false,true,gradient_only,1,363,6,1.0322275930750984,4.99728817247894,missing
red3:lane1:snr6.0:seed4:frame40,6.0,40,profiled_cz,83,false,false,false,missing,false,true,gradient_only,1,468,8,1.377880059913708,6.93204753426193,missing
red3:lane1:snr6.0:seed4:frame41,6.0,41,profiled_cz,125,false,false,false,missing,false,true,gradient_only,1,824,39,2.5701167889785794,7.889579449605291,missing
red3:lane1:snr6.0:seed4:frame42,6.0,42,profiled_cz,34,false,false,false,missing,false,true,gradient_only,1,410,8,1.0389184476025735,4.702285973965028,missing
red3:lane1:snr6.0:seed4:frame43,6.0,43,profiled_cz,343,false,false,false,missing,false,true,gradient_only,1,1558,70,1.8308672133549786,38.78420629283387,missing
red3:lane1:snr6.0:seed4:frame44,6.0,44,profiled_cz,21,false,false,true,missing,false,true,gradient_only,1,327,0,1.1261929131863928,4.610983898561689,missing
red3:lane1:snr6.0:seed4:frame45,6.0,45,profiled_cz,39,false,false,false,missing,false,true,gradient_only,1,407,8,1.2404223509470824,6.2461476408575285,missing
red3:lane1:snr6.0:seed4:frame46,6.0,46,profiled_cz,71,false,false,false,missing,false,true,gradient_only,1,591,5,1.766737525488475,7.904764459457696,missing
red3:lane1:snr6.0:seed4:frame47,6.0,47,profiled_cz,94,false,false,false,missing,false,true,gradient_only,1,832,4,2.2966896286668677,9.006568126171183,missing
red3:lane1:snr6.0:seed4:frame48,6.0,48,profiled_cz,99,false,false,false,missing,false,true,gradient_only,1,791,31,3.283691669302309,8.283203830275646,missing
red3:lane1:snr6.0:seed4:frame49,6.0,49,profiled_cz,57,false,false,false,missing,false,true,gradient_only,1,512,15,1.3723838516930291,5.104180277619927,missing
red3:lane1:snr6.0:seed4:frame50,6.0,50,profiled_cz,49,false,false,false,missing,false,true,gradient_only,1,533,23,1.2698013775620745,5.270558464744232,missing
red3:lane1:snr6.0:seed4:frame51,6.0,51,profiled_cz,71,false,false,false,missing,false,true,gradient_only,1,618,30,1.4906314101374392,7.0370022124931575,missing
red3:lane1:snr6.0:seed4:frame52,6.0,52,profiled_cz,57,false,false,false,missing,false,true,gradient_only,1,595,7,1.4140572011187578,5.765062645051008,missing
red3:lane1:snr6.0:seed4:frame53,6.0,53,profiled_cz,107,false,false,false,missing,false,true,gradient_only,4,737,35,1.233310559789409,11.795905557877086,missing
red3:lane1:snr6.0:seed4:frame54,6.0,54,profiled_cz,67,false,false,false,missing,false,true,gradient_only,1,522,16,1.213084290403152,19.19465926547096,missing
red3:lane1:snr6.0:seed4:frame55,6.0,55,profiled_cz,95,false,false,false,missing,false,true,gradient_only,1,736,17,3.297092096399728,14.706556068016166,missing
red3:lane1:snr6.0:seed4:frame56,6.0,56,profiled_cz,32,false,false,true,missing,false,true,gradient_only,1,389,0,3.0947816931850998,5.6236366270858955,missing
red3:lane1:snr6.0:seed4:frame57,6.0,57,profiled_cz,75,false,false,false,missing,false,true,gradient_only,6,564,21,1.5487245217040813,6.717047226179607,missing
red3:lane1:snr6.0:seed4:frame58,6.0,58,profiled_cz,84,false,false,false,missing,false,true,gradient_only,1,616,12,1.3109043812108738,4.757718259112899,missing
red3:lane1:snr6.0:seed4:frame59,6.0,59,profiled_cz,29,false,false,true,missing,false,true,gradient_only,1,344,0,2.100585450638915,6.889557045733194,missing
red3:lane1:snr6.0:seed4:frame60,6.0,60,profiled_cz,125,false,false,false,missing,false,true,gradient_only,1,726,10,1.3888895644349681,11.006497497026357,missing
red3:lane1:snr8.0:seed4:frame1,8.0,1,cwz_joint,7,false,false,true,missing,false,true,gradient_only,8,297,0,0.8149379894142199,67.54064389109176,missing
red3:lane1:snr8.0:seed4:frame2,8.0,2,cwz_joint,20,false,false,true,missing,false,true,gradient_only,8,308,0,3.951446594973831,37.90702758552144,missing
red3:lane1:snr8.0:seed4:frame3,8.0,3,cwz_joint,59,false,false,true,missing,false,true,gradient_only,8,468,0,2.4978844530014035,75.50818801313841,missing
red3:lane1:snr8.0:seed4:frame4,8.0,4,cwz_joint,44,false,false,true,missing,false,true,gradient_only,8,410,0,1.2103364560397971,200.6230984775268,missing
red3:lane1:snr8.0:seed4:frame5,8.0,5,cwz_joint,17,false,false,true,missing,false,true,gradient_only,8,287,0,1.3801323740248743,55.577402133011404,missing
red3:lane1:snr8.0:seed4:frame6,8.0,6,cwz_joint,20,false,false,true,missing,false,true,gradient_only,8,305,0,1.2065788884730158,44.24694184314982,missing
red3:lane1:snr8.0:seed4:frame7,8.0,7,cwz_joint,9,false,false,true,missing,false,true,gradient_only,8,271,0,1.8244678549384983,36.644028582411806,missing
red3:lane1:snr8.0:seed4:frame8,8.0,8,cwz_joint,44,false,false,true,missing,false,true,gradient_only,8,415,0,1.641448196965359,75.31542154962624,missing
red3:lane1:snr8.0:seed4:frame9,8.0,9,cwz_joint,35,false,false,true,missing,false,true,gradient_only,8,451,0,2.6571429556012096,53.960251682861276,missing
red3:lane1:snr8.0:seed4:frame10,8.0,10,cwz_joint,27,false,false,true,missing,false,true,gradient_only,8,416,0,1.4433322641048154,119.91669208129665,missing
red3:lane1:snr8.0:seed4:frame11,8.0,11,cwz_joint,39,false,false,true,missing,false,true,gradient_only,8,360,0,1.4825767505204428,81.54724562207184,missing
red3:lane1:snr8.0:seed4:frame12,8.0,12,cwz_joint,14,false,false,true,missing,false,true,gradient_only,8,264,0,1.3064486704500613,38.72086913264975,missing
red3:lane1:snr8.0:seed4:frame13,8.0,13,cwz_joint,13,false,false,true,missing,false,true,gradient_only,8,288,0,1.3103331132515657,40.81548228402865,missing
red3:lane1:snr8.0:seed4:frame14,8.0,14,cwz_joint,105,false,false,true,missing,false,true,gradient_only,8,650,0,0.9669901735141594,44.81316122394425,missing
red3:lane1:snr8.0:seed4:frame15,8.0,15,cwz_joint,29,false,false,true,missing,false,true,gradient_only,8,397,0,0.8863463336918459,57.367749143987304,missing
red3:lane1:snr8.0:seed4:frame16,8.0,16,cwz_joint,49,false,false,true,missing,false,true,gradient_only,8,450,0,0.9579787401856714,58.34790173188821,missing
red3:lane1:snr8.0:seed4:frame17,8.0,17,cwz_joint,50,false,false,true,missing,false,true,gradient_only,8,467,0,2.627710105314926,39.41821284213758,missing
red3:lane1:snr8.0:seed4:frame18,8.0,18,cwz_joint,18,false,false,true,missing,false,true,gradient_only,8,292,0,3.0289964583853113,40.914629225473305,missing
red3:lane1:snr8.0:seed4:frame19,8.0,19,cwz_joint,61,false,false,true,missing,false,true,gradient_only,8,490,0,0.9543950954789334,58.79097443261379,missing
red3:lane1:snr8.0:seed4:frame20,8.0,20,cwz_joint,38,false,false,true,missing,false,true,gradient_only,8,395,0,2.7857037622215146,77.42616683336023,missing
red3:lane1:snr8.0:seed4:frame21,8.0,21,cwz_joint,15,false,false,true,missing,false,true,gradient_only,8,293,0,1.0135068386048873,25.448104673193548,missing
red3:lane1:snr8.0:seed4:frame22,8.0,22,cwz_joint,53,false,false,true,missing,false,true,gradient_only,8,470,0,1.6234282777555282,73.84133915497438,missing
red3:lane1:snr8.0:seed4:frame23,8.0,23,cwz_joint,13,false,false,true,missing,false,true,gradient_only,8,325,0,1.5467367598401183,44.025137932033616,missing
red3:lane1:snr8.0:seed4:frame24,8.0,24,cwz_joint,45,false,false,true,missing,false,true,gradient_only,8,390,0,2.1481328696603446,55.00571158401587,missing
red3:lane1:snr8.0:seed4:frame25,8.0,25,cwz_joint,11,false,false,true,missing,false,true,gradient_only,8,235,0,0.6275760404280888,31.287008299354866,missing
red3:lane1:snr8.0:seed4:frame26,8.0,26,cwz_joint,19,false,false,true,missing,false,true,gradient_only,8,335,0,0.9797911984889027,53.06581029690509,missing
red3:lane1:snr8.0:seed4:frame27,8.0,27,cwz_joint,40,false,false,true,missing,false,true,gradient_only,8,456,0,1.1697815979505746,41.94816818933718,missing
red3:lane1:snr8.0:seed4:frame28,8.0,28,cwz_joint,65,false,false,true,missing,false,true,gradient_only,8,480,0,1.1096498926851392,33.989912595545206,missing
red3:lane1:snr8.0:seed4:frame29,8.0,29,cwz_joint,36,false,false,true,missing,false,true,gradient_only,8,456,0,8.188294163285349,60.690970240921864,missing
red3:lane1:snr8.0:seed4:frame30,8.0,30,cwz_joint,116,false,false,true,missing,false,true,gradient_only,8,930,0,1.6402228100129124,154.7565053227135,missing
red3:lane1:snr8.0:seed4:frame31,8.0,31,cwz_joint,54,false,false,true,missing,false,true,gradient_only,8,448,0,0.9142336661816584,50.45210582644339,missing
red3:lane1:snr8.0:seed4:frame32,8.0,32,cwz_joint,102,false,false,true,missing,false,true,gradient_only,8,780,0,1.588206545648313,59.75080508592035,missing
red3:lane1:snr8.0:seed4:frame33,8.0,33,cwz_joint,41,false,false,true,missing,false,true,gradient_only,8,447,0,5.7299720315279,43.39214035345939,missing
red3:lane1:snr8.0:seed4:frame34,8.0,34,cwz_joint,2,false,false,true,missing,false,true,gradient_only,8,240,0,1.2262452475999361,39.97358660045392,missing
red3:lane1:snr8.0:seed4:frame35,8.0,35,cwz_joint,145,false,false,true,missing,false,true,gradient_only,8,1046,0,1.815073796674519,131.50224670620506,missing
red3:lane1:snr8.0:seed4:frame36,8.0,36,cwz_joint,67,false,false,true,missing,false,true,gradient_only,8,424,0,273.67785815198124,30.76054712433435,missing
red3:lane1:snr8.0:seed4:frame37,8.0,37,cwz_joint,12,false,false,true,missing,false,true,gradient_only,8,278,0,0.7300440284932378,25.741791477131695,missing
red3:lane1:snr8.0:seed4:frame38,8.0,38,cwz_joint,84,false,false,true,missing,false,true,gradient_only,8,584,0,2.1370135071028784,51.44820755198753,missing
red3:lane1:snr8.0:seed4:frame39,8.0,39,cwz_joint,18,false,false,true,missing,false,true,gradient_only,8,336,0,1.0022172251597383,41.66345663996711,missing
red3:lane1:snr8.0:seed4:frame40,8.0,40,cwz_joint,43,false,false,true,missing,false,true,gradient_only,8,404,0,1.126454426175135,57.71341044917928,missing
red3:lane1:snr8.0:seed4:frame41,8.0,41,cwz_joint,47,false,false,true,missing,false,true,gradient_only,8,432,0,4.543338702391288,63.66956264456148,missing
red3:lane1:snr8.0:seed4:frame42,8.0,42,cwz_joint,13,false,false,true,missing,false,true,gradient_only,8,331,0,1.4032495076367952,31.079669313496737,missing
red3:lane1:snr8.0:seed4:frame43,8.0,43,cwz_joint,339,false,false,true,missing,false,true,gradient_only,8,1507,0,2.6131266025595496,444.98570885887955,missing
red3:lane1:snr8.0:seed4:frame44,8.0,44,cwz_joint,3,false,false,true,missing,false,true,gradient_only,8,251,0,3.083696370711067,48.97318907744402,missing
red3:lane1:snr8.0:seed4:frame45,8.0,45,cwz_joint,22,false,false,true,missing,false,true,gradient_only,8,335,0,13.890866249439679,53.93728940992457,missing
red3:lane1:snr8.0:seed4:frame46,8.0,46,cwz_joint,23,false,false,true,missing,false,true,gradient_only,8,367,0,2.1126743483243176,54.4842452577814,missing
red3:lane1:snr8.0:seed4:frame47,8.0,47,cwz_joint,64,false,false,true,missing,false,true,gradient_only,8,590,0,3.040264419180143,71.42584908326802,missing
red3:lane1:snr8.0:seed4:frame48,8.0,48,cwz_joint,63,false,false,true,missing,false,true,gradient_only,8,525,0,2.6298791289151717,72.68869036421599,missing
red3:lane1:snr8.0:seed4:frame49,8.0,49,cwz_joint,58,false,false,true,missing,false,true,gradient_only,8,487,0,0.9138142311027168,41.456096907774054,missing
red3:lane1:snr8.0:seed4:frame50,8.0,50,cwz_joint,18,false,false,true,missing,false,true,gradient_only,8,303,0,1.5395352166836562,36.701729920932294,missing
red3:lane1:snr8.0:seed4:frame51,8.0,51,cwz_joint,20,false,false,true,missing,false,true,gradient_only,8,334,0,0.9374934140297,52.537055722593756,missing
red3:lane1:snr8.0:seed4:frame52,8.0,52,cwz_joint,25,false,false,true,missing,false,true,gradient_only,8,353,0,1.521852886325726,53.95760596698849,missing
red3:lane1:snr8.0:seed4:frame53,8.0,53,cwz_joint,53,false,false,true,missing,false,true,gradient_only,8,491,0,1.209078394730592,58.3153618520517,missing
red3:lane1:snr8.0:seed4:frame54,8.0,54,cwz_joint,18,false,false,true,missing,false,true,gradient_only,8,386,0,0.7550418056396404,88.79542016611997,missing
red3:lane1:snr8.0:seed4:frame55,8.0,55,cwz_joint,42,false,false,true,missing,false,true,gradient_only,8,427,0,2.532928631494816,65.48063271229522,missing
red3:lane1:snr8.0:seed4:frame56,8.0,56,cwz_joint,15,false,false,true,missing,false,true,gradient_only,8,322,0,2.039334904303319,49.94297753911926,missing
red3:lane1:snr8.0:seed4:frame57,8.0,57,cwz_joint,20,false,false,true,missing,false,true,gradient_only,8,327,0,1.0696923327383612,49.95472715168071,missing
red3:lane1:snr8.0:seed4:frame58,8.0,58,cwz_joint,44,false,false,true,missing,false,true,gradient_only,8,424,0,1.9684314787068213,43.155185363170474,missing
red3:lane1:snr8.0:seed4:frame59,8.0,59,cwz_joint,14,false,false,true,missing,false,true,gradient_only,8,286,0,1.9755712006977288,43.47845385528276,missing
red3:lane1:snr8.0:seed4:frame60,8.0,60,cwz_joint,75,false,false,true,missing,false,true,gradient_only,8,587,0,2.3244293883222804,114.94236379682353,missing
red3:lane1:snr8.0:seed4:frame1,8.0,1,profiled_cz,7,false,false,true,missing,false,true,gradient_only,1,297,0,0.8149379894142199,5.962669327994101,missing
red3:lane1:snr8.0:seed4:frame2,8.0,2,profiled_cz,20,false,false,false,missing,false,true,gradient_only,1,308,13,3.951446594973831,3.516474424202979,missing
red3:lane1:snr8.0:seed4:frame3,8.0,3,profiled_cz,59,false,false,false,missing,false,true,gradient_only,1,468,9,2.4978844530014035,7.9601015190307045,missing
red3:lane1:snr8.0:seed4:frame4,8.0,4,profiled_cz,44,false,false,false,missing,false,true,gradient_only,1,410,11,1.2103364560397971,33.37036008958414,missing
red3:lane1:snr8.0:seed4:frame5,8.0,5,profiled_cz,17,false,false,false,missing,false,true,gradient_only,7,287,7,1.3801323740248743,8.11825502007365,missing
red3:lane1:snr8.0:seed4:frame6,8.0,6,profiled_cz,20,false,false,false,missing,false,true,gradient_only,1,305,5,1.2065788884730158,3.6794929880587683,missing
red3:lane1:snr8.0:seed4:frame7,8.0,7,profiled_cz,9,false,false,true,missing,false,true,gradient_only,1,271,0,1.8244678549384983,5.591068607974244,missing
red3:lane1:snr8.0:seed4:frame8,8.0,8,profiled_cz,44,false,false,false,missing,false,true,gradient_only,1,415,11,1.641448196965359,7.639511169760985,missing
red3:lane1:snr8.0:seed4:frame9,8.0,9,profiled_cz,35,false,false,false,missing,false,true,gradient_only,5,451,12,2.6571429556012096,4.9927480010221155,missing
red3:lane1:snr8.0:seed4:frame10,8.0,10,profiled_cz,27,false,false,false,missing,false,true,gradient_only,1,416,17,1.4433322641048154,12.836490974266654,missing
red3:lane1:snr8.0:seed4:frame11,8.0,11,profiled_cz,39,false,false,true,missing,false,true,gradient_only,1,360,0,1.4825767505204428,6.924264472042737,missing
red3:lane1:snr8.0:seed4:frame12,8.0,12,profiled_cz,14,false,false,true,missing,false,true,gradient_only,1,264,0,1.3064486704500613,3.609018812432045,missing
red3:lane1:snr8.0:seed4:frame13,8.0,13,profiled_cz,13,false,false,true,missing,false,true,gradient_only,1,288,0,1.3103331132515657,4.056370851270452,missing
red3:lane1:snr8.0:seed4:frame14,8.0,14,profiled_cz,106,false,false,false,missing,false,true,gradient_only,1,650,33,0.9669901735141594,5.7637343440587685,missing
red3:lane1:snr8.0:seed4:frame15,8.0,15,profiled_cz,29,false,false,false,missing,false,true,gradient_only,1,397,23,0.8863463336918459,5.799329502429716,missing
red3:lane1:snr8.0:seed4:frame16,8.0,16,profiled_cz,49,false,false,true,missing,false,true,gradient_only,1,450,0,0.9579787401856714,5.718891539156956,missing
red3:lane1:snr8.0:seed4:frame17,8.0,17,profiled_cz,50,false,false,false,missing,false,true,gradient_only,1,467,9,2.627710105314926,4.800248964435657,missing
red3:lane1:snr8.0:seed4:frame18,8.0,18,profiled_cz,18,false,false,false,missing,false,true,gradient_only,1,292,5,3.0289964583853113,4.087522139985131,missing
red3:lane1:snr8.0:seed4:frame19,8.0,19,profiled_cz,61,false,false,false,missing,false,true,gradient_only,1,490,14,0.9543950954789334,6.388334426663995,missing
red3:lane1:snr8.0:seed4:frame20,8.0,20,profiled_cz,38,false,false,false,missing,false,true,gradient_only,1,395,9,2.7857037622215146,6.7272983080459285,missing
red3:lane1:snr8.0:seed4:frame21,8.0,21,profiled_cz,15,false,false,true,missing,false,true,gradient_only,1,293,0,1.0135068386048873,3.6209590383800982,missing
red3:lane1:snr8.0:seed4:frame22,8.0,22,profiled_cz,53,false,false,false,missing,false,true,gradient_only,1,470,8,1.6234282777555282,11.025223700209292,missing
red3:lane1:snr8.0:seed4:frame23,8.0,23,profiled_cz,13,false,false,false,missing,false,true,gradient_only,1,325,5,1.5467367598401183,4.763625514613558,missing
red3:lane1:snr8.0:seed4:frame24,8.0,24,profiled_cz,45,false,false,false,missing,false,true,gradient_only,1,390,23,2.1481328696603446,5.964267172946327,missing
red3:lane1:snr8.0:seed4:frame25,8.0,25,profiled_cz,11,false,false,true,missing,false,true,gradient_only,1,235,0,0.6275760404280888,2.7326776960436323,missing
red3:lane1:snr8.0:seed4:frame26,8.0,26,profiled_cz,19,false,false,false,missing,false,true,gradient_only,1,335,4,0.9797911984889027,5.810434246665825,missing
red3:lane1:snr8.0:seed4:frame27,8.0,27,profiled_cz,40,false,false,false,missing,false,true,gradient_only,1,456,5,1.1697815979505746,6.010030481506953,missing
red3:lane1:snr8.0:seed4:frame28,8.0,28,profiled_cz,65,false,false,false,missing,false,true,gradient_only,1,480,21,1.1096498926851392,4.6837738238782745,missing
red3:lane1:snr8.0:seed4:frame29,8.0,29,profiled_cz,36,false,false,false,missing,false,true,gradient_only,1,456,9,8.188294163285349,6.7354732669185715,missing
red3:lane1:snr8.0:seed4:frame30,8.0,30,profiled_cz,116,false,false,false,missing,false,true,gradient_only,1,930,53,1.6402228100129124,12.181008171477217,missing
red3:lane1:snr8.0:seed4:frame31,8.0,31,profiled_cz,53,false,false,false,missing,false,true,gradient_only,1,448,20,0.9142336661816584,5.156931987335811,missing
red3:lane1:snr8.0:seed4:frame32,8.0,32,profiled_cz,102,false,false,false,missing,false,true,gradient_only,1,780,37,1.588206545648313,11.424859533332453,missing
red3:lane1:snr8.0:seed4:frame33,8.0,33,profiled_cz,41,false,false,false,missing,false,true,gradient_only,1,447,15,5.7299720315279,4.343874818744003,missing
red3:lane1:snr8.0:seed4:frame34,8.0,34,profiled_cz,2,false,false,false,missing,false,true,gradient_only,1,240,5,1.2262452475999361,4.036036076594134,missing
red3:lane1:snr8.0:seed4:frame35,8.0,35,profiled_cz,145,false,false,false,missing,false,true,gradient_only,1,1046,38,1.815073796674519,13.94987814967948,missing
red3:lane1:snr8.0:seed4:frame36,8.0,36,profiled_cz,67,false,false,false,missing,false,true,gradient_only,1,424,13,273.67785815198124,5.490197647893327,missing
red3:lane1:snr8.0:seed4:frame37,8.0,37,profiled_cz,12,false,false,true,missing,false,true,gradient_only,1,278,0,0.7300440284932378,3.124673446432871,missing
red3:lane1:snr8.0:seed4:frame38,8.0,38,profiled_cz,85,false,false,false,missing,false,true,gradient_only,7,584,29,2.1370135071028784,8.245617728411965,missing
red3:lane1:snr8.0:seed4:frame39,8.0,39,profiled_cz,18,false,false,true,missing,false,true,gradient_only,1,336,0,1.0022172251597383,3.9145281073800122,missing
red3:lane1:snr8.0:seed4:frame40,8.0,40,profiled_cz,43,false,false,false,missing,false,true,gradient_only,1,404,10,1.126454426175135,6.547320555844761,missing
red3:lane1:snr8.0:seed4:frame41,8.0,41,profiled_cz,47,false,false,false,missing,false,true,gradient_only,1,432,12,4.543338702391288,6.929176291423633,missing
red3:lane1:snr8.0:seed4:frame42,8.0,42,profiled_cz,13,false,false,true,missing,false,true,gradient_only,1,331,0,1.4032495076367952,3.689175690240964,missing
red3:lane1:snr8.0:seed4:frame43,8.0,43,profiled_cz,339,false,false,false,missing,false,true,gradient_only,1,1507,53,2.6131266025595496,35.532366372904626,missing
red3:lane1:snr8.0:seed4:frame44,8.0,44,profiled_cz,3,false,false,false,missing,false,true,gradient_only,5,251,4,3.083696370711067,4.648093306564652,missing
red3:lane1:snr8.0:seed4:frame45,8.0,45,profiled_cz,22,false,false,true,missing,false,true,gradient_only,1,335,0,13.890866249439679,5.9170526789019275,missing
red3:lane1:snr8.0:seed4:frame46,8.0,46,profiled_cz,23,false,false,true,missing,false,true,gradient_only,1,367,0,2.1126743483243176,5.937966288861841,missing
red3:lane1:snr8.0:seed4:frame47,8.0,47,profiled_cz,64,false,false,false,missing,false,true,gradient_only,1,590,18,3.040264419180143,6.606936165202721,missing
red3:lane1:snr8.0:seed4:frame48,8.0,48,profiled_cz,63,false,false,false,missing,false,true,gradient_only,1,525,16,2.6298791289151717,7.266040869060459,missing
red3:lane1:snr8.0:seed4:frame49,8.0,49,profiled_cz,58,false,false,false,missing,false,true,gradient_only,1,487,5,0.9138142311027168,4.287528638958974,missing
red3:lane1:snr8.0:seed4:frame50,8.0,50,profiled_cz,18,false,false,false,missing,false,true,gradient_only,1,303,3,1.5395352166836562,4.311170540127706,missing
red3:lane1:snr8.0:seed4:frame51,8.0,51,profiled_cz,20,false,false,true,missing,false,true,gradient_only,1,334,0,0.9374934140297,5.372504600203374,missing
red3:lane1:snr8.0:seed4:frame52,8.0,52,profiled_cz,25,false,false,false,missing,false,true,gradient_only,1,353,16,1.521852886325726,4.426294354506691,missing
red3:lane1:snr8.0:seed4:frame53,8.0,53,profiled_cz,53,false,false,false,missing,false,true,gradient_only,1,491,5,1.209078394730592,9.799743867641867,missing
red3:lane1:snr8.0:seed4:frame54,8.0,54,profiled_cz,18,false,false,false,missing,false,true,gradient_only,1,386,7,0.7550418056396404,13.812912053385851,missing
red3:lane1:snr8.0:seed4:frame55,8.0,55,profiled_cz,42,false,false,false,missing,false,true,gradient_only,1,427,24,2.532928631494816,6.99020564955944,missing
red3:lane1:snr8.0:seed4:frame56,8.0,56,profiled_cz,15,false,false,true,missing,false,true,gradient_only,1,322,0,2.039334904303319,4.957589149464722,missing
red3:lane1:snr8.0:seed4:frame57,8.0,57,profiled_cz,20,false,false,false,missing,false,true,gradient_only,1,327,4,1.0696923327383612,5.883075763777971,missing
red3:lane1:snr8.0:seed4:frame58,8.0,58,profiled_cz,44,false,false,false,missing,false,true,gradient_only,1,424,16,1.9684314787068213,4.0486949550326035,missing
red3:lane1:snr8.0:seed4:frame59,8.0,59,profiled_cz,14,false,false,true,missing,false,true,gradient_only,1,286,0,1.9755712006977288,4.9719631025740005,missing
red3:lane1:snr8.0:seed4:frame60,8.0,60,profiled_cz,75,false,false,false,missing,false,true,gradient_only,1,587,30,2.3244293883222804,10.563277154906588,missing
red3:lane1:snr10.0:seed4:frame1,10.0,1,cwz_joint,0,true,false,true,missing,false,true,gradient_only,8,235,0,0.9242184636702622,56.83363507617795,missing
red3:lane1:snr10.0:seed4:frame2,10.0,2,cwz_joint,4,false,false,true,missing,false,true,gradient_only,8,196,0,1.0765843318680761,35.91880569227429,missing
red3:lane1:snr10.0:seed4:frame3,10.0,3,cwz_joint,30,false,false,true,missing,false,true,gradient_only,8,353,0,1.0358046110196277,65.12391482226357,missing
red3:lane1:snr10.0:seed4:frame4,10.0,4,cwz_joint,17,false,false,true,missing,false,true,gradient_only,8,312,0,0.8603987781087749,177.01537382805253,missing
red3:lane1:snr10.0:seed4:frame5,10.0,5,cwz_joint,3,false,false,true,missing,false,true,gradient_only,8,248,0,0.8498511013884964,48.80499920318316,missing
red3:lane1:snr10.0:seed4:frame6,10.0,6,cwz_joint,4,false,false,true,missing,false,true,gradient_only,8,268,0,0.6988405150135596,38.58567571506023,missing
red3:lane1:snr10.0:seed4:frame7,10.0,7,cwz_joint,0,true,false,true,missing,false,true,gradient_only,8,200,0,0.8474674850445072,30.53551462649593,missing
red3:lane1:snr10.0:seed4:frame8,10.0,8,cwz_joint,19,false,false,true,missing,false,true,gradient_only,8,306,0,1.1625384461808201,65.8345188989638,missing
red3:lane1:snr10.0:seed4:frame9,10.0,9,cwz_joint,22,false,false,true,missing,false,true,gradient_only,8,349,0,1.7637402454372295,47.195147793355275,missing
red3:lane1:snr10.0:seed4:frame10,10.0,10,cwz_joint,14,false,false,true,missing,false,true,gradient_only,8,288,0,2.746257754934256,89.81645784201086,missing
red3:lane1:snr10.0:seed4:frame11,10.0,11,cwz_joint,8,false,false,true,missing,false,true,gradient_only,8,272,0,1.4917478862815519,64.75386249712719,missing
red3:lane1:snr10.0:seed4:frame12,10.0,12,cwz_joint,5,false,false,true,missing,false,true,gradient_only,8,210,0,1.0127816840896398,36.647766966801775,missing
red3:lane1:snr10.0:seed4:frame13,10.0,13,cwz_joint,4,false,false,true,missing,false,true,gradient_only,8,232,0,49.82925956726508,50.2647869380449,missing
red3:lane1:snr10.0:seed4:frame14,10.0,14,cwz_joint,40,false,false,true,missing,false,true,gradient_only,8,385,0,1.1404188040621286,37.872092795629605,missing
red3:lane1:snr10.0:seed4:frame15,10.0,15,cwz_joint,7,false,false,true,missing,false,true,gradient_only,8,288,0,0.7552405132570655,48.15108890449828,missing
red3:lane1:snr10.0:seed4:frame16,10.0,16,cwz_joint,19,false,false,true,missing,false,true,gradient_only,8,360,0,1.1494165853107876,49.59409509216789,missing
red3:lane1:snr10.0:seed4:frame17,10.0,17,cwz_joint,17,false,false,true,missing,false,true,gradient_only,8,325,0,1.3838922933384346,38.231500073855486,missing
red3:lane1:snr10.0:seed4:frame18,10.0,18,cwz_joint,9,false,false,true,missing,false,true,gradient_only,8,220,0,1.5995553995552327,34.94741847681319,missing
red3:lane1:snr10.0:seed4:frame19,10.0,19,cwz_joint,24,false,false,true,missing,false,true,gradient_only,8,318,0,0.7810797323784145,50.09671681138238,missing
red3:lane1:snr10.0:seed4:frame20,10.0,20,cwz_joint,16,false,false,true,missing,false,true,gradient_only,8,291,0,1.3297521250702755,65.65317822505621,missing
red3:lane1:snr10.0:seed4:frame21,10.0,21,cwz_joint,6,false,false,true,missing,false,true,gradient_only,8,244,0,1.2110823956375851,23.820101880948524,missing
red3:lane1:snr10.0:seed4:frame22,10.0,22,cwz_joint,27,false,false,true,missing,false,true,gradient_only,8,399,0,0.8903448449739747,60.53344169639635,missing
red3:lane1:snr10.0:seed4:frame23,10.0,23,cwz_joint,6,false,false,true,missing,false,true,gradient_only,8,253,0,0.7855150561111998,39.60574290212788,missing
red3:lane1:snr10.0:seed4:frame24,10.0,24,cwz_joint,12,false,false,true,missing,false,true,gradient_only,8,253,0,1.323407411697064,47.48862561830404,missing
red3:lane1:snr10.0:seed4:frame25,10.0,25,cwz_joint,5,false,false,true,missing,false,true,gradient_only,8,162,0,1.110976881115107,29.067047240277486,missing
red3:lane1:snr10.0:seed4:frame26,10.0,26,cwz_joint,9,false,false,true,missing,false,true,gradient_only,8,273,0,0.8522940506004971,48.63313175081579,missing
red3:lane1:snr10.0:seed4:frame27,10.0,27,cwz_joint,12,false,false,true,missing,false,true,gradient_only,8,289,0,1.2463988567766804,41.17719818886066,missing
red3:lane1:snr10.0:seed4:frame28,10.0,28,cwz_joint,22,false,false,true,missing,false,true,gradient_only,8,342,0,0.9116381166657757,34.86486754975409,missing
red3:lane1:snr10.0:seed4:frame29,10.0,29,cwz_joint,20,false,false,true,missing,false,true,gradient_only,8,362,0,2.0428860394047446,52.821649777474285,missing
red3:lane1:snr10.0:seed4:frame30,10.0,30,cwz_joint,52,false,false,true,missing,false,true,gradient_only,8,556,0,2.209229219393518,118.44661460757304,missing
red3:lane1:snr10.0:seed4:frame31,10.0,31,cwz_joint,23,false,false,true,missing,false,true,gradient_only,8,313,0,0.9241846326524626,43.10505428694388,missing
red3:lane1:snr10.0:seed4:frame32,10.0,32,cwz_joint,79,false,false,true,missing,false,true,gradient_only,8,501,0,1.0095465017868686,57.524019321162314,missing
red3:lane1:snr10.0:seed4:frame33,10.0,33,cwz_joint,14,false,false,true,missing,false,true,gradient_only,8,331,0,3.591797146813292,37.058213520956535,missing
red3:lane1:snr10.0:seed4:frame34,10.0,34,cwz_joint,1,false,false,true,missing,false,true,gradient_only,8,179,0,3.829665936688842,33.22319613598439,missing
red3:lane1:snr10.0:seed4:frame35,10.0,35,cwz_joint,129,false,false,true,missing,false,true,gradient_only,8,928,0,2.292712954828294,102.0819485542747,missing
red3:lane1:snr10.0:seed4:frame36,10.0,36,cwz_joint,27,false,false,true,missing,false,true,gradient_only,8,326,0,0.8533502154233672,29.840176935398336,missing
red3:lane1:snr10.0:seed4:frame37,10.0,37,cwz_joint,4,false,false,true,missing,false,true,gradient_only,8,254,0,0.5822168306637049,23.323481403869796,missing
red3:lane1:snr10.0:seed4:frame38,10.0,38,cwz_joint,29,false,false,true,missing,false,true,gradient_only,8,406,0,4.173066225597698,42.71756368303214,missing
red3:lane1:snr10.0:seed4:frame39,10.0,39,cwz_joint,10,false,false,true,missing,false,true,gradient_only,8,283,0,3.243127059314754,39.80616436252184,missing
red3:lane1:snr10.0:seed4:frame40,10.0,40,cwz_joint,14,false,false,true,missing,false,true,gradient_only,8,321,0,0.7454762377363126,52.07657424277461,missing
red3:lane1:snr10.0:seed4:frame41,10.0,41,cwz_joint,17,false,false,true,missing,false,true,gradient_only,8,319,0,0.9203965953654354,49.61350238631662,missing
red3:lane1:snr10.0:seed4:frame42,10.0,42,cwz_joint,4,false,false,true,missing,false,true,gradient_only,8,251,0,1.129738347190301,26.610524842698517,missing
red3:lane1:snr10.0:seed4:frame43,10.0,43,cwz_joint,350,false,false,true,missing,false,true,gradient_only,8,1698,0,1.6506812655311123,327.85973019842584,missing
red3:lane1:snr10.0:seed4:frame44,10.0,44,cwz_joint,1,false,false,true,missing,false,true,gradient_only,8,192,0,2.5399852512936403,43.52825290768768,missing
red3:lane1:snr10.0:seed4:frame45,10.0,45,cwz_joint,7,false,false,true,missing,false,true,gradient_only,8,254,0,0.8608550376577963,47.863147253842506,missing
red3:lane1:snr10.0:seed4:frame46,10.0,46,cwz_joint,9,false,false,true,missing,false,true,gradient_only,8,339,0,1.041178888621908,38.36590598514199,missing
red3:lane1:snr10.0:seed4:frame47,10.0,47,cwz_joint,30,false,false,true,missing,false,true,gradient_only,8,429,0,1.6295983533485154,58.89218219074242,missing
red3:lane1:snr10.0:seed4:frame48,10.0,48,cwz_joint,17,false,false,true,missing,false,true,gradient_only,8,388,0,1.5425795314088595,60.81604928783018,missing
red3:lane1:snr10.0:seed4:frame49,10.0,49,cwz_joint,18,false,false,true,missing,false,true,gradient_only,8,292,0,1.7365138294447287,37.06512195788223,missing
red3:lane1:snr10.0:seed4:frame50,10.0,50,cwz_joint,4,false,false,true,missing,false,true,gradient_only,8,236,0,0.9641693102181059,32.294273247291386,missing
red3:lane1:snr10.0:seed4:frame51,10.0,51,cwz_joint,7,false,false,true,missing,false,true,gradient_only,8,277,0,0.9411128506068396,47.03948600454014,missing
red3:lane1:snr10.0:seed4:frame52,10.0,52,cwz_joint,8,false,false,true,missing,false,true,gradient_only,8,254,0,1.0753078768130893,45.06363785671057,missing
red3:lane1:snr10.0:seed4:frame53,10.0,53,cwz_joint,26,false,false,true,missing,false,true,gradient_only,8,370,0,0.7336223212341844,52.00052904871774,missing
red3:lane1:snr10.0:seed4:frame54,10.0,54,cwz_joint,12,false,false,true,missing,false,true,gradient_only,8,339,0,1.1821568028714764,73.28633528747103,missing
red3:lane1:snr10.0:seed4:frame55,10.0,55,cwz_joint,18,false,false,true,missing,false,true,gradient_only,8,302,0,1.1125023975866104,55.615464247998254,missing
red3:lane1:snr10.0:seed4:frame56,10.0,56,cwz_joint,6,false,false,true,missing,false,true,gradient_only,8,246,0,0.7102526519731747,44.84272073383861,missing
red3:lane1:snr10.0:seed4:frame57,10.0,57,cwz_joint,8,false,false,true,missing,false,true,gradient_only,8,301,0,0.8284572430255186,46.72029513723735,missing
red3:lane1:snr10.0:seed4:frame58,10.0,58,cwz_joint,17,false,false,true,missing,false,true,gradient_only,8,352,0,0.9598189576523671,37.55431789030511,missing
red3:lane1:snr10.0:seed4:frame59,10.0,59,cwz_joint,10,false,false,true,missing,false,true,gradient_only,8,238,0,0.9517327068942338,34.281141604210106,missing
red3:lane1:snr10.0:seed4:frame60,10.0,60,cwz_joint,59,false,false,true,missing,false,true,gradient_only,8,558,0,1.3846464597631798,87.35175050567258,missing
red3:lane1:snr10.0:seed4:frame1,10.0,1,profiled_cz,0,true,false,true,missing,false,true,gradient_only,1,235,0,0.9242184636702622,4.551865482921364,missing
red3:lane1:snr10.0:seed4:frame2,10.0,2,profiled_cz,4,false,false,false,missing,false,true,gradient_only,1,196,4,1.0765843318680761,2.8122723253267172,missing
red3:lane1:snr10.0:seed4:frame3,10.0,3,profiled_cz,30,false,false,false,missing,false,true,gradient_only,1,353,9,1.0358046110196277,6.31119077478,missing
red3:lane1:snr10.0:seed4:frame4,10.0,4,profiled_cz,17,false,false,false,missing,false,true,gradient_only,1,312,4,0.8603987781087749,23.363177099552132,missing
red3:lane1:snr10.0:seed4:frame5,10.0,5,profiled_cz,4,false,false,false,missing,false,true,gradient_only,1,248,14,0.8498511013884964,5.826406725340504,missing
red3:lane1:snr10.0:seed4:frame6,10.0,6,profiled_cz,4,false,false,false,missing,false,true,gradient_only,1,268,10,0.6988405150135596,2.9730348353701865,missing
red3:lane1:snr10.0:seed4:frame7,10.0,7,profiled_cz,0,true,false,true,missing,false,true,gradient_only,1,200,0,0.8474674850445072,5.562613118785123,missing
red3:lane1:snr10.0:seed4:frame8,10.0,8,profiled_cz,19,false,false,true,missing,false,true,gradient_only,1,306,0,1.1625384461808201,7.240277945667497,missing
red3:lane1:snr10.0:seed4:frame9,10.0,9,profiled_cz,22,false,false,false,missing,false,true,gradient_only,1,349,8,1.7637402454372295,3.7922212297015103,missing
red3:lane1:snr10.0:seed4:frame10,10.0,10,profiled_cz,14,false,false,false,missing,false,true,gradient_only,1,288,8,2.746257754934256,13.158178099045722,missing
red3:lane1:snr10.0:seed4:frame11,10.0,11,profiled_cz,8,false,false,true,missing,false,true,gradient_only,1,272,0,1.4917478862815519,5.64152221866006,missing
red3:lane1:snr10.0:seed4:frame12,10.0,12,profiled_cz,5,false,false,true,missing,false,true,gradient_only,1,210,0,1.0127816840896398,3.321221837536556,missing
red3:lane1:snr10.0:seed4:frame13,10.0,13,profiled_cz,4,false,false,true,missing,false,true,gradient_only,1,232,0,49.82925956726508,4.113885963269461,missing
red3:lane1:snr10.0:seed4:frame14,10.0,14,profiled_cz,40,false,false,true,missing,false,true,gradient_only,1,385,0,1.1404188040621286,4.8773740686034,missing
red3:lane1:snr10.0:seed4:frame15,10.0,15,profiled_cz,7,false,false,true,missing,false,true,gradient_only,1,288,0,0.7552405132570655,4.451241007404937,missing
red3:lane1:snr10.0:seed4:frame16,10.0,16,profiled_cz,19,false,false,false,missing,false,true,gradient_only,1,360,12,1.1494165853107876,6.242134768028886,missing
red3:lane1:snr10.0:seed4:frame17,10.0,17,profiled_cz,17,false,false,true,missing,false,true,gradient_only,1,325,0,1.3838922933384346,4.440258592857896,missing
red3:lane1:snr10.0:seed4:frame18,10.0,18,profiled_cz,9,false,false,true,missing,false,true,gradient_only,1,220,0,1.5995553995552327,3.122907038857205,missing
red3:lane1:snr10.0:seed4:frame19,10.0,19,profiled_cz,24,false,false,true,missing,false,true,gradient_only,1,318,0,0.7810797323784145,5.3449803184839695,missing
red3:lane1:snr10.0:seed4:frame20,10.0,20,profiled_cz,16,false,false,true,missing,false,true,gradient_only,1,291,0,1.3297521250702755,5.532383438348876,missing
red3:lane1:snr10.0:seed4:frame21,10.0,21,profiled_cz,6,false,false,false,missing,false,true,gradient_only,1,244,4,1.2110823956375851,3.092821117399098,missing
red3:lane1:snr10.0:seed4:frame22,10.0,22,profiled_cz,27,false,false,false,missing,false,true,gradient_only,1,399,5,0.8903448449739747,8.232842062772741,missing
red3:lane1:snr10.0:seed4:frame23,10.0,23,profiled_cz,6,false,false,true,missing,false,true,gradient_only,1,253,0,0.7855150561111998,3.959339717146463,missing
red3:lane1:snr10.0:seed4:frame24,10.0,24,profiled_cz,12,false,false,false,missing,false,true,gradient_only,1,253,4,1.323407411697064,4.271976102192717,missing
red3:lane1:snr10.0:seed4:frame25,10.0,25,profiled_cz,5,false,false,false,missing,false,true,gradient_only,1,162,4,1.110976881115107,2.4785244244562485,missing
red3:lane1:snr10.0:seed4:frame26,10.0,26,profiled_cz,9,false,false,false,missing,false,true,gradient_only,1,273,5,0.8522940506004971,8.287617092814813,missing
red3:lane1:snr10.0:seed4:frame27,10.0,27,profiled_cz,12,false,false,true,missing,false,true,gradient_only,1,289,0,1.2463988567766804,5.144851472620446,missing
red3:lane1:snr10.0:seed4:frame28,10.0,28,profiled_cz,22,false,false,false,missing,false,true,gradient_only,2,342,9,0.9116381166657757,4.001254712366269,missing
red3:lane1:snr10.0:seed4:frame29,10.0,29,profiled_cz,20,false,false,true,missing,false,true,gradient_only,1,362,0,2.0428860394047446,5.335229593746816,missing
red3:lane1:snr10.0:seed4:frame30,10.0,30,profiled_cz,52,false,false,false,missing,false,true,gradient_only,1,556,5,2.209229219393518,8.883068614574851,missing
red3:lane1:snr10.0:seed4:frame31,10.0,31,profiled_cz,23,false,false,false,missing,false,true,gradient_only,1,313,5,0.9241846326524626,4.004547918639657,missing
red3:lane1:snr10.0:seed4:frame32,10.0,32,profiled_cz,80,false,false,false,missing,false,true,gradient_only,1,501,15,1.0095465017868686,9.658384825439397,missing
red3:lane1:snr10.0:seed4:frame33,10.0,33,profiled_cz,14,false,false,false,missing,false,true,gradient_only,1,331,7,3.591797146813292,3.5437553140613676,missing
red3:lane1:snr10.0:seed4:frame34,10.0,34,profiled_cz,1,false,false,true,missing,false,true,gradient_only,1,179,0,3.829665936688842,3.621191287848303,missing
red3:lane1:snr10.0:seed4:frame35,10.0,35,profiled_cz,130,false,false,false,missing,false,true,gradient_only,1,928,44,2.292712954828294,10.993472733773983,missing
red3:lane1:snr10.0:seed4:frame36,10.0,36,profiled_cz,27,false,false,false,missing,false,true,gradient_only,1,326,5,0.8533502154233672,6.100744787861413,missing
red3:lane1:snr10.0:seed4:frame37,10.0,37,profiled_cz,4,false,false,false,missing,false,true,gradient_only,1,254,6,0.5822168306637049,2.6416089599527237,missing
red3:lane1:snr10.0:seed4:frame38,10.0,38,profiled_cz,29,false,false,false,missing,false,true,gradient_only,1,406,9,4.173066225597698,5.5719985621125,missing
red3:lane1:snr10.0:seed4:frame39,10.0,39,profiled_cz,10,false,false,true,missing,false,true,gradient_only,1,283,0,3.243127059314754,3.8499010450715168,missing
red3:lane1:snr10.0:seed4:frame40,10.0,40,profiled_cz,14,false,false,true,missing,false,true,gradient_only,1,321,0,0.7454762377363126,5.511705015686456,missing
red3:lane1:snr10.0:seed4:frame41,10.0,41,profiled_cz,17,false,false,false,missing,false,true,gradient_only,1,319,11,0.9203965953654354,4.8928786393968515,missing
red3:lane1:snr10.0:seed4:frame42,10.0,42,profiled_cz,4,false,false,true,missing,false,true,gradient_only,1,251,0,1.129738347190301,3.0125142845720863,missing
red3:lane1:snr10.0:seed4:frame43,10.0,43,profiled_cz,350,false,false,false,missing,false,true,gradient_only,1,1698,151,1.6506812655311123,25.130180932218853,missing
red3:lane1:snr10.0:seed4:frame44,10.0,44,profiled_cz,1,false,false,true,missing,false,true,gradient_only,1,192,0,2.5399852512936403,3.8481325796206205,missing
red3:lane1:snr10.0:seed4:frame45,10.0,45,profiled_cz,7,false,false,true,missing,false,true,gradient_only,1,254,0,0.8608550376577963,3.859287402579899,missing
red3:lane1:snr10.0:seed4:frame46,10.0,46,profiled_cz,9,false,false,false,missing,false,true,gradient_only,1,339,15,1.041178888621908,4.783399289464185,missing
red3:lane1:snr10.0:seed4:frame47,10.0,47,profiled_cz,30,false,false,true,missing,false,true,gradient_only,1,429,0,1.6295983533485154,5.549464175308491,missing
red3:lane1:snr10.0:seed4:frame48,10.0,48,profiled_cz,17,false,false,false,missing,false,true,gradient_only,1,388,9,1.5425795314088595,5.988008011634598,missing
red3:lane1:snr10.0:seed4:frame49,10.0,49,profiled_cz,18,false,false,false,missing,false,true,gradient_only,1,292,7,1.7365138294447287,3.9540365946265075,missing
red3:lane1:snr10.0:seed4:frame50,10.0,50,profiled_cz,4,false,false,true,missing,false,true,gradient_only,1,236,0,0.9641693102181059,3.4095692105351083,missing
red3:lane1:snr10.0:seed4:frame51,10.0,51,profiled_cz,7,false,false,false,missing,false,true,gradient_only,1,277,8,0.9411128506068396,4.136826886027484,missing
red3:lane1:snr10.0:seed4:frame52,10.0,52,profiled_cz,8,false,false,false,missing,false,true,gradient_only,1,254,5,1.0753078768130893,3.274535480362848,missing
red3:lane1:snr10.0:seed4:frame53,10.0,53,profiled_cz,26,false,false,false,missing,false,true,gradient_only,1,370,7,0.7336223212341844,7.063336570208832,missing
red3:lane1:snr10.0:seed4:frame54,10.0,54,profiled_cz,12,false,false,true,missing,false,true,gradient_only,1,339,0,1.1821568028714764,11.519850319763817,missing
red3:lane1:snr10.0:seed4:frame55,10.0,55,profiled_cz,18,false,false,true,missing,false,true,gradient_only,1,302,0,1.1125023975866104,5.5908042410440055,missing
red3:lane1:snr10.0:seed4:frame56,10.0,56,profiled_cz,6,false,false,true,missing,false,true,gradient_only,1,246,0,0.7102526519731747,4.5010181241476515,missing
red3:lane1:snr10.0:seed4:frame57,10.0,57,profiled_cz,8,false,false,false,missing,false,true,gradient_only,1,301,3,0.8284572430255186,5.097668942752371,missing
red3:lane1:snr10.0:seed4:frame58,10.0,58,profiled_cz,17,false,false,true,missing,false,true,gradient_only,1,352,0,0.9598189576523671,3.1732364947335547,missing
red3:lane1:snr10.0:seed4:frame59,10.0,59,profiled_cz,10,false,false,true,missing,false,true,gradient_only,1,238,0,0.9517327068942338,3.716867979082786,missing
red3:lane1:snr10.0:seed4:frame60,10.0,60,profiled_cz,59,false,false,false,missing,false,true,gradient_only,1,558,9,1.3846464597631798,6.985668946566958,missing
red3:lane1:snr12.0:seed4:frame1,12.0,1,cwz_joint,0,true,false,true,missing,false,true,gradient_only,8,184,0,0.5431767640058924,51.088619538725595,missing
red3:lane1:snr12.0:seed4:frame2,12.0,2,cwz_joint,2,false,false,true,missing,false,true,gradient_only,8,152,0,0.9235250481215196,34.79938920177614,missing
red3:lane1:snr12.0:seed4:frame3,12.0,3,cwz_joint,11,false,false,true,missing,false,true,gradient_only,8,260,0,0.809241186024199,57.484728044215956,missing
red3:lane1:snr12.0:seed4:frame4,12.0,4,cwz_joint,10,false,false,true,missing,false,true,gradient_only,8,262,0,0.788000984063496,148.94262855815495,missing
red3:lane1:snr12.0:seed4:frame5,12.0,5,cwz_joint,2,false,false,true,missing,false,true,gradient_only,8,178,0,0.765317424730083,43.91632273253175,missing
red3:lane1:snr12.0:seed4:frame6,12.0,6,cwz_joint,3,false,false,true,missing,false,true,gradient_only,8,211,0,0.4948666997006841,34.3046128683965,missing
red3:lane1:snr12.0:seed4:frame7,12.0,7,cwz_joint,0,true,false,true,missing,false,true,gradient_only,8,173,0,1.5324713536662153,26.024173942754434,missing
red3:lane1:snr12.0:seed4:frame8,12.0,8,cwz_joint,9,false,false,true,missing,false,true,gradient_only,8,257,0,1.1523416259272896,59.09252220301303,missing
red3:lane1:snr12.0:seed4:frame9,12.0,9,cwz_joint,2,false,false,true,missing,false,true,gradient_only,8,231,0,1.0394011498027347,41.964118384100715,missing
red3:lane1:snr12.0:seed4:frame10,12.0,10,cwz_joint,4,false,false,true,missing,false,true,gradient_only,8,231,0,1.9171160035921675,68.43974710524104,missing
red3:lane1:snr12.0:seed4:frame11,12.0,11,cwz_joint,1,false,false,true,missing,false,true,gradient_only,8,205,0,0.7341584207547762,53.52268746913361,missing
red3:lane1:snr12.0:seed4:frame12,12.0,12,cwz_joint,3,false,false,true,missing,false,true,gradient_only,8,179,0,0.7763511187777477,35.18016014474513,missing
red3:lane1:snr12.0:seed4:frame13,12.0,13,cwz_joint,4,false,false,true,missing,false,true,gradient_only,8,196,0,0.8202532568411539,45.74358573587053,missing
red3:lane1:snr12.0:seed4:frame14,12.0,14,cwz_joint,12,false,false,true,missing,false,true,gradient_only,8,267,0,0.9165475608172198,34.6469431992258,missing
red3:lane1:snr12.0:seed4:frame15,12.0,15,cwz_joint,4,false,false,true,missing,false,true,gradient_only,8,217,0,1.0061575630628818,41.52749943903122,missing
red3:lane1:snr12.0:seed4:frame16,12.0,16,cwz_joint,6,false,false,true,missing,false,true,gradient_only,8,302,0,0.9939953482278452,43.75388027739808,missing
red3:lane1:snr12.0:seed4:frame17,12.0,17,cwz_joint,12,false,false,true,missing,false,true,gradient_only,8,268,0,5.826816629884815,37.000597654492715,missing
red3:lane1:snr12.0:seed4:frame18,12.0,18,cwz_joint,4,false,false,true,missing,false,true,gradient_only,8,182,0,1.480582872798498,31.0349228558347,missing
red3:lane1:snr12.0:seed4:frame19,12.0,19,cwz_joint,6,false,false,true,missing,false,true,gradient_only,8,244,0,1.7327231112515538,43.904587906685535,missing
red3:lane1:snr12.0:seed4:frame20,12.0,20,cwz_joint,6,false,false,true,missing,false,true,gradient_only,8,272,0,1.6809597277240413,57.63755846029355,missing
red3:lane1:snr12.0:seed4:frame21,12.0,21,cwz_joint,0,true,false,true,missing,false,true,gradient_only,8,182,0,0.712019537047544,22.66050971598136,missing
red3:lane1:snr12.0:seed4:frame22,12.0,22,cwz_joint,11,false,false,true,missing,false,true,gradient_only,8,299,0,0.8202556755922584,49.91766322074519,missing
red3:lane1:snr12.0:seed4:frame23,12.0,23,cwz_joint,2,false,false,true,missing,false,true,gradient_only,8,190,0,0.9658333099347002,36.728015579375445,missing
red3:lane1:snr12.0:seed4:frame24,12.0,24,cwz_joint,2,false,false,true,missing,false,true,gradient_only,8,185,0,0.5823268223555605,42.05080361736587,missing
red3:lane1:snr12.0:seed4:frame25,12.0,25,cwz_joint,1,false,false,true,missing,false,true,gradient_only,8,123,0,0.5361904381916517,27.611136491543398,missing
red3:lane1:snr12.0:seed4:frame26,12.0,26,cwz_joint,1,false,false,true,missing,false,true,gradient_only,8,225,0,0.5627011924292501,45.11066035995485,missing
red3:lane1:snr12.0:seed4:frame27,12.0,27,cwz_joint,5,false,false,true,missing,false,true,gradient_only,8,235,0,0.7581979809683029,39.24614571217392,missing
red3:lane1:snr12.0:seed4:frame28,12.0,28,cwz_joint,9,false,false,true,missing,false,true,gradient_only,8,272,0,1.0229760883637693,34.82642790043655,missing
red3:lane1:snr12.0:seed4:frame29,12.0,29,cwz_joint,6,false,false,true,missing,false,true,gradient_only,8,283,0,0.8658376610953661,46.76089463410718,missing
red3:lane1:snr12.0:seed4:frame30,12.0,30,cwz_joint,39,false,false,true,missing,false,true,gradient_only,8,396,0,2.21035955989879,90.65588986356128,missing
red3:lane1:snr12.0:seed4:frame31,12.0,31,cwz_joint,9,false,false,true,missing,false,true,gradient_only,8,242,0,0.82476241760841,38.087001141076264,missing
red3:lane1:snr12.0:seed4:frame32,12.0,32,cwz_joint,18,false,false,true,missing,false,true,gradient_only,8,363,0,1.1283601946747561,52.21757103121402,missing
red3:lane1:snr12.0:seed4:frame33,12.0,33,cwz_joint,5,false,false,true,missing,false,true,gradient_only,8,243,0,0.8521996876480863,32.82718692567776,missing
red3:lane1:snr12.0:seed4:frame34,12.0,34,cwz_joint,1,false,false,true,missing,false,true,gradient_only,8,149,0,0.6057858641919142,28.547144917779992,missing
red3:lane1:snr12.0:seed4:frame35,12.0,35,cwz_joint,74,false,false,true,missing,false,true,gradient_only,8,525,0,1.3164508427808521,80.2190456384965,missing
red3:lane1:snr12.0:seed4:frame36,12.0,36,cwz_joint,9,false,false,true,missing,false,true,gradient_only,8,274,0,0.9767732690538926,29.045840361544663,missing
red3:lane1:snr12.0:seed4:frame37,12.0,37,cwz_joint,1,false,false,true,missing,false,true,gradient_only,8,204,0,0.4631749842071133,21.694629269932843,missing
red3:lane1:snr12.0:seed4:frame38,12.0,38,cwz_joint,6,false,false,true,missing,false,true,gradient_only,8,329,0,0.6827001307170669,36.78183507245476,missing
red3:lane1:snr12.0:seed4:frame39,12.0,39,cwz_joint,5,false,false,true,missing,false,true,gradient_only,8,224,0,0.7100842692594361,38.52193721123687,missing
red3:lane1:snr12.0:seed4:frame40,12.0,40,cwz_joint,2,false,false,true,missing,false,true,gradient_only,8,238,0,0.9500225975402042,47.72023542061284,missing
red3:lane1:snr12.0:seed4:frame41,12.0,41,cwz_joint,10,false,false,true,missing,false,true,gradient_only,8,258,0,0.6545604664311443,39.35262039369711,missing
red3:lane1:snr12.0:seed4:frame42,12.0,42,cwz_joint,1,false,false,true,missing,false,true,gradient_only,8,188,0,0.6605614083914764,23.432230935017596,missing
red3:lane1:snr12.0:seed4:frame43,12.0,43,cwz_joint,337,false,false,true,missing,false,true,gradient_only,8,1788,0,2.2035430777535185,243.25891955779198,missing
red3:lane1:snr12.0:seed4:frame44,12.0,44,cwz_joint,0,true,false,true,missing,false,true,gradient_only,8,150,0,3.163746794328231,39.67096577852163,missing
red3:lane1:snr12.0:seed4:frame45,12.0,45,cwz_joint,3,false,false,true,missing,false,true,gradient_only,8,199,0,1.3467157796175155,43.626055944398054,missing
red3:lane1:snr12.0:seed4:frame46,12.0,46,cwz_joint,3,false,false,true,missing,false,true,gradient_only,8,253,0,1.0269708462403908,33.11363758917663,missing
red3:lane1:snr12.0:seed4:frame47,12.0,47,cwz_joint,9,false,false,true,missing,false,true,gradient_only,8,316,0,1.1662090431650032,49.01540842078636,missing
red3:lane1:snr12.0:seed4:frame48,12.0,48,cwz_joint,7,false,false,true,missing,false,true,gradient_only,8,294,0,1.5080222429175958,52.66683446967732,missing
red3:lane1:snr12.0:seed4:frame49,12.0,49,cwz_joint,15,false,false,true,missing,false,true,gradient_only,8,244,0,0.8309644644154219,33.93229270815923,missing
red3:lane1:snr12.0:seed4:frame50,12.0,50,cwz_joint,2,false,false,true,missing,false,true,gradient_only,8,196,0,1.0817739637293098,29.268909296358913,missing
red3:lane1:snr12.0:seed4:frame51,12.0,51,cwz_joint,1,false,false,true,missing,false,true,gradient_only,8,205,0,1.4138104099001705,42.731437691161894,missing
red3:lane1:snr12.0:seed4:frame52,12.0,52,cwz_joint,2,false,false,true,missing,false,true,gradient_only,8,206,0,0.8298749440345593,39.040027938804,missing
red3:lane1:snr12.0:seed4:frame53,12.0,53,cwz_joint,8,false,false,true,missing,false,true,gradient_only,8,278,0,0.724909674037878,46.58220661895926,missing
red3:lane1:snr12.0:seed4:frame54,12.0,54,cwz_joint,4,false,false,true,missing,false,true,gradient_only,8,265,0,1.1088544091476662,61.265374455525915,missing
red3:lane1:snr12.0:seed4:frame55,12.0,55,cwz_joint,7,false,false,true,missing,false,true,gradient_only,8,257,0,0.9695587992854594,47.68897803990355,missing
red3:lane1:snr12.0:seed4:frame56,12.0,56,cwz_joint,2,false,false,true,missing,false,true,gradient_only,8,204,0,0.7835629103137806,41.21648259812105,missing
red3:lane1:snr12.0:seed4:frame57,12.0,57,cwz_joint,1,false,false,true,missing,false,true,gradient_only,8,233,0,2.9914719747965837,44.584769471150075,missing
red3:lane1:snr12.0:seed4:frame58,12.0,58,cwz_joint,7,false,false,true,missing,false,true,gradient_only,8,294,0,0.6428860062450112,33.432845917975584,missing
red3:lane1:snr12.0:seed4:frame59,12.0,59,cwz_joint,4,false,false,true,missing,false,true,gradient_only,8,204,0,1.2388672699303125,28.476420826896856,missing
red3:lane1:snr12.0:seed4:frame60,12.0,60,cwz_joint,20,false,false,true,missing,false,true,gradient_only,8,348,0,1.4819588795042271,67.16658831646532,missing
red3:lane1:snr12.0:seed4:frame1,12.0,1,profiled_cz,0,true,false,true,missing,false,true,gradient_only,1,184,0,0.5431767640058924,3.7419186329313083,missing
red3:lane1:snr12.0:seed4:frame2,12.0,2,profiled_cz,2,false,false,true,missing,false,true,gradient_only,1,152,0,0.9235250481215196,2.526415903096399,missing
red3:lane1:snr12.0:seed4:frame3,12.0,3,profiled_cz,11,false,false,false,missing,false,true,gradient_only,7,260,8,0.809241186024199,6.030895434526572,missing
red3:lane1:snr12.0:seed4:frame4,12.0,4,profiled_cz,10,false,false,true,missing,false,true,gradient_only,1,262,0,0.788000984063496,21.85508514367797,missing
red3:lane1:snr12.0:seed4:frame5,12.0,5,profiled_cz,2,false,false,true,missing,false,true,gradient_only,1,178,0,0.765317424730083,4.995394436982326,missing
red3:lane1:snr12.0:seed4:frame6,12.0,6,profiled_cz,3,false,false,false,missing,false,true,gradient_only,1,211,5,0.4948666997006841,2.5296335130147614,missing
red3:lane1:snr12.0:seed4:frame7,12.0,7,profiled_cz,0,true,false,true,missing,false,true,gradient_only,1,173,0,1.5324713536662153,4.1825892217457525,missing
red3:lane1:snr12.0:seed4:frame8,12.0,8,profiled_cz,9,false,false,true,missing,false,true,gradient_only,1,257,0,1.1523416259272896,6.573302656154602,missing
red3:lane1:snr12.0:seed4:frame9,12.0,9,profiled_cz,2,false,false,true,missing,false,true,gradient_only,1,231,0,1.0394011498027347,3.9406074251313186,missing
red3:lane1:snr12.0:seed4:frame10,12.0,10,profiled_cz,4,false,false,true,missing,false,true,gradient_only,1,231,0,1.9171160035921675,17.26671469385295,missing
red3:lane1:snr12.0:seed4:frame11,12.0,11,profiled_cz,1,false,false,true,missing,false,true,gradient_only,1,205,0,0.7341584207547762,4.085313137186974,missing
red3:lane1:snr12.0:seed4:frame12,12.0,12,profiled_cz,3,false,false,true,missing,false,true,gradient_only,1,179,0,0.7763511187777477,3.1820115334510537,missing
red3:lane1:snr12.0:seed4:frame13,12.0,13,profiled_cz,4,false,false,false,missing,false,true,gradient_only,1,196,4,0.8202532568411539,3.4980319156892237,missing
red3:lane1:snr12.0:seed4:frame14,12.0,14,profiled_cz,12,false,false,true,missing,false,true,gradient_only,1,267,0,0.9165475608172198,4.544050057031022,missing
red3:lane1:snr12.0:seed4:frame15,12.0,15,profiled_cz,4,false,false,true,missing,false,true,gradient_only,1,217,0,1.0061575630628818,3.736420703201086,missing
red3:lane1:snr12.0:seed4:frame16,12.0,16,profiled_cz,6,false,false,true,missing,false,true,gradient_only,1,302,0,0.9939953482278452,5.013886388792925,missing
red3:lane1:snr12.0:seed4:frame17,12.0,17,profiled_cz,12,false,false,true,missing,false,true,gradient_only,1,268,0,5.826816629884815,4.695141914725267,missing
red3:lane1:snr12.0:seed4:frame18,12.0,18,profiled_cz,4,false,false,true,missing,false,true,gradient_only,1,182,0,1.480582872798498,2.7133602261481284,missing
red3:lane1:snr12.0:seed4:frame19,12.0,19,profiled_cz,6,false,false,true,missing,false,true,gradient_only,1,244,0,1.7327231112515538,4.01496367723679,missing
red3:lane1:snr12.0:seed4:frame20,12.0,20,profiled_cz,6,false,false,true,missing,false,true,gradient_only,1,272,0,1.6809597277240413,4.942161133974089,missing
red3:lane1:snr12.0:seed4:frame21,12.0,21,profiled_cz,0,true,false,false,missing,false,true,gradient_only,1,182,4,0.712019537047544,3.025911882262891,missing
red3:lane1:snr12.0:seed4:frame22,12.0,22,profiled_cz,11,false,false,true,missing,false,true,gradient_only,1,299,0,0.8202556755922584,7.865146656484086,missing
red3:lane1:snr12.0:seed4:frame23,12.0,23,profiled_cz,2,false,false,true,missing,false,true,gradient_only,1,190,0,0.9658333099347002,3.2540746888113254,missing
red3:lane1:snr12.0:seed4:frame24,12.0,24,profiled_cz,2,false,false,false,missing,false,true,gradient_only,1,185,5,0.5823268223555605,3.5530363083851575,missing
red3:lane1:snr12.0:seed4:frame25,12.0,25,profiled_cz,1,false,false,true,missing,false,true,gradient_only,1,123,0,0.5361904381916517,2.15484406497764,missing
red3:lane1:snr12.0:seed4:frame26,12.0,26,profiled_cz,1,false,false,true,missing,false,true,gradient_only,1,225,0,0.5627011924292501,6.4909674793056755,missing
red3:lane1:snr12.0:seed4:frame27,12.0,27,profiled_cz,5,false,false,false,missing,false,true,gradient_only,1,235,5,0.7581979809683029,4.585392077579094,missing
red3:lane1:snr12.0:seed4:frame28,12.0,28,profiled_cz,9,false,false,true,missing,false,true,gradient_only,1,272,0,1.0229760883637693,3.130459674758531,missing
red3:lane1:snr12.0:seed4:frame29,12.0,29,profiled_cz,6,false,false,false,missing,false,true,gradient_only,1,283,5,0.8658376610953661,5.055691270427555,missing
red3:lane1:snr12.0:seed4:frame30,12.0,30,profiled_cz,39,false,false,false,missing,false,true,gradient_only,1,396,12,2.21035955989879,6.910565981590006,missing
red3:lane1:snr12.0:seed4:frame31,12.0,31,profiled_cz,9,false,false,true,missing,false,true,gradient_only,1,242,0,0.82476241760841,3.678100152269905,missing
red3:lane1:snr12.0:seed4:frame32,12.0,32,profiled_cz,18,false,false,false,missing,false,true,gradient_only,1,363,5,1.1283601946747561,10.237525127911667,missing
red3:lane1:snr12.0:seed4:frame33,12.0,33,profiled_cz,5,false,false,true,missing,false,true,gradient_only,1,243,0,0.8521996876480863,3.3000852272333727,missing
red3:lane1:snr12.0:seed4:frame34,12.0,34,profiled_cz,1,false,false,true,missing,false,true,gradient_only,1,149,0,0.6057858641919142,3.253677316778467,missing
red3:lane1:snr12.0:seed4:frame35,12.0,35,profiled_cz,74,false,false,false,missing,false,true,gradient_only,1,525,4,1.3164508427808521,7.434600295241943,missing
red3:lane1:snr12.0:seed4:frame36,12.0,36,profiled_cz,9,false,false,false,missing,false,true,gradient_only,1,274,5,0.9767732690538926,4.689122534896563,missing
red3:lane1:snr12.0:seed4:frame37,12.0,37,profiled_cz,1,false,false,true,missing,false,true,gradient_only,1,204,0,0.4631749842071133,2.4651656937995137,missing
red3:lane1:snr12.0:seed4:frame38,12.0,38,profiled_cz,6,false,false,false,missing,false,true,gradient_only,1,329,4,0.6827001307170669,6.365832910797591,missing
red3:lane1:snr12.0:seed4:frame39,12.0,39,profiled_cz,5,false,false,true,missing,false,true,gradient_only,1,224,0,0.7100842692594361,3.4349922729557556,missing
red3:lane1:snr12.0:seed4:frame40,12.0,40,profiled_cz,2,false,false,true,missing,false,true,gradient_only,1,238,0,0.9500225975402042,5.317067197806668,missing
red3:lane1:snr12.0:seed4:frame41,12.0,41,profiled_cz,10,false,false,false,missing,false,true,gradient_only,1,258,5,0.6545604664311443,3.772460281784517,missing
red3:lane1:snr12.0:seed4:frame42,12.0,42,profiled_cz,1,false,false,true,missing,false,true,gradient_only,1,188,0,0.6605614083914764,2.6125053172837878,missing
red3:lane1:snr12.0:seed4:frame43,12.0,43,profiled_cz,340,false,false,false,missing,false,true,gradient_only,1,1788,84,2.2035430777535185,28.284811290456695,missing
red3:lane1:snr12.0:seed4:frame44,12.0,44,profiled_cz,0,true,false,true,missing,false,true,gradient_only,1,150,0,3.163746794328231,3.721298383014414,missing
red3:lane1:snr12.0:seed4:frame45,12.0,45,profiled_cz,3,false,false,true,missing,false,true,gradient_only,1,199,0,1.3467157796175155,3.103756086647349,missing
red3:lane1:snr12.0:seed4:frame46,12.0,46,profiled_cz,3,false,false,true,missing,false,true,gradient_only,1,253,0,1.0269708462403908,3.427233440603444,missing
red3:lane1:snr12.0:seed4:frame47,12.0,47,profiled_cz,9,false,false,false,missing,false,true,gradient_only,1,316,4,1.1662090431650032,4.803691432125884,missing
red3:lane1:snr12.0:seed4:frame48,12.0,48,profiled_cz,7,false,false,false,missing,false,true,gradient_only,1,294,3,1.5080222429175958,5.6383690982111005,missing
red3:lane1:snr12.0:seed4:frame49,12.0,49,profiled_cz,15,false,false,false,missing,false,true,gradient_only,1,244,4,0.8309644644154219,3.640488230900285,missing
red3:lane1:snr12.0:seed4:frame50,12.0,50,profiled_cz,2,false,false,true,missing,false,true,gradient_only,1,196,0,1.0817739637293098,3.2961528594177647,missing
red3:lane1:snr12.0:seed4:frame51,12.0,51,profiled_cz,1,false,false,true,missing,false,true,gradient_only,1,205,0,1.4138104099001705,3.3370694660639453,missing
red3:lane1:snr12.0:seed4:frame52,12.0,52,profiled_cz,2,false,false,true,missing,false,true,gradient_only,1,206,0,0.8298749440345593,2.6126728297566544,missing
red3:lane1:snr12.0:seed4:frame53,12.0,53,profiled_cz,8,false,false,true,missing,false,true,gradient_only,1,278,0,0.724909674037878,4.780301583065045,missing
red3:lane1:snr12.0:seed4:frame54,12.0,54,profiled_cz,4,false,false,true,missing,false,true,gradient_only,1,265,0,1.1088544091476662,9.243260465705491,missing
red3:lane1:snr12.0:seed4:frame55,12.0,55,profiled_cz,7,false,false,false,missing,false,true,gradient_only,1,257,6,0.9695587992854594,4.48750808199536,missing
red3:lane1:snr12.0:seed4:frame56,12.0,56,profiled_cz,2,false,false,true,missing,false,true,gradient_only,1,204,0,0.7835629103137806,4.0214865894931275,missing
red3:lane1:snr12.0:seed4:frame57,12.0,57,profiled_cz,1,false,false,true,missing,false,true,gradient_only,1,233,0,2.9914719747965837,4.598835214766738,missing
red3:lane1:snr12.0:seed4:frame58,12.0,58,profiled_cz,7,false,false,false,missing,false,true,gradient_only,1,294,4,0.6428860062450112,2.757680775477792,missing
red3:lane1:snr12.0:seed4:frame59,12.0,59,profiled_cz,4,false,false,true,missing,false,true,gradient_only,1,204,0,1.2388672699303125,3.2021453042484147,missing
red3:lane1:snr12.0:seed4:frame60,12.0,60,profiled_cz,20,false,false,true,missing,false,true,gradient_only,7,348,0,1.4819588795042271,6.485906620291767,missing
red3:lane1:snr14.0:seed4:frame1,14.0,1,cwz_joint,0,true,false,true,missing,false,true,gradient_only,8,144,0,0.44405733932001673,47.872687746385054,missing
red3:lane1:snr14.0:seed4:frame2,14.0,2,cwz_joint,2,false,false,true,missing,false,true,gradient_only,8,132,0,0.7717995723912122,34.312484643708984,missing
red3:lane1:snr14.0:seed4:frame3,14.0,3,cwz_joint,9,false,false,true,missing,false,true,gradient_only,8,212,0,0.7454390320540999,52.08313413493487,missing
red3:lane1:snr14.0:seed4:frame4,14.0,4,cwz_joint,6,false,false,true,missing,false,true,gradient_only,8,232,0,0.6936443387395184,120.31937755735156,missing
red3:lane1:snr14.0:seed4:frame5,14.0,5,cwz_joint,0,true,false,true,missing,false,true,gradient_only,8,163,0,0.4300808310009253,40.5274605623765,missing
red3:lane1:snr14.0:seed4:frame6,14.0,6,cwz_joint,0,true,false,true,missing,false,true,gradient_only,8,164,0,1.1046093365982879,31.28822490529873,missing
red3:lane1:snr14.0:seed4:frame7,14.0,7,cwz_joint,0,true,false,true,missing,false,true,gradient_only,8,148,0,0.4605125023637996,22.819942193430883,missing
red3:lane1:snr14.0:seed4:frame8,14.0,8,cwz_joint,8,false,false,true,missing,false,true,gradient_only,8,229,0,0.8036830755370824,54.301089579106055,missing
red3:lane1:snr14.0:seed4:frame9,14.0,9,cwz_joint,0,true,false,true,missing,false,true,gradient_only,8,177,0,0.6936720015663003,38.216804800492525,missing
red3:lane1:snr14.0:seed4:frame10,14.0,10,cwz_joint,2,false,false,true,missing,false,true,gradient_only,8,208,0,0.9319102720091513,53.49378987241511,missing
red3:lane1:snr14.0:seed4:frame11,14.0,11,cwz_joint,0,true,false,true,missing,false,true,gradient_only,8,177,0,0.670303808739266,46.30706840014276,missing
red3:lane1:snr14.0:seed4:frame12,14.0,12,cwz_joint,1,false,false,true,missing,false,true,gradient_only,8,143,0,0.6621523319794479,34.14976333197578,missing
red3:lane1:snr14.0:seed4:frame13,14.0,13,cwz_joint,0,true,false,true,missing,false,true,gradient_only,8,148,0,1.5639813180840194,41.55027677498188,missing
red3:lane1:snr14.0:seed4:frame14,14.0,14,cwz_joint,2,false,false,true,missing,false,true,gradient_only,8,209,0,1.6620677548547955,34.04241085120856,missing
red3:lane1:snr14.0:seed4:frame15,14.0,15,cwz_joint,2,false,false,true,missing,false,true,gradient_only,8,160,0,0.5253337347181823,36.949619264345735,missing
red3:lane1:snr14.0:seed4:frame16,14.0,16,cwz_joint,5,false,false,true,missing,false,true,gradient_only,8,246,0,0.6364897895708576,39.967706129325,missing
red3:lane1:snr14.0:seed4:frame17,14.0,17,cwz_joint,4,false,false,true,missing,false,true,gradient_only,8,192,0,3.940364716129026,36.072671948005436,missing
red3:lane1:snr14.0:seed4:frame18,14.0,18,cwz_joint,0,true,false,true,missing,false,true,gradient_only,8,154,0,0.5595892508886784,28.482386440313913,missing
red3:lane1:snr14.0:seed4:frame19,14.0,19,cwz_joint,2,false,false,true,missing,false,true,gradient_only,8,169,0,0.3740663698978085,39.684816923221824,missing
red3:lane1:snr14.0:seed4:frame20,14.0,20,cwz_joint,1,false,false,true,missing,false,true,gradient_only,8,212,0,1.1142825328132693,52.22133431244142,missing
red3:lane1:snr14.0:seed4:frame21,14.0,21,cwz_joint,0,true,false,true,missing,false,true,gradient_only,8,145,0,0.33370171529391024,21.794612532276307,missing
red3:lane1:snr14.0:seed4:frame22,14.0,22,cwz_joint,5,false,false,true,missing,false,true,gradient_only,8,267,0,2.7058651079068587,42.10003220299655,missing
red3:lane1:snr14.0:seed4:frame23,14.0,23,cwz_joint,0,true,false,true,missing,false,true,gradient_only,8,146,0,0.6740663533442176,34.94815900517439,missing
red3:lane1:snr14.0:seed4:frame24,14.0,24,cwz_joint,0,true,false,true,missing,false,true,gradient_only,8,148,0,0.9601754619816016,38.33125273016797,missing
red3:lane1:snr14.0:seed4:frame25,14.0,25,cwz_joint,0,true,false,true,missing,false,true,gradient_only,8,98,0,117.16003463593097,26.726795815293762,missing
red3:lane1:snr14.0:seed4:frame26,14.0,26,cwz_joint,2,false,false,true,missing,false,true,gradient_only,8,211,0,1.4010236932958864,42.378339557487614,missing
red3:lane1:snr14.0:seed4:frame27,14.0,27,cwz_joint,3,false,false,true,missing,false,true,gradient_only,8,209,0,0.5314659346953038,36.39225386033502,missing
red3:lane1:snr14.0:seed4:frame28,14.0,28,cwz_joint,3,false,false,true,missing,false,true,gradient_only,8,220,0,1.291989833622432,33.6977958139695,missing
red3:lane1:snr14.0:seed4:frame29,14.0,29,cwz_joint,3,false,false,true,missing,false,true,gradient_only,8,248,0,1.027315561871903,42.239352540765424,missing
red3:lane1:snr14.0:seed4:frame30,14.0,30,cwz_joint,11,false,false,true,missing,false,true,gradient_only,8,298,0,1.4059077822796828,70.8156010695813,missing
red3:lane1:snr14.0:seed4:frame31,14.0,31,cwz_joint,4,false,false,true,missing,false,true,gradient_only,8,199,0,34.99246544445343,34.7170557846568,missing
red3:lane1:snr14.0:seed4:frame32,14.0,32,cwz_joint,12,false,false,true,missing,false,true,gradient_only,8,304,0,0.7076640140568793,45.68497720703251,missing
red3:lane1:snr14.0:seed4:frame33,14.0,33,cwz_joint,1,false,false,true,missing,false,true,gradient_only,8,197,0,0.5233320414881194,30.07990412421446,missing
red3:lane1:snr14.0:seed4:frame34,14.0,34,cwz_joint,0,true,false,true,missing,false,true,gradient_only,8,120,0,0.6384455184463917,25.43989073537511,missing
red3:lane1:snr14.0:seed4:frame35,14.0,35,cwz_joint,22,false,false,true,missing,false,true,gradient_only,8,341,0,1.7665170118717577,64.95586516355125,missing
red3:lane1:snr14.0:seed4:frame36,14.0,36,cwz_joint,2,false,false,true,missing,false,true,gradient_only,8,239,0,0.7461983258663225,28.261229427154532,missing
red3:lane1:snr14.0:seed4:frame37,14.0,37,cwz_joint,0,true,false,true,missing,false,true,gradient_only,8,161,0,0.8169286464161231,20.653069000897446,missing
red3:lane1:snr14.0:seed4:frame38,14.0,38,cwz_joint,2,false,false,true,missing,false,true,gradient_only,8,255,0,0.8723013272850324,32.985077535753334,missing
red3:lane1:snr14.0:seed4:frame39,14.0,39,cwz_joint,1,false,false,true,missing,false,true,gradient_only,8,191,0,0.4810143114147846,37.69569571535956,missing
red3:lane1:snr14.0:seed4:frame40,14.0,40,cwz_joint,1,false,false,true,missing,false,true,gradient_only,8,204,0,0.8011615512194644,44.61706260662145,missing
red3:lane1:snr14.0:seed4:frame41,14.0,41,cwz_joint,2,false,false,true,missing,false,true,gradient_only,8,211,0,0.7181816114658361,32.28285371876491,missing
red3:lane1:snr14.0:seed4:frame42,14.0,42,cwz_joint,0,true,false,true,missing,false,true,gradient_only,8,158,0,0.4002455958878787,21.27487083493479,missing
red3:lane1:snr14.0:seed4:frame43,14.0,43,cwz_joint,335,false,false,true,missing,false,true,gradient_only,8,1850,0,2.6422635798729823,185.44481224715582,missing
red3:lane1:snr14.0:seed4:frame44,14.0,44,cwz_joint,0,true,false,true,missing,false,true,gradient_only,8,139,0,0.9392390928549512,37.033440103851035,missing
red3:lane1:snr14.0:seed4:frame45,14.0,45,cwz_joint,0,true,false,true,missing,false,true,gradient_only,8,175,0,0.5927629867065431,40.70390986265767,missing
red3:lane1:snr14.0:seed4:frame46,14.0,46,cwz_joint,0,true,false,true,missing,false,true,gradient_only,8,196,0,1.2519642362883758,29.498801787296422,missing
red3:lane1:snr14.0:seed4:frame47,14.0,47,cwz_joint,6,false,false,true,missing,false,true,gradient_only,8,253,0,0.869048513666191,41.689800074628096,missing
red3:lane1:snr14.0:seed4:frame48,14.0,48,cwz_joint,3,false,false,true,missing,false,true,gradient_only,8,231,0,0.918539515732064,47.207167135316155,missing
red3:lane1:snr14.0:seed4:frame49,14.0,49,cwz_joint,11,false,false,true,missing,false,true,gradient_only,8,202,0,0.6520561342104274,31.806996033513485,missing
red3:lane1:snr14.0:seed4:frame50,14.0,50,cwz_joint,0,true,false,true,missing,false,true,gradient_only,8,164,0,0.8594919308100768,27.242526705270848,missing
red3:lane1:snr14.0:seed4:frame51,14.0,51,cwz_joint,0,true,false,true,missing,false,true,gradient_only,8,173,0,0.48882945150715823,39.5212775441557,missing
red3:lane1:snr14.0:seed4:frame52,14.0,52,cwz_joint,1,false,false,true,missing,false,true,gradient_only,8,165,0,0.695169285796609,35.14804035655103,missing
red3:lane1:snr14.0:seed4:frame53,14.0,53,cwz_joint,4,false,false,true,missing,false,true,gradient_only,8,224,0,1.3093470862856373,42.45028851725972,missing
red3:lane1:snr14.0:seed4:frame54,14.0,54,cwz_joint,1,false,false,true,missing,false,true,gradient_only,8,232,0,1.6470484317377896,52.46759683399566,missing
red3:lane1:snr14.0:seed4:frame55,14.0,55,cwz_joint,2,false,false,true,missing,false,true,gradient_only,8,213,0,0.9065377387063522,41.827120302997685,missing
red3:lane1:snr14.0:seed4:frame56,14.0,56,cwz_joint,1,false,false,true,missing,false,true,gradient_only,8,187,0,0.6383583286178784,38.68070176266327,missing
red3:lane1:snr14.0:seed4:frame57,14.0,57,cwz_joint,0,true,false,true,missing,false,true,gradient_only,8,218,0,0.8624878389672856,43.3344868568254,missing
red3:lane1:snr14.0:seed4:frame58,14.0,58,cwz_joint,2,false,false,true,missing,false,true,gradient_only,8,210,0,0.6618640981664154,30.526441850535843,missing
red3:lane1:snr14.0:seed4:frame59,14.0,59,cwz_joint,3,false,false,true,missing,false,true,gradient_only,8,178,0,0.6228089741162144,24.88241394784113,missing
red3:lane1:snr14.0:seed4:frame60,14.0,60,cwz_joint,12,false,false,true,missing,false,true,gradient_only,8,296,0,0.8919630684188091,52.99372000389713,missing
red3:lane1:snr14.0:seed4:frame1,14.0,1,profiled_cz,0,true,false,true,missing,false,true,gradient_only,1,144,0,0.44405733932001673,3.462217759692316,missing
red3:lane1:snr14.0:seed4:frame2,14.0,2,profiled_cz,2,false,false,true,missing,false,true,gradient_only,1,132,0,0.7717995723912122,2.364138756324543,missing
red3:lane1:snr14.0:seed4:frame3,14.0,3,profiled_cz,9,false,false,true,missing,false,true,gradient_only,1,212,0,0.7454390320540999,4.780270330354406,missing
red3:lane1:snr14.0:seed4:frame4,14.0,4,profiled_cz,6,false,false,false,missing,false,true,gradient_only,1,232,8,0.6936443387395184,20.38754384936954,missing
red3:lane1:snr14.0:seed4:frame5,14.0,5,profiled_cz,0,true,false,true,missing,false,true,gradient_only,1,163,0,0.4300808310009253,4.464399131620505,missing
red3:lane1:snr14.0:seed4:frame6,14.0,6,profiled_cz,0,true,false,true,missing,false,true,gradient_only,1,164,0,1.1046093365982879,2.1887323213496765,missing
red3:lane1:snr14.0:seed4:frame7,14.0,7,profiled_cz,0,true,false,true,missing,false,true,gradient_only,1,148,0,0.4605125023637996,4.6889244650735975,missing
red3:lane1:snr14.0:seed4:frame8,14.0,8,profiled_cz,8,false,false,true,missing,false,true,gradient_only,1,229,0,0.8036830755370824,6.2063097808977465,missing
red3:lane1:snr14.0:seed4:frame9,14.0,9,profiled_cz,0,true,false,true,missing,false,true,gradient_only,1,177,0,0.6936720015663003,3.113328873593949,missing
red3:lane1:snr14.0:seed4:frame10,14.0,10,profiled_cz,2,false,false,true,missing,false,true,gradient_only,1,208,0,0.9319102720091513,7.614143035412361,missing
red3:lane1:snr14.0:seed4:frame11,14.0,11,profiled_cz,0,true,false,true,missing,false,true,gradient_only,1,177,0,0.670303808739266,3.3161708921325586,missing
red3:lane1:snr14.0:seed4:frame12,14.0,12,profiled_cz,1,false,false,true,missing,false,true,gradient_only,1,143,0,0.6621523319794479,3.302151367894267,missing
red3:lane1:snr14.0:seed4:frame13,14.0,13,profiled_cz,0,true,false,true,missing,false,true,gradient_only,1,148,0,1.5639813180840194,2.824070624060597,missing
red3:lane1:snr14.0:seed4:frame14,14.0,14,profiled_cz,2,false,false,true,missing,false,true,gradient_only,1,209,0,1.6620677548547955,4.060863218367434,missing
red3:lane1:snr14.0:seed4:frame15,14.0,15,profiled_cz,2,false,false,true,missing,false,true,gradient_only,1,160,0,0.5253337347181823,3.122107794334327,missing
red3:lane1:snr14.0:seed4:frame16,14.0,16,profiled_cz,5,false,false,true,missing,false,true,gradient_only,1,246,0,0.6364897895708576,4.610785670103365,missing
red3:lane1:snr14.0:seed4:frame17,14.0,17,profiled_cz,4,false,false,true,missing,false,true,gradient_only,1,192,0,3.940364716129026,3.878888931389395,missing
red3:lane1:snr14.0:seed4:frame18,14.0,18,profiled_cz,0,true,false,true,missing,false,true,gradient_only,1,154,0,0.5595892508886784,2.2833615763140815,missing
red3:lane1:snr14.0:seed4:frame19,14.0,19,profiled_cz,2,false,false,true,missing,false,true,gradient_only,1,169,0,0.3740663698978085,3.1694241463552615,missing
red3:lane1:snr14.0:seed4:frame20,14.0,20,profiled_cz,1,false,false,true,missing,false,true,gradient_only,1,212,0,1.1142825328132693,4.254363880148887,missing
red3:lane1:snr14.0:seed4:frame21,14.0,21,profiled_cz,0,true,false,false,missing,false,true,gradient_only,1,145,4,0.33370171529391024,2.474361078786581,missing
red3:lane1:snr14.0:seed4:frame22,14.0,22,profiled_cz,5,false,false,false,missing,false,true,gradient_only,1,267,4,2.7058651079068587,5.341883252381042,missing
red3:lane1:snr14.0:seed4:frame23,14.0,23,profiled_cz,0,true,false,true,missing,false,true,gradient_only,1,146,0,0.6740663533442176,2.8966349134743985,missing
red3:lane1:snr14.0:seed4:frame24,14.0,24,profiled_cz,0,true,false,true,missing,false,true,gradient_only,1,148,0,0.9601754619816016,3.2408825407837107,missing
red3:lane1:snr14.0:seed4:frame25,14.0,25,profiled_cz,0,true,false,true,missing,false,true,gradient_only,1,98,0,117.16003463593097,2.028391835380493,missing
red3:lane1:snr14.0:seed4:frame26,14.0,26,profiled_cz,2,false,false,true,missing,false,true,gradient_only,1,211,0,1.4010236932958864,6.655893490033198,missing
red3:lane1:snr14.0:seed4:frame27,14.0,27,profiled_cz,3,false,false,true,missing,false,true,gradient_only,1,209,0,0.5314659346953038,3.9397902993135228,missing
red3:lane1:snr14.0:seed4:frame28,14.0,28,profiled_cz,3,false,false,true,missing,false,true,gradient_only,1,220,0,1.291989833622432,2.7452392495310867,missing
red3:lane1:snr14.0:seed4:frame29,14.0,29,profiled_cz,3,false,false,false,missing,false,true,gradient_only,1,248,4,1.027315561871903,4.4242951603906135,missing
red3:lane1:snr14.0:seed4:frame30,14.0,30,profiled_cz,11,false,false,false,missing,false,true,gradient_only,1,298,5,1.4059077822796828,4.7267806201780855,missing
red3:lane1:snr14.0:seed4:frame31,14.0,31,profiled_cz,4,false,false,true,missing,false,true,gradient_only,1,199,0,34.99246544445343,3.047587195882083,missing
red3:lane1:snr14.0:seed4:frame32,14.0,32,profiled_cz,12,false,false,true,missing,false,true,gradient_only,1,304,0,0.7076640140568793,7.228311109298984,missing
red3:lane1:snr14.0:seed4:frame33,14.0,33,profiled_cz,1,false,false,true,missing,false,true,gradient_only,1,197,0,0.5233320414881194,3.058921992449277,missing
red3:lane1:snr14.0:seed4:frame34,14.0,34,profiled_cz,0,true,false,true,missing,false,true,gradient_only,1,120,0,0.6384455184463917,2.8049457369092194,missing
red3:lane1:snr14.0:seed4:frame35,14.0,35,profiled_cz,22,false,false,false,missing,false,true,gradient_only,1,341,9,1.7665170118717577,6.22614163708012,missing
red3:lane1:snr14.0:seed4:frame36,14.0,36,profiled_cz,2,false,false,true,missing,false,true,gradient_only,1,239,0,0.7461983258663225,4.40222688950926,missing
red3:lane1:snr14.0:seed4:frame37,14.0,37,profiled_cz,0,true,false,true,missing,false,true,gradient_only,1,161,0,0.8169286464161231,2.189504693561019,missing
red3:lane1:snr14.0:seed4:frame38,14.0,38,profiled_cz,2,false,false,false,missing,false,true,gradient_only,1,255,5,0.8723013272850324,5.269507784391504,missing
red3:lane1:snr14.0:seed4:frame39,14.0,39,profiled_cz,1,false,false,true,missing,false,true,gradient_only,1,191,0,0.4810143114147846,3.079432978755449,missing
red3:lane1:snr14.0:seed4:frame40,14.0,40,profiled_cz,1,false,false,true,missing,false,true,gradient_only,1,204,0,0.8011615512194644,4.752519777982839,missing
red3:lane1:snr14.0:seed4:frame41,14.0,41,profiled_cz,2,false,false,true,missing,false,true,gradient_only,1,211,0,0.7181816114658361,3.0040181719891206,missing
red3:lane1:snr14.0:seed4:frame42,14.0,42,profiled_cz,0,true,false,true,missing,false,true,gradient_only,1,158,0,0.4002455958878787,2.200189238480234,missing
red3:lane1:snr14.0:seed4:frame43,14.0,43,profiled_cz,338,false,false,false,missing,false,true,gradient_only,1,1850,125,2.6422635798729823,22.469334485638303,missing
red3:lane1:snr14.0:seed4:frame44,14.0,44,profiled_cz,0,true,false,true,missing,false,true,gradient_only,1,139,0,0.9392390928549512,3.329487658730677,missing
red3:lane1:snr14.0:seed4:frame45,14.0,45,profiled_cz,0,true,false,true,missing,false,true,gradient_only,1,175,0,0.5927629867065431,2.722334684209014,missing
red3:lane1:snr14.0:seed4:frame46,14.0,46,profiled_cz,0,true,false,true,missing,false,true,gradient_only,1,196,0,1.2519642362883758,2.8313947567946585,missing
red3:lane1:snr14.0:seed4:frame47,14.0,47,profiled_cz,6,false,false,true,missing,false,true,gradient_only,1,253,0,0.869048513666191,4.087860093990717,missing
red3:lane1:snr14.0:seed4:frame48,14.0,48,profiled_cz,3,false,false,true,missing,false,true,gradient_only,1,231,0,0.918539515732064,5.540469224625253,missing
red3:lane1:snr14.0:seed4:frame49,14.0,49,profiled_cz,11,false,false,true,missing,false,true,gradient_only,1,202,0,0.6520561342104274,3.1720355348342477,missing
red3:lane1:snr14.0:seed4:frame50,14.0,50,profiled_cz,0,true,false,true,missing,false,true,gradient_only,1,164,0,0.8594919308100768,2.942218945712346,missing
red3:lane1:snr14.0:seed4:frame51,14.0,51,profiled_cz,0,true,false,true,missing,false,true,gradient_only,1,173,0,0.48882945150715823,2.8307702118424665,missing
red3:lane1:snr14.0:seed4:frame52,14.0,52,profiled_cz,1,false,false,true,missing,false,true,gradient_only,1,165,0,0.695169285796609,2.250597096261525,missing
red3:lane1:snr14.0:seed4:frame53,14.0,53,profiled_cz,4,false,false,true,missing,false,true,gradient_only,1,224,0,1.3093470862856373,3.7478656852804324,missing
red3:lane1:snr14.0:seed4:frame54,14.0,54,profiled_cz,1,false,false,false,missing,false,true,gradient_only,1,232,5,1.6470484317377896,7.51140726545437,missing
red3:lane1:snr14.0:seed4:frame55,14.0,55,profiled_cz,2,false,false,true,missing,false,true,gradient_only,1,213,0,0.9065377387063522,3.7587003029334016,missing
red3:lane1:snr14.0:seed4:frame56,14.0,56,profiled_cz,1,false,false,true,missing,false,true,gradient_only,1,187,0,0.6383583286178784,3.7212127062406815,missing
red3:lane1:snr14.0:seed4:frame57,14.0,57,profiled_cz,0,true,false,true,missing,false,true,gradient_only,1,218,0,0.8624878389672856,4.3749818066561765,missing
red3:lane1:snr14.0:seed4:frame58,14.0,58,profiled_cz,2,false,false,true,missing,false,true,gradient_only,1,210,0,0.6618640981664154,2.3947034163683436,missing
red3:lane1:snr14.0:seed4:frame59,14.0,59,profiled_cz,3,false,false,true,missing,false,true,gradient_only,1,178,0,0.6228089741162144,2.9115970334089063,missing
red3:lane1:snr14.0:seed4:frame60,14.0,60,profiled_cz,12,false,false,true,missing,false,true,gradient_only,1,296,0,0.8919630684188091,5.4278374517548045,missing
red3:lane1:snr16.0:seed4:frame1,16.0,1,cwz_joint,0,true,false,true,missing,false,true,gradient_only,8,122,0,0.3255977345411047,45.912052546872694,missing
red3:lane1:snr16.0:seed4:frame2,16.0,2,cwz_joint,2,false,false,true,missing,false,true,gradient_only,8,115,0,0.33924153591797507,34.203244215052536,missing
red3:lane1:snr16.0:seed4:frame3,16.0,3,cwz_joint,4,false,false,true,missing,false,true,gradient_only,8,168,0,0.5842355059456307,48.426745060258625,missing
red3:lane1:snr16.0:seed4:frame4,16.0,4,cwz_joint,4,false,false,true,missing,false,true,gradient_only,8,224,0,0.7262731996071483,95.01174471381309,missing
red3:lane1:snr16.0:seed4:frame5,16.0,5,cwz_joint,0,true,false,true,missing,false,true,gradient_only,8,136,0,0.462768228408748,38.25027492116262,missing
red3:lane1:snr16.0:seed4:frame6,16.0,6,cwz_joint,0,true,false,true,missing,false,true,gradient_only,8,135,0,1.5842155222203191,29.210813289956842,missing
red3:lane1:snr16.0:seed4:frame7,16.0,7,cwz_joint,0,true,false,true,missing,false,true,gradient_only,8,130,0,0.4438341089082208,20.620776724703216,missing
red3:lane1:snr16.0:seed4:frame8,16.0,8,cwz_joint,3,false,false,true,missing,false,true,gradient_only,8,205,0,12.11791159156365,50.96768443942003,missing
red3:lane1:snr16.0:seed4:frame9,16.0,9,cwz_joint,0,true,false,true,missing,false,true,gradient_only,8,147,0,0.7957792517581141,35.70905545084668,missing
red3:lane1:snr16.0:seed4:frame10,16.0,10,cwz_joint,0,true,false,true,missing,false,true,gradient_only,8,187,0,1.1188565787245266,43.22288184857375,missing
red3:lane1:snr16.0:seed4:frame11,16.0,11,cwz_joint,0,true,false,true,missing,false,true,gradient_only,8,147,0,0.5310721655168934,41.693998014290486,missing
red3:lane1:snr16.0:seed4:frame12,16.0,12,cwz_joint,1,false,false,true,missing,false,true,gradient_only,8,109,0,0.3726857097902142,33.41563088820953,missing
red3:lane1:snr16.0:seed4:frame13,16.0,13,cwz_joint,0,true,false,true,missing,false,true,gradient_only,8,124,0,0.6562539099007486,38.062968153582766,missing
red3:lane1:snr16.0:seed4:frame14,16.0,14,cwz_joint,2,false,false,true,missing,false,true,gradient_only,8,176,0,0.6186297996758566,35.018330713490265,missing
red3:lane1:snr16.0:seed4:frame15,16.0,15,cwz_joint,2,false,false,true,missing,false,true,gradient_only,8,141,0,0.48485285445729454,33.869975712584804,missing
red3:lane1:snr16.0:seed4:frame16,16.0,16,cwz_joint,2,false,false,true,missing,false,true,gradient_only,8,251,0,0.8251403187327851,37.60219190536981,missing
red3:lane1:snr16.0:seed4:frame17,16.0,17,cwz_joint,0,true,false,true,missing,false,true,gradient_only,8,165,0,0.563352015833947,35.516439026094034,missing
red3:lane1:snr16.0:seed4:frame18,16.0,18,cwz_joint,0,true,false,true,missing,false,true,gradient_only,8,124,0,0.41685246363445394,26.829562307691745,missing
red3:lane1:snr16.0:seed4:frame19,16.0,19,cwz_joint,1,false,false,true,missing,false,true,gradient_only,8,145,0,0.2952106356194932,36.826833711186175,missing
red3:lane1:snr16.0:seed4:frame20,16.0,20,cwz_joint,1,false,false,true,missing,false,true,gradient_only,8,197,0,0.7876525294233144,48.601253858591285,missing
red3:lane1:snr16.0:seed4:frame21,16.0,21,cwz_joint,0,true,false,true,missing,false,true,gradient_only,8,130,0,0.5468836147528988,21.10842904644174,missing
red3:lane1:snr16.0:seed4:frame22,16.0,22,cwz_joint,0,true,false,true,missing,false,true,gradient_only,8,235,0,0.7029823166573481,36.62933178594557,missing
red3:lane1:snr16.0:seed4:frame23,16.0,23,cwz_joint,0,true,false,true,missing,false,true,gradient_only,8,122,0,0.4709626072430797,33.89899112857504,missing
red3:lane1:snr16.0:seed4:frame24,16.0,24,cwz_joint,0,true,false,true,missing,false,true,gradient_only,8,129,0,0.6111911845538898,35.913130874033975,missing
red3:lane1:snr16.0:seed4:frame25,16.0,25,cwz_joint,0,true,false,true,missing,false,true,gradient_only,8,76,0,0.36893065640556777,26.23149786357995,missing
red3:lane1:snr16.0:seed4:frame26,16.0,26,cwz_joint,1,false,false,true,missing,false,true,gradient_only,8,186,0,0.6283970766076246,40.29761274047034,missing
red3:lane1:snr16.0:seed4:frame27,16.0,27,cwz_joint,3,false,false,true,missing,false,true,gradient_only,8,170,0,0.6711779810824172,33.22766841194615,missing
red3:lane1:snr16.0:seed4:frame28,16.0,28,cwz_joint,0,true,false,true,missing,false,true,gradient_only,8,195,0,0.8029080054562989,31.896533737698036,missing
red3:lane1:snr16.0:seed4:frame29,16.0,29,cwz_joint,3,false,false,true,missing,false,true,gradient_only,8,217,0,0.8128800513759297,38.93388895058363,missing
red3:lane1:snr16.0:seed4:frame30,16.0,30,cwz_joint,4,false,false,true,missing,false,true,gradient_only,8,223,0,1.352797117033554,57.323902500594556,missing
red3:lane1:snr16.0:seed4:frame31,16.0,31,cwz_joint,3,false,false,true,missing,false,true,gradient_only,8,173,0,0.6117996865757455,32.469821159271845,missing
red3:lane1:snr16.0:seed4:frame32,16.0,32,cwz_joint,4,false,false,true,missing,false,true,gradient_only,8,246,0,2.641552997738867,39.69166989535558,missing
red3:lane1:snr16.0:seed4:frame33,16.0,33,cwz_joint,0,true,false,true,missing,false,true,gradient_only,8,180,0,2.264924082263479,28.354957685507152,missing
red3:lane1:snr16.0:seed4:frame34,16.0,34,cwz_joint,0,true,false,true,missing,false,true,gradient_only,8,93,0,0.4338275121119353,23.390527492267214,missing
red3:lane1:snr16.0:seed4:frame35,16.0,35,cwz_joint,7,false,false,true,missing,false,true,gradient_only,8,284,0,1.012149860176695,54.566675830535914,missing
red3:lane1:snr16.0:seed4:frame36,16.0,36,cwz_joint,2,false,false,true,missing,false,true,gradient_only,8,210,0,1.275547209756658,27.558398562197105,missing
red3:lane1:snr16.0:seed4:frame37,16.0,37,cwz_joint,0,true,false,true,missing,false,true,gradient_only,8,131,0,0.6049372540854873,20.01492845907789,missing
red3:lane1:snr16.0:seed4:frame38,16.0,38,cwz_joint,4,false,false,true,missing,false,true,gradient_only,8,202,0,0.8562497280836862,30.34571655385492,missing
red3:lane1:snr16.0:seed4:frame39,16.0,39,cwz_joint,1,false,false,true,missing,false,true,gradient_only,8,175,0,0.7082832242760059,37.21668916180987,missing
red3:lane1:snr16.0:seed4:frame40,16.0,40,cwz_joint,0,true,false,true,missing,false,true,gradient_only,8,188,0,0.3899318399626188,42.48793896345098,missing
red3:lane1:snr16.0:seed4:frame41,16.0,41,cwz_joint,1,false,false,true,missing,false,true,gradient_only,8,180,0,0.4017645198940027,27.565671469787347,missing
red3:lane1:snr16.0:seed4:frame42,16.0,42,cwz_joint,0,true,false,true,missing,false,true,gradient_only,8,127,0,0.4087117000814577,19.855038480273727,missing
red3:lane1:snr16.0:seed4:frame43,16.0,43,cwz_joint,372,false,false,true,missing,false,true,gradient_only,8,1675,0,1.8774257476002132,147.7561674750822,missing
red3:lane1:snr16.0:seed4:frame44,16.0,44,cwz_joint,0,true,false,true,missing,false,true,gradient_only,8,113,0,0.7103405169646441,35.25100065908068,missing
red3:lane1:snr16.0:seed4:frame45,16.0,45,cwz_joint,0,true,false,true,missing,false,true,gradient_only,8,146,0,0.5516118917895788,38.73839643960661,missing
red3:lane1:snr16.0:seed4:frame46,16.0,46,cwz_joint,0,true,false,true,missing,false,true,gradient_only,8,181,0,1.3824971184944925,26.99068247069981,missing
red3:lane1:snr16.0:seed4:frame47,16.0,47,cwz_joint,4,false,false,true,missing,false,true,gradient_only,8,220,0,0.8266230704707954,36.489111910811594,missing
red3:lane1:snr16.0:seed4:frame48,16.0,48,cwz_joint,0,true,false,true,missing,false,true,gradient_only,8,194,0,1.0203102048958168,43.631607014523816,missing
red3:lane1:snr16.0:seed4:frame49,16.0,49,cwz_joint,2,false,false,true,missing,false,true,gradient_only,8,193,0,0.6557905145600647,30.396570040184805,missing
red3:lane1:snr16.0:seed4:frame50,16.0,50,cwz_joint,0,true,false,true,missing,false,true,gradient_only,8,138,0,0.3906610267059376,25.91336497299019,missing
red3:lane1:snr16.0:seed4:frame51,16.0,51,cwz_joint,0,true,false,true,missing,false,true,gradient_only,8,133,0,0.4534695493835503,37.241971712401146,missing
red3:lane1:snr16.0:seed4:frame52,16.0,52,cwz_joint,0,true,false,true,missing,false,true,gradient_only,8,137,0,0.6532542136733648,32.6786474224263,missing
red3:lane1:snr16.0:seed4:frame53,16.0,53,cwz_joint,1,false,false,true,missing,false,true,gradient_only,8,196,0,0.7529842984713807,39.53362050435323,missing
red3:lane1:snr16.0:seed4:frame54,16.0,54,cwz_joint,1,false,false,true,missing,false,true,gradient_only,8,208,0,0.7389118939923796,46.32383913114695,missing
red3:lane1:snr16.0:seed4:frame55,16.0,55,cwz_joint,1,false,false,true,missing,false,true,gradient_only,8,190,0,1.114631532268981,37.688793427391566,missing
red3:lane1:snr16.0:seed4:frame56,16.0,56,cwz_joint,1,false,false,true,missing,false,true,gradient_only,8,163,0,0.379405606386235,36.92116477861463,missing
red3:lane1:snr16.0:seed4:frame57,16.0,57,cwz_joint,0,true,false,true,missing,false,true,gradient_only,8,182,0,0.6880158011517332,42.73485099777536,missing
red3:lane1:snr16.0:seed4:frame58,16.0,58,cwz_joint,1,false,false,true,missing,false,true,gradient_only,8,183,0,0.5410759784351266,28.54198553138812,missing
red3:lane1:snr16.0:seed4:frame59,16.0,59,cwz_joint,2,false,false,true,missing,false,true,gradient_only,8,168,0,0.5513495437850281,22.66267149579231,missing
red3:lane1:snr16.0:seed4:frame60,16.0,60,cwz_joint,9,false,false,true,missing,false,true,gradient_only,8,261,0,0.8716898772613549,43.35560628782951,missing
red3:lane1:snr16.0:seed4:frame1,16.0,1,profiled_cz,0,true,false,true,missing,false,true,gradient_only,1,122,0,0.3255977345411047,2.9296591410475874,missing
red3:lane1:snr16.0:seed4:frame2,16.0,2,profiled_cz,2,false,false,true,missing,false,true,gradient_only,1,115,0,0.33924153591797507,2.156239534015299,missing
red3:lane1:snr16.0:seed4:frame3,16.0,3,profiled_cz,4,false,false,true,missing,false,true,gradient_only,1,168,0,0.5842355059456307,5.116069254397827,missing
red3:lane1:snr16.0:seed4:frame4,16.0,4,profiled_cz,4,false,false,true,missing,false,true,gradient_only,1,224,0,0.7262731996071483,14.449415211135058,missing
red3:lane1:snr16.0:seed4:frame5,16.0,5,profiled_cz,0,true,false,true,missing,false,true,gradient_only,1,136,0,0.462768228408748,4.193285538143682,missing
red3:lane1:snr16.0:seed4:frame6,16.0,6,profiled_cz,0,true,false,true,missing,false,true,gradient_only,1,135,0,1.5842155222203191,2.057250568817204,missing
red3:lane1:snr16.0:seed4:frame7,16.0,7,profiled_cz,0,true,false,true,missing,false,true,gradient_only,1,130,0,0.4438341089082208,3.56618490655156,missing
red3:lane1:snr16.0:seed4:frame8,16.0,8,profiled_cz,3,false,false,false,missing,false,true,gradient_only,1,205,5,12.11791159156365,6.3114968159271685,missing
red3:lane1:snr16.0:seed4:frame9,16.0,9,profiled_cz,0,true,false,true,missing,false,true,gradient_only,1,147,0,0.7957792517581141,2.8196567676496915,missing
red3:lane1:snr16.0:seed4:frame10,16.0,10,profiled_cz,0,true,false,true,missing,false,true,gradient_only,1,187,0,1.1188565787245266,5.166646545731853,missing
red3:lane1:snr16.0:seed4:frame11,16.0,11,profiled_cz,0,true,false,true,missing,false,true,gradient_only,1,147,0,0.5310721655168934,2.867775000876277,missing
red3:lane1:snr16.0:seed4:frame12,16.0,12,profiled_cz,1,false,false,true,missing,false,true,gradient_only,1,109,0,0.3726857097902142,3.133093849308421,missing
red3:lane1:snr16.0:seed4:frame13,16.0,13,profiled_cz,0,true,false,true,missing,false,true,gradient_only,1,124,0,0.6562539099007486,2.51646410678097,missing
red3:lane1:snr16.0:seed4:frame14,16.0,14,profiled_cz,2,false,false,true,missing,false,true,gradient_only,1,176,0,0.6186297996758566,3.526142609968612,missing
red3:lane1:snr16.0:seed4:frame15,16.0,15,profiled_cz,2,false,false,true,missing,false,true,gradient_only,1,141,0,0.48485285445729454,2.7791157441895185,missing
red3:lane1:snr16.0:seed4:frame16,16.0,16,profiled_cz,2,false,false,true,missing,false,true,gradient_only,1,251,0,0.8251403187327851,4.255535614480541,missing
red3:lane1:snr16.0:seed4:frame17,16.0,17,profiled_cz,0,true,false,true,missing,false,true,gradient_only,1,165,0,0.563352015833947,4.551032744971498,missing
red3:lane1:snr16.0:seed4:frame18,16.0,18,profiled_cz,0,true,false,true,missing,false,true,gradient_only,1,124,0,0.41685246363445394,2.0108683142924844,missing
red3:lane1:snr16.0:seed4:frame19,16.0,19,profiled_cz,1,false,false,true,missing,false,true,gradient_only,1,145,0,0.2952106356194932,2.739383478098174,missing
red3:lane1:snr16.0:seed4:frame20,16.0,20,profiled_cz,0,true,false,false,missing,false,true,gradient_only,1,197,4,0.7876525294233144,3.907898439493318,missing
red3:lane1:snr16.0:seed4:frame21,16.0,21,profiled_cz,0,true,false,true,missing,false,true,gradient_only,1,130,0,0.5468836147528988,2.3156831549051575,missing
red3:lane1:snr16.0:seed4:frame22,16.0,22,profiled_cz,0,true,false,true,missing,false,true,gradient_only,1,235,0,0.7029823166573481,4.245711737210448,missing
red3:lane1:snr16.0:seed4:frame23,16.0,23,profiled_cz,0,true,false,true,missing,false,true,gradient_only,1,122,0,0.4709626072430797,2.68029204302348,missing
red3:lane1:snr16.0:seed4:frame24,16.0,24,profiled_cz,0,true,false,true,missing,false,true,gradient_only,1,129,0,0.6111911845538898,2.996051318310015,missing
red3:lane1:snr16.0:seed4:frame25,16.0,25,profiled_cz,0,true,false,true,missing,false,true,gradient_only,1,76,0,0.36893065640556777,1.8801474095362982,missing
red3:lane1:snr16.0:seed4:frame26,16.0,26,profiled_cz,1,false,false,true,missing,false,true,gradient_only,1,186,0,0.6283970766076246,5.978777667230726,missing
red3:lane1:snr16.0:seed4:frame27,16.0,27,profiled_cz,3,false,false,true,missing,false,true,gradient_only,1,170,0,0.6711779810824172,3.5918683449627196,missing
red3:lane1:snr16.0:seed4:frame28,16.0,28,profiled_cz,0,true,false,true,missing,false,true,gradient_only,1,195,0,0.8029080054562989,2.460886359512601,missing
red3:lane1:snr16.0:seed4:frame29,16.0,29,profiled_cz,3,false,false,true,missing,false,true,gradient_only,1,217,0,0.8128800513759297,3.8939246163810606,missing
red3:lane1:snr16.0:seed4:frame30,16.0,30,profiled_cz,4,false,false,true,missing,false,true,gradient_only,1,223,0,1.352797117033554,3.595190295874102,missing
red3:lane1:snr16.0:seed4:frame31,16.0,31,profiled_cz,3,false,false,true,missing,false,true,gradient_only,1,173,0,0.6117996865757455,2.839584029611887,missing
red3:lane1:snr16.0:seed4:frame32,16.0,32,profiled_cz,3,false,false,false,missing,false,true,gradient_only,1,246,9,2.641552997738867,5.723563642469762,missing
red3:lane1:snr16.0:seed4:frame33,16.0,33,profiled_cz,0,true,false,true,missing,false,true,gradient_only,1,180,0,2.264924082263479,2.8409415543639756,missing
red3:lane1:snr16.0:seed4:frame34,16.0,34,profiled_cz,0,true,false,true,missing,false,true,gradient_only,1,93,0,0.4338275121119353,2.5913520518936277,missing
red3:lane1:snr16.0:seed4:frame35,16.0,35,profiled_cz,7,false,false,false,missing,false,true,gradient_only,1,284,2,1.012149860176695,5.174828101499512,missing
red3:lane1:snr16.0:seed4:frame36,16.0,36,profiled_cz,2,false,false,true,missing,false,true,gradient_only,1,210,0,1.275547209756658,4.0282812051139505,missing
red3:lane1:snr16.0:seed4:frame37,16.0,37,profiled_cz,0,true,false,true,missing,false,true,gradient_only,1,131,0,0.6049372540854873,1.9633599944134563,missing
red3:lane1:snr16.0:seed4:frame38,16.0,38,profiled_cz,4,false,false,true,missing,false,true,gradient_only,1,202,0,0.8562497280836862,3.601997317115542,missing
red3:lane1:snr16.0:seed4:frame39,16.0,39,profiled_cz,1,false,false,true,missing,false,true,gradient_only,1,175,0,0.7082832242760059,3.1045649821198156,missing
red3:lane1:snr16.0:seed4:frame40,16.0,40,profiled_cz,0,true,false,true,missing,false,true,gradient_only,1,188,0,0.3899318399626188,4.508327910328562,missing
red3:lane1:snr16.0:seed4:frame41,16.0,41,profiled_cz,1,false,false,true,missing,false,true,gradient_only,1,180,0,0.4017645198940027,2.6192285010040934,missing
red3:lane1:snr16.0:seed4:frame42,16.0,42,profiled_cz,0,true,false,true,missing,false,true,gradient_only,1,127,0,0.4087117000814577,1.9767249802414686,missing
red3:lane1:snr16.0:seed4:frame43,16.0,43,profiled_cz,370,false,false,false,missing,false,true,gradient_only,1,1675,120,1.8774257476002132,24.110510811477646,missing
red3:lane1:snr16.0:seed4:frame44,16.0,44,profiled_cz,0,true,false,true,missing,false,true,gradient_only,1,113,0,0.7103405169646441,3.1292832046678,missing
red3:lane1:snr16.0:seed4:frame45,16.0,45,profiled_cz,0,true,false,true,missing,false,true,gradient_only,1,146,0,0.5516118917895788,2.7378750006482053,missing
red3:lane1:snr16.0:seed4:frame46,16.0,46,profiled_cz,0,true,false,true,missing,false,true,gradient_only,1,181,0,1.3824971184944925,2.372589465629593,missing
red3:lane1:snr16.0:seed4:frame47,16.0,47,profiled_cz,4,false,false,true,missing,false,true,gradient_only,1,220,0,0.8266230704707954,3.5870912872429463,missing
red3:lane1:snr16.0:seed4:frame48,16.0,48,profiled_cz,0,true,false,true,missing,false,true,gradient_only,1,194,0,1.0203102048958168,5.344187417762077,missing
red3:lane1:snr16.0:seed4:frame49,16.0,49,profiled_cz,2,false,false,true,missing,false,true,gradient_only,1,193,0,0.6557905145600647,2.780655094814015,missing
red3:lane1:snr16.0:seed4:frame50,16.0,50,profiled_cz,0,true,false,true,missing,false,true,gradient_only,1,138,0,0.3906610267059376,2.3350516215804347,missing
red3:lane1:snr16.0:seed4:frame51,16.0,51,profiled_cz,0,true,false,true,missing,false,true,gradient_only,1,133,0,0.4534695493835503,2.5308280334890574,missing
red3:lane1:snr16.0:seed4:frame52,16.0,52,profiled_cz,0,true,false,true,missing,false,true,gradient_only,1,137,0,0.6532542136733648,2.1213055594454273,missing
red3:lane1:snr16.0:seed4:frame53,16.0,53,profiled_cz,1,false,false,true,missing,false,true,gradient_only,1,196,0,0.7529842984713807,3.1063917558060865,missing
red3:lane1:snr16.0:seed4:frame54,16.0,54,profiled_cz,1,false,false,true,missing,false,true,gradient_only,1,208,0,0.7389118939923796,8.153180635286184,missing
red3:lane1:snr16.0:seed4:frame55,16.0,55,profiled_cz,1,false,false,true,missing,false,true,gradient_only,1,190,0,1.114631532268981,4.039940753751676,missing
red3:lane1:snr16.0:seed4:frame56,16.0,56,profiled_cz,1,false,false,true,missing,false,true,gradient_only,1,163,0,0.379405606386235,3.2931691021144514,missing
red3:lane1:snr16.0:seed4:frame57,16.0,57,profiled_cz,0,true,false,true,missing,false,true,gradient_only,1,182,0,0.6880158011517332,4.051379722126146,missing
red3:lane1:snr16.0:seed4:frame58,16.0,58,profiled_cz,1,false,false,true,missing,false,true,gradient_only,1,183,0,0.5410759784351266,2.2094666457737375,missing
red3:lane1:snr16.0:seed4:frame59,16.0,59,profiled_cz,2,false,false,true,missing,false,true,gradient_only,1,168,0,0.5513495437850281,2.781764215702956,missing
red3:lane1:snr16.0:seed4:frame60,16.0,60,profiled_cz,9,false,false,true,missing,false,true,gradient_only,1,261,0,0.8716898772613549,4.502169579657736,missing
red3:lane1:snr18.0:seed4:frame1,18.0,1,cwz_joint,0,true,false,true,missing,false,true,gradient_only,8,108,0,0.32365758092388625,44.580308014621906,missing
red3:lane1:snr18.0:seed4:frame2,18.0,2,cwz_joint,1,false,false,true,missing,false,true,gradient_only,8,93,0,0.3194089374915166,34.318113572451026,missing
red3:lane1:snr18.0:seed4:frame3,18.0,3,cwz_joint,2,false,false,true,missing,false,true,gradient_only,8,149,0,1.1146306944879816,46.07816144913706,missing
red3:lane1:snr18.0:seed4:frame4,18.0,4,cwz_joint,1,false,false,true,missing,false,true,gradient_only,8,202,0,1.2048413475932667,75.28532335339928,missing
red3:lane1:snr18.0:seed4:frame5,18.0,5,cwz_joint,0,true,false,true,missing,false,true,gradient_only,8,119,0,0.33144496223735986,36.73892534704416,missing
red3:lane1:snr18.0:seed4:frame6,18.0,6,cwz_joint,0,true,false,true,missing,false,true,gradient_only,8,111,0,0.5135900460280715,27.798634441834974,missing
red3:lane1:snr18.0:seed4:frame7,18.0,7,cwz_joint,0,true,false,true,missing,false,true,gradient_only,8,118,0,0.29891932922237885,19.152314302232437,missing
red3:lane1:snr18.0:seed4:frame8,18.0,8,cwz_joint,2,false,false,true,missing,false,true,gradient_only,8,176,0,0.5029940563897642,48.654479509798186,missing
red3:lane1:snr18.0:seed4:frame9,18.0,9,cwz_joint,0,true,false,true,missing,false,true,gradient_only,8,114,0,0.49853446919463457,34.10733624486374,missing
red3:lane1:snr18.0:seed4:frame10,18.0,10,cwz_joint,0,true,false,true,missing,false,true,gradient_only,8,163,0,0.6661795583440111,36.308985308682196,missing
red3:lane1:snr18.0:seed4:frame11,18.0,11,cwz_joint,0,true,false,true,missing,false,true,gradient_only,8,122,0,0.6318997249103444,38.719590851737046,missing
red3:lane1:snr18.0:seed4:frame12,18.0,12,cwz_joint,0,true,false,true,missing,false,true,gradient_only,8,103,0,0.4478453051583997,32.92151390750064,missing
red3:lane1:snr18.0:seed4:frame13,18.0,13,cwz_joint,0,true,false,true,missing,false,true,gradient_only,8,110,0,0.4927931954241762,35.397050504983085,missing
red3:lane1:snr18.0:seed4:frame14,18.0,14,cwz_joint,0,true,false,true,missing,false,true,gradient_only,8,134,0,0.3711563731866287,35.96215707602866,missing
red3:lane1:snr18.0:seed4:frame15,18.0,15,cwz_joint,1,false,false,true,missing,false,true,gradient_only,8,128,0,0.6355012547972431,31.817053154924576,missing
red3:lane1:snr18.0:seed4:frame16,18.0,16,cwz_joint,1,false,false,true,missing,false,true,gradient_only,8,214,0,1.0631264506093017,36.12557178341295,missing
red3:lane1:snr18.0:seed4:frame17,18.0,17,cwz_joint,0,true,false,true,missing,false,true,gradient_only,8,140,0,0.6457154115798274,35.284798141849954,missing
red3:lane1:snr18.0:seed4:frame18,18.0,18,cwz_joint,0,true,false,true,missing,false,true,gradient_only,8,108,0,0.40413704511120174,25.76262054027701,missing
red3:lane1:snr18.0:seed4:frame19,18.0,19,cwz_joint,0,true,false,true,missing,false,true,gradient_only,8,121,0,0.3114176199494726,34.96605552118849,missing
red3:lane1:snr18.0:seed4:frame20,18.0,20,cwz_joint,1,false,false,true,missing,false,true,gradient_only,8,176,0,0.8029398980960926,46.17885659296308,missing
red3:lane1:snr18.0:seed4:frame21,18.0,21,cwz_joint,0,true,false,true,missing,false,true,gradient_only,8,117,0,0.24601723238092746,20.577513202433533,missing
red3:lane1:snr18.0:seed4:frame22,18.0,22,cwz_joint,0,true,false,true,missing,false,true,gradient_only,8,212,0,1.152763033924113,32.92268885866052,missing
red3:lane1:snr18.0:seed4:frame23,18.0,23,cwz_joint,0,true,false,true,missing,false,true,gradient_only,8,110,0,0.5373007289036316,33.33417375898317,missing
red3:lane1:snr18.0:seed4:frame24,18.0,24,cwz_joint,0,true,false,true,missing,false,true,gradient_only,8,112,0,0.43878282033798405,34.40038805829392,missing
red3:lane1:snr18.0:seed4:frame25,18.0,25,cwz_joint,0,true,false,true,missing,false,true,gradient_only,8,65,0,0.4118671340968962,25.992560846608455,missing
red3:lane1:snr18.0:seed4:frame26,18.0,26,cwz_joint,1,false,false,true,missing,false,true,gradient_only,8,165,0,5.151273158875869,38.73865430399476,missing
red3:lane1:snr18.0:seed4:frame27,18.0,27,cwz_joint,2,false,false,true,missing,false,true,gradient_only,8,152,0,0.7988889757840031,30.39293534610288,missing
red3:lane1:snr18.0:seed4:frame28,18.0,28,cwz_joint,0,true,false,true,missing,false,true,gradient_only,8,159,0,1.447418167428304,30.17107818775267,missing
red3:lane1:snr18.0:seed4:frame29,18.0,29,cwz_joint,1,false,false,true,missing,false,true,gradient_only,8,191,0,0.7559120624944029,36.5845270855598,missing
red3:lane1:snr18.0:seed4:frame30,18.0,30,cwz_joint,1,false,false,true,missing,false,true,gradient_only,8,167,0,2.4549816519547054,48.37201432323304,missing
red3:lane1:snr18.0:seed4:frame31,18.0,31,cwz_joint,1,false,false,true,missing,false,true,gradient_only,8,155,0,0.4337205790504363,30.995862508761768,missing
red3:lane1:snr18.0:seed4:frame32,18.0,32,cwz_joint,2,false,false,true,missing,false,true,gradient_only,8,227,0,0.7110394546931051,35.12108815703773,missing
red3:lane1:snr18.0:seed4:frame33,18.0,33,cwz_joint,0,true,false,true,missing,false,true,gradient_only,8,157,0,0.3935831840146688,27.300581777137722,missing
red3:lane1:snr18.0:seed4:frame34,18.0,34,cwz_joint,0,true,false,true,missing,false,true,gradient_only,8,82,0,0.8124582786795042,22.031909969249956,missing
red3:lane1:snr18.0:seed4:frame35,18.0,35,cwz_joint,8,false,false,true,missing,false,true,gradient_only,8,234,0,0.846697649985972,47.70286403920249,missing
red3:lane1:snr18.0:seed4:frame36,18.0,36,cwz_joint,1,false,false,true,missing,false,true,gradient_only,8,191,0,1.0890863493424525,27.037117613238987,missing
red3:lane1:snr18.0:seed4:frame37,18.0,37,cwz_joint,0,true,false,true,missing,false,true,gradient_only,8,122,0,0.5311666851540582,19.628299579196383,missing
red3:lane1:snr18.0:seed4:frame38,18.0,38,cwz_joint,2,false,false,true,missing,false,true,gradient_only,8,166,0,3.028057158640089,28.42870734147096,missing
red3:lane1:snr18.0:seed4:frame39,18.0,39,cwz_joint,0,true,false,true,missing,false,true,gradient_only,8,154,0,0.6414401291276648,36.97733028076455,missing
red3:lane1:snr18.0:seed4:frame40,18.0,40,cwz_joint,0,true,false,true,missing,false,true,gradient_only,8,178,0,0.641112744708112,41.1159809882523,missing
red3:lane1:snr18.0:seed4:frame41,18.0,41,cwz_joint,0,true,false,true,missing,false,true,gradient_only,8,148,0,0.43756710620916733,24.47025502187874,missing
red3:lane1:snr18.0:seed4:frame42,18.0,42,cwz_joint,0,true,false,true,missing,false,true,gradient_only,8,112,0,0.4570852212924746,18.942621379310385,missing
red3:lane1:snr18.0:seed4:frame43,18.0,43,cwz_joint,350,false,false,true,missing,false,true,gradient_only,8,1739,0,3.0988478339691357,87.11408958331094,missing
red3:lane1:snr18.0:seed4:frame44,18.0,44,cwz_joint,0,true,false,true,missing,false,true,gradient_only,8,91,0,1.6513251130029898,34.052222285076574,missing
red3:lane1:snr18.0:seed4:frame45,18.0,45,cwz_joint,0,true,false,true,missing,false,true,gradient_only,8,126,0,0.515147137759539,37.42709434202034,missing
red3:lane1:snr18.0:seed4:frame46,18.0,46,cwz_joint,0,true,false,true,missing,false,true,gradient_only,8,160,0,0.7527394571801808,25.239081028895384,missing
red3:lane1:snr18.0:seed4:frame47,18.0,47,cwz_joint,2,false,false,true,missing,false,true,gradient_only,8,184,0,0.6527190264830746,32.96282219861044,missing
red3:lane1:snr18.0:seed4:frame48,18.0,48,cwz_joint,0,true,false,true,missing,false,true,gradient_only,8,167,0,0.8108547248184159,41.37742326886791,missing
red3:lane1:snr18.0:seed4:frame49,18.0,49,cwz_joint,1,false,false,true,missing,false,true,gradient_only,8,160,0,1.1059607748358955,29.494811639901346,missing
red3:lane1:snr18.0:seed4:frame50,18.0,50,cwz_joint,0,true,false,true,missing,false,true,gradient_only,8,122,0,0.5339697117051717,25.05636719394172,missing
red3:lane1:snr18.0:seed4:frame51,18.0,51,cwz_joint,0,true,false,true,missing,false,true,gradient_only,8,111,0,0.333743236916632,35.6751583420771,missing
red3:lane1:snr18.0:seed4:frame52,18.0,52,cwz_joint,0,true,false,true,missing,false,true,gradient_only,8,113,0,0.4230237379180152,31.12859443235319,missing
red3:lane1:snr18.0:seed4:frame53,18.0,53,cwz_joint,0,true,false,true,missing,false,true,gradient_only,8,169,0,0.44222667721726333,37.58593967475572,missing
red3:lane1:snr18.0:seed4:frame54,18.0,54,cwz_joint,1,false,false,true,missing,false,true,gradient_only,8,186,0,1.4802467047703953,42.17770276838559,missing
red3:lane1:snr18.0:seed4:frame55,18.0,55,cwz_joint,0,true,false,true,missing,false,true,gradient_only,8,173,0,0.5846328427152382,34.8371004695976,missing
red3:lane1:snr18.0:seed4:frame56,18.0,56,cwz_joint,1,false,false,true,missing,false,true,gradient_only,8,153,0,0.3462526394076815,35.72892125229728,missing
red3:lane1:snr18.0:seed4:frame57,18.0,57,cwz_joint,0,true,false,true,missing,false,true,gradient_only,8,164,0,0.42388017208428946,42.545894585525524,missing
red3:lane1:snr18.0:seed4:frame58,18.0,58,cwz_joint,1,false,false,true,missing,false,true,gradient_only,8,159,0,0.6089144801324861,27.22357503672709,missing
red3:lane1:snr18.0:seed4:frame59,18.0,59,cwz_joint,1,false,false,true,missing,false,true,gradient_only,8,151,0,0.6540457139157914,21.289982318459202,missing
red3:lane1:snr18.0:seed4:frame60,18.0,60,cwz_joint,6,false,false,true,missing,false,true,gradient_only,8,227,0,1.3380822403348887,36.872525999174776,missing
red3:lane1:snr18.0:seed4:frame1,18.0,1,profiled_cz,0,true,false,true,missing,false,true,gradient_only,1,108,0,0.32365758092388625,2.6446626998155316,missing
red3:lane1:snr18.0:seed4:frame2,18.0,2,profiled_cz,1,false,false,true,missing,false,true,gradient_only,1,93,0,0.3194089374915166,2.0358109945530187,missing
red3:lane1:snr18.0:seed4:frame3,18.0,3,profiled_cz,2,false,false,true,missing,false,true,gradient_only,1,149,0,1.1146306944879816,4.203779685982187,missing
red3:lane1:snr18.0:seed4:frame4,18.0,4,profiled_cz,1,false,false,true,missing,false,true,gradient_only,1,202,0,1.2048413475932667,11.209008528437899,missing
red3:lane1:snr18.0:seed4:frame5,18.0,5,profiled_cz,0,true,false,true,missing,false,true,gradient_only,1,119,0,0.33144496223735986,4.08335621745831,missing
red3:lane1:snr18.0:seed4:frame6,18.0,6,profiled_cz,0,true,false,true,missing,false,true,gradient_only,1,111,0,0.5135900460280715,1.9821785751936492,missing
red3:lane1:snr18.0:seed4:frame7,18.0,7,profiled_cz,0,true,false,true,missing,false,true,gradient_only,1,118,0,0.29891932922237885,3.7606650575280085,missing
red3:lane1:snr18.0:seed4:frame8,18.0,8,profiled_cz,2,false,false,true,missing,false,true,gradient_only,1,176,0,0.5029940563897642,5.757382866057055,missing
red3:lane1:snr18.0:seed4:frame9,18.0,9,profiled_cz,0,true,false,true,missing,false,true,gradient_only,1,114,0,0.49853446919463457,2.6262849081562476,missing
red3:lane1:snr18.0:seed4:frame10,18.0,10,profiled_cz,0,true,false,true,missing,false,true,gradient_only,1,163,0,0.6661795583440111,4.599102820360684,missing
red3:lane1:snr18.0:seed4:frame11,18.0,11,profiled_cz,0,true,false,true,missing,false,true,gradient_only,1,122,0,0.6318997249103444,2.5816725630863218,missing
red3:lane1:snr18.0:seed4:frame12,18.0,12,profiled_cz,0,true,false,true,missing,false,true,gradient_only,1,103,0,0.4478453051583997,3.1877586945429135,missing
red3:lane1:snr18.0:seed4:frame13,18.0,13,profiled_cz,0,true,false,true,missing,false,true,gradient_only,1,110,0,0.4927931954241762,2.363561549892717,missing
red3:lane1:snr18.0:seed4:frame14,18.0,14,profiled_cz,0,true,false,true,missing,false,true,gradient_only,1,134,0,0.3711563731866287,3.034551607702418,missing
red3:lane1:snr18.0:seed4:frame15,18.0,15,profiled_cz,1,false,false,true,missing,false,true,gradient_only,1,128,0,0.6355012547972431,2.597215524597483,missing
red3:lane1:snr18.0:seed4:frame16,18.0,16,profiled_cz,1,false,false,true,missing,false,true,gradient_only,1,214,0,1.0631264506093017,3.9975933519729594,missing
red3:lane1:snr18.0:seed4:frame17,18.0,17,profiled_cz,0,true,false,true,missing,false,true,gradient_only,1,140,0,0.6457154115798274,4.386551467711107,missing
red3:lane1:snr18.0:seed4:frame18,18.0,18,profiled_cz,0,true,false,true,missing,false,true,gradient_only,1,108,0,0.40413704511120174,1.8255148799675813,missing
red3:lane1:snr18.0:seed4:frame19,18.0,19,profiled_cz,0,true,false,true,missing,false,true,gradient_only,1,121,0,0.3114176199494726,2.471426772045454,missing
red3:lane1:snr18.0:seed4:frame20,18.0,20,profiled_cz,1,false,false,true,missing,false,true,gradient_only,1,176,0,0.8029398980960926,3.646798735378423,missing
red3:lane1:snr18.0:seed4:frame21,18.0,21,profiled_cz,0,true,false,true,missing,false,true,gradient_only,1,117,0,0.24601723238092746,2.19035176919315,missing
red3:lane1:snr18.0:seed4:frame22,18.0,22,profiled_cz,0,true,false,true,missing,false,true,gradient_only,1,212,0,1.152763033924113,3.4797820146030762,missing
red3:lane1:snr18.0:seed4:frame23,18.0,23,profiled_cz,0,true,false,true,missing,false,true,gradient_only,1,110,0,0.5373007289036316,2.4798614885677623,missing
red3:lane1:snr18.0:seed4:frame24,18.0,24,profiled_cz,0,true,false,true,missing,false,true,gradient_only,1,112,0,0.43878282033798405,2.7908282628286663,missing
red3:lane1:snr18.0:seed4:frame25,18.0,25,profiled_cz,0,true,false,true,missing,false,true,gradient_only,1,65,0,0.4118671340968962,1.8666835684231307,missing
red3:lane1:snr18.0:seed4:frame26,18.0,26,profiled_cz,1,false,false,true,missing,false,true,gradient_only,1,165,0,5.151273158875869,6.446019955954025,missing
red3:lane1:snr18.0:seed4:frame27,18.0,27,profiled_cz,2,false,false,true,missing,false,true,gradient_only,1,152,0,0.7988889757840031,3.3260758992508124,missing
red3:lane1:snr18.0:seed4:frame28,18.0,28,profiled_cz,0,true,false,true,missing,false,true,gradient_only,1,159,0,1.447418167428304,2.333793122533486,missing
red3:lane1:snr18.0:seed4:frame29,18.0,29,profiled_cz,1,false,false,true,missing,false,true,gradient_only,1,191,0,0.7559120624944029,3.5903656080286632,missing
red3:lane1:snr18.0:seed4:frame30,18.0,30,profiled_cz,1,false,false,true,missing,false,true,gradient_only,1,167,0,2.4549816519547054,2.9132804046314584,missing
red3:lane1:snr18.0:seed4:frame31,18.0,31,profiled_cz,1,false,false,true,missing,false,true,gradient_only,1,155,0,0.4337205790504363,2.6889002550164607,missing
red3:lane1:snr18.0:seed4:frame32,18.0,32,profiled_cz,2,false,false,false,missing,false,true,gradient_only,1,227,4,0.7110394546931051,4.482501545725286,missing
red3:lane1:snr18.0:seed4:frame33,18.0,33,profiled_cz,0,true,false,true,missing,false,true,gradient_only,1,157,0,0.3935831840146688,2.6300555537883987,missing
red3:lane1:snr18.0:seed4:frame34,18.0,34,profiled_cz,0,true,false,true,missing,false,true,gradient_only,1,82,0,0.8124582786795042,2.3213007088433506,missing
red3:lane1:snr18.0:seed4:frame35,18.0,35,profiled_cz,8,false,false,true,missing,false,true,gradient_only,1,234,0,0.846697649985972,5.035258866671046,missing
red3:lane1:snr18.0:seed4:frame36,18.0,36,profiled_cz,1,false,false,true,missing,false,true,gradient_only,1,191,0,1.0890863493424525,3.879729379437236,missing
red3:lane1:snr18.0:seed4:frame37,18.0,37,profiled_cz,0,true,false,true,missing,false,true,gradient_only,1,122,0,0.5311666851540582,1.8661488553728738,missing
red3:lane1:snr18.0:seed4:frame38,18.0,38,profiled_cz,2,false,false,true,missing,false,true,gradient_only,1,166,0,3.028057158640089,3.949003194187226,missing
red3:lane1:snr18.0:seed4:frame39,18.0,39,profiled_cz,0,true,false,true,missing,false,true,gradient_only,1,154,0,0.6414401291276648,2.903652948901228,missing
red3:lane1:snr18.0:seed4:frame40,18.0,40,profiled_cz,0,true,false,true,missing,false,true,gradient_only,1,178,0,0.641112744708112,4.336042432967612,missing
red3:lane1:snr18.0:seed4:frame41,18.0,41,profiled_cz,0,true,false,true,missing,false,true,gradient_only,1,148,0,0.43756710620916733,2.363220326666609,missing
red3:lane1:snr18.0:seed4:frame42,18.0,42,profiled_cz,0,true,false,true,missing,false,true,gradient_only,1,112,0,0.4570852212924746,1.8322107729446393,missing
red3:lane1:snr18.0:seed4:frame43,18.0,43,profiled_cz,348,false,false,false,missing,false,true,gradient_only,8,1739,125,3.0988478339691357,15.717917984386014,missing
red3:lane1:snr18.0:seed4:frame44,18.0,44,profiled_cz,0,true,false,true,missing,false,true,gradient_only,1,91,0,1.6513251130029898,2.948158492386332,missing
red3:lane1:snr18.0:seed4:frame45,18.0,45,profiled_cz,0,true,false,true,missing,false,true,gradient_only,1,126,0,0.515147137759539,2.595417927020306,missing
red3:lane1:snr18.0:seed4:frame46,18.0,46,profiled_cz,0,true,false,true,missing,false,true,gradient_only,1,160,0,0.7527394571801808,2.109369870156364,missing
red3:lane1:snr18.0:seed4:frame47,18.0,47,profiled_cz,2,false,false,true,missing,false,true,gradient_only,1,184,0,0.6527190264830746,3.3874118655548475,missing
red3:lane1:snr18.0:seed4:frame48,18.0,48,profiled_cz,0,true,false,true,missing,false,true,gradient_only,1,167,0,0.8108547248184159,4.684852968034929,missing
red3:lane1:snr18.0:seed4:frame49,18.0,49,profiled_cz,1,false,false,true,missing,false,true,gradient_only,1,160,0,1.1059607748358955,2.532379272396007,missing
red3:lane1:snr18.0:seed4:frame50,18.0,50,profiled_cz,0,true,false,true,missing,false,true,gradient_only,1,122,0,0.5339697117051717,2.4089516018984383,missing
red3:lane1:snr18.0:seed4:frame51,18.0,51,profiled_cz,0,true,false,true,missing,false,true,gradient_only,1,111,0,0.333743236916632,2.364275746882805,missing
red3:lane1:snr18.0:seed4:frame52,18.0,52,profiled_cz,0,true,false,true,missing,false,true,gradient_only,1,113,0,0.4230237379180152,2.0023037524182556,missing
red3:lane1:snr18.0:seed4:frame53,18.0,53,profiled_cz,0,true,false,true,missing,false,true,gradient_only,1,169,0,0.44222667721726333,2.648425316861276,missing
red3:lane1:snr18.0:seed4:frame54,18.0,54,profiled_cz,1,false,false,true,missing,false,true,gradient_only,1,186,0,1.4802467047703953,6.3773353906319405,missing
red3:lane1:snr18.0:seed4:frame55,18.0,55,profiled_cz,0,true,false,true,missing,false,true,gradient_only,1,173,0,0.5846328427152382,3.5641277474087247,missing
red3:lane1:snr18.0:seed4:frame56,18.0,56,profiled_cz,1,false,false,true,missing,false,true,gradient_only,1,153,0,0.3462526394076815,3.2603895590337206,missing
red3:lane1:snr18.0:seed4:frame57,18.0,57,profiled_cz,0,true,false,true,missing,false,true,gradient_only,1,164,0,0.42388017208428946,3.903060465651182,missing
red3:lane1:snr18.0:seed4:frame58,18.0,58,profiled_cz,1,false,false,true,missing,false,true,gradient_only,1,159,0,0.6089144801324861,2.053656454020876,missing
red3:lane1:snr18.0:seed4:frame59,18.0,59,profiled_cz,1,false,false,true,missing,false,true,gradient_only,1,151,0,0.6540457139157914,2.385682840918238,missing
red3:lane1:snr18.0:seed4:frame60,18.0,60,profiled_cz,6,false,false,true,missing,false,true,gradient_only,1,227,0,1.3380822403348887,3.55458155054705,missing
red3:lane1:snr20.0:seed4:frame1,20.0,1,cwz_joint,0,true,false,true,missing,false,true,gradient_only,8,90,0,0.40433080516626235,43.59705441581947,missing
red3:lane1:snr20.0:seed4:frame2,20.0,2,cwz_joint,1,false,false,true,missing,false,true,gradient_only,8,81,0,0.8960392309990561,34.57437294976131,missing
red3:lane1:snr20.0:seed4:frame3,20.0,3,cwz_joint,1,false,false,true,missing,false,true,gradient_only,8,125,0,0.802054024584315,44.63606602347547,missing
red3:lane1:snr20.0:seed4:frame4,20.0,4,cwz_joint,0,true,false,true,missing,false,true,gradient_only,8,176,0,1.063074818875031,61.38817229755329,missing
red3:lane1:snr20.0:seed4:frame5,20.0,5,cwz_joint,0,true,false,true,missing,false,true,gradient_only,8,108,0,0.3339504350735918,35.74075398361183,missing
red3:lane1:snr20.0:seed4:frame6,20.0,6,cwz_joint,0,true,false,true,missing,false,true,gradient_only,8,98,0,0.37580606034699854,26.83933397161017,missing
red3:lane1:snr20.0:seed4:frame7,20.0,7,cwz_joint,0,true,false,true,missing,false,true,gradient_only,8,107,0,0.4291644230857723,18.190292666442154,missing
red3:lane1:snr20.0:seed4:frame8,20.0,8,cwz_joint,1,false,false,true,missing,false,true,gradient_only,8,143,0,2.020089560551092,47.0934937010868,missing
red3:lane1:snr20.0:seed4:frame9,20.0,9,cwz_joint,0,true,false,true,missing,false,true,gradient_only,8,95,0,0.4391445517614692,33.12192895518226,missing
red3:lane1:snr20.0:seed4:frame10,20.0,10,cwz_joint,0,true,false,true,missing,false,true,gradient_only,8,156,0,0.6453136512536042,31.711034397010856,missing
red3:lane1:snr20.0:seed4:frame11,20.0,11,cwz_joint,0,true,false,true,missing,false,true,gradient_only,8,111,0,2.298985233765834,36.78095424466212,missing
red3:lane1:snr20.0:seed4:frame12,20.0,12,cwz_joint,0,true,false,true,missing,false,true,gradient_only,8,91,0,0.32656005545573036,32.62250013581071,missing
red3:lane1:snr20.0:seed4:frame13,20.0,13,cwz_joint,0,true,false,true,missing,false,true,gradient_only,8,96,0,0.3719167035664343,33.453127414643546,missing
red3:lane1:snr20.0:seed4:frame14,20.0,14,cwz_joint,0,true,false,true,missing,false,true,gradient_only,8,127,0,0.37299408567603315,35.80249466069747,missing
red3:lane1:snr20.0:seed4:frame15,20.0,15,cwz_joint,0,true,false,true,missing,false,true,gradient_only,8,102,0,0.953644859042843,30.448910755864773,missing
red3:lane1:snr20.0:seed4:frame16,20.0,16,cwz_joint,1,false,false,true,missing,false,true,gradient_only,8,200,0,0.8508387595499547,35.227061515487804,missing
red3:lane1:snr20.0:seed4:frame17,20.0,17,cwz_joint,0,true,false,true,missing,false,true,gradient_only,8,124,0,0.5209516813419374,35.286223358338646,missing
red3:lane1:snr20.0:seed4:frame18,20.0,18,cwz_joint,0,true,false,true,missing,false,true,gradient_only,8,100,0,0.3631456689187187,25.07620686065447,missing
red3:lane1:snr20.0:seed4:frame19,20.0,19,cwz_joint,0,true,false,true,missing,false,true,gradient_only,8,111,0,0.5023002806098837,33.79552028208793,missing
red3:lane1:snr20.0:seed4:frame20,20.0,20,cwz_joint,0,true,false,true,missing,false,true,gradient_only,8,156,0,0.6819777971483459,44.559949495549034,missing
red3:lane1:snr20.0:seed4:frame21,20.0,21,cwz_joint,0,true,false,true,missing,false,true,gradient_only,8,112,0,0.2667667881172351,20.183441878645844,missing
red3:lane1:snr20.0:seed4:frame22,20.0,22,cwz_joint,0,true,false,true,missing,false,true,gradient_only,8,185,0,0.6185866496456702,30.441187725591075,missing
red3:lane1:snr20.0:seed4:frame23,20.0,23,cwz_joint,0,true,false,true,missing,false,true,gradient_only,8,96,0,0.5770005414764091,33.07912129841809,missing
red3:lane1:snr20.0:seed4:frame24,20.0,24,cwz_joint,0,true,false,true,missing,false,true,gradient_only,8,94,0,0.3413493255401388,33.48835036706344,missing
red3:lane1:snr20.0:seed4:frame25,20.0,25,cwz_joint,0,true,false,true,missing,false,true,gradient_only,8,57,0,0.6106930680369744,25.913608641799843,missing
red3:lane1:snr20.0:seed4:frame26,20.0,26,cwz_joint,1,false,false,true,missing,false,true,gradient_only,8,150,0,0.590546546973268,37.57536461823773,missing
red3:lane1:snr20.0:seed4:frame27,20.0,27,cwz_joint,0,true,false,true,missing,false,true,gradient_only,8,140,0,0.4486740391869573,28.18133250597952,missing
red3:lane1:snr20.0:seed4:frame28,20.0,28,cwz_joint,0,true,false,true,missing,false,true,gradient_only,8,150,0,0.4881834627476012,28.84218863679626,missing
red3:lane1:snr20.0:seed4:frame29,20.0,29,cwz_joint,0,true,false,true,missing,false,true,gradient_only,8,171,0,0.6483363182373564,34.98197652101466,missing
red3:lane1:snr20.0:seed4:frame30,20.0,30,cwz_joint,0,true,false,true,missing,false,true,gradient_only,8,147,0,0.8634635106397205,42.555131690566824,missing
red3:lane1:snr20.0:seed4:frame31,20.0,31,cwz_joint,2,false,false,true,missing,false,true,gradient_only,8,144,0,0.8077510844186497,30.032343775264522,missing
red3:lane1:snr20.0:seed4:frame32,20.0,32,cwz_joint,1,false,false,true,missing,false,true,gradient_only,8,205,0,5.738817782788167,31.96760811159083,missing
red3:lane1:snr20.0:seed4:frame33,20.0,33,cwz_joint,0,true,false,true,missing,false,true,gradient_only,8,152,0,0.2678660488364255,26.673427354587936,missing
red3:lane1:snr20.0:seed4:frame34,20.0,34,cwz_joint,0,true,false,true,missing,false,true,gradient_only,8,73,0,0.28847720763479523,21.129293801875498,missing
red3:lane1:snr20.0:seed4:frame35,20.0,35,cwz_joint,3,false,false,true,missing,false,true,gradient_only,8,210,0,0.6569066291481634,43.220991410466155,missing
red3:lane1:snr20.0:seed4:frame36,20.0,36,cwz_joint,0,true,false,true,missing,false,true,gradient_only,8,168,0,1.7115692534745115,26.733978177723127,missing
red3:lane1:snr20.0:seed4:frame37,20.0,37,cwz_joint,0,true,false,true,missing,false,true,gradient_only,8,113,0,0.32339353780098895,19.390453340765273,missing
red3:lane1:snr20.0:seed4:frame38,20.0,38,cwz_joint,0,true,false,true,missing,false,true,gradient_only,8,132,0,1.2662521486086307,27.056411622210852,missing
red3:lane1:snr20.0:seed4:frame39,20.0,39,cwz_joint,0,true,false,true,missing,false,true,gradient_only,8,138,0,0.9677807565094931,36.90039187883118,missing
red3:lane1:snr20.0:seed4:frame40,20.0,40,cwz_joint,0,true,false,true,missing,false,true,gradient_only,8,172,0,0.8497710738179737,40.22975573607033,missing
red3:lane1:snr20.0:seed4:frame41,20.0,41,cwz_joint,0,true,false,true,missing,false,true,gradient_only,8,129,0,0.2708588464542153,22.46247338673335,missing
red3:lane1:snr20.0:seed4:frame42,20.0,42,cwz_joint,0,true,false,true,missing,false,true,gradient_only,8,91,0,0.3607279906024216,18.36772400221909,missing
red3:lane1:snr20.0:seed4:frame43,20.0,43,cwz_joint,347,false,false,true,missing,false,true,gradient_only,8,1817,0,1.7157501160278312,136.65952186761447,missing
red3:lane1:snr20.0:seed4:frame44,20.0,44,cwz_joint,0,true,false,true,missing,false,true,gradient_only,8,84,0,0.40922022339068287,33.24139461567267,missing
red3:lane1:snr20.0:seed4:frame45,20.0,45,cwz_joint,0,true,false,true,missing,false,true,gradient_only,8,113,0,0.37902521563421376,36.55948468335189,missing
red3:lane1:snr20.0:seed4:frame46,20.0,46,cwz_joint,0,true,false,true,missing,false,true,gradient_only,8,139,0,0.5894471547593674,24.01244691633259,missing
red3:lane1:snr20.0:seed4:frame47,20.0,47,cwz_joint,1,false,false,true,missing,false,true,gradient_only,8,159,0,0.5675865539798101,30.641647469809264,missing
red3:lane1:snr20.0:seed4:frame48,20.0,48,cwz_joint,0,true,false,true,missing,false,true,gradient_only,8,151,0,1.0196409277256866,39.992978635561975,missing
red3:lane1:snr20.0:seed4:frame49,20.0,49,cwz_joint,0,true,false,true,missing,false,true,gradient_only,8,140,0,0.42378651663747585,28.91077410423212,missing
red3:lane1:snr20.0:seed4:frame50,20.0,50,cwz_joint,0,true,false,true,missing,false,true,gradient_only,8,108,0,0.48881913483280914,24.50012952790727,missing
red3:lane1:snr20.0:seed4:frame51,20.0,51,cwz_joint,0,true,false,true,missing,false,true,gradient_only,8,96,0,0.2610811901839968,34.62098106456627,missing
red3:lane1:snr20.0:seed4:frame52,20.0,52,cwz_joint,0,true,false,true,missing,false,true,gradient_only,8,99,0,0.36949334234512016,30.150533516970405,missing
red3:lane1:snr20.0:seed4:frame53,20.0,53,cwz_joint,0,true,false,true,missing,false,true,gradient_only,8,159,0,0.45934065664848067,36.33071721954796,missing
red3:lane1:snr20.0:seed4:frame54,20.0,54,cwz_joint,1,false,false,true,missing,false,true,gradient_only,8,182,0,0.5082091636410142,39.45570518052317,missing
red3:lane1:snr20.0:seed4:frame55,20.0,55,cwz_joint,0,true,false,true,missing,false,true,gradient_only,8,159,0,0.7418986300166431,32.901256334607545,missing
red3:lane1:snr20.0:seed4:frame56,20.0,56,cwz_joint,0,true,false,true,missing,false,true,gradient_only,8,142,0,0.3480692182450593,34.91906247860314,missing
red3:lane1:snr20.0:seed4:frame57,20.0,57,cwz_joint,0,true,false,true,missing,false,true,gradient_only,8,155,0,0.5336511864358098,42.615996998626464,missing
red3:lane1:snr20.0:seed4:frame58,20.0,58,cwz_joint,0,true,false,true,missing,false,true,gradient_only,8,140,0,0.4663090024074657,26.38906804215119,missing
red3:lane1:snr20.0:seed4:frame59,20.0,59,cwz_joint,1,false,false,true,missing,false,true,gradient_only,8,142,0,0.9134189369319928,20.44909451426099,missing
red3:lane1:snr20.0:seed4:frame60,20.0,60,cwz_joint,0,true,false,true,missing,false,true,gradient_only,8,169,0,0.44989560361744907,22.847607810907377,missing
red3:lane1:snr20.0:seed4:frame1,20.0,1,profiled_cz,0,true,false,true,missing,false,true,gradient_only,1,90,0,0.40433080516626235,2.545438289717048,missing
red3:lane1:snr20.0:seed4:frame2,20.0,2,profiled_cz,1,false,false,true,missing,false,true,gradient_only,1,81,0,0.8960392309990561,1.9874559792655033,missing
red3:lane1:snr20.0:seed4:frame3,20.0,3,profiled_cz,1,false,false,true,missing,false,true,gradient_only,1,125,0,0.802054024584315,3.6338447294353795,missing
red3:lane1:snr20.0:seed4:frame4,20.0,4,profiled_cz,0,true,false,true,missing,false,true,gradient_only,1,176,0,1.063074818875031,6.891803790522184,missing
red3:lane1:snr20.0:seed4:frame5,20.0,5,profiled_cz,0,true,false,true,missing,false,true,gradient_only,1,108,0,0.3339504350735918,3.9241513028700363,missing
red3:lane1:snr20.0:seed4:frame6,20.0,6,profiled_cz,0,true,false,true,missing,false,true,gradient_only,1,98,0,0.37580606034699854,1.859750189890007,missing
red3:lane1:snr20.0:seed4:frame7,20.0,7,profiled_cz,0,true,false,true,missing,false,true,gradient_only,1,107,0,0.4291644230857723,3.804343921840356,missing
red3:lane1:snr20.0:seed4:frame8,20.0,8,profiled_cz,1,false,false,true,missing,false,true,gradient_only,1,143,0,2.020089560551092,6.174468140632814,missing
red3:lane1:snr20.0:seed4:frame9,20.0,9,profiled_cz,0,true,false,true,missing,false,true,gradient_only,1,95,0,0.4391445517614692,2.330433252978637,missing
red3:lane1:snr20.0:seed4:frame10,20.0,10,profiled_cz,0,true,false,true,missing,false,true,gradient_only,1,156,0,0.6453136512536042,3.2236130660117506,missing
red3:lane1:snr20.0:seed4:frame11,20.0,11,profiled_cz,0,true,false,true,missing,false,true,gradient_only,1,111,0,2.298985233765834,2.4562881628680544,missing
red3:lane1:snr20.0:seed4:frame12,20.0,12,profiled_cz,0,true,false,true,missing,false,true,gradient_only,1,91,0,0.32656005545573036,3.117206649174019,missing
red3:lane1:snr20.0:seed4:frame13,20.0,13,profiled_cz,0,true,false,true,missing,false,true,gradient_only,1,96,0,0.3719167035664343,2.2511642162925267,missing
red3:lane1:snr20.0:seed4:frame14,20.0,14,profiled_cz,0,true,false,true,missing,false,true,gradient_only,1,127,0,0.37299408567603315,2.7313157414123177,missing
red3:lane1:snr20.0:seed4:frame15,20.0,15,profiled_cz,0,true,false,true,missing,false,true,gradient_only,1,102,0,0.953644859042843,2.369151281655264,missing
red3:lane1:snr20.0:seed4:frame16,20.0,16,profiled_cz,1,false,false,true,missing,false,true,gradient_only,1,200,0,0.8508387595499547,3.514253864526476,missing
red3:lane1:snr20.0:seed4:frame17,20.0,17,profiled_cz,0,true,false,true,missing,false,true,gradient_only,1,124,0,0.5209516813419374,5.3256490266355465,missing
red3:lane1:snr20.0:seed4:frame18,20.0,18,profiled_cz,0,true,false,true,missing,false,true,gradient_only,1,100,0,0.3631456689187187,1.7244483997103262,missing
red3:lane1:snr20.0:seed4:frame19,20.0,19,profiled_cz,0,true,false,true,missing,false,true,gradient_only,1,111,0,0.5023002806098837,2.3207444092216356,missing
red3:lane1:snr20.0:seed4:frame20,20.0,20,profiled_cz,0,true,false,true,missing,false,true,gradient_only,1,156,0,0.6819777971483459,3.486472364325735,missing
red3:lane1:snr20.0:seed4:frame21,20.0,21,profiled_cz,0,true,false,true,missing,false,true,gradient_only,1,112,0,0.2667667881172351,2.1019414567271304,missing
red3:lane1:snr20.0:seed4:frame22,20.0,22,profiled_cz,0,true,false,true,missing,false,true,gradient_only,1,185,0,0.6185866496456702,2.9457885554321015,missing
red3:lane1:snr20.0:seed4:frame23,20.0,23,profiled_cz,0,true,false,true,missing,false,true,gradient_only,1,96,0,0.5770005414764091,2.693432101868159,missing
red3:lane1:snr20.0:seed4:frame24,20.0,24,profiled_cz,0,true,false,true,missing,false,true,gradient_only,1,94,0,0.3413493255401388,2.7481597559785125,missing
red3:lane1:snr20.0:seed4:frame25,20.0,25,profiled_cz,0,true,false,true,missing,false,true,gradient_only,1,57,0,0.6106930680369744,1.8392067102340062,missing
red3:lane1:snr20.0:seed4:frame26,20.0,26,profiled_cz,1,false,false,true,missing,false,true,gradient_only,1,150,0,0.590546546973268,6.4198049548698135,missing
red3:lane1:snr20.0:seed4:frame27,20.0,27,profiled_cz,0,true,false,true,missing,false,true,gradient_only,1,140,0,0.4486740391869573,3.508458970162432,missing
red3:lane1:snr20.0:seed4:frame28,20.0,28,profiled_cz,0,true,false,true,missing,false,true,gradient_only,1,150,0,0.4881834627476012,2.22738624832713,missing
red3:lane1:snr20.0:seed4:frame29,20.0,29,profiled_cz,0,true,false,true,missing,false,true,gradient_only,1,171,0,0.6483363182373564,3.6713668542312794,missing
red3:lane1:snr20.0:seed4:frame30,20.0,30,profiled_cz,0,true,false,true,missing,false,true,gradient_only,1,147,0,0.8634635106397205,2.4956489982179644,missing
red3:lane1:snr20.0:seed4:frame31,20.0,31,profiled_cz,2,false,false,false,missing,false,true,gradient_only,1,144,7,0.8077510844186497,2.645854423180322,missing
red3:lane1:snr20.0:seed4:frame32,20.0,32,profiled_cz,1,false,false,true,missing,false,true,gradient_only,1,205,0,5.738817782788167,3.9034651391511117,missing
red3:lane1:snr20.0:seed4:frame33,20.0,33,profiled_cz,0,true,false,false,missing,false,true,gradient_only,1,152,7,0.2678660488364255,2.5745351614604735,missing
red3:lane1:snr20.0:seed4:frame34,20.0,34,profiled_cz,0,true,false,true,missing,false,true,gradient_only,1,73,0,0.28847720763479523,2.264623296030237,missing
red3:lane1:snr20.0:seed4:frame35,20.0,35,profiled_cz,3,false,false,true,missing,false,true,gradient_only,1,210,0,0.6569066291481634,4.1817924755955715,missing
red3:lane1:snr20.0:seed4:frame36,20.0,36,profiled_cz,0,true,false,true,missing,false,true,gradient_only,1,168,0,1.7115692534745115,4.068971521343363,missing
red3:lane1:snr20.0:seed4:frame37,20.0,37,profiled_cz,0,true,false,true,missing,false,true,gradient_only,1,113,0,0.32339353780098895,1.8259667604610297,missing
red3:lane1:snr20.0:seed4:frame38,20.0,38,profiled_cz,0,true,false,true,missing,false,true,gradient_only,1,132,0,1.2662521486086307,3.550444173819892,missing
red3:lane1:snr20.0:seed4:frame39,20.0,39,profiled_cz,0,true,false,true,missing,false,true,gradient_only,1,138,0,0.9677807565094931,2.8615019385384457,missing
red3:lane1:snr20.0:seed4:frame40,20.0,40,profiled_cz,0,true,false,true,missing,false,true,gradient_only,1,172,0,0.8497710738179737,4.042519392425007,missing
red3:lane1:snr20.0:seed4:frame41,20.0,41,profiled_cz,0,true,false,true,missing,false,true,gradient_only,1,129,0,0.2708588464542153,2.158044928618842,missing
red3:lane1:snr20.0:seed4:frame42,20.0,42,profiled_cz,0,true,false,true,missing,false,true,gradient_only,1,91,0,0.3607279906024216,1.7213151792587138,missing
red3:lane1:snr20.0:seed4:frame43,20.0,43,profiled_cz,348,false,false,false,missing,false,true,gradient_only,1,1817,121,1.7157501160278312,20.438538298357948,missing
red3:lane1:snr20.0:seed4:frame44,20.0,44,profiled_cz,0,true,false,true,missing,false,true,gradient_only,1,84,0,0.40922022339068287,2.9246260119574097,missing
red3:lane1:snr20.0:seed4:frame45,20.0,45,profiled_cz,0,true,false,true,missing,false,true,gradient_only,1,113,0,0.37902521563421376,2.5348022509040264,missing
red3:lane1:snr20.0:seed4:frame46,20.0,46,profiled_cz,0,true,false,true,missing,false,true,gradient_only,1,139,0,0.5894471547593674,1.9634849839562687,missing
red3:lane1:snr20.0:seed4:frame47,20.0,47,profiled_cz,1,false,false,true,missing,false,true,gradient_only,1,159,0,0.5675865539798101,3.153023954194323,missing
red3:lane1:snr20.0:seed4:frame48,20.0,48,profiled_cz,0,true,false,true,missing,false,true,gradient_only,1,151,0,1.0196409277256866,5.726227363192982,missing
red3:lane1:snr20.0:seed4:frame49,20.0,49,profiled_cz,0,true,false,true,missing,false,true,gradient_only,1,140,0,0.42378651663747585,2.499775781091127,missing
red3:lane1:snr20.0:seed4:frame50,20.0,50,profiled_cz,0,true,false,true,missing,false,true,gradient_only,1,108,0,0.48881913483280914,2.2843759972978597,missing
red3:lane1:snr20.0:seed4:frame51,20.0,51,profiled_cz,0,true,false,true,missing,false,true,gradient_only,1,96,0,0.2610811901839968,2.2628203131451707,missing
red3:lane1:snr20.0:seed4:frame52,20.0,52,profiled_cz,0,true,false,true,missing,false,true,gradient_only,1,99,0,0.36949334234512016,1.9067145435131232,missing
red3:lane1:snr20.0:seed4:frame53,20.0,53,profiled_cz,0,true,false,true,missing,false,true,gradient_only,1,159,0,0.45934065664848067,2.536120371489796,missing
red3:lane1:snr20.0:seed4:frame54,20.0,54,profiled_cz,1,false,false,true,missing,false,true,gradient_only,1,182,0,0.5082091636410142,5.675281132062778,missing
red3:lane1:snr20.0:seed4:frame55,20.0,55,profiled_cz,0,true,false,true,missing,false,true,gradient_only,1,159,0,0.7418986300166431,2.903996819253046,missing
red3:lane1:snr20.0:seed4:frame56,20.0,56,profiled_cz,0,true,false,true,missing,false,true,gradient_only,1,142,0,0.3480692182450593,3.2461467910732575,missing
red3:lane1:snr20.0:seed4:frame57,20.0,57,profiled_cz,0,true,false,true,missing,false,true,gradient_only,1,155,0,0.5336511864358098,3.7587549226628845,missing
red3:lane1:snr20.0:seed4:frame58,20.0,58,profiled_cz,0,true,false,true,missing,false,true,gradient_only,1,140,0,0.4663090024074657,1.9542782653262163,missing
red3:lane1:snr20.0:seed4:frame59,20.0,59,profiled_cz,1,false,false,true,missing,false,true,gradient_only,1,142,0,0.9134189369319928,2.4681340500982,missing
red3:lane1:snr20.0:seed4:frame60,20.0,60,profiled_cz,0,true,false,true,missing,false,true,gradient_only,1,169,0,0.44989560361744907,2.554483674870649,missing
red3:lane1:snr22.0:seed4:frame1,22.0,1,cwz_joint,0,true,false,true,missing,false,true,gradient_only,8,80,0,0.3787571123351608,42.84474040026003,missing
red3:lane1:snr22.0:seed4:frame2,22.0,2,cwz_joint,0,true,false,true,missing,false,true,gradient_only,8,67,0,0.34113777157755076,34.88818300929033,missing
red3:lane1:snr22.0:seed4:frame3,22.0,3,cwz_joint,1,false,false,true,missing,false,true,gradient_only,8,120,0,0.6370765689556624,43.84589066865948,missing
red3:lane1:snr22.0:seed4:frame4,22.0,4,cwz_joint,0,true,false,true,missing,false,true,gradient_only,8,158,0,0.4655029178329659,52.267505802073266,missing
red3:lane1:snr22.0:seed4:frame5,22.0,5,cwz_joint,0,true,false,true,missing,false,true,gradient_only,8,98,0,0.4086014113290011,35.07909212927199,missing
red3:lane1:snr22.0:seed4:frame6,22.0,6,cwz_joint,0,true,false,true,missing,false,true,gradient_only,8,87,0,0.41576402280175007,26.18868828361901,missing
red3:lane1:snr22.0:seed4:frame7,22.0,7,cwz_joint,0,true,false,true,missing,false,true,gradient_only,8,105,0,0.39411932489913,17.5676724134039,missing
red3:lane1:snr22.0:seed4:frame8,22.0,8,cwz_joint,2,false,false,true,missing,false,true,gradient_only,8,143,0,0.7091215823304619,46.05097943462225,missing
red3:lane1:snr22.0:seed4:frame9,22.0,9,cwz_joint,0,true,false,true,missing,false,true,gradient_only,8,86,0,0.4556933457360913,32.53006701898469,missing
red3:lane1:snr22.0:seed4:frame10,22.0,10,cwz_joint,0,true,false,true,missing,false,true,gradient_only,8,135,0,3.2493296479484077,28.692360017831984,missing
red3:lane1:snr22.0:seed4:frame11,22.0,11,cwz_joint,0,true,false,true,missing,false,true,gradient_only,8,103,0,0.47584657484053666,35.51058195875321,missing
red3:lane1:snr22.0:seed4:frame12,22.0,12,cwz_joint,0,true,false,true,missing,false,true,gradient_only,8,87,0,1.6916528768649315,32.480071280089845,missing
red3:lane1:snr22.0:seed4:frame13,22.0,13,cwz_joint,0,true,false,true,missing,false,true,gradient_only,8,89,0,0.5600737255238941,32.06367856843537,missing
red3:lane1:snr22.0:seed4:frame14,22.0,14,cwz_joint,0,true,false,true,missing,false,true,gradient_only,8,121,0,0.5671139668063839,24.279693731968464,missing
red3:lane1:snr22.0:seed4:frame15,22.0,15,cwz_joint,0,true,false,true,missing,false,true,gradient_only,8,95,0,1.0883490623157097,29.529890289973295,missing
red3:lane1:snr22.0:seed4:frame16,22.0,16,cwz_joint,2,false,false,true,missing,false,true,gradient_only,8,193,0,0.6089784702430696,34.712368536000184,missing
red3:lane1:snr22.0:seed4:frame17,22.0,17,cwz_joint,0,true,false,true,missing,false,true,gradient_only,8,122,0,0.5839001944740293,35.42493614548645,missing
red3:lane1:snr22.0:seed4:frame18,22.0,18,cwz_joint,0,true,false,true,missing,false,true,gradient_only,8,86,0,0.43795756559032945,24.635900353488022,missing
red3:lane1:snr22.0:seed4:frame19,22.0,19,cwz_joint,0,true,false,true,missing,false,true,gradient_only,8,95,0,0.4201984837558301,33.08406993715337,missing
red3:lane1:snr22.0:seed4:frame20,22.0,20,cwz_joint,0,true,false,true,missing,false,true,gradient_only,8,149,0,0.5773098848838155,43.48767618359897,missing
red3:lane1:snr22.0:seed4:frame21,22.0,21,cwz_joint,0,true,false,true,missing,false,true,gradient_only,8,106,0,0.41862597566616866,19.89226181222586,missing
red3:lane1:snr22.0:seed4:frame22,22.0,22,cwz_joint,0,true,false,true,missing,false,true,gradient_only,8,171,0,0.5515964809433701,28.792164487021015,missing
red3:lane1:snr22.0:seed4:frame23,22.0,23,cwz_joint,0,true,false,true,missing,false,true,gradient_only,8,87,0,0.31604987706006804,33.01057534475503,missing
red3:lane1:snr22.0:seed4:frame24,22.0,24,cwz_joint,0,true,false,true,missing,false,true,gradient_only,8,82,0,0.3058678014762914,32.95935352881668,missing
red3:lane1:snr22.0:seed4:frame25,22.0,25,cwz_joint,0,true,false,true,missing,false,true,gradient_only,8,56,0,0.4825722666728308,25.929687814622746,missing
red3:lane1:snr22.0:seed4:frame26,22.0,26,cwz_joint,1,false,false,true,missing,false,true,gradient_only,8,145,0,0.4043176700926132,36.70544738080094,missing
red3:lane1:snr22.0:seed4:frame27,22.0,27,cwz_joint,0,true,false,true,missing,false,true,gradient_only,8,122,0,0.6714565304898682,26.543686727861687,missing
red3:lane1:snr22.0:seed4:frame28,22.0,28,cwz_joint,0,true,false,true,missing,false,true,gradient_only,8,132,0,0.4468763405774473,27.880823687365883,missing
red3:lane1:snr22.0:seed4:frame29,22.0,29,cwz_joint,0,true,false,true,missing,false,true,gradient_only,8,160,0,0.5021547725561331,33.919341341476326,missing
red3:lane1:snr22.0:seed4:frame30,22.0,30,cwz_joint,0,true,false,true,missing,false,true,gradient_only,8,124,0,0.8555483658507096,38.8208132320252,missing
red3:lane1:snr22.0:seed4:frame31,22.0,31,cwz_joint,2,false,false,true,missing,false,true,gradient_only,8,135,0,0.46337154375239265,29.409520001250364,missing
red3:lane1:snr22.0:seed4:frame32,22.0,32,cwz_joint,0,true,false,true,missing,false,true,gradient_only,8,176,0,0.6039896976176076,29.87337159380655,missing
red3:lane1:snr22.0:seed4:frame33,22.0,33,cwz_joint,0,true,false,true,missing,false,true,gradient_only,8,142,0,0.2734599954168541,26.316234694170504,missing
red3:lane1:snr22.0:seed4:frame34,22.0,34,cwz_joint,0,true,false,true,missing,false,true,gradient_only,8,66,0,0.22256776808365705,20.52681679362268,missing
red3:lane1:snr22.0:seed4:frame35,22.0,35,cwz_joint,1,false,false,true,missing,false,true,gradient_only,8,171,0,0.9229604442948276,40.32587584480978,missing
red3:lane1:snr22.0:seed4:frame36,22.0,36,cwz_joint,1,false,false,true,missing,false,true,gradient_only,8,158,0,0.8803343389590147,26.643771844904833,missing
red3:lane1:snr22.0:seed4:frame37,22.0,37,cwz_joint,0,true,false,true,missing,false,true,gradient_only,8,101,0,0.3032689716769184,19.234446663590436,missing
red3:lane1:snr22.0:seed4:frame38,22.0,38,cwz_joint,0,true,false,true,missing,false,true,gradient_only,8,120,0,0.6984046920099392,26.11359841949793,missing
red3:lane1:snr22.0:seed4:frame39,22.0,39,cwz_joint,0,true,false,true,missing,false,true,gradient_only,8,128,0,0.3751750254889808,36.91827179654125,missing
red3:lane1:snr22.0:seed4:frame40,22.0,40,cwz_joint,0,true,false,true,missing,false,true,gradient_only,8,164,0,2.251540297461469,39.67296523363977,missing
red3:lane1:snr22.0:seed4:frame41,22.0,41,cwz_joint,0,true,false,true,missing,false,true,gradient_only,8,113,0,0.2309244528216911,21.171920602832966,missing
red3:lane1:snr22.0:seed4:frame42,22.0,42,cwz_joint,0,true,false,true,missing,false,true,gradient_only,8,79,0,0.5196960496733186,18.010975642956513,missing
red3:lane1:snr22.0:seed4:frame43,22.0,43,cwz_joint,5,false,false,true,missing,false,true,gradient_only,8,169,0,1.3486865195068032,26.849013016957258,missing
red3:lane1:snr22.0:seed4:frame44,22.0,44,cwz_joint,0,true,false,true,missing,false,true,gradient_only,8,78,0,0.3078784753968046,32.68932177933713,missing
red3:lane1:snr22.0:seed4:frame45,22.0,45,cwz_joint,0,true,false,true,missing,false,true,gradient_only,8,109,0,4.749206981011639,35.98324333806596,missing
red3:lane1:snr22.0:seed4:frame46,22.0,46,cwz_joint,0,true,false,true,missing,false,true,gradient_only,8,123,0,0.5564132383444123,23.151933754760943,missing
red3:lane1:snr22.0:seed4:frame47,22.0,47,cwz_joint,0,true,false,true,missing,false,true,gradient_only,8,142,0,2.342603488167894,29.15775052560093,missing
red3:lane1:snr22.0:seed4:frame48,22.0,48,cwz_joint,0,true,false,true,missing,false,true,gradient_only,8,140,0,0.8185879050457128,39.16987826384524,missing
red3:lane1:snr22.0:seed4:frame49,22.0,49,cwz_joint,0,true,false,true,missing,false,true,gradient_only,8,129,0,0.3266841689768793,28.53945165847904,missing
red3:lane1:snr22.0:seed4:frame50,22.0,50,cwz_joint,0,true,false,true,missing,false,true,gradient_only,8,92,0,0.34348091037173184,24.143441876614126,missing
red3:lane1:snr22.0:seed4:frame51,22.0,51,cwz_joint,0,true,false,true,missing,false,true,gradient_only,8,74,0,0.2857773154442848,33.918552374549165,missing
red3:lane1:snr22.0:seed4:frame52,22.0,52,cwz_joint,0,true,false,true,missing,false,true,gradient_only,8,88,0,0.5320813800530835,29.532389602596414,missing
red3:lane1:snr22.0:seed4:frame53,22.0,53,cwz_joint,0,true,false,true,missing,false,true,gradient_only,8,144,0,0.5999626511324596,35.53908974088846,missing
red3:lane1:snr22.0:seed4:frame54,22.0,54,cwz_joint,1,false,false,true,missing,false,true,gradient_only,8,158,0,0.4162728125828399,37.7090328767038,missing
red3:lane1:snr22.0:seed4:frame55,22.0,55,cwz_joint,0,true,false,true,missing,false,true,gradient_only,8,154,0,0.6063150378820196,31.581416809819835,missing
red3:lane1:snr22.0:seed4:frame56,22.0,56,cwz_joint,0,true,false,true,missing,false,true,gradient_only,8,136,0,0.46261669691988716,34.373571475925026,missing
red3:lane1:snr22.0:seed4:frame57,22.0,57,cwz_joint,1,false,false,true,missing,false,true,gradient_only,8,148,0,0.35751753876361164,42.81645881924865,missing
red3:lane1:snr22.0:seed4:frame58,22.0,58,cwz_joint,0,true,false,true,missing,false,true,gradient_only,8,137,0,0.4275849521126125,25.897540511835793,missing
red3:lane1:snr22.0:seed4:frame59,22.0,59,cwz_joint,1,false,false,true,missing,false,true,gradient_only,8,127,0,0.3893563805838372,19.935338383942327,missing
red3:lane1:snr22.0:seed4:frame60,22.0,60,cwz_joint,0,true,false,true,missing,false,true,gradient_only,8,165,0,0.44351919527163275,21.428108942373754,missing
red3:lane1:snr22.0:seed4:frame1,22.0,1,profiled_cz,0,true,false,true,missing,false,true,gradient_only,1,80,0,0.3787571123351608,2.407540219366564,missing
red3:lane1:snr22.0:seed4:frame2,22.0,2,profiled_cz,0,true,false,true,missing,false,true,gradient_only,1,67,0,0.34113777157755076,1.9986932146641296,missing
red3:lane1:snr22.0:seed4:frame3,22.0,3,profiled_cz,1,false,false,true,missing,false,true,gradient_only,1,120,0,0.6370765689556624,3.6928959709045714,missing
red3:lane1:snr22.0:seed4:frame4,22.0,4,profiled_cz,0,true,false,true,missing,false,true,gradient_only,1,158,0,0.4655029178329659,5.1961782296573205,missing
red3:lane1:snr22.0:seed4:frame5,22.0,5,profiled_cz,0,true,false,true,missing,false,true,gradient_only,1,98,0,0.4086014113290011,3.7426553077429685,missing
red3:lane1:snr22.0:seed4:frame6,22.0,6,profiled_cz,0,true,false,true,missing,false,true,gradient_only,1,87,0,0.41576402280175007,1.8150784735990144,missing
red3:lane1:snr22.0:seed4:frame7,22.0,7,profiled_cz,0,true,false,true,missing,false,true,gradient_only,1,105,0,0.39411932489913,3.407716489778623,missing
red3:lane1:snr22.0:seed4:frame8,22.0,8,profiled_cz,2,false,false,false,missing,false,true,gradient_only,1,143,4,0.7091215823304619,5.180000418537307,missing
red3:lane1:snr22.0:seed4:frame9,22.0,9,profiled_cz,0,true,false,true,missing,false,true,gradient_only,1,86,0,0.4556933457360913,2.2592422037193813,missing
red3:lane1:snr22.0:seed4:frame10,22.0,10,profiled_cz,0,true,false,true,missing,false,true,gradient_only,1,135,0,3.2493296479484077,2.9054261848094947,missing
red3:lane1:snr22.0:seed4:frame11,22.0,11,profiled_cz,0,true,false,true,missing,false,true,gradient_only,1,103,0,0.47584657484053666,2.3080386104362454,missing
red3:lane1:snr22.0:seed4:frame12,22.0,12,profiled_cz,0,true,false,true,missing,false,true,gradient_only,1,87,0,1.6916528768649315,3.6782495551406575,missing
red3:lane1:snr22.0:seed4:frame13,22.0,13,profiled_cz,0,true,false,true,missing,false,true,gradient_only,1,89,0,0.5600737255238941,2.1892734603899116,missing
red3:lane1:snr22.0:seed4:frame14,22.0,14,profiled_cz,0,true,false,true,missing,false,true,gradient_only,1,121,0,0.5671139668063839,1.8438605176890206,missing
red3:lane1:snr22.0:seed4:frame15,22.0,15,profiled_cz,0,true,false,true,missing,false,true,gradient_only,1,95,0,1.0883490623157097,2.294737138853486,missing
red3:lane1:snr22.0:seed4:frame16,22.0,16,profiled_cz,2,false,false,true,missing,false,true,gradient_only,1,193,0,0.6089784702430696,3.608997018444737,missing
red3:lane1:snr22.0:seed4:frame17,22.0,17,profiled_cz,0,true,false,true,missing,false,true,gradient_only,1,122,0,0.5839001944740293,5.361733672460046,missing
red3:lane1:snr22.0:seed4:frame18,22.0,18,profiled_cz,0,true,false,true,missing,false,true,gradient_only,1,86,0,0.43795756559032945,1.7277873714064567,missing
red3:lane1:snr22.0:seed4:frame19,22.0,19,profiled_cz,0,true,false,true,missing,false,true,gradient_only,1,95,0,0.4201984837558301,2.215460582264979,missing
red3:lane1:snr22.0:seed4:frame20,22.0,20,profiled_cz,0,true,false,true,missing,false,true,gradient_only,1,149,0,0.5773098848838155,3.3345477736555846,missing
red3:lane1:snr22.0:seed4:frame21,22.0,21,profiled_cz,0,true,false,true,missing,false,true,gradient_only,1,106,0,0.41862597566616866,2.108918967760005,missing
red3:lane1:snr22.0:seed4:frame22,22.0,22,profiled_cz,0,true,false,true,missing,false,true,gradient_only,1,171,0,0.5515964809433701,2.619415148788129,missing
red3:lane1:snr22.0:seed4:frame23,22.0,23,profiled_cz,0,true,false,true,missing,false,true,gradient_only,1,87,0,0.31604987706006804,2.397284674767937,missing
red3:lane1:snr22.0:seed4:frame24,22.0,24,profiled_cz,0,true,false,true,missing,false,true,gradient_only,1,82,0,0.3058678014762914,2.6961513770943237,missing
red3:lane1:snr22.0:seed4:frame25,22.0,25,profiled_cz,0,true,false,true,missing,false,true,gradient_only,1,56,0,0.4825722666728308,1.8173555729699573,missing
red3:lane1:snr22.0:seed4:frame26,22.0,26,profiled_cz,1,false,false,true,missing,false,true,gradient_only,1,145,0,0.4043176700926132,5.6886991537956435,missing
red3:lane1:snr22.0:seed4:frame27,22.0,27,profiled_cz,0,true,false,true,missing,false,true,gradient_only,1,122,0,0.6714565304898682,3.304620923910768,missing
red3:lane1:snr22.0:seed4:frame28,22.0,28,profiled_cz,0,true,false,true,missing,false,true,gradient_only,1,132,0,0.4468763405774473,2.1183582045504528,missing
red3:lane1:snr22.0:seed4:frame29,22.0,29,profiled_cz,0,true,false,true,missing,false,true,gradient_only,1,160,0,0.5021547725561331,3.3299059193330542,missing
red3:lane1:snr22.0:seed4:frame30,22.0,30,profiled_cz,0,true,false,true,missing,false,true,gradient_only,1,124,0,0.8555483658507096,2.2830595152426016,missing
red3:lane1:snr22.0:seed4:frame31,22.0,31,profiled_cz,2,false,false,true,missing,false,true,gradient_only,1,135,0,0.46337154375239265,2.5952479387829155,missing
red3:lane1:snr22.0:seed4:frame32,22.0,32,profiled_cz,0,true,false,true,missing,false,true,gradient_only,1,176,0,0.6039896976176076,3.3394578818787912,missing
red3:lane1:snr22.0:seed4:frame33,22.0,33,profiled_cz,0,true,false,true,missing,false,true,gradient_only,1,142,0,0.2734599954168541,2.5701873757454075,missing
red3:lane1:snr22.0:seed4:frame34,22.0,34,profiled_cz,0,true,false,true,missing,false,true,gradient_only,1,66,0,0.22256776808365705,2.102383042686039,missing
red3:lane1:snr22.0:seed4:frame35,22.0,35,profiled_cz,1,false,false,false,missing,false,true,gradient_only,1,171,5,0.9229604442948276,4.260218558080669,missing
red3:lane1:snr22.0:seed4:frame36,22.0,36,profiled_cz,1,false,false,true,missing,false,true,gradient_only,1,158,0,0.8803343389590147,3.7720839509107695,missing
red3:lane1:snr22.0:seed4:frame37,22.0,37,profiled_cz,0,true,false,true,missing,false,true,gradient_only,1,101,0,0.3032689716769184,1.7878558157109639,missing
red3:lane1:snr22.0:seed4:frame38,22.0,38,profiled_cz,0,true,false,true,missing,false,true,gradient_only,1,120,0,0.6984046920099392,3.333365419382602,missing
red3:lane1:snr22.0:seed4:frame39,22.0,39,profiled_cz,0,true,false,true,missing,false,true,gradient_only,1,128,0,0.3751750254889808,2.9237506045289363,missing
red3:lane1:snr22.0:seed4:frame40,22.0,40,profiled_cz,0,true,false,true,missing,false,true,gradient_only,1,164,0,2.251540297461469,3.859667339345556,missing
red3:lane1:snr22.0:seed4:frame41,22.0,41,profiled_cz,0,true,false,true,missing,false,true,gradient_only,1,113,0,0.2309244528216911,2.0152131960329562,missing
red3:lane1:snr22.0:seed4:frame42,22.0,42,profiled_cz,0,true,false,true,missing,false,true,gradient_only,1,79,0,0.5196960496733186,1.6554986608285893,missing
red3:lane1:snr22.0:seed4:frame43,22.0,43,profiled_cz,5,false,false,true,missing,false,true,gradient_only,1,169,0,1.3486865195068032,106.46507729098397,missing
red3:lane1:snr22.0:seed4:frame44,22.0,44,profiled_cz,0,true,false,true,missing,false,true,gradient_only,1,78,0,0.3078784753968046,2.6994675224284785,missing
red3:lane1:snr22.0:seed4:frame45,22.0,45,profiled_cz,0,true,false,true,missing,false,true,gradient_only,1,109,0,4.749206981011639,2.4845804506691014,missing
red3:lane1:snr22.0:seed4:frame46,22.0,46,profiled_cz,0,true,false,true,missing,false,true,gradient_only,1,123,0,0.5564132383444123,1.852922700206801,missing
red3:lane1:snr22.0:seed4:frame47,22.0,47,profiled_cz,0,true,false,true,missing,false,true,gradient_only,1,142,0,2.342603488167894,3.0738819875500565,missing
red3:lane1:snr22.0:seed4:frame48,22.0,48,profiled_cz,0,true,false,true,missing,false,true,gradient_only,1,140,0,0.8185879050457128,5.269860616465299,missing
red3:lane1:snr22.0:seed4:frame49,22.0,49,profiled_cz,0,true,false,true,missing,false,true,gradient_only,1,129,0,0.3266841689768793,2.42132098094632,missing
red3:lane1:snr22.0:seed4:frame50,22.0,50,profiled_cz,0,true,false,true,missing,false,true,gradient_only,1,92,0,0.34348091037173184,2.275498309799849,missing
red3:lane1:snr22.0:seed4:frame51,22.0,51,profiled_cz,0,true,false,true,missing,false,true,gradient_only,1,74,0,0.2857773154442848,2.162881196281577,missing
red3:lane1:snr22.0:seed4:frame52,22.0,52,profiled_cz,0,true,false,true,missing,false,true,gradient_only,1,88,0,0.5320813800530835,1.8609304507858697,missing
red3:lane1:snr22.0:seed4:frame53,22.0,53,profiled_cz,0,true,false,true,missing,false,true,gradient_only,1,144,0,0.5999626511324596,2.3684792032003905,missing
red3:lane1:snr22.0:seed4:frame54,22.0,54,profiled_cz,1,false,false,true,missing,false,true,gradient_only,1,158,0,0.4162728125828399,5.454986007740083,missing
red3:lane1:snr22.0:seed4:frame55,22.0,55,profiled_cz,0,true,false,true,missing,false,true,gradient_only,1,154,0,0.6063150378820196,2.7651546221377634,missing
red3:lane1:snr22.0:seed4:frame56,22.0,56,profiled_cz,0,true,false,true,missing,false,true,gradient_only,1,136,0,0.46261669691988716,3.387668239275889,missing
red3:lane1:snr22.0:seed4:frame57,22.0,57,profiled_cz,1,false,false,true,missing,false,true,gradient_only,1,148,0,0.35751753876361164,3.6858998942919863,missing
red3:lane1:snr22.0:seed4:frame58,22.0,58,profiled_cz,0,true,false,true,missing,false,true,gradient_only,1,137,0,0.4275849521126125,1.9118876792861292,missing
red3:lane1:snr22.0:seed4:frame59,22.0,59,profiled_cz,1,false,false,true,missing,false,true,gradient_only,1,127,0,0.3893563805838372,2.4191466429907633,missing
red3:lane1:snr22.0:seed4:frame60,22.0,60,profiled_cz,0,true,false,true,missing,false,true,gradient_only,1,165,0,0.44351919527163275,2.3881153140239544,missing
red3:lane1:snr24.0:seed4:frame1,24.0,1,cwz_joint,0,true,false,true,missing,false,true,gradient_only,8,73,0,0.36711713741140983,42.26636368061319,missing
red3:lane1:snr24.0:seed4:frame2,24.0,2,cwz_joint,0,true,false,true,missing,false,true,gradient_only,8,66,0,0.49566723305702753,35.20898945298965,missing
red3:lane1:snr24.0:seed4:frame3,24.0,3,cwz_joint,1,false,false,true,missing,false,true,gradient_only,8,117,0,0.5141570463574124,43.47148837189284,missing
red3:lane1:snr24.0:seed4:frame4,24.0,4,cwz_joint,0,true,false,true,missing,false,true,gradient_only,8,150,0,0.4440633254419299,46.522490443494746,missing
red3:lane1:snr24.0:seed4:frame5,24.0,5,cwz_joint,0,true,false,true,missing,false,true,gradient_only,8,93,0,0.8555579899713415,34.647679255992244,missing
red3:lane1:snr24.0:seed4:frame6,24.0,6,cwz_joint,0,true,false,true,missing,false,true,gradient_only,8,75,0,0.5015772539010142,25.74885681595952,missing
red3:lane1:snr24.0:seed4:frame7,24.0,7,cwz_joint,0,true,false,true,missing,false,true,gradient_only,8,104,0,0.34316642925417085,17.16599511601402,missing
red3:lane1:snr24.0:seed4:frame8,24.0,8,cwz_joint,1,false,false,true,missing,false,true,gradient_only,8,127,0,2.2034737777412245,45.35594743981457,missing
red3:lane1:snr24.0:seed4:frame9,24.0,9,cwz_joint,0,true,false,true,missing,false,true,gradient_only,8,76,0,1.8543953396739106,32.182020815703325,missing
red3:lane1:snr24.0:seed4:frame10,24.0,10,cwz_joint,0,true,false,true,missing,false,true,gradient_only,8,127,0,0.4360879652488292,26.732390652624957,missing
red3:lane1:snr24.0:seed4:frame11,24.0,11,cwz_joint,0,true,false,true,missing,false,true,gradient_only,8,93,0,0.41263191758989737,34.679305435486455,missing
red3:lane1:snr24.0:seed4:frame12,24.0,12,cwz_joint,0,true,false,true,missing,false,true,gradient_only,8,86,0,0.6525823546817594,32.44413315452924,missing
red3:lane1:snr24.0:seed4:frame13,24.0,13,cwz_joint,0,true,false,true,missing,false,true,gradient_only,8,85,0,0.6989341305918002,31.074096937749545,missing
red3:lane1:snr24.0:seed4:frame14,24.0,14,cwz_joint,0,true,false,true,missing,false,true,gradient_only,8,110,0,0.5426478457296808,23.586805298386558,missing
red3:lane1:snr24.0:seed4:frame15,24.0,15,cwz_joint,0,true,false,true,missing,false,true,gradient_only,8,84,0,0.4452261584956166,28.905767644129657,missing
red3:lane1:snr24.0:seed4:frame16,24.0,16,cwz_joint,0,true,false,true,missing,false,true,gradient_only,8,181,0,0.5982744148017046,34.39374636793237,missing
red3:lane1:snr24.0:seed4:frame17,24.0,17,cwz_joint,0,true,false,true,missing,false,true,gradient_only,8,154,0,0.533571925168727,34.6660117442765,missing
red3:lane1:snr24.0:seed4:frame18,24.0,18,cwz_joint,0,true,false,true,missing,false,true,gradient_only,8,88,0,0.6387777019608649,24.354158968389328,missing
red3:lane1:snr24.0:seed4:frame19,24.0,19,cwz_joint,0,true,false,true,missing,false,true,gradient_only,8,97,0,0.3271378474023238,32.66856273463758,missing
red3:lane1:snr24.0:seed4:frame20,24.0,20,cwz_joint,0,true,false,true,missing,false,true,gradient_only,8,138,0,1.258284303012555,42.773458586175565,missing
red3:lane1:snr24.0:seed4:frame21,24.0,21,cwz_joint,0,true,false,true,missing,false,true,gradient_only,8,110,0,0.45502232573763374,19.681156442783355,missing
red3:lane1:snr24.0:seed4:frame22,24.0,22,cwz_joint,0,true,false,true,missing,false,true,gradient_only,8,161,0,0.3778763907210792,27.720130467214627,missing
red3:lane1:snr24.0:seed4:frame23,24.0,23,cwz_joint,0,true,false,true,missing,false,true,gradient_only,8,84,0,0.46587435436856117,33.04839245298454,missing
red3:lane1:snr24.0:seed4:frame24,24.0,24,cwz_joint,0,true,false,true,missing,false,true,gradient_only,8,79,0,0.3162552777421451,32.66724153971439,missing
red3:lane1:snr24.0:seed4:frame25,24.0,25,cwz_joint,0,true,false,true,missing,false,true,gradient_only,8,54,0,0.5999791525597472,25.995671645774497,missing
red3:lane1:snr24.0:seed4:frame26,24.0,26,cwz_joint,1,false,false,true,missing,false,true,gradient_only,8,146,0,0.36461594609581766,36.05554052595892,missing
red3:lane1:snr24.0:seed4:frame27,24.0,27,cwz_joint,0,true,false,true,missing,false,true,gradient_only,8,115,0,0.4133643045739795,25.372849801296766,missing
red3:lane1:snr24.0:seed4:frame28,24.0,28,cwz_joint,0,true,false,true,missing,false,true,gradient_only,8,122,0,0.3475068589214638,27.18377469855861,missing
red3:lane1:snr24.0:seed4:frame29,24.0,29,cwz_joint,0,true,false,true,missing,false,true,gradient_only,8,149,0,0.6158764080534973,33.23950942944125,missing
red3:lane1:snr24.0:seed4:frame30,24.0,30,cwz_joint,0,true,false,true,missing,false,true,gradient_only,8,109,0,0.5412978786138101,36.454545958536954,missing
red3:lane1:snr24.0:seed4:frame31,24.0,31,cwz_joint,1,false,false,true,missing,false,true,gradient_only,8,119,0,0.4131769805842807,29.002303191490423,missing
red3:lane1:snr24.0:seed4:frame32,24.0,32,cwz_joint,0,true,false,true,missing,false,true,gradient_only,8,152,0,0.7974341789030788,28.475808469487635,missing
red3:lane1:snr24.0:seed4:frame33,24.0,33,cwz_joint,0,true,false,true,missing,false,true,gradient_only,8,134,0,0.32196702421754847,26.124106125101754,missing
red3:lane1:snr24.0:seed4:frame34,24.0,34,cwz_joint,0,true,false,true,missing,false,true,gradient_only,8,62,0,0.2048899092057148,20.120305828722895,missing
red3:lane1:snr24.0:seed4:frame35,24.0,35,cwz_joint,1,false,false,true,missing,false,true,gradient_only,8,149,0,0.5711175102210618,38.47918874808275,missing
red3:lane1:snr24.0:seed4:frame36,24.0,36,cwz_joint,0,true,false,true,missing,false,true,gradient_only,8,171,0,0.5795800617421811,35.19944116336886,missing
red3:lane1:snr24.0:seed4:frame37,24.0,37,cwz_joint,0,true,false,true,missing,false,true,gradient_only,8,90,0,0.26169756049933535,19.128655419971178,missing
red3:lane1:snr24.0:seed4:frame38,24.0,38,cwz_joint,0,true,false,true,missing,false,true,gradient_only,8,108,0,0.46036765217180536,25.48452319694841,missing
red3:lane1:snr24.0:seed4:frame39,24.0,39,cwz_joint,0,true,false,true,missing,false,true,gradient_only,8,124,0,0.36611874120081356,36.987675355829914,missing
red3:lane1:snr24.0:seed4:frame40,24.0,40,cwz_joint,0,true,false,true,missing,false,true,gradient_only,8,160,0,0.4390137590680476,39.341554744150436,missing
red3:lane1:snr24.0:seed4:frame41,24.0,41,cwz_joint,0,true,false,true,missing,false,true,gradient_only,8,101,0,0.22968480583495163,20.349972698266054,missing
red3:lane1:snr24.0:seed4:frame42,24.0,42,cwz_joint,0,true,false,true,missing,false,true,gradient_only,8,74,0,0.39455399807226244,17.792919235649215,missing
red3:lane1:snr24.0:seed4:frame43,24.0,43,cwz_joint,4,false,false,true,missing,false,true,gradient_only,8,171,0,2.8604645501389827,22.361657560328034,missing
red3:lane1:snr24.0:seed4:frame44,24.0,44,cwz_joint,0,true,false,true,missing,false,true,gradient_only,8,71,0,0.23540458050022425,32.31318634623488,missing
red3:lane1:snr24.0:seed4:frame45,24.0,45,cwz_joint,0,true,false,true,missing,false,true,gradient_only,8,102,0,0.4585112504487025,35.59766073658347,missing
red3:lane1:snr24.0:seed4:frame46,24.0,46,cwz_joint,0,true,false,true,missing,false,true,gradient_only,8,122,0,0.4096483777130782,22.54596132775841,missing
red3:lane1:snr24.0:seed4:frame47,24.0,47,cwz_joint,0,true,false,true,missing,false,true,gradient_only,8,121,0,0.7252767611998657,28.239244358124612,missing
red3:lane1:snr24.0:seed4:frame48,24.0,48,cwz_joint,0,true,false,true,missing,false,true,gradient_only,8,137,0,0.8987866706718447,38.70137219717257,missing
red3:lane1:snr24.0:seed4:frame49,24.0,49,cwz_joint,0,true,false,true,missing,false,true,gradient_only,8,123,0,0.328995117655367,28.302038678351643,missing
red3:lane1:snr24.0:seed4:frame50,24.0,50,cwz_joint,0,true,false,true,missing,false,true,gradient_only,8,91,0,0.293860805213096,23.91449533249945,missing
red3:lane1:snr24.0:seed4:frame51,24.0,51,cwz_joint,0,true,false,true,missing,false,true,gradient_only,8,68,0,0.21558420366579945,33.4507526380087,missing
red3:lane1:snr24.0:seed4:frame52,24.0,52,cwz_joint,0,true,false,true,missing,false,true,gradient_only,8,75,0,0.3408578588080761,29.138075473936524,missing
red3:lane1:snr24.0:seed4:frame53,24.0,53,cwz_joint,0,true,false,true,missing,false,true,gradient_only,8,143,0,1.806836460836867,35.04930926120159,missing
red3:lane1:snr24.0:seed4:frame54,24.0,54,cwz_joint,0,true,false,true,missing,false,true,gradient_only,8,157,0,0.3872171955983062,36.600113641400114,missing
red3:lane1:snr24.0:seed4:frame55,24.0,55,cwz_joint,0,true,false,true,missing,false,true,gradient_only,8,149,0,0.6728369575038562,30.678519471916395,missing
red3:lane1:snr24.0:seed4:frame56,24.0,56,cwz_joint,0,true,false,true,missing,false,true,gradient_only,8,137,0,0.3273682594356544,34.00991065273432,missing
red3:lane1:snr24.0:seed4:frame57,24.0,57,cwz_joint,1,false,false,true,missing,false,true,gradient_only,8,139,0,0.3111290117407216,43.09485910762832,missing
red3:lane1:snr24.0:seed4:frame58,24.0,58,cwz_joint,0,true,false,true,missing,false,true,gradient_only,8,129,0,0.7899537216712859,25.63212707371501,missing
red3:lane1:snr24.0:seed4:frame59,24.0,59,cwz_joint,1,false,false,true,missing,false,true,gradient_only,8,123,0,0.35476354234823443,19.6247444345359,missing
red3:lane1:snr24.0:seed4:frame60,24.0,60,cwz_joint,0,true,false,true,missing,false,true,gradient_only,8,156,0,1.619292040564712,20.48451052771737,missing
red3:lane1:snr24.0:seed4:frame1,24.0,1,profiled_cz,0,true,false,true,missing,false,true,gradient_only,1,73,0,0.36711713741140983,2.3669797583686063,missing
red3:lane1:snr24.0:seed4:frame2,24.0,2,profiled_cz,0,true,false,true,missing,false,true,gradient_only,1,66,0,0.49566723305702753,1.9854948935272645,missing
red3:lane1:snr24.0:seed4:frame3,24.0,3,profiled_cz,1,false,false,true,missing,false,true,gradient_only,1,117,0,0.5141570463574124,5.468684462167928,missing
red3:lane1:snr24.0:seed4:frame4,24.0,4,profiled_cz,0,true,false,true,missing,false,true,gradient_only,1,150,0,0.4440633254419299,4.095402425324566,missing
red3:lane1:snr24.0:seed4:frame5,24.0,5,profiled_cz,0,true,false,true,missing,false,true,gradient_only,1,93,0,0.8555579899713415,3.7082188233760722,missing
red3:lane1:snr24.0:seed4:frame6,24.0,6,profiled_cz,0,true,false,true,missing,false,true,gradient_only,1,75,0,0.5015772539010142,1.7753497625971926,missing
red3:lane1:snr24.0:seed4:frame7,24.0,7,profiled_cz,0,true,false,true,missing,false,true,gradient_only,1,104,0,0.34316642925417085,2.6339189090803545,missing
red3:lane1:snr24.0:seed4:frame8,24.0,8,profiled_cz,1,false,false,true,missing,false,true,gradient_only,1,127,0,2.2034737777412245,5.655994147916581,missing
red3:lane1:snr24.0:seed4:frame9,24.0,9,profiled_cz,0,true,false,true,missing,false,true,gradient_only,1,76,0,1.8543953396739106,2.141510819105573,missing
red3:lane1:snr24.0:seed4:frame10,24.0,10,profiled_cz,0,true,false,true,missing,false,true,gradient_only,1,127,0,0.4360879652488292,2.6418948294798867,missing
red3:lane1:snr24.0:seed4:frame11,24.0,11,profiled_cz,0,true,false,true,missing,false,true,gradient_only,1,93,0,0.41263191758989737,2.206732471315333,missing
red3:lane1:snr24.0:seed4:frame12,24.0,12,profiled_cz,0,true,false,true,missing,false,true,gradient_only,1,86,0,0.6525823546817594,3.3270770347366843,missing
red3:lane1:snr24.0:seed4:frame13,24.0,13,profiled_cz,0,true,false,true,missing,false,true,gradient_only,1,85,0,0.6989341305918002,2.1583975646782174,missing
red3:lane1:snr24.0:seed4:frame14,24.0,14,profiled_cz,0,true,false,true,missing,false,true,gradient_only,1,110,0,0.5426478457296808,1.776609102178328,missing
red3:lane1:snr24.0:seed4:frame15,24.0,15,profiled_cz,0,true,false,true,missing,false,true,gradient_only,1,84,0,0.4452261584956166,2.265444794637166,missing
red3:lane1:snr24.0:seed4:frame16,24.0,16,profiled_cz,0,true,false,true,missing,false,true,gradient_only,1,181,0,0.5982744148017046,3.3461001277592324,missing
red3:lane1:snr24.0:seed4:frame17,24.0,17,profiled_cz,0,true,false,true,missing,false,true,gradient_only,1,154,0,0.533571925168727,4.36948238049309,missing
red3:lane1:snr24.0:seed4:frame18,24.0,18,profiled_cz,0,true,false,true,missing,false,true,gradient_only,1,88,0,0.6387777019608649,1.632971442561448,missing
red3:lane1:snr24.0:seed4:frame19,24.0,19,profiled_cz,0,true,false,true,missing,false,true,gradient_only,1,97,0,0.3271378474023238,2.151661363240318,missing
red3:lane1:snr24.0:seed4:frame20,24.0,20,profiled_cz,0,true,false,true,missing,false,true,gradient_only,1,138,0,1.258284303012555,3.3009169201943127,missing
red3:lane1:snr24.0:seed4:frame21,24.0,21,profiled_cz,0,true,false,true,missing,false,true,gradient_only,1,110,0,0.45502232573763374,2.057049915261956,missing
red3:lane1:snr24.0:seed4:frame22,24.0,22,profiled_cz,0,true,false,true,missing,false,true,gradient_only,1,161,0,0.3778763907210792,2.4473783011906143,missing
red3:lane1:snr24.0:seed4:frame23,24.0,23,profiled_cz,0,true,false,true,missing,false,true,gradient_only,1,84,0,0.46587435436856117,2.4002447577111177,missing
red3:lane1:snr24.0:seed4:frame24,24.0,24,profiled_cz,0,true,false,true,missing,false,true,gradient_only,1,79,0,0.3162552777421451,2.6316136936956855,missing
red3:lane1:snr24.0:seed4:frame25,24.0,25,profiled_cz,0,true,false,true,missing,false,true,gradient_only,1,54,0,0.5999791525597472,1.7913277988022567,missing
red3:lane1:snr24.0:seed4:frame26,24.0,26,profiled_cz,1,false,false,true,missing,false,true,gradient_only,1,146,0,0.36461594609581766,6.0666634952837795,missing
red3:lane1:snr24.0:seed4:frame27,24.0,27,profiled_cz,0,true,false,true,missing,false,true,gradient_only,1,115,0,0.4133643045739795,3.017471466020561,missing
red3:lane1:snr24.0:seed4:frame28,24.0,28,profiled_cz,0,true,false,true,missing,false,true,gradient_only,1,122,0,0.3475068589214638,2.0388496128683036,missing
red3:lane1:snr24.0:seed4:frame29,24.0,29,profiled_cz,0,true,false,true,missing,false,true,gradient_only,1,149,0,0.6158764080534973,3.259652363825566,missing
red3:lane1:snr24.0:seed4:frame30,24.0,30,profiled_cz,0,true,false,true,missing,false,true,gradient_only,1,109,0,0.5412978786138101,2.181806318808564,missing
red3:lane1:snr24.0:seed4:frame31,24.0,31,profiled_cz,1,false,false,true,missing,false,true,gradient_only,1,119,0,0.4131769805842807,2.5600260352042947,missing
red3:lane1:snr24.0:seed4:frame32,24.0,32,profiled_cz,0,true,false,true,missing,false,true,gradient_only,1,152,0,0.7974341789030788,3.1695732752357184,missing
red3:lane1:snr24.0:seed4:frame33,24.0,33,profiled_cz,0,true,false,true,missing,false,true,gradient_only,1,134,0,0.32196702421754847,2.54050678802127,missing
red3:lane1:snr24.0:seed4:frame34,24.0,34,profiled_cz,0,true,false,true,missing,false,true,gradient_only,1,62,0,0.2048899092057148,2.073817826283137,missing
red3:lane1:snr24.0:seed4:frame35,24.0,35,profiled_cz,1,false,false,true,missing,false,true,gradient_only,1,149,0,0.5711175102210618,4.054655366191474,missing
red3:lane1:snr24.0:seed4:frame36,24.0,36,profiled_cz,0,true,false,true,missing,false,true,gradient_only,1,171,0,0.5795800617421811,4.021416806028231,missing
red3:lane1:snr24.0:seed4:frame37,24.0,37,profiled_cz,0,true,false,true,missing,false,true,gradient_only,1,90,0,0.26169756049933535,1.7468404831769508,missing
red3:lane1:snr24.0:seed4:frame38,24.0,38,profiled_cz,0,true,false,true,missing,false,true,gradient_only,1,108,0,0.46036765217180536,3.262601403837121,missing
red3:lane1:snr24.0:seed4:frame39,24.0,39,profiled_cz,0,true,false,true,missing,false,true,gradient_only,1,124,0,0.36611874120081356,2.963335276057538,missing
red3:lane1:snr24.0:seed4:frame40,24.0,40,profiled_cz,0,true,false,true,missing,false,true,gradient_only,1,160,0,0.4390137590680476,3.8619540223718896,missing
red3:lane1:snr24.0:seed4:frame41,24.0,41,profiled_cz,0,true,false,true,missing,false,true,gradient_only,1,101,0,0.22968480583495163,1.917944791142149,missing
red3:lane1:snr24.0:seed4:frame42,24.0,42,profiled_cz,0,true,false,true,missing,false,true,gradient_only,1,74,0,0.39455399807226244,1.6117786685880955,missing
red3:lane1:snr24.0:seed4:frame43,24.0,43,profiled_cz,4,false,false,false,missing,false,true,gradient_only,1,171,5,2.8604645501389827,63.42319572510941,missing
red3:lane1:snr24.0:seed4:frame44,24.0,44,profiled_cz,0,true,false,true,missing,false,true,gradient_only,1,71,0,0.23540458050022425,2.6680677819383325,missing
red3:lane1:snr24.0:seed4:frame45,24.0,45,profiled_cz,0,true,false,true,missing,false,true,gradient_only,1,102,0,0.4585112504487025,2.450854619965855,missing
red3:lane1:snr24.0:seed4:frame46,24.0,46,profiled_cz,0,true,false,true,missing,false,true,gradient_only,1,122,0,0.4096483777130782,1.7882946485824027,missing
red3:lane1:snr24.0:seed4:frame47,24.0,47,profiled_cz,0,true,false,true,missing,false,true,gradient_only,1,121,0,0.7252767611998657,3.0184785303263757,missing
red3:lane1:snr24.0:seed4:frame48,24.0,48,profiled_cz,0,true,false,true,missing,false,true,gradient_only,1,137,0,0.8987866706718447,5.260309425421046,missing
red3:lane1:snr24.0:seed4:frame49,24.0,49,profiled_cz,0,true,false,true,missing,false,true,gradient_only,1,123,0,0.328995117655367,2.38209822009598,missing
red3:lane1:snr24.0:seed4:frame50,24.0,50,profiled_cz,0,true,false,true,missing,false,true,gradient_only,1,91,0,0.293860805213096,2.124054710531125,missing
red3:lane1:snr24.0:seed4:frame51,24.0,51,profiled_cz,0,true,false,true,missing,false,true,gradient_only,1,68,0,0.21558420366579945,2.0969846313389944,missing
red3:lane1:snr24.0:seed4:frame52,24.0,52,profiled_cz,0,true,false,true,missing,false,true,gradient_only,1,75,0,0.3408578588080761,1.8311945930000746,missing
red3:lane1:snr24.0:seed4:frame53,24.0,53,profiled_cz,0,true,false,true,missing,false,true,gradient_only,1,143,0,1.806836460836867,2.213574984397486,missing
red3:lane1:snr24.0:seed4:frame54,24.0,54,profiled_cz,0,true,false,true,missing,false,true,gradient_only,1,157,0,0.3872171955983062,5.437885583207809,missing
red3:lane1:snr24.0:seed4:frame55,24.0,55,profiled_cz,0,true,false,true,missing,false,true,gradient_only,1,149,0,0.6728369575038562,2.7881489317754298,missing
red3:lane1:snr24.0:seed4:frame56,24.0,56,profiled_cz,0,true,false,true,missing,false,true,gradient_only,1,137,0,0.3273682594356544,3.328117375031175,missing
red3:lane1:snr24.0:seed4:frame57,24.0,57,profiled_cz,1,false,false,true,missing,false,true,gradient_only,1,139,0,0.3111290117407216,3.6088030306508645,missing
red3:lane1:snr24.0:seed4:frame58,24.0,58,profiled_cz,0,true,false,true,missing,false,true,gradient_only,1,129,0,0.7899537216712859,1.8822329590818985,missing
red3:lane1:snr24.0:seed4:frame59,24.0,59,profiled_cz,1,false,false,true,missing,false,true,gradient_only,1,123,0,0.35476354234823443,2.469901547639704,missing
red3:lane1:snr24.0:seed4:frame60,24.0,60,profiled_cz,0,true,false,true,missing,false,true,gradient_only,1,156,0,1.619292040564712,2.270687004518973,missing
red3:lane1:snr26.0:seed4:frame1,26.0,1,cwz_joint,0,true,false,true,missing,false,true,gradient_only,8,70,0,0.31147337157799904,41.8238132117931,missing
red3:lane1:snr26.0:seed4:frame2,26.0,2,cwz_joint,0,true,false,true,missing,false,true,gradient_only,8,64,0,0.4167223417448808,35.513949054587194,missing
red3:lane1:snr26.0:seed4:frame3,26.0,3,cwz_joint,1,false,false,true,missing,false,true,gradient_only,8,113,0,0.31658725491278433,43.37356468595509,missing
red3:lane1:snr26.0:seed4:frame4,26.0,4,cwz_joint,0,true,false,true,missing,false,true,gradient_only,8,143,0,2.2595782371247934,42.96311545138257,missing
red3:lane1:snr26.0:seed4:frame5,26.0,5,cwz_joint,0,true,false,true,missing,false,true,gradient_only,8,63,0,0.3232630886019794,39.14644338983206,missing
red3:lane1:snr26.0:seed4:frame6,26.0,6,cwz_joint,0,true,false,true,missing,false,true,gradient_only,8,72,0,0.6247663944872413,25.44802405962489,missing
red3:lane1:snr26.0:seed4:frame7,26.0,7,cwz_joint,0,true,false,true,missing,false,true,gradient_only,8,99,0,0.3435889846251869,16.908783036074023,missing
red3:lane1:snr26.0:seed4:frame8,26.0,8,cwz_joint,2,false,false,true,missing,false,true,gradient_only,8,126,0,0.7406934029982611,44.9037579313588,missing
red3:lane1:snr26.0:seed4:frame9,26.0,9,cwz_joint,0,true,false,true,missing,false,true,gradient_only,8,70,0,0.2652101962238123,31.97962233837232,missing
red3:lane1:snr26.0:seed4:frame10,26.0,10,cwz_joint,0,true,false,true,missing,false,true,gradient_only,8,127,0,0.3390619188689769,25.470696208586737,missing
red3:lane1:snr26.0:seed4:frame11,26.0,11,cwz_joint,0,true,false,true,missing,false,true,gradient_only,8,88,0,0.33691637615873143,34.13891538630835,missing
red3:lane1:snr26.0:seed4:frame12,26.0,12,cwz_joint,0,true,false,true,missing,false,true,gradient_only,8,85,0,0.4008033971239179,32.47309853737225,missing
red3:lane1:snr26.0:seed4:frame13,26.0,13,cwz_joint,0,true,false,true,missing,false,true,gradient_only,8,82,0,0.46065506760254066,30.364983816084052,missing
red3:lane1:snr26.0:seed4:frame14,26.0,14,cwz_joint,0,true,false,true,missing,false,true,gradient_only,8,104,0,0.32250755926457614,23.05235433794633,missing
red3:lane1:snr26.0:seed4:frame15,26.0,15,cwz_joint,0,true,false,true,missing,false,true,gradient_only,8,85,0,0.3007975664169662,28.47668848442655,missing
red3:lane1:snr26.0:seed4:frame16,26.0,16,cwz_joint,0,true,false,true,missing,false,true,gradient_only,8,169,0,0.7931859206913561,34.22602410927169,missing
red3:lane1:snr26.0:seed4:frame17,26.0,17,cwz_joint,0,true,false,true,missing,false,true,gradient_only,8,146,0,0.5888808933342154,35.08991812306532,missing
red3:lane1:snr26.0:seed4:frame18,26.0,18,cwz_joint,0,true,false,true,missing,false,true,gradient_only,8,85,0,1.4561437408627464,24.174270969901638,missing
red3:lane1:snr26.0:seed4:frame19,26.0,19,cwz_joint,0,true,false,true,missing,false,true,gradient_only,8,92,0,0.5778656322879816,32.43883863623674,missing
red3:lane1:snr26.0:seed4:frame20,26.0,20,cwz_joint,0,true,false,true,missing,false,true,gradient_only,8,129,0,0.6415232371187072,42.29154257214042,missing
red3:lane1:snr26.0:seed4:frame21,26.0,21,cwz_joint,0,true,false,true,missing,false,true,gradient_only,8,109,0,0.27729032214699634,19.529066168129834,missing
red3:lane1:snr26.0:seed4:frame22,26.0,22,cwz_joint,0,true,false,true,missing,false,true,gradient_only,8,153,0,0.3108952148693159,27.020507672697075,missing
red3:lane1:snr26.0:seed4:frame23,26.0,23,cwz_joint,0,true,false,true,missing,false,true,gradient_only,8,77,0,0.2281587566689923,33.14277023285474,missing
red3:lane1:snr26.0:seed4:frame24,26.0,24,cwz_joint,0,true,false,true,missing,false,true,gradient_only,8,75,0,1.3708094860633069,32.518255994236895,missing
red3:lane1:snr26.0:seed4:frame25,26.0,25,cwz_joint,0,true,false,true,missing,false,true,gradient_only,8,49,0,0.4226687675177622,26.083863311593944,missing
red3:lane1:snr26.0:seed4:frame26,26.0,26,cwz_joint,1,false,false,true,missing,false,true,gradient_only,8,149,0,0.3573867308404067,35.56472207697428,missing
red3:lane1:snr26.0:seed4:frame27,26.0,27,cwz_joint,0,true,false,true,missing,false,true,gradient_only,8,113,0,0.5925191489953009,24.535012332633542,missing
red3:lane1:snr26.0:seed4:frame28,26.0,28,cwz_joint,0,true,false,true,missing,false,true,gradient_only,8,115,0,0.25970522256935635,26.667723293256085,missing
red3:lane1:snr26.0:seed4:frame29,26.0,29,cwz_joint,0,true,false,true,missing,false,true,gradient_only,8,142,0,0.39527282075274073,32.81657777416969,missing
red3:lane1:snr26.0:seed4:frame30,26.0,30,cwz_joint,0,true,false,true,missing,false,true,gradient_only,8,97,0,0.43570533997506966,34.9727733405868,missing
red3:lane1:snr26.0:seed4:frame31,26.0,31,cwz_joint,1,false,false,true,missing,false,true,gradient_only,8,112,0,0.406795822697983,28.73816230960156,missing
red3:lane1:snr26.0:seed4:frame32,26.0,32,cwz_joint,0,true,false,true,missing,false,true,gradient_only,8,145,0,8.318748910198885,27.52084431499881,missing
red3:lane1:snr26.0:seed4:frame33,26.0,33,cwz_joint,0,true,false,true,missing,false,true,gradient_only,8,129,0,0.3330947495889642,26.03069611601709,missing
red3:lane1:snr26.0:seed4:frame34,26.0,34,cwz_joint,0,true,false,true,missing,false,true,gradient_only,8,60,0,0.19779624955397354,19.837225790280186,missing
red3:lane1:snr26.0:seed4:frame35,26.0,35,cwz_joint,0,true,false,true,missing,false,true,gradient_only,8,141,0,0.6784408819928908,37.30494006021776,missing
red3:lane1:snr26.0:seed4:frame36,26.0,36,cwz_joint,1,false,false,true,missing,false,true,gradient_only,8,164,0,0.755082957712955,35.68275170047385,missing
red3:lane1:snr26.0:seed4:frame37,26.0,37,cwz_joint,0,true,false,true,missing,false,true,gradient_only,8,87,0,0.23684928412072853,19.053417672738657,missing
red3:lane1:snr26.0:seed4:frame38,26.0,38,cwz_joint,0,true,false,true,missing,false,true,gradient_only,8,99,0,0.29678858438241956,25.076004486287793,missing
red3:lane1:snr26.0:seed4:frame39,26.0,39,cwz_joint,0,true,false,true,missing,false,true,gradient_only,8,123,0,0.4441375100796515,37.08094466527813,missing
red3:lane1:snr26.0:seed4:frame40,26.0,40,cwz_joint,0,true,false,true,missing,false,true,gradient_only,8,160,0,0.4609768367896001,39.13761251375673,missing
red3:lane1:snr26.0:seed4:frame41,26.0,41,cwz_joint,0,true,false,true,missing,false,true,gradient_only,8,94,0,0.5321422372417478,19.830519621369596,missing
red3:lane1:snr26.0:seed4:frame42,26.0,42,cwz_joint,0,true,false,true,missing,false,true,gradient_only,8,66,0,0.2855605116573135,17.66154372252674,missing
red3:lane1:snr26.0:seed4:frame43,26.0,43,cwz_joint,4,false,false,true,missing,false,true,gradient_only,8,165,0,1.321896693826746,20.975626420010585,missing
red3:lane1:snr26.0:seed4:frame44,26.0,44,cwz_joint,0,true,false,true,missing,false,true,gradient_only,8,70,0,0.21527207733857556,32.0472224015023,missing
red3:lane1:snr26.0:seed4:frame45,26.0,45,cwz_joint,0,true,false,true,missing,false,true,gradient_only,8,101,0,0.376122441308345,35.33566261941254,missing
red3:lane1:snr26.0:seed4:frame46,26.0,46,cwz_joint,0,true,false,true,missing,false,true,gradient_only,8,109,0,0.3732034451250823,22.11529762287791,missing
red3:lane1:snr26.0:seed4:frame47,26.0,47,cwz_joint,0,true,false,true,missing,false,true,gradient_only,8,116,0,0.5496193500588341,27.685380112190263,missing
red3:lane1:snr26.0:seed4:frame48,26.0,48,cwz_joint,0,true,false,true,missing,false,true,gradient_only,8,132,0,0.8821285270322611,38.44886720132477,missing
red3:lane1:snr26.0:seed4:frame49,26.0,49,cwz_joint,0,true,false,true,missing,false,true,gradient_only,8,116,0,0.36768451452346745,28.15009136512174,missing
red3:lane1:snr26.0:seed4:frame50,26.0,50,cwz_joint,0,true,false,true,missing,false,true,gradient_only,8,92,0,0.28864560347361296,23.766280546093643,missing
red3:lane1:snr26.0:seed4:frame51,26.0,51,cwz_joint,0,true,false,true,missing,false,true,gradient_only,8,64,0,0.2582783765115168,33.14029602690186,missing
red3:lane1:snr26.0:seed4:frame52,26.0,52,cwz_joint,0,true,false,true,missing,false,true,gradient_only,8,68,0,0.6482323469395475,28.884499797386617,missing
red3:lane1:snr26.0:seed4:frame53,26.0,53,cwz_joint,0,true,false,true,missing,false,true,gradient_only,8,135,0,0.302936052141214,34.75264175312499,missing
red3:lane1:snr26.0:seed4:frame54,26.0,54,cwz_joint,0,true,false,true,missing,false,true,gradient_only,8,151,0,0.40503825024789225,35.89928139047544,missing
red3:lane1:snr26.0:seed4:frame55,26.0,55,cwz_joint,0,true,false,true,missing,false,true,gradient_only,8,142,0,1.2362109391501817,30.054076472528244,missing
red3:lane1:snr26.0:seed4:frame56,26.0,56,cwz_joint,0,true,false,true,missing,false,true,gradient_only,8,134,0,0.3199770602911659,33.762585866147234,missing
red3:lane1:snr26.0:seed4:frame57,26.0,57,cwz_joint,1,false,false,true,missing,false,true,gradient_only,8,134,0,0.2841448163168458,43.360164102468126,missing
red3:lane1:snr26.0:seed4:frame58,26.0,58,cwz_joint,0,true,false,true,missing,false,true,gradient_only,8,126,0,0.7410143043663009,25.508460600201428,missing
red3:lane1:snr26.0:seed4:frame59,26.0,59,cwz_joint,1,false,false,true,missing,false,true,gradient_only,8,119,0,0.257047730733517,19.43775513056696,missing
red3:lane1:snr26.0:seed4:frame60,26.0,60,cwz_joint,0,true,false,true,missing,false,true,gradient_only,8,145,0,0.43269979373089507,19.855611151968287,missing
red3:lane1:snr26.0:seed4:frame1,26.0,1,profiled_cz,0,true,false,true,missing,false,true,gradient_only,1,70,0,0.31147337157799904,2.3135573932802496,missing
red3:lane1:snr26.0:seed4:frame2,26.0,2,profiled_cz,0,true,false,true,missing,false,true,gradient_only,1,64,0,0.4167223417448808,1.9964029500981222,missing
red3:lane1:snr26.0:seed4:frame3,26.0,3,profiled_cz,1,false,false,true,missing,false,true,gradient_only,1,113,0,0.31658725491278433,3.726991116761659,missing
red3:lane1:snr26.0:seed4:frame4,26.0,4,profiled_cz,0,true,false,true,missing,false,true,gradient_only,1,143,0,2.2595782371247934,3.324221092355824,missing
red3:lane1:snr26.0:seed4:frame5,26.0,5,profiled_cz,0,true,false,true,missing,false,true,gradient_only,1,63,0,0.3232630886019794,3.79364008961279,missing
red3:lane1:snr26.0:seed4:frame6,26.0,6,profiled_cz,0,true,false,true,missing,false,true,gradient_only,1,72,0,0.6247663944872413,1.7712469508612183,missing
red3:lane1:snr26.0:seed4:frame7,26.0,7,profiled_cz,0,true,false,true,missing,false,true,gradient_only,1,99,0,0.3435889846251869,2.259593627136065,missing
red3:lane1:snr26.0:seed4:frame8,26.0,8,profiled_cz,2,false,false,true,missing,false,true,gradient_only,1,126,0,0.7406934029982611,5.344797153592451,missing
red3:lane1:snr26.0:seed4:frame9,26.0,9,profiled_cz,0,true,false,true,missing,false,true,gradient_only,1,70,0,0.2652101962238123,2.08673865977004,missing
red3:lane1:snr26.0:seed4:frame10,26.0,10,profiled_cz,0,true,false,true,missing,false,true,gradient_only,1,127,0,0.3390619188689769,2.6972307023981092,missing
red3:lane1:snr26.0:seed4:frame11,26.0,11,profiled_cz,0,true,false,true,missing,false,true,gradient_only,1,88,0,0.33691637615873143,2.0848958408814138,missing
red3:lane1:snr26.0:seed4:frame12,26.0,12,profiled_cz,0,true,false,true,missing,false,true,gradient_only,1,85,0,0.4008033971239179,3.2319862277325515,missing
red3:lane1:snr26.0:seed4:frame13,26.0,13,profiled_cz,0,true,false,true,missing,false,true,gradient_only,1,82,0,0.46065506760254066,2.17625659660417,missing
red3:lane1:snr26.0:seed4:frame14,26.0,14,profiled_cz,0,true,false,true,missing,false,true,gradient_only,1,104,0,0.32250755926457614,1.7432669025011247,missing
red3:lane1:snr26.0:seed4:frame15,26.0,15,profiled_cz,0,true,false,true,missing,false,true,gradient_only,1,85,0,0.3007975664169662,2.230739420708346,missing
red3:lane1:snr26.0:seed4:frame16,26.0,16,profiled_cz,0,true,false,true,missing,false,true,gradient_only,1,169,0,0.7931859206913561,3.37023022227963,missing
red3:lane1:snr26.0:seed4:frame17,26.0,17,profiled_cz,0,true,false,true,missing,false,true,gradient_only,1,146,0,0.5888808933342154,4.461666592417904,missing
red3:lane1:snr26.0:seed4:frame18,26.0,18,profiled_cz,0,true,false,true,missing,false,true,gradient_only,1,85,0,1.4561437408627464,1.581875089110566,missing
red3:lane1:snr26.0:seed4:frame19,26.0,19,profiled_cz,0,true,false,true,missing,false,true,gradient_only,1,92,0,0.5778656322879816,2.1009795661121355,missing
red3:lane1:snr26.0:seed4:frame20,26.0,20,profiled_cz,0,true,false,true,missing,false,true,gradient_only,1,129,0,0.6415232371187072,3.2347148298274324,missing
red3:lane1:snr26.0:seed4:frame21,26.0,21,profiled_cz,0,true,false,true,missing,false,true,gradient_only,1,109,0,0.27729032214699634,2.0461613801021414,missing
red3:lane1:snr26.0:seed4:frame22,26.0,22,profiled_cz,0,true,false,true,missing,false,true,gradient_only,1,153,0,0.3108952148693159,2.3163842288678524,missing
red3:lane1:snr26.0:seed4:frame23,26.0,23,profiled_cz,0,true,false,true,missing,false,true,gradient_only,1,77,0,0.2281587566689923,2.7854153420289807,missing
red3:lane1:snr26.0:seed4:frame24,26.0,24,profiled_cz,0,true,false,true,missing,false,true,gradient_only,1,75,0,1.3708094860633069,2.4214871805973526,missing
red3:lane1:snr26.0:seed4:frame25,26.0,25,profiled_cz,0,true,false,true,missing,false,true,gradient_only,1,49,0,0.4226687675177622,1.7870538122566062,missing
red3:lane1:snr26.0:seed4:frame26,26.0,26,profiled_cz,1,false,false,true,missing,false,true,gradient_only,1,149,0,0.3573867308404067,5.2213730941867516,missing
red3:lane1:snr26.0:seed4:frame27,26.0,27,profiled_cz,0,true,false,true,missing,false,true,gradient_only,1,113,0,0.5925191489953009,2.7251469949830023,missing
red3:lane1:snr26.0:seed4:frame28,26.0,28,profiled_cz,0,true,false,true,missing,false,true,gradient_only,1,115,0,0.25970522256935635,2.0208901070720744,missing
red3:lane1:snr26.0:seed4:frame29,26.0,29,profiled_cz,0,true,false,true,missing,false,true,gradient_only,1,142,0,0.39527282075274073,3.2777353690577278,missing
red3:lane1:snr26.0:seed4:frame30,26.0,30,profiled_cz,0,true,false,true,missing,false,true,gradient_only,1,97,0,0.43570533997506966,2.1345808933305506,missing
red3:lane1:snr26.0:seed4:frame31,26.0,31,profiled_cz,1,false,false,true,missing,false,true,gradient_only,1,112,0,0.406795822697983,2.5699341095192416,missing
red3:lane1:snr26.0:seed4:frame32,26.0,32,profiled_cz,0,true,false,true,missing,false,true,gradient_only,1,145,0,8.318748910198885,2.9517386805381096,missing
red3:lane1:snr26.0:seed4:frame33,26.0,33,profiled_cz,0,true,false,true,missing,false,true,gradient_only,1,129,0,0.3330947495889642,2.5462625769894176,missing
red3:lane1:snr26.0:seed4:frame34,26.0,34,profiled_cz,0,true,false,true,missing,false,true,gradient_only,1,60,0,0.19779624955397354,2.037105317301582,missing
red3:lane1:snr26.0:seed4:frame35,26.0,35,profiled_cz,0,true,false,true,missing,false,true,gradient_only,1,141,0,0.6784408819928908,3.8661128124007837,missing
red3:lane1:snr26.0:seed4:frame36,26.0,36,profiled_cz,1,false,false,true,missing,false,true,gradient_only,1,164,0,0.755082957712955,4.43399254057907,missing
red3:lane1:snr26.0:seed4:frame37,26.0,37,profiled_cz,0,true,false,true,missing,false,true,gradient_only,1,87,0,0.23684928412072853,1.7382219264555494,missing
red3:lane1:snr26.0:seed4:frame38,26.0,38,profiled_cz,0,true,false,true,missing,false,true,gradient_only,1,99,0,0.29678858438241956,3.0297025478373873,missing
red3:lane1:snr26.0:seed4:frame39,26.0,39,profiled_cz,0,true,false,true,missing,false,true,gradient_only,1,123,0,0.4441375100796515,3.016715564106804,missing
red3:lane1:snr26.0:seed4:frame40,26.0,40,profiled_cz,0,true,false,true,missing,false,true,gradient_only,1,160,0,0.4609768367896001,3.7514733883565365,missing
red3:lane1:snr26.0:seed4:frame41,26.0,41,profiled_cz,0,true,false,true,missing,false,true,gradient_only,1,94,0,0.5321422372417478,1.8780926925105628,missing
red3:lane1:snr26.0:seed4:frame42,26.0,42,profiled_cz,0,true,false,true,missing,false,true,gradient_only,1,66,0,0.2855605116573135,1.5863077645557722,missing
red3:lane1:snr26.0:seed4:frame43,26.0,43,profiled_cz,4,false,false,true,missing,false,true,gradient_only,1,165,0,1.321896693826746,79.56838005441107,missing
red3:lane1:snr26.0:seed4:frame44,26.0,44,profiled_cz,0,true,false,true,missing,false,true,gradient_only,1,70,0,0.21527207733857556,2.736068901188061,missing
red3:lane1:snr26.0:seed4:frame45,26.0,45,profiled_cz,0,true,false,true,missing,false,true,gradient_only,1,101,0,0.376122441308345,2.400405334705412,missing
red3:lane1:snr26.0:seed4:frame46,26.0,46,profiled_cz,0,true,false,true,missing,false,true,gradient_only,1,109,0,0.3732034451250823,1.73622753010415,missing
red3:lane1:snr26.0:seed4:frame47,26.0,47,profiled_cz,0,true,false,true,missing,false,true,gradient_only,1,116,0,0.5496193500588341,2.997030761289068,missing
red3:lane1:snr26.0:seed4:frame48,26.0,48,profiled_cz,0,true,false,true,missing,false,true,gradient_only,1,132,0,0.8821285270322611,5.977685823886299,missing
red3:lane1:snr26.0:seed4:frame49,26.0,49,profiled_cz,0,true,false,true,missing,false,true,gradient_only,1,116,0,0.36768451452346745,2.342997089543125,missing
red3:lane1:snr26.0:seed4:frame50,26.0,50,profiled_cz,0,true,false,true,missing,false,true,gradient_only,1,92,0,0.28864560347361296,2.0951079114134203,missing
red3:lane1:snr26.0:seed4:frame51,26.0,51,profiled_cz,0,true,false,true,missing,false,true,gradient_only,1,64,0,0.2582783765115168,2.0669459878373004,missing
red3:lane1:snr26.0:seed4:frame52,26.0,52,profiled_cz,0,true,false,true,missing,false,true,gradient_only,1,68,0,0.6482323469395475,1.8205692215117182,missing
red3:lane1:snr26.0:seed4:frame53,26.0,53,profiled_cz,0,true,false,true,missing,false,true,gradient_only,1,135,0,0.302936052141214,2.2040435250638706,missing
red3:lane1:snr26.0:seed4:frame54,26.0,54,profiled_cz,0,true,false,true,missing,false,true,gradient_only,1,151,0,0.40503825024789225,4.9214537246130226,missing
red3:lane1:snr26.0:seed4:frame55,26.0,55,profiled_cz,0,true,false,true,missing,false,true,gradient_only,1,142,0,1.2362109391501817,2.7680861315463736,missing
red3:lane1:snr26.0:seed4:frame56,26.0,56,profiled_cz,0,true,false,true,missing,false,true,gradient_only,1,134,0,0.3199770602911659,3.2585028717472677,missing
red3:lane1:snr26.0:seed4:frame57,26.0,57,profiled_cz,1,false,false,true,missing,false,true,gradient_only,1,134,0,0.2841448163168458,3.6117211937535885,missing
red3:lane1:snr26.0:seed4:frame58,26.0,58,profiled_cz,0,true,false,true,missing,false,true,gradient_only,1,126,0,0.7410143043663009,1.8547365285150554,missing
red3:lane1:snr26.0:seed4:frame59,26.0,59,profiled_cz,1,false,false,true,missing,false,true,gradient_only,1,119,0,0.257047730733517,2.4321420014224344,missing
red3:lane1:snr26.0:seed4:frame60,26.0,60,profiled_cz,0,true,false,true,missing,false,true,gradient_only,1,145,0,0.43269979373089507,2.186246077178655,missing
red3:lane1:snr28.0:seed4:frame1,28.0,1,cwz_joint,0,true,false,true,missing,false,true,gradient_only,8,70,0,0.33113599218987194,41.486846122785245,missing
red3:lane1:snr28.0:seed4:frame2,28.0,2,cwz_joint,0,true,false,true,missing,false,true,gradient_only,8,61,0,1.3571939955847823,35.78919195826949,missing
red3:lane1:snr28.0:seed4:frame3,28.0,3,cwz_joint,0,true,false,true,missing,false,true,gradient_only,8,114,0,0.3814862451537927,43.37602555709439,missing
red3:lane1:snr28.0:seed4:frame4,28.0,4,cwz_joint,0,true,false,true,missing,false,true,gradient_only,8,128,0,0.45726200533583566,40.77420804835036,missing
red3:lane1:snr28.0:seed4:frame5,28.0,5,cwz_joint,0,true,false,true,missing,false,true,gradient_only,8,62,0,0.3798216986684534,39.00930183941795,missing
red3:lane1:snr28.0:seed4:frame6,28.0,6,cwz_joint,0,true,false,true,missing,false,true,gradient_only,8,73,0,0.7535427867855008,25.24159032550326,missing
red3:lane1:snr28.0:seed4:frame7,28.0,7,cwz_joint,0,true,false,true,missing,false,true,gradient_only,8,96,0,0.5628219451418911,16.744529926498505,missing
red3:lane1:snr28.0:seed4:frame8,28.0,8,cwz_joint,2,false,false,true,missing,false,true,gradient_only,8,126,0,0.831323053441636,44.613739819004266,missing
red3:lane1:snr28.0:seed4:frame9,28.0,9,cwz_joint,0,true,false,true,missing,false,true,gradient_only,8,67,0,0.3156698153872877,31.868201992123442,missing
red3:lane1:snr28.0:seed4:frame10,28.0,10,cwz_joint,0,true,false,true,missing,false,true,gradient_only,8,126,0,0.29706187951275614,24.663885050295708,missing
red3:lane1:snr28.0:seed4:frame11,28.0,11,cwz_joint,0,true,false,true,missing,false,true,gradient_only,8,85,0,0.34340518866628683,33.788836496569644,missing
red3:lane1:snr28.0:seed4:frame12,28.0,12,cwz_joint,0,true,false,true,missing,false,true,gradient_only,8,84,0,0.35319194710631896,32.53909152817739,missing
red3:lane1:snr28.0:seed4:frame13,28.0,13,cwz_joint,0,true,false,true,missing,false,true,gradient_only,8,76,0,0.482284564927772,29.851823142882854,missing
red3:lane1:snr28.0:seed4:frame14,28.0,14,cwz_joint,0,true,false,true,missing,false,true,gradient_only,8,102,0,0.34195126606191106,22.660504101992558,missing
red3:lane1:snr28.0:seed4:frame15,28.0,15,cwz_joint,0,true,false,true,missing,false,true,gradient_only,8,80,0,0.30320897532297153,28.177387510021514,missing
red3:lane1:snr28.0:seed4:frame16,28.0,16,cwz_joint,0,true,false,true,missing,false,true,gradient_only,8,160,0,0.5361016040466907,34.13782710096667,missing
red3:lane1:snr28.0:seed4:frame17,28.0,17,cwz_joint,0,true,false,true,missing,false,true,gradient_only,8,146,0,0.6000242047283234,35.48175081226442,missing
red3:lane1:snr28.0:seed4:frame18,28.0,18,cwz_joint,0,true,false,true,missing,false,true,gradient_only,8,85,0,0.5768358800436155,24.06022248269512,missing
red3:lane1:snr28.0:seed4:frame19,28.0,19,cwz_joint,0,true,false,true,missing,false,true,gradient_only,8,88,0,0.4632357769161483,32.32191486096564,missing
red3:lane1:snr28.0:seed4:frame20,28.0,20,cwz_joint,0,true,false,true,missing,false,true,gradient_only,8,132,0,1.2852201472637252,41.965777111296426,missing
red3:lane1:snr28.0:seed4:frame21,28.0,21,cwz_joint,0,true,false,true,missing,false,true,gradient_only,8,112,0,0.27573340989686435,19.41939074863384,missing
red3:lane1:snr28.0:seed4:frame22,28.0,22,cwz_joint,0,true,false,true,missing,false,true,gradient_only,8,147,0,0.34252399384507265,26.57350082970137,missing
red3:lane1:snr28.0:seed4:frame23,28.0,23,cwz_joint,0,true,false,true,missing,false,true,gradient_only,8,75,0,0.2427891237460426,33.25528721263958,missing
red3:lane1:snr28.0:seed4:frame24,28.0,24,cwz_joint,0,true,false,true,missing,false,true,gradient_only,8,69,0,1.1987012592760882,32.45173211217102,missing
red3:lane1:snr28.0:seed4:frame25,28.0,25,cwz_joint,0,true,false,true,missing,false,true,gradient_only,8,49,0,0.3592514239680026,26.177262550505116,missing
red3:lane1:snr28.0:seed4:frame26,28.0,26,cwz_joint,0,true,false,true,missing,false,true,gradient_only,8,144,0,0.3515469580047502,35.1983019685707,missing
red3:lane1:snr28.0:seed4:frame27,28.0,27,cwz_joint,0,true,false,true,missing,false,true,gradient_only,8,113,0,4.272330252621982,23.93157581297197,missing
red3:lane1:snr28.0:seed4:frame28,28.0,28,cwz_joint,0,true,false,true,missing,false,true,gradient_only,8,110,0,0.2783089290674135,26.278129535501595,missing
red3:lane1:snr28.0:seed4:frame29,28.0,29,cwz_joint,0,true,false,true,missing,false,true,gradient_only,8,135,0,0.3557067620043059,32.56282703048816,missing
red3:lane1:snr28.0:seed4:frame30,28.0,30,cwz_joint,0,true,false,true,missing,false,true,gradient_only,8,87,0,0.3723859697597116,34.05612641440455,missing
red3:lane1:snr28.0:seed4:frame31,28.0,31,cwz_joint,1,false,false,true,missing,false,true,gradient_only,8,108,0,0.48690599230717746,28.567210417935286,missing
red3:lane1:snr28.0:seed4:frame32,28.0,32,cwz_joint,0,true,false,true,missing,false,true,gradient_only,8,126,0,0.8577665304644586,26.852628471229536,missing
red3:lane1:snr28.0:seed4:frame33,28.0,33,cwz_joint,0,true,false,true,missing,false,true,gradient_only,8,127,0,0.3745200001917865,25.994468815169608,missing
red3:lane1:snr28.0:seed4:frame34,28.0,34,cwz_joint,0,true,false,true,missing,false,true,gradient_only,8,57,0,0.19183146379547739,19.639863086182782,missing
red3:lane1:snr28.0:seed4:frame35,28.0,35,cwz_joint,0,true,false,true,missing,false,true,gradient_only,8,132,0,0.7858188943177361,36.56459239070606,missing
red3:lane1:snr28.0:seed4:frame36,28.0,36,cwz_joint,1,false,false,true,missing,false,true,gradient_only,8,161,0,2.3986260632071716,36.090169310774705,missing
red3:lane1:snr28.0:seed4:frame37,28.0,37,cwz_joint,0,true,false,true,missing,false,true,gradient_only,8,91,0,0.23284645149910962,18.998956752902952,missing
red3:lane1:snr28.0:seed4:frame38,28.0,38,cwz_joint,0,true,false,true,missing,false,true,gradient_only,8,99,0,0.29600320307047584,24.81626711150312,missing
red3:lane1:snr28.0:seed4:frame39,28.0,39,cwz_joint,0,true,false,true,missing,false,true,gradient_only,8,125,0,0.4033464109614831,37.17955153062319,missing
red3:lane1:snr28.0:seed4:frame40,28.0,40,cwz_joint,1,false,false,true,missing,false,true,gradient_only,8,156,0,0.907479984960905,39.02900102306941,missing
red3:lane1:snr28.0:seed4:frame41,28.0,41,cwz_joint,0,true,false,true,missing,false,true,gradient_only,8,91,0,4.8028885228288365,19.50422135406991,missing
red3:lane1:snr28.0:seed4:frame42,28.0,42,cwz_joint,0,true,false,true,missing,false,true,gradient_only,8,71,0,0.2868752513987455,17.583723084192194,missing
red3:lane1:snr28.0:seed4:frame43,28.0,43,cwz_joint,3,false,false,true,missing,false,true,gradient_only,8,174,0,1.1367004635957119,31.044163827847008,missing
red3:lane1:snr28.0:seed4:frame44,28.0,44,cwz_joint,0,true,false,true,missing,false,true,gradient_only,8,69,0,0.21059372891146846,31.863911695160052,missing
red3:lane1:snr28.0:seed4:frame45,28.0,45,cwz_joint,0,true,false,true,missing,false,true,gradient_only,8,100,0,3.6943945277137513,35.15773308895839,missing
red3:lane1:snr28.0:seed4:frame46,28.0,46,cwz_joint,1,false,false,true,missing,false,true,gradient_only,8,103,0,0.38503797452047345,21.815086751147845,missing
red3:lane1:snr28.0:seed4:frame47,28.0,47,cwz_joint,0,true,false,true,missing,false,true,gradient_only,8,111,0,0.5488254317178963,27.360919037362734,missing
red3:lane1:snr28.0:seed4:frame48,28.0,48,cwz_joint,0,true,false,true,missing,false,true,gradient_only,8,130,0,1.2207662587603059,38.32705361646837,missing
red3:lane1:snr28.0:seed4:frame49,28.0,49,cwz_joint,0,true,false,true,missing,false,true,gradient_only,8,116,0,0.34363479876720704,28.052468959421216,missing
red3:lane1:snr28.0:seed4:frame50,28.0,50,cwz_joint,0,true,false,true,missing,false,true,gradient_only,8,90,0,0.25330816750923524,23.671278512765774,missing
red3:lane1:snr28.0:seed4:frame51,28.0,51,cwz_joint,0,true,false,true,missing,false,true,gradient_only,8,57,0,0.22401011369570165,32.9327231498711,missing
red3:lane1:snr28.0:seed4:frame52,28.0,52,cwz_joint,0,true,false,true,missing,false,true,gradient_only,8,70,0,0.4624223864709482,28.720159827786777,missing
red3:lane1:snr28.0:seed4:frame53,28.0,53,cwz_joint,0,true,false,true,missing,false,true,gradient_only,8,129,0,0.29132616555175583,34.57571232291285,missing
red3:lane1:snr28.0:seed4:frame54,28.0,54,cwz_joint,0,true,false,true,missing,false,true,gradient_only,8,148,0,0.4994416547328956,35.47731779946255,missing
red3:lane1:snr28.0:seed4:frame55,28.0,55,cwz_joint,0,true,false,true,missing,false,true,gradient_only,8,138,0,0.56031093346557,29.617399592661997,missing
red3:lane1:snr28.0:seed4:frame56,28.0,56,cwz_joint,0,true,false,true,missing,false,true,gradient_only,8,129,0,0.3044540417561082,33.589079001509894,missing
red3:lane1:snr28.0:seed4:frame57,28.0,57,cwz_joint,1,false,false,true,missing,false,true,gradient_only,8,123,0,0.3639762393990521,43.58348311824897,missing
red3:lane1:snr28.0:seed4:frame58,28.0,58,cwz_joint,0,true,false,true,missing,false,true,gradient_only,8,118,0,0.4860483989271157,25.468973477077398,missing
red3:lane1:snr28.0:seed4:frame59,28.0,59,cwz_joint,1,false,false,true,missing,false,true,gradient_only,8,116,0,0.23573975617968881,19.32523261264561,missing
red3:lane1:snr28.0:seed4:frame60,28.0,60,cwz_joint,0,true,false,true,missing,false,true,gradient_only,8,129,0,0.7431874560265141,19.43506767315808,missing
red3:lane1:snr28.0:seed4:frame1,28.0,1,profiled_cz,0,true,false,true,missing,false,true,gradient_only,1,70,0,0.33113599218987194,2.296436320749867,missing
red3:lane1:snr28.0:seed4:frame2,28.0,2,profiled_cz,0,true,false,true,missing,false,true,gradient_only,1,61,0,1.3571939955847823,1.9921813078116561,missing
red3:lane1:snr28.0:seed4:frame3,28.0,3,profiled_cz,0,true,false,true,missing,false,true,gradient_only,1,114,0,0.3814862451537927,5.218193039902508,missing
red3:lane1:snr28.0:seed4:frame4,28.0,4,profiled_cz,0,true,false,true,missing,false,true,gradient_only,1,128,0,0.45726200533583566,2.825569902123864,missing
red3:lane1:snr28.0:seed4:frame5,28.0,5,profiled_cz,0,true,false,true,missing,false,true,gradient_only,1,62,0,0.3798216986684534,3.7528672087292243,missing
red3:lane1:snr28.0:seed4:frame6,28.0,6,profiled_cz,0,true,false,true,missing,false,true,gradient_only,1,73,0,0.7535427867855008,1.7579786180128245,missing
red3:lane1:snr28.0:seed4:frame7,28.0,7,profiled_cz,0,true,false,true,missing,false,true,gradient_only,1,96,0,0.5628219451418911,2.4441476406657108,missing
red3:lane1:snr28.0:seed4:frame8,28.0,8,profiled_cz,2,false,false,true,missing,false,true,gradient_only,1,126,0,0.831323053441636,5.176433934092912,missing
red3:lane1:snr28.0:seed4:frame9,28.0,9,profiled_cz,0,true,false,true,missing,false,true,gradient_only,1,67,0,0.3156698153872877,2.058476747410871,missing
red3:lane1:snr28.0:seed4:frame10,28.0,10,profiled_cz,0,true,false,true,missing,false,true,gradient_only,1,126,0,0.29706187951275614,2.5736211047468447,missing
red3:lane1:snr28.0:seed4:frame11,28.0,11,profiled_cz,0,true,false,true,missing,false,true,gradient_only,1,85,0,0.34340518866628683,2.121628335225907,missing
red3:lane1:snr28.0:seed4:frame12,28.0,12,profiled_cz,0,true,false,true,missing,false,true,gradient_only,1,84,0,0.35319194710631896,3.030515064819022,missing
red3:lane1:snr28.0:seed4:frame13,28.0,13,profiled_cz,0,true,false,true,missing,false,true,gradient_only,1,76,0,0.482284564927772,2.05449769146309,missing
red3:lane1:snr28.0:seed4:frame14,28.0,14,profiled_cz,0,true,false,true,missing,false,true,gradient_only,1,102,0,0.34195126606191106,1.7216761442293385,missing
red3:lane1:snr28.0:seed4:frame15,28.0,15,profiled_cz,0,true,false,true,missing,false,true,gradient_only,1,80,0,0.30320897532297153,2.207299501927547,missing
red3:lane1:snr28.0:seed4:frame16,28.0,16,profiled_cz,0,true,false,true,missing,false,true,gradient_only,1,160,0,0.5361016040466907,3.4916332497258304,missing
red3:lane1:snr28.0:seed4:frame17,28.0,17,profiled_cz,0,true,false,true,missing,false,true,gradient_only,1,146,0,0.6000242047283234,4.341585556180599,missing
red3:lane1:snr28.0:seed4:frame18,28.0,18,profiled_cz,0,true,false,true,missing,false,true,gradient_only,1,85,0,0.5768358800436155,1.7131275288549468,missing
red3:lane1:snr28.0:seed4:frame19,28.0,19,profiled_cz,0,true,false,true,missing,false,true,gradient_only,1,88,0,0.4632357769161483,2.0758249572042375,missing
red3:lane1:snr28.0:seed4:frame20,28.0,20,profiled_cz,0,true,false,true,missing,false,true,gradient_only,1,132,0,1.2852201472637252,3.168120831881554,missing
red3:lane1:snr28.0:seed4:frame21,28.0,21,profiled_cz,0,true,false,true,missing,false,true,gradient_only,1,112,0,0.27573340989686435,2.0593945033480963,missing
red3:lane1:snr28.0:seed4:frame22,28.0,22,profiled_cz,0,true,false,true,missing,false,true,gradient_only,1,147,0,0.34252399384507265,2.2375374071925727,missing
red3:lane1:snr28.0:seed4:frame23,28.0,23,profiled_cz,0,true,false,true,missing,false,true,gradient_only,1,75,0,0.2427891237460426,2.699340556181081,missing
red3:lane1:snr28.0:seed4:frame24,28.0,24,profiled_cz,0,true,false,true,missing,false,true,gradient_only,1,69,0,1.1987012592760882,2.4463509327461392,missing
red3:lane1:snr28.0:seed4:frame25,28.0,25,profiled_cz,0,true,false,true,missing,false,true,gradient_only,1,49,0,0.3592514239680026,1.786246677376929,missing
red3:lane1:snr28.0:seed4:frame26,28.0,26,profiled_cz,0,true,false,true,missing,false,true,gradient_only,1,144,0,0.3515469580047502,5.394773913471557,missing
red3:lane1:snr28.0:seed4:frame27,28.0,27,profiled_cz,0,true,false,true,missing,false,true,gradient_only,1,113,0,4.272330252621982,2.791536340753601,missing
red3:lane1:snr28.0:seed4:frame28,28.0,28,profiled_cz,0,true,false,true,missing,false,true,gradient_only,1,110,0,0.2783089290674135,1.9766180053019007,missing
red3:lane1:snr28.0:seed4:frame29,28.0,29,profiled_cz,0,true,false,true,missing,false,true,gradient_only,1,135,0,0.3557067620043059,3.222513854435085,missing
red3:lane1:snr28.0:seed4:frame30,28.0,30,profiled_cz,0,true,false,true,missing,false,true,gradient_only,1,87,0,0.3723859697597116,2.152876046863551,missing
red3:lane1:snr28.0:seed4:frame31,28.0,31,profiled_cz,1,false,false,true,missing,false,true,gradient_only,1,108,0,0.48690599230717746,2.5956112610330044,missing
red3:lane1:snr28.0:seed4:frame32,28.0,32,profiled_cz,0,true,false,true,missing,false,true,gradient_only,1,126,0,0.8577665304644586,2.685806289010614,missing
red3:lane1:snr28.0:seed4:frame33,28.0,33,profiled_cz,0,true,false,true,missing,false,true,gradient_only,1,127,0,0.3745200001917865,2.5401596087558316,missing
red3:lane1:snr28.0:seed4:frame34,28.0,34,profiled_cz,0,true,false,true,missing,false,true,gradient_only,1,57,0,0.19183146379547739,2.003419462263293,missing
red3:lane1:snr28.0:seed4:frame35,28.0,35,profiled_cz,0,true,false,true,missing,false,true,gradient_only,1,132,0,0.7858188943177361,3.8832677629200774,missing
red3:lane1:snr28.0:seed4:frame36,28.0,36,profiled_cz,1,false,false,true,missing,false,true,gradient_only,1,161,0,2.3986260632071716,4.330288140105621,missing
red3:lane1:snr28.0:seed4:frame37,28.0,37,profiled_cz,0,true,false,true,missing,false,true,gradient_only,1,91,0,0.23284645149910962,1.7472506759046262,missing
red3:lane1:snr28.0:seed4:frame38,28.0,38,profiled_cz,0,true,false,true,missing,false,true,gradient_only,1,99,0,0.29600320307047584,2.797729557602415,missing
red3:lane1:snr28.0:seed4:frame39,28.0,39,profiled_cz,0,true,false,true,missing,false,true,gradient_only,1,125,0,0.4033464109614831,3.1180976964659464,missing
red3:lane1:snr28.0:seed4:frame40,28.0,40,profiled_cz,1,false,false,true,missing,false,true,gradient_only,1,156,0,0.907479984960905,3.7727340496752975,missing
red3:lane1:snr28.0:seed4:frame41,28.0,41,profiled_cz,0,true,false,true,missing,false,true,gradient_only,1,91,0,4.8028885228288365,1.842493282945873,missing
red3:lane1:snr28.0:seed4:frame42,28.0,42,profiled_cz,0,true,false,true,missing,false,true,gradient_only,1,71,0,0.2868752513987455,1.5806623062302767,missing
red3:lane1:snr28.0:seed4:frame43,28.0,43,profiled_cz,3,false,false,true,missing,false,true,gradient_only,1,174,0,1.1367004635957119,71.59424022927672,missing
red3:lane1:snr28.0:seed4:frame44,28.0,44,profiled_cz,0,true,false,true,missing,false,true,gradient_only,1,69,0,0.21059372891146846,2.707244291577145,missing
red3:lane1:snr28.0:seed4:frame45,28.0,45,profiled_cz,0,true,false,true,missing,false,true,gradient_only,1,100,0,3.6943945277137513,2.4050377714978883,missing
red3:lane1:snr28.0:seed4:frame46,28.0,46,profiled_cz,1,false,false,true,missing,false,true,gradient_only,1,103,0,0.38503797452047345,1.7026347130193114,missing
red3:lane1:snr28.0:seed4:frame47,28.0,47,profiled_cz,0,true,false,true,missing,false,true,gradient_only,1,111,0,0.5488254317178963,2.986730543791864,missing
red3:lane1:snr28.0:seed4:frame48,28.0,48,profiled_cz,0,true,false,true,missing,false,true,gradient_only,1,130,0,1.2207662587603059,4.7619743909433545,missing
red3:lane1:snr28.0:seed4:frame49,28.0,49,profiled_cz,0,true,false,true,missing,false,true,gradient_only,1,116,0,0.34363479876720704,2.3196534873129395,missing
red3:lane1:snr28.0:seed4:frame50,28.0,50,profiled_cz,0,true,false,true,missing,false,true,gradient_only,1,90,0,0.25330816750923524,2.078503622549383,missing
red3:lane1:snr28.0:seed4:frame51,28.0,51,profiled_cz,0,true,false,true,missing,false,true,gradient_only,1,57,0,0.22401011369570165,2.0528421275368745,missing
red3:lane1:snr28.0:seed4:frame52,28.0,52,profiled_cz,0,true,false,true,missing,false,true,gradient_only,1,70,0,0.4624223864709482,1.8358443606068655,missing
red3:lane1:snr28.0:seed4:frame53,28.0,53,profiled_cz,0,true,false,true,missing,false,true,gradient_only,1,129,0,0.29132616555175583,2.158524536090712,missing
red3:lane1:snr28.0:seed4:frame54,28.0,54,profiled_cz,0,true,false,true,missing,false,true,gradient_only,1,148,0,0.4994416547328956,4.759504251489831,missing
red3:lane1:snr28.0:seed4:frame55,28.0,55,profiled_cz,0,true,false,true,missing,false,true,gradient_only,1,138,0,0.56031093346557,2.421531714980922,missing
red3:lane1:snr28.0:seed4:frame56,28.0,56,profiled_cz,0,true,false,true,missing,false,true,gradient_only,1,129,0,0.3044540417561082,3.313376298458206,missing
red3:lane1:snr28.0:seed4:frame57,28.0,57,profiled_cz,1,false,false,true,missing,false,true,gradient_only,1,123,0,0.3639762393990521,3.439995706070895,missing
red3:lane1:snr28.0:seed4:frame58,28.0,58,profiled_cz,0,true,false,true,missing,false,true,gradient_only,1,118,0,0.4860483989271157,1.869437786072528,missing
red3:lane1:snr28.0:seed4:frame59,28.0,59,profiled_cz,1,false,false,true,missing,false,true,gradient_only,1,116,0,0.23573975617968881,2.411919427123779,missing
red3:lane1:snr28.0:seed4:frame60,28.0,60,profiled_cz,0,true,false,true,missing,false,true,gradient_only,1,129,0,0.7431874560265141,2.170903902053976,missing
red3:lane1:snr30.0:seed4:frame1,30.0,1,cwz_joint,0,true,false,true,missing,false,true,gradient_only,8,68,0,0.34202553411087316,41.23098310807391,missing
red3:lane1:snr30.0:seed4:frame2,30.0,2,cwz_joint,0,true,false,true,missing,false,true,gradient_only,8,59,0,0.49317128651522635,36.02999714193885,missing
red3:lane1:snr30.0:seed4:frame3,30.0,3,cwz_joint,0,true,false,true,missing,false,true,gradient_only,8,102,0,0.4581981692618624,43.497510537659345,missing
red3:lane1:snr30.0:seed4:frame4,30.0,4,cwz_joint,0,true,false,true,missing,false,true,gradient_only,8,122,0,0.46260431191518686,39.432359795338414,missing
red3:lane1:snr30.0:seed4:frame5,30.0,5,cwz_joint,0,true,false,true,missing,false,true,gradient_only,8,56,0,0.3750953944925696,38.927170930609165,missing
red3:lane1:snr30.0:seed4:frame6,30.0,6,cwz_joint,0,true,false,true,missing,false,true,gradient_only,8,68,0,0.5926265677163853,25.098803601709115,missing
red3:lane1:snr30.0:seed4:frame7,30.0,7,cwz_joint,0,true,false,true,missing,false,true,gradient_only,8,91,0,0.6050254785967626,16.638809119492088,missing
red3:lane1:snr30.0:seed4:frame8,30.0,8,cwz_joint,2,false,false,true,missing,false,true,gradient_only,8,128,0,0.5665788015348876,44.429107857373126,missing
red3:lane1:snr30.0:seed4:frame9,30.0,9,cwz_joint,0,true,false,true,missing,false,true,gradient_only,8,67,0,0.3026068692145043,31.8084026870652,missing
red3:lane1:snr30.0:seed4:frame10,30.0,10,cwz_joint,0,true,false,true,missing,false,true,gradient_only,8,123,0,0.2744718801170315,24.149686610213585,missing
red3:lane1:snr30.0:seed4:frame11,30.0,11,cwz_joint,0,true,false,true,missing,false,true,gradient_only,8,84,0,0.24899161444042986,33.56310856781742,missing
red3:lane1:snr30.0:seed4:frame12,30.0,12,cwz_joint,0,true,false,true,missing,false,true,gradient_only,8,80,0,0.477305177808608,32.61528390162374,missing
red3:lane1:snr30.0:seed4:frame13,30.0,13,cwz_joint,0,true,false,true,missing,false,true,gradient_only,8,75,0,0.3734459834429806,29.47675715038188,missing
red3:lane1:snr30.0:seed4:frame14,30.0,14,cwz_joint,0,true,false,true,missing,false,true,gradient_only,8,98,0,0.3600777604436155,22.380156758121093,missing
red3:lane1:snr30.0:seed4:frame15,30.0,15,cwz_joint,0,true,false,true,missing,false,true,gradient_only,8,80,0,0.31438440923304267,27.965980183188723,missing
red3:lane1:snr30.0:seed4:frame16,30.0,16,cwz_joint,0,true,false,true,missing,false,true,gradient_only,8,155,0,0.522507378843754,34.096381691248666,missing
red3:lane1:snr30.0:seed4:frame17,30.0,17,cwz_joint,0,true,false,true,missing,false,true,gradient_only,8,142,0,0.5041753782422429,35.82749587056796,missing
red3:lane1:snr30.0:seed4:frame18,30.0,18,cwz_joint,0,true,false,true,missing,false,true,gradient_only,8,83,0,0.4765023384158417,23.987724450951514,missing
red3:lane1:snr30.0:seed4:frame19,30.0,19,cwz_joint,0,true,false,true,missing,false,true,gradient_only,8,82,0,0.4939624713226633,32.27146083544907,missing
red3:lane1:snr30.0:seed4:frame20,30.0,20,cwz_joint,0,true,false,true,missing,false,true,gradient_only,8,127,0,1.1804181550344444,41.74333648002309,missing
red3:lane1:snr30.0:seed4:frame21,30.0,21,cwz_joint,0,true,false,true,missing,false,true,gradient_only,8,110,0,0.3147894230078599,19.33976229774675,missing
red3:lane1:snr30.0:seed4:frame22,30.0,22,cwz_joint,0,true,false,true,missing,false,true,gradient_only,8,144,0,0.5899195516630026,26.289535921367577,missing
red3:lane1:snr30.0:seed4:frame23,30.0,23,cwz_joint,0,true,false,true,missing,false,true,gradient_only,8,73,0,0.5152760639473505,33.37161781837908,missing
red3:lane1:snr30.0:seed4:frame24,30.0,24,cwz_joint,0,true,false,true,missing,false,true,gradient_only,8,68,0,2.1293859207570187,32.43073177290842,missing
red3:lane1:snr30.0:seed4:frame25,30.0,25,cwz_joint,0,true,false,true,missing,false,true,gradient_only,8,48,0,0.31770974388451917,26.269135994492952,missing
red3:lane1:snr30.0:seed4:frame26,30.0,26,cwz_joint,0,true,false,true,missing,false,true,gradient_only,8,141,0,0.37448551215370385,34.913880999172896,missing
red3:lane1:snr30.0:seed4:frame27,30.0,27,cwz_joint,0,true,false,true,missing,false,true,gradient_only,8,111,0,0.3060393350489947,23.491741855117677,missing
red3:lane1:snr30.0:seed4:frame28,30.0,28,cwz_joint,0,true,false,true,missing,false,true,gradient_only,8,103,0,0.408216657727777,25.979912936911727,missing
red3:lane1:snr30.0:seed4:frame29,30.0,29,cwz_joint,0,true,false,true,missing,false,true,gradient_only,8,128,0,1.040502815099566,32.416864460676656,missing
red3:lane1:snr30.0:seed4:frame30,30.0,30,cwz_joint,0,true,false,true,missing,false,true,gradient_only,8,81,0,0.40121619295461514,33.496076849873376,missing
red3:lane1:snr30.0:seed4:frame31,30.0,31,cwz_joint,1,false,false,true,missing,false,true,gradient_only,8,107,0,0.43452784306449754,28.453428712012908,missing
red3:lane1:snr30.0:seed4:frame32,30.0,32,cwz_joint,0,true,false,true,missing,false,true,gradient_only,8,126,0,0.546098328256798,26.376562364782615,missing
red3:lane1:snr30.0:seed4:frame33,30.0,33,cwz_joint,0,true,false,true,missing,false,true,gradient_only,8,130,0,0.7173896950535965,25.990134295338848,missing
red3:lane1:snr30.0:seed4:frame34,30.0,34,cwz_joint,0,true,false,true,missing,false,true,gradient_only,8,58,0,0.18811447993147512,19.500618635590346,missing
red3:lane1:snr30.0:seed4:frame35,30.0,35,cwz_joint,0,true,false,true,missing,false,true,gradient_only,8,117,0,0.4345762561014841,36.09893868649855,missing
red3:lane1:snr30.0:seed4:frame36,30.0,36,cwz_joint,1,false,false,true,missing,false,true,gradient_only,8,164,0,0.5692861681773618,36.42864880336689,missing
red3:lane1:snr30.0:seed4:frame37,30.0,37,cwz_joint,0,true,false,true,missing,false,true,gradient_only,8,90,0,0.2213751385128375,18.9588033766794,missing
red3:lane1:snr30.0:seed4:frame38,30.0,38,cwz_joint,0,true,false,true,missing,false,true,gradient_only,8,98,0,0.34299446839106806,24.654043940916353,missing
red3:lane1:snr30.0:seed4:frame39,30.0,39,cwz_joint,0,true,false,true,missing,false,true,gradient_only,8,122,0,0.5533327631222281,37.274256473346895,missing
red3:lane1:snr30.0:seed4:frame40,30.0,40,cwz_joint,1,false,false,true,missing,false,true,gradient_only,8,153,0,4.097488849143702,38.96501914985194,missing
red3:lane1:snr30.0:seed4:frame41,30.0,41,cwz_joint,0,true,false,true,missing,false,true,gradient_only,8,90,0,0.6267678789855972,19.30028980156019,missing
red3:lane1:snr30.0:seed4:frame42,30.0,42,cwz_joint,0,true,false,true,missing,false,true,gradient_only,8,71,0,0.3585998329318096,17.538931675925728,missing
red3:lane1:snr30.0:seed4:frame43,30.0,43,cwz_joint,3,false,false,true,missing,false,true,gradient_only,8,172,0,3.9024037395391615,46.53992218516191,missing
red3:lane1:snr30.0:seed4:frame44,30.0,44,cwz_joint,0,true,false,true,missing,false,true,gradient_only,8,67,0,0.2018670555298043,31.738394081596784,missing
red3:lane1:snr30.0:seed4:frame45,30.0,45,cwz_joint,0,true,false,true,missing,false,true,gradient_only,8,96,0,1.613278931914608,35.03248262772761,missing
red3:lane1:snr30.0:seed4:frame46,30.0,46,cwz_joint,1,false,false,true,missing,false,true,gradient_only,8,99,0,0.4469437531312847,21.58926031682997,missing
red3:lane1:snr30.0:seed4:frame47,30.0,47,cwz_joint,0,true,false,true,missing,false,true,gradient_only,8,111,0,0.5236591503230855,27.17849586282786,missing
red3:lane1:snr30.0:seed4:frame48,30.0,48,cwz_joint,0,true,false,true,missing,false,true,gradient_only,8,130,0,1.2345098505247816,38.28004511592346,missing
red3:lane1:snr30.0:seed4:frame49,30.0,49,cwz_joint,0,true,false,true,missing,false,true,gradient_only,8,112,0,0.3802319799366324,27.989501524770223,missing
red3:lane1:snr30.0:seed4:frame50,30.0,50,cwz_joint,0,true,false,true,missing,false,true,gradient_only,8,91,0,0.2312950712866787,23.60993860512067,missing
red3:lane1:snr30.0:seed4:frame51,30.0,51,cwz_joint,0,true,false,true,missing,false,true,gradient_only,8,57,0,0.1920464754823314,32.79310795631242,missing
red3:lane1:snr30.0:seed4:frame52,30.0,52,cwz_joint,0,true,false,true,missing,false,true,gradient_only,8,72,0,0.4483275238837885,28.61248309503505,missing
red3:lane1:snr30.0:seed4:frame53,30.0,53,cwz_joint,0,true,false,true,missing,false,true,gradient_only,8,127,0,0.2753880604708633,34.472812672454054,missing
red3:lane1:snr30.0:seed4:frame54,30.0,54,cwz_joint,0,true,false,true,missing,false,true,gradient_only,8,140,0,0.5825189621758236,35.21820375846447,missing
red3:lane1:snr30.0:seed4:frame55,30.0,55,cwz_joint,0,true,false,true,missing,false,true,gradient_only,8,135,0,1.5236102642825695,29.31356061095895,missing
red3:lane1:snr30.0:seed4:frame56,30.0,56,cwz_joint,0,true,false,true,missing,false,true,gradient_only,8,128,0,0.5308479006382237,33.471713473654354,missing
red3:lane1:snr30.0:seed4:frame57,30.0,57,cwz_joint,1,false,false,true,missing,false,true,gradient_only,8,127,0,0.437845677290109,43.836575210936154,missing
red3:lane1:snr30.0:seed4:frame58,30.0,58,cwz_joint,0,true,false,true,missing,false,true,gradient_only,8,116,0,0.3733484315037,25.47601592589208,missing
red3:lane1:snr30.0:seed4:frame59,30.0,59,cwz_joint,1,false,false,true,missing,false,true,gradient_only,8,115,0,0.22371577736093157,19.26140273796897,missing
red3:lane1:snr30.0:seed4:frame60,30.0,60,cwz_joint,0,true,false,true,missing,false,true,gradient_only,8,126,0,1.099854181797239,19.152701483382167,missing
red3:lane1:snr30.0:seed4:frame1,30.0,1,profiled_cz,0,true,false,true,missing,false,true,gradient_only,1,68,0,0.34202553411087316,2.282385690808736,missing
red3:lane1:snr30.0:seed4:frame2,30.0,2,profiled_cz,0,true,false,true,missing,false,true,gradient_only,1,59,0,0.49317128651522635,1.9878721624466449,missing
red3:lane1:snr30.0:seed4:frame3,30.0,3,profiled_cz,0,true,false,true,missing,false,true,gradient_only,1,102,0,0.4581981692618624,3.989170235985728,missing
red3:lane1:snr30.0:seed4:frame4,30.0,4,profiled_cz,0,true,false,true,missing,false,true,gradient_only,1,122,0,0.46260431191518686,2.5575882083636476,missing
red3:lane1:snr30.0:seed4:frame5,30.0,5,profiled_cz,0,true,false,true,missing,false,true,gradient_only,1,56,0,0.3750953944925696,3.7399151412355067,missing
red3:lane1:snr30.0:seed4:frame6,30.0,6,profiled_cz,0,true,false,true,missing,false,true,gradient_only,1,68,0,0.5926265677163853,1.737433364006364,missing
red3:lane1:snr30.0:seed4:frame7,30.0,7,profiled_cz,0,true,false,true,missing,false,true,gradient_only,1,91,0,0.6050254785967626,2.2292818441774056,missing
red3:lane1:snr30.0:seed4:frame8,30.0,8,profiled_cz,2,false,false,false,missing,false,true,gradient_only,1,128,3,0.5665788015348876,4.966724522591382,missing
red3:lane1:snr30.0:seed4:frame9,30.0,9,profiled_cz,0,true,false,true,missing,false,true,gradient_only,1,67,0,0.3026068692145043,2.021582300229164,missing
red3:lane1:snr30.0:seed4:frame10,30.0,10,profiled_cz,0,true,false,true,missing,false,true,gradient_only,1,123,0,0.2744718801170315,2.5150562263114193,missing
red3:lane1:snr30.0:seed4:frame11,30.0,11,profiled_cz,0,true,false,true,missing,false,true,gradient_only,1,84,0,0.24899161444042986,2.095326598492202,missing
red3:lane1:snr30.0:seed4:frame12,30.0,12,profiled_cz,0,true,false,true,missing,false,true,gradient_only,1,80,0,0.477305177808608,3.0589427981094124,missing
red3:lane1:snr30.0:seed4:frame13,30.0,13,profiled_cz,0,true,false,true,missing,false,true,gradient_only,1,75,0,0.3734459834429806,2.0351654762053726,missing
red3:lane1:snr30.0:seed4:frame14,30.0,14,profiled_cz,0,true,false,true,missing,false,true,gradient_only,1,98,0,0.3600777604436155,1.6981967803163722,missing
red3:lane1:snr30.0:seed4:frame15,30.0,15,profiled_cz,0,true,false,true,missing,false,true,gradient_only,1,80,0,0.31438440923304267,2.193763562180154,missing
red3:lane1:snr30.0:seed4:frame16,30.0,16,profiled_cz,0,true,false,true,missing,false,true,gradient_only,1,155,0,0.522507378843754,3.502418991440156,missing
red3:lane1:snr30.0:seed4:frame17,30.0,17,profiled_cz,0,true,false,true,missing,false,true,gradient_only,1,142,0,0.5041753782422429,4.134494980632616,missing
red3:lane1:snr30.0:seed4:frame18,30.0,18,profiled_cz,0,true,false,true,missing,false,true,gradient_only,1,83,0,0.4765023384158417,1.5638896981615122,missing
red3:lane1:snr30.0:seed4:frame19,30.0,19,profiled_cz,0,true,false,true,missing,false,true,gradient_only,1,82,0,0.4939624713226633,2.0550514145643892,missing
red3:lane1:snr30.0:seed4:frame20,30.0,20,profiled_cz,0,true,false,true,missing,false,true,gradient_only,1,127,0,1.1804181550344444,3.1313561523623044,missing
red3:lane1:snr30.0:seed4:frame21,30.0,21,profiled_cz,0,true,false,true,missing,false,true,gradient_only,1,110,0,0.3147894230078599,2.0537669079645124,missing
red3:lane1:snr30.0:seed4:frame22,30.0,22,profiled_cz,0,true,false,true,missing,false,true,gradient_only,1,144,0,0.5899195516630026,2.1890583671619352,missing
red3:lane1:snr30.0:seed4:frame23,30.0,23,profiled_cz,0,true,false,true,missing,false,true,gradient_only,1,73,0,0.5152760639473505,2.6590375719971675,missing
red3:lane1:snr30.0:seed4:frame24,30.0,24,profiled_cz,0,true,false,true,missing,false,true,gradient_only,1,68,0,2.1293859207570187,2.4100944863434672,missing
red3:lane1:snr30.0:seed4:frame25,30.0,25,profiled_cz,0,true,false,true,missing,false,true,gradient_only,1,48,0,0.31770974388451917,1.8092925217453126,missing
red3:lane1:snr30.0:seed4:frame26,30.0,26,profiled_cz,0,true,false,true,missing,false,true,gradient_only,1,141,0,0.37448551215370385,5.377060339906056,missing
red3:lane1:snr30.0:seed4:frame27,30.0,27,profiled_cz,0,true,false,true,missing,false,true,gradient_only,1,111,0,0.3060393350489947,2.612484087383256,missing
red3:lane1:snr30.0:seed4:frame28,30.0,28,profiled_cz,0,true,false,true,missing,false,true,gradient_only,1,103,0,0.408216657727777,1.980236120024059,missing
red3:lane1:snr30.0:seed4:frame29,30.0,29,profiled_cz,0,true,false,true,missing,false,true,gradient_only,1,128,0,1.040502815099566,3.2234915839000147,missing
red3:lane1:snr30.0:seed4:frame30,30.0,30,profiled_cz,0,true,false,true,missing,false,true,gradient_only,1,81,0,0.40121619295461514,2.1020075103521023,missing
red3:lane1:snr30.0:seed4:frame31,30.0,31,profiled_cz,1,false,false,true,missing,false,true,gradient_only,1,107,0,0.43452784306449754,2.621085278150652,missing
red3:lane1:snr30.0:seed4:frame32,30.0,32,profiled_cz,0,true,false,true,missing,false,true,gradient_only,1,126,0,0.546098328256798,2.527833426993493,missing
red3:lane1:snr30.0:seed4:frame33,30.0,33,profiled_cz,0,true,false,true,missing,false,true,gradient_only,1,130,0,0.7173896950535965,2.5307805410217004,missing
red3:lane1:snr30.0:seed4:frame34,30.0,34,profiled_cz,0,true,false,true,missing,false,true,gradient_only,1,58,0,0.18811447993147512,1.9878653968350788,missing
red3:lane1:snr30.0:seed4:frame35,30.0,35,profiled_cz,0,true,false,true,missing,false,true,gradient_only,1,117,0,0.4345762561014841,3.6949103106009997,missing
red3:lane1:snr30.0:seed4:frame36,30.0,36,profiled_cz,1,false,false,true,missing,false,true,gradient_only,1,164,0,0.5692861681773618,4.383360182880323,missing
red3:lane1:snr30.0:seed4:frame37,30.0,37,profiled_cz,0,true,false,true,missing,false,true,gradient_only,1,90,0,0.2213751385128375,1.7426062830768412,missing
red3:lane1:snr30.0:seed4:frame38,30.0,38,profiled_cz,0,true,false,true,missing,false,true,gradient_only,1,98,0,0.34299446839106806,2.765006515178076,missing
red3:lane1:snr30.0:seed4:frame39,30.0,39,profiled_cz,0,true,false,true,missing,false,true,gradient_only,1,122,0,0.5533327631222281,2.98609386890156,missing
red3:lane1:snr30.0:seed4:frame40,30.0,40,profiled_cz,1,false,false,true,missing,false,true,gradient_only,1,153,0,4.097488849143702,3.750462647696413,missing
red3:lane1:snr30.0:seed4:frame41,30.0,41,profiled_cz,0,true,false,true,missing,false,true,gradient_only,1,90,0,0.6267678789855972,1.8046661161743267,missing
red3:lane1:snr30.0:seed4:frame42,30.0,42,profiled_cz,0,true,false,true,missing,false,true,gradient_only,1,71,0,0.3585998329318096,1.571090734430672,missing
red3:lane1:snr30.0:seed4:frame43,30.0,43,profiled_cz,3,false,false,true,missing,false,true,gradient_only,1,172,0,3.9024037395391615,53.395713935559584,missing
red3:lane1:snr30.0:seed4:frame44,30.0,44,profiled_cz,0,true,false,true,missing,false,true,gradient_only,1,67,0,0.2018670555298043,2.604554750696208,missing
red3:lane1:snr30.0:seed4:frame45,30.0,45,profiled_cz,0,true,false,true,missing,false,true,gradient_only,1,96,0,1.613278931914608,2.382808447366616,missing
red3:lane1:snr30.0:seed4:frame46,30.0,46,profiled_cz,1,false,false,true,missing,false,true,gradient_only,1,99,0,0.4469437531312847,1.682310978436579,missing
red3:lane1:snr30.0:seed4:frame47,30.0,47,profiled_cz,0,true,false,true,missing,false,true,gradient_only,1,111,0,0.5236591503230855,2.9521765970690597,missing
red3:lane1:snr30.0:seed4:frame48,30.0,48,profiled_cz,0,true,false,true,missing,false,true,gradient_only,1,130,0,1.2345098505247816,5.033358877872465,missing
red3:lane1:snr30.0:seed4:frame49,30.0,49,profiled_cz,0,true,false,true,missing,false,true,gradient_only,1,112,0,0.3802319799366324,2.3119308372905287,missing
red3:lane1:snr30.0:seed4:frame50,30.0,50,profiled_cz,0,true,false,true,missing,false,true,gradient_only,1,91,0,0.2312950712866787,2.025040823863675,missing
red3:lane1:snr30.0:seed4:frame51,30.0,51,profiled_cz,0,true,false,true,missing,false,true,gradient_only,1,57,0,0.1920464754823314,2.0358486978969585,missing
red3:lane1:snr30.0:seed4:frame52,30.0,52,profiled_cz,0,true,false,true,missing,false,true,gradient_only,1,72,0,0.4483275238837885,1.8304177882185209,missing
red3:lane1:snr30.0:seed4:frame53,30.0,53,profiled_cz,0,true,false,true,missing,false,true,gradient_only,1,127,0,0.2753880604708633,2.1243695359862778,missing
red3:lane1:snr30.0:seed4:frame54,30.0,54,profiled_cz,0,true,false,true,missing,false,true,gradient_only,1,140,0,0.5825189621758236,4.997962692448057,missing
red3:lane1:snr30.0:seed4:frame55,30.0,55,profiled_cz,0,true,false,true,missing,false,true,gradient_only,1,135,0,1.5236102642825695,2.345965211389603,missing
red3:lane1:snr30.0:seed4:frame56,30.0,56,profiled_cz,0,true,false,true,missing,false,true,gradient_only,1,128,0,0.5308479006382237,3.508479111078936,missing
red3:lane1:snr30.0:seed4:frame57,30.0,57,profiled_cz,1,false,false,true,missing,false,true,gradient_only,1,127,0,0.437845677290109,3.426633316706538,missing
red3:lane1:snr30.0:seed4:frame58,30.0,58,profiled_cz,0,true,false,true,missing,false,true,gradient_only,1,116,0,0.3733484315037,1.8615797891328578,missing
red3:lane1:snr30.0:seed4:frame59,30.0,59,profiled_cz,1,false,false,true,missing,false,true,gradient_only,1,115,0,0.22371577736093157,2.433990145286526,missing
red3:lane1:snr30.0:seed4:frame60,30.0,60,profiled_cz,0,true,false,true,missing,false,true,gradient_only,1,126,0,1.099854181797239,2.1280967883649438,missing
