workload_id,snr_db,frame,algorithm_id,bit_errors,success,decode_failure,decoder_valid,crc_valid,baseline_valid,accepted_update,selection_reason,selected_iteration,lite_syndrome,gradient_syndrome,lite_score,gradient_score,selected_mean_abs_lpost
red2:lane2:snr0.0:seed4:frame1,0.0,1,cwz_joint,538,false,false,true,missing,false,true,gradient_only,8,2045,0,3.244069720085235,61.373571354139685,missing
red2:lane2:snr0.0:seed4:frame2,0.0,2,cwz_joint,533,false,false,true,missing,false,true,gradient_only,8,2038,0,1.181141545268118,43.93004636955612,missing
red2:lane2:snr0.0:seed4:frame3,0.0,3,cwz_joint,593,false,false,true,missing,false,true,gradient_only,8,2029,0,1.670012067902221,65.82115504209845,missing
red2:lane2:snr0.0:seed4:frame4,0.0,4,cwz_joint,524,false,false,true,missing,false,true,gradient_only,8,2052,0,1.5580841721200323,42.17118220787652,missing
red2:lane2:snr0.0:seed4:frame5,0.0,5,cwz_joint,566,false,false,true,missing,false,true,gradient_only,8,1954,0,2.149480614752066,49.51972931945412,missing
red2:lane2:snr0.0:seed4:frame6,0.0,6,cwz_joint,503,false,false,true,missing,false,true,gradient_only,8,2050,0,1.9858010804523678,54.48278416766413,missing
red2:lane2:snr0.0:seed4:frame7,0.0,7,cwz_joint,492,false,false,true,missing,false,true,gradient_only,8,1944,0,1.4083718769117008,32.33712419178151,missing
red2:lane2:snr0.0:seed4:frame8,0.0,8,cwz_joint,563,false,false,true,missing,false,true,gradient_only,8,1947,0,4.768864008032277,62.166752855182956,missing
red2:lane2:snr0.0:seed4:frame9,0.0,9,cwz_joint,551,false,false,true,missing,false,true,gradient_only,8,1992,0,4.6809910527347105,58.429581966240484,missing
red2:lane2:snr0.0:seed4:frame10,0.0,10,cwz_joint,559,false,false,true,missing,false,true,gradient_only,8,2087,0,1.6365028152049081,51.01143381222163,missing
red2:lane2:snr0.0:seed4:frame11,0.0,11,cwz_joint,579,false,false,true,missing,false,true,gradient_only,8,2044,0,0.9924979012894086,150.69765148805578,missing
red2:lane2:snr0.0:seed4:frame12,0.0,12,cwz_joint,561,false,false,true,missing,false,true,gradient_only,8,2084,0,3.3309615787856997,42.76941969453152,missing
red2:lane2:snr0.0:seed4:frame13,0.0,13,cwz_joint,536,false,false,true,missing,false,true,gradient_only,8,2001,0,12.721142579687006,46.60825396224426,missing
red2:lane2:snr0.0:seed4:frame14,0.0,14,cwz_joint,536,false,false,true,missing,false,true,gradient_only,8,1955,0,1.5939038989314,39.58361920643655,missing
red2:lane2:snr0.0:seed4:frame15,0.0,15,cwz_joint,541,false,false,true,missing,false,true,gradient_only,8,2101,0,1.6194155661318246,37.09811920069795,missing
red2:lane2:snr0.0:seed4:frame16,0.0,16,cwz_joint,587,false,false,true,missing,false,true,gradient_only,8,2061,0,4.84357472184952,41.914736912186804,missing
red2:lane2:snr0.0:seed4:frame17,0.0,17,cwz_joint,562,false,false,true,missing,false,true,gradient_only,8,2032,0,1.8760905514717428,45.17734561230584,missing
red2:lane2:snr0.0:seed4:frame18,0.0,18,cwz_joint,608,false,false,true,missing,false,true,gradient_only,8,2012,0,2.613502148570283,71.54205894940455,missing
red2:lane2:snr0.0:seed4:frame19,0.0,19,cwz_joint,562,false,false,true,missing,false,true,gradient_only,8,2027,0,1.4425695924488617,31.37317872681643,missing
red2:lane2:snr0.0:seed4:frame20,0.0,20,cwz_joint,580,false,false,true,missing,false,true,gradient_only,8,1968,0,3.2560221219563092,55.931566078159385,missing
red2:lane2:snr0.0:seed4:frame21,0.0,21,cwz_joint,495,false,false,true,missing,false,true,gradient_only,8,1995,0,1.2478224368707382,53.192571595697004,missing
red2:lane2:snr0.0:seed4:frame22,0.0,22,cwz_joint,553,false,false,true,missing,false,true,gradient_only,8,2056,0,1.1439703687643674,27.680153137313553,missing
red2:lane2:snr0.0:seed4:frame23,0.0,23,cwz_joint,594,false,false,true,missing,false,true,gradient_only,8,2112,0,0.6726990722003168,31.16962744815941,missing
red2:lane2:snr0.0:seed4:frame24,0.0,24,cwz_joint,572,false,false,true,missing,false,true,gradient_only,8,2042,0,2.380723068765637,86.29962528803759,missing
red2:lane2:snr0.0:seed4:frame25,0.0,25,cwz_joint,569,false,false,true,missing,false,true,gradient_only,8,2021,0,2.746302006506925,47.80372352242168,missing
red2:lane2:snr0.0:seed4:frame26,0.0,26,cwz_joint,543,false,false,true,missing,false,true,gradient_only,8,2086,0,2.662992409200521,25.192913997526876,missing
red2:lane2:snr0.0:seed4:frame27,0.0,27,cwz_joint,559,false,false,true,missing,false,true,gradient_only,8,2085,0,1.498301740666049,65.07285998889222,missing
red2:lane2:snr0.0:seed4:frame28,0.0,28,cwz_joint,543,false,false,true,missing,false,true,gradient_only,8,2010,0,2.650208806868145,235.22818234055472,missing
red2:lane2:snr0.0:seed4:frame29,0.0,29,cwz_joint,535,false,false,true,missing,false,true,gradient_only,8,1985,0,2.9435048673992035,46.0690623841593,missing
red2:lane2:snr0.0:seed4:frame30,0.0,30,cwz_joint,490,false,false,true,missing,false,true,gradient_only,8,1988,0,2.3384927374547004,31.006566477913363,missing
red2:lane2:snr0.0:seed4:frame31,0.0,31,cwz_joint,549,false,false,true,missing,false,true,gradient_only,8,1964,0,10.164551808698125,40.78251478280308,missing
red2:lane2:snr0.0:seed4:frame32,0.0,32,cwz_joint,568,false,false,true,missing,false,true,gradient_only,8,2030,0,1.3894909245102343,38.3212244890214,missing
red2:lane2:snr0.0:seed4:frame33,0.0,33,cwz_joint,586,false,false,true,missing,false,true,gradient_only,8,2019,0,1.1671612873125206,19.84722582364526,missing
red2:lane2:snr0.0:seed4:frame34,0.0,34,cwz_joint,551,false,false,true,missing,false,true,gradient_only,8,2010,0,2.017596801993116,37.63420897551243,missing
red2:lane2:snr0.0:seed4:frame35,0.0,35,cwz_joint,531,false,false,true,missing,false,true,gradient_only,8,2012,0,2.6679762249000887,64.78449150859512,missing
red2:lane2:snr0.0:seed4:frame36,0.0,36,cwz_joint,570,false,false,true,missing,false,true,gradient_only,8,1995,0,1.036654202728838,38.721291563342604,missing
red2:lane2:snr0.0:seed4:frame37,0.0,37,cwz_joint,553,false,false,true,missing,false,true,gradient_only,8,1973,0,1.768846616140194,35.9917646155192,missing
red2:lane2:snr0.0:seed4:frame38,0.0,38,cwz_joint,584,false,false,true,missing,false,true,gradient_only,8,2045,0,2.601731053172005,38.67487309696621,missing
red2:lane2:snr0.0:seed4:frame39,0.0,39,cwz_joint,561,false,false,true,missing,false,true,gradient_only,8,2022,0,1.491780370430443,45.34760510321159,missing
red2:lane2:snr0.0:seed4:frame40,0.0,40,cwz_joint,535,false,false,true,missing,false,true,gradient_only,8,2007,0,3.1512036466328057,24.724627859984167,missing
red2:lane2:snr0.0:seed4:frame41,0.0,41,cwz_joint,535,false,false,true,missing,false,true,gradient_only,8,2076,0,2.5381249607155216,35.04168805130984,missing
red2:lane2:snr0.0:seed4:frame42,0.0,42,cwz_joint,544,false,false,true,missing,false,true,gradient_only,8,2011,0,1.4935641269098694,29.611302047293144,missing
red2:lane2:snr0.0:seed4:frame43,0.0,43,cwz_joint,660,false,false,true,missing,false,true,gradient_only,8,2014,0,1.2802721221260513,41.201134661636424,missing
red2:lane2:snr0.0:seed4:frame44,0.0,44,cwz_joint,557,false,false,true,missing,false,true,gradient_only,8,2104,0,1.746520081920557,33.66214107461161,missing
red2:lane2:snr0.0:seed4:frame45,0.0,45,cwz_joint,538,false,false,true,missing,false,true,gradient_only,8,1988,0,1.37427896376051,27.89042589168595,missing
red2:lane2:snr0.0:seed4:frame46,0.0,46,cwz_joint,551,false,false,true,missing,false,true,gradient_only,8,1966,0,2.0168369389538943,29.429511962886863,missing
red2:lane2:snr0.0:seed4:frame47,0.0,47,cwz_joint,595,false,false,true,missing,false,true,gradient_only,8,2068,0,3.2654669448490723,49.84530737915423,missing
red2:lane2:snr0.0:seed4:frame48,0.0,48,cwz_joint,596,false,false,true,missing,false,true,gradient_only,8,1981,0,2.0540876081932575,52.435842368506535,missing
red2:lane2:snr0.0:seed4:frame49,0.0,49,cwz_joint,573,false,false,true,missing,false,true,gradient_only,8,2075,0,1.090374268080087,40.37418260882452,missing
red2:lane2:snr0.0:seed4:frame50,0.0,50,cwz_joint,503,false,false,true,missing,false,true,gradient_only,8,1947,0,0.8616446519601605,23.261939991504025,missing
red2:lane2:snr0.0:seed4:frame51,0.0,51,cwz_joint,576,false,false,true,missing,false,true,gradient_only,8,2079,0,1.7064176053790407,39.709801492397546,missing
red2:lane2:snr0.0:seed4:frame52,0.0,52,cwz_joint,552,false,false,true,missing,false,true,gradient_only,8,1957,0,1.6238932180198629,55.88444181057683,missing
red2:lane2:snr0.0:seed4:frame53,0.0,53,cwz_joint,571,false,false,true,missing,false,true,gradient_only,8,1964,0,1.1820084331271794,20.08549161894704,missing
red2:lane2:snr0.0:seed4:frame54,0.0,54,cwz_joint,546,false,false,true,missing,false,true,gradient_only,8,2014,0,1.6870922264590102,42.39007341530138,missing
red2:lane2:snr0.0:seed4:frame55,0.0,55,cwz_joint,539,false,false,true,missing,false,true,gradient_only,8,2014,0,1.6634297455887133,28.883503856523692,missing
red2:lane2:snr0.0:seed4:frame56,0.0,56,cwz_joint,559,false,false,true,missing,false,true,gradient_only,8,2038,0,1.2674260547712186,22.199483727423846,missing
red2:lane2:snr0.0:seed4:frame57,0.0,57,cwz_joint,579,false,false,true,missing,false,true,gradient_only,8,2040,0,1.396304657479962,37.292014091306115,missing
red2:lane2:snr0.0:seed4:frame58,0.0,58,cwz_joint,562,false,false,true,missing,false,true,gradient_only,8,2091,0,1.8345061671502834,54.55686801564163,missing
red2:lane2:snr0.0:seed4:frame59,0.0,59,cwz_joint,583,false,false,true,missing,false,true,gradient_only,8,2046,0,1.3775869628838364,47.04436856364996,missing
red2:lane2:snr0.0:seed4:frame60,0.0,60,cwz_joint,589,false,false,true,missing,false,true,gradient_only,8,2051,0,1.3604789913799133,31.342757339723693,missing
red2:lane2:snr0.0:seed4:frame1,0.0,1,profiled_cz,538,false,false,false,missing,false,true,gradient_only,8,2045,1388,3.244069720085235,6.0012090814991526,missing
red2:lane2:snr0.0:seed4:frame2,0.0,2,profiled_cz,551,false,false,false,missing,false,true,gradient_only,6,2038,1429,1.181141545268118,5.104875816694206,missing
red2:lane2:snr0.0:seed4:frame3,0.0,3,profiled_cz,606,false,false,false,missing,false,true,gradient_only,8,2029,1551,1.670012067902221,9.871588493456397,missing
red2:lane2:snr0.0:seed4:frame4,0.0,4,profiled_cz,524,false,false,false,missing,false,true,gradient_only,1,2052,1425,1.5580841721200323,6.205396404449169,missing
red2:lane2:snr0.0:seed4:frame5,0.0,5,profiled_cz,566,false,false,false,missing,false,true,gradient_only,1,1954,1346,2.149480614752066,7.683976245251543,missing
red2:lane2:snr0.0:seed4:frame6,0.0,6,profiled_cz,511,false,false,false,missing,false,true,gradient_only,2,2050,1554,1.9858010804523678,4.562530219646416,missing
red2:lane2:snr0.0:seed4:frame7,0.0,7,profiled_cz,507,false,false,false,missing,false,true,gradient_only,5,1944,1438,1.4083718769117008,3.5403919524312983,missing
red2:lane2:snr0.0:seed4:frame8,0.0,8,profiled_cz,569,false,false,false,missing,false,true,gradient_only,1,1947,1270,4.768864008032277,7.688253160259193,missing
red2:lane2:snr0.0:seed4:frame9,0.0,9,profiled_cz,551,false,false,false,missing,false,true,gradient_only,3,1992,1518,4.6809910527347105,7.049242607908634,missing
red2:lane2:snr0.0:seed4:frame10,0.0,10,profiled_cz,555,false,false,false,missing,false,true,gradient_only,1,2087,1533,1.6365028152049081,7.219051966846862,missing
red2:lane2:snr0.0:seed4:frame11,0.0,11,profiled_cz,598,false,false,false,missing,false,true,gradient_only,2,2044,1420,0.9924979012894086,11.498637227357442,missing
red2:lane2:snr0.0:seed4:frame12,0.0,12,profiled_cz,579,false,false,false,missing,false,true,gradient_only,6,2084,1606,3.3309615787856997,7.573236277954017,missing
red2:lane2:snr0.0:seed4:frame13,0.0,13,profiled_cz,545,false,false,false,missing,false,true,gradient_only,4,2001,1545,12.721142579687006,5.508950988000891,missing
red2:lane2:snr0.0:seed4:frame14,0.0,14,profiled_cz,541,false,false,false,missing,false,true,gradient_only,8,1955,1454,1.5939038989314,5.27770680712814,missing
red2:lane2:snr0.0:seed4:frame15,0.0,15,profiled_cz,570,false,false,false,missing,false,true,gradient_only,4,2101,1574,1.6194155661318246,4.170044621535736,missing
red2:lane2:snr0.0:seed4:frame16,0.0,16,profiled_cz,617,false,false,false,missing,false,true,gradient_only,3,2061,1563,4.84357472184952,15.27024939903854,missing
red2:lane2:snr0.0:seed4:frame17,0.0,17,profiled_cz,555,false,false,false,missing,false,true,gradient_only,1,2032,1355,1.8760905514717428,6.130092311908826,missing
red2:lane2:snr0.0:seed4:frame18,0.0,18,profiled_cz,576,false,false,false,missing,false,true,gradient_only,1,2012,1374,2.613502148570283,5.927031204424674,missing
red2:lane2:snr0.0:seed4:frame19,0.0,19,profiled_cz,550,false,false,false,missing,false,true,gradient_only,5,2027,1338,1.4425695924488617,6.44877359409992,missing
red2:lane2:snr0.0:seed4:frame20,0.0,20,profiled_cz,588,false,false,false,missing,false,true,gradient_only,6,1968,1483,3.2560221219563092,7.45571836359834,missing
red2:lane2:snr0.0:seed4:frame21,0.0,21,profiled_cz,508,false,false,false,missing,false,true,gradient_only,2,1995,1447,1.2478224368707382,7.78686493167909,missing
red2:lane2:snr0.0:seed4:frame22,0.0,22,profiled_cz,537,false,false,false,missing,false,true,gradient_only,5,2056,1577,1.1439703687643674,4.672412047378958,missing
red2:lane2:snr0.0:seed4:frame23,0.0,23,profiled_cz,597,false,false,false,missing,false,true,gradient_only,4,2112,1524,0.6726990722003168,10.84900501298132,missing
red2:lane2:snr0.0:seed4:frame24,0.0,24,profiled_cz,588,false,false,false,missing,false,true,gradient_only,6,2042,1378,2.380723068765637,34.08658582665478,missing
red2:lane2:snr0.0:seed4:frame25,0.0,25,profiled_cz,579,false,false,false,missing,false,true,gradient_only,1,2021,1389,2.746302006506925,6.1721582204948975,missing
red2:lane2:snr0.0:seed4:frame26,0.0,26,profiled_cz,560,false,false,false,missing,false,true,gradient_only,1,2086,1479,2.662992409200521,6.394060041538428,missing
red2:lane2:snr0.0:seed4:frame27,0.0,27,profiled_cz,563,false,false,false,missing,false,true,gradient_only,3,2085,1542,1.498301740666049,6.3050332026051255,missing
red2:lane2:snr0.0:seed4:frame28,0.0,28,profiled_cz,578,false,false,false,missing,false,true,gradient_only,8,2010,1478,2.650208806868145,26.683972480451946,missing
red2:lane2:snr0.0:seed4:frame29,0.0,29,profiled_cz,553,false,false,false,missing,false,true,gradient_only,8,1985,1429,2.9435048673992035,6.229003044956202,missing
red2:lane2:snr0.0:seed4:frame30,0.0,30,profiled_cz,498,false,false,false,missing,false,true,gradient_only,1,1988,1417,2.3384927374547004,3.6947978327250586,missing
red2:lane2:snr0.0:seed4:frame31,0.0,31,profiled_cz,549,false,false,false,missing,false,true,gradient_only,4,1964,1488,10.164551808698125,6.558512372083653,missing
red2:lane2:snr0.0:seed4:frame32,0.0,32,profiled_cz,574,false,false,false,missing,false,true,gradient_only,3,2030,1595,1.3894909245102343,10.855375407369884,missing
red2:lane2:snr0.0:seed4:frame33,0.0,33,profiled_cz,614,false,false,false,missing,false,true,gradient_only,2,2019,1386,1.1671612873125206,10.512472378874593,missing
red2:lane2:snr0.0:seed4:frame34,0.0,34,profiled_cz,533,false,false,false,missing,false,true,gradient_only,4,2010,1449,2.017596801993116,6.462177259861718,missing
red2:lane2:snr0.0:seed4:frame35,0.0,35,profiled_cz,539,false,false,false,missing,false,true,gradient_only,1,2012,1505,2.6679762249000887,15.69472095690411,missing
red2:lane2:snr0.0:seed4:frame36,0.0,36,profiled_cz,574,false,false,false,missing,false,true,gradient_only,1,1995,1471,1.036654202728838,7.549923631762847,missing
red2:lane2:snr0.0:seed4:frame37,0.0,37,profiled_cz,552,false,false,false,missing,false,true,gradient_only,8,1973,1336,1.768846616140194,8.924960974325177,missing
red2:lane2:snr0.0:seed4:frame38,0.0,38,profiled_cz,582,false,false,false,missing,false,true,gradient_only,7,2045,1292,2.601731053172005,5.417492387988841,missing
red2:lane2:snr0.0:seed4:frame39,0.0,39,profiled_cz,560,false,false,false,missing,false,true,gradient_only,1,2022,1476,1.491780370430443,6.792432155038705,missing
red2:lane2:snr0.0:seed4:frame40,0.0,40,profiled_cz,556,false,false,false,missing,false,true,gradient_only,6,2007,1453,3.1512036466328057,3.924783478047523,missing
red2:lane2:snr0.0:seed4:frame41,0.0,41,profiled_cz,547,false,false,false,missing,false,true,gradient_only,1,2076,1459,2.5381249607155216,5.0778098622490235,missing
red2:lane2:snr0.0:seed4:frame42,0.0,42,profiled_cz,559,false,false,false,missing,false,true,gradient_only,7,2011,1290,1.4935641269098694,4.709950325270884,missing
red2:lane2:snr0.0:seed4:frame43,0.0,43,profiled_cz,658,false,false,false,missing,false,true,gradient_only,1,2014,1336,1.2802721221260513,5.085175366209021,missing
red2:lane2:snr0.0:seed4:frame44,0.0,44,profiled_cz,548,false,false,false,missing,false,true,gradient_only,1,2104,1505,1.746520081920557,7.662186127077657,missing
red2:lane2:snr0.0:seed4:frame45,0.0,45,profiled_cz,550,false,false,false,missing,false,true,gradient_only,8,1988,1380,1.37427896376051,5.862498528632956,missing
red2:lane2:snr0.0:seed4:frame46,0.0,46,profiled_cz,559,false,false,false,missing,false,true,gradient_only,1,1966,1278,2.0168369389538943,6.772777727803981,missing
red2:lane2:snr0.0:seed4:frame47,0.0,47,profiled_cz,612,false,false,false,missing,false,true,gradient_only,8,2068,1421,3.2654669448490723,6.653070716633859,missing
red2:lane2:snr0.0:seed4:frame48,0.0,48,profiled_cz,591,false,false,false,missing,false,true,gradient_only,4,1981,1515,2.0540876081932575,9.401523916595583,missing
red2:lane2:snr0.0:seed4:frame49,0.0,49,profiled_cz,587,false,false,false,missing,false,true,gradient_only,4,2075,1685,1.090374268080087,3.853578987905426,missing
red2:lane2:snr0.0:seed4:frame50,0.0,50,profiled_cz,497,false,false,false,missing,false,true,gradient_only,1,1947,1134,0.8616446519601605,4.877670608018915,missing
red2:lane2:snr0.0:seed4:frame51,0.0,51,profiled_cz,572,false,false,false,missing,false,true,gradient_only,8,2079,1555,1.7064176053790407,4.988451356797495,missing
red2:lane2:snr0.0:seed4:frame52,0.0,52,profiled_cz,561,false,false,false,missing,false,true,gradient_only,6,1957,1233,1.6238932180198629,6.405466778757493,missing
red2:lane2:snr0.0:seed4:frame53,0.0,53,profiled_cz,558,false,false,false,missing,false,true,gradient_only,1,1964,1492,1.1820084331271794,3.6378205476565904,missing
red2:lane2:snr0.0:seed4:frame54,0.0,54,profiled_cz,557,false,false,false,missing,false,true,gradient_only,3,2014,1490,1.6870922264590102,5.090216526960686,missing
red2:lane2:snr0.0:seed4:frame55,0.0,55,profiled_cz,550,false,false,false,missing,false,true,gradient_only,8,2014,1287,1.6634297455887133,4.071217620399889,missing
red2:lane2:snr0.0:seed4:frame56,0.0,56,profiled_cz,559,false,false,false,missing,false,true,gradient_only,6,2038,1415,1.2674260547712186,4.488847814843576,missing
red2:lane2:snr0.0:seed4:frame57,0.0,57,profiled_cz,577,false,false,false,missing,false,true,gradient_only,1,2040,1635,1.396304657479962,5.801811352412724,missing
red2:lane2:snr0.0:seed4:frame58,0.0,58,profiled_cz,565,false,false,false,missing,false,true,gradient_only,2,2091,1456,1.8345061671502834,13.54049162384691,missing
red2:lane2:snr0.0:seed4:frame59,0.0,59,profiled_cz,591,false,false,false,missing,false,true,gradient_only,1,2046,1391,1.3775869628838364,6.759610194370362,missing
red2:lane2:snr0.0:seed4:frame60,0.0,60,profiled_cz,587,false,false,false,missing,false,true,gradient_only,4,2051,1511,1.3604789913799133,7.56798116568758,missing
red2:lane2:snr2.0:seed4:frame1,2.0,1,cwz_joint,518,false,false,true,missing,false,true,gradient_only,8,2009,0,4.400769638681223,56.07034126767368,missing
red2:lane2:snr2.0:seed4:frame2,2.0,2,cwz_joint,489,false,false,true,missing,false,true,gradient_only,8,1938,0,1.5095446094698173,38.85559926902079,missing
red2:lane2:snr2.0:seed4:frame3,2.0,3,cwz_joint,511,false,false,true,missing,false,true,gradient_only,8,2059,0,1.867155049522651,64.90433029290287,missing
red2:lane2:snr2.0:seed4:frame4,2.0,4,cwz_joint,496,false,false,true,missing,false,true,gradient_only,8,2038,0,1.6070945678936623,42.88645449462735,missing
red2:lane2:snr2.0:seed4:frame5,2.0,5,cwz_joint,510,false,false,true,missing,false,true,gradient_only,8,1980,0,1.7093031187268626,46.72636246191971,missing
red2:lane2:snr2.0:seed4:frame6,2.0,6,cwz_joint,444,false,false,true,missing,false,true,gradient_only,8,2001,0,2.607961011434407,48.96530500964896,missing
red2:lane2:snr2.0:seed4:frame7,2.0,7,cwz_joint,400,false,false,true,missing,false,true,gradient_only,8,1964,0,3.5488680158252213,30.619812434856225,missing
red2:lane2:snr2.0:seed4:frame8,2.0,8,cwz_joint,482,false,false,true,missing,false,true,gradient_only,8,2025,0,7.910162597335985,59.65621970770342,missing
red2:lane2:snr2.0:seed4:frame9,2.0,9,cwz_joint,546,false,false,true,missing,false,true,gradient_only,8,1999,0,1.496088299529937,52.2945154883517,missing
red2:lane2:snr2.0:seed4:frame10,2.0,10,cwz_joint,482,false,false,true,missing,false,true,gradient_only,8,1967,0,1.046511625935643,45.22565887798166,missing
red2:lane2:snr2.0:seed4:frame11,2.0,11,cwz_joint,547,false,false,true,missing,false,true,gradient_only,8,2028,0,1.3934348199835993,123.95916694147719,missing
red2:lane2:snr2.0:seed4:frame12,2.0,12,cwz_joint,484,false,false,true,missing,false,true,gradient_only,8,2043,0,1.4935262768001856,45.80181345851925,missing
red2:lane2:snr2.0:seed4:frame13,2.0,13,cwz_joint,480,false,false,true,missing,false,true,gradient_only,8,2025,0,2.7523607653133744,44.562282893853606,missing
red2:lane2:snr2.0:seed4:frame14,2.0,14,cwz_joint,481,false,false,true,missing,false,true,gradient_only,8,2073,0,1.9722991649294732,38.916021459738104,missing
red2:lane2:snr2.0:seed4:frame15,2.0,15,cwz_joint,492,false,false,true,missing,false,true,gradient_only,8,2055,0,1.4389355047055359,34.755264218370165,missing
red2:lane2:snr2.0:seed4:frame16,2.0,16,cwz_joint,569,false,false,true,missing,false,true,gradient_only,8,1991,0,1.7177548632166253,42.31369908950931,missing
red2:lane2:snr2.0:seed4:frame17,2.0,17,cwz_joint,521,false,false,true,missing,false,true,gradient_only,8,1936,0,2.605730669412482,41.80832303847662,missing
red2:lane2:snr2.0:seed4:frame18,2.0,18,cwz_joint,554,false,false,true,missing,false,true,gradient_only,8,2047,0,15.84773862699386,70.41858218833471,missing
red2:lane2:snr2.0:seed4:frame19,2.0,19,cwz_joint,509,false,false,true,missing,false,true,gradient_only,8,2022,0,2.4641434247693517,32.289831174636845,missing
red2:lane2:snr2.0:seed4:frame20,2.0,20,cwz_joint,516,false,false,true,missing,false,true,gradient_only,8,2021,0,1.868368775025442,52.2176443687589,missing
red2:lane2:snr2.0:seed4:frame21,2.0,21,cwz_joint,510,false,false,true,missing,false,true,gradient_only,8,2013,0,2.145563825992789,48.05646361219456,missing
red2:lane2:snr2.0:seed4:frame22,2.0,22,cwz_joint,490,false,false,true,missing,false,true,gradient_only,8,1921,0,1.714824678618651,27.44908550043031,missing
red2:lane2:snr2.0:seed4:frame23,2.0,23,cwz_joint,535,false,false,true,missing,false,true,gradient_only,8,2066,0,0.9272485554696309,31.58718729112248,missing
red2:lane2:snr2.0:seed4:frame24,2.0,24,cwz_joint,557,false,false,true,missing,false,true,gradient_only,8,2043,0,7.302039593633817,77.99804604149884,missing
red2:lane2:snr2.0:seed4:frame25,2.0,25,cwz_joint,523,false,false,true,missing,false,true,gradient_only,8,2123,0,1.645316491534708,41.65987783820803,missing
red2:lane2:snr2.0:seed4:frame26,2.0,26,cwz_joint,502,false,false,true,missing,false,true,gradient_only,8,2010,0,1.1524646813910457,25.13007925226976,missing
red2:lane2:snr2.0:seed4:frame27,2.0,27,cwz_joint,518,false,false,true,missing,false,true,gradient_only,8,2048,0,1.466173957200374,57.635363434974394,missing
red2:lane2:snr2.0:seed4:frame28,2.0,28,cwz_joint,496,false,false,true,missing,false,true,gradient_only,8,2037,0,2.1554156339231025,329.58074688975245,missing
red2:lane2:snr2.0:seed4:frame29,2.0,29,cwz_joint,474,false,false,true,missing,false,true,gradient_only,8,2007,0,2.4468329692207877,43.6384710226795,missing
red2:lane2:snr2.0:seed4:frame30,2.0,30,cwz_joint,461,false,false,true,missing,false,true,gradient_only,8,2025,0,1.4146828003790026,29.35013041293881,missing
red2:lane2:snr2.0:seed4:frame31,2.0,31,cwz_joint,547,false,false,true,missing,false,true,gradient_only,8,2058,0,1.1342643363591043,38.87884401555216,missing
red2:lane2:snr2.0:seed4:frame32,2.0,32,cwz_joint,492,false,false,true,missing,false,true,gradient_only,8,1861,0,3.274768680466764,36.94920263127234,missing
red2:lane2:snr2.0:seed4:frame33,2.0,33,cwz_joint,539,false,false,true,missing,false,true,gradient_only,8,1982,0,3.8806805489815868,24.36454967232538,missing
red2:lane2:snr2.0:seed4:frame34,2.0,34,cwz_joint,532,false,false,true,missing,false,true,gradient_only,8,2024,0,1.060121441356489,36.07235643946185,missing
red2:lane2:snr2.0:seed4:frame35,2.0,35,cwz_joint,504,false,false,true,missing,false,true,gradient_only,8,2024,0,2.014422146398956,60.47920283395174,missing
red2:lane2:snr2.0:seed4:frame36,2.0,36,cwz_joint,512,false,false,true,missing,false,true,gradient_only,8,1982,0,1.481451363517771,33.15203483173321,missing
red2:lane2:snr2.0:seed4:frame37,2.0,37,cwz_joint,569,false,false,true,missing,false,true,gradient_only,8,2073,0,1.469025173816517,36.49570207995682,missing
red2:lane2:snr2.0:seed4:frame38,2.0,38,cwz_joint,542,false,false,true,missing,false,true,gradient_only,8,2032,0,2.1718122739239702,40.02089035861581,missing
red2:lane2:snr2.0:seed4:frame39,2.0,39,cwz_joint,530,false,false,true,missing,false,true,gradient_only,8,2044,0,1.7941046719689895,42.97543892676795,missing
red2:lane2:snr2.0:seed4:frame40,2.0,40,cwz_joint,462,false,false,true,missing,false,true,gradient_only,8,1967,0,1.4450038662701874,26.181757041515628,missing
red2:lane2:snr2.0:seed4:frame41,2.0,41,cwz_joint,543,false,false,true,missing,false,true,gradient_only,8,2094,0,3.0407275866932912,35.99003986572548,missing
red2:lane2:snr2.0:seed4:frame42,2.0,42,cwz_joint,487,false,false,true,missing,false,true,gradient_only,8,1919,0,1.1885334787167159,28.632457219595338,missing
red2:lane2:snr2.0:seed4:frame43,2.0,43,cwz_joint,649,false,false,true,missing,false,true,gradient_only,8,2115,0,2.857963519174212,273.3696898942227,missing
red2:lane2:snr2.0:seed4:frame44,2.0,44,cwz_joint,490,false,false,true,missing,false,true,gradient_only,8,2074,0,0.8400491752355324,33.76505327732451,missing
red2:lane2:snr2.0:seed4:frame45,2.0,45,cwz_joint,540,false,false,true,missing,false,true,gradient_only,8,1977,0,3.0758908180099183,29.060338999127914,missing
red2:lane2:snr2.0:seed4:frame46,2.0,46,cwz_joint,530,false,false,true,missing,false,true,gradient_only,8,1968,0,1.4739218377764638,29.992533732835156,missing
red2:lane2:snr2.0:seed4:frame47,2.0,47,cwz_joint,532,false,false,true,missing,false,true,gradient_only,8,2035,0,1.122167937984866,46.85290018448538,missing
red2:lane2:snr2.0:seed4:frame48,2.0,48,cwz_joint,545,false,false,true,missing,false,true,gradient_only,8,1980,0,1.7381377078816411,51.93982958203123,missing
red2:lane2:snr2.0:seed4:frame49,2.0,49,cwz_joint,530,false,false,true,missing,false,true,gradient_only,8,1978,0,1.1940475620589666,40.07515438196095,missing
red2:lane2:snr2.0:seed4:frame50,2.0,50,cwz_joint,450,false,false,true,missing,false,true,gradient_only,8,1869,0,1.0051740731617205,21.383331816921316,missing
red2:lane2:snr2.0:seed4:frame51,2.0,51,cwz_joint,520,false,false,true,missing,false,true,gradient_only,8,2024,0,1.9983022817961533,39.211442927148724,missing
red2:lane2:snr2.0:seed4:frame52,2.0,52,cwz_joint,508,false,false,true,missing,false,true,gradient_only,8,1989,0,1.0319194646147567,53.58518939533812,missing
red2:lane2:snr2.0:seed4:frame53,2.0,53,cwz_joint,553,false,false,true,missing,false,true,gradient_only,8,2032,0,3.8909508539991307,21.784360959807653,missing
red2:lane2:snr2.0:seed4:frame54,2.0,54,cwz_joint,543,false,false,true,missing,false,true,gradient_only,8,2055,0,1.5025641272037615,41.53300833273818,missing
red2:lane2:snr2.0:seed4:frame55,2.0,55,cwz_joint,491,false,false,true,missing,false,true,gradient_only,8,1993,0,1.194104016862994,28.40561225221759,missing
red2:lane2:snr2.0:seed4:frame56,2.0,56,cwz_joint,535,false,false,true,missing,false,true,gradient_only,8,1960,0,2.647015039319293,21.0226862389902,missing
red2:lane2:snr2.0:seed4:frame57,2.0,57,cwz_joint,516,false,false,true,missing,false,true,gradient_only,8,2009,0,0.8217161928367399,35.65932937784153,missing
red2:lane2:snr2.0:seed4:frame58,2.0,58,cwz_joint,489,false,false,true,missing,false,true,gradient_only,8,2013,0,2.7575383834729763,40.66490592345941,missing
red2:lane2:snr2.0:seed4:frame59,2.0,59,cwz_joint,480,false,false,true,missing,false,true,gradient_only,8,2039,0,1.4942291134120307,45.69182822509748,missing
red2:lane2:snr2.0:seed4:frame60,2.0,60,cwz_joint,540,false,false,true,missing,false,true,gradient_only,8,2056,0,4.653115445221646,32.58615083621871,missing
red2:lane2:snr2.0:seed4:frame1,2.0,1,profiled_cz,527,false,false,false,missing,false,true,gradient_only,4,2009,1500,4.400769638681223,5.70131079047906,missing
red2:lane2:snr2.0:seed4:frame2,2.0,2,profiled_cz,503,false,false,false,missing,false,true,gradient_only,6,1938,1310,1.5095446094698173,4.292486159713134,missing
red2:lane2:snr2.0:seed4:frame3,2.0,3,profiled_cz,528,false,false,false,missing,false,true,gradient_only,1,2059,1338,1.867155049522651,6.049714298236876,missing
red2:lane2:snr2.0:seed4:frame4,2.0,4,profiled_cz,499,false,false,false,missing,false,true,gradient_only,7,2038,1414,1.6070945678936623,5.9876967060332325,missing
red2:lane2:snr2.0:seed4:frame5,2.0,5,profiled_cz,529,false,false,false,missing,false,true,gradient_only,3,1980,1408,1.7093031187268626,7.939573030277377,missing
red2:lane2:snr2.0:seed4:frame6,2.0,6,profiled_cz,468,false,false,false,missing,false,true,gradient_only,2,2001,1363,2.607961011434407,4.748475671537851,missing
red2:lane2:snr2.0:seed4:frame7,2.0,7,profiled_cz,448,false,false,false,missing,false,true,gradient_only,8,1964,1435,3.5488680158252213,4.839171764778221,missing
red2:lane2:snr2.0:seed4:frame8,2.0,8,profiled_cz,503,false,false,false,missing,false,true,gradient_only,4,2025,1381,7.910162597335985,5.717365890785422,missing
red2:lane2:snr2.0:seed4:frame9,2.0,9,profiled_cz,519,false,false,false,missing,false,true,gradient_only,4,1999,1227,1.496088299529937,5.992834343659554,missing
red2:lane2:snr2.0:seed4:frame10,2.0,10,profiled_cz,502,false,false,false,missing,false,true,gradient_only,3,1967,1466,1.046511625935643,6.186398192242082,missing
red2:lane2:snr2.0:seed4:frame11,2.0,11,profiled_cz,562,false,false,false,missing,false,true,gradient_only,4,2028,1519,1.3934348199835993,10.670200498730097,missing
red2:lane2:snr2.0:seed4:frame12,2.0,12,profiled_cz,491,false,false,false,missing,false,true,gradient_only,2,2043,1366,1.4935262768001856,5.817561039553521,missing
red2:lane2:snr2.0:seed4:frame13,2.0,13,profiled_cz,494,false,false,false,missing,false,true,gradient_only,8,2025,1358,2.7523607653133744,5.1502347464566105,missing
red2:lane2:snr2.0:seed4:frame14,2.0,14,profiled_cz,489,false,false,false,missing,false,true,gradient_only,5,2073,1580,1.9722991649294732,4.832237858433823,missing
red2:lane2:snr2.0:seed4:frame15,2.0,15,profiled_cz,510,false,false,false,missing,false,true,gradient_only,5,2055,1571,1.4389355047055359,3.962802469515205,missing
red2:lane2:snr2.0:seed4:frame16,2.0,16,profiled_cz,566,false,false,false,missing,false,true,gradient_only,7,1991,1358,1.7177548632166253,13.757634024823703,missing
red2:lane2:snr2.0:seed4:frame17,2.0,17,profiled_cz,518,false,false,false,missing,false,true,gradient_only,7,1936,1166,2.605730669412482,5.33712141134847,missing
red2:lane2:snr2.0:seed4:frame18,2.0,18,profiled_cz,544,false,false,false,missing,false,true,gradient_only,1,2047,1485,15.84773862699386,6.686829677769383,missing
red2:lane2:snr2.0:seed4:frame19,2.0,19,profiled_cz,518,false,false,false,missing,false,true,gradient_only,2,2022,1443,2.4641434247693517,5.251188331032749,missing
red2:lane2:snr2.0:seed4:frame20,2.0,20,profiled_cz,535,false,false,false,missing,false,true,gradient_only,6,2021,1502,1.868368775025442,8.667442647102392,missing
red2:lane2:snr2.0:seed4:frame21,2.0,21,profiled_cz,517,false,false,false,missing,false,true,gradient_only,4,2013,1386,2.145563825992789,7.167757598097488,missing
red2:lane2:snr2.0:seed4:frame22,2.0,22,profiled_cz,499,false,false,false,missing,false,true,gradient_only,4,1921,1255,1.714824678618651,4.218794674961516,missing
red2:lane2:snr2.0:seed4:frame23,2.0,23,profiled_cz,540,false,false,false,missing,false,true,gradient_only,6,2066,1539,0.9272485554696309,9.204728632935561,missing
red2:lane2:snr2.0:seed4:frame24,2.0,24,profiled_cz,568,false,false,false,missing,false,true,gradient_only,1,2043,1441,7.302039593633817,40.39025390566369,missing
red2:lane2:snr2.0:seed4:frame25,2.0,25,profiled_cz,523,false,false,false,missing,false,true,gradient_only,2,2123,1454,1.645316491534708,5.451041554239338,missing
red2:lane2:snr2.0:seed4:frame26,2.0,26,profiled_cz,520,false,false,false,missing,false,true,gradient_only,7,2010,1366,1.1524646813910457,3.8785783104353335,missing
red2:lane2:snr2.0:seed4:frame27,2.0,27,profiled_cz,522,false,false,false,missing,false,true,gradient_only,7,2048,1630,1.466173957200374,8.06818619904972,missing
red2:lane2:snr2.0:seed4:frame28,2.0,28,profiled_cz,522,false,false,false,missing,false,true,gradient_only,7,2037,1465,2.1554156339231025,32.602576524686825,missing
red2:lane2:snr2.0:seed4:frame29,2.0,29,profiled_cz,481,false,false,false,missing,false,true,gradient_only,5,2007,1429,2.4468329692207877,5.088920264753365,missing
red2:lane2:snr2.0:seed4:frame30,2.0,30,profiled_cz,458,false,false,false,missing,false,true,gradient_only,2,2025,1444,1.4146828003790026,5.092276867879183,missing
red2:lane2:snr2.0:seed4:frame31,2.0,31,profiled_cz,563,false,false,false,missing,false,true,gradient_only,3,2058,1328,1.1342643363591043,4.734892434261386,missing
red2:lane2:snr2.0:seed4:frame32,2.0,32,profiled_cz,500,false,false,false,missing,false,true,gradient_only,2,1861,1222,3.274768680466764,12.063102432216699,missing
red2:lane2:snr2.0:seed4:frame33,2.0,33,profiled_cz,540,false,false,false,missing,false,true,gradient_only,8,1982,1409,3.8806805489815868,7.099472289457674,missing
red2:lane2:snr2.0:seed4:frame34,2.0,34,profiled_cz,493,false,false,false,missing,false,true,gradient_only,2,2024,1482,1.060121441356489,3.8345307629740515,missing
red2:lane2:snr2.0:seed4:frame35,2.0,35,profiled_cz,528,false,false,false,missing,false,true,gradient_only,1,2024,1544,2.014422146398956,10.576174240524239,missing
red2:lane2:snr2.0:seed4:frame36,2.0,36,profiled_cz,550,false,false,false,missing,false,true,gradient_only,8,1982,1446,1.481451363517771,4.0865306527953145,missing
red2:lane2:snr2.0:seed4:frame37,2.0,37,profiled_cz,592,false,false,false,missing,false,true,gradient_only,7,2073,1243,1.469025173816517,7.96470013880447,missing
red2:lane2:snr2.0:seed4:frame38,2.0,38,profiled_cz,553,false,false,false,missing,false,true,gradient_only,2,2032,1327,2.1718122739239702,5.202833366574342,missing
red2:lane2:snr2.0:seed4:frame39,2.0,39,profiled_cz,527,false,false,false,missing,false,true,gradient_only,4,2044,1456,1.7941046719689895,5.282343825007784,missing
red2:lane2:snr2.0:seed4:frame40,2.0,40,profiled_cz,466,false,false,false,missing,false,true,gradient_only,3,1967,1259,1.4450038662701874,3.7886979668950773,missing
red2:lane2:snr2.0:seed4:frame41,2.0,41,profiled_cz,557,false,false,false,missing,false,true,gradient_only,2,2094,1559,3.0407275866932912,4.276735388525674,missing
red2:lane2:snr2.0:seed4:frame42,2.0,42,profiled_cz,477,false,false,false,missing,false,true,gradient_only,7,1919,1245,1.1885334787167159,3.7696349142065237,missing
red2:lane2:snr2.0:seed4:frame43,2.0,43,profiled_cz,656,false,false,false,missing,false,true,gradient_only,1,2115,1557,2.857963519174212,348.9805525624666,missing
red2:lane2:snr2.0:seed4:frame44,2.0,44,profiled_cz,524,false,false,false,missing,false,true,gradient_only,5,2074,1392,0.8400491752355324,7.2405237563202824,missing
red2:lane2:snr2.0:seed4:frame45,2.0,45,profiled_cz,554,false,false,false,missing,false,true,gradient_only,1,1977,1414,3.0758908180099183,4.789042559814725,missing
red2:lane2:snr2.0:seed4:frame46,2.0,46,profiled_cz,537,false,false,false,missing,false,true,gradient_only,7,1968,1396,1.4739218377764638,4.891450521963105,missing
red2:lane2:snr2.0:seed4:frame47,2.0,47,profiled_cz,538,false,false,false,missing,false,true,gradient_only,1,2035,1354,1.122167937984866,5.571600758234672,missing
red2:lane2:snr2.0:seed4:frame48,2.0,48,profiled_cz,541,false,false,false,missing,false,true,gradient_only,8,1980,1325,1.7381377078816411,6.717267482601296,missing
red2:lane2:snr2.0:seed4:frame49,2.0,49,profiled_cz,545,false,false,false,missing,false,true,gradient_only,5,1978,1395,1.1940475620589666,3.7759310060501696,missing
red2:lane2:snr2.0:seed4:frame50,2.0,50,profiled_cz,476,false,false,false,missing,false,true,gradient_only,8,1869,1265,1.0051740731617205,4.4804969471685805,missing
red2:lane2:snr2.0:seed4:frame51,2.0,51,profiled_cz,524,false,false,false,missing,false,true,gradient_only,6,2024,1515,1.9983022817961533,4.181116997069627,missing
red2:lane2:snr2.0:seed4:frame52,2.0,52,profiled_cz,482,false,false,false,missing,false,true,gradient_only,1,1989,1447,1.0319194646147567,5.646084625455994,missing
red2:lane2:snr2.0:seed4:frame53,2.0,53,profiled_cz,576,false,false,false,missing,false,true,gradient_only,6,2032,1432,3.8909508539991307,3.4610631485987953,missing
red2:lane2:snr2.0:seed4:frame54,2.0,54,profiled_cz,541,false,false,false,missing,false,true,gradient_only,2,2055,1346,1.5025641272037615,6.6702921464423826,missing
red2:lane2:snr2.0:seed4:frame55,2.0,55,profiled_cz,487,false,false,false,missing,false,true,gradient_only,4,1993,1510,1.194104016862994,3.387097239198206,missing
red2:lane2:snr2.0:seed4:frame56,2.0,56,profiled_cz,533,false,false,false,missing,false,true,gradient_only,7,1960,1440,2.647015039319293,3.840738726262143,missing
red2:lane2:snr2.0:seed4:frame57,2.0,57,profiled_cz,528,false,false,false,missing,false,true,gradient_only,5,2009,1479,0.8217161928367399,6.184158323107988,missing
red2:lane2:snr2.0:seed4:frame58,2.0,58,profiled_cz,504,false,false,false,missing,false,true,gradient_only,8,2013,1474,2.7575383834729763,6.143033794572805,missing
red2:lane2:snr2.0:seed4:frame59,2.0,59,profiled_cz,500,false,false,false,missing,false,true,gradient_only,7,2039,1471,1.4942291134120307,5.2866989411697345,missing
red2:lane2:snr2.0:seed4:frame60,2.0,60,profiled_cz,565,false,false,false,missing,false,true,gradient_only,8,2056,1502,4.653115445221646,7.083612262693502,missing
red2:lane2:snr4.0:seed4:frame1,4.0,1,cwz_joint,445,false,false,true,missing,false,true,gradient_only,8,1909,0,1.1618730808126516,50.20071153425927,missing
red2:lane2:snr4.0:seed4:frame2,4.0,2,cwz_joint,452,false,false,true,missing,false,true,gradient_only,8,1925,0,3.835895057344535,34.02875674528961,missing
red2:lane2:snr4.0:seed4:frame3,4.0,3,cwz_joint,513,false,false,true,missing,false,true,gradient_only,8,1942,0,2.4205087143107877,62.365454074058114,missing
red2:lane2:snr4.0:seed4:frame4,4.0,4,cwz_joint,436,false,false,true,missing,false,true,gradient_only,8,1957,0,3.5821711846455715,42.52619983362518,missing
red2:lane2:snr4.0:seed4:frame5,4.0,5,cwz_joint,476,false,false,true,missing,false,true,gradient_only,8,1946,0,25.147089316974867,42.42214310821161,missing
red2:lane2:snr4.0:seed4:frame6,4.0,6,cwz_joint,364,false,false,true,missing,false,true,gradient_only,8,1889,0,1.1629022514255325,43.55410776617094,missing
red2:lane2:snr4.0:seed4:frame7,4.0,7,cwz_joint,386,false,false,true,missing,false,true,gradient_only,8,1889,0,1.8589963642420932,28.470360752314903,missing
red2:lane2:snr4.0:seed4:frame8,4.0,8,cwz_joint,413,false,false,true,missing,false,true,gradient_only,8,1950,0,1.648712548266795,54.86101176541071,missing
red2:lane2:snr4.0:seed4:frame9,4.0,9,cwz_joint,474,false,false,true,missing,false,true,gradient_only,8,1945,0,1.4434908318574786,45.81863431295208,missing
red2:lane2:snr4.0:seed4:frame10,4.0,10,cwz_joint,412,false,false,true,missing,false,true,gradient_only,8,1882,0,1.4707738472409997,39.47122552824597,missing
red2:lane2:snr4.0:seed4:frame11,4.0,11,cwz_joint,459,false,false,true,missing,false,true,gradient_only,8,1976,0,2.0985971650177544,94.29069001296067,missing
red2:lane2:snr4.0:seed4:frame12,4.0,12,cwz_joint,442,false,false,true,missing,false,true,gradient_only,8,1933,0,0.9317708505580061,41.67789574587657,missing
red2:lane2:snr4.0:seed4:frame13,4.0,13,cwz_joint,497,false,false,true,missing,false,true,gradient_only,8,1970,0,1.121335441675086,41.51330365899635,missing
red2:lane2:snr4.0:seed4:frame14,4.0,14,cwz_joint,367,false,false,true,missing,false,true,gradient_only,8,1945,0,1.1171103719592999,37.47394419999437,missing
red2:lane2:snr4.0:seed4:frame15,4.0,15,cwz_joint,493,false,false,true,missing,false,true,gradient_only,8,2010,0,3.3277020984459367,31.922335582013464,missing
red2:lane2:snr4.0:seed4:frame16,4.0,16,cwz_joint,575,false,false,true,missing,false,true,gradient_only,8,2015,0,1.2038800294117566,41.05178080285224,missing
red2:lane2:snr4.0:seed4:frame17,4.0,17,cwz_joint,471,false,false,true,missing,false,true,gradient_only,8,2001,0,2.066403221943826,37.7670258210774,missing
red2:lane2:snr4.0:seed4:frame18,4.0,18,cwz_joint,538,false,false,true,missing,false,true,gradient_only,8,1977,0,1.7860629603158362,65.06269785496563,missing
red2:lane2:snr4.0:seed4:frame19,4.0,19,cwz_joint,470,false,false,true,missing,false,true,gradient_only,8,1930,0,0.8816456545314301,32.56050273496821,missing
red2:lane2:snr4.0:seed4:frame20,4.0,20,cwz_joint,508,false,false,true,missing,false,true,gradient_only,8,1987,0,1.8560336728842097,46.91554856568086,missing
red2:lane2:snr4.0:seed4:frame21,4.0,21,cwz_joint,407,false,false,true,missing,false,true,gradient_only,8,1925,0,0.7261987552227799,42.50199525600624,missing
red2:lane2:snr4.0:seed4:frame22,4.0,22,cwz_joint,451,false,false,true,missing,false,true,gradient_only,8,2019,0,1.7290538666494837,26.341126760050717,missing
red2:lane2:snr4.0:seed4:frame23,4.0,23,cwz_joint,510,false,false,true,missing,false,true,gradient_only,8,1984,0,0.7743644139555322,29.933793013962273,missing
red2:lane2:snr4.0:seed4:frame24,4.0,24,cwz_joint,558,false,false,true,missing,false,true,gradient_only,8,2050,0,2.338790614676394,67.06766438749078,missing
red2:lane2:snr4.0:seed4:frame25,4.0,25,cwz_joint,481,false,false,true,missing,false,true,gradient_only,8,1961,0,1.5132175595738624,37.15771536965278,missing
red2:lane2:snr4.0:seed4:frame26,4.0,26,cwz_joint,434,false,false,true,missing,false,true,gradient_only,8,1902,0,9.811416273038656,24.728244852440397,missing
red2:lane2:snr4.0:seed4:frame27,4.0,27,cwz_joint,486,false,false,true,missing,false,true,gradient_only,8,2043,0,1.382395453403542,50.542494298893196,missing
red2:lane2:snr4.0:seed4:frame28,4.0,28,cwz_joint,436,false,false,true,missing,false,true,gradient_only,8,1948,0,1.665686325171279,395.30317052889404,missing
red2:lane2:snr4.0:seed4:frame29,4.0,29,cwz_joint,475,false,false,true,missing,false,true,gradient_only,8,1986,0,3.521052527837378,39.789316886136305,missing
red2:lane2:snr4.0:seed4:frame30,4.0,30,cwz_joint,402,false,false,true,missing,false,true,gradient_only,8,1882,0,1.6780754585324886,27.152441250805516,missing
red2:lane2:snr4.0:seed4:frame31,4.0,31,cwz_joint,543,false,false,true,missing,false,true,gradient_only,8,1946,0,9.343459011473223,36.109910288919565,missing
red2:lane2:snr4.0:seed4:frame32,4.0,32,cwz_joint,479,false,false,true,missing,false,true,gradient_only,8,2027,0,1.8259224362558697,37.35694708273941,missing
red2:lane2:snr4.0:seed4:frame33,4.0,33,cwz_joint,474,false,false,true,missing,false,true,gradient_only,8,2034,0,1.5152954982905664,27.618172985181296,missing
red2:lane2:snr4.0:seed4:frame34,4.0,34,cwz_joint,449,false,false,true,missing,false,true,gradient_only,8,1977,0,1.8661659273648799,34.02325085865951,missing
red2:lane2:snr4.0:seed4:frame35,4.0,35,cwz_joint,497,false,false,true,missing,false,true,gradient_only,8,2012,0,2.724411704019947,54.268730899119525,missing
red2:lane2:snr4.0:seed4:frame36,4.0,36,cwz_joint,521,false,false,true,missing,false,true,gradient_only,8,1928,0,1.2657878705270542,31.582464426764705,missing
red2:lane2:snr4.0:seed4:frame37,4.0,37,cwz_joint,508,false,false,true,missing,false,true,gradient_only,8,2027,0,1.2637910286670229,35.878929156627905,missing
red2:lane2:snr4.0:seed4:frame38,4.0,38,cwz_joint,471,false,false,true,missing,false,true,gradient_only,8,1944,0,1.9063140458771892,39.46063603306912,missing
red2:lane2:snr4.0:seed4:frame39,4.0,39,cwz_joint,483,false,false,true,missing,false,true,gradient_only,8,1927,0,3.6542289374942234,40.46058517038068,missing
red2:lane2:snr4.0:seed4:frame40,4.0,40,cwz_joint,408,false,false,true,missing,false,true,gradient_only,8,1907,0,1.0144291810690782,26.756886133633166,missing
red2:lane2:snr4.0:seed4:frame41,4.0,41,cwz_joint,461,false,false,true,missing,false,true,gradient_only,8,1973,0,2.4693438028153736,36.121653264069444,missing
red2:lane2:snr4.0:seed4:frame42,4.0,42,cwz_joint,438,false,false,true,missing,false,true,gradient_only,8,1886,0,0.8790529044961028,27.145407243126478,missing
red2:lane2:snr4.0:seed4:frame43,4.0,43,cwz_joint,522,false,false,true,missing,false,true,gradient_only,8,2039,0,2.1082673046510347,27.173871946496824,missing
red2:lane2:snr4.0:seed4:frame44,4.0,44,cwz_joint,465,false,false,true,missing,false,true,gradient_only,8,1936,0,57.57904615931088,32.938793052292525,missing
red2:lane2:snr4.0:seed4:frame45,4.0,45,cwz_joint,434,false,false,true,missing,false,true,gradient_only,8,1956,0,1.4816526612481706,29.123990272724583,missing
red2:lane2:snr4.0:seed4:frame46,4.0,46,cwz_joint,508,false,false,true,missing,false,true,gradient_only,8,1880,0,1.863091068359294,30.043864897393973,missing
red2:lane2:snr4.0:seed4:frame47,4.0,47,cwz_joint,497,false,false,true,missing,false,true,gradient_only,8,2011,0,1.7227247865982713,43.13041490330877,missing
red2:lane2:snr4.0:seed4:frame48,4.0,48,cwz_joint,511,false,false,true,missing,false,true,gradient_only,8,2014,0,1.4436831319631316,48.94135666574351,missing
red2:lane2:snr4.0:seed4:frame49,4.0,49,cwz_joint,502,false,false,true,missing,false,true,gradient_only,8,2023,0,0.7518881690430276,38.46338625009934,missing
red2:lane2:snr4.0:seed4:frame50,4.0,50,cwz_joint,366,false,false,true,missing,false,true,gradient_only,8,1940,0,1.8857251540374116,19.04145206123518,missing
red2:lane2:snr4.0:seed4:frame51,4.0,51,cwz_joint,405,false,false,true,missing,false,true,gradient_only,8,1988,0,1.1733819672236734,37.29113348533371,missing
red2:lane2:snr4.0:seed4:frame52,4.0,52,cwz_joint,465,false,false,true,missing,false,true,gradient_only,8,2012,0,1.9734246324081464,50.20893117240768,missing
red2:lane2:snr4.0:seed4:frame53,4.0,53,cwz_joint,459,false,false,true,missing,false,true,gradient_only,8,1942,0,1.027856629007063,22.473993048127394,missing
red2:lane2:snr4.0:seed4:frame54,4.0,54,cwz_joint,442,false,false,true,missing,false,true,gradient_only,8,1977,0,1.1119043147635161,39.550501105430165,missing
red2:lane2:snr4.0:seed4:frame55,4.0,55,cwz_joint,445,false,false,true,missing,false,true,gradient_only,8,1895,0,1.3533239181827923,27.308128260773625,missing
red2:lane2:snr4.0:seed4:frame56,4.0,56,cwz_joint,485,false,false,true,missing,false,true,gradient_only,8,1961,0,1.132765578380185,19.387701395549506,missing
red2:lane2:snr4.0:seed4:frame57,4.0,57,cwz_joint,454,false,false,true,missing,false,true,gradient_only,8,1956,0,0.9457995007221375,32.98110907789175,missing
red2:lane2:snr4.0:seed4:frame58,4.0,58,cwz_joint,477,false,false,true,missing,false,true,gradient_only,8,1973,0,1.6387025217543572,37.67673200240785,missing
red2:lane2:snr4.0:seed4:frame59,4.0,59,cwz_joint,468,false,false,true,missing,false,true,gradient_only,8,2005,0,2.2504424726922263,42.72265837556436,missing
red2:lane2:snr4.0:seed4:frame60,4.0,60,cwz_joint,528,false,false,true,missing,false,true,gradient_only,8,1962,0,1.4277428207519889,32.99634581192693,missing
red2:lane2:snr4.0:seed4:frame1,4.0,1,profiled_cz,482,false,false,false,missing,false,true,gradient_only,7,1909,1445,1.1618730808126516,5.1431864843668,missing
red2:lane2:snr4.0:seed4:frame2,4.0,2,profiled_cz,469,false,false,false,missing,false,true,gradient_only,1,1925,1290,3.835895057344535,3.1066150500070604,missing
red2:lane2:snr4.0:seed4:frame3,4.0,3,profiled_cz,509,false,false,false,missing,false,true,gradient_only,4,1942,1366,2.4205087143107877,5.650382917121976,missing
red2:lane2:snr4.0:seed4:frame4,4.0,4,profiled_cz,448,false,false,false,missing,false,true,gradient_only,3,1957,1323,3.5821711846455715,5.414917481866877,missing
red2:lane2:snr4.0:seed4:frame5,4.0,5,profiled_cz,493,false,false,false,missing,false,true,gradient_only,5,1946,1305,25.147089316974867,5.861619951302673,missing
red2:lane2:snr4.0:seed4:frame6,4.0,6,profiled_cz,382,false,false,false,missing,false,true,gradient_only,1,1889,1335,1.1629022514255325,3.650436407256921,missing
red2:lane2:snr4.0:seed4:frame7,4.0,7,profiled_cz,404,false,false,false,missing,false,true,gradient_only,4,1889,1050,1.8589963642420932,3.4044824376501843,missing
red2:lane2:snr4.0:seed4:frame8,4.0,8,profiled_cz,441,false,false,false,missing,false,true,gradient_only,5,1950,1372,1.648712548266795,5.220654975289375,missing
red2:lane2:snr4.0:seed4:frame9,4.0,9,profiled_cz,482,false,false,false,missing,false,true,gradient_only,1,1945,1362,1.4434908318574786,5.29195543242241,missing
red2:lane2:snr4.0:seed4:frame10,4.0,10,profiled_cz,422,false,false,false,missing,false,true,gradient_only,6,1882,1191,1.4707738472409997,5.3369093182359775,missing
red2:lane2:snr4.0:seed4:frame11,4.0,11,profiled_cz,477,false,false,false,missing,false,true,gradient_only,7,1976,1394,2.0985971650177544,7.417680911459287,missing
red2:lane2:snr4.0:seed4:frame12,4.0,12,profiled_cz,445,false,false,false,missing,false,true,gradient_only,1,1933,1270,0.9317708505580061,4.88035645833655,missing
red2:lane2:snr4.0:seed4:frame13,4.0,13,profiled_cz,505,false,false,false,missing,false,true,gradient_only,7,1970,1412,1.121335441675086,4.353840819785609,missing
red2:lane2:snr4.0:seed4:frame14,4.0,14,profiled_cz,405,false,false,false,missing,false,true,gradient_only,6,1945,1315,1.1171103719592999,3.5741059240571413,missing
red2:lane2:snr4.0:seed4:frame15,4.0,15,profiled_cz,502,false,false,false,missing,false,true,gradient_only,5,2010,1470,3.3277020984459367,3.7995880432800946,missing
red2:lane2:snr4.0:seed4:frame16,4.0,16,profiled_cz,573,false,false,false,missing,false,true,gradient_only,4,2015,1251,1.2038800294117566,11.744799364092781,missing
red2:lane2:snr4.0:seed4:frame17,4.0,17,profiled_cz,485,false,false,false,missing,false,true,gradient_only,4,2001,1317,2.066403221943826,4.4820428543268,missing
red2:lane2:snr4.0:seed4:frame18,4.0,18,profiled_cz,542,false,false,false,missing,false,true,gradient_only,7,1977,1365,1.7860629603158362,6.381573685121569,missing
red2:lane2:snr4.0:seed4:frame19,4.0,19,profiled_cz,479,false,false,false,missing,false,true,gradient_only,5,1930,1365,0.8816456545314301,5.480639599816667,missing
red2:lane2:snr4.0:seed4:frame20,4.0,20,profiled_cz,498,false,false,false,missing,false,true,gradient_only,1,1987,1532,1.8560336728842097,5.208740126115033,missing
red2:lane2:snr4.0:seed4:frame21,4.0,21,profiled_cz,412,false,false,false,missing,false,true,gradient_only,5,1925,1277,0.7261987552227799,5.09993258140692,missing
red2:lane2:snr4.0:seed4:frame22,4.0,22,profiled_cz,474,false,false,false,missing,false,true,gradient_only,4,2019,1374,1.7290538666494837,4.247217506599484,missing
red2:lane2:snr4.0:seed4:frame23,4.0,23,profiled_cz,512,false,false,false,missing,false,true,gradient_only,7,1984,1308,0.7743644139555322,6.642278050572249,missing
red2:lane2:snr4.0:seed4:frame24,4.0,24,profiled_cz,547,false,false,false,missing,false,true,gradient_only,1,2050,1491,2.338790614676394,25.722860589422595,missing
red2:lane2:snr4.0:seed4:frame25,4.0,25,profiled_cz,479,false,false,false,missing,false,true,gradient_only,3,1961,1161,1.5132175595738624,3.6126736784357485,missing
red2:lane2:snr4.0:seed4:frame26,4.0,26,profiled_cz,436,false,false,false,missing,false,true,gradient_only,1,1902,1266,9.811416273038656,3.7694700459430304,missing
red2:lane2:snr4.0:seed4:frame27,4.0,27,profiled_cz,465,false,false,false,missing,false,true,gradient_only,6,2043,1347,1.382395453403542,4.996253014623429,missing
red2:lane2:snr4.0:seed4:frame28,4.0,28,profiled_cz,422,false,false,false,missing,false,true,gradient_only,2,1948,1291,1.665686325171279,36.23843048042476,missing
red2:lane2:snr4.0:seed4:frame29,4.0,29,profiled_cz,492,false,false,false,missing,false,true,gradient_only,1,1986,1503,3.521052527837378,4.637719140679821,missing
red2:lane2:snr4.0:seed4:frame30,4.0,30,profiled_cz,392,false,false,false,missing,false,true,gradient_only,7,1882,1078,1.6780754585324886,2.944460522481293,missing
red2:lane2:snr4.0:seed4:frame31,4.0,31,profiled_cz,530,false,false,false,missing,false,true,gradient_only,4,1946,1443,9.343459011473223,4.701533928291833,missing
red2:lane2:snr4.0:seed4:frame32,4.0,32,profiled_cz,482,false,false,false,missing,false,true,gradient_only,6,2027,1270,1.8259224362558697,7.055962503930995,missing
red2:lane2:snr4.0:seed4:frame33,4.0,33,profiled_cz,478,false,false,false,missing,false,true,gradient_only,3,2034,1454,1.5152954982905664,6.051273720352535,missing
red2:lane2:snr4.0:seed4:frame34,4.0,34,profiled_cz,493,false,false,false,missing,false,true,gradient_only,8,1977,1487,1.8661659273648799,4.484416599173263,missing
red2:lane2:snr4.0:seed4:frame35,4.0,35,profiled_cz,511,false,false,false,missing,false,true,gradient_only,1,2012,1496,2.724411704019947,9.228704103686004,missing
red2:lane2:snr4.0:seed4:frame36,4.0,36,profiled_cz,512,false,false,false,missing,false,true,gradient_only,5,1928,1461,1.2657878705270542,4.306934162673409,missing
red2:lane2:snr4.0:seed4:frame37,4.0,37,profiled_cz,498,false,false,false,missing,false,true,gradient_only,4,2027,1407,1.2637910286670229,5.397689855585392,missing
red2:lane2:snr4.0:seed4:frame38,4.0,38,profiled_cz,521,false,false,false,missing,false,true,gradient_only,7,1944,1436,1.9063140458771892,4.237654391709433,missing
red2:lane2:snr4.0:seed4:frame39,4.0,39,profiled_cz,471,false,false,false,missing,false,true,gradient_only,3,1927,1333,3.6542289374942234,4.110909668059513,missing
red2:lane2:snr4.0:seed4:frame40,4.0,40,profiled_cz,402,false,false,false,missing,false,true,gradient_only,1,1907,1192,1.0144291810690782,3.2758077397453107,missing
red2:lane2:snr4.0:seed4:frame41,4.0,41,profiled_cz,482,false,false,false,missing,false,true,gradient_only,1,1973,1451,2.4693438028153736,4.70904337351951,missing
red2:lane2:snr4.0:seed4:frame42,4.0,42,profiled_cz,440,false,false,false,missing,false,true,gradient_only,2,1886,1180,0.8790529044961028,2.74267683231211,missing
red2:lane2:snr4.0:seed4:frame43,4.0,43,profiled_cz,509,false,false,false,missing,false,true,gradient_only,6,2039,1206,2.1082673046510347,44.46386239306493,missing
red2:lane2:snr4.0:seed4:frame44,4.0,44,profiled_cz,459,false,false,false,missing,false,true,gradient_only,1,1936,1280,57.57904615931088,5.977900847692785,missing
red2:lane2:snr4.0:seed4:frame45,4.0,45,profiled_cz,442,false,false,false,missing,false,true,gradient_only,8,1956,1221,1.4816526612481706,5.112194606863817,missing
red2:lane2:snr4.0:seed4:frame46,4.0,46,profiled_cz,506,false,false,false,missing,false,true,gradient_only,6,1880,1316,1.863091068359294,4.731650728220957,missing
red2:lane2:snr4.0:seed4:frame47,4.0,47,profiled_cz,510,false,false,false,missing,false,true,gradient_only,6,2011,1552,1.7227247865982713,4.1086358015731115,missing
red2:lane2:snr4.0:seed4:frame48,4.0,48,profiled_cz,514,false,false,false,missing,false,true,gradient_only,1,2014,1498,1.4436831319631316,7.940845803071781,missing
red2:lane2:snr4.0:seed4:frame49,4.0,49,profiled_cz,499,false,false,false,missing,false,true,gradient_only,1,2023,1418,0.7518881690430276,3.4225984308002664,missing
red2:lane2:snr4.0:seed4:frame50,4.0,50,profiled_cz,392,false,false,false,missing,false,true,gradient_only,1,1940,1316,1.8857251540374116,3.267132666809159,missing
red2:lane2:snr4.0:seed4:frame51,4.0,51,profiled_cz,435,false,false,false,missing,false,true,gradient_only,1,1988,1431,1.1733819672236734,4.323007226421287,missing
red2:lane2:snr4.0:seed4:frame52,4.0,52,profiled_cz,462,false,false,false,missing,false,true,gradient_only,3,2012,1314,1.9734246324081464,4.9954645837283485,missing
red2:lane2:snr4.0:seed4:frame53,4.0,53,profiled_cz,492,false,false,false,missing,false,true,gradient_only,1,1942,1320,1.027856629007063,3.305433500534361,missing
red2:lane2:snr4.0:seed4:frame54,4.0,54,profiled_cz,468,false,false,false,missing,false,true,gradient_only,4,1977,1349,1.1119043147635161,4.457778105034138,missing
red2:lane2:snr4.0:seed4:frame55,4.0,55,profiled_cz,443,false,false,false,missing,false,true,gradient_only,5,1895,1017,1.3533239181827923,3.540070539001325,missing
red2:lane2:snr4.0:seed4:frame56,4.0,56,profiled_cz,478,false,false,false,missing,false,true,gradient_only,1,1961,1242,1.132765578380185,3.16978552140054,missing
red2:lane2:snr4.0:seed4:frame57,4.0,57,profiled_cz,466,false,false,false,missing,false,true,gradient_only,6,1956,1359,0.9457995007221375,3.805225695589857,missing
red2:lane2:snr4.0:seed4:frame58,4.0,58,profiled_cz,459,false,false,false,missing,false,true,gradient_only,1,1973,1255,1.6387025217543572,5.58797669514469,missing
red2:lane2:snr4.0:seed4:frame59,4.0,59,profiled_cz,482,false,false,false,missing,false,true,gradient_only,1,2005,1199,2.2504424726922263,4.7440461590051175,missing
red2:lane2:snr4.0:seed4:frame60,4.0,60,profiled_cz,544,false,false,false,missing,false,true,gradient_only,3,1962,1302,1.4277428207519889,5.661888667654693,missing
red2:lane2:snr6.0:seed4:frame1,6.0,1,cwz_joint,382,false,false,true,missing,false,true,gradient_only,8,1875,0,1.6632115933753786,44.81766021078186,missing
red2:lane2:snr6.0:seed4:frame2,6.0,2,cwz_joint,301,false,false,true,missing,false,true,gradient_only,8,1811,0,1.2391651168971136,29.901336681795815,missing
red2:lane2:snr6.0:seed4:frame3,6.0,3,cwz_joint,440,false,false,true,missing,false,true,gradient_only,8,1844,0,1.652185831430519,58.304568554987696,missing
red2:lane2:snr6.0:seed4:frame4,6.0,4,cwz_joint,299,false,false,true,missing,false,true,gradient_only,8,1757,0,1.154635720332811,40.55946963694241,missing
red2:lane2:snr6.0:seed4:frame5,6.0,5,cwz_joint,362,false,false,true,missing,false,true,gradient_only,8,1804,0,0.8137487899476082,37.420484757500056,missing
red2:lane2:snr6.0:seed4:frame6,6.0,6,cwz_joint,348,false,false,true,missing,false,true,gradient_only,8,1885,0,2.1339059422009363,38.80294211686602,missing
red2:lane2:snr6.0:seed4:frame7,6.0,7,cwz_joint,226,false,false,true,missing,false,true,gradient_only,8,1590,0,1.14108646286942,26.367175685996116,missing
red2:lane2:snr6.0:seed4:frame8,6.0,8,cwz_joint,300,false,false,true,missing,false,true,gradient_only,8,1882,0,0.8301312050754991,48.48149883969545,missing
red2:lane2:snr6.0:seed4:frame9,6.0,9,cwz_joint,398,false,false,true,missing,false,true,gradient_only,8,1948,0,1.6406056266126854,40.06941294606173,missing
red2:lane2:snr6.0:seed4:frame10,6.0,10,cwz_joint,339,false,false,true,missing,false,true,gradient_only,8,1785,0,1.247588268669027,34.41380242198308,missing
red2:lane2:snr6.0:seed4:frame11,6.0,11,cwz_joint,429,false,false,true,missing,false,true,gradient_only,8,1947,0,1.0161745233815513,69.37824727635748,missing
red2:lane2:snr6.0:seed4:frame12,6.0,12,cwz_joint,344,false,false,true,missing,false,true,gradient_only,8,1868,0,0.884956060394893,36.95636048717921,missing
red2:lane2:snr6.0:seed4:frame13,6.0,13,cwz_joint,350,false,false,true,missing,false,true,gradient_only,8,1914,0,1.1996280613153107,38.16892702243112,missing
red2:lane2:snr6.0:seed4:frame14,6.0,14,cwz_joint,289,false,false,true,missing,false,true,gradient_only,8,1764,0,6.95236103708103,35.65832914155859,missing
red2:lane2:snr6.0:seed4:frame15,6.0,15,cwz_joint,383,false,false,true,missing,false,true,gradient_only,8,1947,0,1.4995080476134224,28.865148987144465,missing
red2:lane2:snr6.0:seed4:frame16,6.0,16,cwz_joint,488,false,false,true,missing,false,true,gradient_only,8,1898,0,1.0814049453912926,38.42516223622023,missing
red2:lane2:snr6.0:seed4:frame17,6.0,17,cwz_joint,448,false,false,true,missing,false,true,gradient_only,8,1976,0,1.6862766356124042,33.547843117227536,missing
red2:lane2:snr6.0:seed4:frame18,6.0,18,cwz_joint,466,false,false,true,missing,false,true,gradient_only,8,1913,0,6.718263545405792,57.78463157820769,missing
red2:lane2:snr6.0:seed4:frame19,6.0,19,cwz_joint,418,false,false,true,missing,false,true,gradient_only,8,1925,0,1.269086068933425,32.49969420090135,missing
red2:lane2:snr6.0:seed4:frame20,6.0,20,cwz_joint,441,false,false,true,missing,false,true,gradient_only,8,1914,0,1.0955205929598182,41.14770723713049,missing
red2:lane2:snr6.0:seed4:frame21,6.0,21,cwz_joint,350,false,false,true,missing,false,true,gradient_only,8,1813,0,1.0166689209815418,37.61429718040101,missing
red2:lane2:snr6.0:seed4:frame22,6.0,22,cwz_joint,361,false,false,true,missing,false,true,gradient_only,8,1886,0,1.987571651419679,24.451695741902768,missing
red2:lane2:snr6.0:seed4:frame23,6.0,23,cwz_joint,476,false,false,true,missing,false,true,gradient_only,8,1975,0,0.5241498495604477,29.24293092858159,missing
red2:lane2:snr6.0:seed4:frame24,6.0,24,cwz_joint,480,false,false,true,missing,false,true,gradient_only,8,1984,0,44.98404692534671,56.391403562283145,missing
red2:lane2:snr6.0:seed4:frame25,6.0,25,cwz_joint,366,false,false,true,missing,false,true,gradient_only,8,1859,0,1.0939023706981215,33.70742835738001,missing
red2:lane2:snr6.0:seed4:frame26,6.0,26,cwz_joint,409,false,false,true,missing,false,true,gradient_only,8,1927,0,0.7645070648509062,24.175402156694272,missing
red2:lane2:snr6.0:seed4:frame27,6.0,27,cwz_joint,446,false,false,true,missing,false,true,gradient_only,8,1976,0,1.3133490805967203,44.11369559514041,missing
red2:lane2:snr6.0:seed4:frame28,6.0,28,cwz_joint,409,false,false,true,missing,false,true,gradient_only,8,1956,0,1.072283930054058,431.431221390069,missing
red2:lane2:snr6.0:seed4:frame29,6.0,29,cwz_joint,349,false,false,true,missing,false,true,gradient_only,8,1862,0,1.052416943296471,35.554911006309226,missing
red2:lane2:snr6.0:seed4:frame30,6.0,30,cwz_joint,300,false,false,true,missing,false,true,gradient_only,8,1765,0,0.9104140891706247,25.077157304578343,missing
red2:lane2:snr6.0:seed4:frame31,6.0,31,cwz_joint,455,false,false,true,missing,false,true,gradient_only,8,1903,0,0.9502285223401311,32.80651860877276,missing
red2:lane2:snr6.0:seed4:frame32,6.0,32,cwz_joint,432,false,false,true,missing,false,true,gradient_only,8,1905,0,1.228392899916352,38.40346029555794,missing
red2:lane2:snr6.0:seed4:frame33,6.0,33,cwz_joint,464,false,false,true,missing,false,true,gradient_only,8,2051,0,2.5101973189226845,29.129440036444038,missing
red2:lane2:snr6.0:seed4:frame34,6.0,34,cwz_joint,425,false,false,true,missing,false,true,gradient_only,8,1935,0,1.0408412649044487,31.744608151267162,missing
red2:lane2:snr6.0:seed4:frame35,6.0,35,cwz_joint,453,false,false,true,missing,false,true,gradient_only,8,2006,0,1.2964983900484812,47.174085069883986,missing
red2:lane2:snr6.0:seed4:frame36,6.0,36,cwz_joint,433,false,false,true,missing,false,true,gradient_only,8,1922,0,0.8877154957866282,29.4756005931368,missing
red2:lane2:snr6.0:seed4:frame37,6.0,37,cwz_joint,465,false,false,true,missing,false,true,gradient_only,8,1953,0,1.6308386601748273,34.54479015101007,missing
red2:lane2:snr6.0:seed4:frame38,6.0,38,cwz_joint,446,false,false,true,missing,false,true,gradient_only,8,1931,0,3.4136034846271155,37.085458714814074,missing
red2:lane2:snr6.0:seed4:frame39,6.0,39,cwz_joint,413,false,false,true,missing,false,true,gradient_only,8,1898,0,1.6215313548227717,37.84700161500145,missing
red2:lane2:snr6.0:seed4:frame40,6.0,40,cwz_joint,342,false,false,true,missing,false,true,gradient_only,8,1805,0,0.7978748341277077,26.210033898849534,missing
red2:lane2:snr6.0:seed4:frame41,6.0,41,cwz_joint,439,false,false,true,missing,false,true,gradient_only,8,1908,0,1.3328414327733882,35.41862607200439,missing
red2:lane2:snr6.0:seed4:frame42,6.0,42,cwz_joint,323,false,false,true,missing,false,true,gradient_only,8,1688,0,1.0418459062182082,25.47117410516203,missing
red2:lane2:snr6.0:seed4:frame43,6.0,43,cwz_joint,494,false,false,true,missing,false,true,gradient_only,8,2021,0,0.8071047777933316,119.68222683240315,missing
red2:lane2:snr6.0:seed4:frame44,6.0,44,cwz_joint,374,false,false,true,missing,false,true,gradient_only,8,1896,0,1.5786368990182635,31.698835467430147,missing
red2:lane2:snr6.0:seed4:frame45,6.0,45,cwz_joint,355,false,false,true,missing,false,true,gradient_only,8,1890,0,0.7657887886785162,28.17212093236764,missing
red2:lane2:snr6.0:seed4:frame46,6.0,46,cwz_joint,406,false,false,true,missing,false,true,gradient_only,8,1889,0,5.455675855678009,29.732337228184488,missing
red2:lane2:snr6.0:seed4:frame47,6.0,47,cwz_joint,444,false,false,true,missing,false,true,gradient_only,8,1957,0,2.7742207943158075,39.09395327751235,missing
red2:lane2:snr6.0:seed4:frame48,6.0,48,cwz_joint,500,false,false,true,missing,false,true,gradient_only,8,1981,0,1.237008559244199,44.84676217689383,missing
red2:lane2:snr6.0:seed4:frame49,6.0,49,cwz_joint,471,false,false,true,missing,false,true,gradient_only,8,1997,0,2.0461691998971765,35.83579783232616,missing
red2:lane2:snr6.0:seed4:frame50,6.0,50,cwz_joint,183,false,false,true,missing,false,true,gradient_only,8,1609,0,1.1496492931040323,16.90542989633304,missing
red2:lane2:snr6.0:seed4:frame51,6.0,51,cwz_joint,383,false,false,true,missing,false,true,gradient_only,8,1854,0,2.4761148114066294,34.550643120867434,missing
red2:lane2:snr6.0:seed4:frame52,6.0,52,cwz_joint,448,false,false,true,missing,false,true,gradient_only,8,2007,0,0.8145241604611687,46.26827380234936,missing
red2:lane2:snr6.0:seed4:frame53,6.0,53,cwz_joint,412,false,false,true,missing,false,true,gradient_only,8,1833,0,0.7774690217649656,22.52738504835166,missing
red2:lane2:snr6.0:seed4:frame54,6.0,54,cwz_joint,417,false,false,true,missing,false,true,gradient_only,8,1942,0,1.4130681310909352,37.595163740234455,missing
red2:lane2:snr6.0:seed4:frame55,6.0,55,cwz_joint,378,false,false,true,missing,false,true,gradient_only,8,1876,0,0.6320446953155638,25.836230144280623,missing
red2:lane2:snr6.0:seed4:frame56,6.0,56,cwz_joint,376,false,false,true,missing,false,true,gradient_only,8,1813,0,1.26894845791114,17.730143359938108,missing
red2:lane2:snr6.0:seed4:frame57,6.0,57,cwz_joint,385,false,false,true,missing,false,true,gradient_only,8,1880,0,0.6374485299876044,29.55802465317249,missing
red2:lane2:snr6.0:seed4:frame58,6.0,58,cwz_joint,409,false,false,true,missing,false,true,gradient_only,8,1813,0,1.841234291702922,34.48863961121282,missing
red2:lane2:snr6.0:seed4:frame59,6.0,59,cwz_joint,437,false,false,true,missing,false,true,gradient_only,8,1937,0,1.1009182399949788,39.21392993692469,missing
red2:lane2:snr6.0:seed4:frame60,6.0,60,cwz_joint,475,false,false,true,missing,false,true,gradient_only,8,2004,0,1.5597935777964183,32.61954137271717,missing
red2:lane2:snr6.0:seed4:frame1,6.0,1,profiled_cz,392,false,false,false,missing,false,true,gradient_only,1,1875,1196,1.6632115933753786,3.571520817953925,missing
red2:lane2:snr6.0:seed4:frame2,6.0,2,profiled_cz,328,false,false,false,missing,false,true,gradient_only,3,1811,908,1.2391651168971136,2.941767654019928,missing
red2:lane2:snr6.0:seed4:frame3,6.0,3,profiled_cz,452,false,false,false,missing,false,true,gradient_only,4,1844,1068,1.652185831430519,5.556703169504629,missing
red2:lane2:snr6.0:seed4:frame4,6.0,4,profiled_cz,308,false,false,false,missing,false,true,gradient_only,3,1757,651,1.154635720332811,6.517527974133735,missing
red2:lane2:snr6.0:seed4:frame5,6.0,5,profiled_cz,373,false,false,false,missing,false,true,gradient_only,8,1804,1017,0.8137487899476082,4.573912084042208,missing
red2:lane2:snr6.0:seed4:frame6,6.0,6,profiled_cz,358,false,false,false,missing,false,true,gradient_only,8,1885,1129,2.1339059422009363,3.1652830602822415,missing
red2:lane2:snr6.0:seed4:frame7,6.0,7,profiled_cz,226,false,false,false,missing,false,true,gradient_only,1,1590,440,1.14108646286942,2.898840747227718,missing
red2:lane2:snr6.0:seed4:frame8,6.0,8,profiled_cz,312,false,false,false,missing,false,true,gradient_only,2,1882,1076,0.8301312050754991,4.093167398479834,missing
red2:lane2:snr6.0:seed4:frame9,6.0,9,profiled_cz,400,false,false,false,missing,false,true,gradient_only,1,1948,1235,1.6406056266126854,4.062833881930875,missing
red2:lane2:snr6.0:seed4:frame10,6.0,10,profiled_cz,333,false,false,false,missing,false,true,gradient_only,4,1785,1002,1.247588268669027,4.181302604908289,missing
red2:lane2:snr6.0:seed4:frame11,6.0,11,profiled_cz,424,false,false,false,missing,false,true,gradient_only,8,1947,1330,1.0161745233815513,5.447772569304221,missing
red2:lane2:snr6.0:seed4:frame12,6.0,12,profiled_cz,341,false,false,false,missing,false,true,gradient_only,8,1868,935,0.884956060394893,3.693386407314061,missing
red2:lane2:snr6.0:seed4:frame13,6.0,13,profiled_cz,368,false,false,false,missing,false,true,gradient_only,8,1914,1142,1.1996280613153107,3.879838327595854,missing
red2:lane2:snr6.0:seed4:frame14,6.0,14,profiled_cz,296,false,false,false,missing,false,true,gradient_only,3,1764,900,6.95236103708103,3.766807733918824,missing
red2:lane2:snr6.0:seed4:frame15,6.0,15,profiled_cz,425,false,false,false,missing,false,true,gradient_only,1,1947,1311,1.4995080476134224,2.824257666215532,missing
red2:lane2:snr6.0:seed4:frame16,6.0,16,profiled_cz,490,false,false,false,missing,false,true,gradient_only,2,1898,1270,1.0814049453912926,10.857675507142407,missing
red2:lane2:snr6.0:seed4:frame17,6.0,17,profiled_cz,469,false,false,false,missing,false,true,gradient_only,1,1976,1307,1.6862766356124042,3.3923416024773414,missing
red2:lane2:snr6.0:seed4:frame18,6.0,18,profiled_cz,462,false,false,false,missing,false,true,gradient_only,2,1913,1323,6.718263545405792,5.463082701552867,missing
red2:lane2:snr6.0:seed4:frame19,6.0,19,profiled_cz,425,false,false,false,missing,false,true,gradient_only,4,1925,1476,1.269086068933425,5.297089986814344,missing
red2:lane2:snr6.0:seed4:frame20,6.0,20,profiled_cz,453,false,false,false,missing,false,true,gradient_only,3,1914,1149,1.0955205929598182,4.60034391166751,missing
red2:lane2:snr6.0:seed4:frame21,6.0,21,profiled_cz,354,false,false,false,missing,false,true,gradient_only,3,1813,1031,1.0166689209815418,4.066701078867939,missing
red2:lane2:snr6.0:seed4:frame22,6.0,22,profiled_cz,374,false,false,false,missing,false,true,gradient_only,1,1886,978,1.987571651419679,3.154487401815877,missing
red2:lane2:snr6.0:seed4:frame23,6.0,23,profiled_cz,483,false,false,false,missing,false,true,gradient_only,7,1975,1347,0.5241498495604477,5.686674992433262,missing
red2:lane2:snr6.0:seed4:frame24,6.0,24,profiled_cz,498,false,false,false,missing,false,true,gradient_only,1,1984,1427,44.98404692534671,21.896785061437757,missing
red2:lane2:snr6.0:seed4:frame25,6.0,25,profiled_cz,364,false,false,false,missing,false,true,gradient_only,5,1859,956,1.0939023706981215,3.029614048223136,missing
red2:lane2:snr6.0:seed4:frame26,6.0,26,profiled_cz,419,false,false,false,missing,false,true,gradient_only,5,1927,1487,0.7645070648509062,2.6966992933992953,missing
red2:lane2:snr6.0:seed4:frame27,6.0,27,profiled_cz,452,false,false,false,missing,false,true,gradient_only,1,1976,1296,1.3133490805967203,4.504922670908252,missing
red2:lane2:snr6.0:seed4:frame28,6.0,28,profiled_cz,410,false,false,false,missing,false,true,gradient_only,5,1956,1443,1.072283930054058,20.02155661341823,missing
red2:lane2:snr6.0:seed4:frame29,6.0,29,profiled_cz,355,false,false,false,missing,false,true,gradient_only,2,1862,1170,1.052416943296471,2.9578425997529965,missing
red2:lane2:snr6.0:seed4:frame30,6.0,30,profiled_cz,313,false,false,false,missing,false,true,gradient_only,7,1765,989,0.9104140891706247,2.6800631016717804,missing
red2:lane2:snr6.0:seed4:frame31,6.0,31,profiled_cz,462,false,false,false,missing,false,true,gradient_only,1,1903,1253,0.9502285223401311,3.4300943672888957,missing
red2:lane2:snr6.0:seed4:frame32,6.0,32,profiled_cz,423,false,false,false,missing,false,true,gradient_only,1,1905,1152,1.228392899916352,11.411450958281778,missing
red2:lane2:snr6.0:seed4:frame33,6.0,33,profiled_cz,464,false,false,false,missing,false,true,gradient_only,8,2051,1412,2.5101973189226845,5.149310966790745,missing
red2:lane2:snr6.0:seed4:frame34,6.0,34,profiled_cz,459,false,false,false,missing,false,true,gradient_only,6,1935,1443,1.0408412649044487,3.2440777081197885,missing
red2:lane2:snr6.0:seed4:frame35,6.0,35,profiled_cz,447,false,false,false,missing,false,true,gradient_only,3,2006,1489,1.2964983900484812,8.274504459998315,missing
red2:lane2:snr6.0:seed4:frame36,6.0,36,profiled_cz,439,false,false,false,missing,false,true,gradient_only,7,1922,1226,0.8877154957866282,3.371950230864907,missing
red2:lane2:snr6.0:seed4:frame37,6.0,37,profiled_cz,483,false,false,false,missing,false,true,gradient_only,1,1953,1471,1.6308386601748273,4.977094044024671,missing
red2:lane2:snr6.0:seed4:frame38,6.0,38,profiled_cz,464,false,false,false,missing,false,true,gradient_only,7,1931,1269,3.4136034846271155,3.5028407404429447,missing
red2:lane2:snr6.0:seed4:frame39,6.0,39,profiled_cz,423,false,false,false,missing,false,true,gradient_only,4,1898,1287,1.6215313548227717,2.7730980442063142,missing
red2:lane2:snr6.0:seed4:frame40,6.0,40,profiled_cz,342,false,false,false,missing,false,true,gradient_only,8,1805,960,0.7978748341277077,2.873608402379736,missing
red2:lane2:snr6.0:seed4:frame41,6.0,41,profiled_cz,470,false,false,false,missing,false,true,gradient_only,1,1908,1348,1.3328414327733882,3.410842151317038,missing
red2:lane2:snr6.0:seed4:frame42,6.0,42,profiled_cz,308,false,false,false,missing,false,true,gradient_only,6,1688,796,1.0418459062182082,2.893689340139465,missing
red2:lane2:snr6.0:seed4:frame43,6.0,43,profiled_cz,512,false,false,false,missing,false,true,gradient_only,3,2021,1371,0.8071047777933316,26.52441337907472,missing
red2:lane2:snr6.0:seed4:frame44,6.0,44,profiled_cz,402,false,false,false,missing,false,true,gradient_only,1,1896,1319,1.5786368990182635,4.638375061175453,missing
red2:lane2:snr6.0:seed4:frame45,6.0,45,profiled_cz,385,false,false,false,missing,false,true,gradient_only,8,1890,1105,0.7657887886785162,3.1705861369996997,missing
red2:lane2:snr6.0:seed4:frame46,6.0,46,profiled_cz,417,false,false,false,missing,false,true,gradient_only,8,1889,1301,5.455675855678009,4.139779351468851,missing
red2:lane2:snr6.0:seed4:frame47,6.0,47,profiled_cz,441,false,false,false,missing,false,true,gradient_only,8,1957,1246,2.7742207943158075,3.8480010972083245,missing
red2:lane2:snr6.0:seed4:frame48,6.0,48,profiled_cz,523,false,false,false,missing,false,true,gradient_only,7,1981,1311,1.237008559244199,5.097917764385479,missing
red2:lane2:snr6.0:seed4:frame49,6.0,49,profiled_cz,473,false,false,false,missing,false,true,gradient_only,2,1997,1295,2.0461691998971765,3.5150948575462695,missing
red2:lane2:snr6.0:seed4:frame50,6.0,50,profiled_cz,181,false,false,false,missing,false,true,gradient_only,1,1609,326,1.1496492931040323,2.693237665946012,missing
red2:lane2:snr6.0:seed4:frame51,6.0,51,profiled_cz,400,false,false,false,missing,false,true,gradient_only,3,1854,1355,2.4761148114066294,3.6332942706842464,missing
red2:lane2:snr6.0:seed4:frame52,6.0,52,profiled_cz,459,false,false,false,missing,false,true,gradient_only,1,2007,1497,0.8145241604611687,3.8788474423328005,missing
red2:lane2:snr6.0:seed4:frame53,6.0,53,profiled_cz,409,false,false,false,missing,false,true,gradient_only,8,1833,1217,0.7774690217649656,2.560278179645551,missing
red2:lane2:snr6.0:seed4:frame54,6.0,54,profiled_cz,421,false,false,false,missing,false,true,gradient_only,8,1942,1404,1.4130681310909352,3.6598824586498218,missing
red2:lane2:snr6.0:seed4:frame55,6.0,55,profiled_cz,418,false,false,false,missing,false,true,gradient_only,6,1876,1225,0.6320446953155638,2.691542778239521,missing
red2:lane2:snr6.0:seed4:frame56,6.0,56,profiled_cz,370,false,false,false,missing,false,true,gradient_only,3,1813,1099,1.26894845791114,2.603601413116231,missing
red2:lane2:snr6.0:seed4:frame57,6.0,57,profiled_cz,400,false,false,false,missing,false,true,gradient_only,1,1880,1337,0.6374485299876044,2.8922674321727433,missing
red2:lane2:snr6.0:seed4:frame58,6.0,58,profiled_cz,391,false,false,false,missing,false,true,gradient_only,2,1813,1111,1.841234291702922,5.354610147320355,missing
red2:lane2:snr6.0:seed4:frame59,6.0,59,profiled_cz,441,false,false,false,missing,false,true,gradient_only,4,1937,1240,1.1009182399949788,4.1780329372189735,missing
red2:lane2:snr6.0:seed4:frame60,6.0,60,profiled_cz,492,false,false,false,missing,false,true,gradient_only,1,2004,1424,1.5597935777964183,4.8789399513956155,missing
red2:lane2:snr8.0:seed4:frame1,8.0,1,cwz_joint,233,false,false,true,missing,false,true,gradient_only,8,1699,0,1.0674033368111544,40.86097382380471,missing
red2:lane2:snr8.0:seed4:frame2,8.0,2,cwz_joint,103,false,false,true,missing,false,true,gradient_only,8,1134,0,0.7389146426000415,26.499678889577446,missing
red2:lane2:snr8.0:seed4:frame3,8.0,3,cwz_joint,323,false,false,true,missing,false,true,gradient_only,8,1895,0,2.375333010751776,52.570561550764985,missing
red2:lane2:snr8.0:seed4:frame4,8.0,4,cwz_joint,177,false,false,true,missing,false,true,gradient_only,8,1583,0,0.7420613986282885,36.88536528523074,missing
red2:lane2:snr8.0:seed4:frame5,8.0,5,cwz_joint,297,false,false,true,missing,false,true,gradient_only,8,1789,0,0.7039170050772404,32.814001683107435,missing
red2:lane2:snr8.0:seed4:frame6,8.0,6,cwz_joint,64,false,false,true,missing,false,true,gradient_only,8,673,0,1.60463513194917,34.59273978130682,missing
red2:lane2:snr8.0:seed4:frame7,8.0,7,cwz_joint,40,false,false,true,missing,false,true,gradient_only,8,341,0,1.392815187065566,24.090194186499694,missing
red2:lane2:snr8.0:seed4:frame8,8.0,8,cwz_joint,235,false,false,true,missing,false,true,gradient_only,8,1651,0,1.0723759428636968,41.993837701483564,missing
red2:lane2:snr8.0:seed4:frame9,8.0,9,cwz_joint,340,false,false,true,missing,false,true,gradient_only,8,1818,0,4.6675989597172585,35.349678680691106,missing
red2:lane2:snr8.0:seed4:frame10,8.0,10,cwz_joint,175,false,false,true,missing,false,true,gradient_only,8,1454,0,0.47610128514276623,30.064799004242406,missing
red2:lane2:snr8.0:seed4:frame11,8.0,11,cwz_joint,347,false,false,true,missing,false,true,gradient_only,8,1825,0,0.682705896851989,51.467189918017276,missing
red2:lane2:snr8.0:seed4:frame12,8.0,12,cwz_joint,218,false,false,true,missing,false,true,gradient_only,8,1550,0,1.2799936028711694,32.42069748811146,missing
red2:lane2:snr8.0:seed4:frame13,8.0,13,cwz_joint,314,false,false,true,missing,false,true,gradient_only,8,1795,0,1.266314452171185,34.927895038446366,missing
red2:lane2:snr8.0:seed4:frame14,8.0,14,cwz_joint,158,false,false,true,missing,false,true,gradient_only,8,1410,0,1.17674212239778,33.70779064260104,missing
red2:lane2:snr8.0:seed4:frame15,8.0,15,cwz_joint,289,false,false,true,missing,false,true,gradient_only,8,1848,0,1.086306852458669,26.09839635266143,missing
red2:lane2:snr8.0:seed4:frame16,8.0,16,cwz_joint,441,false,false,true,missing,false,true,gradient_only,8,1969,0,1.2694271906021048,34.861752395207304,missing
red2:lane2:snr8.0:seed4:frame17,8.0,17,cwz_joint,337,false,false,true,missing,false,true,gradient_only,8,1808,0,0.8217669555930873,29.568357230126338,missing
red2:lane2:snr8.0:seed4:frame18,8.0,18,cwz_joint,385,false,false,true,missing,false,true,gradient_only,8,1960,0,0.9673657466195628,49.85490401410969,missing
red2:lane2:snr8.0:seed4:frame19,8.0,19,cwz_joint,308,false,false,true,missing,false,true,gradient_only,8,1801,0,0.8017507285401381,31.686372044683853,missing
red2:lane2:snr8.0:seed4:frame20,8.0,20,cwz_joint,361,false,false,true,missing,false,true,gradient_only,8,1877,0,0.9361097444720391,35.53039332229167,missing
red2:lane2:snr8.0:seed4:frame21,8.0,21,cwz_joint,193,false,false,true,missing,false,true,gradient_only,8,1446,0,1.4944445559135235,33.542330814302765,missing
red2:lane2:snr8.0:seed4:frame22,8.0,22,cwz_joint,220,false,false,true,missing,false,true,gradient_only,8,1531,0,1.156064458869365,31.44788630411705,missing
red2:lane2:snr8.0:seed4:frame23,8.0,23,cwz_joint,438,false,false,true,missing,false,true,gradient_only,8,1944,0,0.5180294557824363,28.877081431051668,missing
red2:lane2:snr8.0:seed4:frame24,8.0,24,cwz_joint,412,false,false,true,missing,false,true,gradient_only,8,1928,0,1.2663294441628057,48.454278961706,missing
red2:lane2:snr8.0:seed4:frame25,8.0,25,cwz_joint,262,false,false,true,missing,false,true,gradient_only,8,1694,0,0.7515796034389646,30.651201540975997,missing
red2:lane2:snr8.0:seed4:frame26,8.0,26,cwz_joint,255,false,false,true,missing,false,true,gradient_only,8,1586,0,2.9153064938274857,23.751788804488942,missing
red2:lane2:snr8.0:seed4:frame27,8.0,27,cwz_joint,347,false,false,true,missing,false,true,gradient_only,8,1788,0,0.9326818082698697,38.314293394101675,missing
red2:lane2:snr8.0:seed4:frame28,8.0,28,cwz_joint,297,false,false,true,missing,false,true,gradient_only,8,1785,0,0.8052746885527758,441.1058555003919,missing
red2:lane2:snr8.0:seed4:frame29,8.0,29,cwz_joint,180,false,false,true,missing,false,true,gradient_only,8,1442,0,3.7783903914799755,31.804334397574873,missing
red2:lane2:snr8.0:seed4:frame30,8.0,30,cwz_joint,43,false,false,true,missing,false,true,gradient_only,8,415,0,7.573117181055678,23.119691890192904,missing
red2:lane2:snr8.0:seed4:frame31,8.0,31,cwz_joint,385,false,false,true,missing,false,true,gradient_only,8,1932,0,0.7720140609833114,29.699498205836424,missing
red2:lane2:snr8.0:seed4:frame32,8.0,32,cwz_joint,360,false,false,true,missing,false,true,gradient_only,8,1818,0,0.7578160963532776,38.92773439184706,missing
red2:lane2:snr8.0:seed4:frame33,8.0,33,cwz_joint,425,false,false,true,missing,false,true,gradient_only,8,1933,0,1.2542885490123292,28.887257153039872,missing
red2:lane2:snr8.0:seed4:frame34,8.0,34,cwz_joint,312,false,false,true,missing,false,true,gradient_only,8,1863,0,0.9507366916956365,29.956338359338012,missing
red2:lane2:snr8.0:seed4:frame35,8.0,35,cwz_joint,428,false,false,true,missing,false,true,gradient_only,8,1846,0,1.368875797111808,40.7656157630475,missing
red2:lane2:snr8.0:seed4:frame36,8.0,36,cwz_joint,379,false,false,true,missing,false,true,gradient_only,8,1914,0,0.5831247133031243,27.512967988532957,missing
red2:lane2:snr8.0:seed4:frame37,8.0,37,cwz_joint,377,false,false,true,missing,false,true,gradient_only,8,1785,0,1.3999743053220222,32.5164429142991,missing
red2:lane2:snr8.0:seed4:frame38,8.0,38,cwz_joint,363,false,false,true,missing,false,true,gradient_only,8,1875,0,1.3957050046251787,33.67033800559946,missing
red2:lane2:snr8.0:seed4:frame39,8.0,39,cwz_joint,315,false,false,true,missing,false,true,gradient_only,8,1786,0,0.7671238524638093,35.120597981479314,missing
red2:lane2:snr8.0:seed4:frame40,8.0,40,cwz_joint,135,false,false,true,missing,false,true,gradient_only,8,1216,0,0.5409105476902394,24.99263155866584,missing
red2:lane2:snr8.0:seed4:frame41,8.0,41,cwz_joint,274,false,false,true,missing,false,true,gradient_only,8,1725,0,1.1348798236851008,34.32175456758815,missing
red2:lane2:snr8.0:seed4:frame42,8.0,42,cwz_joint,89,false,false,true,missing,false,true,gradient_only,8,677,0,0.9218590916645577,23.532139461589505,missing
red2:lane2:snr8.0:seed4:frame43,8.0,43,cwz_joint,437,false,false,true,missing,false,true,gradient_only,8,1894,0,0.8808080422763725,255.50785849529606,missing
red2:lane2:snr8.0:seed4:frame44,8.0,44,cwz_joint,219,false,false,true,missing,false,true,gradient_only,8,1469,0,0.9365087475840185,30.220571131298264,missing
red2:lane2:snr8.0:seed4:frame45,8.0,45,cwz_joint,276,false,false,true,missing,false,true,gradient_only,8,1791,0,2.136323599657639,26.55538515113204,missing
red2:lane2:snr8.0:seed4:frame46,8.0,46,cwz_joint,341,false,false,true,missing,false,true,gradient_only,8,1858,0,5.374232291836227,29.073368444304098,missing
red2:lane2:snr8.0:seed4:frame47,8.0,47,cwz_joint,351,false,false,true,missing,false,true,gradient_only,8,1886,0,0.918981853082907,34.98772271370411,missing
red2:lane2:snr8.0:seed4:frame48,8.0,48,cwz_joint,419,false,false,true,missing,false,true,gradient_only,8,1970,0,1.3203183542350678,40.86690391785064,missing
red2:lane2:snr8.0:seed4:frame49,8.0,49,cwz_joint,405,false,false,true,missing,false,true,gradient_only,8,1880,0,0.4797480398763078,32.767909131572935,missing
red2:lane2:snr8.0:seed4:frame50,8.0,50,cwz_joint,10,false,false,true,missing,false,true,gradient_only,8,99,0,0.6645415744120967,15.096504600943602,missing
red2:lane2:snr8.0:seed4:frame51,8.0,51,cwz_joint,298,false,false,true,missing,false,true,gradient_only,8,1838,0,1.7762356869820002,31.88499957848896,missing
red2:lane2:snr8.0:seed4:frame52,8.0,52,cwz_joint,331,false,false,true,missing,false,true,gradient_only,8,1818,0,0.969681376864798,42.23973792360008,missing
red2:lane2:snr8.0:seed4:frame53,8.0,53,cwz_joint,349,false,false,true,missing,false,true,gradient_only,8,1786,0,0.9904134647636681,22.50105244785134,missing
red2:lane2:snr8.0:seed4:frame54,8.0,54,cwz_joint,383,false,false,true,missing,false,true,gradient_only,8,1894,0,1.615129444802334,35.67014527672422,missing
red2:lane2:snr8.0:seed4:frame55,8.0,55,cwz_joint,265,false,false,true,missing,false,true,gradient_only,8,1770,0,1.1067792675122494,24.36574463658868,missing
red2:lane2:snr8.0:seed4:frame56,8.0,56,cwz_joint,127,false,false,true,missing,false,true,gradient_only,8,1187,0,0.8968335292736346,16.174750120980647,missing
red2:lane2:snr8.0:seed4:frame57,8.0,57,cwz_joint,143,false,false,true,missing,false,true,gradient_only,8,1406,0,0.7164208557309547,25.865670712703235,missing
red2:lane2:snr8.0:seed4:frame58,8.0,58,cwz_joint,302,false,false,true,missing,false,true,gradient_only,8,1682,0,1.1115198197272746,31.24042395145157,missing
red2:lane2:snr8.0:seed4:frame59,8.0,59,cwz_joint,349,false,false,true,missing,false,true,gradient_only,8,1823,0,1.0276349385877492,35.86252569114746,missing
red2:lane2:snr8.0:seed4:frame60,8.0,60,cwz_joint,417,false,false,true,missing,false,true,gradient_only,8,1952,0,1.0533491751591284,31.884399767797216,missing
red2:lane2:snr8.0:seed4:frame1,8.0,1,profiled_cz,247,false,false,false,missing,false,true,gradient_only,4,1699,764,1.0674033368111544,2.990020758059305,missing
red2:lane2:snr8.0:seed4:frame2,8.0,2,profiled_cz,104,false,false,false,missing,false,true,gradient_only,4,1134,84,0.7389146426000415,2.5795133622588597,missing
red2:lane2:snr8.0:seed4:frame3,8.0,3,profiled_cz,349,false,false,false,missing,false,true,gradient_only,1,1895,1197,2.375333010751776,4.7952995816838735,missing
red2:lane2:snr8.0:seed4:frame4,8.0,4,profiled_cz,182,false,false,false,missing,false,true,gradient_only,1,1583,303,0.7420613986282885,4.241407042259036,missing
red2:lane2:snr8.0:seed4:frame5,8.0,5,profiled_cz,298,false,false,false,missing,false,true,gradient_only,6,1789,892,0.7039170050772404,3.997889214143449,missing
red2:lane2:snr8.0:seed4:frame6,8.0,6,profiled_cz,64,false,false,false,missing,false,true,gradient_only,1,673,33,1.60463513194917,3.048380541439117,missing
red2:lane2:snr8.0:seed4:frame7,8.0,7,profiled_cz,40,false,false,false,missing,false,true,gradient_only,1,341,29,1.392815187065566,3.012404347163466,missing
red2:lane2:snr8.0:seed4:frame8,8.0,8,profiled_cz,238,false,false,false,missing,false,true,gradient_only,8,1651,633,1.0723759428636968,4.340090602428488,missing
red2:lane2:snr8.0:seed4:frame9,8.0,9,profiled_cz,357,false,false,false,missing,false,true,gradient_only,7,1818,1072,4.6675989597172585,3.566048598201095,missing
red2:lane2:snr8.0:seed4:frame10,8.0,10,profiled_cz,172,false,false,false,missing,false,true,gradient_only,1,1454,263,0.47610128514276623,3.609383641159834,missing
red2:lane2:snr8.0:seed4:frame11,8.0,11,profiled_cz,351,false,false,false,missing,false,true,gradient_only,4,1825,1116,0.682705896851989,4.270042842957985,missing
red2:lane2:snr8.0:seed4:frame12,8.0,12,profiled_cz,208,false,false,false,missing,false,true,gradient_only,7,1550,518,1.2799936028711694,3.0278237995057036,missing
red2:lane2:snr8.0:seed4:frame13,8.0,13,profiled_cz,324,false,false,false,missing,false,true,gradient_only,1,1795,1005,1.266314452171185,2.8883285595479715,missing
red2:lane2:snr8.0:seed4:frame14,8.0,14,profiled_cz,161,false,false,false,missing,false,true,gradient_only,3,1410,241,1.17674212239778,3.4633110723871527,missing
red2:lane2:snr8.0:seed4:frame15,8.0,15,profiled_cz,307,false,false,false,missing,false,true,gradient_only,7,1848,1137,1.086306852458669,2.362907037546641,missing
red2:lane2:snr8.0:seed4:frame16,8.0,16,profiled_cz,443,false,false,false,missing,false,true,gradient_only,1,1969,1464,1.2694271906021048,6.301098623696573,missing
red2:lane2:snr8.0:seed4:frame17,8.0,17,profiled_cz,345,false,false,false,missing,false,true,gradient_only,1,1808,810,0.8217669555930873,3.423286641745467,missing
red2:lane2:snr8.0:seed4:frame18,8.0,18,profiled_cz,417,false,false,false,missing,false,true,gradient_only,1,1960,1200,0.9673657466195628,4.512071158321364,missing
red2:lane2:snr8.0:seed4:frame19,8.0,19,profiled_cz,321,false,false,false,missing,false,true,gradient_only,1,1801,910,0.8017507285401381,4.2283481707702135,missing
red2:lane2:snr8.0:seed4:frame20,8.0,20,profiled_cz,381,false,false,false,missing,false,true,gradient_only,2,1877,1128,0.9361097444720391,3.6681721519941095,missing
red2:lane2:snr8.0:seed4:frame21,8.0,21,profiled_cz,191,false,false,false,missing,false,true,gradient_only,8,1446,276,1.4944445559135235,4.25615565340318,missing
red2:lane2:snr8.0:seed4:frame22,8.0,22,profiled_cz,222,false,false,false,missing,false,true,gradient_only,1,1531,501,1.156064458869365,3.434439613076114,missing
red2:lane2:snr8.0:seed4:frame23,8.0,23,profiled_cz,455,false,false,false,missing,false,true,gradient_only,4,1944,1445,0.5180294557824363,5.461501049441178,missing
red2:lane2:snr8.0:seed4:frame24,8.0,24,profiled_cz,401,false,false,false,missing,false,true,gradient_only,8,1928,1216,1.2663294441628057,11.664925561796858,missing
red2:lane2:snr8.0:seed4:frame25,8.0,25,profiled_cz,263,false,false,false,missing,false,true,gradient_only,7,1694,624,0.7515796034389646,3.063700414373657,missing
red2:lane2:snr8.0:seed4:frame26,8.0,26,profiled_cz,250,false,false,false,missing,false,true,gradient_only,2,1586,532,2.9153064938274857,2.6896800185843213,missing
red2:lane2:snr8.0:seed4:frame27,8.0,27,profiled_cz,356,false,false,false,missing,false,true,gradient_only,1,1788,919,0.9326818082698697,4.098650119073291,missing
red2:lane2:snr8.0:seed4:frame28,8.0,28,profiled_cz,306,false,false,false,missing,false,true,gradient_only,7,1785,999,0.8052746885527758,18.546306724246097,missing
red2:lane2:snr8.0:seed4:frame29,8.0,29,profiled_cz,181,false,false,false,missing,false,true,gradient_only,1,1442,303,3.7783903914799755,2.7563918013120503,missing
red2:lane2:snr8.0:seed4:frame30,8.0,30,profiled_cz,43,false,false,false,missing,false,true,gradient_only,1,415,17,7.573117181055678,3.1009068555560155,missing
red2:lane2:snr8.0:seed4:frame31,8.0,31,profiled_cz,404,false,false,false,missing,false,true,gradient_only,6,1932,1194,0.7720140609833114,3.1882817628093645,missing
red2:lane2:snr8.0:seed4:frame32,8.0,32,profiled_cz,364,false,false,false,missing,false,true,gradient_only,3,1818,1314,0.7578160963532776,6.280254045789912,missing
red2:lane2:snr8.0:seed4:frame33,8.0,33,profiled_cz,432,false,false,false,missing,false,true,gradient_only,8,1933,1444,1.2542885490123292,5.612187665857339,missing
red2:lane2:snr8.0:seed4:frame34,8.0,34,profiled_cz,327,false,false,false,missing,false,true,gradient_only,1,1863,1068,0.9507366916956365,3.414616306892,missing
red2:lane2:snr8.0:seed4:frame35,8.0,35,profiled_cz,448,false,false,false,missing,false,true,gradient_only,3,1846,1299,1.368875797111808,7.204141457990979,missing
red2:lane2:snr8.0:seed4:frame36,8.0,36,profiled_cz,373,false,false,false,missing,false,true,gradient_only,1,1914,1083,0.5831247133031243,3.316534178570756,missing
red2:lane2:snr8.0:seed4:frame37,8.0,37,profiled_cz,381,false,false,false,missing,false,true,gradient_only,1,1785,979,1.3999743053220222,5.0160170699519995,missing
red2:lane2:snr8.0:seed4:frame38,8.0,38,profiled_cz,361,false,false,false,missing,false,true,gradient_only,8,1875,1029,1.3957050046251787,3.567295526548158,missing
red2:lane2:snr8.0:seed4:frame39,8.0,39,profiled_cz,341,false,false,false,missing,false,true,gradient_only,6,1786,1088,0.7671238524638093,2.7620386007784603,missing
red2:lane2:snr8.0:seed4:frame40,8.0,40,profiled_cz,134,false,false,false,missing,false,true,gradient_only,1,1216,157,0.5409105476902394,2.557450636515893,missing
red2:lane2:snr8.0:seed4:frame41,8.0,41,profiled_cz,277,false,false,false,missing,false,true,gradient_only,1,1725,826,1.1348798236851008,3.9730502976729953,missing
red2:lane2:snr8.0:seed4:frame42,8.0,42,profiled_cz,89,false,false,false,missing,false,true,gradient_only,1,677,29,0.9218590916645577,2.002634024454602,missing
red2:lane2:snr8.0:seed4:frame43,8.0,43,profiled_cz,433,false,false,false,missing,false,true,gradient_only,7,1894,1221,0.8808080422763725,17.1912598155325,missing
red2:lane2:snr8.0:seed4:frame44,8.0,44,profiled_cz,223,false,false,false,missing,false,true,gradient_only,3,1469,434,0.9365087475840185,4.693055123985964,missing
red2:lane2:snr8.0:seed4:frame45,8.0,45,profiled_cz,307,false,false,false,missing,false,true,gradient_only,2,1791,976,2.136323599657639,2.7535510390476925,missing
red2:lane2:snr8.0:seed4:frame46,8.0,46,profiled_cz,332,false,false,false,missing,false,true,gradient_only,7,1858,1104,5.374232291836227,3.2657585652766037,missing
red2:lane2:snr8.0:seed4:frame47,8.0,47,profiled_cz,365,false,false,false,missing,false,true,gradient_only,8,1886,1225,0.918981853082907,3.2432144543285233,missing
red2:lane2:snr8.0:seed4:frame48,8.0,48,profiled_cz,450,false,false,false,missing,false,true,gradient_only,8,1970,1243,1.3203183542350678,4.222360465269929,missing
red2:lane2:snr8.0:seed4:frame49,8.0,49,profiled_cz,417,false,false,false,missing,false,true,gradient_only,5,1880,1212,0.4797480398763078,3.1091416304560475,missing
red2:lane2:snr8.0:seed4:frame50,8.0,50,profiled_cz,10,false,false,false,missing,false,true,gradient_only,1,99,5,0.6645415744120967,2.4501932932998716,missing
red2:lane2:snr8.0:seed4:frame51,8.0,51,profiled_cz,310,false,false,false,missing,false,true,gradient_only,5,1838,949,1.7762356869820002,3.5323102599036047,missing
red2:lane2:snr8.0:seed4:frame52,8.0,52,profiled_cz,359,false,false,false,missing,false,true,gradient_only,4,1818,1010,0.969681376864798,4.081763103934283,missing
red2:lane2:snr8.0:seed4:frame53,8.0,53,profiled_cz,361,false,false,false,missing,false,true,gradient_only,2,1786,1263,0.9904134647636681,2.536405941239207,missing
red2:lane2:snr8.0:seed4:frame54,8.0,54,profiled_cz,376,false,false,false,missing,false,true,gradient_only,1,1894,1053,1.615129444802334,3.337305705870822,missing
red2:lane2:snr8.0:seed4:frame55,8.0,55,profiled_cz,255,false,false,false,missing,false,true,gradient_only,5,1770,737,1.1067792675122494,2.46688391531007,missing
red2:lane2:snr8.0:seed4:frame56,8.0,56,profiled_cz,130,false,false,false,missing,false,true,gradient_only,6,1187,113,0.8968335292736346,2.2683037333766376,missing
red2:lane2:snr8.0:seed4:frame57,8.0,57,profiled_cz,139,false,false,false,missing,false,true,gradient_only,3,1406,188,0.7164208557309547,2.9117491089097887,missing
red2:lane2:snr8.0:seed4:frame58,8.0,58,profiled_cz,301,false,false,false,missing,false,true,gradient_only,6,1682,663,1.1115198197272746,4.60469965181806,missing
red2:lane2:snr8.0:seed4:frame59,8.0,59,profiled_cz,356,false,false,false,missing,false,true,gradient_only,1,1823,971,1.0276349385877492,3.7743996219304927,missing
red2:lane2:snr8.0:seed4:frame60,8.0,60,profiled_cz,447,false,false,false,missing,false,true,gradient_only,3,1952,1385,1.0533491751591284,4.041393719318835,missing
red2:lane2:snr10.0:seed4:frame1,10.0,1,cwz_joint,34,false,false,true,missing,false,true,gradient_only,8,232,0,0.7794067734960748,36.687385254491176,missing
red2:lane2:snr10.0:seed4:frame2,10.0,2,cwz_joint,11,false,false,true,missing,false,true,gradient_only,8,43,0,0.5480265856447322,23.960146584890765,missing
red2:lane2:snr10.0:seed4:frame3,10.0,3,cwz_joint,206,false,false,true,missing,false,true,gradient_only,8,1552,0,1.4031621438331243,46.0244153514791,missing
red2:lane2:snr10.0:seed4:frame4,10.0,4,cwz_joint,27,false,false,true,missing,false,true,gradient_only,8,108,0,0.6924037148590334,32.10273454900901,missing
red2:lane2:snr10.0:seed4:frame5,10.0,5,cwz_joint,27,false,false,true,missing,false,true,gradient_only,8,206,0,0.6764961104789992,28.623673498854046,missing
red2:lane2:snr10.0:seed4:frame6,10.0,6,cwz_joint,2,false,false,true,missing,false,true,gradient_only,8,74,0,1.0992167173915457,31.327090047972327,missing
red2:lane2:snr10.0:seed4:frame7,10.0,7,cwz_joint,5,false,false,true,missing,false,true,gradient_only,8,48,0,0.7919124241540627,21.983138800734004,missing
red2:lane2:snr10.0:seed4:frame8,10.0,8,cwz_joint,91,false,false,true,missing,false,true,gradient_only,8,699,0,2.5416234807140134,36.59203439271072,missing
red2:lane2:snr10.0:seed4:frame9,10.0,9,cwz_joint,167,false,false,true,missing,false,true,gradient_only,8,1488,0,0.5835080524590832,31.35950578892584,missing
red2:lane2:snr10.0:seed4:frame10,10.0,10,cwz_joint,5,false,false,true,missing,false,true,gradient_only,8,61,0,0.7763073877401178,26.47014174388963,missing
red2:lane2:snr10.0:seed4:frame11,10.0,11,cwz_joint,101,false,false,true,missing,false,true,gradient_only,8,1206,0,0.7113996985288863,39.59548081368994,missing
red2:lane2:snr10.0:seed4:frame12,10.0,12,cwz_joint,15,false,false,true,missing,false,true,gradient_only,8,231,0,0.5869943303799777,28.45711265228022,missing
red2:lane2:snr10.0:seed4:frame13,10.0,13,cwz_joint,38,false,false,true,missing,false,true,gradient_only,8,394,0,0.6143492756643906,31.964419571776443,missing
red2:lane2:snr10.0:seed4:frame14,10.0,14,cwz_joint,41,false,false,true,missing,false,true,gradient_only,8,323,0,0.7556955365266395,31.795270124554925,missing
red2:lane2:snr10.0:seed4:frame15,10.0,15,cwz_joint,24,false,false,true,missing,false,true,gradient_only,8,124,0,1.042706167939997,23.464142717149052,missing
red2:lane2:snr10.0:seed4:frame16,10.0,16,cwz_joint,331,false,false,true,missing,false,true,gradient_only,8,1757,0,0.9682414219211,30.988367643277186,missing
red2:lane2:snr10.0:seed4:frame17,10.0,17,cwz_joint,124,false,false,true,missing,false,true,gradient_only,8,1184,0,0.9208376009699781,26.189506074784948,missing
red2:lane2:snr10.0:seed4:frame18,10.0,18,cwz_joint,341,false,false,true,missing,false,true,gradient_only,8,1842,0,7.191716408145801,42.46963763041269,missing
red2:lane2:snr10.0:seed4:frame19,10.0,19,cwz_joint,127,false,false,true,missing,false,true,gradient_only,8,967,0,0.5617358652898394,30.477165736609443,missing
red2:lane2:snr10.0:seed4:frame20,10.0,20,cwz_joint,144,false,false,true,missing,false,true,gradient_only,8,1405,0,0.8260604441886521,30.610532163309454,missing
red2:lane2:snr10.0:seed4:frame21,10.0,21,cwz_joint,22,false,false,true,missing,false,true,gradient_only,8,196,0,0.7897257900265765,30.032477359553578,missing
red2:lane2:snr10.0:seed4:frame22,10.0,22,cwz_joint,7,false,false,true,missing,false,true,gradient_only,8,86,0,0.6138413201888783,28.186768649799088,missing
red2:lane2:snr10.0:seed4:frame23,10.0,23,cwz_joint,388,false,false,true,missing,false,true,gradient_only,8,1976,0,0.5218756554643718,28.72174083054986,missing
red2:lane2:snr10.0:seed4:frame24,10.0,24,cwz_joint,382,false,false,true,missing,false,true,gradient_only,8,1911,0,0.9508792912168342,43.54901618264859,missing
red2:lane2:snr10.0:seed4:frame25,10.0,25,cwz_joint,49,false,false,true,missing,false,true,gradient_only,8,598,0,0.8862544841412199,27.904314353303732,missing
red2:lane2:snr10.0:seed4:frame26,10.0,26,cwz_joint,46,false,false,true,missing,false,true,gradient_only,8,336,0,0.4483385155196466,23.50355054467847,missing
red2:lane2:snr10.0:seed4:frame27,10.0,27,cwz_joint,226,false,false,true,missing,false,true,gradient_only,8,1616,0,0.5797904062743641,33.47245119888826,missing
red2:lane2:snr10.0:seed4:frame28,10.0,28,cwz_joint,146,false,false,true,missing,false,true,gradient_only,8,1357,0,1.4695172152259581,420.4238740129865,missing
red2:lane2:snr10.0:seed4:frame29,10.0,29,cwz_joint,10,false,false,true,missing,false,true,gradient_only,8,44,0,0.6500542223480327,28.662220620813095,missing
red2:lane2:snr10.0:seed4:frame30,10.0,30,cwz_joint,4,false,false,true,missing,false,true,gradient_only,8,57,0,1.2482039672303844,21.683019469783062,missing
red2:lane2:snr10.0:seed4:frame31,10.0,31,cwz_joint,231,false,false,true,missing,false,true,gradient_only,8,1628,0,0.6206999121494912,27.116876986071457,missing
red2:lane2:snr10.0:seed4:frame32,10.0,32,cwz_joint,249,false,false,true,missing,false,true,gradient_only,8,1588,0,1.7369862182213756,37.704239412968555,missing
red2:lane2:snr10.0:seed4:frame33,10.0,33,cwz_joint,291,false,false,true,missing,false,true,gradient_only,8,1754,0,0.8847004939700741,28.091914018933462,missing
red2:lane2:snr10.0:seed4:frame34,10.0,34,cwz_joint,190,false,false,true,missing,false,true,gradient_only,8,1613,0,0.9199768030968333,28.7348382319714,missing
red2:lane2:snr10.0:seed4:frame35,10.0,35,cwz_joint,300,false,false,true,missing,false,true,gradient_only,8,1836,0,10.54937137861512,35.555105150652125,missing
red2:lane2:snr10.0:seed4:frame36,10.0,36,cwz_joint,223,false,false,true,missing,false,true,gradient_only,8,1690,0,0.5879776381607419,25.79531584247429,missing
red2:lane2:snr10.0:seed4:frame37,10.0,37,cwz_joint,299,false,false,true,missing,false,true,gradient_only,8,1690,0,1.0987035215753318,30.218566258830755,missing
red2:lane2:snr10.0:seed4:frame38,10.0,38,cwz_joint,145,false,false,true,missing,false,true,gradient_only,8,1288,0,1.2329307388539896,30.00799910099581,missing
red2:lane2:snr10.0:seed4:frame39,10.0,39,cwz_joint,117,false,false,true,missing,false,true,gradient_only,8,1026,0,0.677128148123973,32.17965555377823,missing
red2:lane2:snr10.0:seed4:frame40,10.0,40,cwz_joint,7,false,false,true,missing,false,true,gradient_only,8,81,0,0.8962830024025241,23.58071921136175,missing
red2:lane2:snr10.0:seed4:frame41,10.0,41,cwz_joint,37,false,false,true,missing,false,true,gradient_only,8,416,0,1.1176991128790768,32.35350703429115,missing
red2:lane2:snr10.0:seed4:frame42,10.0,42,cwz_joint,7,false,false,true,missing,false,true,gradient_only,8,36,0,0.48282816867002754,21.9346674483272,missing
red2:lane2:snr10.0:seed4:frame43,10.0,43,cwz_joint,349,false,false,true,missing,false,true,gradient_only,8,1876,0,0.8587504879515931,367.6068760957775,missing
red2:lane2:snr10.0:seed4:frame44,10.0,44,cwz_joint,37,false,false,true,missing,false,true,gradient_only,8,284,0,0.878321926665872,28.55142581452517,missing
red2:lane2:snr10.0:seed4:frame45,10.0,45,cwz_joint,49,false,false,true,missing,false,true,gradient_only,8,419,0,2.784332345020946,24.43788620406455,missing
red2:lane2:snr10.0:seed4:frame46,10.0,46,cwz_joint,257,false,false,true,missing,false,true,gradient_only,8,1633,0,0.7007528572611631,28.246537358217,missing
red2:lane2:snr10.0:seed4:frame47,10.0,47,cwz_joint,223,false,false,true,missing,false,true,gradient_only,8,1612,0,1.509379515107369,31.172992847141217,missing
red2:lane2:snr10.0:seed4:frame48,10.0,48,cwz_joint,355,false,false,true,missing,false,true,gradient_only,8,1840,0,1.3960209727751776,37.378535743073584,missing
red2:lane2:snr10.0:seed4:frame49,10.0,49,cwz_joint,340,false,false,true,missing,false,true,gradient_only,8,1881,0,0.44448312080875396,29.819838369153167,missing
red2:lane2:snr10.0:seed4:frame50,10.0,50,cwz_joint,1,false,false,true,missing,false,true,gradient_only,8,37,0,0.6914793468214065,13.774399904684802,missing
red2:lane2:snr10.0:seed4:frame51,10.0,51,cwz_joint,120,false,false,true,missing,false,true,gradient_only,8,1200,0,2.717545524883917,29.40195530894403,missing
red2:lane2:snr10.0:seed4:frame52,10.0,52,cwz_joint,162,false,false,true,missing,false,true,gradient_only,8,1341,0,0.9545687530967626,38.108302209755095,missing
red2:lane2:snr10.0:seed4:frame53,10.0,53,cwz_joint,26,false,false,true,missing,false,true,gradient_only,8,189,0,0.5709446963357144,22.746849750094366,missing
red2:lane2:snr10.0:seed4:frame54,10.0,54,cwz_joint,132,false,false,true,missing,false,true,gradient_only,8,1230,0,0.9575368283815715,33.8237549439067,missing
red2:lane2:snr10.0:seed4:frame55,10.0,55,cwz_joint,30,false,false,true,missing,false,true,gradient_only,8,294,0,1.0600535547634715,22.996868878144166,missing
red2:lane2:snr10.0:seed4:frame56,10.0,56,cwz_joint,7,false,false,true,missing,false,true,gradient_only,8,31,0,0.9943250100420338,14.994081047909773,missing
red2:lane2:snr10.0:seed4:frame57,10.0,57,cwz_joint,8,false,false,true,missing,false,true,gradient_only,8,53,0,0.8319406321000049,22.558972319055705,missing
red2:lane2:snr10.0:seed4:frame58,10.0,58,cwz_joint,88,false,false,true,missing,false,true,gradient_only,8,808,0,0.7426669428952727,28.259462239888794,missing
red2:lane2:snr10.0:seed4:frame59,10.0,59,cwz_joint,77,false,false,true,missing,false,true,gradient_only,8,949,0,1.9314830943891856,32.63231677464812,missing
red2:lane2:snr10.0:seed4:frame60,10.0,60,cwz_joint,327,false,false,true,missing,false,true,gradient_only,8,1859,0,0.893616421878722,30.82561514271499,missing
red2:lane2:snr10.0:seed4:frame1,10.0,1,profiled_cz,34,false,false,false,missing,false,true,gradient_only,1,232,14,0.7794067734960748,2.3415644017159947,missing
red2:lane2:snr10.0:seed4:frame2,10.0,2,profiled_cz,11,false,false,true,missing,false,true,gradient_only,1,43,0,0.5480265856447322,1.8724840673961818,missing
red2:lane2:snr10.0:seed4:frame3,10.0,3,profiled_cz,214,false,false,false,missing,false,true,gradient_only,8,1552,530,1.4031621438331243,4.77910376071319,missing
red2:lane2:snr10.0:seed4:frame4,10.0,4,profiled_cz,27,false,false,true,missing,false,true,gradient_only,1,108,0,0.6924037148590334,3.5158857771134495,missing
red2:lane2:snr10.0:seed4:frame5,10.0,5,profiled_cz,27,false,false,false,missing,false,true,gradient_only,1,206,5,0.6764961104789992,2.803895713479375,missing
red2:lane2:snr10.0:seed4:frame6,10.0,6,profiled_cz,2,false,false,false,missing,false,true,gradient_only,3,74,11,1.0992167173915457,2.577719240828891,missing
red2:lane2:snr10.0:seed4:frame7,10.0,7,profiled_cz,5,false,false,true,missing,false,true,gradient_only,1,48,0,0.7919124241540627,2.634518282527789,missing
red2:lane2:snr10.0:seed4:frame8,10.0,8,profiled_cz,91,false,false,false,missing,false,true,gradient_only,1,699,27,2.5416234807140134,3.0523726999520653,missing
red2:lane2:snr10.0:seed4:frame9,10.0,9,profiled_cz,172,false,false,false,missing,false,true,gradient_only,7,1488,345,0.5835080524590832,3.319289080771126,missing
red2:lane2:snr10.0:seed4:frame10,10.0,10,profiled_cz,5,false,false,true,missing,false,true,gradient_only,1,61,0,0.7763073877401178,3.3001104359415154,missing
red2:lane2:snr10.0:seed4:frame11,10.0,11,profiled_cz,99,false,false,false,missing,false,true,gradient_only,6,1206,99,0.7113996985288863,3.2719856474031848,missing
red2:lane2:snr10.0:seed4:frame12,10.0,12,profiled_cz,15,false,false,false,missing,false,true,gradient_only,1,231,4,0.5869943303799777,3.0552086360665527,missing
red2:lane2:snr10.0:seed4:frame13,10.0,13,profiled_cz,38,false,false,false,missing,false,true,gradient_only,1,394,17,0.6143492756643906,2.9355076947765193,missing
red2:lane2:snr10.0:seed4:frame14,10.0,14,profiled_cz,41,false,false,false,missing,false,true,gradient_only,1,323,16,0.7556955365266395,3.9183284476412825,missing
red2:lane2:snr10.0:seed4:frame15,10.0,15,profiled_cz,24,false,false,false,missing,false,true,gradient_only,1,124,8,1.042706167939997,1.9280977641186463,missing
red2:lane2:snr10.0:seed4:frame16,10.0,16,profiled_cz,349,false,false,false,missing,false,true,gradient_only,8,1757,1096,0.9682414219211,5.167291406978652,missing
red2:lane2:snr10.0:seed4:frame17,10.0,17,profiled_cz,123,false,false,false,missing,false,true,gradient_only,1,1184,121,0.9208376009699781,3.021215522201947,missing
red2:lane2:snr10.0:seed4:frame18,10.0,18,profiled_cz,337,false,false,false,missing,false,true,gradient_only,3,1842,1052,7.191716408145801,4.1096426786836044,missing
red2:lane2:snr10.0:seed4:frame19,10.0,19,profiled_cz,128,false,false,false,missing,false,true,gradient_only,3,967,74,0.5617358652898394,3.547819634937556,missing
red2:lane2:snr10.0:seed4:frame20,10.0,20,profiled_cz,149,false,false,false,missing,false,true,gradient_only,4,1405,307,0.8260604441886521,3.244486295510469,missing
red2:lane2:snr10.0:seed4:frame21,10.0,21,profiled_cz,22,false,false,false,missing,false,true,gradient_only,1,196,4,0.7897257900265765,3.4617004649878296,missing
red2:lane2:snr10.0:seed4:frame22,10.0,22,profiled_cz,7,false,false,false,missing,false,true,gradient_only,1,86,4,0.6138413201888783,2.7467934273595773,missing
red2:lane2:snr10.0:seed4:frame23,10.0,23,profiled_cz,405,false,false,false,missing,false,true,gradient_only,2,1976,1321,0.5218756554643718,4.853310524401034,missing
red2:lane2:snr10.0:seed4:frame24,10.0,24,profiled_cz,397,false,false,false,missing,false,true,gradient_only,4,1911,1291,0.9508792912168342,9.713782115470428,missing
red2:lane2:snr10.0:seed4:frame25,10.0,25,profiled_cz,49,false,false,false,missing,false,true,gradient_only,1,598,17,0.8862544841412199,2.3530771522422698,missing
red2:lane2:snr10.0:seed4:frame26,10.0,26,profiled_cz,46,false,false,false,missing,false,true,gradient_only,1,336,18,0.4483385155196466,2.5947180301832984,missing
red2:lane2:snr10.0:seed4:frame27,10.0,27,profiled_cz,241,false,false,false,missing,false,true,gradient_only,1,1616,724,0.5797904062743641,3.523068897784421,missing
red2:lane2:snr10.0:seed4:frame28,10.0,28,profiled_cz,144,false,false,false,missing,false,true,gradient_only,6,1357,182,1.4695172152259581,18.240074436911797,missing
red2:lane2:snr10.0:seed4:frame29,10.0,29,profiled_cz,10,false,false,true,missing,false,true,gradient_only,1,44,0,0.6500542223480327,2.3217376210231233,missing
red2:lane2:snr10.0:seed4:frame30,10.0,30,profiled_cz,4,false,false,true,missing,false,true,gradient_only,1,57,0,1.2482039672303844,3.7307865612893294,missing
red2:lane2:snr10.0:seed4:frame31,10.0,31,profiled_cz,238,false,false,false,missing,false,true,gradient_only,8,1628,466,0.6206999121494912,3.158900062086451,missing
red2:lane2:snr10.0:seed4:frame32,10.0,32,profiled_cz,240,false,false,false,missing,false,true,gradient_only,2,1588,560,1.7369862182213756,5.45472331554,missing
red2:lane2:snr10.0:seed4:frame33,10.0,33,profiled_cz,310,false,false,false,missing,false,true,gradient_only,2,1754,885,0.8847004939700741,4.20376957135877,missing
red2:lane2:snr10.0:seed4:frame34,10.0,34,profiled_cz,204,false,false,false,missing,false,true,gradient_only,4,1613,544,0.9199768030968333,2.8926330695764504,missing
red2:lane2:snr10.0:seed4:frame35,10.0,35,profiled_cz,329,false,false,false,missing,false,true,gradient_only,7,1836,1024,10.54937137861512,5.185736451095271,missing
red2:lane2:snr10.0:seed4:frame36,10.0,36,profiled_cz,221,false,false,false,missing,false,true,gradient_only,4,1690,670,0.5879776381607419,2.8866571612685377,missing
red2:lane2:snr10.0:seed4:frame37,10.0,37,profiled_cz,308,false,false,false,missing,false,true,gradient_only,4,1690,1001,1.0987035215753318,4.111533625673343,missing
red2:lane2:snr10.0:seed4:frame38,10.0,38,profiled_cz,139,false,false,false,missing,false,true,gradient_only,2,1288,324,1.2329307388539896,2.7637825757069283,missing
red2:lane2:snr10.0:seed4:frame39,10.0,39,profiled_cz,116,false,false,false,missing,false,true,gradient_only,1,1026,102,0.677128148123973,2.8598918348808735,missing
red2:lane2:snr10.0:seed4:frame40,10.0,40,profiled_cz,7,false,false,true,missing,false,true,gradient_only,1,81,0,0.8962830024025241,2.8325206712330973,missing
red2:lane2:snr10.0:seed4:frame41,10.0,41,profiled_cz,37,false,false,false,missing,false,true,gradient_only,1,416,27,1.1176991128790768,3.51858096774129,missing
red2:lane2:snr10.0:seed4:frame42,10.0,42,profiled_cz,7,false,false,true,missing,false,true,gradient_only,1,36,0,0.48282816867002754,1.6980359971853358,missing
red2:lane2:snr10.0:seed4:frame43,10.0,43,profiled_cz,365,false,false,false,missing,false,true,gradient_only,8,1876,1065,0.8587504879515931,11.352766583862515,missing
red2:lane2:snr10.0:seed4:frame44,10.0,44,profiled_cz,37,false,false,false,missing,false,true,gradient_only,1,284,7,0.878321926665872,4.271685286459842,missing
red2:lane2:snr10.0:seed4:frame45,10.0,45,profiled_cz,49,false,false,false,missing,false,true,gradient_only,1,419,4,2.784332345020946,2.4637711568485883,missing
red2:lane2:snr10.0:seed4:frame46,10.0,46,profiled_cz,260,false,false,false,missing,false,true,gradient_only,3,1633,609,0.7007528572611631,3.0904521366619764,missing
red2:lane2:snr10.0:seed4:frame47,10.0,47,profiled_cz,242,false,false,false,missing,false,true,gradient_only,4,1612,735,1.509379515107369,3.3984113716512354,missing
red2:lane2:snr10.0:seed4:frame48,10.0,48,profiled_cz,354,false,false,false,missing,false,true,gradient_only,2,1840,1033,1.3960209727751776,4.258896899957762,missing
red2:lane2:snr10.0:seed4:frame49,10.0,49,profiled_cz,372,false,false,false,missing,false,true,gradient_only,2,1881,1206,0.44448312080875396,2.833865636040086,missing
red2:lane2:snr10.0:seed4:frame50,10.0,50,profiled_cz,1,false,false,true,missing,false,true,gradient_only,1,37,0,0.6914793468214065,1.9618288007218572,missing
red2:lane2:snr10.0:seed4:frame51,10.0,51,profiled_cz,119,false,false,false,missing,false,true,gradient_only,1,1200,156,2.717545524883917,2.684168521183298,missing
red2:lane2:snr10.0:seed4:frame52,10.0,52,profiled_cz,168,false,false,false,missing,false,true,gradient_only,2,1341,219,0.9545687530967626,3.5760034725740044,missing
red2:lane2:snr10.0:seed4:frame53,10.0,53,profiled_cz,26,false,false,true,missing,false,true,gradient_only,1,189,0,0.5709446963357144,2.7899841037176247,missing
red2:lane2:snr10.0:seed4:frame54,10.0,54,profiled_cz,130,false,false,false,missing,false,true,gradient_only,1,1230,188,0.9575368283815715,3.7799273375170617,missing
red2:lane2:snr10.0:seed4:frame55,10.0,55,profiled_cz,30,false,false,false,missing,false,true,gradient_only,1,294,15,1.0600535547634715,2.353509582560488,missing
red2:lane2:snr10.0:seed4:frame56,10.0,56,profiled_cz,7,false,false,true,missing,false,true,gradient_only,1,31,0,0.9943250100420338,2.1283456885206187,missing
red2:lane2:snr10.0:seed4:frame57,10.0,57,profiled_cz,8,false,false,false,missing,false,true,gradient_only,1,53,3,0.8319406321000049,2.1664739175351606,missing
red2:lane2:snr10.0:seed4:frame58,10.0,58,profiled_cz,87,false,false,false,missing,false,true,gradient_only,3,808,57,0.7426669428952727,4.334533696460805,missing
red2:lane2:snr10.0:seed4:frame59,10.0,59,profiled_cz,77,false,false,false,missing,false,true,gradient_only,1,949,49,1.9314830943891856,3.2807797706670687,missing
red2:lane2:snr10.0:seed4:frame60,10.0,60,profiled_cz,340,false,false,false,missing,false,true,gradient_only,2,1859,925,0.893616421878722,3.6473339802360982,missing
red2:lane2:snr12.0:seed4:frame1,12.0,1,cwz_joint,6,false,false,true,missing,false,true,gradient_only,8,27,0,0.894883632234272,30.778560306976004,missing
red2:lane2:snr12.0:seed4:frame2,12.0,2,cwz_joint,1,false,false,true,missing,false,true,gradient_only,8,24,0,0.563070568476317,22.22325307945162,missing
red2:lane2:snr12.0:seed4:frame3,12.0,3,cwz_joint,67,false,false,true,missing,false,true,gradient_only,8,605,0,0.5487491935818265,39.75588802761347,missing
red2:lane2:snr12.0:seed4:frame4,12.0,4,cwz_joint,2,false,false,true,missing,false,true,gradient_only,8,25,0,0.9931856592188935,27.589975697127052,missing
red2:lane2:snr12.0:seed4:frame5,12.0,5,cwz_joint,4,false,false,true,missing,false,true,gradient_only,8,32,0,0.6121767763349859,25.59583622273791,missing
red2:lane2:snr12.0:seed4:frame6,12.0,6,cwz_joint,3,false,false,true,missing,false,true,gradient_only,8,18,0,0.5515364882718674,28.963883518277925,missing
red2:lane2:snr12.0:seed4:frame7,12.0,7,cwz_joint,2,false,false,true,missing,false,true,gradient_only,8,28,0,1.70540537336922,20.096346119128427,missing
red2:lane2:snr12.0:seed4:frame8,12.0,8,cwz_joint,13,false,false,true,missing,false,true,gradient_only,8,48,0,3.0235452450378606,32.725249891361806,missing
red2:lane2:snr12.0:seed4:frame9,12.0,9,cwz_joint,18,false,false,true,missing,false,true,gradient_only,8,116,0,1.4400335255947216,28.159996834351244,missing
red2:lane2:snr12.0:seed4:frame10,12.0,10,cwz_joint,3,false,false,true,missing,false,true,gradient_only,8,31,0,0.7409237228159026,23.977975209767894,missing
red2:lane2:snr12.0:seed4:frame11,12.0,11,cwz_joint,5,false,false,true,missing,false,true,gradient_only,8,41,0,0.7164022908900345,32.18542110148188,missing
red2:lane2:snr12.0:seed4:frame12,12.0,12,cwz_joint,1,false,false,true,missing,false,true,gradient_only,8,35,0,0.5687140152180927,25.273369492582653,missing
red2:lane2:snr12.0:seed4:frame13,12.0,13,cwz_joint,8,false,false,true,missing,false,true,gradient_only,8,57,0,0.8854442977187105,29.74663379051978,missing
red2:lane2:snr12.0:seed4:frame14,12.0,14,cwz_joint,6,false,false,true,missing,false,true,gradient_only,8,57,0,1.8125509848648251,30.277040082651908,missing
red2:lane2:snr12.0:seed4:frame15,12.0,15,cwz_joint,4,false,false,true,missing,false,true,gradient_only,8,29,0,1.1811740377378648,21.564474860553464,missing
red2:lane2:snr12.0:seed4:frame16,12.0,16,cwz_joint,120,false,false,true,missing,false,true,gradient_only,8,983,0,0.6498228836952682,27.533352686628987,missing
red2:lane2:snr12.0:seed4:frame17,12.0,17,cwz_joint,3,false,false,true,missing,false,true,gradient_only,8,59,0,0.5367489253586116,23.5006757925792,missing
red2:lane2:snr12.0:seed4:frame18,12.0,18,cwz_joint,153,false,false,true,missing,false,true,gradient_only,8,1269,0,0.9369725374298218,36.226773531996784,missing
red2:lane2:snr12.0:seed4:frame19,12.0,19,cwz_joint,8,false,false,true,missing,false,true,gradient_only,8,39,0,0.7577669613743735,28.814035816708184,missing
red2:lane2:snr12.0:seed4:frame20,12.0,20,cwz_joint,14,false,false,true,missing,false,true,gradient_only,8,65,0,0.814037143925948,26.623944011547657,missing
red2:lane2:snr12.0:seed4:frame21,12.0,21,cwz_joint,8,false,false,true,missing,false,true,gradient_only,8,47,0,0.7888086940075595,27.375290640987064,missing
red2:lane2:snr12.0:seed4:frame22,12.0,22,cwz_joint,1,false,false,true,missing,false,true,gradient_only,8,23,0,0.44334053384135547,25.69517494509112,missing
red2:lane2:snr12.0:seed4:frame23,12.0,23,cwz_joint,310,false,false,true,missing,false,true,gradient_only,8,1801,0,0.4701006627417722,28.723391961248,missing
red2:lane2:snr12.0:seed4:frame24,12.0,24,cwz_joint,261,false,false,true,missing,false,true,gradient_only,8,1580,0,0.586260454837574,41.90488999372891,missing
red2:lane2:snr12.0:seed4:frame25,12.0,25,cwz_joint,1,false,false,true,missing,false,true,gradient_only,8,35,0,0.7078334142255772,25.721983569781703,missing
red2:lane2:snr12.0:seed4:frame26,12.0,26,cwz_joint,5,false,false,true,missing,false,true,gradient_only,8,27,0,0.6785466805294692,23.578258095639352,missing
red2:lane2:snr12.0:seed4:frame27,12.0,27,cwz_joint,51,false,false,true,missing,false,true,gradient_only,8,637,0,72.88704588860155,29.455039836973445,missing
red2:lane2:snr12.0:seed4:frame28,12.0,28,cwz_joint,27,false,false,true,missing,false,true,gradient_only,8,196,0,1.9394346691528772,368.3037342357646,missing
red2:lane2:snr12.0:seed4:frame29,12.0,29,cwz_joint,7,false,false,true,missing,false,true,gradient_only,8,25,0,0.7530721248908686,26.375796966984655,missing
red2:lane2:snr12.0:seed4:frame30,12.0,30,cwz_joint,1,false,false,true,missing,false,true,gradient_only,8,24,0,2.8867476094246687,20.661091780370406,missing
red2:lane2:snr12.0:seed4:frame31,12.0,31,cwz_joint,87,false,false,true,missing,false,true,gradient_only,8,772,0,0.8019244263596549,25.177711403618066,missing
red2:lane2:snr12.0:seed4:frame32,12.0,32,cwz_joint,77,false,false,true,missing,false,true,gradient_only,8,703,0,0.8461683952748708,34.93751099921669,missing
red2:lane2:snr12.0:seed4:frame33,12.0,33,cwz_joint,116,false,false,true,missing,false,true,gradient_only,8,947,0,1.5285318400392456,27.461693296423153,missing
red2:lane2:snr12.0:seed4:frame34,12.0,34,cwz_joint,65,false,false,true,missing,false,true,gradient_only,8,774,0,0.7138042829984125,27.819721721367486,missing
red2:lane2:snr12.0:seed4:frame35,12.0,35,cwz_joint,208,false,false,true,missing,false,true,gradient_only,8,1584,0,1.2084952046664212,31.759861675812118,missing
red2:lane2:snr12.0:seed4:frame36,12.0,36,cwz_joint,24,false,false,true,missing,false,true,gradient_only,8,235,0,0.8698652610598204,24.434009026079146,missing
red2:lane2:snr12.0:seed4:frame37,12.0,37,cwz_joint,89,false,false,true,missing,false,true,gradient_only,8,1131,0,0.9234125244255234,27.942665195372104,missing
red2:lane2:snr12.0:seed4:frame38,12.0,38,cwz_joint,10,false,false,true,missing,false,true,gradient_only,8,108,0,1.6226409343642367,26.808228718107692,missing
red2:lane2:snr12.0:seed4:frame39,12.0,39,cwz_joint,7,false,false,true,missing,false,true,gradient_only,8,30,0,0.5968491247389611,29.272518298970393,missing
red2:lane2:snr12.0:seed4:frame40,12.0,40,cwz_joint,5,false,false,true,missing,false,true,gradient_only,8,43,0,0.6268076307437596,22.272060065042215,missing
red2:lane2:snr12.0:seed4:frame41,12.0,41,cwz_joint,4,false,false,true,missing,false,true,gradient_only,8,40,0,1.8830908459050633,30.153337547083463,missing
red2:lane2:snr12.0:seed4:frame42,12.0,42,cwz_joint,1,false,false,true,missing,false,true,gradient_only,8,19,0,0.481445975320376,20.68888235222009,missing
red2:lane2:snr12.0:seed4:frame43,12.0,43,cwz_joint,336,false,false,true,missing,false,true,gradient_only,8,1817,0,1.4275461888581518,424.68956746123126,missing
red2:lane2:snr12.0:seed4:frame44,12.0,44,cwz_joint,3,false,false,true,missing,false,true,gradient_only,8,44,0,0.7507838759237776,27.175023803148857,missing
red2:lane2:snr12.0:seed4:frame45,12.0,45,cwz_joint,4,false,false,true,missing,false,true,gradient_only,8,26,0,0.7048811936522258,22.52466279158397,missing
red2:lane2:snr12.0:seed4:frame46,12.0,46,cwz_joint,6,false,false,true,missing,false,true,gradient_only,8,106,0,0.6218442835052176,27.14555722248993,missing
red2:lane2:snr12.0:seed4:frame47,12.0,47,cwz_joint,93,false,false,true,missing,false,true,gradient_only,8,704,0,0.8013149495900553,27.97429767298868,missing
red2:lane2:snr12.0:seed4:frame48,12.0,48,cwz_joint,215,false,false,true,missing,false,true,gradient_only,8,1636,0,0.9837054526812883,34.22122676506812,missing
red2:lane2:snr12.0:seed4:frame49,12.0,49,cwz_joint,149,false,false,true,missing,false,true,gradient_only,8,1266,0,0.6765473435429871,27.52471000093061,missing
red2:lane2:snr12.0:seed4:frame50,12.0,50,cwz_joint,0,true,false,true,missing,false,true,gradient_only,8,19,0,0.46474753881996417,12.7765334177858,missing
red2:lane2:snr12.0:seed4:frame51,12.0,51,cwz_joint,6,false,false,true,missing,false,true,gradient_only,8,38,0,1.1212935419488221,27.162592501221617,missing
red2:lane2:snr12.0:seed4:frame52,12.0,52,cwz_joint,26,false,false,true,missing,false,true,gradient_only,8,143,0,3.693894904502458,34.22667606039245,missing
red2:lane2:snr12.0:seed4:frame53,12.0,53,cwz_joint,3,false,false,true,missing,false,true,gradient_only,8,32,0,1.4545292979823339,23.221377143533843,missing
red2:lane2:snr12.0:seed4:frame54,12.0,54,cwz_joint,18,false,false,true,missing,false,true,gradient_only,8,160,0,1.1112767093814,32.21278575306502,missing
red2:lane2:snr12.0:seed4:frame55,12.0,55,cwz_joint,4,false,false,true,missing,false,true,gradient_only,8,47,0,1.483377245520957,22.0854095697623,missing
red2:lane2:snr12.0:seed4:frame56,12.0,56,cwz_joint,3,false,false,true,missing,false,true,gradient_only,8,23,0,3.0129777918261,14.232291350514275,missing
red2:lane2:snr12.0:seed4:frame57,12.0,57,cwz_joint,1,false,false,true,missing,false,true,gradient_only,8,26,0,1.2891535223096071,20.04730441368531,missing
red2:lane2:snr12.0:seed4:frame58,12.0,58,cwz_joint,5,false,false,true,missing,false,true,gradient_only,8,52,0,1.3781531524827004,25.788541314534676,missing
red2:lane2:snr12.0:seed4:frame59,12.0,59,cwz_joint,6,false,false,true,missing,false,true,gradient_only,8,33,0,0.6243344255315275,29.88168202895524,missing
red2:lane2:snr12.0:seed4:frame60,12.0,60,cwz_joint,215,false,false,true,missing,false,true,gradient_only,8,1525,0,0.895281799656622,29.605649169308833,missing
red2:lane2:snr12.0:seed4:frame1,12.0,1,profiled_cz,6,false,false,true,missing,false,true,gradient_only,1,27,0,0.894883632234272,1.8131306258703705,missing
red2:lane2:snr12.0:seed4:frame2,12.0,2,profiled_cz,1,false,false,true,missing,false,true,gradient_only,1,24,0,0.563070568476317,1.5424223350353443,missing
red2:lane2:snr12.0:seed4:frame3,12.0,3,profiled_cz,67,false,false,false,missing,false,true,gradient_only,1,605,51,0.5487491935818265,3.4923771946529962,missing
red2:lane2:snr12.0:seed4:frame4,12.0,4,profiled_cz,2,false,false,true,missing,false,true,gradient_only,1,25,0,0.9931856592188935,2.9412669001426917,missing
red2:lane2:snr12.0:seed4:frame5,12.0,5,profiled_cz,4,false,false,true,missing,false,true,gradient_only,1,32,0,0.6121767763349859,2.1877440070886185,missing
red2:lane2:snr12.0:seed4:frame6,12.0,6,profiled_cz,3,false,false,true,missing,false,true,gradient_only,1,18,0,0.5515364882718674,2.284001992147929,missing
red2:lane2:snr12.0:seed4:frame7,12.0,7,profiled_cz,2,false,false,true,missing,false,true,gradient_only,1,28,0,1.70540537336922,2.1803568159835267,missing
red2:lane2:snr12.0:seed4:frame8,12.0,8,profiled_cz,13,false,false,true,missing,false,true,gradient_only,1,48,0,3.0235452450378606,2.680567670656694,missing
red2:lane2:snr12.0:seed4:frame9,12.0,9,profiled_cz,18,false,false,false,missing,false,true,gradient_only,1,116,9,1.4400335255947216,2.6385209089444936,missing
red2:lane2:snr12.0:seed4:frame10,12.0,10,profiled_cz,3,false,false,true,missing,false,true,gradient_only,1,31,0,0.7409237228159026,2.89196288825971,missing
red2:lane2:snr12.0:seed4:frame11,12.0,11,profiled_cz,5,false,false,true,missing,false,true,gradient_only,1,41,0,0.7164022908900345,2.446359700677978,missing
red2:lane2:snr12.0:seed4:frame12,12.0,12,profiled_cz,1,false,false,true,missing,false,true,gradient_only,1,35,0,0.5687140152180927,2.3471809473872383,missing
red2:lane2:snr12.0:seed4:frame13,12.0,13,profiled_cz,8,false,false,true,missing,false,true,gradient_only,1,57,0,0.8854442977187105,3.354868456240393,missing
red2:lane2:snr12.0:seed4:frame14,12.0,14,profiled_cz,6,false,false,true,missing,false,true,gradient_only,1,57,0,1.8125509848648251,3.1626465202332765,missing
red2:lane2:snr12.0:seed4:frame15,12.0,15,profiled_cz,4,false,false,false,missing,false,true,gradient_only,1,29,8,1.1811740377378648,1.5698873415696653,missing
red2:lane2:snr12.0:seed4:frame16,12.0,16,profiled_cz,122,false,false,false,missing,false,true,gradient_only,1,983,49,0.6498228836952682,3.8970319137477043,missing
red2:lane2:snr12.0:seed4:frame17,12.0,17,profiled_cz,3,false,false,true,missing,false,true,gradient_only,1,59,0,0.5367489253586116,2.8225332313499427,missing
red2:lane2:snr12.0:seed4:frame18,12.0,18,profiled_cz,151,false,false,false,missing,false,true,gradient_only,1,1269,101,0.9369725374298218,3.594572589553584,missing
red2:lane2:snr12.0:seed4:frame19,12.0,19,profiled_cz,8,false,false,false,missing,false,true,gradient_only,1,39,1,0.7577669613743735,3.897668837839676,missing
red2:lane2:snr12.0:seed4:frame20,12.0,20,profiled_cz,14,false,false,false,missing,false,true,gradient_only,1,65,3,0.814037143925948,3.5387519730968653,missing
red2:lane2:snr12.0:seed4:frame21,12.0,21,profiled_cz,8,false,false,true,missing,false,true,gradient_only,1,47,0,0.7888086940075595,3.2020167140641114,missing
red2:lane2:snr12.0:seed4:frame22,12.0,22,profiled_cz,1,false,false,true,missing,false,true,gradient_only,1,23,0,0.44334053384135547,2.246695677652537,missing
red2:lane2:snr12.0:seed4:frame23,12.0,23,profiled_cz,325,false,false,false,missing,false,true,gradient_only,8,1801,997,0.4701006627417722,4.9676923266379145,missing
red2:lane2:snr12.0:seed4:frame24,12.0,24,profiled_cz,263,false,false,false,missing,false,true,gradient_only,1,1580,586,0.586260454837574,8.562895079026863,missing
red2:lane2:snr12.0:seed4:frame25,12.0,25,profiled_cz,1,false,false,true,missing,false,true,gradient_only,1,35,0,0.7078334142255772,1.9351998419376937,missing
red2:lane2:snr12.0:seed4:frame26,12.0,26,profiled_cz,5,false,false,true,missing,false,true,gradient_only,1,27,0,0.6785466805294692,2.3752349924364538,missing
red2:lane2:snr12.0:seed4:frame27,12.0,27,profiled_cz,51,false,false,false,missing,false,true,gradient_only,1,637,16,72.88704588860155,3.6198727548673157,missing
red2:lane2:snr12.0:seed4:frame28,12.0,28,profiled_cz,27,false,false,false,missing,false,true,gradient_only,1,196,4,1.9394346691528772,18.63822444293292,missing
red2:lane2:snr12.0:seed4:frame29,12.0,29,profiled_cz,7,false,false,false,missing,false,true,gradient_only,1,25,4,0.7530721248908686,1.900797404382568,missing
red2:lane2:snr12.0:seed4:frame30,12.0,30,profiled_cz,1,false,false,true,missing,false,true,gradient_only,1,24,0,2.8867476094246687,3.6560461848369217,missing
red2:lane2:snr12.0:seed4:frame31,12.0,31,profiled_cz,87,false,false,false,missing,false,true,gradient_only,1,772,27,0.8019244263596549,3.1684842168614806,missing
red2:lane2:snr12.0:seed4:frame32,12.0,32,profiled_cz,77,false,false,false,missing,false,true,gradient_only,1,703,46,0.8461683952748708,4.440788010839552,missing
red2:lane2:snr12.0:seed4:frame33,12.0,33,profiled_cz,114,false,false,false,missing,false,true,gradient_only,1,947,75,1.5285318400392456,3.7338848213035254,missing
red2:lane2:snr12.0:seed4:frame34,12.0,34,profiled_cz,65,false,false,false,missing,false,true,gradient_only,4,774,54,0.7138042829984125,3.2341628536553295,missing
red2:lane2:snr12.0:seed4:frame35,12.0,35,profiled_cz,222,false,false,false,missing,false,true,gradient_only,1,1584,605,1.2084952046664212,3.997378263367821,missing
red2:lane2:snr12.0:seed4:frame36,12.0,36,profiled_cz,24,false,false,false,missing,false,true,gradient_only,1,235,12,0.8698652610598204,2.7605250164452833,missing
red2:lane2:snr12.0:seed4:frame37,12.0,37,profiled_cz,87,false,false,false,missing,false,true,gradient_only,1,1131,63,0.9234125244255234,3.450640858666461,missing
red2:lane2:snr12.0:seed4:frame38,12.0,38,profiled_cz,10,false,false,true,missing,false,true,gradient_only,1,108,0,1.6226409343642367,2.2559954398068585,missing
red2:lane2:snr12.0:seed4:frame39,12.0,39,profiled_cz,7,false,false,true,missing,false,true,gradient_only,1,30,0,0.5968491247389611,5.615806928200315,missing
red2:lane2:snr12.0:seed4:frame40,12.0,40,profiled_cz,5,false,false,true,missing,false,true,gradient_only,1,43,0,0.6268076307437596,2.4778432829671946,missing
red2:lane2:snr12.0:seed4:frame41,12.0,41,profiled_cz,4,false,false,true,missing,false,true,gradient_only,1,40,0,1.8830908459050633,3.2973942745815292,missing
red2:lane2:snr12.0:seed4:frame42,12.0,42,profiled_cz,1,false,false,true,missing,false,true,gradient_only,1,19,0,0.481445975320376,1.4505116144657033,missing
red2:lane2:snr12.0:seed4:frame43,12.0,43,profiled_cz,352,false,false,false,missing,false,true,gradient_only,5,1817,1252,1.4275461888581518,18.74459525158939,missing
red2:lane2:snr12.0:seed4:frame44,12.0,44,profiled_cz,3,false,false,false,missing,false,true,gradient_only,1,44,8,0.7507838759237776,4.669321565168931,missing
red2:lane2:snr12.0:seed4:frame45,12.0,45,profiled_cz,4,false,false,true,missing,false,true,gradient_only,1,26,0,0.7048811936522258,1.961129056492919,missing
red2:lane2:snr12.0:seed4:frame46,12.0,46,profiled_cz,6,false,false,false,missing,false,true,gradient_only,1,106,13,0.6218442835052176,3.6578419372990716,missing
red2:lane2:snr12.0:seed4:frame47,12.0,47,profiled_cz,92,false,false,false,missing,false,true,gradient_only,1,704,26,0.8013149495900553,2.7259634276219136,missing
red2:lane2:snr12.0:seed4:frame48,12.0,48,profiled_cz,220,false,false,false,missing,false,true,gradient_only,5,1636,611,0.9837054526812883,3.4330446555493763,missing
red2:lane2:snr12.0:seed4:frame49,12.0,49,profiled_cz,148,false,false,false,missing,false,true,gradient_only,1,1266,244,0.6765473435429871,2.7391020952352285,missing
red2:lane2:snr12.0:seed4:frame50,12.0,50,profiled_cz,0,true,false,true,missing,false,true,gradient_only,1,19,0,0.46474753881996417,1.6227177247662175,missing
red2:lane2:snr12.0:seed4:frame51,12.0,51,profiled_cz,6,false,false,true,missing,false,true,gradient_only,1,38,0,1.1212935419488221,2.4027435410787352,missing
red2:lane2:snr12.0:seed4:frame52,12.0,52,profiled_cz,26,false,false,false,missing,false,true,gradient_only,1,143,14,3.693894904502458,2.648432592479211,missing
red2:lane2:snr12.0:seed4:frame53,12.0,53,profiled_cz,3,false,false,true,missing,false,true,gradient_only,1,32,0,1.4545292979823339,2.573857228078214,missing
red2:lane2:snr12.0:seed4:frame54,12.0,54,profiled_cz,18,false,false,false,missing,false,true,gradient_only,1,160,19,1.1112767093814,3.2561047716555778,missing
red2:lane2:snr12.0:seed4:frame55,12.0,55,profiled_cz,4,false,false,false,missing,false,true,gradient_only,1,47,4,1.483377245520957,2.6178373503632155,missing
red2:lane2:snr12.0:seed4:frame56,12.0,56,profiled_cz,3,false,false,true,missing,false,true,gradient_only,1,23,0,3.0129777918261,1.808543537117962,missing
red2:lane2:snr12.0:seed4:frame57,12.0,57,profiled_cz,1,false,false,true,missing,false,true,gradient_only,1,26,0,1.2891535223096071,1.7982655733404893,missing
red2:lane2:snr12.0:seed4:frame58,12.0,58,profiled_cz,5,false,false,true,missing,false,true,gradient_only,1,52,0,1.3781531524827004,3.277658857553628,missing
red2:lane2:snr12.0:seed4:frame59,12.0,59,profiled_cz,6,false,false,true,missing,false,true,gradient_only,1,33,0,0.6243344255315275,3.4075235245003115,missing
red2:lane2:snr12.0:seed4:frame60,12.0,60,profiled_cz,226,false,false,false,missing,false,true,gradient_only,5,1525,455,0.895281799656622,3.6340017803699562,missing
red2:lane2:snr14.0:seed4:frame1,14.0,1,cwz_joint,2,false,false,true,missing,false,true,gradient_only,8,27,0,0.5553551535820468,26.040736229704954,missing
red2:lane2:snr14.0:seed4:frame2,14.0,2,cwz_joint,0,true,false,true,missing,false,true,gradient_only,8,20,0,0.41579196607181274,21.022388342194795,missing
red2:lane2:snr14.0:seed4:frame3,14.0,3,cwz_joint,7,false,false,true,missing,false,true,gradient_only,8,44,0,0.7879085767298224,34.60593639149473,missing
red2:lane2:snr14.0:seed4:frame4,14.0,4,cwz_joint,0,true,false,true,missing,false,true,gradient_only,8,18,0,0.5449685077335171,23.89950402927749,missing
red2:lane2:snr14.0:seed4:frame5,14.0,5,cwz_joint,3,false,false,true,missing,false,true,gradient_only,8,23,0,0.6234838089570516,23.413045148050752,missing
red2:lane2:snr14.0:seed4:frame6,14.0,6,cwz_joint,1,false,false,true,missing,false,true,gradient_only,8,12,0,1.1901223483910819,27.27551183644166,missing
red2:lane2:snr14.0:seed4:frame7,14.0,7,cwz_joint,0,true,false,true,missing,false,true,gradient_only,8,11,0,0.4368052649307081,18.55652948829345,missing
red2:lane2:snr14.0:seed4:frame8,14.0,8,cwz_joint,3,false,false,true,missing,false,true,gradient_only,8,31,0,1.0894897980624543,30.191877477277718,missing
red2:lane2:snr14.0:seed4:frame9,14.0,9,cwz_joint,6,false,false,true,missing,false,true,gradient_only,8,31,0,0.5100404342419207,25.99915827957975,missing
red2:lane2:snr14.0:seed4:frame10,14.0,10,cwz_joint,1,false,false,true,missing,false,true,gradient_only,8,17,0,0.9066089129332476,22.232913975963942,missing
red2:lane2:snr14.0:seed4:frame11,14.0,11,cwz_joint,1,false,false,true,missing,false,true,gradient_only,8,10,0,0.8419081105561492,27.814093280610376,missing
red2:lane2:snr14.0:seed4:frame12,14.0,12,cwz_joint,1,false,false,true,missing,false,true,gradient_only,8,26,0,6.917402237175318,22.748003234110012,missing
red2:lane2:snr14.0:seed4:frame13,14.0,13,cwz_joint,1,false,false,true,missing,false,true,gradient_only,8,18,0,0.4398068012341014,28.225002502744832,missing
red2:lane2:snr14.0:seed4:frame14,14.0,14,cwz_joint,3,false,false,true,missing,false,true,gradient_only,8,31,0,0.8033868416758023,29.134555910609375,missing
red2:lane2:snr14.0:seed4:frame15,14.0,15,cwz_joint,0,true,false,true,missing,false,true,gradient_only,8,23,0,1.2974423270068065,20.212482394430236,missing
red2:lane2:snr14.0:seed4:frame16,14.0,16,cwz_joint,3,false,false,true,missing,false,true,gradient_only,8,26,0,0.48820535356488914,24.888104626800903,missing
red2:lane2:snr14.0:seed4:frame17,14.0,17,cwz_joint,1,false,false,true,missing,false,true,gradient_only,8,33,0,0.8189929719156681,21.48063854594077,missing
red2:lane2:snr14.0:seed4:frame18,14.0,18,cwz_joint,63,false,false,true,missing,false,true,gradient_only,8,622,0,0.6192625883553614,31.85673311210466,missing
red2:lane2:snr14.0:seed4:frame19,14.0,19,cwz_joint,2,false,false,true,missing,false,true,gradient_only,8,27,0,4.379782382415618,27.112457359676398,missing
red2:lane2:snr14.0:seed4:frame20,14.0,20,cwz_joint,3,false,false,true,missing,false,true,gradient_only,8,49,0,0.4680218549376144,23.780333682453183,missing
red2:lane2:snr14.0:seed4:frame21,14.0,21,cwz_joint,3,false,false,true,missing,false,true,gradient_only,8,23,0,0.7004096917348892,25.354222729771273,missing
red2:lane2:snr14.0:seed4:frame22,14.0,22,cwz_joint,2,false,false,true,missing,false,true,gradient_only,8,17,0,0.7350261047145857,23.87225184851907,missing
red2:lane2:snr14.0:seed4:frame23,14.0,23,cwz_joint,62,false,false,true,missing,false,true,gradient_only,8,1114,0,0.6823605556459279,28.359923840762956,missing
red2:lane2:snr14.0:seed4:frame24,14.0,24,cwz_joint,49,false,false,true,missing,false,true,gradient_only,8,324,0,0.701819277852081,43.21788721664902,missing
red2:lane2:snr14.0:seed4:frame25,14.0,25,cwz_joint,0,true,false,true,missing,false,true,gradient_only,8,18,0,0.5895069798873808,24.082383564148586,missing
red2:lane2:snr14.0:seed4:frame26,14.0,26,cwz_joint,2,false,false,true,missing,false,true,gradient_only,8,12,0,0.363121050869427,23.624358365268844,missing
red2:lane2:snr14.0:seed4:frame27,14.0,27,cwz_joint,7,false,false,true,missing,false,true,gradient_only,8,28,0,0.9008564642759512,26.435723682403417,missing
red2:lane2:snr14.0:seed4:frame28,14.0,28,cwz_joint,4,false,false,true,missing,false,true,gradient_only,8,37,0,0.5963886717586369,297.016500044261,missing
red2:lane2:snr14.0:seed4:frame29,14.0,29,cwz_joint,3,false,false,true,missing,false,true,gradient_only,8,23,0,0.5992249748066233,24.67049321782155,missing
red2:lane2:snr14.0:seed4:frame30,14.0,30,cwz_joint,0,true,false,true,missing,false,true,gradient_only,8,22,0,0.49003062509426937,19.959748566380096,missing
red2:lane2:snr14.0:seed4:frame31,14.0,31,cwz_joint,26,false,false,true,missing,false,true,gradient_only,8,127,0,0.7270739577894355,24.038543384979437,missing
red2:lane2:snr14.0:seed4:frame32,14.0,32,cwz_joint,3,false,false,true,missing,false,true,gradient_only,8,37,0,0.8057396362116517,31.899962753948365,missing
red2:lane2:snr14.0:seed4:frame33,14.0,33,cwz_joint,14,false,false,true,missing,false,true,gradient_only,8,119,0,0.7009403177245296,26.926189496530167,missing
red2:lane2:snr14.0:seed4:frame34,14.0,34,cwz_joint,7,false,false,true,missing,false,true,gradient_only,8,58,0,0.6886498119276074,27.026412301706948,missing
red2:lane2:snr14.0:seed4:frame35,14.0,35,cwz_joint,29,false,false,true,missing,false,true,gradient_only,8,289,0,0.9796005648089606,28.75663795730901,missing
red2:lane2:snr14.0:seed4:frame36,14.0,36,cwz_joint,1,false,false,true,missing,false,true,gradient_only,8,21,0,0.6059232958197011,23.68694032490925,missing
red2:lane2:snr14.0:seed4:frame37,14.0,37,cwz_joint,5,false,false,true,missing,false,true,gradient_only,8,38,0,2.3025559287976844,26.013631262331693,missing
red2:lane2:snr14.0:seed4:frame38,14.0,38,cwz_joint,2,false,false,true,missing,false,true,gradient_only,8,37,0,2.991826515051804,24.549396563346324,missing
red2:lane2:snr14.0:seed4:frame39,14.0,39,cwz_joint,0,true,false,true,missing,false,true,gradient_only,8,16,0,0.6918726982131305,26.910367865636083,missing
red2:lane2:snr14.0:seed4:frame40,14.0,40,cwz_joint,1,false,false,true,missing,false,true,gradient_only,8,23,0,156.85884635876195,21.158429229795008,missing
red2:lane2:snr14.0:seed4:frame41,14.0,41,cwz_joint,2,false,false,true,missing,false,true,gradient_only,8,29,0,1.1118138675129978,28.218562196316523,missing
red2:lane2:snr14.0:seed4:frame42,14.0,42,cwz_joint,0,true,false,true,missing,false,true,gradient_only,8,12,0,0.5709261271672391,19.755252301789632,missing
red2:lane2:snr14.0:seed4:frame43,14.0,43,cwz_joint,71,false,false,true,missing,false,true,gradient_only,8,755,0,0.7489664783829103,425.02944800429907,missing
red2:lane2:snr14.0:seed4:frame44,14.0,44,cwz_joint,3,false,false,true,missing,false,true,gradient_only,8,25,0,0.5489736852498088,26.12186899607889,missing
red2:lane2:snr14.0:seed4:frame45,14.0,45,cwz_joint,0,true,false,true,missing,false,true,gradient_only,8,17,0,0.8887873527128616,20.98770068993471,missing
red2:lane2:snr14.0:seed4:frame46,14.0,46,cwz_joint,3,false,false,true,missing,false,true,gradient_only,8,31,0,0.7763348051526939,26.211411237614236,missing
red2:lane2:snr14.0:seed4:frame47,14.0,47,cwz_joint,3,false,false,true,missing,false,true,gradient_only,8,25,0,0.5691487938861464,25.553294344778962,missing
red2:lane2:snr14.0:seed4:frame48,14.0,48,cwz_joint,45,false,false,true,missing,false,true,gradient_only,8,462,0,1.1607400719685488,31.594811146990345,missing
red2:lane2:snr14.0:seed4:frame49,14.0,49,cwz_joint,7,false,false,true,missing,false,true,gradient_only,8,77,0,10.555695775894971,25.836725447167584,missing
red2:lane2:snr14.0:seed4:frame50,14.0,50,cwz_joint,0,true,false,true,missing,false,true,gradient_only,8,14,0,1.1601115365513333,12.012009407158965,missing
red2:lane2:snr14.0:seed4:frame51,14.0,51,cwz_joint,5,false,false,true,missing,false,true,gradient_only,8,42,0,0.7450973708177098,25.333040463638547,missing
red2:lane2:snr14.0:seed4:frame52,14.0,52,cwz_joint,7,false,false,true,missing,false,true,gradient_only,8,44,0,3.4295553206860547,30.990203813697086,missing
red2:lane2:snr14.0:seed4:frame53,14.0,53,cwz_joint,0,true,false,true,missing,false,true,gradient_only,8,16,0,0.6003520652030575,23.336370767016806,missing
red2:lane2:snr14.0:seed4:frame54,14.0,54,cwz_joint,5,false,false,true,missing,false,true,gradient_only,8,44,0,0.9669951005830189,30.959016155119006,missing
red2:lane2:snr14.0:seed4:frame55,14.0,55,cwz_joint,2,false,false,true,missing,false,true,gradient_only,8,20,0,0.5994700528953925,21.48482704900793,missing
red2:lane2:snr14.0:seed4:frame56,14.0,56,cwz_joint,1,false,false,true,missing,false,true,gradient_only,8,18,0,0.5977268880801166,13.730876751620642,missing
red2:lane2:snr14.0:seed4:frame57,14.0,57,cwz_joint,1,false,false,true,missing,false,true,gradient_only,8,16,0,0.5897442491930952,18.21153311149995,missing
red2:lane2:snr14.0:seed4:frame58,14.0,58,cwz_joint,3,false,false,true,missing,false,true,gradient_only,8,27,0,0.8412059341215424,24.050612421709136,missing
red2:lane2:snr14.0:seed4:frame59,14.0,59,cwz_joint,3,false,false,true,missing,false,true,gradient_only,8,27,0,0.5682356412615726,27.593603879714482,missing
red2:lane2:snr14.0:seed4:frame60,14.0,60,cwz_joint,54,false,false,true,missing,false,true,gradient_only,8,562,0,0.5348018722193305,28.399394569159767,missing
red2:lane2:snr14.0:seed4:frame1,14.0,1,profiled_cz,2,false,false,true,missing,false,true,gradient_only,1,27,0,0.5553551535820468,1.4897685376640175,missing
red2:lane2:snr14.0:seed4:frame2,14.0,2,profiled_cz,0,true,false,true,missing,false,true,gradient_only,1,20,0,0.41579196607181274,1.3302704374086791,missing
red2:lane2:snr14.0:seed4:frame3,14.0,3,profiled_cz,7,false,false,true,missing,false,true,gradient_only,1,44,0,0.7879085767298224,3.0425148440780947,missing
red2:lane2:snr14.0:seed4:frame4,14.0,4,profiled_cz,0,true,false,true,missing,false,true,gradient_only,1,18,0,0.5449685077335171,2.4901589298321167,missing
red2:lane2:snr14.0:seed4:frame5,14.0,5,profiled_cz,3,false,false,false,missing,false,true,gradient_only,1,23,5,0.6234838089570516,1.7498343050886858,missing
red2:lane2:snr14.0:seed4:frame6,14.0,6,profiled_cz,1,false,false,true,missing,false,true,gradient_only,1,12,0,1.1901223483910819,2.108620417290043,missing
red2:lane2:snr14.0:seed4:frame7,14.0,7,profiled_cz,0,true,false,true,missing,false,true,gradient_only,1,11,0,0.4368052649307081,1.9859596733490061,missing
red2:lane2:snr14.0:seed4:frame8,14.0,8,profiled_cz,3,false,false,true,missing,false,true,gradient_only,1,31,0,1.0894897980624543,2.4430072904888416,missing
red2:lane2:snr14.0:seed4:frame9,14.0,9,profiled_cz,6,false,false,false,missing,false,true,gradient_only,1,31,4,0.5100404342419207,2.38252083281194,missing
red2:lane2:snr14.0:seed4:frame10,14.0,10,profiled_cz,1,false,false,true,missing,false,true,gradient_only,1,17,0,0.9066089129332476,2.63755750425849,missing
red2:lane2:snr14.0:seed4:frame11,14.0,11,profiled_cz,1,false,false,true,missing,false,true,gradient_only,1,10,0,0.8419081105561492,1.8336660324772356,missing
red2:lane2:snr14.0:seed4:frame12,14.0,12,profiled_cz,1,false,false,true,missing,false,true,gradient_only,1,26,0,6.917402237175318,1.9846235341092835,missing
red2:lane2:snr14.0:seed4:frame13,14.0,13,profiled_cz,1,false,false,true,missing,false,true,gradient_only,1,18,0,0.4398068012341014,2.836973454701912,missing
red2:lane2:snr14.0:seed4:frame14,14.0,14,profiled_cz,3,false,false,true,missing,false,true,gradient_only,1,31,0,0.8033868416758023,2.8102835898337606,missing
red2:lane2:snr14.0:seed4:frame15,14.0,15,profiled_cz,0,true,false,true,missing,false,true,gradient_only,1,23,0,1.2974423270068065,1.3624880674985722,missing
red2:lane2:snr14.0:seed4:frame16,14.0,16,profiled_cz,3,false,false,true,missing,false,true,gradient_only,1,26,0,0.48820535356488914,2.7225196303135997,missing
red2:lane2:snr14.0:seed4:frame17,14.0,17,profiled_cz,1,false,false,true,missing,false,true,gradient_only,1,33,0,0.8189929719156681,2.688113204933385,missing
red2:lane2:snr14.0:seed4:frame18,14.0,18,profiled_cz,63,false,false,false,missing,false,true,gradient_only,1,622,58,0.6192625883553614,3.566788197031171,missing
red2:lane2:snr14.0:seed4:frame19,14.0,19,profiled_cz,2,false,false,true,missing,false,true,gradient_only,1,27,0,4.379782382415618,3.2347679972023915,missing
red2:lane2:snr14.0:seed4:frame20,14.0,20,profiled_cz,3,false,false,false,missing,false,true,gradient_only,1,49,5,0.4680218549376144,3.08734390844362,missing
red2:lane2:snr14.0:seed4:frame21,14.0,21,profiled_cz,3,false,false,true,missing,false,true,gradient_only,1,23,0,0.7004096917348892,2.9331690024190915,missing
red2:lane2:snr14.0:seed4:frame22,14.0,22,profiled_cz,2,false,false,true,missing,false,true,gradient_only,1,17,0,0.7350261047145857,1.9494256886687438,missing
red2:lane2:snr14.0:seed4:frame23,14.0,23,profiled_cz,62,false,false,false,missing,false,true,gradient_only,1,1114,77,0.6823605556459279,4.129229972499074,missing
red2:lane2:snr14.0:seed4:frame24,14.0,24,profiled_cz,49,false,false,false,missing,false,true,gradient_only,1,324,9,0.701819277852081,7.449378882350028,missing
red2:lane2:snr14.0:seed4:frame25,14.0,25,profiled_cz,0,true,false,true,missing,false,true,gradient_only,1,18,0,0.5895069798873808,1.681840925367075,missing
red2:lane2:snr14.0:seed4:frame26,14.0,26,profiled_cz,2,false,false,true,missing,false,true,gradient_only,1,12,0,0.363121050869427,2.1096040911712053,missing
red2:lane2:snr14.0:seed4:frame27,14.0,27,profiled_cz,7,false,false,true,missing,false,true,gradient_only,1,28,0,0.9008564642759512,3.2651715259722724,missing
red2:lane2:snr14.0:seed4:frame28,14.0,28,profiled_cz,4,false,false,true,missing,false,true,gradient_only,1,37,0,0.5963886717586369,15.06159126979441,missing
red2:lane2:snr14.0:seed4:frame29,14.0,29,profiled_cz,3,false,false,true,missing,false,true,gradient_only,1,23,0,0.5992249748066233,1.60251508908368,missing
red2:lane2:snr14.0:seed4:frame30,14.0,30,profiled_cz,0,true,false,true,missing,false,true,gradient_only,1,22,0,0.49003062509426937,3.3030632933214497,missing
red2:lane2:snr14.0:seed4:frame31,14.0,31,profiled_cz,26,false,false,true,missing,false,true,gradient_only,1,127,0,0.7270739577894355,2.9912055155900554,missing
red2:lane2:snr14.0:seed4:frame32,14.0,32,profiled_cz,3,false,false,false,missing,false,true,gradient_only,1,37,8,0.8057396362116517,4.676361532507276,missing
red2:lane2:snr14.0:seed4:frame33,14.0,33,profiled_cz,14,false,false,true,missing,false,true,gradient_only,1,119,0,0.7009403177245296,3.3200353397412297,missing
red2:lane2:snr14.0:seed4:frame34,14.0,34,profiled_cz,7,false,false,false,missing,false,true,gradient_only,1,58,7,0.6886498119276074,3.175819759531576,missing
red2:lane2:snr14.0:seed4:frame35,14.0,35,profiled_cz,29,false,false,true,missing,false,true,gradient_only,1,289,0,0.9796005648089606,3.5883718055502896,missing
red2:lane2:snr14.0:seed4:frame36,14.0,36,profiled_cz,1,false,false,true,missing,false,true,gradient_only,1,21,0,0.6059232958197011,2.5386786521982803,missing
red2:lane2:snr14.0:seed4:frame37,14.0,37,profiled_cz,5,false,false,true,missing,false,true,gradient_only,1,38,0,2.3025559287976844,3.087656216298787,missing
red2:lane2:snr14.0:seed4:frame38,14.0,38,profiled_cz,2,false,false,true,missing,false,true,gradient_only,1,37,0,2.991826515051804,2.1116145016265193,missing
red2:lane2:snr14.0:seed4:frame39,14.0,39,profiled_cz,0,true,false,true,missing,false,true,gradient_only,1,16,0,0.6918726982131305,3.648106129924364,missing
red2:lane2:snr14.0:seed4:frame40,14.0,40,profiled_cz,1,false,false,true,missing,false,true,gradient_only,1,23,0,156.85884635876195,2.278272957052005,missing
red2:lane2:snr14.0:seed4:frame41,14.0,41,profiled_cz,2,false,false,false,missing,false,true,gradient_only,1,29,5,1.1118138675129978,2.9269929126208463,missing
red2:lane2:snr14.0:seed4:frame42,14.0,42,profiled_cz,0,true,false,true,missing,false,true,gradient_only,1,12,0,0.5709261271672391,1.2882197800618664,missing
red2:lane2:snr14.0:seed4:frame43,14.0,43,profiled_cz,71,false,false,false,missing,false,true,gradient_only,1,755,89,0.7489664783829103,22.14959967073519,missing
red2:lane2:snr14.0:seed4:frame44,14.0,44,profiled_cz,3,false,false,true,missing,false,true,gradient_only,1,25,0,0.5489736852498088,4.046002370979962,missing
red2:lane2:snr14.0:seed4:frame45,14.0,45,profiled_cz,0,true,false,true,missing,false,true,gradient_only,1,17,0,0.8887873527128616,1.6932233276730626,missing
red2:lane2:snr14.0:seed4:frame46,14.0,46,profiled_cz,3,false,false,true,missing,false,true,gradient_only,1,31,0,0.7763348051526939,3.420239211347728,missing
red2:lane2:snr14.0:seed4:frame47,14.0,47,profiled_cz,3,false,false,true,missing,false,true,gradient_only,1,25,0,0.5691487938861464,2.0948025628444626,missing
red2:lane2:snr14.0:seed4:frame48,14.0,48,profiled_cz,45,false,false,false,missing,false,true,gradient_only,1,462,21,1.1607400719685488,3.295687567737874,missing
red2:lane2:snr14.0:seed4:frame49,14.0,49,profiled_cz,7,false,false,true,missing,false,true,gradient_only,1,77,0,10.555695775894971,3.076242217198455,missing
red2:lane2:snr14.0:seed4:frame50,14.0,50,profiled_cz,0,true,false,true,missing,false,true,gradient_only,1,14,0,1.1601115365513333,1.3234606413899317,missing
red2:lane2:snr14.0:seed4:frame51,14.0,51,profiled_cz,5,false,false,false,missing,false,true,gradient_only,1,42,5,0.7450973708177098,2.0733210138373592,missing
red2:lane2:snr14.0:seed4:frame52,14.0,52,profiled_cz,7,false,false,false,missing,false,true,gradient_only,1,44,4,3.4295553206860547,2.3156012867354723,missing
red2:lane2:snr14.0:seed4:frame53,14.0,53,profiled_cz,0,true,false,true,missing,false,true,gradient_only,1,16,0,0.6003520652030575,2.4616765298081833,missing
red2:lane2:snr14.0:seed4:frame54,14.0,54,profiled_cz,5,false,false,false,missing,false,true,gradient_only,1,44,2,0.9669951005830189,3.455582122374496,missing
red2:lane2:snr14.0:seed4:frame55,14.0,55,profiled_cz,2,false,false,true,missing,false,true,gradient_only,1,20,0,0.5994700528953925,2.551130198826038,missing
red2:lane2:snr14.0:seed4:frame56,14.0,56,profiled_cz,1,false,false,true,missing,false,true,gradient_only,1,18,0,0.5977268880801166,1.6106626616627697,missing
red2:lane2:snr14.0:seed4:frame57,14.0,57,profiled_cz,1,false,false,true,missing,false,true,gradient_only,1,16,0,0.5897442491930952,1.592624194826938,missing
red2:lane2:snr14.0:seed4:frame58,14.0,58,profiled_cz,3,false,false,true,missing,false,true,gradient_only,1,27,0,0.8412059341215424,2.9379431858989165,missing
red2:lane2:snr14.0:seed4:frame59,14.0,59,profiled_cz,3,false,false,false,missing,false,true,gradient_only,1,27,4,0.5682356412615726,3.231625160042511,missing
red2:lane2:snr14.0:seed4:frame60,14.0,60,profiled_cz,54,false,false,false,missing,false,true,gradient_only,1,562,35,0.5348018722193305,3.5742310494885414,missing
red2:lane2:snr16.0:seed4:frame1,16.0,1,cwz_joint,1,false,false,true,missing,false,true,gradient_only,8,16,0,0.5522105764819815,23.266973833306317,missing
red2:lane2:snr16.0:seed4:frame2,16.0,2,cwz_joint,0,true,false,true,missing,false,true,gradient_only,8,16,0,0.3912513413058896,20.20919289346157,missing
red2:lane2:snr16.0:seed4:frame3,16.0,3,cwz_joint,3,false,false,true,missing,false,true,gradient_only,8,22,0,0.9536492661739427,30.654652703946493,missing
red2:lane2:snr16.0:seed4:frame4,16.0,4,cwz_joint,0,true,false,true,missing,false,true,gradient_only,8,12,0,0.4931617185389029,21.382050671126702,missing
red2:lane2:snr16.0:seed4:frame5,16.0,5,cwz_joint,1,false,false,true,missing,false,true,gradient_only,8,21,0,0.3404614584998997,21.883266318678036,missing
red2:lane2:snr16.0:seed4:frame6,16.0,6,cwz_joint,0,true,false,true,missing,false,true,gradient_only,8,11,0,0.5450800266150259,26.120199723823184,missing
red2:lane2:snr16.0:seed4:frame7,16.0,7,cwz_joint,0,true,false,true,missing,false,true,gradient_only,8,8,0,0.7990911653372476,17.395914195947952,missing
red2:lane2:snr16.0:seed4:frame8,16.0,8,cwz_joint,1,false,false,true,missing,false,true,gradient_only,8,34,0,0.5420510899111286,28.578262973000374,missing
red2:lane2:snr16.0:seed4:frame9,16.0,9,cwz_joint,1,false,false,true,missing,false,true,gradient_only,8,25,0,5.196757899389272,24.522909150853753,missing
red2:lane2:snr16.0:seed4:frame10,16.0,10,cwz_joint,1,false,false,true,missing,false,true,gradient_only,8,12,0,0.4422043162461869,21.052175556386544,missing
red2:lane2:snr16.0:seed4:frame11,16.0,11,cwz_joint,0,true,false,true,missing,false,true,gradient_only,8,14,0,0.659789321317169,25.192314023541883,missing
red2:lane2:snr16.0:seed4:frame12,16.0,12,cwz_joint,1,false,false,true,missing,false,true,gradient_only,8,23,0,0.8802236878139689,20.82302999356691,missing
red2:lane2:snr16.0:seed4:frame13,16.0,13,cwz_joint,1,false,false,true,missing,false,true,gradient_only,8,15,0,0.5033863898164606,27.30639800963519,missing
red2:lane2:snr16.0:seed4:frame14,16.0,14,cwz_joint,4,false,false,true,missing,false,true,gradient_only,8,21,0,0.8118015142825598,28.371095177983296,missing
red2:lane2:snr16.0:seed4:frame15,16.0,15,cwz_joint,0,true,false,true,missing,false,true,gradient_only,8,18,0,0.8425381192301565,19.273471782781012,missing
red2:lane2:snr16.0:seed4:frame16,16.0,16,cwz_joint,2,false,false,true,missing,false,true,gradient_only,8,13,0,0.5122362816493965,23.240799163943773,missing
red2:lane2:snr16.0:seed4:frame17,16.0,17,cwz_joint,1,false,false,true,missing,false,true,gradient_only,8,30,0,3.9676126109242364,19.98558204334085,missing
red2:lane2:snr16.0:seed4:frame18,16.0,18,cwz_joint,11,false,false,true,missing,false,true,gradient_only,8,62,0,0.842085554045995,29.050663103945674,missing
red2:lane2:snr16.0:seed4:frame19,16.0,19,cwz_joint,2,false,false,true,missing,false,true,gradient_only,8,34,0,0.4060305328551531,25.518354195050044,missing
red2:lane2:snr16.0:seed4:frame20,16.0,20,cwz_joint,1,false,false,true,missing,false,true,gradient_only,8,24,0,0.6017239065352847,21.760994350212574,missing
red2:lane2:snr16.0:seed4:frame21,16.0,21,cwz_joint,0,true,false,true,missing,false,true,gradient_only,8,17,0,0.36845410653312316,23.84601340104656,missing
red2:lane2:snr16.0:seed4:frame22,16.0,22,cwz_joint,1,false,false,true,missing,false,true,gradient_only,8,9,0,0.5041866337710684,22.624913972336653,missing
red2:lane2:snr16.0:seed4:frame23,16.0,23,cwz_joint,3,false,false,true,missing,false,true,gradient_only,8,26,0,0.4316088009175951,27.82670031712863,missing
red2:lane2:snr16.0:seed4:frame24,16.0,24,cwz_joint,10,false,false,true,missing,false,true,gradient_only,8,118,0,0.8893826472853797,44.044540880025686,missing
red2:lane2:snr16.0:seed4:frame25,16.0,25,cwz_joint,0,true,false,true,missing,false,true,gradient_only,8,17,0,0.38173973429454766,22.859580209660944,missing
red2:lane2:snr16.0:seed4:frame26,16.0,26,cwz_joint,2,false,false,true,missing,false,true,gradient_only,8,12,0,0.3530766307339004,23.195525912098564,missing
red2:lane2:snr16.0:seed4:frame27,16.0,27,cwz_joint,4,false,false,true,missing,false,true,gradient_only,8,24,0,0.8322910538659045,24.199593946348227,missing
red2:lane2:snr16.0:seed4:frame28,16.0,28,cwz_joint,3,false,false,true,missing,false,true,gradient_only,8,20,0,0.8267268166607279,228.77403145885503,missing
red2:lane2:snr16.0:seed4:frame29,16.0,29,cwz_joint,1,false,false,true,missing,false,true,gradient_only,8,13,0,0.9600527038072484,23.448168826368786,missing
red2:lane2:snr16.0:seed4:frame30,16.0,30,cwz_joint,0,true,false,true,missing,false,true,gradient_only,8,16,0,0.3515380170676309,19.53676060822797,missing
red2:lane2:snr16.0:seed4:frame31,16.0,31,cwz_joint,7,false,false,true,missing,false,true,gradient_only,8,51,0,0.709425925807688,23.419057043832495,missing
red2:lane2:snr16.0:seed4:frame32,16.0,32,cwz_joint,1,false,false,true,missing,false,true,gradient_only,8,20,0,0.7587441015190525,29.335599720163874,missing
red2:lane2:snr16.0:seed4:frame33,16.0,33,cwz_joint,3,false,false,true,missing,false,true,gradient_only,8,32,0,0.5293546884112085,26.152443890942664,missing
red2:lane2:snr16.0:seed4:frame34,16.0,34,cwz_joint,3,false,false,true,missing,false,true,gradient_only,8,32,0,0.4344867786819326,26.27651966861365,missing
red2:lane2:snr16.0:seed4:frame35,16.0,35,cwz_joint,3,false,false,true,missing,false,true,gradient_only,8,36,0,0.5213408169145048,26.682790763729184,missing
red2:lane2:snr16.0:seed4:frame36,16.0,36,cwz_joint,0,true,false,true,missing,false,true,gradient_only,8,19,0,0.5421959204823203,23.299553413130166,missing
red2:lane2:snr16.0:seed4:frame37,16.0,37,cwz_joint,2,false,false,true,missing,false,true,gradient_only,8,17,0,0.6188963079114257,24.55195351385288,missing
red2:lane2:snr16.0:seed4:frame38,16.0,38,cwz_joint,1,false,false,true,missing,false,true,gradient_only,8,21,0,1.5769693332989618,23.003930981827775,missing
red2:lane2:snr16.0:seed4:frame39,16.0,39,cwz_joint,0,true,false,true,missing,false,true,gradient_only,8,24,0,0.6135597770783066,25.090224883665925,missing
red2:lane2:snr16.0:seed4:frame40,16.0,40,cwz_joint,0,true,false,true,missing,false,true,gradient_only,8,14,0,0.7447690214602141,20.268242643014908,missing
red2:lane2:snr16.0:seed4:frame41,16.0,41,cwz_joint,2,false,false,true,missing,false,true,gradient_only,8,21,0,0.686495154348778,26.82223280271626,missing
red2:lane2:snr16.0:seed4:frame42,16.0,42,cwz_joint,0,true,false,true,missing,false,true,gradient_only,8,7,0,0.4096138182048844,19.079115561807452,missing
red2:lane2:snr16.0:seed4:frame43,16.0,43,cwz_joint,18,false,false,true,missing,false,true,gradient_only,8,89,0,0.6399034609717659,387.1359327234024,missing
red2:lane2:snr16.0:seed4:frame44,16.0,44,cwz_joint,0,true,false,true,missing,false,true,gradient_only,8,24,0,0.4076287832055973,25.405675171848138,missing
red2:lane2:snr16.0:seed4:frame45,16.0,45,cwz_joint,0,true,false,true,missing,false,true,gradient_only,8,13,0,0.6981624078829121,19.774315927093035,missing
red2:lane2:snr16.0:seed4:frame46,16.0,46,cwz_joint,1,false,false,true,missing,false,true,gradient_only,8,25,0,0.4757809975259561,25.46174024542175,missing
red2:lane2:snr16.0:seed4:frame47,16.0,47,cwz_joint,0,true,false,true,missing,false,true,gradient_only,8,15,0,0.5014083670454974,23.919438584814277,missing
red2:lane2:snr16.0:seed4:frame48,16.0,48,cwz_joint,4,false,false,true,missing,false,true,gradient_only,8,24,0,0.5565296764468983,29.688828753402255,missing
red2:lane2:snr16.0:seed4:frame49,16.0,49,cwz_joint,1,false,false,true,missing,false,true,gradient_only,8,25,0,0.8014617252828252,24.910490627068096,missing
red2:lane2:snr16.0:seed4:frame50,16.0,50,cwz_joint,0,true,false,true,missing,false,true,gradient_only,8,11,0,0.3498155947975829,11.42451938528296,missing
red2:lane2:snr16.0:seed4:frame51,16.0,51,cwz_joint,1,false,false,true,missing,false,true,gradient_only,8,20,0,0.8600652863226577,23.839979632489104,missing
red2:lane2:snr16.0:seed4:frame52,16.0,52,cwz_joint,2,false,false,true,missing,false,true,gradient_only,8,28,0,1.7215790402161448,28.449710877010205,missing
red2:lane2:snr16.0:seed4:frame53,16.0,53,cwz_joint,0,true,false,true,missing,false,true,gradient_only,8,17,0,0.37701188629026705,23.062709783754297,missing
red2:lane2:snr16.0:seed4:frame54,16.0,54,cwz_joint,1,false,false,true,missing,false,true,gradient_only,8,16,0,0.7786153715006106,30.003457667022385,missing
red2:lane2:snr16.0:seed4:frame55,16.0,55,cwz_joint,0,true,false,true,missing,false,true,gradient_only,8,17,0,0.4444582650839158,21.083139783874795,missing
red2:lane2:snr16.0:seed4:frame56,16.0,56,cwz_joint,0,true,false,true,missing,false,true,gradient_only,8,12,0,0.5397778750107708,13.422163526591207,missing
red2:lane2:snr16.0:seed4:frame57,16.0,57,cwz_joint,1,false,false,true,missing,false,true,gradient_only,8,11,0,0.5054925237657698,16.933462599828612,missing
red2:lane2:snr16.0:seed4:frame58,16.0,58,cwz_joint,2,false,false,true,missing,false,true,gradient_only,8,13,0,0.564862539996761,22.86208807579137,missing
red2:lane2:snr16.0:seed4:frame59,16.0,59,cwz_joint,2,false,false,true,missing,false,true,gradient_only,8,18,0,0.44189603649368353,25.699811479189172,missing
red2:lane2:snr16.0:seed4:frame60,16.0,60,cwz_joint,3,false,false,true,missing,false,true,gradient_only,8,43,0,2.6884309900593895,28.472452583749746,missing
red2:lane2:snr16.0:seed4:frame1,16.0,1,profiled_cz,1,false,false,true,missing,false,true,gradient_only,1,16,0,0.5522105764819815,1.3152523644732164,missing
red2:lane2:snr16.0:seed4:frame2,16.0,2,profiled_cz,0,true,false,true,missing,false,true,gradient_only,1,16,0,0.3912513413058896,1.2175123129813155,missing
red2:lane2:snr16.0:seed4:frame3,16.0,3,profiled_cz,3,false,false,true,missing,false,true,gradient_only,1,22,0,0.9536492661739427,2.632189780739215,missing
red2:lane2:snr16.0:seed4:frame4,16.0,4,profiled_cz,0,true,false,true,missing,false,true,gradient_only,1,12,0,0.4931617185389029,2.182561945320706,missing
red2:lane2:snr16.0:seed4:frame5,16.0,5,profiled_cz,1,false,false,true,missing,false,true,gradient_only,1,21,0,0.3404614584998997,1.4482810612934205,missing
red2:lane2:snr16.0:seed4:frame6,16.0,6,profiled_cz,0,true,false,true,missing,false,true,gradient_only,1,11,0,0.5450800266150259,1.9077741094207428,missing
red2:lane2:snr16.0:seed4:frame7,16.0,7,profiled_cz,0,true,false,true,missing,false,true,gradient_only,1,8,0,0.7990911653372476,1.778283494682965,missing
red2:lane2:snr16.0:seed4:frame8,16.0,8,profiled_cz,1,false,false,true,missing,false,true,gradient_only,1,34,0,0.5420510899111286,2.232777941670463,missing
red2:lane2:snr16.0:seed4:frame9,16.0,9,profiled_cz,1,false,false,true,missing,false,true,gradient_only,1,25,0,5.196757899389272,2.180769011046207,missing
red2:lane2:snr16.0:seed4:frame10,16.0,10,profiled_cz,1,false,false,true,missing,false,true,gradient_only,1,12,0,0.4422043162461869,2.2966876314131777,missing
red2:lane2:snr16.0:seed4:frame11,16.0,11,profiled_cz,0,true,false,true,missing,false,true,gradient_only,1,14,0,0.659789321317169,1.5056989085084922,missing
red2:lane2:snr16.0:seed4:frame12,16.0,12,profiled_cz,1,false,false,true,missing,false,true,gradient_only,1,23,0,0.8802236878139689,1.732684439739934,missing
red2:lane2:snr16.0:seed4:frame13,16.0,13,profiled_cz,1,false,false,true,missing,false,true,gradient_only,1,15,0,0.5033863898164606,2.7172247842954578,missing
red2:lane2:snr16.0:seed4:frame14,16.0,14,profiled_cz,4,false,false,true,missing,false,true,gradient_only,1,21,0,0.8118015142825598,2.630376143595199,missing
red2:lane2:snr16.0:seed4:frame15,16.0,15,profiled_cz,0,true,false,true,missing,false,true,gradient_only,1,18,0,0.8425381192301565,1.2256145853188383,missing
red2:lane2:snr16.0:seed4:frame16,16.0,16,profiled_cz,2,false,false,true,missing,false,true,gradient_only,1,13,0,0.5122362816493965,2.2090063231020456,missing
red2:lane2:snr16.0:seed4:frame17,16.0,17,profiled_cz,1,false,false,true,missing,false,true,gradient_only,1,30,0,3.9676126109242364,2.3762927740975157,missing
red2:lane2:snr16.0:seed4:frame18,16.0,18,profiled_cz,11,false,false,true,missing,false,true,gradient_only,1,62,0,0.842085554045995,3.0746000466993606,missing
red2:lane2:snr16.0:seed4:frame19,16.0,19,profiled_cz,2,false,false,true,missing,false,true,gradient_only,1,34,0,0.4060305328551531,2.768341693447858,missing
red2:lane2:snr16.0:seed4:frame20,16.0,20,profiled_cz,1,false,false,true,missing,false,true,gradient_only,1,24,0,0.6017239065352847,2.607720948895152,missing
red2:lane2:snr16.0:seed4:frame21,16.0,21,profiled_cz,0,true,false,true,missing,false,true,gradient_only,1,17,0,0.36845410653312316,2.5227294011711026,missing
red2:lane2:snr16.0:seed4:frame22,16.0,22,profiled_cz,1,false,false,true,missing,false,true,gradient_only,1,9,0,0.5041866337710684,1.7444757570310183,missing
red2:lane2:snr16.0:seed4:frame23,16.0,23,profiled_cz,3,false,false,true,missing,false,true,gradient_only,1,26,0,0.4316088009175951,3.3460175972676773,missing
red2:lane2:snr16.0:seed4:frame24,16.0,24,profiled_cz,9,false,false,false,missing,false,true,gradient_only,1,118,4,0.8893826472853797,4.782624794588551,missing
red2:lane2:snr16.0:seed4:frame25,16.0,25,profiled_cz,0,true,false,true,missing,false,true,gradient_only,1,17,0,0.38173973429454766,1.5343188405921666,missing
red2:lane2:snr16.0:seed4:frame26,16.0,26,profiled_cz,2,false,false,true,missing,false,true,gradient_only,1,12,0,0.3530766307339004,1.9520772480512707,missing
red2:lane2:snr16.0:seed4:frame27,16.0,27,profiled_cz,4,false,false,true,missing,false,true,gradient_only,1,24,0,0.8322910538659045,2.819765747138741,missing
red2:lane2:snr16.0:seed4:frame28,16.0,28,profiled_cz,3,false,false,true,missing,false,true,gradient_only,1,20,0,0.8267268166607279,13.13038911348468,missing
red2:lane2:snr16.0:seed4:frame29,16.0,29,profiled_cz,1,false,false,true,missing,false,true,gradient_only,1,13,0,0.9600527038072484,1.4078318652843647,missing
red2:lane2:snr16.0:seed4:frame30,16.0,30,profiled_cz,0,true,false,true,missing,false,true,gradient_only,1,16,0,0.3515380170676309,2.989577001039639,missing
red2:lane2:snr16.0:seed4:frame31,16.0,31,profiled_cz,7,false,false,true,missing,false,true,gradient_only,1,51,0,0.709425925807688,2.7807735171820602,missing
red2:lane2:snr16.0:seed4:frame32,16.0,32,profiled_cz,1,false,false,true,missing,false,true,gradient_only,1,20,0,0.7587441015190525,4.159171897618296,missing
red2:lane2:snr16.0:seed4:frame33,16.0,33,profiled_cz,3,false,false,false,missing,false,true,gradient_only,1,32,4,0.5293546884112085,3.272019255203968,missing
red2:lane2:snr16.0:seed4:frame34,16.0,34,profiled_cz,4,false,false,false,missing,false,true,gradient_only,1,32,5,0.4344867786819326,2.9022162726163234,missing
red2:lane2:snr16.0:seed4:frame35,16.0,35,profiled_cz,3,false,false,true,missing,false,true,gradient_only,1,36,0,0.5213408169145048,3.722194691435047,missing
red2:lane2:snr16.0:seed4:frame36,16.0,36,profiled_cz,0,true,false,true,missing,false,true,gradient_only,1,19,0,0.5421959204823203,2.3201758244720985,missing
red2:lane2:snr16.0:seed4:frame37,16.0,37,profiled_cz,2,false,false,true,missing,false,true,gradient_only,1,17,0,0.6188963079114257,3.0201163541295033,missing
red2:lane2:snr16.0:seed4:frame38,16.0,38,profiled_cz,1,false,false,true,missing,false,true,gradient_only,1,21,0,1.5769693332989618,1.936179696782488,missing
red2:lane2:snr16.0:seed4:frame39,16.0,39,profiled_cz,0,true,false,false,missing,false,true,gradient_only,1,24,3,0.6135597770783066,3.3233683444096047,missing
red2:lane2:snr16.0:seed4:frame40,16.0,40,profiled_cz,0,true,false,true,missing,false,true,gradient_only,1,14,0,0.7447690214602141,2.149506904824612,missing
red2:lane2:snr16.0:seed4:frame41,16.0,41,profiled_cz,2,false,false,true,missing,false,true,gradient_only,1,21,0,0.686495154348778,2.596271568633669,missing
red2:lane2:snr16.0:seed4:frame42,16.0,42,profiled_cz,0,true,false,true,missing,false,true,gradient_only,1,7,0,0.4096138182048844,1.1751352200761231,missing
red2:lane2:snr16.0:seed4:frame43,16.0,43,profiled_cz,18,false,false,false,missing,false,true,gradient_only,1,89,4,0.6399034609717659,14.97428824942987,missing
red2:lane2:snr16.0:seed4:frame44,16.0,44,profiled_cz,0,true,false,true,missing,false,true,gradient_only,1,24,0,0.4076287832055973,3.8559225434770577,missing
red2:lane2:snr16.0:seed4:frame45,16.0,45,profiled_cz,0,true,false,true,missing,false,true,gradient_only,1,13,0,0.6981624078829121,1.510252103486945,missing
red2:lane2:snr16.0:seed4:frame46,16.0,46,profiled_cz,1,false,false,true,missing,false,true,gradient_only,1,25,0,0.4757809975259561,3.1919877031799926,missing
red2:lane2:snr16.0:seed4:frame47,16.0,47,profiled_cz,0,true,false,true,missing,false,true,gradient_only,1,15,0,0.5014083670454974,1.8453165663915765,missing
red2:lane2:snr16.0:seed4:frame48,16.0,48,profiled_cz,4,false,false,true,missing,false,true,gradient_only,1,24,0,0.5565296764468983,4.030308955904423,missing
red2:lane2:snr16.0:seed4:frame49,16.0,49,profiled_cz,1,false,false,true,missing,false,true,gradient_only,1,25,0,0.8014617252828252,3.3153563113695244,missing
red2:lane2:snr16.0:seed4:frame50,16.0,50,profiled_cz,0,true,false,true,missing,false,true,gradient_only,1,11,0,0.3498155947975829,1.1139404956928913,missing
red2:lane2:snr16.0:seed4:frame51,16.0,51,profiled_cz,1,false,false,true,missing,false,true,gradient_only,1,20,0,0.8600652863226577,1.9177195114034276,missing
red2:lane2:snr16.0:seed4:frame52,16.0,52,profiled_cz,2,false,false,true,missing,false,true,gradient_only,1,28,0,1.7215790402161448,2.0519260674291377,missing
red2:lane2:snr16.0:seed4:frame53,16.0,53,profiled_cz,0,true,false,true,missing,false,true,gradient_only,1,17,0,0.37701188629026705,2.4271403447258173,missing
red2:lane2:snr16.0:seed4:frame54,16.0,54,profiled_cz,1,false,false,true,missing,false,true,gradient_only,1,16,0,0.7786153715006106,3.2232128474886954,missing
red2:lane2:snr16.0:seed4:frame55,16.0,55,profiled_cz,0,true,false,true,missing,false,true,gradient_only,1,17,0,0.4444582650839158,2.208794741176665,missing
red2:lane2:snr16.0:seed4:frame56,16.0,56,profiled_cz,0,true,false,true,missing,false,true,gradient_only,1,12,0,0.5397778750107708,1.5255928186182557,missing
red2:lane2:snr16.0:seed4:frame57,16.0,57,profiled_cz,1,false,false,true,missing,false,true,gradient_only,1,11,0,0.5054925237657698,1.4520531959608165,missing
red2:lane2:snr16.0:seed4:frame58,16.0,58,profiled_cz,2,false,false,true,missing,false,true,gradient_only,1,13,0,0.564862539996761,2.634049597319672,missing
red2:lane2:snr16.0:seed4:frame59,16.0,59,profiled_cz,2,false,false,true,missing,false,true,gradient_only,1,18,0,0.44189603649368353,2.9857273590423477,missing
red2:lane2:snr16.0:seed4:frame60,16.0,60,profiled_cz,3,false,false,true,missing,false,true,gradient_only,1,43,0,2.6884309900593895,4.065109663624007,missing
red2:lane2:snr18.0:seed4:frame1,18.0,1,cwz_joint,0,true,false,true,missing,false,true,gradient_only,8,19,0,0.6924417070108204,21.69431328961708,missing
red2:lane2:snr18.0:seed4:frame2,18.0,2,cwz_joint,0,true,false,true,missing,false,true,gradient_only,8,12,0,0.41279706245768844,19.672216928218866,missing
red2:lane2:snr18.0:seed4:frame3,18.0,3,cwz_joint,1,false,false,true,missing,false,true,gradient_only,8,25,0,0.4883731641843347,27.756834188721363,missing
red2:lane2:snr18.0:seed4:frame4,18.0,4,cwz_joint,0,true,false,true,missing,false,true,gradient_only,8,14,0,0.4866939429218384,19.870702946005544,missing
red2:lane2:snr18.0:seed4:frame5,18.0,5,cwz_joint,0,true,false,true,missing,false,true,gradient_only,8,14,0,0.2527269398792286,20.836532040133346,missing
red2:lane2:snr18.0:seed4:frame6,18.0,6,cwz_joint,0,true,false,true,missing,false,true,gradient_only,8,9,0,0.7464560928586892,25.358851269575954,missing
red2:lane2:snr18.0:seed4:frame7,18.0,7,cwz_joint,0,true,false,true,missing,false,true,gradient_only,8,9,0,0.370182951086133,16.574389905763898,missing
red2:lane2:snr18.0:seed4:frame8,18.0,8,cwz_joint,2,false,false,true,missing,false,true,gradient_only,8,23,0,0.42475122024212697,27.550701095348476,missing
red2:lane2:snr18.0:seed4:frame9,18.0,9,cwz_joint,0,true,false,true,missing,false,true,gradient_only,8,13,0,1.20924020952995,23.55313438176109,missing
red2:lane2:snr18.0:seed4:frame10,18.0,10,cwz_joint,5,false,false,true,missing,false,true,gradient_only,8,14,0,0.3010210093017446,20.272237425602686,missing
red2:lane2:snr18.0:seed4:frame11,18.0,11,cwz_joint,0,true,false,true,missing,false,true,gradient_only,8,11,0,0.4521786523230341,23.599897894746157,missing
red2:lane2:snr18.0:seed4:frame12,18.0,12,cwz_joint,0,true,false,true,missing,false,true,gradient_only,8,21,0,7.71391022483966,19.422715756112577,missing
red2:lane2:snr18.0:seed4:frame13,18.0,13,cwz_joint,1,false,false,true,missing,false,true,gradient_only,8,14,0,0.8192255016778922,26.833889826593254,missing
red2:lane2:snr18.0:seed4:frame14,18.0,14,cwz_joint,3,false,false,true,missing,false,true,gradient_only,8,18,0,0.6340937195439992,27.898115271674193,missing
red2:lane2:snr18.0:seed4:frame15,18.0,15,cwz_joint,0,true,false,true,missing,false,true,gradient_only,8,11,0,0.5031831486576601,18.614116346605908,missing
red2:lane2:snr18.0:seed4:frame16,18.0,16,cwz_joint,1,false,false,true,missing,false,true,gradient_only,8,15,0,0.5220015205803202,22.248868625662855,missing
red2:lane2:snr18.0:seed4:frame17,18.0,17,cwz_joint,0,true,false,true,missing,false,true,gradient_only,8,21,0,0.6116708828192466,18.92394512507979,missing
red2:lane2:snr18.0:seed4:frame18,18.0,18,cwz_joint,10,false,false,true,missing,false,true,gradient_only,8,52,0,1.0601132778363147,27.20683972317017,missing
red2:lane2:snr18.0:seed4:frame19,18.0,19,cwz_joint,1,false,false,true,missing,false,true,gradient_only,8,18,0,1.0225890122017365,24.19189540868439,missing
red2:lane2:snr18.0:seed4:frame20,18.0,20,cwz_joint,0,true,false,true,missing,false,true,gradient_only,8,14,0,0.3712530079300442,20.390131619872953,missing
red2:lane2:snr18.0:seed4:frame21,18.0,21,cwz_joint,0,true,false,true,missing,false,true,gradient_only,8,16,0,0.3856554018227193,22.76796651697926,missing
red2:lane2:snr18.0:seed4:frame22,18.0,22,cwz_joint,0,true,false,true,missing,false,true,gradient_only,8,7,0,0.29036824161571706,21.799451754488764,missing
red2:lane2:snr18.0:seed4:frame23,18.0,23,cwz_joint,1,false,false,true,missing,false,true,gradient_only,8,13,0,1.1141979672233262,27.129265416534935,missing
red2:lane2:snr18.0:seed4:frame24,18.0,24,cwz_joint,3,false,false,true,missing,false,true,gradient_only,8,39,0,0.9369731889061804,40.66287888843943,missing
red2:lane2:snr18.0:seed4:frame25,18.0,25,cwz_joint,0,true,false,true,missing,false,true,gradient_only,8,14,0,0.5438768355909679,21.98092624037962,missing
red2:lane2:snr18.0:seed4:frame26,18.0,26,cwz_joint,0,true,false,true,missing,false,true,gradient_only,8,9,0,0.9152260884829976,22.388330843017012,missing
red2:lane2:snr18.0:seed4:frame27,18.0,27,cwz_joint,0,true,false,true,missing,false,true,gradient_only,8,16,0,0.3410054548141737,22.58041786326665,missing
red2:lane2:snr18.0:seed4:frame28,18.0,28,cwz_joint,2,false,false,true,missing,false,true,gradient_only,8,21,0,0.9332965852055992,180.97311764116264,missing
red2:lane2:snr18.0:seed4:frame29,18.0,29,cwz_joint,0,true,false,true,missing,false,true,gradient_only,8,15,0,1.2226856599562235,22.61275746871724,missing
red2:lane2:snr18.0:seed4:frame30,18.0,30,cwz_joint,0,true,false,true,missing,false,true,gradient_only,8,10,0,0.4665459565841451,19.31436474280603,missing
red2:lane2:snr18.0:seed4:frame31,18.0,31,cwz_joint,2,false,false,true,missing,false,true,gradient_only,8,26,0,0.569499607680859,23.22159857894307,missing
red2:lane2:snr18.0:seed4:frame32,18.0,32,cwz_joint,1,false,false,true,missing,false,true,gradient_only,8,24,0,0.8671187377349103,27.477331457709756,missing
red2:lane2:snr18.0:seed4:frame33,18.0,33,cwz_joint,0,true,false,true,missing,false,true,gradient_only,8,23,0,0.45064326950919686,25.193424033275782,missing
red2:lane2:snr18.0:seed4:frame34,18.0,34,cwz_joint,2,false,false,true,missing,false,true,gradient_only,8,25,0,0.5377169734172437,25.553855448383775,missing
red2:lane2:snr18.0:seed4:frame35,18.0,35,cwz_joint,2,false,false,true,missing,false,true,gradient_only,8,22,0,0.6362859003370647,25.159164535659414,missing
red2:lane2:snr18.0:seed4:frame36,18.0,36,cwz_joint,0,true,false,true,missing,false,true,gradient_only,8,14,0,0.49772272397056605,23.143515839657816,missing
red2:lane2:snr18.0:seed4:frame37,18.0,37,cwz_joint,1,false,false,true,missing,false,true,gradient_only,8,19,0,0.5426255364504944,23.461613010201738,missing
red2:lane2:snr18.0:seed4:frame38,18.0,38,cwz_joint,1,false,false,true,missing,false,true,gradient_only,8,10,0,0.9508422951862378,22.001142280611816,missing
red2:lane2:snr18.0:seed4:frame39,18.0,39,cwz_joint,0,true,false,true,missing,false,true,gradient_only,8,13,0,0.47051072608516287,23.770658864115067,missing
red2:lane2:snr18.0:seed4:frame40,18.0,40,cwz_joint,0,true,false,true,missing,false,true,gradient_only,8,14,0,0.472808597346994,19.603831566012136,missing
red2:lane2:snr18.0:seed4:frame41,18.0,41,cwz_joint,2,false,false,true,missing,false,true,gradient_only,8,17,0,0.8856963386336504,25.877573047050436,missing
red2:lane2:snr18.0:seed4:frame42,18.0,42,cwz_joint,0,true,false,true,missing,false,true,gradient_only,8,6,0,0.757139626959011,18.605028529563477,missing
red2:lane2:snr18.0:seed4:frame43,18.0,43,cwz_joint,12,false,false,true,missing,false,true,gradient_only,8,60,0,0.5847200133145534,329.90662949291,missing
red2:lane2:snr18.0:seed4:frame44,18.0,44,cwz_joint,0,true,false,true,missing,false,true,gradient_only,8,16,0,0.355628222382624,24.97236334280672,missing
red2:lane2:snr18.0:seed4:frame45,18.0,45,cwz_joint,0,true,false,true,missing,false,true,gradient_only,8,11,0,0.4199947023708989,18.849723966356116,missing
red2:lane2:snr18.0:seed4:frame46,18.0,46,cwz_joint,2,false,false,true,missing,false,true,gradient_only,8,17,0,0.49266403687755195,24.944120857189947,missing
red2:lane2:snr18.0:seed4:frame47,18.0,47,cwz_joint,0,true,false,true,missing,false,true,gradient_only,8,13,0,0.7231374795403276,22.825005001890926,missing
red2:lane2:snr18.0:seed4:frame48,18.0,48,cwz_joint,1,false,false,true,missing,false,true,gradient_only,8,24,0,0.8750417896036687,28.42818439542084,missing
red2:lane2:snr18.0:seed4:frame49,18.0,49,cwz_joint,1,false,false,true,missing,false,true,gradient_only,8,22,0,1.159015081885207,24.44078502444062,missing
red2:lane2:snr18.0:seed4:frame50,18.0,50,cwz_joint,0,true,false,true,missing,false,true,gradient_only,8,8,0,0.2799967877204476,10.982861379317361,missing
red2:lane2:snr18.0:seed4:frame51,18.0,51,cwz_joint,1,false,false,true,missing,false,true,gradient_only,8,16,0,0.42949868327882335,22.72275873848905,missing
red2:lane2:snr18.0:seed4:frame52,18.0,52,cwz_joint,0,true,false,true,missing,false,true,gradient_only,8,17,0,0.7962188563726977,26.61375078930011,missing
red2:lane2:snr18.0:seed4:frame53,18.0,53,cwz_joint,0,true,false,true,missing,false,true,gradient_only,8,12,0,0.48878215398791974,22.69622813699662,missing
red2:lane2:snr18.0:seed4:frame54,18.0,54,cwz_joint,2,false,false,true,missing,false,true,gradient_only,8,25,0,0.8871720468017625,29.380576221976433,missing
red2:lane2:snr18.0:seed4:frame55,18.0,55,cwz_joint,0,true,false,true,missing,false,true,gradient_only,8,11,0,0.4261284533613038,20.813669876121214,missing
red2:lane2:snr18.0:seed4:frame56,18.0,56,cwz_joint,0,true,false,true,missing,false,true,gradient_only,8,10,0,0.48896539902010405,13.243573115057192,missing
red2:lane2:snr18.0:seed4:frame57,18.0,57,cwz_joint,1,false,false,true,missing,false,true,gradient_only,8,13,0,0.7040606340633063,16.072519046346113,missing
red2:lane2:snr18.0:seed4:frame58,18.0,58,cwz_joint,0,true,false,true,missing,false,true,gradient_only,8,16,0,0.5199102360915504,22.09665194041533,missing
red2:lane2:snr18.0:seed4:frame59,18.0,59,cwz_joint,2,false,false,true,missing,false,true,gradient_only,8,13,0,0.6645705140776023,24.190376177120346,missing
red2:lane2:snr18.0:seed4:frame60,18.0,60,cwz_joint,2,false,false,true,missing,false,true,gradient_only,8,29,0,0.6655053088888638,27.30745456141386,missing
red2:lane2:snr18.0:seed4:frame1,18.0,1,profiled_cz,0,true,false,true,missing,false,true,gradient_only,1,19,0,0.6924417070108204,1.2060303966447248,missing
red2:lane2:snr18.0:seed4:frame2,18.0,2,profiled_cz,0,true,false,true,missing,false,true,gradient_only,1,12,0,0.41279706245768844,1.1350863390213919,missing
red2:lane2:snr18.0:seed4:frame3,18.0,3,profiled_cz,1,false,false,true,missing,false,true,gradient_only,1,25,0,0.4883731641843347,2.316009183053331,missing
red2:lane2:snr18.0:seed4:frame4,18.0,4,profiled_cz,0,true,false,true,missing,false,true,gradient_only,1,14,0,0.4866939429218384,1.9763607744460847,missing
red2:lane2:snr18.0:seed4:frame5,18.0,5,profiled_cz,0,true,false,true,missing,false,true,gradient_only,1,14,0,0.2527269398792286,1.2635950833924758,missing
red2:lane2:snr18.0:seed4:frame6,18.0,6,profiled_cz,0,true,false,true,missing,false,true,gradient_only,1,9,0,0.7464560928586892,1.8634360478953333,missing
red2:lane2:snr18.0:seed4:frame7,18.0,7,profiled_cz,0,true,false,true,missing,false,true,gradient_only,1,9,0,0.370182951086133,1.667144024748501,missing
red2:lane2:snr18.0:seed4:frame8,18.0,8,profiled_cz,2,false,false,true,missing,false,true,gradient_only,1,23,0,0.42475122024212697,2.126973940278784,missing
red2:lane2:snr18.0:seed4:frame9,18.0,9,profiled_cz,0,true,false,true,missing,false,true,gradient_only,1,13,0,1.20924020952995,2.0556205622808212,missing
red2:lane2:snr18.0:seed4:frame10,18.0,10,profiled_cz,5,false,false,true,missing,false,true,gradient_only,1,14,0,0.3010210093017446,1.9584134944243612,missing
red2:lane2:snr18.0:seed4:frame11,18.0,11,profiled_cz,0,true,false,true,missing,false,true,gradient_only,1,11,0,0.4521786523230341,1.3032505818080529,missing
red2:lane2:snr18.0:seed4:frame12,18.0,12,profiled_cz,0,true,false,true,missing,false,true,gradient_only,1,21,0,7.71391022483966,1.5588955812077703,missing
red2:lane2:snr18.0:seed4:frame13,18.0,13,profiled_cz,1,false,false,true,missing,false,true,gradient_only,1,14,0,0.8192255016778922,2.644153946929896,missing
red2:lane2:snr18.0:seed4:frame14,18.0,14,profiled_cz,3,false,false,true,missing,false,true,gradient_only,1,18,0,0.6340937195439992,2.4934213726703107,missing
red2:lane2:snr18.0:seed4:frame15,18.0,15,profiled_cz,0,true,false,true,missing,false,true,gradient_only,1,11,0,0.5031831486576601,1.1355615681940523,missing
red2:lane2:snr18.0:seed4:frame16,18.0,16,profiled_cz,1,false,false,true,missing,false,true,gradient_only,1,15,0,0.5220015205803202,1.8596871091182894,missing
red2:lane2:snr18.0:seed4:frame17,18.0,17,profiled_cz,0,true,false,true,missing,false,true,gradient_only,1,21,0,0.6116708828192466,2.179267153772058,missing
red2:lane2:snr18.0:seed4:frame18,18.0,18,profiled_cz,10,false,false,true,missing,false,true,gradient_only,1,52,0,1.0601132778363147,2.800284885715575,missing
red2:lane2:snr18.0:seed4:frame19,18.0,19,profiled_cz,1,false,false,true,missing,false,true,gradient_only,1,18,0,1.0225890122017365,2.430634429032892,missing
red2:lane2:snr18.0:seed4:frame20,18.0,20,profiled_cz,0,true,false,true,missing,false,true,gradient_only,1,14,0,0.3712530079300442,2.3356268131537523,missing
red2:lane2:snr18.0:seed4:frame21,18.0,21,profiled_cz,0,true,false,true,missing,false,true,gradient_only,1,16,0,0.3856554018227193,2.3826774166361986,missing
red2:lane2:snr18.0:seed4:frame22,18.0,22,profiled_cz,0,true,false,true,missing,false,true,gradient_only,1,7,0,0.29036824161571706,1.5939879694235757,missing
red2:lane2:snr18.0:seed4:frame23,18.0,23,profiled_cz,1,false,false,true,missing,false,true,gradient_only,1,13,0,1.1141979672233262,2.7366830000314324,missing
red2:lane2:snr18.0:seed4:frame24,18.0,24,profiled_cz,3,false,false,false,missing,false,true,gradient_only,1,39,9,0.9369731889061804,4.411141738025049,missing
red2:lane2:snr18.0:seed4:frame25,18.0,25,profiled_cz,0,true,false,true,missing,false,true,gradient_only,1,14,0,0.5438768355909679,1.4400120943577208,missing
red2:lane2:snr18.0:seed4:frame26,18.0,26,profiled_cz,0,true,false,true,missing,false,true,gradient_only,1,9,0,0.9152260884829976,1.7945658415585382,missing
red2:lane2:snr18.0:seed4:frame27,18.0,27,profiled_cz,0,true,false,true,missing,false,true,gradient_only,1,16,0,0.3410054548141737,2.41390628406617,missing
red2:lane2:snr18.0:seed4:frame28,18.0,28,profiled_cz,2,false,false,true,missing,false,true,gradient_only,1,21,0,0.9332965852055992,9.68361105950667,missing
red2:lane2:snr18.0:seed4:frame29,18.0,29,profiled_cz,0,true,false,true,missing,false,true,gradient_only,1,15,0,1.2226856599562235,1.2983063824884293,missing
red2:lane2:snr18.0:seed4:frame30,18.0,30,profiled_cz,0,true,false,true,missing,false,true,gradient_only,1,10,0,0.4665459565841451,2.8436954572561364,missing
red2:lane2:snr18.0:seed4:frame31,18.0,31,profiled_cz,2,false,false,true,missing,false,true,gradient_only,1,26,0,0.569499607680859,2.722505289760758,missing
red2:lane2:snr18.0:seed4:frame32,18.0,32,profiled_cz,1,false,false,true,missing,false,true,gradient_only,1,24,0,0.8671187377349103,3.8328986997753978,missing
red2:lane2:snr18.0:seed4:frame33,18.0,33,profiled_cz,0,true,false,true,missing,false,true,gradient_only,1,23,0,0.45064326950919686,3.487501538405228,missing
red2:lane2:snr18.0:seed4:frame34,18.0,34,profiled_cz,2,false,false,true,missing,false,true,gradient_only,1,25,0,0.5377169734172437,2.765370088589194,missing
red2:lane2:snr18.0:seed4:frame35,18.0,35,profiled_cz,2,false,false,true,missing,false,true,gradient_only,1,22,0,0.6362859003370647,3.3828091170813774,missing
red2:lane2:snr18.0:seed4:frame36,18.0,36,profiled_cz,0,true,false,true,missing,false,true,gradient_only,1,14,0,0.49772272397056605,2.1597195059215344,missing
red2:lane2:snr18.0:seed4:frame37,18.0,37,profiled_cz,1,false,false,true,missing,false,true,gradient_only,1,19,0,0.5426255364504944,2.896371079973622,missing
red2:lane2:snr18.0:seed4:frame38,18.0,38,profiled_cz,1,false,false,true,missing,false,true,gradient_only,1,10,0,0.9508422951862378,1.8573143753475565,missing
red2:lane2:snr18.0:seed4:frame39,18.0,39,profiled_cz,0,true,false,true,missing,false,true,gradient_only,1,13,0,0.47051072608516287,2.7566875301076608,missing
red2:lane2:snr18.0:seed4:frame40,18.0,40,profiled_cz,0,true,false,true,missing,false,true,gradient_only,1,14,0,0.472808597346994,2.0497079294602747,missing
red2:lane2:snr18.0:seed4:frame41,18.0,41,profiled_cz,2,false,false,true,missing,false,true,gradient_only,1,17,0,0.8856963386336504,2.4609915637640127,missing
red2:lane2:snr18.0:seed4:frame42,18.0,42,profiled_cz,0,true,false,true,missing,false,true,gradient_only,1,6,0,0.757139626959011,1.0975537490604836,missing
red2:lane2:snr18.0:seed4:frame43,18.0,43,profiled_cz,12,false,false,true,missing,false,true,gradient_only,1,60,0,0.5847200133145534,13.670884799585183,missing
red2:lane2:snr18.0:seed4:frame44,18.0,44,profiled_cz,0,true,false,true,missing,false,true,gradient_only,1,16,0,0.355628222382624,3.618362975364523,missing
red2:lane2:snr18.0:seed4:frame45,18.0,45,profiled_cz,0,true,false,true,missing,false,true,gradient_only,1,11,0,0.4199947023708989,1.391648345341234,missing
red2:lane2:snr18.0:seed4:frame46,18.0,46,profiled_cz,2,false,false,true,missing,false,true,gradient_only,1,17,0,0.49266403687755195,2.9231733173615977,missing
red2:lane2:snr18.0:seed4:frame47,18.0,47,profiled_cz,0,true,false,true,missing,false,true,gradient_only,1,13,0,0.7231374795403276,1.6673223488767825,missing
red2:lane2:snr18.0:seed4:frame48,18.0,48,profiled_cz,1,false,false,true,missing,false,true,gradient_only,1,24,0,0.8750417896036687,3.4257734105446422,missing
red2:lane2:snr18.0:seed4:frame49,18.0,49,profiled_cz,1,false,false,true,missing,false,true,gradient_only,1,22,0,1.159015081885207,3.0561417245375053,missing
red2:lane2:snr18.0:seed4:frame50,18.0,50,profiled_cz,0,true,false,true,missing,false,true,gradient_only,1,8,0,0.2799967877204476,0.9878802053534302,missing
red2:lane2:snr18.0:seed4:frame51,18.0,51,profiled_cz,1,false,false,true,missing,false,true,gradient_only,1,16,0,0.42949868327882335,1.8068624424566597,missing
red2:lane2:snr18.0:seed4:frame52,18.0,52,profiled_cz,0,true,false,true,missing,false,true,gradient_only,1,17,0,0.7962188563726977,1.8687868374794276,missing
red2:lane2:snr18.0:seed4:frame53,18.0,53,profiled_cz,0,true,false,true,missing,false,true,gradient_only,1,12,0,0.48878215398791974,2.2588200876274778,missing
red2:lane2:snr18.0:seed4:frame54,18.0,54,profiled_cz,2,false,false,true,missing,false,true,gradient_only,1,25,0,0.8871720468017625,2.891041718485521,missing
red2:lane2:snr18.0:seed4:frame55,18.0,55,profiled_cz,0,true,false,true,missing,false,true,gradient_only,1,11,0,0.4261284533613038,2.0403329600670714,missing
red2:lane2:snr18.0:seed4:frame56,18.0,56,profiled_cz,0,true,false,true,missing,false,true,gradient_only,1,10,0,0.48896539902010405,1.4397232672484603,missing
red2:lane2:snr18.0:seed4:frame57,18.0,57,profiled_cz,1,false,false,true,missing,false,true,gradient_only,1,13,0,0.7040606340633063,1.3456974225137042,missing
red2:lane2:snr18.0:seed4:frame58,18.0,58,profiled_cz,0,true,false,true,missing,false,true,gradient_only,1,16,0,0.5199102360915504,2.60870885312142,missing
red2:lane2:snr18.0:seed4:frame59,18.0,59,profiled_cz,2,false,false,true,missing,false,true,gradient_only,1,13,0,0.6645705140776023,2.7140278299198033,missing
red2:lane2:snr18.0:seed4:frame60,18.0,60,profiled_cz,2,false,false,true,missing,false,true,gradient_only,1,29,0,0.6655053088888638,3.8978657767657263,missing
red2:lane2:snr20.0:seed4:frame1,20.0,1,cwz_joint,0,true,false,true,missing,false,true,gradient_only,8,15,0,0.7827892248514683,20.784433360204613,missing
red2:lane2:snr20.0:seed4:frame2,20.0,2,cwz_joint,0,true,false,true,missing,false,true,gradient_only,8,10,0,0.46671715617685267,19.32389371826114,missing
red2:lane2:snr20.0:seed4:frame3,20.0,3,cwz_joint,1,false,false,true,missing,false,true,gradient_only,8,22,0,0.531218830216553,25.72049508177445,missing
red2:lane2:snr20.0:seed4:frame4,20.0,4,cwz_joint,0,true,false,true,missing,false,true,gradient_only,8,14,0,0.629636837646344,18.955260636125935,missing
red2:lane2:snr20.0:seed4:frame5,20.0,5,cwz_joint,0,true,false,true,missing,false,true,gradient_only,8,9,0,0.19836202799472696,20.144048109481595,missing
red2:lane2:snr20.0:seed4:frame6,20.0,6,cwz_joint,0,true,false,true,missing,false,true,gradient_only,8,9,0,0.6178267048004342,24.873218779632023,missing
red2:lane2:snr20.0:seed4:frame7,20.0,7,cwz_joint,0,true,false,true,missing,false,true,gradient_only,8,8,0,0.4596045236519761,16.01225558837274,missing
red2:lane2:snr20.0:seed4:frame8,20.0,8,cwz_joint,0,true,false,true,missing,false,true,gradient_only,8,15,0,0.38654195824158033,26.89143592220445,missing
red2:lane2:snr20.0:seed4:frame9,20.0,9,cwz_joint,0,true,false,true,missing,false,true,gradient_only,8,8,0,0.7886698560836302,22.92593517314922,missing
red2:lane2:snr20.0:seed4:frame10,20.0,10,cwz_joint,0,true,false,true,missing,false,true,gradient_only,8,8,0,0.27205665085909064,19.764016433688603,missing
red2:lane2:snr20.0:seed4:frame11,20.0,11,cwz_joint,0,true,false,true,missing,false,true,gradient_only,8,11,0,0.3153965526094806,22.620742530589222,missing
red2:lane2:snr20.0:seed4:frame12,20.0,12,cwz_joint,0,true,false,true,missing,false,true,gradient_only,8,14,0,0.37528978000264246,18.452407737222384,missing
red2:lane2:snr20.0:seed4:frame13,20.0,13,cwz_joint,1,false,false,true,missing,false,true,gradient_only,8,15,0,0.3580530053184243,26.63146941648412,missing
red2:lane2:snr20.0:seed4:frame14,20.0,14,cwz_joint,2,false,false,true,missing,false,true,gradient_only,8,16,0,0.7961374034766175,27.653264280953028,missing
red2:lane2:snr20.0:seed4:frame15,20.0,15,cwz_joint,0,true,false,true,missing,false,true,gradient_only,8,9,0,0.4720244399965388,18.142187360856457,missing
red2:lane2:snr20.0:seed4:frame16,20.0,16,cwz_joint,1,false,false,true,missing,false,true,gradient_only,8,11,0,0.32919809209983814,21.67572129795226,missing
red2:lane2:snr20.0:seed4:frame17,20.0,17,cwz_joint,0,true,false,true,missing,false,true,gradient_only,8,20,0,0.3701924692176928,18.206992874302166,missing
red2:lane2:snr20.0:seed4:frame18,20.0,18,cwz_joint,3,false,false,true,missing,false,true,gradient_only,8,24,0,0.6258902050518186,26.023609516630113,missing
red2:lane2:snr20.0:seed4:frame19,20.0,19,cwz_joint,0,true,false,true,missing,false,true,gradient_only,8,19,0,0.45498669938061875,23.199756642298986,missing
red2:lane2:snr20.0:seed4:frame20,20.0,20,cwz_joint,0,true,false,true,missing,false,true,gradient_only,8,12,0,0.5741941824616974,19.487356238299977,missing
red2:lane2:snr20.0:seed4:frame21,20.0,21,cwz_joint,0,true,false,true,missing,false,true,gradient_only,8,16,0,0.6266505455603232,22.01096796936329,missing
red2:lane2:snr20.0:seed4:frame22,20.0,22,cwz_joint,0,true,false,true,missing,false,true,gradient_only,8,6,0,0.2482990893859779,21.260910237461392,missing
red2:lane2:snr20.0:seed4:frame23,20.0,23,cwz_joint,0,true,false,true,missing,false,true,gradient_only,8,13,0,0.5401662202347929,26.287581251276816,missing
red2:lane2:snr20.0:seed4:frame24,20.0,24,cwz_joint,4,false,false,true,missing,false,true,gradient_only,8,31,0,0.6123846265407807,35.29468532362975,missing
red2:lane2:snr20.0:seed4:frame25,20.0,25,cwz_joint,0,true,false,true,missing,false,true,gradient_only,8,13,0,0.45308424007345527,21.367691978670194,missing
red2:lane2:snr20.0:seed4:frame26,20.0,26,cwz_joint,0,true,false,true,missing,false,true,gradient_only,8,12,0,0.42161281659758076,21.680172551124286,missing
red2:lane2:snr20.0:seed4:frame27,20.0,27,cwz_joint,0,true,false,true,missing,false,true,gradient_only,8,18,0,0.2965704140434587,21.45192814789831,missing
red2:lane2:snr20.0:seed4:frame28,20.0,28,cwz_joint,4,false,false,true,missing,false,true,gradient_only,8,18,0,0.8622842549438003,152.95319624359618,missing
red2:lane2:snr20.0:seed4:frame29,20.0,29,cwz_joint,0,true,false,true,missing,false,true,gradient_only,8,10,0,0.4415281382113536,22.054109241444532,missing
red2:lane2:snr20.0:seed4:frame30,20.0,30,cwz_joint,0,true,false,true,missing,false,true,gradient_only,8,9,0,0.3499003850293557,19.228834225256826,missing
red2:lane2:snr20.0:seed4:frame31,20.0,31,cwz_joint,1,false,false,true,missing,false,true,gradient_only,8,25,0,0.609128941731535,23.2845410356596,missing
red2:lane2:snr20.0:seed4:frame32,20.0,32,cwz_joint,1,false,false,true,missing,false,true,gradient_only,8,21,0,0.9029875916063942,26.28399960057202,missing
red2:lane2:snr20.0:seed4:frame33,20.0,33,cwz_joint,0,true,false,true,missing,false,true,gradient_only,8,21,0,0.36563736169065336,24.351395060066483,missing
red2:lane2:snr20.0:seed4:frame34,20.0,34,cwz_joint,1,false,false,true,missing,false,true,gradient_only,8,21,0,0.6826960036771061,24.90696818104327,missing
red2:lane2:snr20.0:seed4:frame35,20.0,35,cwz_joint,0,true,false,true,missing,false,true,gradient_only,8,16,0,0.9582008061808709,24.03889878378688,missing
red2:lane2:snr20.0:seed4:frame36,20.0,36,cwz_joint,0,true,false,true,missing,false,true,gradient_only,8,13,0,0.3177598589482912,23.122236154168455,missing
red2:lane2:snr20.0:seed4:frame37,20.0,37,cwz_joint,1,false,false,true,missing,false,true,gradient_only,8,11,0,0.44232121560575466,22.670505871430283,missing
red2:lane2:snr20.0:seed4:frame38,20.0,38,cwz_joint,1,false,false,true,missing,false,true,gradient_only,8,6,0,8.653627061683054,21.37800179408091,missing
red2:lane2:snr20.0:seed4:frame39,20.0,39,cwz_joint,0,true,false,true,missing,false,true,gradient_only,8,11,0,44.84372109378546,22.84565234567217,missing
red2:lane2:snr20.0:seed4:frame40,20.0,40,cwz_joint,0,true,false,true,missing,false,true,gradient_only,8,14,0,0.3375371383847537,19.130968199398104,missing
red2:lane2:snr20.0:seed4:frame41,20.0,41,cwz_joint,0,true,false,true,missing,false,true,gradient_only,8,21,0,0.8118484823093717,25.243017589515066,missing
red2:lane2:snr20.0:seed4:frame42,20.0,42,cwz_joint,0,true,false,true,missing,false,true,gradient_only,8,6,0,0.40082752954392814,18.281534581194627,missing
red2:lane2:snr20.0:seed4:frame43,20.0,43,cwz_joint,3,false,false,true,missing,false,true,gradient_only,8,38,0,0.7918189118448055,268.0000079432564,missing
red2:lane2:snr20.0:seed4:frame44,20.0,44,cwz_joint,0,true,false,true,missing,false,true,gradient_only,8,17,0,0.27424355395116146,24.73801992413403,missing
red2:lane2:snr20.0:seed4:frame45,20.0,45,cwz_joint,0,true,false,true,missing,false,true,gradient_only,8,8,0,0.29615475066850033,18.18350447463812,missing
red2:lane2:snr20.0:seed4:frame46,20.0,46,cwz_joint,1,false,false,true,missing,false,true,gradient_only,8,15,0,0.529520457940551,24.63371883177171,missing
red2:lane2:snr20.0:seed4:frame47,20.0,47,cwz_joint,0,true,false,true,missing,false,true,gradient_only,8,10,0,0.5832234773527206,22.087227765195586,missing
red2:lane2:snr20.0:seed4:frame48,20.0,48,cwz_joint,1,false,false,true,missing,false,true,gradient_only,8,17,0,0.5296255488353737,27.629276198775266,missing
red2:lane2:snr20.0:seed4:frame49,20.0,49,cwz_joint,1,false,false,true,missing,false,true,gradient_only,8,13,0,0.393990331369247,24.263913127613847,missing
red2:lane2:snr20.0:seed4:frame50,20.0,50,cwz_joint,0,true,false,true,missing,false,true,gradient_only,8,8,0,0.298306890826362,10.658536294074164,missing
red2:lane2:snr20.0:seed4:frame51,20.0,51,cwz_joint,1,false,false,true,missing,false,true,gradient_only,8,19,0,0.48859554384933257,21.936694343369822,missing
red2:lane2:snr20.0:seed4:frame52,20.0,52,cwz_joint,0,true,false,true,missing,false,true,gradient_only,8,10,0,0.34932739318459516,25.36636292372409,missing
red2:lane2:snr20.0:seed4:frame53,20.0,53,cwz_joint,0,true,false,true,missing,false,true,gradient_only,8,15,0,0.6861952592450816,22.388543093714038,missing
red2:lane2:snr20.0:seed4:frame54,20.0,54,cwz_joint,2,false,false,true,missing,false,true,gradient_only,8,18,0,0.6377089359286398,29.014312720493486,missing
red2:lane2:snr20.0:seed4:frame55,20.0,55,cwz_joint,0,true,false,true,missing,false,true,gradient_only,8,10,0,0.5546281782054386,20.63283686990033,missing
red2:lane2:snr20.0:seed4:frame56,20.0,56,cwz_joint,0,true,false,true,missing,false,true,gradient_only,8,10,0,0.47286408407199376,13.14806585882903,missing
red2:lane2:snr20.0:seed4:frame57,20.0,57,cwz_joint,0,true,false,true,missing,false,true,gradient_only,8,10,0,0.560845520631857,15.509274676786411,missing
red2:lane2:snr20.0:seed4:frame58,20.0,58,cwz_joint,0,true,false,true,missing,false,true,gradient_only,8,13,0,0.49976590884336186,21.628837693981307,missing
red2:lane2:snr20.0:seed4:frame59,20.0,59,cwz_joint,0,true,false,true,missing,false,true,gradient_only,8,11,0,0.47397081609063946,23.00272213897756,missing
red2:lane2:snr20.0:seed4:frame60,20.0,60,cwz_joint,1,false,false,true,missing,false,true,gradient_only,8,25,0,0.6889897065975471,26.57937052061485,missing
red2:lane2:snr20.0:seed4:frame1,20.0,1,profiled_cz,0,true,false,true,missing,false,true,gradient_only,1,15,0,0.7827892248514683,1.1458198896023044,missing
red2:lane2:snr20.0:seed4:frame2,20.0,2,profiled_cz,0,true,false,true,missing,false,true,gradient_only,1,10,0,0.46671715617685267,1.0835723487400701,missing
red2:lane2:snr20.0:seed4:frame3,20.0,3,profiled_cz,1,false,false,true,missing,false,true,gradient_only,1,22,0,0.531218830216553,2.1670804990660053,missing
red2:lane2:snr20.0:seed4:frame4,20.0,4,profiled_cz,0,true,false,true,missing,false,true,gradient_only,1,14,0,0.629636837646344,1.8699738141276734,missing
red2:lane2:snr20.0:seed4:frame5,20.0,5,profiled_cz,0,true,false,true,missing,false,true,gradient_only,1,9,0,0.19836202799472696,1.1539076822664536,missing
red2:lane2:snr20.0:seed4:frame6,20.0,6,profiled_cz,0,true,false,true,missing,false,true,gradient_only,1,9,0,0.6178267048004342,1.7432056351838088,missing
red2:lane2:snr20.0:seed4:frame7,20.0,7,profiled_cz,0,true,false,true,missing,false,true,gradient_only,1,8,0,0.4596045236519761,1.5796364117488209,missing
red2:lane2:snr20.0:seed4:frame8,20.0,8,profiled_cz,0,true,false,true,missing,false,true,gradient_only,1,15,0,0.38654195824158033,2.0639616595162877,missing
red2:lane2:snr20.0:seed4:frame9,20.0,9,profiled_cz,0,true,false,true,missing,false,true,gradient_only,1,8,0,0.7886698560836302,1.9846719460144548,missing
red2:lane2:snr20.0:seed4:frame10,20.0,10,profiled_cz,0,true,false,true,missing,false,true,gradient_only,1,8,0,0.27205665085909064,2.0761958461825283,missing
red2:lane2:snr20.0:seed4:frame11,20.0,11,profiled_cz,0,true,false,true,missing,false,true,gradient_only,1,11,0,0.3153965526094806,1.1538239223536035,missing
red2:lane2:snr20.0:seed4:frame12,20.0,12,profiled_cz,0,true,false,true,missing,false,true,gradient_only,1,14,0,0.37528978000264246,1.43461869787736,missing
red2:lane2:snr20.0:seed4:frame13,20.0,13,profiled_cz,1,false,false,true,missing,false,true,gradient_only,1,15,0,0.3580530053184243,2.5763634068633143,missing
red2:lane2:snr20.0:seed4:frame14,20.0,14,profiled_cz,2,false,false,true,missing,false,true,gradient_only,1,16,0,0.7961374034766175,2.3878942977459565,missing
red2:lane2:snr20.0:seed4:frame15,20.0,15,profiled_cz,0,true,false,true,missing,false,true,gradient_only,1,9,0,0.4720244399965388,1.0791412867187395,missing
red2:lane2:snr20.0:seed4:frame16,20.0,16,profiled_cz,1,false,false,true,missing,false,true,gradient_only,1,11,0,0.32919809209983814,1.6401415232353556,missing
red2:lane2:snr20.0:seed4:frame17,20.0,17,profiled_cz,0,true,false,true,missing,false,true,gradient_only,1,20,0,0.3701924692176928,2.110210380184212,missing
red2:lane2:snr20.0:seed4:frame18,20.0,18,profiled_cz,3,false,false,true,missing,false,true,gradient_only,1,24,0,0.6258902050518186,2.7617879009132382,missing
red2:lane2:snr20.0:seed4:frame19,20.0,19,profiled_cz,0,true,false,true,missing,false,true,gradient_only,1,19,0,0.45498669938061875,2.2033370352299007,missing
red2:lane2:snr20.0:seed4:frame20,20.0,20,profiled_cz,0,true,false,true,missing,false,true,gradient_only,1,12,0,0.5741941824616974,2.093380414331549,missing
red2:lane2:snr20.0:seed4:frame21,20.0,21,profiled_cz,0,true,false,true,missing,false,true,gradient_only,1,16,0,0.6266505455603232,2.297579693163585,missing
red2:lane2:snr20.0:seed4:frame22,20.0,22,profiled_cz,0,true,false,true,missing,false,true,gradient_only,1,6,0,0.2482990893859779,1.505560751455616,missing
red2:lane2:snr20.0:seed4:frame23,20.0,23,profiled_cz,0,true,false,true,missing,false,true,gradient_only,1,13,0,0.5401662202347929,2.360269569898461,missing
red2:lane2:snr20.0:seed4:frame24,20.0,24,profiled_cz,4,false,false,false,missing,false,true,gradient_only,1,31,5,0.6123846265407807,4.094553118905698,missing
red2:lane2:snr20.0:seed4:frame25,20.0,25,profiled_cz,0,true,false,true,missing,false,true,gradient_only,1,13,0,0.45308424007345527,1.354485957989304,missing
red2:lane2:snr20.0:seed4:frame26,20.0,26,profiled_cz,0,true,false,true,missing,false,true,gradient_only,1,12,0,0.42161281659758076,1.6842233571255043,missing
red2:lane2:snr20.0:seed4:frame27,20.0,27,profiled_cz,0,true,false,true,missing,false,true,gradient_only,1,18,0,0.2965704140434587,2.234892575070361,missing
red2:lane2:snr20.0:seed4:frame28,20.0,28,profiled_cz,4,false,false,true,missing,false,true,gradient_only,1,18,0,0.8622842549438003,7.936505159242679,missing
red2:lane2:snr20.0:seed4:frame29,20.0,29,profiled_cz,0,true,false,true,missing,false,true,gradient_only,1,10,0,0.4415281382113536,1.2225513088096507,missing
red2:lane2:snr20.0:seed4:frame30,20.0,30,profiled_cz,0,true,false,true,missing,false,true,gradient_only,1,9,0,0.3499003850293557,2.723812279610414,missing
red2:lane2:snr20.0:seed4:frame31,20.0,31,profiled_cz,1,false,false,true,missing,false,true,gradient_only,1,25,0,0.609128941731535,2.6424026418437396,missing
red2:lane2:snr20.0:seed4:frame32,20.0,32,profiled_cz,1,false,false,true,missing,false,true,gradient_only,1,21,0,0.9029875916063942,3.5810312755471485,missing
red2:lane2:snr20.0:seed4:frame33,20.0,33,profiled_cz,0,true,false,true,missing,false,true,gradient_only,1,21,0,0.36563736169065336,3.1695063201720535,missing
red2:lane2:snr20.0:seed4:frame34,20.0,34,profiled_cz,1,false,false,true,missing,false,true,gradient_only,1,21,0,0.6826960036771061,2.67488838999782,missing
red2:lane2:snr20.0:seed4:frame35,20.0,35,profiled_cz,0,true,false,true,missing,false,true,gradient_only,1,16,0,0.9582008061808709,3.250449201198466,missing
red2:lane2:snr20.0:seed4:frame36,20.0,36,profiled_cz,0,true,false,true,missing,false,true,gradient_only,1,13,0,0.3177598589482912,2.036718797460837,missing
red2:lane2:snr20.0:seed4:frame37,20.0,37,profiled_cz,1,false,false,true,missing,false,true,gradient_only,1,11,0,0.44232121560575466,2.623169595887567,missing
red2:lane2:snr20.0:seed4:frame38,20.0,38,profiled_cz,1,false,false,true,missing,false,true,gradient_only,1,6,0,8.653627061683054,1.7739906840205184,missing
red2:lane2:snr20.0:seed4:frame39,20.0,39,profiled_cz,0,true,false,true,missing,false,true,gradient_only,1,11,0,44.84372109378546,2.5264842348465275,missing
red2:lane2:snr20.0:seed4:frame40,20.0,40,profiled_cz,0,true,false,true,missing,false,true,gradient_only,1,14,0,0.3375371383847537,2.000243545709892,missing
red2:lane2:snr20.0:seed4:frame41,20.0,41,profiled_cz,0,true,false,true,missing,false,true,gradient_only,1,21,0,0.8118484823093717,2.3809808635047434,missing
red2:lane2:snr20.0:seed4:frame42,20.0,42,profiled_cz,0,true,false,true,missing,false,true,gradient_only,1,6,0,0.40082752954392814,1.047820571945666,missing
red2:lane2:snr20.0:seed4:frame43,20.0,43,profiled_cz,3,false,false,true,missing,false,true,gradient_only,1,38,0,0.7918189118448055,12.6311826569577,missing
red2:lane2:snr20.0:seed4:frame44,20.0,44,profiled_cz,0,true,false,true,missing,false,true,gradient_only,1,17,0,0.27424355395116146,3.4454265753280993,missing
red2:lane2:snr20.0:seed4:frame45,20.0,45,profiled_cz,0,true,false,true,missing,false,true,gradient_only,1,8,0,0.29615475066850033,1.3094247766211624,missing
red2:lane2:snr20.0:seed4:frame46,20.0,46,profiled_cz,1,false,false,false,missing,false,true,gradient_only,1,15,4,0.529520457940551,2.837665968563197,missing
red2:lane2:snr20.0:seed4:frame47,20.0,47,profiled_cz,0,true,false,true,missing,false,true,gradient_only,1,10,0,0.5832234773527206,1.5733367610192692,missing
red2:lane2:snr20.0:seed4:frame48,20.0,48,profiled_cz,1,false,false,true,missing,false,true,gradient_only,1,17,0,0.5296255488353737,3.216633973969949,missing
red2:lane2:snr20.0:seed4:frame49,20.0,49,profiled_cz,1,false,false,true,missing,false,true,gradient_only,1,13,0,0.393990331369247,3.1237071939628804,missing
red2:lane2:snr20.0:seed4:frame50,20.0,50,profiled_cz,0,true,false,true,missing,false,true,gradient_only,1,8,0,0.298306890826362,0.9054084396250144,missing
red2:lane2:snr20.0:seed4:frame51,20.0,51,profiled_cz,1,false,false,true,missing,false,true,gradient_only,1,19,0,0.48859554384933257,1.7111065365854687,missing
red2:lane2:snr20.0:seed4:frame52,20.0,52,profiled_cz,0,true,false,true,missing,false,true,gradient_only,1,10,0,0.34932739318459516,1.7472595402774738,missing
red2:lane2:snr20.0:seed4:frame53,20.0,53,profiled_cz,0,true,false,true,missing,false,true,gradient_only,1,15,0,0.6861952592450816,2.1815254332596097,missing
red2:lane2:snr20.0:seed4:frame54,20.0,54,profiled_cz,2,false,false,true,missing,false,true,gradient_only,1,18,0,0.6377089359286398,2.761220791812911,missing
red2:lane2:snr20.0:seed4:frame55,20.0,55,profiled_cz,0,true,false,true,missing,false,true,gradient_only,1,10,0,0.5546281782054386,1.921067155843189,missing
red2:lane2:snr20.0:seed4:frame56,20.0,56,profiled_cz,0,true,false,true,missing,false,true,gradient_only,1,10,0,0.47286408407199376,1.383457027878768,missing
red2:lane2:snr20.0:seed4:frame57,20.0,57,profiled_cz,0,true,false,true,missing,false,true,gradient_only,1,10,0,0.560845520631857,1.2829939218018165,missing
red2:lane2:snr20.0:seed4:frame58,20.0,58,profiled_cz,0,true,false,true,missing,false,true,gradient_only,1,13,0,0.49976590884336186,2.4923043543357033,missing
red2:lane2:snr20.0:seed4:frame59,20.0,59,profiled_cz,0,true,false,true,missing,false,true,gradient_only,1,11,0,0.47397081609063946,2.439424718903016,missing
red2:lane2:snr20.0:seed4:frame60,20.0,60,profiled_cz,1,false,false,true,missing,false,true,gradient_only,1,25,0,0.6889897065975471,3.5473088217998496,missing
red2:lane2:snr22.0:seed4:frame1,22.0,1,cwz_joint,0,true,false,true,missing,false,true,gradient_only,8,13,0,0.4118506876872127,20.25395309047924,missing
red2:lane2:snr22.0:seed4:frame2,22.0,2,cwz_joint,0,true,false,true,missing,false,true,gradient_only,8,6,0,0.2642436987748675,19.10189147811305,missing
red2:lane2:snr22.0:seed4:frame3,22.0,3,cwz_joint,0,true,false,true,missing,false,true,gradient_only,8,18,0,0.7022869044847585,24.327022561878508,missing
red2:lane2:snr22.0:seed4:frame4,22.0,4,cwz_joint,0,true,false,true,missing,false,true,gradient_only,8,12,0,0.7682205751404496,18.36373757473001,missing
red2:lane2:snr22.0:seed4:frame5,22.0,5,cwz_joint,0,true,false,true,missing,false,true,gradient_only,8,8,0,0.16005209790781053,19.6936994549426,missing
red2:lane2:snr22.0:seed4:frame6,22.0,6,cwz_joint,0,true,false,true,missing,false,true,gradient_only,8,6,0,2.8421999805773615,24.565011330396096,missing
red2:lane2:snr22.0:seed4:frame7,22.0,7,cwz_joint,0,true,false,true,missing,false,true,gradient_only,8,7,0,0.571520940794654,15.635245575802445,missing
red2:lane2:snr22.0:seed4:frame8,22.0,8,cwz_joint,0,true,false,true,missing,false,true,gradient_only,8,15,0,0.6466999712066586,26.469596175170878,missing
red2:lane2:snr22.0:seed4:frame9,22.0,9,cwz_joint,0,true,false,true,missing,false,true,gradient_only,8,8,0,6.448473680147451,22.52244206568663,missing
red2:lane2:snr22.0:seed4:frame10,22.0,10,cwz_joint,0,true,false,true,missing,false,true,gradient_only,8,8,0,0.24298028551510317,19.430200336639228,missing
red2:lane2:snr22.0:seed4:frame11,22.0,11,cwz_joint,0,true,false,true,missing,false,true,gradient_only,8,10,0,0.24042292089976172,22.01455911744764,missing
red2:lane2:snr22.0:seed4:frame12,22.0,12,cwz_joint,0,true,false,true,missing,false,true,gradient_only,8,13,0,0.45502824589272184,17.800376873401962,missing
red2:lane2:snr22.0:seed4:frame13,22.0,13,cwz_joint,1,false,false,true,missing,false,true,gradient_only,8,13,0,0.3605586691753924,26.566432294300252,missing
red2:lane2:snr22.0:seed4:frame14,22.0,14,cwz_joint,2,false,false,true,missing,false,true,gradient_only,8,12,0,0.8459428695815951,27.56190898243721,missing
red2:lane2:snr22.0:seed4:frame15,22.0,15,cwz_joint,0,true,false,true,missing,false,true,gradient_only,8,10,0,0.2610810022000639,17.80407476239075,missing
red2:lane2:snr22.0:seed4:frame16,22.0,16,cwz_joint,0,true,false,true,missing,false,true,gradient_only,8,11,0,0.31716686519180337,21.347914783325535,missing
red2:lane2:snr22.0:seed4:frame17,22.0,17,cwz_joint,0,true,false,true,missing,false,true,gradient_only,8,17,0,0.6926809445625403,17.742859927035475,missing
red2:lane2:snr22.0:seed4:frame18,22.0,18,cwz_joint,0,true,false,true,missing,false,true,gradient_only,8,18,0,0.5681640180074926,25.27930445182972,missing
red2:lane2:snr22.0:seed4:frame19,22.0,19,cwz_joint,0,true,false,true,missing,false,true,gradient_only,8,16,0,0.5126877801233037,22.5217860839722,missing
red2:lane2:snr22.0:seed4:frame20,22.0,20,cwz_joint,0,true,false,true,missing,false,true,gradient_only,8,9,0,0.37851115373465644,18.907229371272855,missing
red2:lane2:snr22.0:seed4:frame21,22.0,21,cwz_joint,0,true,false,true,missing,false,true,gradient_only,8,14,0,0.6633271673492867,21.488755599122364,missing
red2:lane2:snr22.0:seed4:frame22,22.0,22,cwz_joint,0,true,false,true,missing,false,true,gradient_only,8,5,0,0.21906010204689566,20.90863285590707,missing
red2:lane2:snr22.0:seed4:frame23,22.0,23,cwz_joint,0,true,false,true,missing,false,true,gradient_only,8,10,0,1.0191075171277062,25.411716805953514,missing
red2:lane2:snr22.0:seed4:frame24,22.0,24,cwz_joint,2,false,false,true,missing,false,true,gradient_only,8,22,0,0.5010503298501005,30.961302652641116,missing
red2:lane2:snr22.0:seed4:frame25,22.0,25,cwz_joint,0,true,false,true,missing,false,true,gradient_only,8,13,0,0.2997475845368237,20.945850854722348,missing
red2:lane2:snr22.0:seed4:frame26,22.0,26,cwz_joint,0,true,false,true,missing,false,true,gradient_only,8,9,0,0.2695436727360599,21.267255034036523,missing
red2:lane2:snr22.0:seed4:frame27,22.0,27,cwz_joint,0,true,false,true,missing,false,true,gradient_only,8,15,0,0.2739213122369423,20.682325051085122,missing
red2:lane2:snr22.0:seed4:frame28,22.0,28,cwz_joint,3,false,false,true,missing,false,true,gradient_only,8,27,0,0.701087560631264,133.65940887510922,missing
red2:lane2:snr22.0:seed4:frame29,22.0,29,cwz_joint,0,true,false,true,missing,false,true,gradient_only,8,7,0,1.7154692136287097,21.69450503623378,missing
red2:lane2:snr22.0:seed4:frame30,22.0,30,cwz_joint,0,true,false,true,missing,false,true,gradient_only,8,7,0,0.31074272269123854,19.225823586960235,missing
red2:lane2:snr22.0:seed4:frame31,22.0,31,cwz_joint,1,false,false,true,missing,false,true,gradient_only,8,30,0,0.4727030490768195,23.48411618186171,missing
red2:lane2:snr22.0:seed4:frame32,22.0,32,cwz_joint,0,true,false,true,missing,false,true,gradient_only,8,16,0,0.7834684871056298,25.6478954858604,missing
red2:lane2:snr22.0:seed4:frame33,22.0,33,cwz_joint,0,true,false,true,missing,false,true,gradient_only,8,17,0,0.3452599104100389,23.73032905709939,missing
red2:lane2:snr22.0:seed4:frame34,22.0,34,cwz_joint,1,false,false,true,missing,false,true,gradient_only,8,20,0,11.708143695122004,24.375771786148636,missing
red2:lane2:snr22.0:seed4:frame35,22.0,35,cwz_joint,0,true,false,true,missing,false,true,gradient_only,8,13,0,1.0883209620385177,23.23888150223647,missing
red2:lane2:snr22.0:seed4:frame36,22.0,36,cwz_joint,0,true,false,true,missing,false,true,gradient_only,8,11,0,0.3763668810186316,23.16585231250636,missing
red2:lane2:snr22.0:seed4:frame37,22.0,37,cwz_joint,1,false,false,true,missing,false,true,gradient_only,8,9,0,0.4376498117555165,22.13663327529626,missing
red2:lane2:snr22.0:seed4:frame38,22.0,38,cwz_joint,1,false,false,true,missing,false,true,gradient_only,8,9,0,0.653930184431036,21.007579654259306,missing
red2:lane2:snr22.0:seed4:frame39,22.0,39,cwz_joint,0,true,false,true,missing,false,true,gradient_only,8,14,0,1.6846839920574235,22.205598944074897,missing
red2:lane2:snr22.0:seed4:frame40,22.0,40,cwz_joint,0,true,false,true,missing,false,true,gradient_only,8,14,0,0.299064563016566,18.80364749382851,missing
red2:lane2:snr22.0:seed4:frame41,22.0,41,cwz_joint,0,true,false,true,missing,false,true,gradient_only,8,10,0,0.47840666187839054,24.83729820952164,missing
red2:lane2:snr22.0:seed4:frame42,22.0,42,cwz_joint,0,true,false,true,missing,false,true,gradient_only,8,8,0,0.29426041267618325,18.064135327337155,missing
red2:lane2:snr22.0:seed4:frame43,22.0,43,cwz_joint,1,false,false,true,missing,false,true,gradient_only,8,29,0,0.9485265986658743,212.55213838384822,missing
red2:lane2:snr22.0:seed4:frame44,22.0,44,cwz_joint,0,true,false,true,missing,false,true,gradient_only,8,13,0,0.2856334811085703,24.63357099582941,missing
red2:lane2:snr22.0:seed4:frame45,22.0,45,cwz_joint,0,true,false,true,missing,false,true,gradient_only,8,7,0,0.25581857495153565,17.726396310793838,missing
red2:lane2:snr22.0:seed4:frame46,22.0,46,cwz_joint,1,false,false,true,missing,false,true,gradient_only,8,9,0,0.4615241898022481,24.46437684053781,missing
red2:lane2:snr22.0:seed4:frame47,22.0,47,cwz_joint,0,true,false,true,missing,false,true,gradient_only,8,9,0,0.4471183906659263,21.591920928106042,missing
red2:lane2:snr22.0:seed4:frame48,22.0,48,cwz_joint,1,false,false,true,missing,false,true,gradient_only,8,16,0,3.6282970460412183,27.16498354178953,missing
red2:lane2:snr22.0:seed4:frame49,22.0,49,cwz_joint,1,false,false,true,missing,false,true,gradient_only,8,16,0,0.4002715541651951,24.25944008947947,missing
red2:lane2:snr22.0:seed4:frame50,22.0,50,cwz_joint,0,true,false,true,missing,false,true,gradient_only,8,8,0,0.25864390602810394,10.419751619561561,missing
red2:lane2:snr22.0:seed4:frame51,22.0,51,cwz_joint,1,false,false,true,missing,false,true,gradient_only,8,20,0,0.47328695828037703,21.404329777715244,missing
red2:lane2:snr22.0:seed4:frame52,22.0,52,cwz_joint,0,true,false,true,missing,false,true,gradient_only,8,9,0,0.2658930664379989,24.555771989759045,missing
red2:lane2:snr22.0:seed4:frame53,22.0,53,cwz_joint,1,false,false,true,missing,false,true,gradient_only,8,16,0,0.2829762225117754,22.173356285637098,missing
red2:lane2:snr22.0:seed4:frame54,22.0,54,cwz_joint,1,false,false,true,missing,false,true,gradient_only,8,18,0,0.5881804769956882,28.85556922029975,missing
red2:lane2:snr22.0:seed4:frame55,22.0,55,cwz_joint,0,true,false,true,missing,false,true,gradient_only,8,8,0,0.37499411900936697,20.513834009830195,missing
red2:lane2:snr22.0:seed4:frame56,22.0,56,cwz_joint,0,true,false,true,missing,false,true,gradient_only,8,11,0,0.2959600787086528,13.103531798914453,missing
red2:lane2:snr22.0:seed4:frame57,22.0,57,cwz_joint,0,true,false,true,missing,false,true,gradient_only,8,8,0,1.2170876033224938,15.143827478532696,missing
red2:lane2:snr22.0:seed4:frame58,22.0,58,cwz_joint,0,true,false,true,missing,false,true,gradient_only,8,10,0,0.5417052007696749,21.353817270120334,missing
red2:lane2:snr22.0:seed4:frame59,22.0,59,cwz_joint,0,true,false,true,missing,false,true,gradient_only,8,10,0,0.3565907142012009,22.09954600538044,missing
red2:lane2:snr22.0:seed4:frame60,22.0,60,cwz_joint,1,false,false,true,missing,false,true,gradient_only,8,18,0,0.5773099023129165,26.13516505950912,missing
red2:lane2:snr22.0:seed4:frame1,22.0,1,profiled_cz,0,true,false,true,missing,false,true,gradient_only,1,13,0,0.4118506876872127,1.1066637740902625,missing
red2:lane2:snr22.0:seed4:frame2,22.0,2,profiled_cz,0,true,false,true,missing,false,true,gradient_only,1,6,0,0.2642436987748675,1.058093490581846,missing
red2:lane2:snr22.0:seed4:frame3,22.0,3,profiled_cz,0,true,false,true,missing,false,true,gradient_only,1,18,0,0.7022869044847585,2.1059772943881674,missing
red2:lane2:snr22.0:seed4:frame4,22.0,4,profiled_cz,0,true,false,true,missing,false,true,gradient_only,1,12,0,0.7682205751404496,1.801065742406776,missing
red2:lane2:snr22.0:seed4:frame5,22.0,5,profiled_cz,0,true,false,true,missing,false,true,gradient_only,1,8,0,0.16005209790781053,1.0869417291998564,missing
red2:lane2:snr22.0:seed4:frame6,22.0,6,profiled_cz,0,true,false,true,missing,false,true,gradient_only,1,6,0,2.8421999805773615,1.709472223018338,missing
red2:lane2:snr22.0:seed4:frame7,22.0,7,profiled_cz,0,true,false,true,missing,false,true,gradient_only,1,7,0,0.571520940794654,1.5131441712003988,missing
red2:lane2:snr22.0:seed4:frame8,22.0,8,profiled_cz,0,true,false,true,missing,false,true,gradient_only,1,15,0,0.6466999712066586,2.021954446139894,missing
red2:lane2:snr22.0:seed4:frame9,22.0,9,profiled_cz,0,true,false,true,missing,false,true,gradient_only,1,8,0,6.448473680147451,1.924005586864293,missing
red2:lane2:snr22.0:seed4:frame10,22.0,10,profiled_cz,0,true,false,true,missing,false,true,gradient_only,1,8,0,0.24298028551510317,1.9821947785486138,missing
red2:lane2:snr22.0:seed4:frame11,22.0,11,profiled_cz,0,true,false,true,missing,false,true,gradient_only,1,10,0,0.24042292089976172,1.0636525514579087,missing
red2:lane2:snr22.0:seed4:frame12,22.0,12,profiled_cz,0,true,false,true,missing,false,true,gradient_only,1,13,0,0.45502824589272184,1.3512181028185464,missing
red2:lane2:snr22.0:seed4:frame13,22.0,13,profiled_cz,1,false,false,true,missing,false,true,gradient_only,1,13,0,0.3605586691753924,2.519922622526769,missing
red2:lane2:snr22.0:seed4:frame14,22.0,14,profiled_cz,2,false,false,true,missing,false,true,gradient_only,1,12,0,0.8459428695815951,2.341068303446515,missing
red2:lane2:snr22.0:seed4:frame15,22.0,15,profiled_cz,0,true,false,true,missing,false,true,gradient_only,1,10,0,0.2610810022000639,1.0434245561626232,missing
red2:lane2:snr22.0:seed4:frame16,22.0,16,profiled_cz,0,true,false,true,missing,false,true,gradient_only,1,11,0,0.31716686519180337,1.4685959023852309,missing
red2:lane2:snr22.0:seed4:frame17,22.0,17,profiled_cz,0,true,false,true,missing,false,true,gradient_only,1,17,0,0.6926809445625403,1.9999371660505336,missing
red2:lane2:snr22.0:seed4:frame18,22.0,18,profiled_cz,0,true,false,true,missing,false,true,gradient_only,1,18,0,0.5681640180074926,2.741499123998446,missing
red2:lane2:snr22.0:seed4:frame19,22.0,19,profiled_cz,0,true,false,true,missing,false,true,gradient_only,1,16,0,0.5126877801233037,2.0425199200265114,missing
red2:lane2:snr22.0:seed4:frame20,22.0,20,profiled_cz,0,true,false,true,missing,false,true,gradient_only,1,9,0,0.37851115373465644,1.950678701837269,missing
red2:lane2:snr22.0:seed4:frame21,22.0,21,profiled_cz,0,true,false,true,missing,false,true,gradient_only,1,14,0,0.6633271673492867,2.2447975348599,missing
red2:lane2:snr22.0:seed4:frame22,22.0,22,profiled_cz,0,true,false,true,missing,false,true,gradient_only,1,5,0,0.21906010204689566,1.4530698360295686,missing
red2:lane2:snr22.0:seed4:frame23,22.0,23,profiled_cz,0,true,false,true,missing,false,true,gradient_only,1,10,0,1.0191075171277062,2.1278588615074274,missing
red2:lane2:snr22.0:seed4:frame24,22.0,24,profiled_cz,2,false,false,true,missing,false,true,gradient_only,1,22,0,0.5010503298501005,3.5294216519159964,missing
red2:lane2:snr22.0:seed4:frame25,22.0,25,profiled_cz,0,true,false,true,missing,false,true,gradient_only,1,13,0,0.2997475845368237,1.3052602098449744,missing
red2:lane2:snr22.0:seed4:frame26,22.0,26,profiled_cz,0,true,false,true,missing,false,true,gradient_only,1,9,0,0.2695436727360599,1.6087329968529325,missing
red2:lane2:snr22.0:seed4:frame27,22.0,27,profiled_cz,0,true,false,true,missing,false,true,gradient_only,1,15,0,0.2739213122369423,2.1199947020910344,missing
red2:lane2:snr22.0:seed4:frame28,22.0,28,profiled_cz,3,false,false,true,missing,false,true,gradient_only,1,27,0,0.701087560631264,6.4132007658376775,missing
red2:lane2:snr22.0:seed4:frame29,22.0,29,profiled_cz,0,true,false,true,missing,false,true,gradient_only,1,7,0,1.7154692136287097,1.1781802818543645,missing
red2:lane2:snr22.0:seed4:frame30,22.0,30,profiled_cz,0,true,false,true,missing,false,true,gradient_only,1,7,0,0.31074272269123854,2.676509779474763,missing
red2:lane2:snr22.0:seed4:frame31,22.0,31,profiled_cz,1,false,false,true,missing,false,true,gradient_only,1,30,0,0.4727030490768195,2.6326974601893354,missing
red2:lane2:snr22.0:seed4:frame32,22.0,32,profiled_cz,0,true,false,true,missing,false,true,gradient_only,1,16,0,0.7834684871056298,3.374876646526196,missing
red2:lane2:snr22.0:seed4:frame33,22.0,33,profiled_cz,0,true,false,true,missing,false,true,gradient_only,1,17,0,0.3452599104100389,2.850782338328762,missing
red2:lane2:snr22.0:seed4:frame34,22.0,34,profiled_cz,1,false,false,true,missing,false,true,gradient_only,1,20,0,11.708143695122004,2.639422355094039,missing
red2:lane2:snr22.0:seed4:frame35,22.0,35,profiled_cz,0,true,false,true,missing,false,true,gradient_only,1,13,0,1.0883209620385177,3.12770190881099,missing
red2:lane2:snr22.0:seed4:frame36,22.0,36,profiled_cz,0,true,false,true,missing,false,true,gradient_only,1,11,0,0.3763668810186316,1.9624127728842788,missing
red2:lane2:snr22.0:seed4:frame37,22.0,37,profiled_cz,1,false,false,true,missing,false,true,gradient_only,1,9,0,0.4376498117555165,2.5096901753072474,missing
red2:lane2:snr22.0:seed4:frame38,22.0,38,profiled_cz,1,false,false,true,missing,false,true,gradient_only,1,9,0,0.653930184431036,1.7242413949103412,missing
red2:lane2:snr22.0:seed4:frame39,22.0,39,profiled_cz,0,true,false,true,missing,false,true,gradient_only,1,14,0,1.6846839920574235,2.335344021970179,missing
red2:lane2:snr22.0:seed4:frame40,22.0,40,profiled_cz,0,true,false,true,missing,false,true,gradient_only,1,14,0,0.299064563016566,1.8830142824169462,missing
red2:lane2:snr22.0:seed4:frame41,22.0,41,profiled_cz,0,true,false,true,missing,false,true,gradient_only,1,10,0,0.47840666187839054,2.4534747544316677,missing
red2:lane2:snr22.0:seed4:frame42,22.0,42,profiled_cz,0,true,false,true,missing,false,true,gradient_only,1,8,0,0.29426041267618325,1.0157315547817334,missing
red2:lane2:snr22.0:seed4:frame43,22.0,43,profiled_cz,1,false,false,true,missing,false,true,gradient_only,1,29,0,0.9485265986658743,10.973894166597024,missing
red2:lane2:snr22.0:seed4:frame44,22.0,44,profiled_cz,0,true,false,true,missing,false,true,gradient_only,1,13,0,0.2856334811085703,3.3109352058866097,missing
red2:lane2:snr22.0:seed4:frame45,22.0,45,profiled_cz,0,true,false,true,missing,false,true,gradient_only,1,7,0,0.25581857495153565,1.2587855399709151,missing
red2:lane2:snr22.0:seed4:frame46,22.0,46,profiled_cz,1,false,false,true,missing,false,true,gradient_only,1,9,0,0.4615241898022481,2.6620471561396215,missing
red2:lane2:snr22.0:seed4:frame47,22.0,47,profiled_cz,0,true,false,true,missing,false,true,gradient_only,1,9,0,0.4471183906659263,1.5023358843470862,missing
red2:lane2:snr22.0:seed4:frame48,22.0,48,profiled_cz,1,false,false,true,missing,false,true,gradient_only,1,16,0,3.6282970460412183,3.0848865411072515,missing
red2:lane2:snr22.0:seed4:frame49,22.0,49,profiled_cz,1,false,false,true,missing,false,true,gradient_only,1,16,0,0.4002715541651951,3.078918626673505,missing
red2:lane2:snr22.0:seed4:frame50,22.0,50,profiled_cz,0,true,false,true,missing,false,true,gradient_only,1,8,0,0.25864390602810394,0.8515715683886879,missing
red2:lane2:snr22.0:seed4:frame51,22.0,51,profiled_cz,1,false,false,true,missing,false,true,gradient_only,1,20,0,0.47328695828037703,1.636071100610887,missing
red2:lane2:snr22.0:seed4:frame52,22.0,52,profiled_cz,0,true,false,true,missing,false,true,gradient_only,1,9,0,0.2658930664379989,1.6524995445338362,missing
red2:lane2:snr22.0:seed4:frame53,22.0,53,profiled_cz,1,false,false,false,missing,false,true,gradient_only,1,16,5,0.2829762225117754,2.156026374150454,missing
red2:lane2:snr22.0:seed4:frame54,22.0,54,profiled_cz,1,false,false,true,missing,false,true,gradient_only,1,18,0,0.5881804769956882,2.6732902763505937,missing
red2:lane2:snr22.0:seed4:frame55,22.0,55,profiled_cz,0,true,false,true,missing,false,true,gradient_only,1,8,0,0.37499411900936697,1.8428041648240343,missing
red2:lane2:snr22.0:seed4:frame56,22.0,56,profiled_cz,0,true,false,true,missing,false,true,gradient_only,1,11,0,0.2959600787086528,1.3389750662191593,missing
red2:lane2:snr22.0:seed4:frame57,22.0,57,profiled_cz,0,true,false,true,missing,false,true,gradient_only,1,8,0,1.2170876033224938,1.2478706442977197,missing
red2:lane2:snr22.0:seed4:frame58,22.0,58,profiled_cz,0,true,false,true,missing,false,true,gradient_only,1,10,0,0.5417052007696749,2.401077136675811,missing
red2:lane2:snr22.0:seed4:frame59,22.0,59,profiled_cz,0,true,false,true,missing,false,true,gradient_only,1,10,0,0.3565907142012009,2.241932686452572,missing
red2:lane2:snr22.0:seed4:frame60,22.0,60,profiled_cz,1,false,false,true,missing,false,true,gradient_only,1,18,0,0.5773099023129165,3.428544880465167,missing
red2:lane2:snr24.0:seed4:frame1,24.0,1,cwz_joint,0,true,false,true,missing,false,true,gradient_only,8,12,0,0.25266680663561536,19.94474383641826,missing
red2:lane2:snr24.0:seed4:frame2,24.0,2,cwz_joint,0,true,false,true,missing,false,true,gradient_only,8,7,0,0.22798824870662016,18.96075772098764,missing
red2:lane2:snr24.0:seed4:frame3,24.0,3,cwz_joint,0,true,false,true,missing,false,true,gradient_only,8,14,0,0.4461258197728292,23.386276206927672,missing
red2:lane2:snr24.0:seed4:frame4,24.0,4,cwz_joint,0,true,false,true,missing,false,true,gradient_only,8,12,0,0.2641684712085402,17.967597657773226,missing
red2:lane2:snr24.0:seed4:frame5,24.0,5,cwz_joint,0,true,false,true,missing,false,true,gradient_only,8,8,0,0.13892896808081368,19.40570582729821,missing
red2:lane2:snr24.0:seed4:frame6,24.0,6,cwz_joint,0,true,false,true,missing,false,true,gradient_only,8,7,0,1.4514280077421997,24.37237860682496,missing
red2:lane2:snr24.0:seed4:frame7,24.0,7,cwz_joint,0,true,false,true,missing,false,true,gradient_only,8,7,0,0.5715761357098503,15.384964706680591,missing
red2:lane2:snr24.0:seed4:frame8,24.0,8,cwz_joint,0,true,false,true,missing,false,true,gradient_only,8,14,0,0.4451360785019762,26.196156194518753,missing
red2:lane2:snr24.0:seed4:frame9,24.0,9,cwz_joint,0,true,false,true,missing,false,true,gradient_only,8,7,0,0.43944399194167355,22.266406397940216,missing
red2:lane2:snr24.0:seed4:frame10,24.0,10,cwz_joint,0,true,false,true,missing,false,true,gradient_only,8,9,0,0.27394903883327354,19.212684446167103,missing
red2:lane2:snr24.0:seed4:frame11,24.0,11,cwz_joint,0,true,false,true,missing,false,true,gradient_only,8,8,0,0.22965267133192943,21.636471268042857,missing
red2:lane2:snr24.0:seed4:frame12,24.0,12,cwz_joint,0,true,false,true,missing,false,true,gradient_only,8,11,0,0.6633846494468335,17.37143386162754,missing
red2:lane2:snr24.0:seed4:frame13,24.0,13,cwz_joint,1,false,false,true,missing,false,true,gradient_only,8,11,0,2.1968025513239056,26.559752522128214,missing
red2:lane2:snr24.0:seed4:frame14,24.0,14,cwz_joint,2,false,false,true,missing,false,true,gradient_only,8,10,0,0.8519602653665072,27.55843753690775,missing
red2:lane2:snr24.0:seed4:frame15,24.0,15,cwz_joint,0,true,false,true,missing,false,true,gradient_only,8,8,0,0.2612874786553919,17.565318878351786,missing
red2:lane2:snr24.0:seed4:frame16,24.0,16,cwz_joint,0,true,false,true,missing,false,true,gradient_only,8,9,0,0.46650588413159016,21.16544501355253,missing
red2:lane2:snr24.0:seed4:frame17,24.0,17,cwz_joint,0,true,false,true,missing,false,true,gradient_only,8,15,0,0.33262365597168747,17.45304799364143,missing
red2:lane2:snr24.0:seed4:frame18,24.0,18,cwz_joint,0,true,false,true,missing,false,true,gradient_only,8,20,0,0.553566664498775,24.83182168848042,missing
red2:lane2:snr24.0:seed4:frame19,24.0,19,cwz_joint,0,true,false,true,missing,false,true,gradient_only,8,18,0,0.33874208404543066,22.090283737085322,missing
red2:lane2:snr24.0:seed4:frame20,24.0,20,cwz_joint,0,true,false,true,missing,false,true,gradient_only,8,9,0,0.6005293703450038,18.542903751381054,missing
red2:lane2:snr24.0:seed4:frame21,24.0,21,cwz_joint,0,true,false,true,missing,false,true,gradient_only,8,14,0,0.4515438560262178,21.132771334332485,missing
red2:lane2:snr24.0:seed4:frame22,24.0,22,cwz_joint,0,true,false,true,missing,false,true,gradient_only,8,4,0,0.216733579173298,20.67905772644461,missing
red2:lane2:snr24.0:seed4:frame23,24.0,23,cwz_joint,0,true,false,true,missing,false,true,gradient_only,8,7,0,0.339237046745877,24.680777250289097,missing
red2:lane2:snr24.0:seed4:frame24,24.0,24,cwz_joint,4,false,false,true,missing,false,true,gradient_only,8,25,0,0.7683040968246881,28.232078180642844,missing
red2:lane2:snr24.0:seed4:frame25,24.0,25,cwz_joint,0,true,false,true,missing,false,true,gradient_only,8,13,0,0.2620556034500627,20.65874012836681,missing
red2:lane2:snr24.0:seed4:frame26,24.0,26,cwz_joint,0,true,false,true,missing,false,true,gradient_only,8,9,0,0.24981360990898033,21.05758027786819,missing
red2:lane2:snr24.0:seed4:frame27,24.0,27,cwz_joint,0,true,false,true,missing,false,true,gradient_only,8,13,0,0.27107872169504177,20.166789634441905,missing
red2:lane2:snr24.0:seed4:frame28,24.0,28,cwz_joint,2,false,false,true,missing,false,true,gradient_only,8,18,0,0.5966784218579999,114.28564775538625,missing
red2:lane2:snr24.0:seed4:frame29,24.0,29,cwz_joint,0,true,false,true,missing,false,true,gradient_only,8,8,0,0.29902369653018096,21.46843509646383,missing
red2:lane2:snr24.0:seed4:frame30,24.0,30,cwz_joint,0,true,false,true,missing,false,true,gradient_only,8,8,0,0.30424397712381607,19.264502285760752,missing
red2:lane2:snr24.0:seed4:frame31,24.0,31,cwz_joint,0,true,false,true,missing,false,true,gradient_only,8,16,0,0.499913365690234,23.75478151982532,missing
red2:lane2:snr24.0:seed4:frame32,24.0,32,cwz_joint,0,true,false,true,missing,false,true,gradient_only,8,15,0,0.9893770764637254,25.486400097268245,missing
red2:lane2:snr24.0:seed4:frame33,24.0,33,cwz_joint,0,true,false,true,missing,false,true,gradient_only,8,14,0,0.270952792933275,23.315899849464863,missing
red2:lane2:snr24.0:seed4:frame34,24.0,34,cwz_joint,3,false,false,true,missing,false,true,gradient_only,8,17,0,0.36350032413474354,23.96026628642699,missing
red2:lane2:snr24.0:seed4:frame35,24.0,35,cwz_joint,0,true,false,true,missing,false,true,gradient_only,8,11,0,2.6171127027687087,22.672455554961203,missing
red2:lane2:snr24.0:seed4:frame36,24.0,36,cwz_joint,0,true,false,true,missing,false,true,gradient_only,8,10,0,0.4070106767483871,23.224731922286196,missing
red2:lane2:snr24.0:seed4:frame37,24.0,37,cwz_joint,1,false,false,true,missing,false,true,gradient_only,8,7,0,0.32693132886197457,21.785822149394075,missing
red2:lane2:snr24.0:seed4:frame38,24.0,38,cwz_joint,1,false,false,true,missing,false,true,gradient_only,8,6,0,0.41315111886292566,20.816097549482016,missing
red2:lane2:snr24.0:seed4:frame39,24.0,39,cwz_joint,0,true,false,true,missing,false,true,gradient_only,8,8,0,0.39437434788578457,21.7662604932282,missing
red2:lane2:snr24.0:seed4:frame40,24.0,40,cwz_joint,0,true,false,true,missing,false,true,gradient_only,8,15,0,0.3427878844993128,18.5795023832159,missing
red2:lane2:snr24.0:seed4:frame41,24.0,41,cwz_joint,0,true,false,true,missing,false,true,gradient_only,8,9,0,0.48444045119152,24.587025930517978,missing
red2:lane2:snr24.0:seed4:frame42,24.0,42,cwz_joint,0,true,false,true,missing,false,true,gradient_only,8,8,0,0.4741106542505221,17.920230638943686,missing
red2:lane2:snr24.0:seed4:frame43,24.0,43,cwz_joint,0,true,false,true,missing,false,true,gradient_only,8,30,0,0.9641905557109873,166.49893699763166,missing
red2:lane2:snr24.0:seed4:frame44,24.0,44,cwz_joint,0,true,false,true,missing,false,true,gradient_only,8,11,0,0.3390784142627238,24.60541485983913,missing
red2:lane2:snr24.0:seed4:frame45,24.0,45,cwz_joint,0,true,false,true,missing,false,true,gradient_only,8,6,0,0.22935681642575273,17.422065411830676,missing
red2:lane2:snr24.0:seed4:frame46,24.0,46,cwz_joint,0,true,false,true,missing,false,true,gradient_only,8,9,0,0.7863303663616141,24.377413441723583,missing
red2:lane2:snr24.0:seed4:frame47,24.0,47,cwz_joint,0,true,false,true,missing,false,true,gradient_only,8,10,0,0.3317426752478969,21.262548960807795,missing
red2:lane2:snr24.0:seed4:frame48,24.0,48,cwz_joint,1,false,false,true,missing,false,true,gradient_only,8,11,0,0.4693164524198814,26.9291525417894,missing
red2:lane2:snr24.0:seed4:frame49,24.0,49,cwz_joint,1,false,false,true,missing,false,true,gradient_only,8,20,0,0.8643361032495241,24.34643679334831,missing
red2:lane2:snr24.0:seed4:frame50,24.0,50,cwz_joint,0,true,false,true,missing,false,true,gradient_only,8,8,0,0.6714482155478269,10.237113528041668,missing
red2:lane2:snr24.0:seed4:frame51,24.0,51,cwz_joint,1,false,false,true,missing,false,true,gradient_only,8,19,0,0.4830523010129475,21.05233355454595,missing
red2:lane2:snr24.0:seed4:frame52,24.0,52,cwz_joint,0,true,false,true,missing,false,true,gradient_only,8,9,0,0.9524268855773103,24.04184145891159,missing
red2:lane2:snr24.0:seed4:frame53,24.0,53,cwz_joint,1,false,false,true,missing,false,true,gradient_only,8,15,0,0.2569117549978677,22.03115703384017,missing
red2:lane2:snr24.0:seed4:frame54,24.0,54,cwz_joint,1,false,false,true,missing,false,true,gradient_only,8,17,0,0.513563336140215,28.83264068652115,missing
red2:lane2:snr24.0:seed4:frame55,24.0,55,cwz_joint,0,true,false,true,missing,false,true,gradient_only,8,7,0,0.3854861021543737,20.43694100211232,missing
red2:lane2:snr24.0:seed4:frame56,24.0,56,cwz_joint,0,true,false,true,missing,false,true,gradient_only,8,11,0,0.21867594203400845,13.088730321504373,missing
red2:lane2:snr24.0:seed4:frame57,24.0,57,cwz_joint,0,true,false,true,missing,false,true,gradient_only,8,5,0,0.7094947995032045,14.908835666531054,missing
red2:lane2:snr24.0:seed4:frame58,24.0,58,cwz_joint,0,true,false,true,missing,false,true,gradient_only,8,11,0,0.3101531950966564,21.202066795652765,missing
red2:lane2:snr24.0:seed4:frame59,24.0,59,cwz_joint,0,true,false,true,missing,false,true,gradient_only,8,10,0,0.32961068443580727,21.45673013691523,missing
red2:lane2:snr24.0:seed4:frame60,24.0,60,cwz_joint,1,false,false,true,missing,false,true,gradient_only,8,13,0,2.0552312424253922,25.876954103015095,missing
red2:lane2:snr24.0:seed4:frame1,24.0,1,profiled_cz,0,true,false,true,missing,false,true,gradient_only,1,12,0,0.25266680663561536,1.082711848759305,missing
red2:lane2:snr24.0:seed4:frame2,24.0,2,profiled_cz,0,true,false,true,missing,false,true,gradient_only,1,7,0,0.22798824870662016,1.034047523884257,missing
red2:lane2:snr24.0:seed4:frame3,24.0,3,profiled_cz,0,true,false,true,missing,false,true,gradient_only,1,14,0,0.4461258197728292,2.0305374417080815,missing
red2:lane2:snr24.0:seed4:frame4,24.0,4,profiled_cz,0,true,false,true,missing,false,true,gradient_only,1,12,0,0.2641684712085402,1.7632192859186901,missing
red2:lane2:snr24.0:seed4:frame5,24.0,5,profiled_cz,0,true,false,true,missing,false,true,gradient_only,1,8,0,0.13892896808081368,1.0442589888848521,missing
red2:lane2:snr24.0:seed4:frame6,24.0,6,profiled_cz,0,true,false,true,missing,false,true,gradient_only,1,7,0,1.4514280077421997,1.680465822682309,missing
red2:lane2:snr24.0:seed4:frame7,24.0,7,profiled_cz,0,true,false,true,missing,false,true,gradient_only,1,7,0,0.5715761357098503,1.4739212460546594,missing
red2:lane2:snr24.0:seed4:frame8,24.0,8,profiled_cz,0,true,false,true,missing,false,true,gradient_only,1,14,0,0.4451360785019762,2.0046114919931712,missing
red2:lane2:snr24.0:seed4:frame9,24.0,9,profiled_cz,0,true,false,true,missing,false,true,gradient_only,1,7,0,0.43944399194167355,1.8973161843291628,missing
red2:lane2:snr24.0:seed4:frame10,24.0,10,profiled_cz,0,true,false,true,missing,false,true,gradient_only,1,9,0,0.27394903883327354,1.9113721497818699,missing
red2:lane2:snr24.0:seed4:frame11,24.0,11,profiled_cz,0,true,false,true,missing,false,true,gradient_only,1,8,0,0.22965267133192943,1.004852749791699,missing
red2:lane2:snr24.0:seed4:frame12,24.0,12,profiled_cz,0,true,false,true,missing,false,true,gradient_only,1,11,0,0.6633846494468335,1.3011029508517247,missing
red2:lane2:snr24.0:seed4:frame13,24.0,13,profiled_cz,1,false,false,true,missing,false,true,gradient_only,1,11,0,2.1968025513239056,2.471326053740801,missing
red2:lane2:snr24.0:seed4:frame14,24.0,14,profiled_cz,2,false,false,true,missing,false,true,gradient_only,1,10,0,0.8519602653665072,2.3186568593428762,missing
red2:lane2:snr24.0:seed4:frame15,24.0,15,profiled_cz,0,true,false,true,missing,false,true,gradient_only,1,8,0,0.2612874786553919,1.0208478527273979,missing
red2:lane2:snr24.0:seed4:frame16,24.0,16,profiled_cz,0,true,false,true,missing,false,true,gradient_only,1,9,0,0.46650588413159016,1.3956593895728147,missing
red2:lane2:snr24.0:seed4:frame17,24.0,17,profiled_cz,0,true,false,true,missing,false,true,gradient_only,1,15,0,0.33262365597168747,1.9127827726746567,missing
red2:lane2:snr24.0:seed4:frame18,24.0,18,profiled_cz,0,true,false,true,missing,false,true,gradient_only,1,20,0,0.553566664498775,2.5991078102877245,missing
red2:lane2:snr24.0:seed4:frame19,24.0,19,profiled_cz,0,true,false,true,missing,false,true,gradient_only,1,18,0,0.33874208404543066,1.9309365762192152,missing
red2:lane2:snr24.0:seed4:frame20,24.0,20,profiled_cz,0,true,false,true,missing,false,true,gradient_only,1,9,0,0.6005293703450038,1.8402645782976108,missing
red2:lane2:snr24.0:seed4:frame21,24.0,21,profiled_cz,0,true,false,true,missing,false,true,gradient_only,1,14,0,0.4515438560262178,2.2160254174823364,missing
red2:lane2:snr24.0:seed4:frame22,24.0,22,profiled_cz,0,true,false,true,missing,false,true,gradient_only,1,4,0,0.216733579173298,1.4215886201861723,missing
red2:lane2:snr24.0:seed4:frame23,24.0,23,profiled_cz,0,true,false,true,missing,false,true,gradient_only,1,7,0,0.339237046745877,2.0048100515717753,missing
red2:lane2:snr24.0:seed4:frame24,24.0,24,profiled_cz,4,false,false,false,missing,false,true,gradient_only,1,25,3,0.7683040968246881,2.977537198153256,missing
red2:lane2:snr24.0:seed4:frame25,24.0,25,profiled_cz,0,true,false,true,missing,false,true,gradient_only,1,13,0,0.2620556034500627,1.2719529634514313,missing
red2:lane2:snr24.0:seed4:frame26,24.0,26,profiled_cz,0,true,false,true,missing,false,true,gradient_only,1,9,0,0.24981360990898033,1.4875697472699345,missing
red2:lane2:snr24.0:seed4:frame27,24.0,27,profiled_cz,0,true,false,true,missing,false,true,gradient_only,1,13,0,0.27107872169504177,2.0620170833446823,missing
red2:lane2:snr24.0:seed4:frame28,24.0,28,profiled_cz,2,false,false,true,missing,false,true,gradient_only,1,18,0,0.5966784218579999,5.588035933836111,missing
red2:lane2:snr24.0:seed4:frame29,24.0,29,profiled_cz,0,true,false,true,missing,false,true,gradient_only,1,8,0,0.29902369653018096,1.1472773189253174,missing
red2:lane2:snr24.0:seed4:frame30,24.0,30,profiled_cz,0,true,false,true,missing,false,true,gradient_only,1,8,0,0.30424397712381607,2.6314144095358376,missing
red2:lane2:snr24.0:seed4:frame31,24.0,31,profiled_cz,0,true,false,true,missing,false,true,gradient_only,1,16,0,0.499913365690234,2.633755178273771,missing
red2:lane2:snr24.0:seed4:frame32,24.0,32,profiled_cz,0,true,false,true,missing,false,true,gradient_only,1,15,0,0.9893770764637254,3.2951344792199375,missing
red2:lane2:snr24.0:seed4:frame33,24.0,33,profiled_cz,0,true,false,true,missing,false,true,gradient_only,1,14,0,0.270952792933275,2.582548608692659,missing
red2:lane2:snr24.0:seed4:frame34,24.0,34,profiled_cz,3,false,false,true,missing,false,true,gradient_only,1,17,0,0.36350032413474354,2.5694631737226112,missing
red2:lane2:snr24.0:seed4:frame35,24.0,35,profiled_cz,0,true,false,true,missing,false,true,gradient_only,1,11,0,2.6171127027687087,3.1008004119225876,missing
red2:lane2:snr24.0:seed4:frame36,24.0,36,profiled_cz,0,true,false,true,missing,false,true,gradient_only,1,10,0,0.4070106767483871,1.9062271600933884,missing
red2:lane2:snr24.0:seed4:frame37,24.0,37,profiled_cz,1,false,false,true,missing,false,true,gradient_only,1,7,0,0.32693132886197457,2.4375546979214944,missing
red2:lane2:snr24.0:seed4:frame38,24.0,38,profiled_cz,1,false,false,true,missing,false,true,gradient_only,1,6,0,0.41315111886292566,1.709315719718405,missing
red2:lane2:snr24.0:seed4:frame39,24.0,39,profiled_cz,0,true,false,true,missing,false,true,gradient_only,1,8,0,0.39437434788578457,2.2547460960501136,missing
red2:lane2:snr24.0:seed4:frame40,24.0,40,profiled_cz,0,true,false,true,missing,false,true,gradient_only,1,15,0,0.3427878844993128,1.8578773835340587,missing
red2:lane2:snr24.0:seed4:frame41,24.0,41,profiled_cz,0,true,false,true,missing,false,true,gradient_only,1,9,0,0.48444045119152,2.46738062709526,missing
red2:lane2:snr24.0:seed4:frame42,24.0,42,profiled_cz,0,true,false,true,missing,false,true,gradient_only,1,8,0,0.4741106542505221,0.9955206841236621,missing
red2:lane2:snr24.0:seed4:frame43,24.0,43,profiled_cz,0,true,false,true,missing,false,true,gradient_only,1,30,0,0.9641905557109873,9.35990316804987,missing
red2:lane2:snr24.0:seed4:frame44,24.0,44,profiled_cz,0,true,false,true,missing,false,true,gradient_only,1,11,0,0.3390784142627238,3.220186240305752,missing
red2:lane2:snr24.0:seed4:frame45,24.0,45,profiled_cz,0,true,false,true,missing,false,true,gradient_only,1,6,0,0.22935681642575273,1.225875327329905,missing
red2:lane2:snr24.0:seed4:frame46,24.0,46,profiled_cz,0,true,false,true,missing,false,true,gradient_only,1,9,0,0.7863303663616141,2.827121508383524,missing
red2:lane2:snr24.0:seed4:frame47,24.0,47,profiled_cz,0,true,false,true,missing,false,true,gradient_only,1,10,0,0.3317426752478969,1.4567219191842429,missing
red2:lane2:snr24.0:seed4:frame48,24.0,48,profiled_cz,1,false,false,true,missing,false,true,gradient_only,1,11,0,0.4693164524198814,3.016853903625608,missing
red2:lane2:snr24.0:seed4:frame49,24.0,49,profiled_cz,1,false,false,true,missing,false,true,gradient_only,1,20,0,0.8643361032495241,3.12136728278768,missing
red2:lane2:snr24.0:seed4:frame50,24.0,50,profiled_cz,0,true,false,true,missing,false,true,gradient_only,1,8,0,0.6714482155478269,0.8163811413235672,missing
red2:lane2:snr24.0:seed4:frame51,24.0,51,profiled_cz,1,false,false,true,missing,false,true,gradient_only,1,19,0,0.4830523010129475,1.59448713290501,missing
red2:lane2:snr24.0:seed4:frame52,24.0,52,profiled_cz,0,true,false,true,missing,false,true,gradient_only,1,9,0,0.9524268855773103,1.5881149069510883,missing
red2:lane2:snr24.0:seed4:frame53,24.0,53,profiled_cz,1,false,false,true,missing,false,true,gradient_only,1,15,0,0.2569117549978677,2.1419205493107447,missing
red2:lane2:snr24.0:seed4:frame54,24.0,54,profiled_cz,1,false,false,true,missing,false,true,gradient_only,1,17,0,0.513563336140215,2.6431539153203465,missing
red2:lane2:snr24.0:seed4:frame55,24.0,55,profiled_cz,0,true,false,true,missing,false,true,gradient_only,1,7,0,0.3854861021543737,1.7938853075034287,missing
red2:lane2:snr24.0:seed4:frame56,24.0,56,profiled_cz,0,true,false,true,missing,false,true,gradient_only,1,11,0,0.21867594203400845,1.3139016114290607,missing
red2:lane2:snr24.0:seed4:frame57,24.0,57,profiled_cz,0,true,false,true,missing,false,true,gradient_only,1,5,0,0.7094947995032045,1.2219992722339617,missing
red2:lane2:snr24.0:seed4:frame58,24.0,58,profiled_cz,0,true,false,true,missing,false,true,gradient_only,1,11,0,0.3101531950966564,2.261048558920804,missing
red2:lane2:snr24.0:seed4:frame59,24.0,59,profiled_cz,0,true,false,true,missing,false,true,gradient_only,1,10,0,0.32961068443580727,2.0353920604604063,missing
red2:lane2:snr24.0:seed4:frame60,24.0,60,profiled_cz,1,false,false,true,missing,false,true,gradient_only,1,13,0,2.0552312424253922,3.470345572156338,missing
red2:lane2:snr26.0:seed4:frame1,26.0,1,cwz_joint,0,true,false,true,missing,false,true,gradient_only,8,13,0,0.19813208870733146,19.76598345073669,missing
red2:lane2:snr26.0:seed4:frame2,26.0,2,cwz_joint,0,true,false,true,missing,false,true,gradient_only,8,6,0,0.2293827557641945,18.87208518403069,missing
red2:lane2:snr26.0:seed4:frame3,26.0,3,cwz_joint,0,true,false,true,missing,false,true,gradient_only,8,15,0,0.5155800742235485,22.758726959463374,missing
red2:lane2:snr26.0:seed4:frame4,26.0,4,cwz_joint,0,true,false,true,missing,false,true,gradient_only,8,12,0,0.26264360164311984,17.70018991881558,missing
red2:lane2:snr26.0:seed4:frame5,26.0,5,cwz_joint,0,true,false,true,missing,false,true,gradient_only,8,7,0,0.12910266648879926,19.225654501567302,missing
red2:lane2:snr26.0:seed4:frame6,26.0,6,cwz_joint,0,true,false,true,missing,false,true,gradient_only,8,7,0,0.6861383289683889,24.252923342306907,missing
red2:lane2:snr26.0:seed4:frame7,26.0,7,cwz_joint,0,true,false,true,missing,false,true,gradient_only,8,7,0,0.4345145132941849,15.21995689370385,missing
red2:lane2:snr26.0:seed4:frame8,26.0,8,cwz_joint,0,true,false,true,missing,false,true,gradient_only,8,13,0,0.661953166499664,26.016242457821754,missing
red2:lane2:snr26.0:seed4:frame9,26.0,9,cwz_joint,0,true,false,true,missing,false,true,gradient_only,8,7,0,0.33284694763016287,22.1024319107653,missing
red2:lane2:snr26.0:seed4:frame10,26.0,10,cwz_joint,0,true,false,true,missing,false,true,gradient_only,8,8,0,0.48460948392680775,19.070731595193816,missing
red2:lane2:snr26.0:seed4:frame11,26.0,11,cwz_joint,0,true,false,true,missing,false,true,gradient_only,8,9,0,0.21164585416456436,21.401511650528697,missing
red2:lane2:snr26.0:seed4:frame12,26.0,12,cwz_joint,0,true,false,true,missing,false,true,gradient_only,8,9,0,0.5770375441674161,17.093028637549796,missing
red2:lane2:snr26.0:seed4:frame13,26.0,13,cwz_joint,1,false,false,true,missing,false,true,gradient_only,8,11,0,0.3637539661200996,26.57063915191413,missing
red2:lane2:snr26.0:seed4:frame14,26.0,14,cwz_joint,0,true,false,true,missing,false,true,gradient_only,8,13,0,0.5324767030504212,27.599054558953444,missing
red2:lane2:snr26.0:seed4:frame15,26.0,15,cwz_joint,0,true,false,true,missing,false,true,gradient_only,8,6,0,0.2540635131257921,17.398606661352268,missing
red2:lane2:snr26.0:seed4:frame16,26.0,16,cwz_joint,0,true,false,true,missing,false,true,gradient_only,8,10,0,0.2411747154096485,21.065623876811063,missing
red2:lane2:snr26.0:seed4:frame17,26.0,17,cwz_joint,0,true,false,true,missing,false,true,gradient_only,8,11,0,0.3607622315106516,17.278051491393125,missing
red2:lane2:snr26.0:seed4:frame18,26.0,18,cwz_joint,0,true,false,true,missing,false,true,gradient_only,8,14,0,0.8224031947067152,24.566348430807373,missing
red2:lane2:snr26.0:seed4:frame19,26.0,19,cwz_joint,0,true,false,true,missing,false,true,gradient_only,8,18,0,11.757832853736508,21.830569084333007,missing
red2:lane2:snr26.0:seed4:frame20,26.0,20,cwz_joint,0,true,false,true,missing,false,true,gradient_only,8,7,0,0.3336798363750249,18.318077534231715,missing
red2:lane2:snr26.0:seed4:frame21,26.0,21,cwz_joint,0,true,false,true,missing,false,true,gradient_only,8,12,0,0.2922247250912555,20.89175903023107,missing
red2:lane2:snr26.0:seed4:frame22,26.0,22,cwz_joint,0,true,false,true,missing,false,true,gradient_only,8,3,0,0.21694263489340443,20.530384640222152,missing
red2:lane2:snr26.0:seed4:frame23,26.0,23,cwz_joint,0,true,false,true,missing,false,true,gradient_only,8,7,0,0.38224170122268947,24.268773828186262,missing
red2:lane2:snr26.0:seed4:frame24,26.0,24,cwz_joint,4,false,false,true,missing,false,true,gradient_only,8,24,0,1.2602796662374327,26.6356220325521,missing
red2:lane2:snr26.0:seed4:frame25,26.0,25,cwz_joint,0,true,false,true,missing,false,true,gradient_only,8,13,0,0.3010249176312651,20.463720904019524,missing
red2:lane2:snr26.0:seed4:frame26,26.0,26,cwz_joint,0,true,false,true,missing,false,true,gradient_only,8,8,0,0.26582520150247035,20.93597927283614,missing
red2:lane2:snr26.0:seed4:frame27,26.0,27,cwz_joint,0,true,false,true,missing,false,true,gradient_only,8,10,0,0.39784793762303194,19.826207525379484,missing
red2:lane2:snr26.0:seed4:frame28,26.0,28,cwz_joint,1,false,false,true,missing,false,true,gradient_only,8,16,0,0.3928702311082925,92.33453513549794,missing
red2:lane2:snr26.0:seed4:frame29,26.0,29,cwz_joint,0,true,false,true,missing,false,true,gradient_only,8,5,0,0.3571160669499649,21.328400650506293,missing
red2:lane2:snr26.0:seed4:frame30,26.0,30,cwz_joint,0,true,false,true,missing,false,true,gradient_only,8,8,0,0.30251523075457704,19.319591688063337,missing
red2:lane2:snr26.0:seed4:frame31,26.0,31,cwz_joint,0,true,false,true,missing,false,true,gradient_only,8,15,0,0.6302609002912459,24.049097118190645,missing
red2:lane2:snr26.0:seed4:frame32,26.0,32,cwz_joint,0,true,false,true,missing,false,true,gradient_only,8,14,0,0.5074942810840728,25.72786365550431,missing
red2:lane2:snr26.0:seed4:frame33,26.0,33,cwz_joint,0,true,false,true,missing,false,true,gradient_only,8,13,0,0.26278338895164055,23.04441866688389,missing
red2:lane2:snr26.0:seed4:frame34,26.0,34,cwz_joint,0,true,false,true,missing,false,true,gradient_only,8,20,0,5.427775715843143,23.6569408304007,missing
red2:lane2:snr26.0:seed4:frame35,26.0,35,cwz_joint,0,true,false,true,missing,false,true,gradient_only,8,12,0,0.8288961866807625,22.277877002944763,missing
red2:lane2:snr26.0:seed4:frame36,26.0,36,cwz_joint,0,true,false,true,missing,false,true,gradient_only,8,10,0,0.27057709856663326,23.27683075192664,missing
red2:lane2:snr26.0:seed4:frame37,26.0,37,cwz_joint,1,false,false,true,missing,false,true,gradient_only,8,6,0,0.325146548197437,21.561712884345464,missing
red2:lane2:snr26.0:seed4:frame38,26.0,38,cwz_joint,1,false,false,true,missing,false,true,gradient_only,8,6,0,0.36386285109443045,20.727472731593195,missing
red2:lane2:snr26.0:seed4:frame39,26.0,39,cwz_joint,0,true,false,true,missing,false,true,gradient_only,8,7,0,0.3706962913532202,21.460859137353197,missing
red2:lane2:snr26.0:seed4:frame40,26.0,40,cwz_joint,0,true,false,true,missing,false,true,gradient_only,8,15,0,0.40073217483303736,18.426023992171263,missing
red2:lane2:snr26.0:seed4:frame41,26.0,41,cwz_joint,0,true,false,true,missing,false,true,gradient_only,8,8,0,0.40350991390170793,24.442058786632604,missing
red2:lane2:snr26.0:seed4:frame42,26.0,42,cwz_joint,0,true,false,true,missing,false,true,gradient_only,8,7,0,0.5281855291634039,17.82530901786869,missing
red2:lane2:snr26.0:seed4:frame43,26.0,43,cwz_joint,1,false,false,true,missing,false,true,gradient_only,8,22,0,0.887686100823683,127.59490994701207,missing
red2:lane2:snr26.0:seed4:frame44,26.0,44,cwz_joint,0,true,false,true,missing,false,true,gradient_only,8,10,0,0.8936134561658375,24.616423046088176,missing
red2:lane2:snr26.0:seed4:frame45,26.0,45,cwz_joint,0,true,false,true,missing,false,true,gradient_only,8,5,0,0.21048428552036405,17.22170633286205,missing
red2:lane2:snr26.0:seed4:frame46,26.0,46,cwz_joint,0,true,false,true,missing,false,true,gradient_only,8,9,0,2.4084300443581648,24.340944715782953,missing
red2:lane2:snr26.0:seed4:frame47,26.0,47,cwz_joint,0,true,false,true,missing,false,true,gradient_only,8,10,0,0.3035285246982025,21.045788631341296,missing
red2:lane2:snr26.0:seed4:frame48,26.0,48,cwz_joint,0,true,false,true,missing,false,true,gradient_only,8,13,0,0.6666336869524906,26.844045869764276,missing
red2:lane2:snr26.0:seed4:frame49,26.0,49,cwz_joint,1,false,false,true,missing,false,true,gradient_only,8,19,0,0.4303385546650126,24.470604554363184,missing
red2:lane2:snr26.0:seed4:frame50,26.0,50,cwz_joint,0,true,false,true,missing,false,true,gradient_only,8,8,0,0.22511337220305525,10.090702974347334,missing
red2:lane2:snr26.0:seed4:frame51,26.0,51,cwz_joint,1,false,false,true,missing,false,true,gradient_only,8,18,0,0.44201040631314503,20.82249297411332,missing
red2:lane2:snr26.0:seed4:frame52,26.0,52,cwz_joint,0,true,false,true,missing,false,true,gradient_only,8,9,0,0.3702790973788417,23.719844469358353,missing
red2:lane2:snr26.0:seed4:frame53,26.0,53,cwz_joint,1,false,false,true,missing,false,true,gradient_only,8,15,0,1.0861082890181075,21.940751205592054,missing
red2:lane2:snr26.0:seed4:frame54,26.0,54,cwz_joint,1,false,false,true,missing,false,true,gradient_only,8,15,0,0.7636850557276306,28.89676421867611,missing
red2:lane2:snr26.0:seed4:frame55,26.0,55,cwz_joint,0,true,false,true,missing,false,true,gradient_only,8,7,0,0.2881336018189421,20.387405590727255,missing
red2:lane2:snr26.0:seed4:frame56,26.0,56,cwz_joint,0,true,false,true,missing,false,true,gradient_only,8,10,0,0.20775720426450223,13.09029752925438,missing
red2:lane2:snr26.0:seed4:frame57,26.0,57,cwz_joint,0,true,false,true,missing,false,true,gradient_only,8,5,0,0.40299108724126304,14.757629178046054,missing
red2:lane2:snr26.0:seed4:frame58,26.0,58,cwz_joint,0,true,false,true,missing,false,true,gradient_only,8,12,0,0.2792727710301023,21.12711449020245,missing
red2:lane2:snr26.0:seed4:frame59,26.0,59,cwz_joint,0,true,false,true,missing,false,true,gradient_only,8,10,0,0.33589708653535805,21.031380597654138,missing
red2:lane2:snr26.0:seed4:frame60,26.0,60,cwz_joint,1,false,false,true,missing,false,true,gradient_only,8,14,0,0.8449982909797917,25.733615799819514,missing
red2:lane2:snr26.0:seed4:frame1,26.0,1,profiled_cz,0,true,false,true,missing,false,true,gradient_only,1,13,0,0.19813208870733146,1.0663870884116566,missing
red2:lane2:snr26.0:seed4:frame2,26.0,2,profiled_cz,0,true,false,true,missing,false,true,gradient_only,1,6,0,0.2293827557641945,1.0188734108494222,missing
red2:lane2:snr26.0:seed4:frame3,26.0,3,profiled_cz,0,true,false,true,missing,false,true,gradient_only,1,15,0,0.5155800742235485,1.9700550238923393,missing
red2:lane2:snr26.0:seed4:frame4,26.0,4,profiled_cz,0,true,false,true,missing,false,true,gradient_only,1,12,0,0.26264360164311984,1.7329703989394787,missing
red2:lane2:snr26.0:seed4:frame5,26.0,5,profiled_cz,0,true,false,true,missing,false,true,gradient_only,1,7,0,0.12910266648879926,1.017245179379716,missing
red2:lane2:snr26.0:seed4:frame6,26.0,6,profiled_cz,0,true,false,true,missing,false,true,gradient_only,1,7,0,0.6861383289683889,1.6611574234546826,missing
red2:lane2:snr26.0:seed4:frame7,26.0,7,profiled_cz,0,true,false,true,missing,false,true,gradient_only,1,7,0,0.4345145132941849,1.4520780848238244,missing
red2:lane2:snr26.0:seed4:frame8,26.0,8,profiled_cz,0,true,false,true,missing,false,true,gradient_only,1,13,0,0.661953166499664,1.9960893229378216,missing
red2:lane2:snr26.0:seed4:frame9,26.0,9,profiled_cz,0,true,false,true,missing,false,true,gradient_only,1,7,0,0.33284694763016287,1.872265042533972,missing
red2:lane2:snr26.0:seed4:frame10,26.0,10,profiled_cz,0,true,false,true,missing,false,true,gradient_only,1,8,0,0.48460948392680775,1.8730066795629023,missing
red2:lane2:snr26.0:seed4:frame11,26.0,11,profiled_cz,0,true,false,true,missing,false,true,gradient_only,1,9,0,0.21164585416456436,0.9722904306183626,missing
red2:lane2:snr26.0:seed4:frame12,26.0,12,profiled_cz,0,true,false,true,missing,false,true,gradient_only,1,9,0,0.5770375441674161,1.2714897652792811,missing
red2:lane2:snr26.0:seed4:frame13,26.0,13,profiled_cz,1,false,false,true,missing,false,true,gradient_only,1,11,0,0.3637539661200996,2.428752411339817,missing
red2:lane2:snr26.0:seed4:frame14,26.0,14,profiled_cz,0,true,false,true,missing,false,true,gradient_only,1,13,0,0.5324767030504212,2.2990896765429434,missing
red2:lane2:snr26.0:seed4:frame15,26.0,15,profiled_cz,0,true,false,true,missing,false,true,gradient_only,1,6,0,0.2540635131257921,1.0083855171517,missing
red2:lane2:snr26.0:seed4:frame16,26.0,16,profiled_cz,0,true,false,true,missing,false,true,gradient_only,1,10,0,0.2411747154096485,1.3429355143004684,missing
red2:lane2:snr26.0:seed4:frame17,26.0,17,profiled_cz,0,true,false,true,missing,false,true,gradient_only,1,11,0,0.3607622315106516,1.872120436493329,missing
red2:lane2:snr26.0:seed4:frame18,26.0,18,profiled_cz,0,true,false,true,missing,false,true,gradient_only,1,14,0,0.8224031947067152,2.5251269190686303,missing
red2:lane2:snr26.0:seed4:frame19,26.0,19,profiled_cz,0,true,false,true,missing,false,true,gradient_only,1,18,0,11.757832853736508,1.8634004851362806,missing
red2:lane2:snr26.0:seed4:frame20,26.0,20,profiled_cz,0,true,false,true,missing,false,true,gradient_only,1,7,0,0.3336798363750249,1.784278769004637,missing
red2:lane2:snr26.0:seed4:frame21,26.0,21,profiled_cz,0,true,false,true,missing,false,true,gradient_only,1,12,0,0.2922247250912555,2.1809800839848545,missing
red2:lane2:snr26.0:seed4:frame22,26.0,22,profiled_cz,0,true,false,true,missing,false,true,gradient_only,1,3,0,0.21694263489340443,1.4011202617628045,missing
red2:lane2:snr26.0:seed4:frame23,26.0,23,profiled_cz,0,true,false,true,missing,false,true,gradient_only,1,7,0,0.38224170122268947,1.9200269348849,missing
red2:lane2:snr26.0:seed4:frame24,26.0,24,profiled_cz,4,false,false,true,missing,false,true,gradient_only,1,24,0,1.2602796662374327,2.5801723408806034,missing
red2:lane2:snr26.0:seed4:frame25,26.0,25,profiled_cz,0,true,false,true,missing,false,true,gradient_only,1,13,0,0.3010249176312651,1.2502332158115548,missing
red2:lane2:snr26.0:seed4:frame26,26.0,26,profiled_cz,0,true,false,true,missing,false,true,gradient_only,1,8,0,0.26582520150247035,1.4351915281451162,missing
red2:lane2:snr26.0:seed4:frame27,26.0,27,profiled_cz,0,true,false,true,missing,false,true,gradient_only,1,10,0,0.39784793762303194,2.007935412903923,missing
red2:lane2:snr26.0:seed4:frame28,26.0,28,profiled_cz,1,false,false,true,missing,false,true,gradient_only,1,16,0,0.3928702311082925,4.6221818593773785,missing
red2:lane2:snr26.0:seed4:frame29,26.0,29,profiled_cz,0,true,false,true,missing,false,true,gradient_only,1,5,0,0.3571160669499649,1.1308415215076286,missing
red2:lane2:snr26.0:seed4:frame30,26.0,30,profiled_cz,0,true,false,true,missing,false,true,gradient_only,1,8,0,0.30251523075457704,2.6196735299157963,missing
red2:lane2:snr26.0:seed4:frame31,26.0,31,profiled_cz,0,true,false,true,missing,false,true,gradient_only,1,15,0,0.6302609002912459,2.6260531990669307,missing
red2:lane2:snr26.0:seed4:frame32,26.0,32,profiled_cz,0,true,false,true,missing,false,true,gradient_only,1,14,0,0.5074942810840728,3.217780028288429,missing
red2:lane2:snr26.0:seed4:frame33,26.0,33,profiled_cz,0,true,false,true,missing,false,true,gradient_only,1,13,0,0.26278338895164055,2.4107743861169353,missing
red2:lane2:snr26.0:seed4:frame34,26.0,34,profiled_cz,0,true,false,false,missing,false,true,gradient_only,1,20,5,5.427775715843143,2.592093490482784,missing
red2:lane2:snr26.0:seed4:frame35,26.0,35,profiled_cz,0,true,false,true,missing,false,true,gradient_only,1,12,0,0.8288961866807625,3.046499822064952,missing
red2:lane2:snr26.0:seed4:frame36,26.0,36,profiled_cz,0,true,false,true,missing,false,true,gradient_only,1,10,0,0.27057709856663326,1.8706846216237483,missing
red2:lane2:snr26.0:seed4:frame37,26.0,37,profiled_cz,1,false,false,true,missing,false,true,gradient_only,1,6,0,0.325146548197437,2.3929695984575035,missing
red2:lane2:snr26.0:seed4:frame38,26.0,38,profiled_cz,1,false,false,true,missing,false,true,gradient_only,1,6,0,0.36386285109443045,1.6903114626623017,missing
red2:lane2:snr26.0:seed4:frame39,26.0,39,profiled_cz,0,true,false,true,missing,false,true,gradient_only,1,7,0,0.3706962913532202,2.174120692583296,missing
red2:lane2:snr26.0:seed4:frame40,26.0,40,profiled_cz,0,true,false,true,missing,false,true,gradient_only,1,15,0,0.40073217483303736,1.8239919795638628,missing
red2:lane2:snr26.0:seed4:frame41,26.0,41,profiled_cz,0,true,false,true,missing,false,true,gradient_only,1,8,0,0.40350991390170793,2.473879040375798,missing
red2:lane2:snr26.0:seed4:frame42,26.0,42,profiled_cz,0,true,false,true,missing,false,true,gradient_only,1,7,0,0.5281855291634039,0.9810085401231734,missing
red2:lane2:snr26.0:seed4:frame43,26.0,43,profiled_cz,1,false,false,true,missing,false,true,gradient_only,1,22,0,0.887686100823683,8.211083710023845,missing
red2:lane2:snr26.0:seed4:frame44,26.0,44,profiled_cz,0,true,false,true,missing,false,true,gradient_only,1,10,0,0.8936134561658375,3.1365183573179904,missing
red2:lane2:snr26.0:seed4:frame45,26.0,45,profiled_cz,0,true,false,true,missing,false,true,gradient_only,1,5,0,0.21048428552036405,1.2049340670292406,missing
red2:lane2:snr26.0:seed4:frame46,26.0,46,profiled_cz,0,true,false,true,missing,false,true,gradient_only,1,9,0,2.4084300443581648,2.8632218538788217,missing
red2:lane2:snr26.0:seed4:frame47,26.0,47,profiled_cz,0,true,false,true,missing,false,true,gradient_only,1,10,0,0.3035285246982025,1.4265882357604895,missing
red2:lane2:snr26.0:seed4:frame48,26.0,48,profiled_cz,0,true,false,true,missing,false,true,gradient_only,1,13,0,0.6666336869524906,2.8890896925810394,missing
red2:lane2:snr26.0:seed4:frame49,26.0,49,profiled_cz,1,false,false,true,missing,false,true,gradient_only,1,19,0,0.4303385546650126,3.120087835034781,missing
red2:lane2:snr26.0:seed4:frame50,26.0,50,profiled_cz,0,true,false,true,missing,false,true,gradient_only,1,8,0,0.22511337220305525,0.7932574932703212,missing
red2:lane2:snr26.0:seed4:frame51,26.0,51,profiled_cz,1,false,false,true,missing,false,true,gradient_only,1,18,0,0.44201040631314503,1.5709934861267432,missing
red2:lane2:snr26.0:seed4:frame52,26.0,52,profiled_cz,0,true,false,true,missing,false,true,gradient_only,1,9,0,0.3702790973788417,1.546154148759024,missing
red2:lane2:snr26.0:seed4:frame53,26.0,53,profiled_cz,1,false,false,true,missing,false,true,gradient_only,1,15,0,1.0861082890181075,2.1338712122578847,missing
red2:lane2:snr26.0:seed4:frame54,26.0,54,profiled_cz,1,false,false,true,missing,false,true,gradient_only,1,15,0,0.7636850557276306,2.5588964771433633,missing
red2:lane2:snr26.0:seed4:frame55,26.0,55,profiled_cz,0,true,false,true,missing,false,true,gradient_only,1,7,0,0.2881336018189421,1.7619076607725317,missing
red2:lane2:snr26.0:seed4:frame56,26.0,56,profiled_cz,0,true,false,true,missing,false,true,gradient_only,1,10,0,0.20775720426450223,1.2976501419531035,missing
red2:lane2:snr26.0:seed4:frame57,26.0,57,profiled_cz,0,true,false,true,missing,false,true,gradient_only,1,5,0,0.40299108724126304,1.2058801535151804,missing
red2:lane2:snr26.0:seed4:frame58,26.0,58,profiled_cz,0,true,false,true,missing,false,true,gradient_only,1,12,0,0.2792727710301023,2.225670593717132,missing
red2:lane2:snr26.0:seed4:frame59,26.0,59,profiled_cz,0,true,false,true,missing,false,true,gradient_only,1,10,0,0.33589708653535805,1.870064056881885,missing
red2:lane2:snr26.0:seed4:frame60,26.0,60,profiled_cz,1,false,false,true,missing,false,true,gradient_only,1,14,0,0.8449982909797917,3.441585202010935,missing
red2:lane2:snr28.0:seed4:frame1,28.0,1,cwz_joint,0,true,false,true,missing,false,true,gradient_only,8,12,0,0.20098443743165584,19.664326026378465,missing
red2:lane2:snr28.0:seed4:frame2,28.0,2,cwz_joint,0,true,false,true,missing,false,true,gradient_only,8,6,0,0.21137039673719712,18.81671740933081,missing
red2:lane2:snr28.0:seed4:frame3,28.0,3,cwz_joint,0,true,false,true,missing,false,true,gradient_only,8,13,0,0.5614430439431946,22.3412718717971,missing
red2:lane2:snr28.0:seed4:frame4,28.0,4,cwz_joint,0,true,false,true,missing,false,true,gradient_only,8,11,0,0.31053926940566606,17.519698352991867,missing
red2:lane2:snr28.0:seed4:frame5,28.0,5,cwz_joint,0,true,false,true,missing,false,true,gradient_only,8,6,0,0.1307515849719516,19.114994178550816,missing
red2:lane2:snr28.0:seed4:frame6,28.0,6,cwz_joint,0,true,false,true,missing,false,true,gradient_only,8,7,0,0.4999667504343581,24.179285971211385,missing
red2:lane2:snr28.0:seed4:frame7,28.0,7,cwz_joint,0,true,false,true,missing,false,true,gradient_only,8,7,0,0.37640055069951844,15.111468966054865,missing
red2:lane2:snr28.0:seed4:frame8,28.0,8,cwz_joint,0,true,false,true,missing,false,true,gradient_only,8,12,0,0.354937105191235,25.89579888539031,missing
red2:lane2:snr28.0:seed4:frame9,28.0,9,cwz_joint,0,true,false,true,missing,false,true,gradient_only,8,5,0,0.2888984281705723,21.997519811918735,missing
red2:lane2:snr28.0:seed4:frame10,28.0,10,cwz_joint,0,true,false,true,missing,false,true,gradient_only,8,8,0,0.26388723398547537,18.977737599637344,missing
red2:lane2:snr28.0:seed4:frame11,28.0,11,cwz_joint,0,true,false,true,missing,false,true,gradient_only,8,9,0,0.21017311600384297,21.256238109818625,missing
red2:lane2:snr28.0:seed4:frame12,28.0,12,cwz_joint,0,true,false,true,missing,false,true,gradient_only,8,9,0,0.31109680484450397,16.91378747786346,missing
red2:lane2:snr28.0:seed4:frame13,28.0,13,cwz_joint,0,true,false,true,missing,false,true,gradient_only,8,13,0,0.39683827349331996,26.584530682560214,missing
red2:lane2:snr28.0:seed4:frame14,28.0,14,cwz_joint,0,true,false,true,missing,false,true,gradient_only,8,9,0,0.651340267341771,27.660322092450897,missing
red2:lane2:snr28.0:seed4:frame15,28.0,15,cwz_joint,0,true,false,true,missing,false,true,gradient_only,8,5,0,0.43467623414398426,17.283259312135545,missing
red2:lane2:snr28.0:seed4:frame16,28.0,16,cwz_joint,0,true,false,true,missing,false,true,gradient_only,8,9,0,0.23799986569674556,21.013620688316212,missing
red2:lane2:snr28.0:seed4:frame17,28.0,17,cwz_joint,0,true,false,true,missing,false,true,gradient_only,8,12,0,0.3254469253027962,17.176316890405584,missing
red2:lane2:snr28.0:seed4:frame18,28.0,18,cwz_joint,0,true,false,true,missing,false,true,gradient_only,8,12,0,0.5031750997845668,24.415397334593145,missing
red2:lane2:snr28.0:seed4:frame19,28.0,19,cwz_joint,0,true,false,true,missing,false,true,gradient_only,8,17,0,0.38276201102301455,21.678928655912003,missing
red2:lane2:snr28.0:seed4:frame20,28.0,20,cwz_joint,0,true,false,true,missing,false,true,gradient_only,8,6,0,0.2708830494554093,18.184753405238563,missing
red2:lane2:snr28.0:seed4:frame21,28.0,21,cwz_joint,0,true,false,true,missing,false,true,gradient_only,8,11,0,0.2524869808382531,20.72907336819427,missing
red2:lane2:snr28.0:seed4:frame22,28.0,22,cwz_joint,0,true,false,true,missing,false,true,gradient_only,8,3,0,0.21352727761517587,20.43477226951765,missing
red2:lane2:snr28.0:seed4:frame23,28.0,23,cwz_joint,0,true,false,true,missing,false,true,gradient_only,8,7,0,0.3586732098600563,24.074064241381226,missing
red2:lane2:snr28.0:seed4:frame24,28.0,24,cwz_joint,2,false,false,true,missing,false,true,gradient_only,8,14,0,0.5773835744724469,25.706783232089023,missing
red2:lane2:snr28.0:seed4:frame25,28.0,25,cwz_joint,0,true,false,true,missing,false,true,gradient_only,8,12,0,0.3142727903178073,20.33089154483828,missing
red2:lane2:snr28.0:seed4:frame26,28.0,26,cwz_joint,0,true,false,true,missing,false,true,gradient_only,8,8,0,0.3261258584339367,20.84536774903978,missing
red2:lane2:snr28.0:seed4:frame27,28.0,27,cwz_joint,0,true,false,true,missing,false,true,gradient_only,8,9,0,0.8072795565831585,19.6027544298581,missing
red2:lane2:snr28.0:seed4:frame28,28.0,28,cwz_joint,1,false,false,true,missing,false,true,gradient_only,8,11,0,0.3883289466628541,70.15196592814806,missing
red2:lane2:snr28.0:seed4:frame29,28.0,29,cwz_joint,0,true,false,true,missing,false,true,gradient_only,8,6,0,0.26924195790151473,21.24280443052683,missing
red2:lane2:snr28.0:seed4:frame30,28.0,30,cwz_joint,0,true,false,true,missing,false,true,gradient_only,8,8,0,0.32874687111372425,19.376121649047178,missing
red2:lane2:snr28.0:seed4:frame31,28.0,31,cwz_joint,0,true,false,true,missing,false,true,gradient_only,8,16,0,0.5416020983696008,24.32324969326115,missing
red2:lane2:snr28.0:seed4:frame32,28.0,32,cwz_joint,0,true,false,true,missing,false,true,gradient_only,8,15,0,0.6190887144783505,26.251367498185736,missing
red2:lane2:snr28.0:seed4:frame33,28.0,33,cwz_joint,0,true,false,true,missing,false,true,gradient_only,8,13,0,0.23946794054922727,22.86408789056242,missing
red2:lane2:snr28.0:seed4:frame34,28.0,34,cwz_joint,1,false,false,true,missing,false,true,gradient_only,8,20,0,0.5539009231753076,23.422356815928993,missing
red2:lane2:snr28.0:seed4:frame35,28.0,35,cwz_joint,1,false,false,true,missing,false,true,gradient_only,8,17,0,0.5005363501926602,22.00496171567001,missing
red2:lane2:snr28.0:seed4:frame36,28.0,36,cwz_joint,0,true,false,true,missing,false,true,gradient_only,8,9,0,0.2596824215683906,23.31583274051504,missing
red2:lane2:snr28.0:seed4:frame37,28.0,37,cwz_joint,1,false,false,true,missing,false,true,gradient_only,8,6,0,0.8883846910033198,21.421239375560702,missing
red2:lane2:snr28.0:seed4:frame38,28.0,38,cwz_joint,1,false,false,true,missing,false,true,gradient_only,8,5,0,0.5118076999101501,20.704257396170124,missing
red2:lane2:snr28.0:seed4:frame39,28.0,39,cwz_joint,0,true,false,true,missing,false,true,gradient_only,8,8,0,0.55744817564373,21.246867133171047,missing
red2:lane2:snr28.0:seed4:frame40,28.0,40,cwz_joint,0,true,false,true,missing,false,true,gradient_only,8,15,0,0.3958570938221533,18.32014643840783,missing
red2:lane2:snr28.0:seed4:frame41,28.0,41,cwz_joint,0,true,false,true,missing,false,true,gradient_only,8,5,0,9.755958360014137,24.364727979411303,missing
red2:lane2:snr28.0:seed4:frame42,28.0,42,cwz_joint,0,true,false,true,missing,false,true,gradient_only,8,7,0,0.33629168186442754,17.76301233020385,missing
red2:lane2:snr28.0:seed4:frame43,28.0,43,cwz_joint,0,true,false,true,missing,false,true,gradient_only,8,18,0,0.5413848403133287,94.89243915873723,missing
red2:lane2:snr28.0:seed4:frame44,28.0,44,cwz_joint,0,true,false,true,missing,false,true,gradient_only,8,6,0,0.27801999481107903,24.651049639697927,missing
red2:lane2:snr28.0:seed4:frame45,28.0,45,cwz_joint,0,true,false,true,missing,false,true,gradient_only,8,4,0,0.2023482984643374,17.08970245826036,missing
red2:lane2:snr28.0:seed4:frame46,28.0,46,cwz_joint,1,false,false,true,missing,false,true,gradient_only,8,13,0,0.34821248931520715,24.32526265491889,missing
red2:lane2:snr28.0:seed4:frame47,28.0,47,cwz_joint,0,true,false,true,missing,false,true,gradient_only,8,9,0,0.4093312317767802,20.905558541354782,missing
red2:lane2:snr28.0:seed4:frame48,28.0,48,cwz_joint,1,false,false,true,missing,false,true,gradient_only,8,10,0,0.44434879376098035,26.847812778713532,missing
red2:lane2:snr28.0:seed4:frame49,28.0,49,cwz_joint,1,false,false,true,missing,false,true,gradient_only,8,19,0,2.730552140226266,24.603928733594643,missing
red2:lane2:snr28.0:seed4:frame50,28.0,50,cwz_joint,0,true,false,true,missing,false,true,gradient_only,8,7,0,0.15518387980049614,9.971330772297922,missing
red2:lane2:snr28.0:seed4:frame51,28.0,51,cwz_joint,1,false,false,true,missing,false,true,gradient_only,8,12,0,0.24647778341609997,20.673470733984615,missing
red2:lane2:snr28.0:seed4:frame52,28.0,52,cwz_joint,0,true,false,true,missing,false,true,gradient_only,8,9,0,0.357587286053043,23.51850022700168,missing
red2:lane2:snr28.0:seed4:frame53,28.0,53,cwz_joint,1,false,false,true,missing,false,true,gradient_only,8,11,0,0.3192110208352282,21.883450583795913,missing
red2:lane2:snr28.0:seed4:frame54,28.0,54,cwz_joint,0,true,false,true,missing,false,true,gradient_only,8,15,0,0.8564562487283003,29.0016295527367,missing
red2:lane2:snr28.0:seed4:frame55,28.0,55,cwz_joint,0,true,false,true,missing,false,true,gradient_only,8,6,0,0.29630699607916816,20.355137427456302,missing
red2:lane2:snr28.0:seed4:frame56,28.0,56,cwz_joint,0,true,false,true,missing,false,true,gradient_only,8,10,0,0.2059977726438288,13.100075374612436,missing
red2:lane2:snr28.0:seed4:frame57,28.0,57,cwz_joint,0,true,false,true,missing,false,true,gradient_only,8,5,0,0.49279663649855826,14.660062418680644,missing
red2:lane2:snr28.0:seed4:frame58,28.0,58,cwz_joint,0,true,false,true,missing,false,true,gradient_only,8,12,0,0.2722736286255213,21.10001624706676,missing
red2:lane2:snr28.0:seed4:frame59,28.0,59,cwz_joint,0,true,false,true,missing,false,true,gradient_only,8,10,0,0.29549553453678085,20.764133585387587,missing
red2:lane2:snr28.0:seed4:frame60,28.0,60,cwz_joint,1,false,false,true,missing,false,true,gradient_only,8,14,0,1.1326784236052705,25.65961713805684,missing
red2:lane2:snr28.0:seed4:frame1,28.0,1,profiled_cz,0,true,false,true,missing,false,true,gradient_only,1,12,0,0.20098443743165584,1.0581013258569805,missing
red2:lane2:snr28.0:seed4:frame2,28.0,2,profiled_cz,0,true,false,true,missing,false,true,gradient_only,1,6,0,0.21137039673719712,1.0084977008869433,missing
red2:lane2:snr28.0:seed4:frame3,28.0,3,profiled_cz,0,true,false,true,missing,false,true,gradient_only,1,13,0,0.5614430439431946,1.9425250089464916,missing
red2:lane2:snr28.0:seed4:frame4,28.0,4,profiled_cz,0,true,false,true,missing,false,true,gradient_only,1,11,0,0.31053926940566606,1.7084559800642984,missing
red2:lane2:snr28.0:seed4:frame5,28.0,5,profiled_cz,0,true,false,true,missing,false,true,gradient_only,1,6,0,0.1307515849719516,1.0008048961806064,missing
red2:lane2:snr28.0:seed4:frame6,28.0,6,profiled_cz,0,true,false,true,missing,false,true,gradient_only,1,7,0,0.4999667504343581,1.6462865014989336,missing
red2:lane2:snr28.0:seed4:frame7,28.0,7,profiled_cz,0,true,false,true,missing,false,true,gradient_only,1,7,0,0.37640055069951844,1.4388903364515664,missing
red2:lane2:snr28.0:seed4:frame8,28.0,8,profiled_cz,0,true,false,true,missing,false,true,gradient_only,1,12,0,0.354937105191235,1.99589059292778,missing
red2:lane2:snr28.0:seed4:frame9,28.0,9,profiled_cz,0,true,false,true,missing,false,true,gradient_only,1,5,0,0.2888984281705723,1.8592932801288018,missing
red2:lane2:snr28.0:seed4:frame10,28.0,10,profiled_cz,0,true,false,true,missing,false,true,gradient_only,1,8,0,0.26388723398547537,1.8396931910790981,missing
red2:lane2:snr28.0:seed4:frame11,28.0,11,profiled_cz,0,true,false,true,missing,false,true,gradient_only,1,9,0,0.21017311600384297,0.9530460990424239,missing
red2:lane2:snr28.0:seed4:frame12,28.0,12,profiled_cz,0,true,false,true,missing,false,true,gradient_only,1,9,0,0.31109680484450397,1.2505960064735706,missing
red2:lane2:snr28.0:seed4:frame13,28.0,13,profiled_cz,0,true,false,true,missing,false,true,gradient_only,1,13,0,0.39683827349331996,2.3888120270585986,missing
red2:lane2:snr28.0:seed4:frame14,28.0,14,profiled_cz,0,true,false,true,missing,false,true,gradient_only,1,9,0,0.651340267341771,2.286183799969454,missing
red2:lane2:snr28.0:seed4:frame15,28.0,15,profiled_cz,0,true,false,true,missing,false,true,gradient_only,1,5,0,0.43467623414398426,1.0000328584551414,missing
red2:lane2:snr28.0:seed4:frame16,28.0,16,profiled_cz,0,true,false,true,missing,false,true,gradient_only,1,9,0,0.23799986569674556,1.2814244209397085,missing
red2:lane2:snr28.0:seed4:frame17,28.0,17,profiled_cz,0,true,false,true,missing,false,true,gradient_only,1,12,0,0.3254469253027962,1.863239865032681,missing
red2:lane2:snr28.0:seed4:frame18,28.0,18,profiled_cz,0,true,false,true,missing,false,true,gradient_only,1,12,0,0.5031750997845668,2.494294447724017,missing
red2:lane2:snr28.0:seed4:frame19,28.0,19,profiled_cz,0,true,false,true,missing,false,true,gradient_only,1,17,0,0.38276201102301455,1.8225649842078264,missing
red2:lane2:snr28.0:seed4:frame20,28.0,20,profiled_cz,0,true,false,true,missing,false,true,gradient_only,1,6,0,0.2708830494554093,1.7357142109582622,missing
red2:lane2:snr28.0:seed4:frame21,28.0,21,profiled_cz,0,true,false,true,missing,false,true,gradient_only,1,11,0,0.2524869808382531,2.1756807129802853,missing
red2:lane2:snr28.0:seed4:frame22,28.0,22,profiled_cz,0,true,false,true,missing,false,true,gradient_only,1,3,0,0.21352727761517587,1.388713963626367,missing
red2:lane2:snr28.0:seed4:frame23,28.0,23,profiled_cz,0,true,false,true,missing,false,true,gradient_only,1,7,0,0.3586732098600563,1.8750960000854837,missing
red2:lane2:snr28.0:seed4:frame24,28.0,24,profiled_cz,2,false,false,true,missing,false,true,gradient_only,1,14,0,0.5773835744724469,2.349700952100031,missing
red2:lane2:snr28.0:seed4:frame25,28.0,25,profiled_cz,0,true,false,true,missing,false,true,gradient_only,1,12,0,0.3142727903178073,1.235784260389318,missing
red2:lane2:snr28.0:seed4:frame26,28.0,26,profiled_cz,0,true,false,true,missing,false,true,gradient_only,1,8,0,0.3261258584339367,1.399385512825261,missing
red2:lane2:snr28.0:seed4:frame27,28.0,27,profiled_cz,0,true,false,true,missing,false,true,gradient_only,1,9,0,0.8072795565831585,1.978591960793386,missing
red2:lane2:snr28.0:seed4:frame28,28.0,28,profiled_cz,1,false,false,true,missing,false,true,gradient_only,1,11,0,0.3883289466628541,3.918137376583743,missing
red2:lane2:snr28.0:seed4:frame29,28.0,29,profiled_cz,0,true,false,true,missing,false,true,gradient_only,1,6,0,0.26924195790151473,1.1206801587841866,missing
red2:lane2:snr28.0:seed4:frame30,28.0,30,profiled_cz,0,true,false,true,missing,false,true,gradient_only,1,8,0,0.32874687111372425,2.6031581680595015,missing
red2:lane2:snr28.0:seed4:frame31,28.0,31,profiled_cz,0,true,false,true,missing,false,true,gradient_only,1,16,0,0.5416020983696008,2.623192970468056,missing
red2:lane2:snr28.0:seed4:frame32,28.0,32,profiled_cz,0,true,false,true,missing,false,true,gradient_only,1,15,0,0.6190887144783505,3.1563494763426685,missing
red2:lane2:snr28.0:seed4:frame33,28.0,33,profiled_cz,0,true,false,true,missing,false,true,gradient_only,1,13,0,0.23946794054922727,2.276080822743629,missing
red2:lane2:snr28.0:seed4:frame34,28.0,34,profiled_cz,1,false,false,true,missing,false,true,gradient_only,1,20,0,0.5539009231753076,2.5956149922404976,missing
red2:lane2:snr28.0:seed4:frame35,28.0,35,profiled_cz,1,false,false,true,missing,false,true,gradient_only,1,17,0,0.5005363501926602,2.9526591900535704,missing
red2:lane2:snr28.0:seed4:frame36,28.0,36,profiled_cz,0,true,false,true,missing,false,true,gradient_only,1,9,0,0.2596824215683906,1.8464967372979448,missing
red2:lane2:snr28.0:seed4:frame37,28.0,37,profiled_cz,1,false,false,true,missing,false,true,gradient_only,1,6,0,0.8883846910033198,2.364717674117047,missing
red2:lane2:snr28.0:seed4:frame38,28.0,38,profiled_cz,1,false,false,true,missing,false,true,gradient_only,1,5,0,0.5118076999101501,1.6905359108580758,missing
red2:lane2:snr28.0:seed4:frame39,28.0,39,profiled_cz,0,true,false,true,missing,false,true,gradient_only,1,8,0,0.55744817564373,2.1264311139873224,missing
red2:lane2:snr28.0:seed4:frame40,28.0,40,profiled_cz,0,true,false,true,missing,false,true,gradient_only,1,15,0,0.3958570938221533,1.807070925413511,missing
red2:lane2:snr28.0:seed4:frame41,28.0,41,profiled_cz,0,true,false,true,missing,false,true,gradient_only,1,5,0,9.755958360014137,2.4887386632569597,missing
red2:lane2:snr28.0:seed4:frame42,28.0,42,profiled_cz,0,true,false,true,missing,false,true,gradient_only,1,7,0,0.33629168186442754,0.9730240809517551,missing
red2:lane2:snr28.0:seed4:frame43,28.0,43,profiled_cz,0,true,false,true,missing,false,true,gradient_only,1,18,0,0.5413848403133287,7.180175213865603,missing
red2:lane2:snr28.0:seed4:frame44,28.0,44,profiled_cz,0,true,false,true,missing,false,true,gradient_only,1,6,0,0.27801999481107903,3.1050627512314057,missing
red2:lane2:snr28.0:seed4:frame45,28.0,45,profiled_cz,0,true,false,true,missing,false,true,gradient_only,1,4,0,0.2023482984643374,1.1924415765276173,missing
red2:lane2:snr28.0:seed4:frame46,28.0,46,profiled_cz,1,false,false,true,missing,false,true,gradient_only,1,13,0,0.34821248931520715,3.05788998401277,missing
red2:lane2:snr28.0:seed4:frame47,28.0,47,profiled_cz,0,true,false,true,missing,false,true,gradient_only,1,9,0,0.4093312317767802,1.4056235109523365,missing
red2:lane2:snr28.0:seed4:frame48,28.0,48,profiled_cz,1,false,false,true,missing,false,true,gradient_only,1,10,0,0.44434879376098035,2.9793170855150004,missing
red2:lane2:snr28.0:seed4:frame49,28.0,49,profiled_cz,1,false,false,true,missing,false,true,gradient_only,1,19,0,2.730552140226266,3.132868676152168,missing
red2:lane2:snr28.0:seed4:frame50,28.0,50,profiled_cz,0,true,false,true,missing,false,true,gradient_only,1,7,0,0.15518387980049614,0.7778881620837322,missing
red2:lane2:snr28.0:seed4:frame51,28.0,51,profiled_cz,1,false,false,true,missing,false,true,gradient_only,1,12,0,0.24647778341609997,1.5550338081970236,missing
red2:lane2:snr28.0:seed4:frame52,28.0,52,profiled_cz,0,true,false,true,missing,false,true,gradient_only,1,9,0,0.357587286053043,1.5136031916256891,missing
red2:lane2:snr28.0:seed4:frame53,28.0,53,profiled_cz,1,false,false,true,missing,false,true,gradient_only,1,11,0,0.3192110208352282,2.278784467508846,missing
red2:lane2:snr28.0:seed4:frame54,28.0,54,profiled_cz,0,true,false,true,missing,false,true,gradient_only,1,15,0,0.8564562487283003,2.5181186180851687,missing
red2:lane2:snr28.0:seed4:frame55,28.0,55,profiled_cz,0,true,false,true,missing,false,true,gradient_only,1,6,0,0.29630699607916816,1.7415598478778593,missing
red2:lane2:snr28.0:seed4:frame56,28.0,56,profiled_cz,0,true,false,true,missing,false,true,gradient_only,1,10,0,0.2059977726438288,1.2926684874584744,missing
red2:lane2:snr28.0:seed4:frame57,28.0,57,profiled_cz,0,true,false,true,missing,false,true,gradient_only,1,5,0,0.49279663649855826,1.1957153393897195,missing
red2:lane2:snr28.0:seed4:frame58,28.0,58,profiled_cz,0,true,false,true,missing,false,true,gradient_only,1,12,0,0.2722736286255213,2.201637135719825,missing
red2:lane2:snr28.0:seed4:frame59,28.0,59,profiled_cz,0,true,false,true,missing,false,true,gradient_only,1,10,0,0.29549553453678085,1.7853134840640363,missing
red2:lane2:snr28.0:seed4:frame60,28.0,60,profiled_cz,1,false,false,true,missing,false,true,gradient_only,1,14,0,1.1326784236052705,3.4263833776223023,missing
red2:lane2:snr30.0:seed4:frame1,30.0,1,cwz_joint,0,true,false,true,missing,false,true,gradient_only,8,13,0,0.20655412562769918,19.608151486206687,missing
red2:lane2:snr30.0:seed4:frame2,30.0,2,cwz_joint,0,true,false,true,missing,false,true,gradient_only,8,6,0,88.69968213215968,18.782346631688,missing
red2:lane2:snr30.0:seed4:frame3,30.0,3,cwz_joint,0,true,false,true,missing,false,true,gradient_only,8,14,0,0.6479829542509672,22.063725414455867,missing
red2:lane2:snr30.0:seed4:frame4,30.0,4,cwz_joint,0,true,false,true,missing,false,true,gradient_only,8,11,0,0.33145583602719175,17.39744242350032,missing
red2:lane2:snr30.0:seed4:frame5,30.0,5,cwz_joint,0,true,false,true,missing,false,true,gradient_only,8,6,0,0.13323168776240008,19.048275816143967,missing
red2:lane2:snr30.0:seed4:frame6,30.0,6,cwz_joint,0,true,false,true,missing,false,true,gradient_only,8,7,0,0.4557542398481889,24.134174480498277,missing
red2:lane2:snr30.0:seed4:frame7,30.0,7,cwz_joint,0,true,false,true,missing,false,true,gradient_only,8,7,0,0.3733425755828942,15.04007703450358,missing
red2:lane2:snr30.0:seed4:frame8,30.0,8,cwz_joint,0,true,false,true,missing,false,true,gradient_only,8,10,0,0.3795257641273059,25.81396499997219,missing
red2:lane2:snr30.0:seed4:frame9,30.0,9,cwz_joint,0,true,false,true,missing,false,true,gradient_only,8,6,0,0.2660497491606505,21.92933482825567,missing
red2:lane2:snr30.0:seed4:frame10,30.0,10,cwz_joint,0,true,false,true,missing,false,true,gradient_only,8,8,0,0.23082573881933294,18.916452344791043,missing
red2:lane2:snr30.0:seed4:frame11,30.0,11,cwz_joint,0,true,false,true,missing,false,true,gradient_only,8,9,0,0.2013739288257695,21.167152973193254,missing
red2:lane2:snr30.0:seed4:frame12,30.0,12,cwz_joint,0,true,false,true,missing,false,true,gradient_only,8,8,0,0.43629804103068964,16.7989806679163,missing
red2:lane2:snr30.0:seed4:frame13,30.0,13,cwz_joint,0,true,false,true,missing,false,true,gradient_only,8,11,0,0.3471275146739759,26.593257157605922,missing
red2:lane2:snr30.0:seed4:frame14,30.0,14,cwz_joint,0,true,false,true,missing,false,true,gradient_only,8,13,0,0.3830357153232547,27.723671128111786,missing
red2:lane2:snr30.0:seed4:frame15,30.0,15,cwz_joint,0,true,false,true,missing,false,true,gradient_only,8,4,0,0.9781880489987627,17.20360538202931,missing
red2:lane2:snr30.0:seed4:frame16,30.0,16,cwz_joint,0,true,false,true,missing,false,true,gradient_only,8,9,0,0.41748777018860905,20.989125996557263,missing
red2:lane2:snr30.0:seed4:frame17,30.0,17,cwz_joint,0,true,false,true,missing,false,true,gradient_only,8,12,0,0.23840243584045612,17.120134090219747,missing
red2:lane2:snr30.0:seed4:frame18,30.0,18,cwz_joint,0,true,false,true,missing,false,true,gradient_only,8,12,0,0.49376961417622545,24.331273968941503,missing
red2:lane2:snr30.0:seed4:frame19,30.0,19,cwz_joint,0,true,false,true,missing,false,true,gradient_only,8,16,0,0.37478667414905675,21.592418991995046,missing
red2:lane2:snr30.0:seed4:frame20,30.0,20,cwz_joint,0,true,false,true,missing,false,true,gradient_only,8,7,0,0.27977624059400813,18.107761557107512,missing
red2:lane2:snr30.0:seed4:frame21,30.0,21,cwz_joint,0,true,false,true,missing,false,true,gradient_only,8,11,0,0.30972333366805155,20.61920669552689,missing
red2:lane2:snr30.0:seed4:frame22,30.0,22,cwz_joint,0,true,false,true,missing,false,true,gradient_only,8,3,0,0.2090279421100323,20.3736749712496,missing
red2:lane2:snr30.0:seed4:frame23,30.0,23,cwz_joint,0,true,false,true,missing,false,true,gradient_only,8,7,0,0.32354004208388587,23.892871488468547,missing
red2:lane2:snr30.0:seed4:frame24,30.0,24,cwz_joint,2,false,false,true,missing,false,true,gradient_only,8,17,0,0.5771479773535398,25.164516572500137,missing
red2:lane2:snr30.0:seed4:frame25,30.0,25,cwz_joint,0,true,false,true,missing,false,true,gradient_only,8,12,0,0.3130320901988628,20.239865433607967,missing
red2:lane2:snr30.0:seed4:frame26,30.0,26,cwz_joint,0,true,false,true,missing,false,true,gradient_only,8,9,0,0.3803867489112482,20.767425866690388,missing
red2:lane2:snr30.0:seed4:frame27,30.0,27,cwz_joint,0,true,false,true,missing,false,true,gradient_only,8,10,0,0.39516981448288474,19.457161880938397,missing
red2:lane2:snr30.0:seed4:frame28,30.0,28,cwz_joint,1,false,false,true,missing,false,true,gradient_only,8,15,0,0.5013572450630751,52.60319556361091,missing
red2:lane2:snr30.0:seed4:frame29,30.0,29,cwz_joint,0,true,false,true,missing,false,true,gradient_only,8,6,0,0.26361284554354913,21.191130626143558,missing
red2:lane2:snr30.0:seed4:frame30,30.0,30,cwz_joint,0,true,false,true,missing,false,true,gradient_only,8,9,0,0.3935564308261188,19.42736900045685,missing
red2:lane2:snr30.0:seed4:frame31,30.0,31,cwz_joint,0,true,false,true,missing,false,true,gradient_only,8,17,0,0.48859349605304947,24.543248829898957,missing
red2:lane2:snr30.0:seed4:frame32,30.0,32,cwz_joint,0,true,false,true,missing,false,true,gradient_only,8,15,0,0.40850004091889375,26.855952620421817,missing
red2:lane2:snr30.0:seed4:frame33,30.0,33,cwz_joint,0,true,false,true,missing,false,true,gradient_only,8,13,0,0.24598910180995082,22.74337636056917,missing
red2:lane2:snr30.0:seed4:frame34,30.0,34,cwz_joint,1,false,false,true,missing,false,true,gradient_only,8,19,0,0.3288492503351009,23.259658509592565,missing
red2:lane2:snr30.0:seed4:frame35,30.0,35,cwz_joint,1,false,false,true,missing,false,true,gradient_only,8,16,0,0.4638536812518144,21.816747467428602,missing
red2:lane2:snr30.0:seed4:frame36,30.0,36,cwz_joint,0,true,false,true,missing,false,true,gradient_only,8,8,0,0.24758620593458508,23.34263093316617,missing
red2:lane2:snr30.0:seed4:frame37,30.0,37,cwz_joint,1,false,false,true,missing,false,true,gradient_only,8,6,0,0.40983770566025474,21.334717945835585,missing
red2:lane2:snr30.0:seed4:frame38,30.0,38,cwz_joint,1,false,false,true,missing,false,true,gradient_only,8,5,0,0.3854609679080398,20.717784322872348,missing
red2:lane2:snr30.0:seed4:frame39,30.0,39,cwz_joint,0,true,false,true,missing,false,true,gradient_only,8,8,0,0.4227350352754178,21.095235553941098,missing
red2:lane2:snr30.0:seed4:frame40,30.0,40,cwz_joint,0,true,false,true,missing,false,true,gradient_only,8,15,0,0.27769580602655913,18.246335087192005,missing
red2:lane2:snr30.0:seed4:frame41,30.0,41,cwz_joint,0,true,false,true,missing,false,true,gradient_only,8,5,0,0.8031336680917847,24.328852186930316,missing
red2:lane2:snr30.0:seed4:frame42,30.0,42,cwz_joint,0,true,false,true,missing,false,true,gradient_only,8,7,0,0.24873289856136066,17.72189146758762,missing
red2:lane2:snr30.0:seed4:frame43,30.0,43,cwz_joint,1,false,false,true,missing,false,true,gradient_only,8,17,0,0.6676349891660665,69.32453658193594,missing
red2:lane2:snr30.0:seed4:frame44,30.0,44,cwz_joint,0,true,false,true,missing,false,true,gradient_only,8,7,0,0.4051982696325302,24.693092378108872,missing
red2:lane2:snr30.0:seed4:frame45,30.0,45,cwz_joint,0,true,false,true,missing,false,true,gradient_only,8,5,0,0.20000332762371617,17.0024759296226,missing
red2:lane2:snr30.0:seed4:frame46,30.0,46,cwz_joint,1,false,false,true,missing,false,true,gradient_only,8,11,0,0.3268329812261986,24.32584374617402,missing
red2:lane2:snr30.0:seed4:frame47,30.0,47,cwz_joint,0,true,false,true,missing,false,true,gradient_only,8,8,0,3.129473136057476,20.816386629780204,missing
red2:lane2:snr30.0:seed4:frame48,30.0,48,cwz_joint,0,true,false,true,missing,false,true,gradient_only,8,13,0,2.700254113310216,26.903591512240343,missing
red2:lane2:snr30.0:seed4:frame49,30.0,49,cwz_joint,0,true,false,true,missing,false,true,gradient_only,8,18,0,0.5896476143239899,24.728094884381033,missing
red2:lane2:snr30.0:seed4:frame50,30.0,50,cwz_joint,0,true,false,true,missing,false,true,gradient_only,8,8,0,0.1446986804422663,9.874758295940929,missing
red2:lane2:snr30.0:seed4:frame51,30.0,51,cwz_joint,1,false,false,true,missing,false,true,gradient_only,8,13,0,0.22818578713811036,20.57770231663296,missing
red2:lane2:snr30.0:seed4:frame52,30.0,52,cwz_joint,0,true,false,true,missing,false,true,gradient_only,8,8,0,0.3194352597248499,23.39208054300718,missing
red2:lane2:snr30.0:seed4:frame53,30.0,53,cwz_joint,1,false,false,true,missing,false,true,gradient_only,8,11,0,0.2926953175320647,21.849053643691036,missing
red2:lane2:snr30.0:seed4:frame54,30.0,54,cwz_joint,0,true,false,true,missing,false,true,gradient_only,8,12,0,1.1323801949255763,29.131166335696207,missing
red2:lane2:snr30.0:seed4:frame55,30.0,55,cwz_joint,0,true,false,true,missing,false,true,gradient_only,8,6,0,0.3148129273418659,20.333961408991573,missing
red2:lane2:snr30.0:seed4:frame56,30.0,56,cwz_joint,0,true,false,true,missing,false,true,gradient_only,8,10,0,0.20621946404509023,13.113298959678348,missing
red2:lane2:snr30.0:seed4:frame57,30.0,57,cwz_joint,0,true,false,true,missing,false,true,gradient_only,8,5,0,0.3679917575069197,14.59673993191583,missing
red2:lane2:snr30.0:seed4:frame58,30.0,58,cwz_joint,0,true,false,true,missing,false,true,gradient_only,8,12,0,0.2878904364451058,21.09810193930328,missing
red2:lane2:snr30.0:seed4:frame59,30.0,59,cwz_joint,0,true,false,true,missing,false,true,gradient_only,8,11,0,0.29335138204230493,20.598712609508343,missing
red2:lane2:snr30.0:seed4:frame60,30.0,60,cwz_joint,1,false,false,true,missing,false,true,gradient_only,8,14,0,0.6888256697320556,25.626107931195147,missing
red2:lane2:snr30.0:seed4:frame1,30.0,1,profiled_cz,0,true,false,true,missing,false,true,gradient_only,1,13,0,0.20655412562769918,1.0537058713276726,missing
red2:lane2:snr30.0:seed4:frame2,30.0,2,profiled_cz,0,true,false,true,missing,false,true,gradient_only,1,6,0,88.69968213215968,1.0015065300548074,missing
red2:lane2:snr30.0:seed4:frame3,30.0,3,profiled_cz,0,true,false,true,missing,false,true,gradient_only,1,14,0,0.6479829542509672,1.9159226907919582,missing
red2:lane2:snr30.0:seed4:frame4,30.0,4,profiled_cz,0,true,false,true,missing,false,true,gradient_only,1,11,0,0.33145583602719175,1.6898866618561745,missing
red2:lane2:snr30.0:seed4:frame5,30.0,5,profiled_cz,0,true,false,true,missing,false,true,gradient_only,1,6,0,0.13323168776240008,0.990486861431749,missing
red2:lane2:snr30.0:seed4:frame6,30.0,6,profiled_cz,0,true,false,true,missing,false,true,gradient_only,1,7,0,0.4557542398481889,1.6372851000205182,missing
red2:lane2:snr30.0:seed4:frame7,30.0,7,profiled_cz,0,true,false,true,missing,false,true,gradient_only,1,7,0,0.3733425755828942,1.4309068992774394,missing
red2:lane2:snr30.0:seed4:frame8,30.0,8,profiled_cz,0,true,false,true,missing,false,true,gradient_only,1,10,0,0.3795257641273059,2.004922914307987,missing
red2:lane2:snr30.0:seed4:frame9,30.0,9,profiled_cz,0,true,false,true,missing,false,true,gradient_only,1,6,0,0.2660497491606505,1.8436128698077765,missing
red2:lane2:snr30.0:seed4:frame10,30.0,10,profiled_cz,0,true,false,true,missing,false,true,gradient_only,1,8,0,0.23082573881933294,1.8219339551961946,missing
red2:lane2:snr30.0:seed4:frame11,30.0,11,profiled_cz,0,true,false,true,missing,false,true,gradient_only,1,9,0,0.2013739288257695,0.9422724250309604,missing
red2:lane2:snr30.0:seed4:frame12,30.0,12,profiled_cz,0,true,false,true,missing,false,true,gradient_only,1,8,0,0.43629804103068964,1.2405782540852817,missing
red2:lane2:snr30.0:seed4:frame13,30.0,13,profiled_cz,0,true,false,true,missing,false,true,gradient_only,1,11,0,0.3471275146739759,2.3592673631313423,missing
red2:lane2:snr30.0:seed4:frame14,30.0,14,profiled_cz,0,true,false,true,missing,false,true,gradient_only,1,13,0,0.3830357153232547,2.292105288764276,missing
red2:lane2:snr30.0:seed4:frame15,30.0,15,profiled_cz,0,true,false,true,missing,false,true,gradient_only,1,4,0,0.9781880489987627,0.9946153214299098,missing
red2:lane2:snr30.0:seed4:frame16,30.0,16,profiled_cz,0,true,false,true,missing,false,true,gradient_only,1,9,0,0.41748777018860905,1.2592460681932733,missing
red2:lane2:snr30.0:seed4:frame17,30.0,17,profiled_cz,0,true,false,true,missing,false,true,gradient_only,1,12,0,0.23840243584045612,1.848309277939225,missing
red2:lane2:snr30.0:seed4:frame18,30.0,18,profiled_cz,0,true,false,true,missing,false,true,gradient_only,1,12,0,0.49376961417622545,2.481438698253602,missing
red2:lane2:snr30.0:seed4:frame19,30.0,19,profiled_cz,0,true,false,true,missing,false,true,gradient_only,1,16,0,0.37478667414905675,1.795994027180081,missing
red2:lane2:snr30.0:seed4:frame20,30.0,20,profiled_cz,0,true,false,true,missing,false,true,gradient_only,1,7,0,0.27977624059400813,1.7014257104901522,missing
red2:lane2:snr30.0:seed4:frame21,30.0,21,profiled_cz,0,true,false,true,missing,false,true,gradient_only,1,11,0,0.30972333366805155,2.2099191588450733,missing
red2:lane2:snr30.0:seed4:frame22,30.0,22,profiled_cz,0,true,false,true,missing,false,true,gradient_only,1,3,0,0.2090279421100323,1.381137000607438,missing
red2:lane2:snr30.0:seed4:frame23,30.0,23,profiled_cz,0,true,false,true,missing,false,true,gradient_only,1,7,0,0.32354004208388587,1.8441734114983845,missing
red2:lane2:snr30.0:seed4:frame24,30.0,24,profiled_cz,2,false,false,true,missing,false,true,gradient_only,1,17,0,0.5771479773535398,2.1197973433103305,missing
red2:lane2:snr30.0:seed4:frame25,30.0,25,profiled_cz,0,true,false,true,missing,false,true,gradient_only,1,12,0,0.3130320901988628,1.22643430226325,missing
red2:lane2:snr30.0:seed4:frame26,30.0,26,profiled_cz,0,true,false,true,missing,false,true,gradient_only,1,9,0,0.3803867489112482,1.364309087018993,missing
red2:lane2:snr30.0:seed4:frame27,30.0,27,profiled_cz,0,true,false,true,missing,false,true,gradient_only,1,10,0,0.39516981448288474,1.9573064931015611,missing
red2:lane2:snr30.0:seed4:frame28,30.0,28,profiled_cz,1,false,false,true,missing,false,true,gradient_only,1,15,0,0.5013572450630751,3.3206421429285546,missing
red2:lane2:snr30.0:seed4:frame29,30.0,29,profiled_cz,0,true,false,true,missing,false,true,gradient_only,1,6,0,0.26361284554354913,1.114623985804978,missing
red2:lane2:snr30.0:seed4:frame30,30.0,30,profiled_cz,0,true,false,true,missing,false,true,gradient_only,1,9,0,0.3935564308261188,2.60298642022109,missing
red2:lane2:snr30.0:seed4:frame31,30.0,31,profiled_cz,0,true,false,true,missing,false,true,gradient_only,1,17,0,0.48859349605304947,2.596879657585426,missing
red2:lane2:snr30.0:seed4:frame32,30.0,32,profiled_cz,0,true,false,true,missing,false,true,gradient_only,1,15,0,0.40850004091889375,3.1264940582854486,missing
red2:lane2:snr30.0:seed4:frame33,30.0,33,profiled_cz,0,true,false,true,missing,false,true,gradient_only,1,13,0,0.24598910180995082,2.1650560459838104,missing
red2:lane2:snr30.0:seed4:frame34,30.0,34,profiled_cz,1,false,false,true,missing,false,true,gradient_only,1,19,0,0.3288492503351009,2.5814314962687446,missing
red2:lane2:snr30.0:seed4:frame35,30.0,35,profiled_cz,1,false,false,true,missing,false,true,gradient_only,1,16,0,0.4638536812518144,2.9125338928466653,missing
red2:lane2:snr30.0:seed4:frame36,30.0,36,profiled_cz,0,true,false,true,missing,false,true,gradient_only,1,8,0,0.24758620593458508,1.8314102743183545,missing
red2:lane2:snr30.0:seed4:frame37,30.0,37,profiled_cz,1,false,false,true,missing,false,true,gradient_only,1,6,0,0.40983770566025474,2.3472559184628974,missing
red2:lane2:snr30.0:seed4:frame38,30.0,38,profiled_cz,1,false,false,true,missing,false,true,gradient_only,1,5,0,0.3854609679080398,1.689075573555875,missing
red2:lane2:snr30.0:seed4:frame39,30.0,39,profiled_cz,0,true,false,true,missing,false,true,gradient_only,1,8,0,0.4227350352754178,2.0894186826122896,missing
red2:lane2:snr30.0:seed4:frame40,30.0,40,profiled_cz,0,true,false,true,missing,false,true,gradient_only,1,15,0,0.27769580602655913,1.7999587373017265,missing
red2:lane2:snr30.0:seed4:frame41,30.0,41,profiled_cz,0,true,false,true,missing,false,true,gradient_only,1,5,0,0.8031336680917847,2.506856456532077,missing
red2:lane2:snr30.0:seed4:frame42,30.0,42,profiled_cz,0,true,false,true,missing,false,true,gradient_only,1,7,0,0.24873289856136066,0.9679961002953492,missing
red2:lane2:snr30.0:seed4:frame43,30.0,43,profiled_cz,1,false,false,true,missing,false,true,gradient_only,1,17,0,0.6676349891660665,5.37278330646965,missing
red2:lane2:snr30.0:seed4:frame44,30.0,44,profiled_cz,0,true,false,true,missing,false,true,gradient_only,1,7,0,0.4051982696325302,3.060516642162558,missing
red2:lane2:snr30.0:seed4:frame45,30.0,45,profiled_cz,0,true,false,true,missing,false,true,gradient_only,1,5,0,0.20000332762371617,1.1834341479601442,missing
red2:lane2:snr30.0:seed4:frame46,30.0,46,profiled_cz,1,false,false,true,missing,false,true,gradient_only,1,11,0,0.3268329812261986,3.048604510068985,missing
red2:lane2:snr30.0:seed4:frame47,30.0,47,profiled_cz,0,true,false,true,missing,false,true,gradient_only,1,8,0,3.129473136057476,1.3935016147399255,missing
red2:lane2:snr30.0:seed4:frame48,30.0,48,profiled_cz,0,true,false,true,missing,false,true,gradient_only,1,13,0,2.700254113310216,2.7965079056197664,missing
red2:lane2:snr30.0:seed4:frame49,30.0,49,profiled_cz,0,true,false,true,missing,false,true,gradient_only,1,18,0,0.5896476143239899,3.2245529280798273,missing
red2:lane2:snr30.0:seed4:frame50,30.0,50,profiled_cz,0,true,false,true,missing,false,true,gradient_only,1,8,0,0.1446986804422663,0.7677147142986365,missing
red2:lane2:snr30.0:seed4:frame51,30.0,51,profiled_cz,1,false,false,true,missing,false,true,gradient_only,1,13,0,0.22818578713811036,1.5436020845627796,missing
red2:lane2:snr30.0:seed4:frame52,30.0,52,profiled_cz,0,true,false,true,missing,false,true,gradient_only,1,8,0,0.3194352597248499,1.4960899741181022,missing
red2:lane2:snr30.0:seed4:frame53,30.0,53,profiled_cz,1,false,false,true,missing,false,true,gradient_only,1,11,0,0.2926953175320647,2.273612646212989,missing
red2:lane2:snr30.0:seed4:frame54,30.0,54,profiled_cz,0,true,false,true,missing,false,true,gradient_only,1,12,0,1.1323801949255763,2.5259008227328663,missing
red2:lane2:snr30.0:seed4:frame55,30.0,55,profiled_cz,0,true,false,true,missing,false,true,gradient_only,1,6,0,0.3148129273418659,1.728432647849618,missing
red2:lane2:snr30.0:seed4:frame56,30.0,56,profiled_cz,0,true,false,true,missing,false,true,gradient_only,1,10,0,0.20621946404509023,1.2856145888912756,missing
red2:lane2:snr30.0:seed4:frame57,30.0,57,profiled_cz,0,true,false,true,missing,false,true,gradient_only,1,5,0,0.3679917575069197,1.1893234765782528,missing
red2:lane2:snr30.0:seed4:frame58,30.0,58,profiled_cz,0,true,false,true,missing,false,true,gradient_only,1,12,0,0.2878904364451058,2.1852827444385428,missing
red2:lane2:snr30.0:seed4:frame59,30.0,59,profiled_cz,0,true,false,true,missing,false,true,gradient_only,1,11,0,0.29335138204230493,1.7315795319936147,missing
red2:lane2:snr30.0:seed4:frame60,30.0,60,profiled_cz,1,false,false,true,missing,false,true,gradient_only,1,14,0,0.6888256697320556,3.3606310723480766,missing
