workload_id,snr_db,frame,algorithm_id,noise_model,capture_start_seconds,capture_stop_seconds,snapshot_index,snapshot_seconds,replay_support_end_seconds,frame_duration_seconds,frame_samples,payload_bits,payload_seed,noise_seed,replay_seed,optimizer_seed,bit_errors,success,decode_failure,partial_fft_parts,partial_fft_bands
red3:lane2:snr0.0:seed4:frame1,0.0,1,cwz_joint,alpha-stable-impulsive,0.0,47.0,1,0.0,1.0088541666666666,0.9666666666666667,9280,1653,4,4,4,4,715,false,false,4,16
red3:lane2:snr0.0:seed4:frame2,0.0,2,cwz_joint,alpha-stable-impulsive,0.0,47.0,143,1.4791666666666667,2.4880208333333336,0.9666666666666667,9280,1653,5,5,5,4,741,false,false,4,16
red3:lane2:snr0.0:seed4:frame3,0.0,3,cwz_joint,alpha-stable-impulsive,0.0,47.0,286,2.96875,3.9776041666666666,0.9666666666666667,9280,1653,6,6,6,4,703,false,false,4,16
red3:lane2:snr0.0:seed4:frame4,0.0,4,cwz_joint,alpha-stable-impulsive,0.0,47.0,428,4.447916666666667,5.456770833333334,0.9666666666666667,9280,1653,7,7,7,4,742,false,false,4,16
red3:lane2:snr0.0:seed4:frame5,0.0,5,cwz_joint,alpha-stable-impulsive,0.0,47.0,571,5.9375,6.946354166666667,0.9666666666666667,9280,1653,8,8,8,4,730,false,false,4,16
red3:lane2:snr0.0:seed4:frame6,0.0,6,cwz_joint,alpha-stable-impulsive,0.0,47.0,713,7.416666666666667,8.425520833333334,0.9666666666666667,9280,1653,9,9,9,4,747,false,false,4,16
red3:lane2:snr0.0:seed4:frame7,0.0,7,cwz_joint,alpha-stable-impulsive,0.0,47.0,856,8.90625,9.915104166666666,0.9666666666666667,9280,1653,10,10,10,4,744,false,false,4,16
red3:lane2:snr0.0:seed4:frame8,0.0,8,cwz_joint,alpha-stable-impulsive,0.0,47.0,998,10.385416666666666,11.394270833333334,0.9666666666666667,9280,1653,11,11,11,4,771,false,false,4,16
red3:lane2:snr0.0:seed4:frame9,0.0,9,cwz_joint,alpha-stable-impulsive,0.0,47.0,1140,11.864583333333334,12.873437500000001,0.9666666666666667,9280,1653,12,12,12,4,704,false,false,4,16
red3:lane2:snr0.0:seed4:frame10,0.0,10,cwz_joint,alpha-stable-impulsive,0.0,47.0,1283,13.354166666666666,14.363020833333334,0.9666666666666667,9280,1653,13,13,13,4,681,false,false,4,16
red3:lane2:snr0.0:seed4:frame11,0.0,11,cwz_joint,alpha-stable-impulsive,0.0,47.0,1425,14.833333333333334,15.842187500000001,0.9666666666666667,9280,1653,14,14,14,4,728,false,false,4,16
red3:lane2:snr0.0:seed4:frame12,0.0,12,cwz_joint,alpha-stable-impulsive,0.0,47.0,1568,16.322916666666668,17.331770833333334,0.9666666666666667,9280,1653,15,15,15,4,692,false,false,4,16
red3:lane2:snr0.0:seed4:frame13,0.0,13,cwz_joint,alpha-stable-impulsive,0.0,47.0,1710,17.802083333333332,18.810937499999998,0.9666666666666667,9280,1653,16,16,16,4,724,false,false,4,16
red3:lane2:snr0.0:seed4:frame14,0.0,14,cwz_joint,alpha-stable-impulsive,0.0,47.0,1852,19.28125,20.290104166666666,0.9666666666666667,9280,1653,17,17,17,4,691,false,false,4,16
red3:lane2:snr0.0:seed4:frame15,0.0,15,cwz_joint,alpha-stable-impulsive,0.0,47.0,1995,20.770833333333332,21.779687499999998,0.9666666666666667,9280,1653,18,18,18,4,693,false,false,4,16
red3:lane2:snr0.0:seed4:frame16,0.0,16,cwz_joint,alpha-stable-impulsive,0.0,47.0,2137,22.25,23.258854166666666,0.9666666666666667,9280,1653,19,19,19,4,786,false,false,4,16
red3:lane2:snr0.0:seed4:frame17,0.0,17,cwz_joint,alpha-stable-impulsive,0.0,47.0,2280,23.739583333333332,24.748437499999998,0.9666666666666667,9280,1653,20,20,20,4,720,false,false,4,16
red3:lane2:snr0.0:seed4:frame18,0.0,18,cwz_joint,alpha-stable-impulsive,0.0,47.0,2422,25.21875,26.227604166666666,0.9666666666666667,9280,1653,21,21,21,4,764,false,false,4,16
red3:lane2:snr0.0:seed4:frame19,0.0,19,cwz_joint,alpha-stable-impulsive,0.0,47.0,2565,26.708333333333332,27.717187499999998,0.9666666666666667,9280,1653,22,22,22,4,685,false,false,4,16
red3:lane2:snr0.0:seed4:frame20,0.0,20,cwz_joint,alpha-stable-impulsive,0.0,47.0,2707,28.1875,29.196354166666666,0.9666666666666667,9280,1653,23,23,23,4,707,false,false,4,16
red3:lane2:snr0.0:seed4:frame21,0.0,21,cwz_joint,alpha-stable-impulsive,0.0,47.0,2849,29.666666666666668,30.675520833333334,0.9666666666666667,9280,1653,24,24,24,4,730,false,false,4,16
red3:lane2:snr0.0:seed4:frame22,0.0,22,cwz_joint,alpha-stable-impulsive,0.0,47.0,2992,31.15625,32.165104166666666,0.9666666666666667,9280,1653,25,25,25,4,711,false,false,4,16
red3:lane2:snr0.0:seed4:frame23,0.0,23,cwz_joint,alpha-stable-impulsive,0.0,47.0,3134,32.635416666666664,33.64427083333333,0.9666666666666667,9280,1653,26,26,26,4,728,false,false,4,16
red3:lane2:snr0.0:seed4:frame24,0.0,24,cwz_joint,alpha-stable-impulsive,0.0,47.0,3277,34.125,35.133854166666666,0.9666666666666667,9280,1653,27,27,27,4,715,false,false,4,16
red3:lane2:snr0.0:seed4:frame25,0.0,25,cwz_joint,alpha-stable-impulsive,0.0,47.0,3419,35.604166666666664,36.61302083333333,0.9666666666666667,9280,1653,28,28,28,4,687,false,false,4,16
red3:lane2:snr0.0:seed4:frame26,0.0,26,cwz_joint,alpha-stable-impulsive,0.0,47.0,3561,37.083333333333336,38.0921875,0.9666666666666667,9280,1653,29,29,29,4,673,false,false,4,16
red3:lane2:snr0.0:seed4:frame27,0.0,27,cwz_joint,alpha-stable-impulsive,0.0,47.0,3704,38.572916666666664,39.58177083333333,0.9666666666666667,9280,1653,30,30,30,4,756,false,false,4,16
red3:lane2:snr0.0:seed4:frame28,0.0,28,cwz_joint,alpha-stable-impulsive,0.0,47.0,3846,40.052083333333336,41.0609375,0.9666666666666667,9280,1653,31,31,31,4,741,false,false,4,16
red3:lane2:snr0.0:seed4:frame29,0.0,29,cwz_joint,alpha-stable-impulsive,0.0,47.0,3989,41.541666666666664,42.55052083333333,0.9666666666666667,9280,1653,32,32,32,4,721,false,false,4,16
red3:lane2:snr0.0:seed4:frame30,0.0,30,cwz_joint,alpha-stable-impulsive,0.0,47.0,4131,43.020833333333336,44.0296875,0.9666666666666667,9280,1653,33,33,33,4,725,false,false,4,16
red3:lane2:snr0.0:seed4:frame31,0.0,31,cwz_joint,alpha-stable-impulsive,0.0,47.0,4274,44.510416666666664,45.51927083333333,0.9666666666666667,9280,1653,34,34,34,4,727,false,false,4,16
red3:lane2:snr0.0:seed4:frame32,0.0,32,cwz_joint,alpha-stable-impulsive,0.0,47.0,4416,45.989583333333336,46.9984375,0.9666666666666667,9280,1653,35,35,35,4,652,false,false,4,16
red3:lane2:snr0.0:seed4:frame1,0.0,1,lite,alpha-stable-impulsive,0.0,47.0,1,0.0,1.0088541666666666,0.9666666666666667,9280,1653,4,4,4,4,715,false,false,4,16
red3:lane2:snr0.0:seed4:frame2,0.0,2,lite,alpha-stable-impulsive,0.0,47.0,143,1.4791666666666667,2.4880208333333336,0.9666666666666667,9280,1653,5,5,5,4,741,false,false,4,16
red3:lane2:snr0.0:seed4:frame3,0.0,3,lite,alpha-stable-impulsive,0.0,47.0,286,2.96875,3.9776041666666666,0.9666666666666667,9280,1653,6,6,6,4,703,false,false,4,16
red3:lane2:snr0.0:seed4:frame4,0.0,4,lite,alpha-stable-impulsive,0.0,47.0,428,4.447916666666667,5.456770833333334,0.9666666666666667,9280,1653,7,7,7,4,742,false,false,4,16
red3:lane2:snr0.0:seed4:frame5,0.0,5,lite,alpha-stable-impulsive,0.0,47.0,571,5.9375,6.946354166666667,0.9666666666666667,9280,1653,8,8,8,4,730,false,false,4,16
red3:lane2:snr0.0:seed4:frame6,0.0,6,lite,alpha-stable-impulsive,0.0,47.0,713,7.416666666666667,8.425520833333334,0.9666666666666667,9280,1653,9,9,9,4,747,false,false,4,16
red3:lane2:snr0.0:seed4:frame7,0.0,7,lite,alpha-stable-impulsive,0.0,47.0,856,8.90625,9.915104166666666,0.9666666666666667,9280,1653,10,10,10,4,744,false,false,4,16
red3:lane2:snr0.0:seed4:frame8,0.0,8,lite,alpha-stable-impulsive,0.0,47.0,998,10.385416666666666,11.394270833333334,0.9666666666666667,9280,1653,11,11,11,4,771,false,false,4,16
red3:lane2:snr0.0:seed4:frame9,0.0,9,lite,alpha-stable-impulsive,0.0,47.0,1140,11.864583333333334,12.873437500000001,0.9666666666666667,9280,1653,12,12,12,4,704,false,false,4,16
red3:lane2:snr0.0:seed4:frame10,0.0,10,lite,alpha-stable-impulsive,0.0,47.0,1283,13.354166666666666,14.363020833333334,0.9666666666666667,9280,1653,13,13,13,4,681,false,false,4,16
red3:lane2:snr0.0:seed4:frame11,0.0,11,lite,alpha-stable-impulsive,0.0,47.0,1425,14.833333333333334,15.842187500000001,0.9666666666666667,9280,1653,14,14,14,4,728,false,false,4,16
red3:lane2:snr0.0:seed4:frame12,0.0,12,lite,alpha-stable-impulsive,0.0,47.0,1568,16.322916666666668,17.331770833333334,0.9666666666666667,9280,1653,15,15,15,4,692,false,false,4,16
red3:lane2:snr0.0:seed4:frame13,0.0,13,lite,alpha-stable-impulsive,0.0,47.0,1710,17.802083333333332,18.810937499999998,0.9666666666666667,9280,1653,16,16,16,4,724,false,false,4,16
red3:lane2:snr0.0:seed4:frame14,0.0,14,lite,alpha-stable-impulsive,0.0,47.0,1852,19.28125,20.290104166666666,0.9666666666666667,9280,1653,17,17,17,4,691,false,false,4,16
red3:lane2:snr0.0:seed4:frame15,0.0,15,lite,alpha-stable-impulsive,0.0,47.0,1995,20.770833333333332,21.779687499999998,0.9666666666666667,9280,1653,18,18,18,4,693,false,false,4,16
red3:lane2:snr0.0:seed4:frame16,0.0,16,lite,alpha-stable-impulsive,0.0,47.0,2137,22.25,23.258854166666666,0.9666666666666667,9280,1653,19,19,19,4,786,false,false,4,16
red3:lane2:snr0.0:seed4:frame17,0.0,17,lite,alpha-stable-impulsive,0.0,47.0,2280,23.739583333333332,24.748437499999998,0.9666666666666667,9280,1653,20,20,20,4,720,false,false,4,16
red3:lane2:snr0.0:seed4:frame18,0.0,18,lite,alpha-stable-impulsive,0.0,47.0,2422,25.21875,26.227604166666666,0.9666666666666667,9280,1653,21,21,21,4,764,false,false,4,16
red3:lane2:snr0.0:seed4:frame19,0.0,19,lite,alpha-stable-impulsive,0.0,47.0,2565,26.708333333333332,27.717187499999998,0.9666666666666667,9280,1653,22,22,22,4,685,false,false,4,16
red3:lane2:snr0.0:seed4:frame20,0.0,20,lite,alpha-stable-impulsive,0.0,47.0,2707,28.1875,29.196354166666666,0.9666666666666667,9280,1653,23,23,23,4,707,false,false,4,16
red3:lane2:snr0.0:seed4:frame21,0.0,21,lite,alpha-stable-impulsive,0.0,47.0,2849,29.666666666666668,30.675520833333334,0.9666666666666667,9280,1653,24,24,24,4,730,false,false,4,16
red3:lane2:snr0.0:seed4:frame22,0.0,22,lite,alpha-stable-impulsive,0.0,47.0,2992,31.15625,32.165104166666666,0.9666666666666667,9280,1653,25,25,25,4,711,false,false,4,16
red3:lane2:snr0.0:seed4:frame23,0.0,23,lite,alpha-stable-impulsive,0.0,47.0,3134,32.635416666666664,33.64427083333333,0.9666666666666667,9280,1653,26,26,26,4,728,false,false,4,16
red3:lane2:snr0.0:seed4:frame24,0.0,24,lite,alpha-stable-impulsive,0.0,47.0,3277,34.125,35.133854166666666,0.9666666666666667,9280,1653,27,27,27,4,715,false,false,4,16
red3:lane2:snr0.0:seed4:frame25,0.0,25,lite,alpha-stable-impulsive,0.0,47.0,3419,35.604166666666664,36.61302083333333,0.9666666666666667,9280,1653,28,28,28,4,687,false,false,4,16
red3:lane2:snr0.0:seed4:frame26,0.0,26,lite,alpha-stable-impulsive,0.0,47.0,3561,37.083333333333336,38.0921875,0.9666666666666667,9280,1653,29,29,29,4,673,false,false,4,16
red3:lane2:snr0.0:seed4:frame27,0.0,27,lite,alpha-stable-impulsive,0.0,47.0,3704,38.572916666666664,39.58177083333333,0.9666666666666667,9280,1653,30,30,30,4,756,false,false,4,16
red3:lane2:snr0.0:seed4:frame28,0.0,28,lite,alpha-stable-impulsive,0.0,47.0,3846,40.052083333333336,41.0609375,0.9666666666666667,9280,1653,31,31,31,4,741,false,false,4,16
red3:lane2:snr0.0:seed4:frame29,0.0,29,lite,alpha-stable-impulsive,0.0,47.0,3989,41.541666666666664,42.55052083333333,0.9666666666666667,9280,1653,32,32,32,4,721,false,false,4,16
red3:lane2:snr0.0:seed4:frame30,0.0,30,lite,alpha-stable-impulsive,0.0,47.0,4131,43.020833333333336,44.0296875,0.9666666666666667,9280,1653,33,33,33,4,725,false,false,4,16
red3:lane2:snr0.0:seed4:frame31,0.0,31,lite,alpha-stable-impulsive,0.0,47.0,4274,44.510416666666664,45.51927083333333,0.9666666666666667,9280,1653,34,34,34,4,727,false,false,4,16
red3:lane2:snr0.0:seed4:frame32,0.0,32,lite,alpha-stable-impulsive,0.0,47.0,4416,45.989583333333336,46.9984375,0.9666666666666667,9280,1653,35,35,35,4,652,false,false,4,16
red3:lane2:snr0.0:seed4:frame1,0.0,1,ofdm_fec,alpha-stable-impulsive,0.0,47.0,1,0.0,1.0088541666666666,0.9666666666666667,9280,1653,4,4,4,4,721,false,false,4,16
red3:lane2:snr0.0:seed4:frame2,0.0,2,ofdm_fec,alpha-stable-impulsive,0.0,47.0,143,1.4791666666666667,2.4880208333333336,0.9666666666666667,9280,1653,5,5,5,4,641,false,false,4,16
red3:lane2:snr0.0:seed4:frame3,0.0,3,ofdm_fec,alpha-stable-impulsive,0.0,47.0,286,2.96875,3.9776041666666666,0.9666666666666667,9280,1653,6,6,6,4,664,false,false,4,16
red3:lane2:snr0.0:seed4:frame4,0.0,4,ofdm_fec,alpha-stable-impulsive,0.0,47.0,428,4.447916666666667,5.456770833333334,0.9666666666666667,9280,1653,7,7,7,4,732,false,false,4,16
red3:lane2:snr0.0:seed4:frame5,0.0,5,ofdm_fec,alpha-stable-impulsive,0.0,47.0,571,5.9375,6.946354166666667,0.9666666666666667,9280,1653,8,8,8,4,730,false,false,4,16
red3:lane2:snr0.0:seed4:frame6,0.0,6,ofdm_fec,alpha-stable-impulsive,0.0,47.0,713,7.416666666666667,8.425520833333334,0.9666666666666667,9280,1653,9,9,9,4,740,false,false,4,16
red3:lane2:snr0.0:seed4:frame7,0.0,7,ofdm_fec,alpha-stable-impulsive,0.0,47.0,856,8.90625,9.915104166666666,0.9666666666666667,9280,1653,10,10,10,4,700,false,false,4,16
red3:lane2:snr0.0:seed4:frame8,0.0,8,ofdm_fec,alpha-stable-impulsive,0.0,47.0,998,10.385416666666666,11.394270833333334,0.9666666666666667,9280,1653,11,11,11,4,705,false,false,4,16
red3:lane2:snr0.0:seed4:frame9,0.0,9,ofdm_fec,alpha-stable-impulsive,0.0,47.0,1140,11.864583333333334,12.873437500000001,0.9666666666666667,9280,1653,12,12,12,4,727,false,false,4,16
red3:lane2:snr0.0:seed4:frame10,0.0,10,ofdm_fec,alpha-stable-impulsive,0.0,47.0,1283,13.354166666666666,14.363020833333334,0.9666666666666667,9280,1653,13,13,13,4,666,false,false,4,16
red3:lane2:snr0.0:seed4:frame11,0.0,11,ofdm_fec,alpha-stable-impulsive,0.0,47.0,1425,14.833333333333334,15.842187500000001,0.9666666666666667,9280,1653,14,14,14,4,712,false,false,4,16
red3:lane2:snr0.0:seed4:frame12,0.0,12,ofdm_fec,alpha-stable-impulsive,0.0,47.0,1568,16.322916666666668,17.331770833333334,0.9666666666666667,9280,1653,15,15,15,4,650,false,false,4,16
red3:lane2:snr0.0:seed4:frame13,0.0,13,ofdm_fec,alpha-stable-impulsive,0.0,47.0,1710,17.802083333333332,18.810937499999998,0.9666666666666667,9280,1653,16,16,16,4,704,false,false,4,16
red3:lane2:snr0.0:seed4:frame14,0.0,14,ofdm_fec,alpha-stable-impulsive,0.0,47.0,1852,19.28125,20.290104166666666,0.9666666666666667,9280,1653,17,17,17,4,748,false,false,4,16
red3:lane2:snr0.0:seed4:frame15,0.0,15,ofdm_fec,alpha-stable-impulsive,0.0,47.0,1995,20.770833333333332,21.779687499999998,0.9666666666666667,9280,1653,18,18,18,4,684,false,false,4,16
red3:lane2:snr0.0:seed4:frame16,0.0,16,ofdm_fec,alpha-stable-impulsive,0.0,47.0,2137,22.25,23.258854166666666,0.9666666666666667,9280,1653,19,19,19,4,727,false,false,4,16
red3:lane2:snr0.0:seed4:frame17,0.0,17,ofdm_fec,alpha-stable-impulsive,0.0,47.0,2280,23.739583333333332,24.748437499999998,0.9666666666666667,9280,1653,20,20,20,4,699,false,false,4,16
red3:lane2:snr0.0:seed4:frame18,0.0,18,ofdm_fec,alpha-stable-impulsive,0.0,47.0,2422,25.21875,26.227604166666666,0.9666666666666667,9280,1653,21,21,21,4,749,false,false,4,16
red3:lane2:snr0.0:seed4:frame19,0.0,19,ofdm_fec,alpha-stable-impulsive,0.0,47.0,2565,26.708333333333332,27.717187499999998,0.9666666666666667,9280,1653,22,22,22,4,680,false,false,4,16
red3:lane2:snr0.0:seed4:frame20,0.0,20,ofdm_fec,alpha-stable-impulsive,0.0,47.0,2707,28.1875,29.196354166666666,0.9666666666666667,9280,1653,23,23,23,4,731,false,false,4,16
red3:lane2:snr0.0:seed4:frame21,0.0,21,ofdm_fec,alpha-stable-impulsive,0.0,47.0,2849,29.666666666666668,30.675520833333334,0.9666666666666667,9280,1653,24,24,24,4,716,false,false,4,16
red3:lane2:snr0.0:seed4:frame22,0.0,22,ofdm_fec,alpha-stable-impulsive,0.0,47.0,2992,31.15625,32.165104166666666,0.9666666666666667,9280,1653,25,25,25,4,689,false,false,4,16
red3:lane2:snr0.0:seed4:frame23,0.0,23,ofdm_fec,alpha-stable-impulsive,0.0,47.0,3134,32.635416666666664,33.64427083333333,0.9666666666666667,9280,1653,26,26,26,4,676,false,false,4,16
red3:lane2:snr0.0:seed4:frame24,0.0,24,ofdm_fec,alpha-stable-impulsive,0.0,47.0,3277,34.125,35.133854166666666,0.9666666666666667,9280,1653,27,27,27,4,691,false,false,4,16
red3:lane2:snr0.0:seed4:frame25,0.0,25,ofdm_fec,alpha-stable-impulsive,0.0,47.0,3419,35.604166666666664,36.61302083333333,0.9666666666666667,9280,1653,28,28,28,4,702,false,false,4,16
red3:lane2:snr0.0:seed4:frame26,0.0,26,ofdm_fec,alpha-stable-impulsive,0.0,47.0,3561,37.083333333333336,38.0921875,0.9666666666666667,9280,1653,29,29,29,4,719,false,false,4,16
red3:lane2:snr0.0:seed4:frame27,0.0,27,ofdm_fec,alpha-stable-impulsive,0.0,47.0,3704,38.572916666666664,39.58177083333333,0.9666666666666667,9280,1653,30,30,30,4,668,false,false,4,16
red3:lane2:snr0.0:seed4:frame28,0.0,28,ofdm_fec,alpha-stable-impulsive,0.0,47.0,3846,40.052083333333336,41.0609375,0.9666666666666667,9280,1653,31,31,31,4,666,false,false,4,16
red3:lane2:snr0.0:seed4:frame29,0.0,29,ofdm_fec,alpha-stable-impulsive,0.0,47.0,3989,41.541666666666664,42.55052083333333,0.9666666666666667,9280,1653,32,32,32,4,692,false,false,4,16
red3:lane2:snr0.0:seed4:frame30,0.0,30,ofdm_fec,alpha-stable-impulsive,0.0,47.0,4131,43.020833333333336,44.0296875,0.9666666666666667,9280,1653,33,33,33,4,703,false,false,4,16
red3:lane2:snr0.0:seed4:frame31,0.0,31,ofdm_fec,alpha-stable-impulsive,0.0,47.0,4274,44.510416666666664,45.51927083333333,0.9666666666666667,9280,1653,34,34,34,4,699,false,false,4,16
red3:lane2:snr0.0:seed4:frame32,0.0,32,ofdm_fec,alpha-stable-impulsive,0.0,47.0,4416,45.989583333333336,46.9984375,0.9666666666666667,9280,1653,35,35,35,4,669,false,false,4,16
red3:lane2:snr0.0:seed4:frame1,0.0,1,pfft,alpha-stable-impulsive,0.0,47.0,1,0.0,1.0088541666666666,0.9666666666666667,9280,1653,4,4,4,4,754,false,false,4,16
red3:lane2:snr0.0:seed4:frame2,0.0,2,pfft,alpha-stable-impulsive,0.0,47.0,143,1.4791666666666667,2.4880208333333336,0.9666666666666667,9280,1653,5,5,5,4,741,false,false,4,16
red3:lane2:snr0.0:seed4:frame3,0.0,3,pfft,alpha-stable-impulsive,0.0,47.0,286,2.96875,3.9776041666666666,0.9666666666666667,9280,1653,6,6,6,4,703,false,false,4,16
red3:lane2:snr0.0:seed4:frame4,0.0,4,pfft,alpha-stable-impulsive,0.0,47.0,428,4.447916666666667,5.456770833333334,0.9666666666666667,9280,1653,7,7,7,4,742,false,false,4,16
red3:lane2:snr0.0:seed4:frame5,0.0,5,pfft,alpha-stable-impulsive,0.0,47.0,571,5.9375,6.946354166666667,0.9666666666666667,9280,1653,8,8,8,4,785,false,false,4,16
red3:lane2:snr0.0:seed4:frame6,0.0,6,pfft,alpha-stable-impulsive,0.0,47.0,713,7.416666666666667,8.425520833333334,0.9666666666666667,9280,1653,9,9,9,4,747,false,false,4,16
red3:lane2:snr0.0:seed4:frame7,0.0,7,pfft,alpha-stable-impulsive,0.0,47.0,856,8.90625,9.915104166666666,0.9666666666666667,9280,1653,10,10,10,4,744,false,false,4,16
red3:lane2:snr0.0:seed4:frame8,0.0,8,pfft,alpha-stable-impulsive,0.0,47.0,998,10.385416666666666,11.394270833333334,0.9666666666666667,9280,1653,11,11,11,4,771,false,false,4,16
red3:lane2:snr0.0:seed4:frame9,0.0,9,pfft,alpha-stable-impulsive,0.0,47.0,1140,11.864583333333334,12.873437500000001,0.9666666666666667,9280,1653,12,12,12,4,773,false,false,4,16
red3:lane2:snr0.0:seed4:frame10,0.0,10,pfft,alpha-stable-impulsive,0.0,47.0,1283,13.354166666666666,14.363020833333334,0.9666666666666667,9280,1653,13,13,13,4,730,false,false,4,16
red3:lane2:snr0.0:seed4:frame11,0.0,11,pfft,alpha-stable-impulsive,0.0,47.0,1425,14.833333333333334,15.842187500000001,0.9666666666666667,9280,1653,14,14,14,4,751,false,false,4,16
red3:lane2:snr0.0:seed4:frame12,0.0,12,pfft,alpha-stable-impulsive,0.0,47.0,1568,16.322916666666668,17.331770833333334,0.9666666666666667,9280,1653,15,15,15,4,768,false,false,4,16
red3:lane2:snr0.0:seed4:frame13,0.0,13,pfft,alpha-stable-impulsive,0.0,47.0,1710,17.802083333333332,18.810937499999998,0.9666666666666667,9280,1653,16,16,16,4,775,false,false,4,16
red3:lane2:snr0.0:seed4:frame14,0.0,14,pfft,alpha-stable-impulsive,0.0,47.0,1852,19.28125,20.290104166666666,0.9666666666666667,9280,1653,17,17,17,4,691,false,false,4,16
red3:lane2:snr0.0:seed4:frame15,0.0,15,pfft,alpha-stable-impulsive,0.0,47.0,1995,20.770833333333332,21.779687499999998,0.9666666666666667,9280,1653,18,18,18,4,711,false,false,4,16
red3:lane2:snr0.0:seed4:frame16,0.0,16,pfft,alpha-stable-impulsive,0.0,47.0,2137,22.25,23.258854166666666,0.9666666666666667,9280,1653,19,19,19,4,786,false,false,4,16
red3:lane2:snr0.0:seed4:frame17,0.0,17,pfft,alpha-stable-impulsive,0.0,47.0,2280,23.739583333333332,24.748437499999998,0.9666666666666667,9280,1653,20,20,20,4,755,false,false,4,16
red3:lane2:snr0.0:seed4:frame18,0.0,18,pfft,alpha-stable-impulsive,0.0,47.0,2422,25.21875,26.227604166666666,0.9666666666666667,9280,1653,21,21,21,4,764,false,false,4,16
red3:lane2:snr0.0:seed4:frame19,0.0,19,pfft,alpha-stable-impulsive,0.0,47.0,2565,26.708333333333332,27.717187499999998,0.9666666666666667,9280,1653,22,22,22,4,730,false,false,4,16
red3:lane2:snr0.0:seed4:frame20,0.0,20,pfft,alpha-stable-impulsive,0.0,47.0,2707,28.1875,29.196354166666666,0.9666666666666667,9280,1653,23,23,23,4,779,false,false,4,16
red3:lane2:snr0.0:seed4:frame21,0.0,21,pfft,alpha-stable-impulsive,0.0,47.0,2849,29.666666666666668,30.675520833333334,0.9666666666666667,9280,1653,24,24,24,4,753,false,false,4,16
red3:lane2:snr0.0:seed4:frame22,0.0,22,pfft,alpha-stable-impulsive,0.0,47.0,2992,31.15625,32.165104166666666,0.9666666666666667,9280,1653,25,25,25,4,752,false,false,4,16
red3:lane2:snr0.0:seed4:frame23,0.0,23,pfft,alpha-stable-impulsive,0.0,47.0,3134,32.635416666666664,33.64427083333333,0.9666666666666667,9280,1653,26,26,26,4,728,false,false,4,16
red3:lane2:snr0.0:seed4:frame24,0.0,24,pfft,alpha-stable-impulsive,0.0,47.0,3277,34.125,35.133854166666666,0.9666666666666667,9280,1653,27,27,27,4,776,false,false,4,16
red3:lane2:snr0.0:seed4:frame25,0.0,25,pfft,alpha-stable-impulsive,0.0,47.0,3419,35.604166666666664,36.61302083333333,0.9666666666666667,9280,1653,28,28,28,4,749,false,false,4,16
red3:lane2:snr0.0:seed4:frame26,0.0,26,pfft,alpha-stable-impulsive,0.0,47.0,3561,37.083333333333336,38.0921875,0.9666666666666667,9280,1653,29,29,29,4,735,false,false,4,16
red3:lane2:snr0.0:seed4:frame27,0.0,27,pfft,alpha-stable-impulsive,0.0,47.0,3704,38.572916666666664,39.58177083333333,0.9666666666666667,9280,1653,30,30,30,4,756,false,false,4,16
red3:lane2:snr0.0:seed4:frame28,0.0,28,pfft,alpha-stable-impulsive,0.0,47.0,3846,40.052083333333336,41.0609375,0.9666666666666667,9280,1653,31,31,31,4,741,false,false,4,16
red3:lane2:snr0.0:seed4:frame29,0.0,29,pfft,alpha-stable-impulsive,0.0,47.0,3989,41.541666666666664,42.55052083333333,0.9666666666666667,9280,1653,32,32,32,4,721,false,false,4,16
red3:lane2:snr0.0:seed4:frame30,0.0,30,pfft,alpha-stable-impulsive,0.0,47.0,4131,43.020833333333336,44.0296875,0.9666666666666667,9280,1653,33,33,33,4,728,false,false,4,16
red3:lane2:snr0.0:seed4:frame31,0.0,31,pfft,alpha-stable-impulsive,0.0,47.0,4274,44.510416666666664,45.51927083333333,0.9666666666666667,9280,1653,34,34,34,4,729,false,false,4,16
red3:lane2:snr0.0:seed4:frame32,0.0,32,pfft,alpha-stable-impulsive,0.0,47.0,4416,45.989583333333336,46.9984375,0.9666666666666667,9280,1653,35,35,35,4,728,false,false,4,16
red3:lane2:snr0.0:seed4:frame1,0.0,1,profiled_cz,alpha-stable-impulsive,0.0,47.0,1,0.0,1.0088541666666666,0.9666666666666667,9280,1653,4,4,4,4,715,false,false,4,16
red3:lane2:snr0.0:seed4:frame2,0.0,2,profiled_cz,alpha-stable-impulsive,0.0,47.0,143,1.4791666666666667,2.4880208333333336,0.9666666666666667,9280,1653,5,5,5,4,741,false,false,4,16
red3:lane2:snr0.0:seed4:frame3,0.0,3,profiled_cz,alpha-stable-impulsive,0.0,47.0,286,2.96875,3.9776041666666666,0.9666666666666667,9280,1653,6,6,6,4,703,false,false,4,16
red3:lane2:snr0.0:seed4:frame4,0.0,4,profiled_cz,alpha-stable-impulsive,0.0,47.0,428,4.447916666666667,5.456770833333334,0.9666666666666667,9280,1653,7,7,7,4,742,false,false,4,16
red3:lane2:snr0.0:seed4:frame5,0.0,5,profiled_cz,alpha-stable-impulsive,0.0,47.0,571,5.9375,6.946354166666667,0.9666666666666667,9280,1653,8,8,8,4,730,false,false,4,16
red3:lane2:snr0.0:seed4:frame6,0.0,6,profiled_cz,alpha-stable-impulsive,0.0,47.0,713,7.416666666666667,8.425520833333334,0.9666666666666667,9280,1653,9,9,9,4,747,false,false,4,16
red3:lane2:snr0.0:seed4:frame7,0.0,7,profiled_cz,alpha-stable-impulsive,0.0,47.0,856,8.90625,9.915104166666666,0.9666666666666667,9280,1653,10,10,10,4,744,false,false,4,16
red3:lane2:snr0.0:seed4:frame8,0.0,8,profiled_cz,alpha-stable-impulsive,0.0,47.0,998,10.385416666666666,11.394270833333334,0.9666666666666667,9280,1653,11,11,11,4,771,false,false,4,16
red3:lane2:snr0.0:seed4:frame9,0.0,9,profiled_cz,alpha-stable-impulsive,0.0,47.0,1140,11.864583333333334,12.873437500000001,0.9666666666666667,9280,1653,12,12,12,4,704,false,false,4,16
red3:lane2:snr0.0:seed4:frame10,0.0,10,profiled_cz,alpha-stable-impulsive,0.0,47.0,1283,13.354166666666666,14.363020833333334,0.9666666666666667,9280,1653,13,13,13,4,681,false,false,4,16
red3:lane2:snr0.0:seed4:frame11,0.0,11,profiled_cz,alpha-stable-impulsive,0.0,47.0,1425,14.833333333333334,15.842187500000001,0.9666666666666667,9280,1653,14,14,14,4,728,false,false,4,16
red3:lane2:snr0.0:seed4:frame12,0.0,12,profiled_cz,alpha-stable-impulsive,0.0,47.0,1568,16.322916666666668,17.331770833333334,0.9666666666666667,9280,1653,15,15,15,4,692,false,false,4,16
red3:lane2:snr0.0:seed4:frame13,0.0,13,profiled_cz,alpha-stable-impulsive,0.0,47.0,1710,17.802083333333332,18.810937499999998,0.9666666666666667,9280,1653,16,16,16,4,724,false,false,4,16
red3:lane2:snr0.0:seed4:frame14,0.0,14,profiled_cz,alpha-stable-impulsive,0.0,47.0,1852,19.28125,20.290104166666666,0.9666666666666667,9280,1653,17,17,17,4,691,false,false,4,16
red3:lane2:snr0.0:seed4:frame15,0.0,15,profiled_cz,alpha-stable-impulsive,0.0,47.0,1995,20.770833333333332,21.779687499999998,0.9666666666666667,9280,1653,18,18,18,4,693,false,false,4,16
red3:lane2:snr0.0:seed4:frame16,0.0,16,profiled_cz,alpha-stable-impulsive,0.0,47.0,2137,22.25,23.258854166666666,0.9666666666666667,9280,1653,19,19,19,4,786,false,false,4,16
red3:lane2:snr0.0:seed4:frame17,0.0,17,profiled_cz,alpha-stable-impulsive,0.0,47.0,2280,23.739583333333332,24.748437499999998,0.9666666666666667,9280,1653,20,20,20,4,720,false,false,4,16
red3:lane2:snr0.0:seed4:frame18,0.0,18,profiled_cz,alpha-stable-impulsive,0.0,47.0,2422,25.21875,26.227604166666666,0.9666666666666667,9280,1653,21,21,21,4,764,false,false,4,16
red3:lane2:snr0.0:seed4:frame19,0.0,19,profiled_cz,alpha-stable-impulsive,0.0,47.0,2565,26.708333333333332,27.717187499999998,0.9666666666666667,9280,1653,22,22,22,4,685,false,false,4,16
red3:lane2:snr0.0:seed4:frame20,0.0,20,profiled_cz,alpha-stable-impulsive,0.0,47.0,2707,28.1875,29.196354166666666,0.9666666666666667,9280,1653,23,23,23,4,707,false,false,4,16
red3:lane2:snr0.0:seed4:frame21,0.0,21,profiled_cz,alpha-stable-impulsive,0.0,47.0,2849,29.666666666666668,30.675520833333334,0.9666666666666667,9280,1653,24,24,24,4,730,false,false,4,16
red3:lane2:snr0.0:seed4:frame22,0.0,22,profiled_cz,alpha-stable-impulsive,0.0,47.0,2992,31.15625,32.165104166666666,0.9666666666666667,9280,1653,25,25,25,4,711,false,false,4,16
red3:lane2:snr0.0:seed4:frame23,0.0,23,profiled_cz,alpha-stable-impulsive,0.0,47.0,3134,32.635416666666664,33.64427083333333,0.9666666666666667,9280,1653,26,26,26,4,728,false,false,4,16
red3:lane2:snr0.0:seed4:frame24,0.0,24,profiled_cz,alpha-stable-impulsive,0.0,47.0,3277,34.125,35.133854166666666,0.9666666666666667,9280,1653,27,27,27,4,715,false,false,4,16
red3:lane2:snr0.0:seed4:frame25,0.0,25,profiled_cz,alpha-stable-impulsive,0.0,47.0,3419,35.604166666666664,36.61302083333333,0.9666666666666667,9280,1653,28,28,28,4,687,false,false,4,16
red3:lane2:snr0.0:seed4:frame26,0.0,26,profiled_cz,alpha-stable-impulsive,0.0,47.0,3561,37.083333333333336,38.0921875,0.9666666666666667,9280,1653,29,29,29,4,673,false,false,4,16
red3:lane2:snr0.0:seed4:frame27,0.0,27,profiled_cz,alpha-stable-impulsive,0.0,47.0,3704,38.572916666666664,39.58177083333333,0.9666666666666667,9280,1653,30,30,30,4,756,false,false,4,16
red3:lane2:snr0.0:seed4:frame28,0.0,28,profiled_cz,alpha-stable-impulsive,0.0,47.0,3846,40.052083333333336,41.0609375,0.9666666666666667,9280,1653,31,31,31,4,741,false,false,4,16
red3:lane2:snr0.0:seed4:frame29,0.0,29,profiled_cz,alpha-stable-impulsive,0.0,47.0,3989,41.541666666666664,42.55052083333333,0.9666666666666667,9280,1653,32,32,32,4,721,false,false,4,16
red3:lane2:snr0.0:seed4:frame30,0.0,30,profiled_cz,alpha-stable-impulsive,0.0,47.0,4131,43.020833333333336,44.0296875,0.9666666666666667,9280,1653,33,33,33,4,725,false,false,4,16
red3:lane2:snr0.0:seed4:frame31,0.0,31,profiled_cz,alpha-stable-impulsive,0.0,47.0,4274,44.510416666666664,45.51927083333333,0.9666666666666667,9280,1653,34,34,34,4,727,false,false,4,16
red3:lane2:snr0.0:seed4:frame32,0.0,32,profiled_cz,alpha-stable-impulsive,0.0,47.0,4416,45.989583333333336,46.9984375,0.9666666666666667,9280,1653,35,35,35,4,652,false,false,4,16
red3:lane2:snr2.0:seed4:frame1,2.0,1,cwz_joint,alpha-stable-impulsive,0.0,47.0,1,0.0,1.0088541666666666,0.9666666666666667,9280,1653,4,4,4,4,732,false,false,4,16
red3:lane2:snr2.0:seed4:frame2,2.0,2,cwz_joint,alpha-stable-impulsive,0.0,47.0,143,1.4791666666666667,2.4880208333333336,0.9666666666666667,9280,1653,5,5,5,4,703,false,false,4,16
red3:lane2:snr2.0:seed4:frame3,2.0,3,cwz_joint,alpha-stable-impulsive,0.0,47.0,286,2.96875,3.9776041666666666,0.9666666666666667,9280,1653,6,6,6,4,682,false,false,4,16
red3:lane2:snr2.0:seed4:frame4,2.0,4,cwz_joint,alpha-stable-impulsive,0.0,47.0,428,4.447916666666667,5.456770833333334,0.9666666666666667,9280,1653,7,7,7,4,733,false,false,4,16
red3:lane2:snr2.0:seed4:frame5,2.0,5,cwz_joint,alpha-stable-impulsive,0.0,47.0,571,5.9375,6.946354166666667,0.9666666666666667,9280,1653,8,8,8,4,734,false,false,4,16
red3:lane2:snr2.0:seed4:frame6,2.0,6,cwz_joint,alpha-stable-impulsive,0.0,47.0,713,7.416666666666667,8.425520833333334,0.9666666666666667,9280,1653,9,9,9,4,725,false,false,4,16
red3:lane2:snr2.0:seed4:frame7,2.0,7,cwz_joint,alpha-stable-impulsive,0.0,47.0,856,8.90625,9.915104166666666,0.9666666666666667,9280,1653,10,10,10,4,686,false,false,4,16
red3:lane2:snr2.0:seed4:frame8,2.0,8,cwz_joint,alpha-stable-impulsive,0.0,47.0,998,10.385416666666666,11.394270833333334,0.9666666666666667,9280,1653,11,11,11,4,735,false,false,4,16
red3:lane2:snr2.0:seed4:frame9,2.0,9,cwz_joint,alpha-stable-impulsive,0.0,47.0,1140,11.864583333333334,12.873437500000001,0.9666666666666667,9280,1653,12,12,12,4,710,false,false,4,16
red3:lane2:snr2.0:seed4:frame10,2.0,10,cwz_joint,alpha-stable-impulsive,0.0,47.0,1283,13.354166666666666,14.363020833333334,0.9666666666666667,9280,1653,13,13,13,4,688,false,false,4,16
red3:lane2:snr2.0:seed4:frame11,2.0,11,cwz_joint,alpha-stable-impulsive,0.0,47.0,1425,14.833333333333334,15.842187500000001,0.9666666666666667,9280,1653,14,14,14,4,709,false,false,4,16
red3:lane2:snr2.0:seed4:frame12,2.0,12,cwz_joint,alpha-stable-impulsive,0.0,47.0,1568,16.322916666666668,17.331770833333334,0.9666666666666667,9280,1653,15,15,15,4,671,false,false,4,16
red3:lane2:snr2.0:seed4:frame13,2.0,13,cwz_joint,alpha-stable-impulsive,0.0,47.0,1710,17.802083333333332,18.810937499999998,0.9666666666666667,9280,1653,16,16,16,4,743,false,false,4,16
red3:lane2:snr2.0:seed4:frame14,2.0,14,cwz_joint,alpha-stable-impulsive,0.0,47.0,1852,19.28125,20.290104166666666,0.9666666666666667,9280,1653,17,17,17,4,682,false,false,4,16
red3:lane2:snr2.0:seed4:frame15,2.0,15,cwz_joint,alpha-stable-impulsive,0.0,47.0,1995,20.770833333333332,21.779687499999998,0.9666666666666667,9280,1653,18,18,18,4,663,false,false,4,16
red3:lane2:snr2.0:seed4:frame16,2.0,16,cwz_joint,alpha-stable-impulsive,0.0,47.0,2137,22.25,23.258854166666666,0.9666666666666667,9280,1653,19,19,19,4,770,false,false,4,16
red3:lane2:snr2.0:seed4:frame17,2.0,17,cwz_joint,alpha-stable-impulsive,0.0,47.0,2280,23.739583333333332,24.748437499999998,0.9666666666666667,9280,1653,20,20,20,4,714,false,false,4,16
red3:lane2:snr2.0:seed4:frame18,2.0,18,cwz_joint,alpha-stable-impulsive,0.0,47.0,2422,25.21875,26.227604166666666,0.9666666666666667,9280,1653,21,21,21,4,771,false,false,4,16
red3:lane2:snr2.0:seed4:frame19,2.0,19,cwz_joint,alpha-stable-impulsive,0.0,47.0,2565,26.708333333333332,27.717187499999998,0.9666666666666667,9280,1653,22,22,22,4,741,false,false,4,16
red3:lane2:snr2.0:seed4:frame20,2.0,20,cwz_joint,alpha-stable-impulsive,0.0,47.0,2707,28.1875,29.196354166666666,0.9666666666666667,9280,1653,23,23,23,4,679,false,false,4,16
red3:lane2:snr2.0:seed4:frame21,2.0,21,cwz_joint,alpha-stable-impulsive,0.0,47.0,2849,29.666666666666668,30.675520833333334,0.9666666666666667,9280,1653,24,24,24,4,709,false,false,4,16
red3:lane2:snr2.0:seed4:frame22,2.0,22,cwz_joint,alpha-stable-impulsive,0.0,47.0,2992,31.15625,32.165104166666666,0.9666666666666667,9280,1653,25,25,25,4,764,false,false,4,16
red3:lane2:snr2.0:seed4:frame23,2.0,23,cwz_joint,alpha-stable-impulsive,0.0,47.0,3134,32.635416666666664,33.64427083333333,0.9666666666666667,9280,1653,26,26,26,4,714,false,false,4,16
red3:lane2:snr2.0:seed4:frame24,2.0,24,cwz_joint,alpha-stable-impulsive,0.0,47.0,3277,34.125,35.133854166666666,0.9666666666666667,9280,1653,27,27,27,4,658,false,false,4,16
red3:lane2:snr2.0:seed4:frame25,2.0,25,cwz_joint,alpha-stable-impulsive,0.0,47.0,3419,35.604166666666664,36.61302083333333,0.9666666666666667,9280,1653,28,28,28,4,675,false,false,4,16
red3:lane2:snr2.0:seed4:frame26,2.0,26,cwz_joint,alpha-stable-impulsive,0.0,47.0,3561,37.083333333333336,38.0921875,0.9666666666666667,9280,1653,29,29,29,4,659,false,false,4,16
red3:lane2:snr2.0:seed4:frame27,2.0,27,cwz_joint,alpha-stable-impulsive,0.0,47.0,3704,38.572916666666664,39.58177083333333,0.9666666666666667,9280,1653,30,30,30,4,724,false,false,4,16
red3:lane2:snr2.0:seed4:frame28,2.0,28,cwz_joint,alpha-stable-impulsive,0.0,47.0,3846,40.052083333333336,41.0609375,0.9666666666666667,9280,1653,31,31,31,4,685,false,false,4,16
red3:lane2:snr2.0:seed4:frame29,2.0,29,cwz_joint,alpha-stable-impulsive,0.0,47.0,3989,41.541666666666664,42.55052083333333,0.9666666666666667,9280,1653,32,32,32,4,671,false,false,4,16
red3:lane2:snr2.0:seed4:frame30,2.0,30,cwz_joint,alpha-stable-impulsive,0.0,47.0,4131,43.020833333333336,44.0296875,0.9666666666666667,9280,1653,33,33,33,4,678,false,false,4,16
red3:lane2:snr2.0:seed4:frame31,2.0,31,cwz_joint,alpha-stable-impulsive,0.0,47.0,4274,44.510416666666664,45.51927083333333,0.9666666666666667,9280,1653,34,34,34,4,720,false,false,4,16
red3:lane2:snr2.0:seed4:frame32,2.0,32,cwz_joint,alpha-stable-impulsive,0.0,47.0,4416,45.989583333333336,46.9984375,0.9666666666666667,9280,1653,35,35,35,4,621,false,false,4,16
red3:lane2:snr2.0:seed4:frame1,2.0,1,lite,alpha-stable-impulsive,0.0,47.0,1,0.0,1.0088541666666666,0.9666666666666667,9280,1653,4,4,4,4,732,false,false,4,16
red3:lane2:snr2.0:seed4:frame2,2.0,2,lite,alpha-stable-impulsive,0.0,47.0,143,1.4791666666666667,2.4880208333333336,0.9666666666666667,9280,1653,5,5,5,4,703,false,false,4,16
red3:lane2:snr2.0:seed4:frame3,2.0,3,lite,alpha-stable-impulsive,0.0,47.0,286,2.96875,3.9776041666666666,0.9666666666666667,9280,1653,6,6,6,4,682,false,false,4,16
red3:lane2:snr2.0:seed4:frame4,2.0,4,lite,alpha-stable-impulsive,0.0,47.0,428,4.447916666666667,5.456770833333334,0.9666666666666667,9280,1653,7,7,7,4,733,false,false,4,16
red3:lane2:snr2.0:seed4:frame5,2.0,5,lite,alpha-stable-impulsive,0.0,47.0,571,5.9375,6.946354166666667,0.9666666666666667,9280,1653,8,8,8,4,734,false,false,4,16
red3:lane2:snr2.0:seed4:frame6,2.0,6,lite,alpha-stable-impulsive,0.0,47.0,713,7.416666666666667,8.425520833333334,0.9666666666666667,9280,1653,9,9,9,4,725,false,false,4,16
red3:lane2:snr2.0:seed4:frame7,2.0,7,lite,alpha-stable-impulsive,0.0,47.0,856,8.90625,9.915104166666666,0.9666666666666667,9280,1653,10,10,10,4,686,false,false,4,16
red3:lane2:snr2.0:seed4:frame8,2.0,8,lite,alpha-stable-impulsive,0.0,47.0,998,10.385416666666666,11.394270833333334,0.9666666666666667,9280,1653,11,11,11,4,735,false,false,4,16
red3:lane2:snr2.0:seed4:frame9,2.0,9,lite,alpha-stable-impulsive,0.0,47.0,1140,11.864583333333334,12.873437500000001,0.9666666666666667,9280,1653,12,12,12,4,710,false,false,4,16
red3:lane2:snr2.0:seed4:frame10,2.0,10,lite,alpha-stable-impulsive,0.0,47.0,1283,13.354166666666666,14.363020833333334,0.9666666666666667,9280,1653,13,13,13,4,688,false,false,4,16
red3:lane2:snr2.0:seed4:frame11,2.0,11,lite,alpha-stable-impulsive,0.0,47.0,1425,14.833333333333334,15.842187500000001,0.9666666666666667,9280,1653,14,14,14,4,709,false,false,4,16
red3:lane2:snr2.0:seed4:frame12,2.0,12,lite,alpha-stable-impulsive,0.0,47.0,1568,16.322916666666668,17.331770833333334,0.9666666666666667,9280,1653,15,15,15,4,671,false,false,4,16
red3:lane2:snr2.0:seed4:frame13,2.0,13,lite,alpha-stable-impulsive,0.0,47.0,1710,17.802083333333332,18.810937499999998,0.9666666666666667,9280,1653,16,16,16,4,743,false,false,4,16
red3:lane2:snr2.0:seed4:frame14,2.0,14,lite,alpha-stable-impulsive,0.0,47.0,1852,19.28125,20.290104166666666,0.9666666666666667,9280,1653,17,17,17,4,682,false,false,4,16
red3:lane2:snr2.0:seed4:frame15,2.0,15,lite,alpha-stable-impulsive,0.0,47.0,1995,20.770833333333332,21.779687499999998,0.9666666666666667,9280,1653,18,18,18,4,663,false,false,4,16
red3:lane2:snr2.0:seed4:frame16,2.0,16,lite,alpha-stable-impulsive,0.0,47.0,2137,22.25,23.258854166666666,0.9666666666666667,9280,1653,19,19,19,4,770,false,false,4,16
red3:lane2:snr2.0:seed4:frame17,2.0,17,lite,alpha-stable-impulsive,0.0,47.0,2280,23.739583333333332,24.748437499999998,0.9666666666666667,9280,1653,20,20,20,4,714,false,false,4,16
red3:lane2:snr2.0:seed4:frame18,2.0,18,lite,alpha-stable-impulsive,0.0,47.0,2422,25.21875,26.227604166666666,0.9666666666666667,9280,1653,21,21,21,4,771,false,false,4,16
red3:lane2:snr2.0:seed4:frame19,2.0,19,lite,alpha-stable-impulsive,0.0,47.0,2565,26.708333333333332,27.717187499999998,0.9666666666666667,9280,1653,22,22,22,4,741,false,false,4,16
red3:lane2:snr2.0:seed4:frame20,2.0,20,lite,alpha-stable-impulsive,0.0,47.0,2707,28.1875,29.196354166666666,0.9666666666666667,9280,1653,23,23,23,4,679,false,false,4,16
red3:lane2:snr2.0:seed4:frame21,2.0,21,lite,alpha-stable-impulsive,0.0,47.0,2849,29.666666666666668,30.675520833333334,0.9666666666666667,9280,1653,24,24,24,4,709,false,false,4,16
red3:lane2:snr2.0:seed4:frame22,2.0,22,lite,alpha-stable-impulsive,0.0,47.0,2992,31.15625,32.165104166666666,0.9666666666666667,9280,1653,25,25,25,4,764,false,false,4,16
red3:lane2:snr2.0:seed4:frame23,2.0,23,lite,alpha-stable-impulsive,0.0,47.0,3134,32.635416666666664,33.64427083333333,0.9666666666666667,9280,1653,26,26,26,4,714,false,false,4,16
red3:lane2:snr2.0:seed4:frame24,2.0,24,lite,alpha-stable-impulsive,0.0,47.0,3277,34.125,35.133854166666666,0.9666666666666667,9280,1653,27,27,27,4,658,false,false,4,16
red3:lane2:snr2.0:seed4:frame25,2.0,25,lite,alpha-stable-impulsive,0.0,47.0,3419,35.604166666666664,36.61302083333333,0.9666666666666667,9280,1653,28,28,28,4,675,false,false,4,16
red3:lane2:snr2.0:seed4:frame26,2.0,26,lite,alpha-stable-impulsive,0.0,47.0,3561,37.083333333333336,38.0921875,0.9666666666666667,9280,1653,29,29,29,4,659,false,false,4,16
red3:lane2:snr2.0:seed4:frame27,2.0,27,lite,alpha-stable-impulsive,0.0,47.0,3704,38.572916666666664,39.58177083333333,0.9666666666666667,9280,1653,30,30,30,4,724,false,false,4,16
red3:lane2:snr2.0:seed4:frame28,2.0,28,lite,alpha-stable-impulsive,0.0,47.0,3846,40.052083333333336,41.0609375,0.9666666666666667,9280,1653,31,31,31,4,685,false,false,4,16
red3:lane2:snr2.0:seed4:frame29,2.0,29,lite,alpha-stable-impulsive,0.0,47.0,3989,41.541666666666664,42.55052083333333,0.9666666666666667,9280,1653,32,32,32,4,671,false,false,4,16
red3:lane2:snr2.0:seed4:frame30,2.0,30,lite,alpha-stable-impulsive,0.0,47.0,4131,43.020833333333336,44.0296875,0.9666666666666667,9280,1653,33,33,33,4,678,false,false,4,16
red3:lane2:snr2.0:seed4:frame31,2.0,31,lite,alpha-stable-impulsive,0.0,47.0,4274,44.510416666666664,45.51927083333333,0.9666666666666667,9280,1653,34,34,34,4,720,false,false,4,16
red3:lane2:snr2.0:seed4:frame32,2.0,32,lite,alpha-stable-impulsive,0.0,47.0,4416,45.989583333333336,46.9984375,0.9666666666666667,9280,1653,35,35,35,4,621,false,false,4,16
red3:lane2:snr2.0:seed4:frame1,2.0,1,ofdm_fec,alpha-stable-impulsive,0.0,47.0,1,0.0,1.0088541666666666,0.9666666666666667,9280,1653,4,4,4,4,696,false,false,4,16
red3:lane2:snr2.0:seed4:frame2,2.0,2,ofdm_fec,alpha-stable-impulsive,0.0,47.0,143,1.4791666666666667,2.4880208333333336,0.9666666666666667,9280,1653,5,5,5,4,610,false,false,4,16
red3:lane2:snr2.0:seed4:frame3,2.0,3,ofdm_fec,alpha-stable-impulsive,0.0,47.0,286,2.96875,3.9776041666666666,0.9666666666666667,9280,1653,6,6,6,4,650,false,false,4,16
red3:lane2:snr2.0:seed4:frame4,2.0,4,ofdm_fec,alpha-stable-impulsive,0.0,47.0,428,4.447916666666667,5.456770833333334,0.9666666666666667,9280,1653,7,7,7,4,715,false,false,4,16
red3:lane2:snr2.0:seed4:frame5,2.0,5,ofdm_fec,alpha-stable-impulsive,0.0,47.0,571,5.9375,6.946354166666667,0.9666666666666667,9280,1653,8,8,8,4,691,false,false,4,16
red3:lane2:snr2.0:seed4:frame6,2.0,6,ofdm_fec,alpha-stable-impulsive,0.0,47.0,713,7.416666666666667,8.425520833333334,0.9666666666666667,9280,1653,9,9,9,4,691,false,false,4,16
red3:lane2:snr2.0:seed4:frame7,2.0,7,ofdm_fec,alpha-stable-impulsive,0.0,47.0,856,8.90625,9.915104166666666,0.9666666666666667,9280,1653,10,10,10,4,651,false,false,4,16
red3:lane2:snr2.0:seed4:frame8,2.0,8,ofdm_fec,alpha-stable-impulsive,0.0,47.0,998,10.385416666666666,11.394270833333334,0.9666666666666667,9280,1653,11,11,11,4,671,false,false,4,16
red3:lane2:snr2.0:seed4:frame9,2.0,9,ofdm_fec,alpha-stable-impulsive,0.0,47.0,1140,11.864583333333334,12.873437500000001,0.9666666666666667,9280,1653,12,12,12,4,667,false,false,4,16
red3:lane2:snr2.0:seed4:frame10,2.0,10,ofdm_fec,alpha-stable-impulsive,0.0,47.0,1283,13.354166666666666,14.363020833333334,0.9666666666666667,9280,1653,13,13,13,4,602,false,false,4,16
red3:lane2:snr2.0:seed4:frame11,2.0,11,ofdm_fec,alpha-stable-impulsive,0.0,47.0,1425,14.833333333333334,15.842187500000001,0.9666666666666667,9280,1653,14,14,14,4,629,false,false,4,16
red3:lane2:snr2.0:seed4:frame12,2.0,12,ofdm_fec,alpha-stable-impulsive,0.0,47.0,1568,16.322916666666668,17.331770833333334,0.9666666666666667,9280,1653,15,15,15,4,639,false,false,4,16
red3:lane2:snr2.0:seed4:frame13,2.0,13,ofdm_fec,alpha-stable-impulsive,0.0,47.0,1710,17.802083333333332,18.810937499999998,0.9666666666666667,9280,1653,16,16,16,4,645,false,false,4,16
red3:lane2:snr2.0:seed4:frame14,2.0,14,ofdm_fec,alpha-stable-impulsive,0.0,47.0,1852,19.28125,20.290104166666666,0.9666666666666667,9280,1653,17,17,17,4,709,false,false,4,16
red3:lane2:snr2.0:seed4:frame15,2.0,15,ofdm_fec,alpha-stable-impulsive,0.0,47.0,1995,20.770833333333332,21.779687499999998,0.9666666666666667,9280,1653,18,18,18,4,639,false,false,4,16
red3:lane2:snr2.0:seed4:frame16,2.0,16,ofdm_fec,alpha-stable-impulsive,0.0,47.0,2137,22.25,23.258854166666666,0.9666666666666667,9280,1653,19,19,19,4,658,false,false,4,16
red3:lane2:snr2.0:seed4:frame17,2.0,17,ofdm_fec,alpha-stable-impulsive,0.0,47.0,2280,23.739583333333332,24.748437499999998,0.9666666666666667,9280,1653,20,20,20,4,671,false,false,4,16
red3:lane2:snr2.0:seed4:frame18,2.0,18,ofdm_fec,alpha-stable-impulsive,0.0,47.0,2422,25.21875,26.227604166666666,0.9666666666666667,9280,1653,21,21,21,4,720,false,false,4,16
red3:lane2:snr2.0:seed4:frame19,2.0,19,ofdm_fec,alpha-stable-impulsive,0.0,47.0,2565,26.708333333333332,27.717187499999998,0.9666666666666667,9280,1653,22,22,22,4,671,false,false,4,16
red3:lane2:snr2.0:seed4:frame20,2.0,20,ofdm_fec,alpha-stable-impulsive,0.0,47.0,2707,28.1875,29.196354166666666,0.9666666666666667,9280,1653,23,23,23,4,665,false,false,4,16
red3:lane2:snr2.0:seed4:frame21,2.0,21,ofdm_fec,alpha-stable-impulsive,0.0,47.0,2849,29.666666666666668,30.675520833333334,0.9666666666666667,9280,1653,24,24,24,4,663,false,false,4,16
red3:lane2:snr2.0:seed4:frame22,2.0,22,ofdm_fec,alpha-stable-impulsive,0.0,47.0,2992,31.15625,32.165104166666666,0.9666666666666667,9280,1653,25,25,25,4,638,false,false,4,16
red3:lane2:snr2.0:seed4:frame23,2.0,23,ofdm_fec,alpha-stable-impulsive,0.0,47.0,3134,32.635416666666664,33.64427083333333,0.9666666666666667,9280,1653,26,26,26,4,665,false,false,4,16
red3:lane2:snr2.0:seed4:frame24,2.0,24,ofdm_fec,alpha-stable-impulsive,0.0,47.0,3277,34.125,35.133854166666666,0.9666666666666667,9280,1653,27,27,27,4,658,false,false,4,16
red3:lane2:snr2.0:seed4:frame25,2.0,25,ofdm_fec,alpha-stable-impulsive,0.0,47.0,3419,35.604166666666664,36.61302083333333,0.9666666666666667,9280,1653,28,28,28,4,594,false,false,4,16
red3:lane2:snr2.0:seed4:frame26,2.0,26,ofdm_fec,alpha-stable-impulsive,0.0,47.0,3561,37.083333333333336,38.0921875,0.9666666666666667,9280,1653,29,29,29,4,644,false,false,4,16
red3:lane2:snr2.0:seed4:frame27,2.0,27,ofdm_fec,alpha-stable-impulsive,0.0,47.0,3704,38.572916666666664,39.58177083333333,0.9666666666666667,9280,1653,30,30,30,4,672,false,false,4,16
red3:lane2:snr2.0:seed4:frame28,2.0,28,ofdm_fec,alpha-stable-impulsive,0.0,47.0,3846,40.052083333333336,41.0609375,0.9666666666666667,9280,1653,31,31,31,4,582,false,false,4,16
red3:lane2:snr2.0:seed4:frame29,2.0,29,ofdm_fec,alpha-stable-impulsive,0.0,47.0,3989,41.541666666666664,42.55052083333333,0.9666666666666667,9280,1653,32,32,32,4,642,false,false,4,16
red3:lane2:snr2.0:seed4:frame30,2.0,30,ofdm_fec,alpha-stable-impulsive,0.0,47.0,4131,43.020833333333336,44.0296875,0.9666666666666667,9280,1653,33,33,33,4,653,false,false,4,16
red3:lane2:snr2.0:seed4:frame31,2.0,31,ofdm_fec,alpha-stable-impulsive,0.0,47.0,4274,44.510416666666664,45.51927083333333,0.9666666666666667,9280,1653,34,34,34,4,638,false,false,4,16
red3:lane2:snr2.0:seed4:frame32,2.0,32,ofdm_fec,alpha-stable-impulsive,0.0,47.0,4416,45.989583333333336,46.9984375,0.9666666666666667,9280,1653,35,35,35,4,601,false,false,4,16
red3:lane2:snr2.0:seed4:frame1,2.0,1,pfft,alpha-stable-impulsive,0.0,47.0,1,0.0,1.0088541666666666,0.9666666666666667,9280,1653,4,4,4,4,732,false,false,4,16
red3:lane2:snr2.0:seed4:frame2,2.0,2,pfft,alpha-stable-impulsive,0.0,47.0,143,1.4791666666666667,2.4880208333333336,0.9666666666666667,9280,1653,5,5,5,4,703,false,false,4,16
red3:lane2:snr2.0:seed4:frame3,2.0,3,pfft,alpha-stable-impulsive,0.0,47.0,286,2.96875,3.9776041666666666,0.9666666666666667,9280,1653,6,6,6,4,682,false,false,4,16
red3:lane2:snr2.0:seed4:frame4,2.0,4,pfft,alpha-stable-impulsive,0.0,47.0,428,4.447916666666667,5.456770833333334,0.9666666666666667,9280,1653,7,7,7,4,735,false,false,4,16
red3:lane2:snr2.0:seed4:frame5,2.0,5,pfft,alpha-stable-impulsive,0.0,47.0,571,5.9375,6.946354166666667,0.9666666666666667,9280,1653,8,8,8,4,734,false,false,4,16
red3:lane2:snr2.0:seed4:frame6,2.0,6,pfft,alpha-stable-impulsive,0.0,47.0,713,7.416666666666667,8.425520833333334,0.9666666666666667,9280,1653,9,9,9,4,725,false,false,4,16
red3:lane2:snr2.0:seed4:frame7,2.0,7,pfft,alpha-stable-impulsive,0.0,47.0,856,8.90625,9.915104166666666,0.9666666666666667,9280,1653,10,10,10,4,703,false,false,4,16
red3:lane2:snr2.0:seed4:frame8,2.0,8,pfft,alpha-stable-impulsive,0.0,47.0,998,10.385416666666666,11.394270833333334,0.9666666666666667,9280,1653,11,11,11,4,735,false,false,4,16
red3:lane2:snr2.0:seed4:frame9,2.0,9,pfft,alpha-stable-impulsive,0.0,47.0,1140,11.864583333333334,12.873437500000001,0.9666666666666667,9280,1653,12,12,12,4,710,false,false,4,16
red3:lane2:snr2.0:seed4:frame10,2.0,10,pfft,alpha-stable-impulsive,0.0,47.0,1283,13.354166666666666,14.363020833333334,0.9666666666666667,9280,1653,13,13,13,4,717,false,false,4,16
red3:lane2:snr2.0:seed4:frame11,2.0,11,pfft,alpha-stable-impulsive,0.0,47.0,1425,14.833333333333334,15.842187500000001,0.9666666666666667,9280,1653,14,14,14,4,709,false,false,4,16
red3:lane2:snr2.0:seed4:frame12,2.0,12,pfft,alpha-stable-impulsive,0.0,47.0,1568,16.322916666666668,17.331770833333334,0.9666666666666667,9280,1653,15,15,15,4,726,false,false,4,16
red3:lane2:snr2.0:seed4:frame13,2.0,13,pfft,alpha-stable-impulsive,0.0,47.0,1710,17.802083333333332,18.810937499999998,0.9666666666666667,9280,1653,16,16,16,4,743,false,false,4,16
red3:lane2:snr2.0:seed4:frame14,2.0,14,pfft,alpha-stable-impulsive,0.0,47.0,1852,19.28125,20.290104166666666,0.9666666666666667,9280,1653,17,17,17,4,699,false,false,4,16
red3:lane2:snr2.0:seed4:frame15,2.0,15,pfft,alpha-stable-impulsive,0.0,47.0,1995,20.770833333333332,21.779687499999998,0.9666666666666667,9280,1653,18,18,18,4,708,false,false,4,16
red3:lane2:snr2.0:seed4:frame16,2.0,16,pfft,alpha-stable-impulsive,0.0,47.0,2137,22.25,23.258854166666666,0.9666666666666667,9280,1653,19,19,19,4,770,false,false,4,16
red3:lane2:snr2.0:seed4:frame17,2.0,17,pfft,alpha-stable-impulsive,0.0,47.0,2280,23.739583333333332,24.748437499999998,0.9666666666666667,9280,1653,20,20,20,4,714,false,false,4,16
red3:lane2:snr2.0:seed4:frame18,2.0,18,pfft,alpha-stable-impulsive,0.0,47.0,2422,25.21875,26.227604166666666,0.9666666666666667,9280,1653,21,21,21,4,771,false,false,4,16
red3:lane2:snr2.0:seed4:frame19,2.0,19,pfft,alpha-stable-impulsive,0.0,47.0,2565,26.708333333333332,27.717187499999998,0.9666666666666667,9280,1653,22,22,22,4,741,false,false,4,16
red3:lane2:snr2.0:seed4:frame20,2.0,20,pfft,alpha-stable-impulsive,0.0,47.0,2707,28.1875,29.196354166666666,0.9666666666666667,9280,1653,23,23,23,4,726,false,false,4,16
red3:lane2:snr2.0:seed4:frame21,2.0,21,pfft,alpha-stable-impulsive,0.0,47.0,2849,29.666666666666668,30.675520833333334,0.9666666666666667,9280,1653,24,24,24,4,721,false,false,4,16
red3:lane2:snr2.0:seed4:frame22,2.0,22,pfft,alpha-stable-impulsive,0.0,47.0,2992,31.15625,32.165104166666666,0.9666666666666667,9280,1653,25,25,25,4,764,false,false,4,16
red3:lane2:snr2.0:seed4:frame23,2.0,23,pfft,alpha-stable-impulsive,0.0,47.0,3134,32.635416666666664,33.64427083333333,0.9666666666666667,9280,1653,26,26,26,4,747,false,false,4,16
red3:lane2:snr2.0:seed4:frame24,2.0,24,pfft,alpha-stable-impulsive,0.0,47.0,3277,34.125,35.133854166666666,0.9666666666666667,9280,1653,27,27,27,4,746,false,false,4,16
red3:lane2:snr2.0:seed4:frame25,2.0,25,pfft,alpha-stable-impulsive,0.0,47.0,3419,35.604166666666664,36.61302083333333,0.9666666666666667,9280,1653,28,28,28,4,675,false,false,4,16
red3:lane2:snr2.0:seed4:frame26,2.0,26,pfft,alpha-stable-impulsive,0.0,47.0,3561,37.083333333333336,38.0921875,0.9666666666666667,9280,1653,29,29,29,4,693,false,false,4,16
red3:lane2:snr2.0:seed4:frame27,2.0,27,pfft,alpha-stable-impulsive,0.0,47.0,3704,38.572916666666664,39.58177083333333,0.9666666666666667,9280,1653,30,30,30,4,724,false,false,4,16
red3:lane2:snr2.0:seed4:frame28,2.0,28,pfft,alpha-stable-impulsive,0.0,47.0,3846,40.052083333333336,41.0609375,0.9666666666666667,9280,1653,31,31,31,4,718,false,false,4,16
red3:lane2:snr2.0:seed4:frame29,2.0,29,pfft,alpha-stable-impulsive,0.0,47.0,3989,41.541666666666664,42.55052083333333,0.9666666666666667,9280,1653,32,32,32,4,742,false,false,4,16
red3:lane2:snr2.0:seed4:frame30,2.0,30,pfft,alpha-stable-impulsive,0.0,47.0,4131,43.020833333333336,44.0296875,0.9666666666666667,9280,1653,33,33,33,4,716,false,false,4,16
red3:lane2:snr2.0:seed4:frame31,2.0,31,pfft,alpha-stable-impulsive,0.0,47.0,4274,44.510416666666664,45.51927083333333,0.9666666666666667,9280,1653,34,34,34,4,720,false,false,4,16
red3:lane2:snr2.0:seed4:frame32,2.0,32,pfft,alpha-stable-impulsive,0.0,47.0,4416,45.989583333333336,46.9984375,0.9666666666666667,9280,1653,35,35,35,4,672,false,false,4,16
red3:lane2:snr2.0:seed4:frame1,2.0,1,profiled_cz,alpha-stable-impulsive,0.0,47.0,1,0.0,1.0088541666666666,0.9666666666666667,9280,1653,4,4,4,4,732,false,false,4,16
red3:lane2:snr2.0:seed4:frame2,2.0,2,profiled_cz,alpha-stable-impulsive,0.0,47.0,143,1.4791666666666667,2.4880208333333336,0.9666666666666667,9280,1653,5,5,5,4,703,false,false,4,16
red3:lane2:snr2.0:seed4:frame3,2.0,3,profiled_cz,alpha-stable-impulsive,0.0,47.0,286,2.96875,3.9776041666666666,0.9666666666666667,9280,1653,6,6,6,4,682,false,false,4,16
red3:lane2:snr2.0:seed4:frame4,2.0,4,profiled_cz,alpha-stable-impulsive,0.0,47.0,428,4.447916666666667,5.456770833333334,0.9666666666666667,9280,1653,7,7,7,4,733,false,false,4,16
red3:lane2:snr2.0:seed4:frame5,2.0,5,profiled_cz,alpha-stable-impulsive,0.0,47.0,571,5.9375,6.946354166666667,0.9666666666666667,9280,1653,8,8,8,4,734,false,false,4,16
red3:lane2:snr2.0:seed4:frame6,2.0,6,profiled_cz,alpha-stable-impulsive,0.0,47.0,713,7.416666666666667,8.425520833333334,0.9666666666666667,9280,1653,9,9,9,4,725,false,false,4,16
red3:lane2:snr2.0:seed4:frame7,2.0,7,profiled_cz,alpha-stable-impulsive,0.0,47.0,856,8.90625,9.915104166666666,0.9666666666666667,9280,1653,10,10,10,4,686,false,false,4,16
red3:lane2:snr2.0:seed4:frame8,2.0,8,profiled_cz,alpha-stable-impulsive,0.0,47.0,998,10.385416666666666,11.394270833333334,0.9666666666666667,9280,1653,11,11,11,4,735,false,false,4,16
red3:lane2:snr2.0:seed4:frame9,2.0,9,profiled_cz,alpha-stable-impulsive,0.0,47.0,1140,11.864583333333334,12.873437500000001,0.9666666666666667,9280,1653,12,12,12,4,710,false,false,4,16
red3:lane2:snr2.0:seed4:frame10,2.0,10,profiled_cz,alpha-stable-impulsive,0.0,47.0,1283,13.354166666666666,14.363020833333334,0.9666666666666667,9280,1653,13,13,13,4,688,false,false,4,16
red3:lane2:snr2.0:seed4:frame11,2.0,11,profiled_cz,alpha-stable-impulsive,0.0,47.0,1425,14.833333333333334,15.842187500000001,0.9666666666666667,9280,1653,14,14,14,4,709,false,false,4,16
red3:lane2:snr2.0:seed4:frame12,2.0,12,profiled_cz,alpha-stable-impulsive,0.0,47.0,1568,16.322916666666668,17.331770833333334,0.9666666666666667,9280,1653,15,15,15,4,671,false,false,4,16
red3:lane2:snr2.0:seed4:frame13,2.0,13,profiled_cz,alpha-stable-impulsive,0.0,47.0,1710,17.802083333333332,18.810937499999998,0.9666666666666667,9280,1653,16,16,16,4,743,false,false,4,16
red3:lane2:snr2.0:seed4:frame14,2.0,14,profiled_cz,alpha-stable-impulsive,0.0,47.0,1852,19.28125,20.290104166666666,0.9666666666666667,9280,1653,17,17,17,4,682,false,false,4,16
red3:lane2:snr2.0:seed4:frame15,2.0,15,profiled_cz,alpha-stable-impulsive,0.0,47.0,1995,20.770833333333332,21.779687499999998,0.9666666666666667,9280,1653,18,18,18,4,663,false,false,4,16
red3:lane2:snr2.0:seed4:frame16,2.0,16,profiled_cz,alpha-stable-impulsive,0.0,47.0,2137,22.25,23.258854166666666,0.9666666666666667,9280,1653,19,19,19,4,770,false,false,4,16
red3:lane2:snr2.0:seed4:frame17,2.0,17,profiled_cz,alpha-stable-impulsive,0.0,47.0,2280,23.739583333333332,24.748437499999998,0.9666666666666667,9280,1653,20,20,20,4,714,false,false,4,16
red3:lane2:snr2.0:seed4:frame18,2.0,18,profiled_cz,alpha-stable-impulsive,0.0,47.0,2422,25.21875,26.227604166666666,0.9666666666666667,9280,1653,21,21,21,4,771,false,false,4,16
red3:lane2:snr2.0:seed4:frame19,2.0,19,profiled_cz,alpha-stable-impulsive,0.0,47.0,2565,26.708333333333332,27.717187499999998,0.9666666666666667,9280,1653,22,22,22,4,741,false,false,4,16
red3:lane2:snr2.0:seed4:frame20,2.0,20,profiled_cz,alpha-stable-impulsive,0.0,47.0,2707,28.1875,29.196354166666666,0.9666666666666667,9280,1653,23,23,23,4,679,false,false,4,16
red3:lane2:snr2.0:seed4:frame21,2.0,21,profiled_cz,alpha-stable-impulsive,0.0,47.0,2849,29.666666666666668,30.675520833333334,0.9666666666666667,9280,1653,24,24,24,4,709,false,false,4,16
red3:lane2:snr2.0:seed4:frame22,2.0,22,profiled_cz,alpha-stable-impulsive,0.0,47.0,2992,31.15625,32.165104166666666,0.9666666666666667,9280,1653,25,25,25,4,764,false,false,4,16
red3:lane2:snr2.0:seed4:frame23,2.0,23,profiled_cz,alpha-stable-impulsive,0.0,47.0,3134,32.635416666666664,33.64427083333333,0.9666666666666667,9280,1653,26,26,26,4,714,false,false,4,16
red3:lane2:snr2.0:seed4:frame24,2.0,24,profiled_cz,alpha-stable-impulsive,0.0,47.0,3277,34.125,35.133854166666666,0.9666666666666667,9280,1653,27,27,27,4,658,false,false,4,16
red3:lane2:snr2.0:seed4:frame25,2.0,25,profiled_cz,alpha-stable-impulsive,0.0,47.0,3419,35.604166666666664,36.61302083333333,0.9666666666666667,9280,1653,28,28,28,4,675,false,false,4,16
red3:lane2:snr2.0:seed4:frame26,2.0,26,profiled_cz,alpha-stable-impulsive,0.0,47.0,3561,37.083333333333336,38.0921875,0.9666666666666667,9280,1653,29,29,29,4,659,false,false,4,16
red3:lane2:snr2.0:seed4:frame27,2.0,27,profiled_cz,alpha-stable-impulsive,0.0,47.0,3704,38.572916666666664,39.58177083333333,0.9666666666666667,9280,1653,30,30,30,4,724,false,false,4,16
red3:lane2:snr2.0:seed4:frame28,2.0,28,profiled_cz,alpha-stable-impulsive,0.0,47.0,3846,40.052083333333336,41.0609375,0.9666666666666667,9280,1653,31,31,31,4,685,false,false,4,16
red3:lane2:snr2.0:seed4:frame29,2.0,29,profiled_cz,alpha-stable-impulsive,0.0,47.0,3989,41.541666666666664,42.55052083333333,0.9666666666666667,9280,1653,32,32,32,4,671,false,false,4,16
red3:lane2:snr2.0:seed4:frame30,2.0,30,profiled_cz,alpha-stable-impulsive,0.0,47.0,4131,43.020833333333336,44.0296875,0.9666666666666667,9280,1653,33,33,33,4,678,false,false,4,16
red3:lane2:snr2.0:seed4:frame31,2.0,31,profiled_cz,alpha-stable-impulsive,0.0,47.0,4274,44.510416666666664,45.51927083333333,0.9666666666666667,9280,1653,34,34,34,4,720,false,false,4,16
red3:lane2:snr2.0:seed4:frame32,2.0,32,profiled_cz,alpha-stable-impulsive,0.0,47.0,4416,45.989583333333336,46.9984375,0.9666666666666667,9280,1653,35,35,35,4,621,false,false,4,16
red3:lane2:snr4.0:seed4:frame1,4.0,1,cwz_joint,alpha-stable-impulsive,0.0,47.0,1,0.0,1.0088541666666666,0.9666666666666667,9280,1653,4,4,4,4,706,false,false,4,16
red3:lane2:snr4.0:seed4:frame2,4.0,2,cwz_joint,alpha-stable-impulsive,0.0,47.0,143,1.4791666666666667,2.4880208333333336,0.9666666666666667,9280,1653,5,5,5,4,693,false,false,4,16
red3:lane2:snr4.0:seed4:frame3,4.0,3,cwz_joint,alpha-stable-impulsive,0.0,47.0,286,2.96875,3.9776041666666666,0.9666666666666667,9280,1653,6,6,6,4,703,false,false,4,16
red3:lane2:snr4.0:seed4:frame4,4.0,4,cwz_joint,alpha-stable-impulsive,0.0,47.0,428,4.447916666666667,5.456770833333334,0.9666666666666667,9280,1653,7,7,7,4,669,false,false,4,16
red3:lane2:snr4.0:seed4:frame5,4.0,5,cwz_joint,alpha-stable-impulsive,0.0,47.0,571,5.9375,6.946354166666667,0.9666666666666667,9280,1653,8,8,8,4,647,false,false,4,16
red3:lane2:snr4.0:seed4:frame6,4.0,6,cwz_joint,alpha-stable-impulsive,0.0,47.0,713,7.416666666666667,8.425520833333334,0.9666666666666667,9280,1653,9,9,9,4,717,false,false,4,16
red3:lane2:snr4.0:seed4:frame7,4.0,7,cwz_joint,alpha-stable-impulsive,0.0,47.0,856,8.90625,9.915104166666666,0.9666666666666667,9280,1653,10,10,10,4,621,false,false,4,16
red3:lane2:snr4.0:seed4:frame8,4.0,8,cwz_joint,alpha-stable-impulsive,0.0,47.0,998,10.385416666666666,11.394270833333334,0.9666666666666667,9280,1653,11,11,11,4,629,false,false,4,16
red3:lane2:snr4.0:seed4:frame9,4.0,9,cwz_joint,alpha-stable-impulsive,0.0,47.0,1140,11.864583333333334,12.873437500000001,0.9666666666666667,9280,1653,12,12,12,4,608,false,false,4,16
red3:lane2:snr4.0:seed4:frame10,4.0,10,cwz_joint,alpha-stable-impulsive,0.0,47.0,1283,13.354166666666666,14.363020833333334,0.9666666666666667,9280,1653,13,13,13,4,686,false,false,4,16
red3:lane2:snr4.0:seed4:frame11,4.0,11,cwz_joint,alpha-stable-impulsive,0.0,47.0,1425,14.833333333333334,15.842187500000001,0.9666666666666667,9280,1653,14,14,14,4,661,false,false,4,16
red3:lane2:snr4.0:seed4:frame12,4.0,12,cwz_joint,alpha-stable-impulsive,0.0,47.0,1568,16.322916666666668,17.331770833333334,0.9666666666666667,9280,1653,15,15,15,4,690,false,false,4,16
red3:lane2:snr4.0:seed4:frame13,4.0,13,cwz_joint,alpha-stable-impulsive,0.0,47.0,1710,17.802083333333332,18.810937499999998,0.9666666666666667,9280,1653,16,16,16,4,679,false,false,4,16
red3:lane2:snr4.0:seed4:frame14,4.0,14,cwz_joint,alpha-stable-impulsive,0.0,47.0,1852,19.28125,20.290104166666666,0.9666666666666667,9280,1653,17,17,17,4,647,false,false,4,16
red3:lane2:snr4.0:seed4:frame15,4.0,15,cwz_joint,alpha-stable-impulsive,0.0,47.0,1995,20.770833333333332,21.779687499999998,0.9666666666666667,9280,1653,18,18,18,4,641,false,false,4,16
red3:lane2:snr4.0:seed4:frame16,4.0,16,cwz_joint,alpha-stable-impulsive,0.0,47.0,2137,22.25,23.258854166666666,0.9666666666666667,9280,1653,19,19,19,4,726,false,false,4,16
red3:lane2:snr4.0:seed4:frame17,4.0,17,cwz_joint,alpha-stable-impulsive,0.0,47.0,2280,23.739583333333332,24.748437499999998,0.9666666666666667,9280,1653,20,20,20,4,635,false,false,4,16
red3:lane2:snr4.0:seed4:frame18,4.0,18,cwz_joint,alpha-stable-impulsive,0.0,47.0,2422,25.21875,26.227604166666666,0.9666666666666667,9280,1653,21,21,21,4,743,false,false,4,16
red3:lane2:snr4.0:seed4:frame19,4.0,19,cwz_joint,alpha-stable-impulsive,0.0,47.0,2565,26.708333333333332,27.717187499999998,0.9666666666666667,9280,1653,22,22,22,4,697,false,false,4,16
red3:lane2:snr4.0:seed4:frame20,4.0,20,cwz_joint,alpha-stable-impulsive,0.0,47.0,2707,28.1875,29.196354166666666,0.9666666666666667,9280,1653,23,23,23,4,714,false,false,4,16
red3:lane2:snr4.0:seed4:frame21,4.0,21,cwz_joint,alpha-stable-impulsive,0.0,47.0,2849,29.666666666666668,30.675520833333334,0.9666666666666667,9280,1653,24,24,24,4,688,false,false,4,16
red3:lane2:snr4.0:seed4:frame22,4.0,22,cwz_joint,alpha-stable-impulsive,0.0,47.0,2992,31.15625,32.165104166666666,0.9666666666666667,9280,1653,25,25,25,4,629,false,false,4,16
red3:lane2:snr4.0:seed4:frame23,4.0,23,cwz_joint,alpha-stable-impulsive,0.0,47.0,3134,32.635416666666664,33.64427083333333,0.9666666666666667,9280,1653,26,26,26,4,707,false,false,4,16
red3:lane2:snr4.0:seed4:frame24,4.0,24,cwz_joint,alpha-stable-impulsive,0.0,47.0,3277,34.125,35.133854166666666,0.9666666666666667,9280,1653,27,27,27,4,651,false,false,4,16
red3:lane2:snr4.0:seed4:frame25,4.0,25,cwz_joint,alpha-stable-impulsive,0.0,47.0,3419,35.604166666666664,36.61302083333333,0.9666666666666667,9280,1653,28,28,28,4,569,false,false,4,16
red3:lane2:snr4.0:seed4:frame26,4.0,26,cwz_joint,alpha-stable-impulsive,0.0,47.0,3561,37.083333333333336,38.0921875,0.9666666666666667,9280,1653,29,29,29,4,604,false,false,4,16
red3:lane2:snr4.0:seed4:frame27,4.0,27,cwz_joint,alpha-stable-impulsive,0.0,47.0,3704,38.572916666666664,39.58177083333333,0.9666666666666667,9280,1653,30,30,30,4,636,false,false,4,16
red3:lane2:snr4.0:seed4:frame28,4.0,28,cwz_joint,alpha-stable-impulsive,0.0,47.0,3846,40.052083333333336,41.0609375,0.9666666666666667,9280,1653,31,31,31,4,637,false,false,4,16
red3:lane2:snr4.0:seed4:frame29,4.0,29,cwz_joint,alpha-stable-impulsive,0.0,47.0,3989,41.541666666666664,42.55052083333333,0.9666666666666667,9280,1653,32,32,32,4,656,false,false,4,16
red3:lane2:snr4.0:seed4:frame30,4.0,30,cwz_joint,alpha-stable-impulsive,0.0,47.0,4131,43.020833333333336,44.0296875,0.9666666666666667,9280,1653,33,33,33,4,685,false,false,4,16
red3:lane2:snr4.0:seed4:frame31,4.0,31,cwz_joint,alpha-stable-impulsive,0.0,47.0,4274,44.510416666666664,45.51927083333333,0.9666666666666667,9280,1653,34,34,34,4,616,false,false,4,16
red3:lane2:snr4.0:seed4:frame32,4.0,32,cwz_joint,alpha-stable-impulsive,0.0,47.0,4416,45.989583333333336,46.9984375,0.9666666666666667,9280,1653,35,35,35,4,607,false,false,4,16
red3:lane2:snr4.0:seed4:frame1,4.0,1,lite,alpha-stable-impulsive,0.0,47.0,1,0.0,1.0088541666666666,0.9666666666666667,9280,1653,4,4,4,4,706,false,false,4,16
red3:lane2:snr4.0:seed4:frame2,4.0,2,lite,alpha-stable-impulsive,0.0,47.0,143,1.4791666666666667,2.4880208333333336,0.9666666666666667,9280,1653,5,5,5,4,693,false,false,4,16
red3:lane2:snr4.0:seed4:frame3,4.0,3,lite,alpha-stable-impulsive,0.0,47.0,286,2.96875,3.9776041666666666,0.9666666666666667,9280,1653,6,6,6,4,703,false,false,4,16
red3:lane2:snr4.0:seed4:frame4,4.0,4,lite,alpha-stable-impulsive,0.0,47.0,428,4.447916666666667,5.456770833333334,0.9666666666666667,9280,1653,7,7,7,4,669,false,false,4,16
red3:lane2:snr4.0:seed4:frame5,4.0,5,lite,alpha-stable-impulsive,0.0,47.0,571,5.9375,6.946354166666667,0.9666666666666667,9280,1653,8,8,8,4,647,false,false,4,16
red3:lane2:snr4.0:seed4:frame6,4.0,6,lite,alpha-stable-impulsive,0.0,47.0,713,7.416666666666667,8.425520833333334,0.9666666666666667,9280,1653,9,9,9,4,717,false,false,4,16
red3:lane2:snr4.0:seed4:frame7,4.0,7,lite,alpha-stable-impulsive,0.0,47.0,856,8.90625,9.915104166666666,0.9666666666666667,9280,1653,10,10,10,4,621,false,false,4,16
red3:lane2:snr4.0:seed4:frame8,4.0,8,lite,alpha-stable-impulsive,0.0,47.0,998,10.385416666666666,11.394270833333334,0.9666666666666667,9280,1653,11,11,11,4,629,false,false,4,16
red3:lane2:snr4.0:seed4:frame9,4.0,9,lite,alpha-stable-impulsive,0.0,47.0,1140,11.864583333333334,12.873437500000001,0.9666666666666667,9280,1653,12,12,12,4,608,false,false,4,16
red3:lane2:snr4.0:seed4:frame10,4.0,10,lite,alpha-stable-impulsive,0.0,47.0,1283,13.354166666666666,14.363020833333334,0.9666666666666667,9280,1653,13,13,13,4,686,false,false,4,16
red3:lane2:snr4.0:seed4:frame11,4.0,11,lite,alpha-stable-impulsive,0.0,47.0,1425,14.833333333333334,15.842187500000001,0.9666666666666667,9280,1653,14,14,14,4,661,false,false,4,16
red3:lane2:snr4.0:seed4:frame12,4.0,12,lite,alpha-stable-impulsive,0.0,47.0,1568,16.322916666666668,17.331770833333334,0.9666666666666667,9280,1653,15,15,15,4,690,false,false,4,16
red3:lane2:snr4.0:seed4:frame13,4.0,13,lite,alpha-stable-impulsive,0.0,47.0,1710,17.802083333333332,18.810937499999998,0.9666666666666667,9280,1653,16,16,16,4,679,false,false,4,16
red3:lane2:snr4.0:seed4:frame14,4.0,14,lite,alpha-stable-impulsive,0.0,47.0,1852,19.28125,20.290104166666666,0.9666666666666667,9280,1653,17,17,17,4,647,false,false,4,16
red3:lane2:snr4.0:seed4:frame15,4.0,15,lite,alpha-stable-impulsive,0.0,47.0,1995,20.770833333333332,21.779687499999998,0.9666666666666667,9280,1653,18,18,18,4,641,false,false,4,16
red3:lane2:snr4.0:seed4:frame16,4.0,16,lite,alpha-stable-impulsive,0.0,47.0,2137,22.25,23.258854166666666,0.9666666666666667,9280,1653,19,19,19,4,726,false,false,4,16
red3:lane2:snr4.0:seed4:frame17,4.0,17,lite,alpha-stable-impulsive,0.0,47.0,2280,23.739583333333332,24.748437499999998,0.9666666666666667,9280,1653,20,20,20,4,635,false,false,4,16
red3:lane2:snr4.0:seed4:frame18,4.0,18,lite,alpha-stable-impulsive,0.0,47.0,2422,25.21875,26.227604166666666,0.9666666666666667,9280,1653,21,21,21,4,743,false,false,4,16
red3:lane2:snr4.0:seed4:frame19,4.0,19,lite,alpha-stable-impulsive,0.0,47.0,2565,26.708333333333332,27.717187499999998,0.9666666666666667,9280,1653,22,22,22,4,697,false,false,4,16
red3:lane2:snr4.0:seed4:frame20,4.0,20,lite,alpha-stable-impulsive,0.0,47.0,2707,28.1875,29.196354166666666,0.9666666666666667,9280,1653,23,23,23,4,714,false,false,4,16
red3:lane2:snr4.0:seed4:frame21,4.0,21,lite,alpha-stable-impulsive,0.0,47.0,2849,29.666666666666668,30.675520833333334,0.9666666666666667,9280,1653,24,24,24,4,688,false,false,4,16
red3:lane2:snr4.0:seed4:frame22,4.0,22,lite,alpha-stable-impulsive,0.0,47.0,2992,31.15625,32.165104166666666,0.9666666666666667,9280,1653,25,25,25,4,629,false,false,4,16
red3:lane2:snr4.0:seed4:frame23,4.0,23,lite,alpha-stable-impulsive,0.0,47.0,3134,32.635416666666664,33.64427083333333,0.9666666666666667,9280,1653,26,26,26,4,707,false,false,4,16
red3:lane2:snr4.0:seed4:frame24,4.0,24,lite,alpha-stable-impulsive,0.0,47.0,3277,34.125,35.133854166666666,0.9666666666666667,9280,1653,27,27,27,4,651,false,false,4,16
red3:lane2:snr4.0:seed4:frame25,4.0,25,lite,alpha-stable-impulsive,0.0,47.0,3419,35.604166666666664,36.61302083333333,0.9666666666666667,9280,1653,28,28,28,4,569,false,false,4,16
red3:lane2:snr4.0:seed4:frame26,4.0,26,lite,alpha-stable-impulsive,0.0,47.0,3561,37.083333333333336,38.0921875,0.9666666666666667,9280,1653,29,29,29,4,604,false,false,4,16
red3:lane2:snr4.0:seed4:frame27,4.0,27,lite,alpha-stable-impulsive,0.0,47.0,3704,38.572916666666664,39.58177083333333,0.9666666666666667,9280,1653,30,30,30,4,636,false,false,4,16
red3:lane2:snr4.0:seed4:frame28,4.0,28,lite,alpha-stable-impulsive,0.0,47.0,3846,40.052083333333336,41.0609375,0.9666666666666667,9280,1653,31,31,31,4,637,false,false,4,16
red3:lane2:snr4.0:seed4:frame29,4.0,29,lite,alpha-stable-impulsive,0.0,47.0,3989,41.541666666666664,42.55052083333333,0.9666666666666667,9280,1653,32,32,32,4,656,false,false,4,16
red3:lane2:snr4.0:seed4:frame30,4.0,30,lite,alpha-stable-impulsive,0.0,47.0,4131,43.020833333333336,44.0296875,0.9666666666666667,9280,1653,33,33,33,4,685,false,false,4,16
red3:lane2:snr4.0:seed4:frame31,4.0,31,lite,alpha-stable-impulsive,0.0,47.0,4274,44.510416666666664,45.51927083333333,0.9666666666666667,9280,1653,34,34,34,4,616,false,false,4,16
red3:lane2:snr4.0:seed4:frame32,4.0,32,lite,alpha-stable-impulsive,0.0,47.0,4416,45.989583333333336,46.9984375,0.9666666666666667,9280,1653,35,35,35,4,607,false,false,4,16
red3:lane2:snr4.0:seed4:frame1,4.0,1,ofdm_fec,alpha-stable-impulsive,0.0,47.0,1,0.0,1.0088541666666666,0.9666666666666667,9280,1653,4,4,4,4,638,false,false,4,16
red3:lane2:snr4.0:seed4:frame2,4.0,2,ofdm_fec,alpha-stable-impulsive,0.0,47.0,143,1.4791666666666667,2.4880208333333336,0.9666666666666667,9280,1653,5,5,5,4,527,false,false,4,16
red3:lane2:snr4.0:seed4:frame3,4.0,3,ofdm_fec,alpha-stable-impulsive,0.0,47.0,286,2.96875,3.9776041666666666,0.9666666666666667,9280,1653,6,6,6,4,597,false,false,4,16
red3:lane2:snr4.0:seed4:frame4,4.0,4,ofdm_fec,alpha-stable-impulsive,0.0,47.0,428,4.447916666666667,5.456770833333334,0.9666666666666667,9280,1653,7,7,7,4,621,false,false,4,16
red3:lane2:snr4.0:seed4:frame5,4.0,5,ofdm_fec,alpha-stable-impulsive,0.0,47.0,571,5.9375,6.946354166666667,0.9666666666666667,9280,1653,8,8,8,4,628,false,false,4,16
red3:lane2:snr4.0:seed4:frame6,4.0,6,ofdm_fec,alpha-stable-impulsive,0.0,47.0,713,7.416666666666667,8.425520833333334,0.9666666666666667,9280,1653,9,9,9,4,652,false,false,4,16
red3:lane2:snr4.0:seed4:frame7,4.0,7,ofdm_fec,alpha-stable-impulsive,0.0,47.0,856,8.90625,9.915104166666666,0.9666666666666667,9280,1653,10,10,10,4,593,false,false,4,16
red3:lane2:snr4.0:seed4:frame8,4.0,8,ofdm_fec,alpha-stable-impulsive,0.0,47.0,998,10.385416666666666,11.394270833333334,0.9666666666666667,9280,1653,11,11,11,4,609,false,false,4,16
red3:lane2:snr4.0:seed4:frame9,4.0,9,ofdm_fec,alpha-stable-impulsive,0.0,47.0,1140,11.864583333333334,12.873437500000001,0.9666666666666667,9280,1653,12,12,12,4,620,false,false,4,16
red3:lane2:snr4.0:seed4:frame10,4.0,10,ofdm_fec,alpha-stable-impulsive,0.0,47.0,1283,13.354166666666666,14.363020833333334,0.9666666666666667,9280,1653,13,13,13,4,544,false,false,4,16
red3:lane2:snr4.0:seed4:frame11,4.0,11,ofdm_fec,alpha-stable-impulsive,0.0,47.0,1425,14.833333333333334,15.842187500000001,0.9666666666666667,9280,1653,14,14,14,4,572,false,false,4,16
red3:lane2:snr4.0:seed4:frame12,4.0,12,ofdm_fec,alpha-stable-impulsive,0.0,47.0,1568,16.322916666666668,17.331770833333334,0.9666666666666667,9280,1653,15,15,15,4,571,false,false,4,16
red3:lane2:snr4.0:seed4:frame13,4.0,13,ofdm_fec,alpha-stable-impulsive,0.0,47.0,1710,17.802083333333332,18.810937499999998,0.9666666666666667,9280,1653,16,16,16,4,607,false,false,4,16
red3:lane2:snr4.0:seed4:frame14,4.0,14,ofdm_fec,alpha-stable-impulsive,0.0,47.0,1852,19.28125,20.290104166666666,0.9666666666666667,9280,1653,17,17,17,4,628,false,false,4,16
red3:lane2:snr4.0:seed4:frame15,4.0,15,ofdm_fec,alpha-stable-impulsive,0.0,47.0,1995,20.770833333333332,21.779687499999998,0.9666666666666667,9280,1653,18,18,18,4,574,false,false,4,16
red3:lane2:snr4.0:seed4:frame16,4.0,16,ofdm_fec,alpha-stable-impulsive,0.0,47.0,2137,22.25,23.258854166666666,0.9666666666666667,9280,1653,19,19,19,4,613,false,false,4,16
red3:lane2:snr4.0:seed4:frame17,4.0,17,ofdm_fec,alpha-stable-impulsive,0.0,47.0,2280,23.739583333333332,24.748437499999998,0.9666666666666667,9280,1653,20,20,20,4,628,false,false,4,16
red3:lane2:snr4.0:seed4:frame18,4.0,18,ofdm_fec,alpha-stable-impulsive,0.0,47.0,2422,25.21875,26.227604166666666,0.9666666666666667,9280,1653,21,21,21,4,697,false,false,4,16
red3:lane2:snr4.0:seed4:frame19,4.0,19,ofdm_fec,alpha-stable-impulsive,0.0,47.0,2565,26.708333333333332,27.717187499999998,0.9666666666666667,9280,1653,22,22,22,4,573,false,false,4,16
red3:lane2:snr4.0:seed4:frame20,4.0,20,ofdm_fec,alpha-stable-impulsive,0.0,47.0,2707,28.1875,29.196354166666666,0.9666666666666667,9280,1653,23,23,23,4,551,false,false,4,16
red3:lane2:snr4.0:seed4:frame21,4.0,21,ofdm_fec,alpha-stable-impulsive,0.0,47.0,2849,29.666666666666668,30.675520833333334,0.9666666666666667,9280,1653,24,24,24,4,611,false,false,4,16
red3:lane2:snr4.0:seed4:frame22,4.0,22,ofdm_fec,alpha-stable-impulsive,0.0,47.0,2992,31.15625,32.165104166666666,0.9666666666666667,9280,1653,25,25,25,4,579,false,false,4,16
red3:lane2:snr4.0:seed4:frame23,4.0,23,ofdm_fec,alpha-stable-impulsive,0.0,47.0,3134,32.635416666666664,33.64427083333333,0.9666666666666667,9280,1653,26,26,26,4,620,false,false,4,16
red3:lane2:snr4.0:seed4:frame24,4.0,24,ofdm_fec,alpha-stable-impulsive,0.0,47.0,3277,34.125,35.133854166666666,0.9666666666666667,9280,1653,27,27,27,4,618,false,false,4,16
red3:lane2:snr4.0:seed4:frame25,4.0,25,ofdm_fec,alpha-stable-impulsive,0.0,47.0,3419,35.604166666666664,36.61302083333333,0.9666666666666667,9280,1653,28,28,28,4,597,false,false,4,16
red3:lane2:snr4.0:seed4:frame26,4.0,26,ofdm_fec,alpha-stable-impulsive,0.0,47.0,3561,37.083333333333336,38.0921875,0.9666666666666667,9280,1653,29,29,29,4,602,false,false,4,16
red3:lane2:snr4.0:seed4:frame27,4.0,27,ofdm_fec,alpha-stable-impulsive,0.0,47.0,3704,38.572916666666664,39.58177083333333,0.9666666666666667,9280,1653,30,30,30,4,608,false,false,4,16
red3:lane2:snr4.0:seed4:frame28,4.0,28,ofdm_fec,alpha-stable-impulsive,0.0,47.0,3846,40.052083333333336,41.0609375,0.9666666666666667,9280,1653,31,31,31,4,484,false,false,4,16
red3:lane2:snr4.0:seed4:frame29,4.0,29,ofdm_fec,alpha-stable-impulsive,0.0,47.0,3989,41.541666666666664,42.55052083333333,0.9666666666666667,9280,1653,32,32,32,4,580,false,false,4,16
red3:lane2:snr4.0:seed4:frame30,4.0,30,ofdm_fec,alpha-stable-impulsive,0.0,47.0,4131,43.020833333333336,44.0296875,0.9666666666666667,9280,1653,33,33,33,4,615,false,false,4,16
red3:lane2:snr4.0:seed4:frame31,4.0,31,ofdm_fec,alpha-stable-impulsive,0.0,47.0,4274,44.510416666666664,45.51927083333333,0.9666666666666667,9280,1653,34,34,34,4,603,false,false,4,16
red3:lane2:snr4.0:seed4:frame32,4.0,32,ofdm_fec,alpha-stable-impulsive,0.0,47.0,4416,45.989583333333336,46.9984375,0.9666666666666667,9280,1653,35,35,35,4,525,false,false,4,16
red3:lane2:snr4.0:seed4:frame1,4.0,1,pfft,alpha-stable-impulsive,0.0,47.0,1,0.0,1.0088541666666666,0.9666666666666667,9280,1653,4,4,4,4,706,false,false,4,16
red3:lane2:snr4.0:seed4:frame2,4.0,2,pfft,alpha-stable-impulsive,0.0,47.0,143,1.4791666666666667,2.4880208333333336,0.9666666666666667,9280,1653,5,5,5,4,693,false,false,4,16
red3:lane2:snr4.0:seed4:frame3,4.0,3,pfft,alpha-stable-impulsive,0.0,47.0,286,2.96875,3.9776041666666666,0.9666666666666667,9280,1653,6,6,6,4,703,false,false,4,16
red3:lane2:snr4.0:seed4:frame4,4.0,4,pfft,alpha-stable-impulsive,0.0,47.0,428,4.447916666666667,5.456770833333334,0.9666666666666667,9280,1653,7,7,7,4,718,false,false,4,16
red3:lane2:snr4.0:seed4:frame5,4.0,5,pfft,alpha-stable-impulsive,0.0,47.0,571,5.9375,6.946354166666667,0.9666666666666667,9280,1653,8,8,8,4,710,false,false,4,16
red3:lane2:snr4.0:seed4:frame6,4.0,6,pfft,alpha-stable-impulsive,0.0,47.0,713,7.416666666666667,8.425520833333334,0.9666666666666667,9280,1653,9,9,9,4,717,false,false,4,16
red3:lane2:snr4.0:seed4:frame7,4.0,7,pfft,alpha-stable-impulsive,0.0,47.0,856,8.90625,9.915104166666666,0.9666666666666667,9280,1653,10,10,10,4,696,false,false,4,16
red3:lane2:snr4.0:seed4:frame8,4.0,8,pfft,alpha-stable-impulsive,0.0,47.0,998,10.385416666666666,11.394270833333334,0.9666666666666667,9280,1653,11,11,11,4,708,false,false,4,16
red3:lane2:snr4.0:seed4:frame9,4.0,9,pfft,alpha-stable-impulsive,0.0,47.0,1140,11.864583333333334,12.873437500000001,0.9666666666666667,9280,1653,12,12,12,4,712,false,false,4,16
red3:lane2:snr4.0:seed4:frame10,4.0,10,pfft,alpha-stable-impulsive,0.0,47.0,1283,13.354166666666666,14.363020833333334,0.9666666666666667,9280,1653,13,13,13,4,686,false,false,4,16
red3:lane2:snr4.0:seed4:frame11,4.0,11,pfft,alpha-stable-impulsive,0.0,47.0,1425,14.833333333333334,15.842187500000001,0.9666666666666667,9280,1653,14,14,14,4,708,false,false,4,16
red3:lane2:snr4.0:seed4:frame12,4.0,12,pfft,alpha-stable-impulsive,0.0,47.0,1568,16.322916666666668,17.331770833333334,0.9666666666666667,9280,1653,15,15,15,4,690,false,false,4,16
red3:lane2:snr4.0:seed4:frame13,4.0,13,pfft,alpha-stable-impulsive,0.0,47.0,1710,17.802083333333332,18.810937499999998,0.9666666666666667,9280,1653,16,16,16,4,708,false,false,4,16
red3:lane2:snr4.0:seed4:frame14,4.0,14,pfft,alpha-stable-impulsive,0.0,47.0,1852,19.28125,20.290104166666666,0.9666666666666667,9280,1653,17,17,17,4,651,false,false,4,16
red3:lane2:snr4.0:seed4:frame15,4.0,15,pfft,alpha-stable-impulsive,0.0,47.0,1995,20.770833333333332,21.779687499999998,0.9666666666666667,9280,1653,18,18,18,4,641,false,false,4,16
red3:lane2:snr4.0:seed4:frame16,4.0,16,pfft,alpha-stable-impulsive,0.0,47.0,2137,22.25,23.258854166666666,0.9666666666666667,9280,1653,19,19,19,4,726,false,false,4,16
red3:lane2:snr4.0:seed4:frame17,4.0,17,pfft,alpha-stable-impulsive,0.0,47.0,2280,23.739583333333332,24.748437499999998,0.9666666666666667,9280,1653,20,20,20,4,657,false,false,4,16
red3:lane2:snr4.0:seed4:frame18,4.0,18,pfft,alpha-stable-impulsive,0.0,47.0,2422,25.21875,26.227604166666666,0.9666666666666667,9280,1653,21,21,21,4,743,false,false,4,16
red3:lane2:snr4.0:seed4:frame19,4.0,19,pfft,alpha-stable-impulsive,0.0,47.0,2565,26.708333333333332,27.717187499999998,0.9666666666666667,9280,1653,22,22,22,4,697,false,false,4,16
red3:lane2:snr4.0:seed4:frame20,4.0,20,pfft,alpha-stable-impulsive,0.0,47.0,2707,28.1875,29.196354166666666,0.9666666666666667,9280,1653,23,23,23,4,714,false,false,4,16
red3:lane2:snr4.0:seed4:frame21,4.0,21,pfft,alpha-stable-impulsive,0.0,47.0,2849,29.666666666666668,30.675520833333334,0.9666666666666667,9280,1653,24,24,24,4,688,false,false,4,16
red3:lane2:snr4.0:seed4:frame22,4.0,22,pfft,alpha-stable-impulsive,0.0,47.0,2992,31.15625,32.165104166666666,0.9666666666666667,9280,1653,25,25,25,4,698,false,false,4,16
red3:lane2:snr4.0:seed4:frame23,4.0,23,pfft,alpha-stable-impulsive,0.0,47.0,3134,32.635416666666664,33.64427083333333,0.9666666666666667,9280,1653,26,26,26,4,707,false,false,4,16
red3:lane2:snr4.0:seed4:frame24,4.0,24,pfft,alpha-stable-impulsive,0.0,47.0,3277,34.125,35.133854166666666,0.9666666666666667,9280,1653,27,27,27,4,702,false,false,4,16
red3:lane2:snr4.0:seed4:frame25,4.0,25,pfft,alpha-stable-impulsive,0.0,47.0,3419,35.604166666666664,36.61302083333333,0.9666666666666667,9280,1653,28,28,28,4,658,false,false,4,16
red3:lane2:snr4.0:seed4:frame26,4.0,26,pfft,alpha-stable-impulsive,0.0,47.0,3561,37.083333333333336,38.0921875,0.9666666666666667,9280,1653,29,29,29,4,667,false,false,4,16
red3:lane2:snr4.0:seed4:frame27,4.0,27,pfft,alpha-stable-impulsive,0.0,47.0,3704,38.572916666666664,39.58177083333333,0.9666666666666667,9280,1653,30,30,30,4,721,false,false,4,16
red3:lane2:snr4.0:seed4:frame28,4.0,28,pfft,alpha-stable-impulsive,0.0,47.0,3846,40.052083333333336,41.0609375,0.9666666666666667,9280,1653,31,31,31,4,687,false,false,4,16
red3:lane2:snr4.0:seed4:frame29,4.0,29,pfft,alpha-stable-impulsive,0.0,47.0,3989,41.541666666666664,42.55052083333333,0.9666666666666667,9280,1653,32,32,32,4,656,false,false,4,16
red3:lane2:snr4.0:seed4:frame30,4.0,30,pfft,alpha-stable-impulsive,0.0,47.0,4131,43.020833333333336,44.0296875,0.9666666666666667,9280,1653,33,33,33,4,685,false,false,4,16
red3:lane2:snr4.0:seed4:frame31,4.0,31,pfft,alpha-stable-impulsive,0.0,47.0,4274,44.510416666666664,45.51927083333333,0.9666666666666667,9280,1653,34,34,34,4,678,false,false,4,16
red3:lane2:snr4.0:seed4:frame32,4.0,32,pfft,alpha-stable-impulsive,0.0,47.0,4416,45.989583333333336,46.9984375,0.9666666666666667,9280,1653,35,35,35,4,639,false,false,4,16
red3:lane2:snr4.0:seed4:frame1,4.0,1,profiled_cz,alpha-stable-impulsive,0.0,47.0,1,0.0,1.0088541666666666,0.9666666666666667,9280,1653,4,4,4,4,706,false,false,4,16
red3:lane2:snr4.0:seed4:frame2,4.0,2,profiled_cz,alpha-stable-impulsive,0.0,47.0,143,1.4791666666666667,2.4880208333333336,0.9666666666666667,9280,1653,5,5,5,4,693,false,false,4,16
red3:lane2:snr4.0:seed4:frame3,4.0,3,profiled_cz,alpha-stable-impulsive,0.0,47.0,286,2.96875,3.9776041666666666,0.9666666666666667,9280,1653,6,6,6,4,703,false,false,4,16
red3:lane2:snr4.0:seed4:frame4,4.0,4,profiled_cz,alpha-stable-impulsive,0.0,47.0,428,4.447916666666667,5.456770833333334,0.9666666666666667,9280,1653,7,7,7,4,669,false,false,4,16
red3:lane2:snr4.0:seed4:frame5,4.0,5,profiled_cz,alpha-stable-impulsive,0.0,47.0,571,5.9375,6.946354166666667,0.9666666666666667,9280,1653,8,8,8,4,647,false,false,4,16
red3:lane2:snr4.0:seed4:frame6,4.0,6,profiled_cz,alpha-stable-impulsive,0.0,47.0,713,7.416666666666667,8.425520833333334,0.9666666666666667,9280,1653,9,9,9,4,717,false,false,4,16
red3:lane2:snr4.0:seed4:frame7,4.0,7,profiled_cz,alpha-stable-impulsive,0.0,47.0,856,8.90625,9.915104166666666,0.9666666666666667,9280,1653,10,10,10,4,621,false,false,4,16
red3:lane2:snr4.0:seed4:frame8,4.0,8,profiled_cz,alpha-stable-impulsive,0.0,47.0,998,10.385416666666666,11.394270833333334,0.9666666666666667,9280,1653,11,11,11,4,629,false,false,4,16
red3:lane2:snr4.0:seed4:frame9,4.0,9,profiled_cz,alpha-stable-impulsive,0.0,47.0,1140,11.864583333333334,12.873437500000001,0.9666666666666667,9280,1653,12,12,12,4,608,false,false,4,16
red3:lane2:snr4.0:seed4:frame10,4.0,10,profiled_cz,alpha-stable-impulsive,0.0,47.0,1283,13.354166666666666,14.363020833333334,0.9666666666666667,9280,1653,13,13,13,4,686,false,false,4,16
red3:lane2:snr4.0:seed4:frame11,4.0,11,profiled_cz,alpha-stable-impulsive,0.0,47.0,1425,14.833333333333334,15.842187500000001,0.9666666666666667,9280,1653,14,14,14,4,661,false,false,4,16
red3:lane2:snr4.0:seed4:frame12,4.0,12,profiled_cz,alpha-stable-impulsive,0.0,47.0,1568,16.322916666666668,17.331770833333334,0.9666666666666667,9280,1653,15,15,15,4,690,false,false,4,16
red3:lane2:snr4.0:seed4:frame13,4.0,13,profiled_cz,alpha-stable-impulsive,0.0,47.0,1710,17.802083333333332,18.810937499999998,0.9666666666666667,9280,1653,16,16,16,4,679,false,false,4,16
red3:lane2:snr4.0:seed4:frame14,4.0,14,profiled_cz,alpha-stable-impulsive,0.0,47.0,1852,19.28125,20.290104166666666,0.9666666666666667,9280,1653,17,17,17,4,647,false,false,4,16
red3:lane2:snr4.0:seed4:frame15,4.0,15,profiled_cz,alpha-stable-impulsive,0.0,47.0,1995,20.770833333333332,21.779687499999998,0.9666666666666667,9280,1653,18,18,18,4,641,false,false,4,16
red3:lane2:snr4.0:seed4:frame16,4.0,16,profiled_cz,alpha-stable-impulsive,0.0,47.0,2137,22.25,23.258854166666666,0.9666666666666667,9280,1653,19,19,19,4,726,false,false,4,16
red3:lane2:snr4.0:seed4:frame17,4.0,17,profiled_cz,alpha-stable-impulsive,0.0,47.0,2280,23.739583333333332,24.748437499999998,0.9666666666666667,9280,1653,20,20,20,4,635,false,false,4,16
red3:lane2:snr4.0:seed4:frame18,4.0,18,profiled_cz,alpha-stable-impulsive,0.0,47.0,2422,25.21875,26.227604166666666,0.9666666666666667,9280,1653,21,21,21,4,743,false,false,4,16
red3:lane2:snr4.0:seed4:frame19,4.0,19,profiled_cz,alpha-stable-impulsive,0.0,47.0,2565,26.708333333333332,27.717187499999998,0.9666666666666667,9280,1653,22,22,22,4,697,false,false,4,16
red3:lane2:snr4.0:seed4:frame20,4.0,20,profiled_cz,alpha-stable-impulsive,0.0,47.0,2707,28.1875,29.196354166666666,0.9666666666666667,9280,1653,23,23,23,4,714,false,false,4,16
red3:lane2:snr4.0:seed4:frame21,4.0,21,profiled_cz,alpha-stable-impulsive,0.0,47.0,2849,29.666666666666668,30.675520833333334,0.9666666666666667,9280,1653,24,24,24,4,688,false,false,4,16
red3:lane2:snr4.0:seed4:frame22,4.0,22,profiled_cz,alpha-stable-impulsive,0.0,47.0,2992,31.15625,32.165104166666666,0.9666666666666667,9280,1653,25,25,25,4,629,false,false,4,16
red3:lane2:snr4.0:seed4:frame23,4.0,23,profiled_cz,alpha-stable-impulsive,0.0,47.0,3134,32.635416666666664,33.64427083333333,0.9666666666666667,9280,1653,26,26,26,4,707,false,false,4,16
red3:lane2:snr4.0:seed4:frame24,4.0,24,profiled_cz,alpha-stable-impulsive,0.0,47.0,3277,34.125,35.133854166666666,0.9666666666666667,9280,1653,27,27,27,4,651,false,false,4,16
red3:lane2:snr4.0:seed4:frame25,4.0,25,profiled_cz,alpha-stable-impulsive,0.0,47.0,3419,35.604166666666664,36.61302083333333,0.9666666666666667,9280,1653,28,28,28,4,569,false,false,4,16
red3:lane2:snr4.0:seed4:frame26,4.0,26,profiled_cz,alpha-stable-impulsive,0.0,47.0,3561,37.083333333333336,38.0921875,0.9666666666666667,9280,1653,29,29,29,4,604,false,false,4,16
red3:lane2:snr4.0:seed4:frame27,4.0,27,profiled_cz,alpha-stable-impulsive,0.0,47.0,3704,38.572916666666664,39.58177083333333,0.9666666666666667,9280,1653,30,30,30,4,636,false,false,4,16
red3:lane2:snr4.0:seed4:frame28,4.0,28,profiled_cz,alpha-stable-impulsive,0.0,47.0,3846,40.052083333333336,41.0609375,0.9666666666666667,9280,1653,31,31,31,4,637,false,false,4,16
red3:lane2:snr4.0:seed4:frame29,4.0,29,profiled_cz,alpha-stable-impulsive,0.0,47.0,3989,41.541666666666664,42.55052083333333,0.9666666666666667,9280,1653,32,32,32,4,656,false,false,4,16
red3:lane2:snr4.0:seed4:frame30,4.0,30,profiled_cz,alpha-stable-impulsive,0.0,47.0,4131,43.020833333333336,44.0296875,0.9666666666666667,9280,1653,33,33,33,4,685,false,false,4,16
red3:lane2:snr4.0:seed4:frame31,4.0,31,profiled_cz,alpha-stable-impulsive,0.0,47.0,4274,44.510416666666664,45.51927083333333,0.9666666666666667,9280,1653,34,34,34,4,616,false,false,4,16
red3:lane2:snr4.0:seed4:frame32,4.0,32,profiled_cz,alpha-stable-impulsive,0.0,47.0,4416,45.989583333333336,46.9984375,0.9666666666666667,9280,1653,35,35,35,4,607,false,false,4,16
red3:lane2:snr6.0:seed4:frame1,6.0,1,cwz_joint,alpha-stable-impulsive,0.0,47.0,1,0.0,1.0088541666666666,0.9666666666666667,9280,1653,4,4,4,4,638,false,false,4,16
red3:lane2:snr6.0:seed4:frame2,6.0,2,cwz_joint,alpha-stable-impulsive,0.0,47.0,143,1.4791666666666667,2.4880208333333336,0.9666666666666667,9280,1653,5,5,5,4,591,false,false,4,16
red3:lane2:snr6.0:seed4:frame3,6.0,3,cwz_joint,alpha-stable-impulsive,0.0,47.0,286,2.96875,3.9776041666666666,0.9666666666666667,9280,1653,6,6,6,4,631,false,false,4,16
red3:lane2:snr6.0:seed4:frame4,6.0,4,cwz_joint,alpha-stable-impulsive,0.0,47.0,428,4.447916666666667,5.456770833333334,0.9666666666666667,9280,1653,7,7,7,4,629,false,false,4,16
red3:lane2:snr6.0:seed4:frame5,6.0,5,cwz_joint,alpha-stable-impulsive,0.0,47.0,571,5.9375,6.946354166666667,0.9666666666666667,9280,1653,8,8,8,4,594,false,false,4,16
red3:lane2:snr6.0:seed4:frame6,6.0,6,cwz_joint,alpha-stable-impulsive,0.0,47.0,713,7.416666666666667,8.425520833333334,0.9666666666666667,9280,1653,9,9,9,4,680,false,false,4,16
red3:lane2:snr6.0:seed4:frame7,6.0,7,cwz_joint,alpha-stable-impulsive,0.0,47.0,856,8.90625,9.915104166666666,0.9666666666666667,9280,1653,10,10,10,4,573,false,false,4,16
red3:lane2:snr6.0:seed4:frame8,6.0,8,cwz_joint,alpha-stable-impulsive,0.0,47.0,998,10.385416666666666,11.394270833333334,0.9666666666666667,9280,1653,11,11,11,4,540,false,false,4,16
red3:lane2:snr6.0:seed4:frame9,6.0,9,cwz_joint,alpha-stable-impulsive,0.0,47.0,1140,11.864583333333334,12.873437500000001,0.9666666666666667,9280,1653,12,12,12,4,583,false,false,4,16
red3:lane2:snr6.0:seed4:frame10,6.0,10,cwz_joint,alpha-stable-impulsive,0.0,47.0,1283,13.354166666666666,14.363020833333334,0.9666666666666667,9280,1653,13,13,13,4,642,false,false,4,16
red3:lane2:snr6.0:seed4:frame11,6.0,11,cwz_joint,alpha-stable-impulsive,0.0,47.0,1425,14.833333333333334,15.842187500000001,0.9666666666666667,9280,1653,14,14,14,4,660,false,false,4,16
red3:lane2:snr6.0:seed4:frame12,6.0,12,cwz_joint,alpha-stable-impulsive,0.0,47.0,1568,16.322916666666668,17.331770833333334,0.9666666666666667,9280,1653,15,15,15,4,603,false,false,4,16
red3:lane2:snr6.0:seed4:frame13,6.0,13,cwz_joint,alpha-stable-impulsive,0.0,47.0,1710,17.802083333333332,18.810937499999998,0.9666666666666667,9280,1653,16,16,16,4,606,false,false,4,16
red3:lane2:snr6.0:seed4:frame14,6.0,14,cwz_joint,alpha-stable-impulsive,0.0,47.0,1852,19.28125,20.290104166666666,0.9666666666666667,9280,1653,17,17,17,4,585,false,false,4,16
red3:lane2:snr6.0:seed4:frame15,6.0,15,cwz_joint,alpha-stable-impulsive,0.0,47.0,1995,20.770833333333332,21.779687499999998,0.9666666666666667,9280,1653,18,18,18,4,652,false,false,4,16
red3:lane2:snr6.0:seed4:frame16,6.0,16,cwz_joint,alpha-stable-impulsive,0.0,47.0,2137,22.25,23.258854166666666,0.9666666666666667,9280,1653,19,19,19,4,686,false,false,4,16
red3:lane2:snr6.0:seed4:frame17,6.0,17,cwz_joint,alpha-stable-impulsive,0.0,47.0,2280,23.739583333333332,24.748437499999998,0.9666666666666667,9280,1653,20,20,20,4,575,false,false,4,16
red3:lane2:snr6.0:seed4:frame18,6.0,18,cwz_joint,alpha-stable-impulsive,0.0,47.0,2422,25.21875,26.227604166666666,0.9666666666666667,9280,1653,21,21,21,4,650,false,false,4,16
red3:lane2:snr6.0:seed4:frame19,6.0,19,cwz_joint,alpha-stable-impulsive,0.0,47.0,2565,26.708333333333332,27.717187499999998,0.9666666666666667,9280,1653,22,22,22,4,580,false,false,4,16
red3:lane2:snr6.0:seed4:frame20,6.0,20,cwz_joint,alpha-stable-impulsive,0.0,47.0,2707,28.1875,29.196354166666666,0.9666666666666667,9280,1653,23,23,23,4,582,false,false,4,16
red3:lane2:snr6.0:seed4:frame21,6.0,21,cwz_joint,alpha-stable-impulsive,0.0,47.0,2849,29.666666666666668,30.675520833333334,0.9666666666666667,9280,1653,24,24,24,4,621,false,false,4,16
red3:lane2:snr6.0:seed4:frame22,6.0,22,cwz_joint,alpha-stable-impulsive,0.0,47.0,2992,31.15625,32.165104166666666,0.9666666666666667,9280,1653,25,25,25,4,544,false,false,4,16
red3:lane2:snr6.0:seed4:frame23,6.0,23,cwz_joint,alpha-stable-impulsive,0.0,47.0,3134,32.635416666666664,33.64427083333333,0.9666666666666667,9280,1653,26,26,26,4,626,false,false,4,16
red3:lane2:snr6.0:seed4:frame24,6.0,24,cwz_joint,alpha-stable-impulsive,0.0,47.0,3277,34.125,35.133854166666666,0.9666666666666667,9280,1653,27,27,27,4,579,false,false,4,16
red3:lane2:snr6.0:seed4:frame25,6.0,25,cwz_joint,alpha-stable-impulsive,0.0,47.0,3419,35.604166666666664,36.61302083333333,0.9666666666666667,9280,1653,28,28,28,4,582,false,false,4,16
red3:lane2:snr6.0:seed4:frame26,6.0,26,cwz_joint,alpha-stable-impulsive,0.0,47.0,3561,37.083333333333336,38.0921875,0.9666666666666667,9280,1653,29,29,29,4,529,false,false,4,16
red3:lane2:snr6.0:seed4:frame27,6.0,27,cwz_joint,alpha-stable-impulsive,0.0,47.0,3704,38.572916666666664,39.58177083333333,0.9666666666666667,9280,1653,30,30,30,4,608,false,false,4,16
red3:lane2:snr6.0:seed4:frame28,6.0,28,cwz_joint,alpha-stable-impulsive,0.0,47.0,3846,40.052083333333336,41.0609375,0.9666666666666667,9280,1653,31,31,31,4,549,false,false,4,16
red3:lane2:snr6.0:seed4:frame29,6.0,29,cwz_joint,alpha-stable-impulsive,0.0,47.0,3989,41.541666666666664,42.55052083333333,0.9666666666666667,9280,1653,32,32,32,4,630,false,false,4,16
red3:lane2:snr6.0:seed4:frame30,6.0,30,cwz_joint,alpha-stable-impulsive,0.0,47.0,4131,43.020833333333336,44.0296875,0.9666666666666667,9280,1653,33,33,33,4,548,false,false,4,16
red3:lane2:snr6.0:seed4:frame31,6.0,31,cwz_joint,alpha-stable-impulsive,0.0,47.0,4274,44.510416666666664,45.51927083333333,0.9666666666666667,9280,1653,34,34,34,4,612,false,false,4,16
red3:lane2:snr6.0:seed4:frame32,6.0,32,cwz_joint,alpha-stable-impulsive,0.0,47.0,4416,45.989583333333336,46.9984375,0.9666666666666667,9280,1653,35,35,35,4,638,false,false,4,16
red3:lane2:snr6.0:seed4:frame1,6.0,1,lite,alpha-stable-impulsive,0.0,47.0,1,0.0,1.0088541666666666,0.9666666666666667,9280,1653,4,4,4,4,638,false,false,4,16
red3:lane2:snr6.0:seed4:frame2,6.0,2,lite,alpha-stable-impulsive,0.0,47.0,143,1.4791666666666667,2.4880208333333336,0.9666666666666667,9280,1653,5,5,5,4,591,false,false,4,16
red3:lane2:snr6.0:seed4:frame3,6.0,3,lite,alpha-stable-impulsive,0.0,47.0,286,2.96875,3.9776041666666666,0.9666666666666667,9280,1653,6,6,6,4,631,false,false,4,16
red3:lane2:snr6.0:seed4:frame4,6.0,4,lite,alpha-stable-impulsive,0.0,47.0,428,4.447916666666667,5.456770833333334,0.9666666666666667,9280,1653,7,7,7,4,629,false,false,4,16
red3:lane2:snr6.0:seed4:frame5,6.0,5,lite,alpha-stable-impulsive,0.0,47.0,571,5.9375,6.946354166666667,0.9666666666666667,9280,1653,8,8,8,4,594,false,false,4,16
red3:lane2:snr6.0:seed4:frame6,6.0,6,lite,alpha-stable-impulsive,0.0,47.0,713,7.416666666666667,8.425520833333334,0.9666666666666667,9280,1653,9,9,9,4,680,false,false,4,16
red3:lane2:snr6.0:seed4:frame7,6.0,7,lite,alpha-stable-impulsive,0.0,47.0,856,8.90625,9.915104166666666,0.9666666666666667,9280,1653,10,10,10,4,573,false,false,4,16
red3:lane2:snr6.0:seed4:frame8,6.0,8,lite,alpha-stable-impulsive,0.0,47.0,998,10.385416666666666,11.394270833333334,0.9666666666666667,9280,1653,11,11,11,4,540,false,false,4,16
red3:lane2:snr6.0:seed4:frame9,6.0,9,lite,alpha-stable-impulsive,0.0,47.0,1140,11.864583333333334,12.873437500000001,0.9666666666666667,9280,1653,12,12,12,4,583,false,false,4,16
red3:lane2:snr6.0:seed4:frame10,6.0,10,lite,alpha-stable-impulsive,0.0,47.0,1283,13.354166666666666,14.363020833333334,0.9666666666666667,9280,1653,13,13,13,4,642,false,false,4,16
red3:lane2:snr6.0:seed4:frame11,6.0,11,lite,alpha-stable-impulsive,0.0,47.0,1425,14.833333333333334,15.842187500000001,0.9666666666666667,9280,1653,14,14,14,4,660,false,false,4,16
red3:lane2:snr6.0:seed4:frame12,6.0,12,lite,alpha-stable-impulsive,0.0,47.0,1568,16.322916666666668,17.331770833333334,0.9666666666666667,9280,1653,15,15,15,4,603,false,false,4,16
red3:lane2:snr6.0:seed4:frame13,6.0,13,lite,alpha-stable-impulsive,0.0,47.0,1710,17.802083333333332,18.810937499999998,0.9666666666666667,9280,1653,16,16,16,4,606,false,false,4,16
red3:lane2:snr6.0:seed4:frame14,6.0,14,lite,alpha-stable-impulsive,0.0,47.0,1852,19.28125,20.290104166666666,0.9666666666666667,9280,1653,17,17,17,4,585,false,false,4,16
red3:lane2:snr6.0:seed4:frame15,6.0,15,lite,alpha-stable-impulsive,0.0,47.0,1995,20.770833333333332,21.779687499999998,0.9666666666666667,9280,1653,18,18,18,4,652,false,false,4,16
red3:lane2:snr6.0:seed4:frame16,6.0,16,lite,alpha-stable-impulsive,0.0,47.0,2137,22.25,23.258854166666666,0.9666666666666667,9280,1653,19,19,19,4,686,false,false,4,16
red3:lane2:snr6.0:seed4:frame17,6.0,17,lite,alpha-stable-impulsive,0.0,47.0,2280,23.739583333333332,24.748437499999998,0.9666666666666667,9280,1653,20,20,20,4,575,false,false,4,16
red3:lane2:snr6.0:seed4:frame18,6.0,18,lite,alpha-stable-impulsive,0.0,47.0,2422,25.21875,26.227604166666666,0.9666666666666667,9280,1653,21,21,21,4,650,false,false,4,16
red3:lane2:snr6.0:seed4:frame19,6.0,19,lite,alpha-stable-impulsive,0.0,47.0,2565,26.708333333333332,27.717187499999998,0.9666666666666667,9280,1653,22,22,22,4,580,false,false,4,16
red3:lane2:snr6.0:seed4:frame20,6.0,20,lite,alpha-stable-impulsive,0.0,47.0,2707,28.1875,29.196354166666666,0.9666666666666667,9280,1653,23,23,23,4,582,false,false,4,16
red3:lane2:snr6.0:seed4:frame21,6.0,21,lite,alpha-stable-impulsive,0.0,47.0,2849,29.666666666666668,30.675520833333334,0.9666666666666667,9280,1653,24,24,24,4,621,false,false,4,16
red3:lane2:snr6.0:seed4:frame22,6.0,22,lite,alpha-stable-impulsive,0.0,47.0,2992,31.15625,32.165104166666666,0.9666666666666667,9280,1653,25,25,25,4,544,false,false,4,16
red3:lane2:snr6.0:seed4:frame23,6.0,23,lite,alpha-stable-impulsive,0.0,47.0,3134,32.635416666666664,33.64427083333333,0.9666666666666667,9280,1653,26,26,26,4,626,false,false,4,16
red3:lane2:snr6.0:seed4:frame24,6.0,24,lite,alpha-stable-impulsive,0.0,47.0,3277,34.125,35.133854166666666,0.9666666666666667,9280,1653,27,27,27,4,579,false,false,4,16
red3:lane2:snr6.0:seed4:frame25,6.0,25,lite,alpha-stable-impulsive,0.0,47.0,3419,35.604166666666664,36.61302083333333,0.9666666666666667,9280,1653,28,28,28,4,582,false,false,4,16
red3:lane2:snr6.0:seed4:frame26,6.0,26,lite,alpha-stable-impulsive,0.0,47.0,3561,37.083333333333336,38.0921875,0.9666666666666667,9280,1653,29,29,29,4,529,false,false,4,16
red3:lane2:snr6.0:seed4:frame27,6.0,27,lite,alpha-stable-impulsive,0.0,47.0,3704,38.572916666666664,39.58177083333333,0.9666666666666667,9280,1653,30,30,30,4,608,false,false,4,16
red3:lane2:snr6.0:seed4:frame28,6.0,28,lite,alpha-stable-impulsive,0.0,47.0,3846,40.052083333333336,41.0609375,0.9666666666666667,9280,1653,31,31,31,4,549,false,false,4,16
red3:lane2:snr6.0:seed4:frame29,6.0,29,lite,alpha-stable-impulsive,0.0,47.0,3989,41.541666666666664,42.55052083333333,0.9666666666666667,9280,1653,32,32,32,4,630,false,false,4,16
red3:lane2:snr6.0:seed4:frame30,6.0,30,lite,alpha-stable-impulsive,0.0,47.0,4131,43.020833333333336,44.0296875,0.9666666666666667,9280,1653,33,33,33,4,548,false,false,4,16
red3:lane2:snr6.0:seed4:frame31,6.0,31,lite,alpha-stable-impulsive,0.0,47.0,4274,44.510416666666664,45.51927083333333,0.9666666666666667,9280,1653,34,34,34,4,612,false,false,4,16
red3:lane2:snr6.0:seed4:frame32,6.0,32,lite,alpha-stable-impulsive,0.0,47.0,4416,45.989583333333336,46.9984375,0.9666666666666667,9280,1653,35,35,35,4,638,false,false,4,16
red3:lane2:snr6.0:seed4:frame1,6.0,1,ofdm_fec,alpha-stable-impulsive,0.0,47.0,1,0.0,1.0088541666666666,0.9666666666666667,9280,1653,4,4,4,4,565,false,false,4,16
red3:lane2:snr6.0:seed4:frame2,6.0,2,ofdm_fec,alpha-stable-impulsive,0.0,47.0,143,1.4791666666666667,2.4880208333333336,0.9666666666666667,9280,1653,5,5,5,4,442,false,false,4,16
red3:lane2:snr6.0:seed4:frame3,6.0,3,ofdm_fec,alpha-stable-impulsive,0.0,47.0,286,2.96875,3.9776041666666666,0.9666666666666667,9280,1653,6,6,6,4,408,false,false,4,16
red3:lane2:snr6.0:seed4:frame4,6.0,4,ofdm_fec,alpha-stable-impulsive,0.0,47.0,428,4.447916666666667,5.456770833333334,0.9666666666666667,9280,1653,7,7,7,4,572,false,false,4,16
red3:lane2:snr6.0:seed4:frame5,6.0,5,ofdm_fec,alpha-stable-impulsive,0.0,47.0,571,5.9375,6.946354166666667,0.9666666666666667,9280,1653,8,8,8,4,530,false,false,4,16
red3:lane2:snr6.0:seed4:frame6,6.0,6,ofdm_fec,alpha-stable-impulsive,0.0,47.0,713,7.416666666666667,8.425520833333334,0.9666666666666667,9280,1653,9,9,9,4,529,false,false,4,16
red3:lane2:snr6.0:seed4:frame7,6.0,7,ofdm_fec,alpha-stable-impulsive,0.0,47.0,856,8.90625,9.915104166666666,0.9666666666666667,9280,1653,10,10,10,4,497,false,false,4,16
red3:lane2:snr6.0:seed4:frame8,6.0,8,ofdm_fec,alpha-stable-impulsive,0.0,47.0,998,10.385416666666666,11.394270833333334,0.9666666666666667,9280,1653,11,11,11,4,519,false,false,4,16
red3:lane2:snr6.0:seed4:frame9,6.0,9,ofdm_fec,alpha-stable-impulsive,0.0,47.0,1140,11.864583333333334,12.873437500000001,0.9666666666666667,9280,1653,12,12,12,4,561,false,false,4,16
red3:lane2:snr6.0:seed4:frame10,6.0,10,ofdm_fec,alpha-stable-impulsive,0.0,47.0,1283,13.354166666666666,14.363020833333334,0.9666666666666667,9280,1653,13,13,13,4,363,false,false,4,16
red3:lane2:snr6.0:seed4:frame11,6.0,11,ofdm_fec,alpha-stable-impulsive,0.0,47.0,1425,14.833333333333334,15.842187500000001,0.9666666666666667,9280,1653,14,14,14,4,514,false,false,4,16
red3:lane2:snr6.0:seed4:frame12,6.0,12,ofdm_fec,alpha-stable-impulsive,0.0,47.0,1568,16.322916666666668,17.331770833333334,0.9666666666666667,9280,1653,15,15,15,4,550,false,false,4,16
red3:lane2:snr6.0:seed4:frame13,6.0,13,ofdm_fec,alpha-stable-impulsive,0.0,47.0,1710,17.802083333333332,18.810937499999998,0.9666666666666667,9280,1653,16,16,16,4,549,false,false,4,16
red3:lane2:snr6.0:seed4:frame14,6.0,14,ofdm_fec,alpha-stable-impulsive,0.0,47.0,1852,19.28125,20.290104166666666,0.9666666666666667,9280,1653,17,17,17,4,594,false,false,4,16
red3:lane2:snr6.0:seed4:frame15,6.0,15,ofdm_fec,alpha-stable-impulsive,0.0,47.0,1995,20.770833333333332,21.779687499999998,0.9666666666666667,9280,1653,18,18,18,4,524,false,false,4,16
red3:lane2:snr6.0:seed4:frame16,6.0,16,ofdm_fec,alpha-stable-impulsive,0.0,47.0,2137,22.25,23.258854166666666,0.9666666666666667,9280,1653,19,19,19,4,524,false,false,4,16
red3:lane2:snr6.0:seed4:frame17,6.0,17,ofdm_fec,alpha-stable-impulsive,0.0,47.0,2280,23.739583333333332,24.748437499999998,0.9666666666666667,9280,1653,20,20,20,4,520,false,false,4,16
red3:lane2:snr6.0:seed4:frame18,6.0,18,ofdm_fec,alpha-stable-impulsive,0.0,47.0,2422,25.21875,26.227604166666666,0.9666666666666667,9280,1653,21,21,21,4,634,false,false,4,16
red3:lane2:snr6.0:seed4:frame19,6.0,19,ofdm_fec,alpha-stable-impulsive,0.0,47.0,2565,26.708333333333332,27.717187499999998,0.9666666666666667,9280,1653,22,22,22,4,472,false,false,4,16
red3:lane2:snr6.0:seed4:frame20,6.0,20,ofdm_fec,alpha-stable-impulsive,0.0,47.0,2707,28.1875,29.196354166666666,0.9666666666666667,9280,1653,23,23,23,4,496,false,false,4,16
red3:lane2:snr6.0:seed4:frame21,6.0,21,ofdm_fec,alpha-stable-impulsive,0.0,47.0,2849,29.666666666666668,30.675520833333334,0.9666666666666667,9280,1653,24,24,24,4,518,false,false,4,16
red3:lane2:snr6.0:seed4:frame22,6.0,22,ofdm_fec,alpha-stable-impulsive,0.0,47.0,2992,31.15625,32.165104166666666,0.9666666666666667,9280,1653,25,25,25,4,501,false,false,4,16
red3:lane2:snr6.0:seed4:frame23,6.0,23,ofdm_fec,alpha-stable-impulsive,0.0,47.0,3134,32.635416666666664,33.64427083333333,0.9666666666666667,9280,1653,26,26,26,4,593,false,false,4,16
red3:lane2:snr6.0:seed4:frame24,6.0,24,ofdm_fec,alpha-stable-impulsive,0.0,47.0,3277,34.125,35.133854166666666,0.9666666666666667,9280,1653,27,27,27,4,532,false,false,4,16
red3:lane2:snr6.0:seed4:frame25,6.0,25,ofdm_fec,alpha-stable-impulsive,0.0,47.0,3419,35.604166666666664,36.61302083333333,0.9666666666666667,9280,1653,28,28,28,4,522,false,false,4,16
red3:lane2:snr6.0:seed4:frame26,6.0,26,ofdm_fec,alpha-stable-impulsive,0.0,47.0,3561,37.083333333333336,38.0921875,0.9666666666666667,9280,1653,29,29,29,4,520,false,false,4,16
red3:lane2:snr6.0:seed4:frame27,6.0,27,ofdm_fec,alpha-stable-impulsive,0.0,47.0,3704,38.572916666666664,39.58177083333333,0.9666666666666667,9280,1653,30,30,30,4,515,false,false,4,16
red3:lane2:snr6.0:seed4:frame28,6.0,28,ofdm_fec,alpha-stable-impulsive,0.0,47.0,3846,40.052083333333336,41.0609375,0.9666666666666667,9280,1653,31,31,31,4,371,false,false,4,16
red3:lane2:snr6.0:seed4:frame29,6.0,29,ofdm_fec,alpha-stable-impulsive,0.0,47.0,3989,41.541666666666664,42.55052083333333,0.9666666666666667,9280,1653,32,32,32,4,479,false,false,4,16
red3:lane2:snr6.0:seed4:frame30,6.0,30,ofdm_fec,alpha-stable-impulsive,0.0,47.0,4131,43.020833333333336,44.0296875,0.9666666666666667,9280,1653,33,33,33,4,544,false,false,4,16
red3:lane2:snr6.0:seed4:frame31,6.0,31,ofdm_fec,alpha-stable-impulsive,0.0,47.0,4274,44.510416666666664,45.51927083333333,0.9666666666666667,9280,1653,34,34,34,4,556,false,false,4,16
red3:lane2:snr6.0:seed4:frame32,6.0,32,ofdm_fec,alpha-stable-impulsive,0.0,47.0,4416,45.989583333333336,46.9984375,0.9666666666666667,9280,1653,35,35,35,4,461,false,false,4,16
red3:lane2:snr6.0:seed4:frame1,6.0,1,pfft,alpha-stable-impulsive,0.0,47.0,1,0.0,1.0088541666666666,0.9666666666666667,9280,1653,4,4,4,4,696,false,false,4,16
red3:lane2:snr6.0:seed4:frame2,6.0,2,pfft,alpha-stable-impulsive,0.0,47.0,143,1.4791666666666667,2.4880208333333336,0.9666666666666667,9280,1653,5,5,5,4,669,false,false,4,16
red3:lane2:snr6.0:seed4:frame3,6.0,3,pfft,alpha-stable-impulsive,0.0,47.0,286,2.96875,3.9776041666666666,0.9666666666666667,9280,1653,6,6,6,4,631,false,false,4,16
red3:lane2:snr6.0:seed4:frame4,6.0,4,pfft,alpha-stable-impulsive,0.0,47.0,428,4.447916666666667,5.456770833333334,0.9666666666666667,9280,1653,7,7,7,4,676,false,false,4,16
red3:lane2:snr6.0:seed4:frame5,6.0,5,pfft,alpha-stable-impulsive,0.0,47.0,571,5.9375,6.946354166666667,0.9666666666666667,9280,1653,8,8,8,4,643,false,false,4,16
red3:lane2:snr6.0:seed4:frame6,6.0,6,pfft,alpha-stable-impulsive,0.0,47.0,713,7.416666666666667,8.425520833333334,0.9666666666666667,9280,1653,9,9,9,4,680,false,false,4,16
red3:lane2:snr6.0:seed4:frame7,6.0,7,pfft,alpha-stable-impulsive,0.0,47.0,856,8.90625,9.915104166666666,0.9666666666666667,9280,1653,10,10,10,4,662,false,false,4,16
red3:lane2:snr6.0:seed4:frame8,6.0,8,pfft,alpha-stable-impulsive,0.0,47.0,998,10.385416666666666,11.394270833333334,0.9666666666666667,9280,1653,11,11,11,4,689,false,false,4,16
red3:lane2:snr6.0:seed4:frame9,6.0,9,pfft,alpha-stable-impulsive,0.0,47.0,1140,11.864583333333334,12.873437500000001,0.9666666666666667,9280,1653,12,12,12,4,667,false,false,4,16
red3:lane2:snr6.0:seed4:frame10,6.0,10,pfft,alpha-stable-impulsive,0.0,47.0,1283,13.354166666666666,14.363020833333334,0.9666666666666667,9280,1653,13,13,13,4,681,false,false,4,16
red3:lane2:snr6.0:seed4:frame11,6.0,11,pfft,alpha-stable-impulsive,0.0,47.0,1425,14.833333333333334,15.842187500000001,0.9666666666666667,9280,1653,14,14,14,4,660,false,false,4,16
red3:lane2:snr6.0:seed4:frame12,6.0,12,pfft,alpha-stable-impulsive,0.0,47.0,1568,16.322916666666668,17.331770833333334,0.9666666666666667,9280,1653,15,15,15,4,672,false,false,4,16
red3:lane2:snr6.0:seed4:frame13,6.0,13,pfft,alpha-stable-impulsive,0.0,47.0,1710,17.802083333333332,18.810937499999998,0.9666666666666667,9280,1653,16,16,16,4,665,false,false,4,16
red3:lane2:snr6.0:seed4:frame14,6.0,14,pfft,alpha-stable-impulsive,0.0,47.0,1852,19.28125,20.290104166666666,0.9666666666666667,9280,1653,17,17,17,4,637,false,false,4,16
red3:lane2:snr6.0:seed4:frame15,6.0,15,pfft,alpha-stable-impulsive,0.0,47.0,1995,20.770833333333332,21.779687499999998,0.9666666666666667,9280,1653,18,18,18,4,652,false,false,4,16
red3:lane2:snr6.0:seed4:frame16,6.0,16,pfft,alpha-stable-impulsive,0.0,47.0,2137,22.25,23.258854166666666,0.9666666666666667,9280,1653,19,19,19,4,686,false,false,4,16
red3:lane2:snr6.0:seed4:frame17,6.0,17,pfft,alpha-stable-impulsive,0.0,47.0,2280,23.739583333333332,24.748437499999998,0.9666666666666667,9280,1653,20,20,20,4,620,false,false,4,16
red3:lane2:snr6.0:seed4:frame18,6.0,18,pfft,alpha-stable-impulsive,0.0,47.0,2422,25.21875,26.227604166666666,0.9666666666666667,9280,1653,21,21,21,4,710,false,false,4,16
red3:lane2:snr6.0:seed4:frame19,6.0,19,pfft,alpha-stable-impulsive,0.0,47.0,2565,26.708333333333332,27.717187499999998,0.9666666666666667,9280,1653,22,22,22,4,639,false,false,4,16
red3:lane2:snr6.0:seed4:frame20,6.0,20,pfft,alpha-stable-impulsive,0.0,47.0,2707,28.1875,29.196354166666666,0.9666666666666667,9280,1653,23,23,23,4,675,false,false,4,16
red3:lane2:snr6.0:seed4:frame21,6.0,21,pfft,alpha-stable-impulsive,0.0,47.0,2849,29.666666666666668,30.675520833333334,0.9666666666666667,9280,1653,24,24,24,4,709,false,false,4,16
red3:lane2:snr6.0:seed4:frame22,6.0,22,pfft,alpha-stable-impulsive,0.0,47.0,2992,31.15625,32.165104166666666,0.9666666666666667,9280,1653,25,25,25,4,662,false,false,4,16
red3:lane2:snr6.0:seed4:frame23,6.0,23,pfft,alpha-stable-impulsive,0.0,47.0,3134,32.635416666666664,33.64427083333333,0.9666666666666667,9280,1653,26,26,26,4,683,false,false,4,16
red3:lane2:snr6.0:seed4:frame24,6.0,24,pfft,alpha-stable-impulsive,0.0,47.0,3277,34.125,35.133854166666666,0.9666666666666667,9280,1653,27,27,27,4,642,false,false,4,16
red3:lane2:snr6.0:seed4:frame25,6.0,25,pfft,alpha-stable-impulsive,0.0,47.0,3419,35.604166666666664,36.61302083333333,0.9666666666666667,9280,1653,28,28,28,4,623,false,false,4,16
red3:lane2:snr6.0:seed4:frame26,6.0,26,pfft,alpha-stable-impulsive,0.0,47.0,3561,37.083333333333336,38.0921875,0.9666666666666667,9280,1653,29,29,29,4,595,false,false,4,16
red3:lane2:snr6.0:seed4:frame27,6.0,27,pfft,alpha-stable-impulsive,0.0,47.0,3704,38.572916666666664,39.58177083333333,0.9666666666666667,9280,1653,30,30,30,4,699,false,false,4,16
red3:lane2:snr6.0:seed4:frame28,6.0,28,pfft,alpha-stable-impulsive,0.0,47.0,3846,40.052083333333336,41.0609375,0.9666666666666667,9280,1653,31,31,31,4,677,false,false,4,16
red3:lane2:snr6.0:seed4:frame29,6.0,29,pfft,alpha-stable-impulsive,0.0,47.0,3989,41.541666666666664,42.55052083333333,0.9666666666666667,9280,1653,32,32,32,4,630,false,false,4,16
red3:lane2:snr6.0:seed4:frame30,6.0,30,pfft,alpha-stable-impulsive,0.0,47.0,4131,43.020833333333336,44.0296875,0.9666666666666667,9280,1653,33,33,33,4,624,false,false,4,16
red3:lane2:snr6.0:seed4:frame31,6.0,31,pfft,alpha-stable-impulsive,0.0,47.0,4274,44.510416666666664,45.51927083333333,0.9666666666666667,9280,1653,34,34,34,4,631,false,false,4,16
red3:lane2:snr6.0:seed4:frame32,6.0,32,pfft,alpha-stable-impulsive,0.0,47.0,4416,45.989583333333336,46.9984375,0.9666666666666667,9280,1653,35,35,35,4,638,false,false,4,16
red3:lane2:snr6.0:seed4:frame1,6.0,1,profiled_cz,alpha-stable-impulsive,0.0,47.0,1,0.0,1.0088541666666666,0.9666666666666667,9280,1653,4,4,4,4,638,false,false,4,16
red3:lane2:snr6.0:seed4:frame2,6.0,2,profiled_cz,alpha-stable-impulsive,0.0,47.0,143,1.4791666666666667,2.4880208333333336,0.9666666666666667,9280,1653,5,5,5,4,591,false,false,4,16
red3:lane2:snr6.0:seed4:frame3,6.0,3,profiled_cz,alpha-stable-impulsive,0.0,47.0,286,2.96875,3.9776041666666666,0.9666666666666667,9280,1653,6,6,6,4,631,false,false,4,16
red3:lane2:snr6.0:seed4:frame4,6.0,4,profiled_cz,alpha-stable-impulsive,0.0,47.0,428,4.447916666666667,5.456770833333334,0.9666666666666667,9280,1653,7,7,7,4,629,false,false,4,16
red3:lane2:snr6.0:seed4:frame5,6.0,5,profiled_cz,alpha-stable-impulsive,0.0,47.0,571,5.9375,6.946354166666667,0.9666666666666667,9280,1653,8,8,8,4,594,false,false,4,16
red3:lane2:snr6.0:seed4:frame6,6.0,6,profiled_cz,alpha-stable-impulsive,0.0,47.0,713,7.416666666666667,8.425520833333334,0.9666666666666667,9280,1653,9,9,9,4,680,false,false,4,16
red3:lane2:snr6.0:seed4:frame7,6.0,7,profiled_cz,alpha-stable-impulsive,0.0,47.0,856,8.90625,9.915104166666666,0.9666666666666667,9280,1653,10,10,10,4,573,false,false,4,16
red3:lane2:snr6.0:seed4:frame8,6.0,8,profiled_cz,alpha-stable-impulsive,0.0,47.0,998,10.385416666666666,11.394270833333334,0.9666666666666667,9280,1653,11,11,11,4,540,false,false,4,16
red3:lane2:snr6.0:seed4:frame9,6.0,9,profiled_cz,alpha-stable-impulsive,0.0,47.0,1140,11.864583333333334,12.873437500000001,0.9666666666666667,9280,1653,12,12,12,4,583,false,false,4,16
red3:lane2:snr6.0:seed4:frame10,6.0,10,profiled_cz,alpha-stable-impulsive,0.0,47.0,1283,13.354166666666666,14.363020833333334,0.9666666666666667,9280,1653,13,13,13,4,642,false,false,4,16
red3:lane2:snr6.0:seed4:frame11,6.0,11,profiled_cz,alpha-stable-impulsive,0.0,47.0,1425,14.833333333333334,15.842187500000001,0.9666666666666667,9280,1653,14,14,14,4,660,false,false,4,16
red3:lane2:snr6.0:seed4:frame12,6.0,12,profiled_cz,alpha-stable-impulsive,0.0,47.0,1568,16.322916666666668,17.331770833333334,0.9666666666666667,9280,1653,15,15,15,4,603,false,false,4,16
red3:lane2:snr6.0:seed4:frame13,6.0,13,profiled_cz,alpha-stable-impulsive,0.0,47.0,1710,17.802083333333332,18.810937499999998,0.9666666666666667,9280,1653,16,16,16,4,606,false,false,4,16
red3:lane2:snr6.0:seed4:frame14,6.0,14,profiled_cz,alpha-stable-impulsive,0.0,47.0,1852,19.28125,20.290104166666666,0.9666666666666667,9280,1653,17,17,17,4,585,false,false,4,16
red3:lane2:snr6.0:seed4:frame15,6.0,15,profiled_cz,alpha-stable-impulsive,0.0,47.0,1995,20.770833333333332,21.779687499999998,0.9666666666666667,9280,1653,18,18,18,4,652,false,false,4,16
red3:lane2:snr6.0:seed4:frame16,6.0,16,profiled_cz,alpha-stable-impulsive,0.0,47.0,2137,22.25,23.258854166666666,0.9666666666666667,9280,1653,19,19,19,4,686,false,false,4,16
red3:lane2:snr6.0:seed4:frame17,6.0,17,profiled_cz,alpha-stable-impulsive,0.0,47.0,2280,23.739583333333332,24.748437499999998,0.9666666666666667,9280,1653,20,20,20,4,575,false,false,4,16
red3:lane2:snr6.0:seed4:frame18,6.0,18,profiled_cz,alpha-stable-impulsive,0.0,47.0,2422,25.21875,26.227604166666666,0.9666666666666667,9280,1653,21,21,21,4,650,false,false,4,16
red3:lane2:snr6.0:seed4:frame19,6.0,19,profiled_cz,alpha-stable-impulsive,0.0,47.0,2565,26.708333333333332,27.717187499999998,0.9666666666666667,9280,1653,22,22,22,4,580,false,false,4,16
red3:lane2:snr6.0:seed4:frame20,6.0,20,profiled_cz,alpha-stable-impulsive,0.0,47.0,2707,28.1875,29.196354166666666,0.9666666666666667,9280,1653,23,23,23,4,582,false,false,4,16
red3:lane2:snr6.0:seed4:frame21,6.0,21,profiled_cz,alpha-stable-impulsive,0.0,47.0,2849,29.666666666666668,30.675520833333334,0.9666666666666667,9280,1653,24,24,24,4,621,false,false,4,16
red3:lane2:snr6.0:seed4:frame22,6.0,22,profiled_cz,alpha-stable-impulsive,0.0,47.0,2992,31.15625,32.165104166666666,0.9666666666666667,9280,1653,25,25,25,4,544,false,false,4,16
red3:lane2:snr6.0:seed4:frame23,6.0,23,profiled_cz,alpha-stable-impulsive,0.0,47.0,3134,32.635416666666664,33.64427083333333,0.9666666666666667,9280,1653,26,26,26,4,626,false,false,4,16
red3:lane2:snr6.0:seed4:frame24,6.0,24,profiled_cz,alpha-stable-impulsive,0.0,47.0,3277,34.125,35.133854166666666,0.9666666666666667,9280,1653,27,27,27,4,579,false,false,4,16
red3:lane2:snr6.0:seed4:frame25,6.0,25,profiled_cz,alpha-stable-impulsive,0.0,47.0,3419,35.604166666666664,36.61302083333333,0.9666666666666667,9280,1653,28,28,28,4,582,false,false,4,16
red3:lane2:snr6.0:seed4:frame26,6.0,26,profiled_cz,alpha-stable-impulsive,0.0,47.0,3561,37.083333333333336,38.0921875,0.9666666666666667,9280,1653,29,29,29,4,529,false,false,4,16
red3:lane2:snr6.0:seed4:frame27,6.0,27,profiled_cz,alpha-stable-impulsive,0.0,47.0,3704,38.572916666666664,39.58177083333333,0.9666666666666667,9280,1653,30,30,30,4,608,false,false,4,16
red3:lane2:snr6.0:seed4:frame28,6.0,28,profiled_cz,alpha-stable-impulsive,0.0,47.0,3846,40.052083333333336,41.0609375,0.9666666666666667,9280,1653,31,31,31,4,549,false,false,4,16
red3:lane2:snr6.0:seed4:frame29,6.0,29,profiled_cz,alpha-stable-impulsive,0.0,47.0,3989,41.541666666666664,42.55052083333333,0.9666666666666667,9280,1653,32,32,32,4,630,false,false,4,16
red3:lane2:snr6.0:seed4:frame30,6.0,30,profiled_cz,alpha-stable-impulsive,0.0,47.0,4131,43.020833333333336,44.0296875,0.9666666666666667,9280,1653,33,33,33,4,548,false,false,4,16
red3:lane2:snr6.0:seed4:frame31,6.0,31,profiled_cz,alpha-stable-impulsive,0.0,47.0,4274,44.510416666666664,45.51927083333333,0.9666666666666667,9280,1653,34,34,34,4,612,false,false,4,16
red3:lane2:snr6.0:seed4:frame32,6.0,32,profiled_cz,alpha-stable-impulsive,0.0,47.0,4416,45.989583333333336,46.9984375,0.9666666666666667,9280,1653,35,35,35,4,638,false,false,4,16
red3:lane2:snr8.0:seed4:frame1,8.0,1,cwz_joint,alpha-stable-impulsive,0.0,47.0,1,0.0,1.0088541666666666,0.9666666666666667,9280,1653,4,4,4,4,564,false,false,4,16
red3:lane2:snr8.0:seed4:frame2,8.0,2,cwz_joint,alpha-stable-impulsive,0.0,47.0,143,1.4791666666666667,2.4880208333333336,0.9666666666666667,9280,1653,5,5,5,4,524,false,false,4,16
red3:lane2:snr8.0:seed4:frame3,8.0,3,cwz_joint,alpha-stable-impulsive,0.0,47.0,286,2.96875,3.9776041666666666,0.9666666666666667,9280,1653,6,6,6,4,519,false,false,4,16
red3:lane2:snr8.0:seed4:frame4,8.0,4,cwz_joint,alpha-stable-impulsive,0.0,47.0,428,4.447916666666667,5.456770833333334,0.9666666666666667,9280,1653,7,7,7,4,562,false,false,4,16
red3:lane2:snr8.0:seed4:frame5,8.0,5,cwz_joint,alpha-stable-impulsive,0.0,47.0,571,5.9375,6.946354166666667,0.9666666666666667,9280,1653,8,8,8,4,558,false,false,4,16
red3:lane2:snr8.0:seed4:frame6,8.0,6,cwz_joint,alpha-stable-impulsive,0.0,47.0,713,7.416666666666667,8.425520833333334,0.9666666666666667,9280,1653,9,9,9,4,667,false,false,4,16
red3:lane2:snr8.0:seed4:frame7,8.0,7,cwz_joint,alpha-stable-impulsive,0.0,47.0,856,8.90625,9.915104166666666,0.9666666666666667,9280,1653,10,10,10,4,575,false,false,4,16
red3:lane2:snr8.0:seed4:frame8,8.0,8,cwz_joint,alpha-stable-impulsive,0.0,47.0,998,10.385416666666666,11.394270833333334,0.9666666666666667,9280,1653,11,11,11,4,469,false,false,4,16
red3:lane2:snr8.0:seed4:frame9,8.0,9,cwz_joint,alpha-stable-impulsive,0.0,47.0,1140,11.864583333333334,12.873437500000001,0.9666666666666667,9280,1653,12,12,12,4,603,false,false,4,16
red3:lane2:snr8.0:seed4:frame10,8.0,10,cwz_joint,alpha-stable-impulsive,0.0,47.0,1283,13.354166666666666,14.363020833333334,0.9666666666666667,9280,1653,13,13,13,4,622,false,false,4,16
red3:lane2:snr8.0:seed4:frame11,8.0,11,cwz_joint,alpha-stable-impulsive,0.0,47.0,1425,14.833333333333334,15.842187500000001,0.9666666666666667,9280,1653,14,14,14,4,539,false,false,4,16
red3:lane2:snr8.0:seed4:frame12,8.0,12,cwz_joint,alpha-stable-impulsive,0.0,47.0,1568,16.322916666666668,17.331770833333334,0.9666666666666667,9280,1653,15,15,15,4,565,false,false,4,16
red3:lane2:snr8.0:seed4:frame13,8.0,13,cwz_joint,alpha-stable-impulsive,0.0,47.0,1710,17.802083333333332,18.810937499999998,0.9666666666666667,9280,1653,16,16,16,4,644,false,false,4,16
red3:lane2:snr8.0:seed4:frame14,8.0,14,cwz_joint,alpha-stable-impulsive,0.0,47.0,1852,19.28125,20.290104166666666,0.9666666666666667,9280,1653,17,17,17,4,514,false,false,4,16
red3:lane2:snr8.0:seed4:frame15,8.0,15,cwz_joint,alpha-stable-impulsive,0.0,47.0,1995,20.770833333333332,21.779687499999998,0.9666666666666667,9280,1653,18,18,18,4,558,false,false,4,16
red3:lane2:snr8.0:seed4:frame16,8.0,16,cwz_joint,alpha-stable-impulsive,0.0,47.0,2137,22.25,23.258854166666666,0.9666666666666667,9280,1653,19,19,19,4,700,false,false,4,16
red3:lane2:snr8.0:seed4:frame17,8.0,17,cwz_joint,alpha-stable-impulsive,0.0,47.0,2280,23.739583333333332,24.748437499999998,0.9666666666666667,9280,1653,20,20,20,4,591,false,false,4,16
red3:lane2:snr8.0:seed4:frame18,8.0,18,cwz_joint,alpha-stable-impulsive,0.0,47.0,2422,25.21875,26.227604166666666,0.9666666666666667,9280,1653,21,21,21,4,574,false,false,4,16
red3:lane2:snr8.0:seed4:frame19,8.0,19,cwz_joint,alpha-stable-impulsive,0.0,47.0,2565,26.708333333333332,27.717187499999998,0.9666666666666667,9280,1653,22,22,22,4,486,false,false,4,16
red3:lane2:snr8.0:seed4:frame20,8.0,20,cwz_joint,alpha-stable-impulsive,0.0,47.0,2707,28.1875,29.196354166666666,0.9666666666666667,9280,1653,23,23,23,4,550,false,false,4,16
red3:lane2:snr8.0:seed4:frame21,8.0,21,cwz_joint,alpha-stable-impulsive,0.0,47.0,2849,29.666666666666668,30.675520833333334,0.9666666666666667,9280,1653,24,24,24,4,664,false,false,4,16
red3:lane2:snr8.0:seed4:frame22,8.0,22,cwz_joint,alpha-stable-impulsive,0.0,47.0,2992,31.15625,32.165104166666666,0.9666666666666667,9280,1653,25,25,25,4,476,false,false,4,16
red3:lane2:snr8.0:seed4:frame23,8.0,23,cwz_joint,alpha-stable-impulsive,0.0,47.0,3134,32.635416666666664,33.64427083333333,0.9666666666666667,9280,1653,26,26,26,4,581,false,false,4,16
red3:lane2:snr8.0:seed4:frame24,8.0,24,cwz_joint,alpha-stable-impulsive,0.0,47.0,3277,34.125,35.133854166666666,0.9666666666666667,9280,1653,27,27,27,4,526,false,false,4,16
red3:lane2:snr8.0:seed4:frame25,8.0,25,cwz_joint,alpha-stable-impulsive,0.0,47.0,3419,35.604166666666664,36.61302083333333,0.9666666666666667,9280,1653,28,28,28,4,571,false,false,4,16
red3:lane2:snr8.0:seed4:frame26,8.0,26,cwz_joint,alpha-stable-impulsive,0.0,47.0,3561,37.083333333333336,38.0921875,0.9666666666666667,9280,1653,29,29,29,4,515,false,false,4,16
red3:lane2:snr8.0:seed4:frame27,8.0,27,cwz_joint,alpha-stable-impulsive,0.0,47.0,3704,38.572916666666664,39.58177083333333,0.9666666666666667,9280,1653,30,30,30,4,676,false,false,4,16
red3:lane2:snr8.0:seed4:frame28,8.0,28,cwz_joint,alpha-stable-impulsive,0.0,47.0,3846,40.052083333333336,41.0609375,0.9666666666666667,9280,1653,31,31,31,4,610,false,false,4,16
red3:lane2:snr8.0:seed4:frame29,8.0,29,cwz_joint,alpha-stable-impulsive,0.0,47.0,3989,41.541666666666664,42.55052083333333,0.9666666666666667,9280,1653,32,32,32,4,451,false,false,4,16
red3:lane2:snr8.0:seed4:frame30,8.0,30,cwz_joint,alpha-stable-impulsive,0.0,47.0,4131,43.020833333333336,44.0296875,0.9666666666666667,9280,1653,33,33,33,4,558,false,false,4,16
red3:lane2:snr8.0:seed4:frame31,8.0,31,cwz_joint,alpha-stable-impulsive,0.0,47.0,4274,44.510416666666664,45.51927083333333,0.9666666666666667,9280,1653,34,34,34,4,611,false,false,4,16
red3:lane2:snr8.0:seed4:frame32,8.0,32,cwz_joint,alpha-stable-impulsive,0.0,47.0,4416,45.989583333333336,46.9984375,0.9666666666666667,9280,1653,35,35,35,4,518,false,false,4,16
red3:lane2:snr8.0:seed4:frame1,8.0,1,lite,alpha-stable-impulsive,0.0,47.0,1,0.0,1.0088541666666666,0.9666666666666667,9280,1653,4,4,4,4,564,false,false,4,16
red3:lane2:snr8.0:seed4:frame2,8.0,2,lite,alpha-stable-impulsive,0.0,47.0,143,1.4791666666666667,2.4880208333333336,0.9666666666666667,9280,1653,5,5,5,4,524,false,false,4,16
red3:lane2:snr8.0:seed4:frame3,8.0,3,lite,alpha-stable-impulsive,0.0,47.0,286,2.96875,3.9776041666666666,0.9666666666666667,9280,1653,6,6,6,4,519,false,false,4,16
red3:lane2:snr8.0:seed4:frame4,8.0,4,lite,alpha-stable-impulsive,0.0,47.0,428,4.447916666666667,5.456770833333334,0.9666666666666667,9280,1653,7,7,7,4,562,false,false,4,16
red3:lane2:snr8.0:seed4:frame5,8.0,5,lite,alpha-stable-impulsive,0.0,47.0,571,5.9375,6.946354166666667,0.9666666666666667,9280,1653,8,8,8,4,558,false,false,4,16
red3:lane2:snr8.0:seed4:frame6,8.0,6,lite,alpha-stable-impulsive,0.0,47.0,713,7.416666666666667,8.425520833333334,0.9666666666666667,9280,1653,9,9,9,4,667,false,false,4,16
red3:lane2:snr8.0:seed4:frame7,8.0,7,lite,alpha-stable-impulsive,0.0,47.0,856,8.90625,9.915104166666666,0.9666666666666667,9280,1653,10,10,10,4,575,false,false,4,16
red3:lane2:snr8.0:seed4:frame8,8.0,8,lite,alpha-stable-impulsive,0.0,47.0,998,10.385416666666666,11.394270833333334,0.9666666666666667,9280,1653,11,11,11,4,469,false,false,4,16
red3:lane2:snr8.0:seed4:frame9,8.0,9,lite,alpha-stable-impulsive,0.0,47.0,1140,11.864583333333334,12.873437500000001,0.9666666666666667,9280,1653,12,12,12,4,603,false,false,4,16
red3:lane2:snr8.0:seed4:frame10,8.0,10,lite,alpha-stable-impulsive,0.0,47.0,1283,13.354166666666666,14.363020833333334,0.9666666666666667,9280,1653,13,13,13,4,622,false,false,4,16
red3:lane2:snr8.0:seed4:frame11,8.0,11,lite,alpha-stable-impulsive,0.0,47.0,1425,14.833333333333334,15.842187500000001,0.9666666666666667,9280,1653,14,14,14,4,539,false,false,4,16
red3:lane2:snr8.0:seed4:frame12,8.0,12,lite,alpha-stable-impulsive,0.0,47.0,1568,16.322916666666668,17.331770833333334,0.9666666666666667,9280,1653,15,15,15,4,565,false,false,4,16
red3:lane2:snr8.0:seed4:frame13,8.0,13,lite,alpha-stable-impulsive,0.0,47.0,1710,17.802083333333332,18.810937499999998,0.9666666666666667,9280,1653,16,16,16,4,644,false,false,4,16
red3:lane2:snr8.0:seed4:frame14,8.0,14,lite,alpha-stable-impulsive,0.0,47.0,1852,19.28125,20.290104166666666,0.9666666666666667,9280,1653,17,17,17,4,514,false,false,4,16
red3:lane2:snr8.0:seed4:frame15,8.0,15,lite,alpha-stable-impulsive,0.0,47.0,1995,20.770833333333332,21.779687499999998,0.9666666666666667,9280,1653,18,18,18,4,558,false,false,4,16
red3:lane2:snr8.0:seed4:frame16,8.0,16,lite,alpha-stable-impulsive,0.0,47.0,2137,22.25,23.258854166666666,0.9666666666666667,9280,1653,19,19,19,4,700,false,false,4,16
red3:lane2:snr8.0:seed4:frame17,8.0,17,lite,alpha-stable-impulsive,0.0,47.0,2280,23.739583333333332,24.748437499999998,0.9666666666666667,9280,1653,20,20,20,4,591,false,false,4,16
red3:lane2:snr8.0:seed4:frame18,8.0,18,lite,alpha-stable-impulsive,0.0,47.0,2422,25.21875,26.227604166666666,0.9666666666666667,9280,1653,21,21,21,4,574,false,false,4,16
red3:lane2:snr8.0:seed4:frame19,8.0,19,lite,alpha-stable-impulsive,0.0,47.0,2565,26.708333333333332,27.717187499999998,0.9666666666666667,9280,1653,22,22,22,4,486,false,false,4,16
red3:lane2:snr8.0:seed4:frame20,8.0,20,lite,alpha-stable-impulsive,0.0,47.0,2707,28.1875,29.196354166666666,0.9666666666666667,9280,1653,23,23,23,4,550,false,false,4,16
red3:lane2:snr8.0:seed4:frame21,8.0,21,lite,alpha-stable-impulsive,0.0,47.0,2849,29.666666666666668,30.675520833333334,0.9666666666666667,9280,1653,24,24,24,4,664,false,false,4,16
red3:lane2:snr8.0:seed4:frame22,8.0,22,lite,alpha-stable-impulsive,0.0,47.0,2992,31.15625,32.165104166666666,0.9666666666666667,9280,1653,25,25,25,4,476,false,false,4,16
red3:lane2:snr8.0:seed4:frame23,8.0,23,lite,alpha-stable-impulsive,0.0,47.0,3134,32.635416666666664,33.64427083333333,0.9666666666666667,9280,1653,26,26,26,4,581,false,false,4,16
red3:lane2:snr8.0:seed4:frame24,8.0,24,lite,alpha-stable-impulsive,0.0,47.0,3277,34.125,35.133854166666666,0.9666666666666667,9280,1653,27,27,27,4,526,false,false,4,16
red3:lane2:snr8.0:seed4:frame25,8.0,25,lite,alpha-stable-impulsive,0.0,47.0,3419,35.604166666666664,36.61302083333333,0.9666666666666667,9280,1653,28,28,28,4,571,false,false,4,16
red3:lane2:snr8.0:seed4:frame26,8.0,26,lite,alpha-stable-impulsive,0.0,47.0,3561,37.083333333333336,38.0921875,0.9666666666666667,9280,1653,29,29,29,4,515,false,false,4,16
red3:lane2:snr8.0:seed4:frame27,8.0,27,lite,alpha-stable-impulsive,0.0,47.0,3704,38.572916666666664,39.58177083333333,0.9666666666666667,9280,1653,30,30,30,4,676,false,false,4,16
red3:lane2:snr8.0:seed4:frame28,8.0,28,lite,alpha-stable-impulsive,0.0,47.0,3846,40.052083333333336,41.0609375,0.9666666666666667,9280,1653,31,31,31,4,610,false,false,4,16
red3:lane2:snr8.0:seed4:frame29,8.0,29,lite,alpha-stable-impulsive,0.0,47.0,3989,41.541666666666664,42.55052083333333,0.9666666666666667,9280,1653,32,32,32,4,451,false,false,4,16
red3:lane2:snr8.0:seed4:frame30,8.0,30,lite,alpha-stable-impulsive,0.0,47.0,4131,43.020833333333336,44.0296875,0.9666666666666667,9280,1653,33,33,33,4,558,false,false,4,16
red3:lane2:snr8.0:seed4:frame31,8.0,31,lite,alpha-stable-impulsive,0.0,47.0,4274,44.510416666666664,45.51927083333333,0.9666666666666667,9280,1653,34,34,34,4,611,false,false,4,16
red3:lane2:snr8.0:seed4:frame32,8.0,32,lite,alpha-stable-impulsive,0.0,47.0,4416,45.989583333333336,46.9984375,0.9666666666666667,9280,1653,35,35,35,4,518,false,false,4,16
red3:lane2:snr8.0:seed4:frame1,8.0,1,ofdm_fec,alpha-stable-impulsive,0.0,47.0,1,0.0,1.0088541666666666,0.9666666666666667,9280,1653,4,4,4,4,448,false,false,4,16
red3:lane2:snr8.0:seed4:frame2,8.0,2,ofdm_fec,alpha-stable-impulsive,0.0,47.0,143,1.4791666666666667,2.4880208333333336,0.9666666666666667,9280,1653,5,5,5,4,115,false,false,4,16
red3:lane2:snr8.0:seed4:frame3,8.0,3,ofdm_fec,alpha-stable-impulsive,0.0,47.0,286,2.96875,3.9776041666666666,0.9666666666666667,9280,1653,6,6,6,4,13,false,false,4,16
red3:lane2:snr8.0:seed4:frame4,8.0,4,ofdm_fec,alpha-stable-impulsive,0.0,47.0,428,4.447916666666667,5.456770833333334,0.9666666666666667,9280,1653,7,7,7,4,509,false,false,4,16
red3:lane2:snr8.0:seed4:frame5,8.0,5,ofdm_fec,alpha-stable-impulsive,0.0,47.0,571,5.9375,6.946354166666667,0.9666666666666667,9280,1653,8,8,8,4,460,false,false,4,16
red3:lane2:snr8.0:seed4:frame6,8.0,6,ofdm_fec,alpha-stable-impulsive,0.0,47.0,713,7.416666666666667,8.425520833333334,0.9666666666666667,9280,1653,9,9,9,4,495,false,false,4,16
red3:lane2:snr8.0:seed4:frame7,8.0,7,ofdm_fec,alpha-stable-impulsive,0.0,47.0,856,8.90625,9.915104166666666,0.9666666666666667,9280,1653,10,10,10,4,378,false,false,4,16
red3:lane2:snr8.0:seed4:frame8,8.0,8,ofdm_fec,alpha-stable-impulsive,0.0,47.0,998,10.385416666666666,11.394270833333334,0.9666666666666667,9280,1653,11,11,11,4,391,false,false,4,16
red3:lane2:snr8.0:seed4:frame9,8.0,9,ofdm_fec,alpha-stable-impulsive,0.0,47.0,1140,11.864583333333334,12.873437500000001,0.9666666666666667,9280,1653,12,12,12,4,414,false,false,4,16
red3:lane2:snr8.0:seed4:frame10,8.0,10,ofdm_fec,alpha-stable-impulsive,0.0,47.0,1283,13.354166666666666,14.363020833333334,0.9666666666666667,9280,1653,13,13,13,4,3,false,false,4,16
red3:lane2:snr8.0:seed4:frame11,8.0,11,ofdm_fec,alpha-stable-impulsive,0.0,47.0,1425,14.833333333333334,15.842187500000001,0.9666666666666667,9280,1653,14,14,14,4,409,false,false,4,16
red3:lane2:snr8.0:seed4:frame12,8.0,12,ofdm_fec,alpha-stable-impulsive,0.0,47.0,1568,16.322916666666668,17.331770833333334,0.9666666666666667,9280,1653,15,15,15,4,519,false,false,4,16
red3:lane2:snr8.0:seed4:frame13,8.0,13,ofdm_fec,alpha-stable-impulsive,0.0,47.0,1710,17.802083333333332,18.810937499999998,0.9666666666666667,9280,1653,16,16,16,4,422,false,false,4,16
red3:lane2:snr8.0:seed4:frame14,8.0,14,ofdm_fec,alpha-stable-impulsive,0.0,47.0,1852,19.28125,20.290104166666666,0.9666666666666667,9280,1653,17,17,17,4,503,false,false,4,16
red3:lane2:snr8.0:seed4:frame15,8.0,15,ofdm_fec,alpha-stable-impulsive,0.0,47.0,1995,20.770833333333332,21.779687499999998,0.9666666666666667,9280,1653,18,18,18,4,421,false,false,4,16
red3:lane2:snr8.0:seed4:frame16,8.0,16,ofdm_fec,alpha-stable-impulsive,0.0,47.0,2137,22.25,23.258854166666666,0.9666666666666667,9280,1653,19,19,19,4,517,false,false,4,16
red3:lane2:snr8.0:seed4:frame17,8.0,17,ofdm_fec,alpha-stable-impulsive,0.0,47.0,2280,23.739583333333332,24.748437499999998,0.9666666666666667,9280,1653,20,20,20,4,446,false,false,4,16
red3:lane2:snr8.0:seed4:frame18,8.0,18,ofdm_fec,alpha-stable-impulsive,0.0,47.0,2422,25.21875,26.227604166666666,0.9666666666666667,9280,1653,21,21,21,4,575,false,false,4,16
red3:lane2:snr8.0:seed4:frame19,8.0,19,ofdm_fec,alpha-stable-impulsive,0.0,47.0,2565,26.708333333333332,27.717187499999998,0.9666666666666667,9280,1653,22,22,22,4,370,false,false,4,16
red3:lane2:snr8.0:seed4:frame20,8.0,20,ofdm_fec,alpha-stable-impulsive,0.0,47.0,2707,28.1875,29.196354166666666,0.9666666666666667,9280,1653,23,23,23,4,314,false,false,4,16
red3:lane2:snr8.0:seed4:frame21,8.0,21,ofdm_fec,alpha-stable-impulsive,0.0,47.0,2849,29.666666666666668,30.675520833333334,0.9666666666666667,9280,1653,24,24,24,4,389,false,false,4,16
red3:lane2:snr8.0:seed4:frame22,8.0,22,ofdm_fec,alpha-stable-impulsive,0.0,47.0,2992,31.15625,32.165104166666666,0.9666666666666667,9280,1653,25,25,25,4,319,false,false,4,16
red3:lane2:snr8.0:seed4:frame23,8.0,23,ofdm_fec,alpha-stable-impulsive,0.0,47.0,3134,32.635416666666664,33.64427083333333,0.9666666666666667,9280,1653,26,26,26,4,475,false,false,4,16
red3:lane2:snr8.0:seed4:frame24,8.0,24,ofdm_fec,alpha-stable-impulsive,0.0,47.0,3277,34.125,35.133854166666666,0.9666666666666667,9280,1653,27,27,27,4,513,false,false,4,16
red3:lane2:snr8.0:seed4:frame25,8.0,25,ofdm_fec,alpha-stable-impulsive,0.0,47.0,3419,35.604166666666664,36.61302083333333,0.9666666666666667,9280,1653,28,28,28,4,398,false,false,4,16
red3:lane2:snr8.0:seed4:frame26,8.0,26,ofdm_fec,alpha-stable-impulsive,0.0,47.0,3561,37.083333333333336,38.0921875,0.9666666666666667,9280,1653,29,29,29,4,340,false,false,4,16
red3:lane2:snr8.0:seed4:frame27,8.0,27,ofdm_fec,alpha-stable-impulsive,0.0,47.0,3704,38.572916666666664,39.58177083333333,0.9666666666666667,9280,1653,30,30,30,4,385,false,false,4,16
red3:lane2:snr8.0:seed4:frame28,8.0,28,ofdm_fec,alpha-stable-impulsive,0.0,47.0,3846,40.052083333333336,41.0609375,0.9666666666666667,9280,1653,31,31,31,4,14,false,false,4,16
red3:lane2:snr8.0:seed4:frame29,8.0,29,ofdm_fec,alpha-stable-impulsive,0.0,47.0,3989,41.541666666666664,42.55052083333333,0.9666666666666667,9280,1653,32,32,32,4,316,false,false,4,16
red3:lane2:snr8.0:seed4:frame30,8.0,30,ofdm_fec,alpha-stable-impulsive,0.0,47.0,4131,43.020833333333336,44.0296875,0.9666666666666667,9280,1653,33,33,33,4,448,false,false,4,16
red3:lane2:snr8.0:seed4:frame31,8.0,31,ofdm_fec,alpha-stable-impulsive,0.0,47.0,4274,44.510416666666664,45.51927083333333,0.9666666666666667,9280,1653,34,34,34,4,504,false,false,4,16
red3:lane2:snr8.0:seed4:frame32,8.0,32,ofdm_fec,alpha-stable-impulsive,0.0,47.0,4416,45.989583333333336,46.9984375,0.9666666666666667,9280,1653,35,35,35,4,317,false,false,4,16
red3:lane2:snr8.0:seed4:frame1,8.0,1,pfft,alpha-stable-impulsive,0.0,47.0,1,0.0,1.0088541666666666,0.9666666666666667,9280,1653,4,4,4,4,697,false,false,4,16
red3:lane2:snr8.0:seed4:frame2,8.0,2,pfft,alpha-stable-impulsive,0.0,47.0,143,1.4791666666666667,2.4880208333333336,0.9666666666666667,9280,1653,5,5,5,4,637,false,false,4,16
red3:lane2:snr8.0:seed4:frame3,8.0,3,pfft,alpha-stable-impulsive,0.0,47.0,286,2.96875,3.9776041666666666,0.9666666666666667,9280,1653,6,6,6,4,559,false,false,4,16
red3:lane2:snr8.0:seed4:frame4,8.0,4,pfft,alpha-stable-impulsive,0.0,47.0,428,4.447916666666667,5.456770833333334,0.9666666666666667,9280,1653,7,7,7,4,638,false,false,4,16
red3:lane2:snr8.0:seed4:frame5,8.0,5,pfft,alpha-stable-impulsive,0.0,47.0,571,5.9375,6.946354166666667,0.9666666666666667,9280,1653,8,8,8,4,640,false,false,4,16
red3:lane2:snr8.0:seed4:frame6,8.0,6,pfft,alpha-stable-impulsive,0.0,47.0,713,7.416666666666667,8.425520833333334,0.9666666666666667,9280,1653,9,9,9,4,667,false,false,4,16
red3:lane2:snr8.0:seed4:frame7,8.0,7,pfft,alpha-stable-impulsive,0.0,47.0,856,8.90625,9.915104166666666,0.9666666666666667,9280,1653,10,10,10,4,632,false,false,4,16
red3:lane2:snr8.0:seed4:frame8,8.0,8,pfft,alpha-stable-impulsive,0.0,47.0,998,10.385416666666666,11.394270833333334,0.9666666666666667,9280,1653,11,11,11,4,612,false,false,4,16
red3:lane2:snr8.0:seed4:frame9,8.0,9,pfft,alpha-stable-impulsive,0.0,47.0,1140,11.864583333333334,12.873437500000001,0.9666666666666667,9280,1653,12,12,12,4,603,false,false,4,16
red3:lane2:snr8.0:seed4:frame10,8.0,10,pfft,alpha-stable-impulsive,0.0,47.0,1283,13.354166666666666,14.363020833333334,0.9666666666666667,9280,1653,13,13,13,4,622,false,false,4,16
red3:lane2:snr8.0:seed4:frame11,8.0,11,pfft,alpha-stable-impulsive,0.0,47.0,1425,14.833333333333334,15.842187500000001,0.9666666666666667,9280,1653,14,14,14,4,640,false,false,4,16
red3:lane2:snr8.0:seed4:frame12,8.0,12,pfft,alpha-stable-impulsive,0.0,47.0,1568,16.322916666666668,17.331770833333334,0.9666666666666667,9280,1653,15,15,15,4,634,false,false,4,16
red3:lane2:snr8.0:seed4:frame13,8.0,13,pfft,alpha-stable-impulsive,0.0,47.0,1710,17.802083333333332,18.810937499999998,0.9666666666666667,9280,1653,16,16,16,4,644,false,false,4,16
red3:lane2:snr8.0:seed4:frame14,8.0,14,pfft,alpha-stable-impulsive,0.0,47.0,1852,19.28125,20.290104166666666,0.9666666666666667,9280,1653,17,17,17,4,641,false,false,4,16
red3:lane2:snr8.0:seed4:frame15,8.0,15,pfft,alpha-stable-impulsive,0.0,47.0,1995,20.770833333333332,21.779687499999998,0.9666666666666667,9280,1653,18,18,18,4,608,false,false,4,16
red3:lane2:snr8.0:seed4:frame16,8.0,16,pfft,alpha-stable-impulsive,0.0,47.0,2137,22.25,23.258854166666666,0.9666666666666667,9280,1653,19,19,19,4,700,false,false,4,16
red3:lane2:snr8.0:seed4:frame17,8.0,17,pfft,alpha-stable-impulsive,0.0,47.0,2280,23.739583333333332,24.748437499999998,0.9666666666666667,9280,1653,20,20,20,4,591,false,false,4,16
red3:lane2:snr8.0:seed4:frame18,8.0,18,pfft,alpha-stable-impulsive,0.0,47.0,2422,25.21875,26.227604166666666,0.9666666666666667,9280,1653,21,21,21,4,677,false,false,4,16
red3:lane2:snr8.0:seed4:frame19,8.0,19,pfft,alpha-stable-impulsive,0.0,47.0,2565,26.708333333333332,27.717187499999998,0.9666666666666667,9280,1653,22,22,22,4,563,false,false,4,16
red3:lane2:snr8.0:seed4:frame20,8.0,20,pfft,alpha-stable-impulsive,0.0,47.0,2707,28.1875,29.196354166666666,0.9666666666666667,9280,1653,23,23,23,4,606,false,false,4,16
red3:lane2:snr8.0:seed4:frame21,8.0,21,pfft,alpha-stable-impulsive,0.0,47.0,2849,29.666666666666668,30.675520833333334,0.9666666666666667,9280,1653,24,24,24,4,664,false,false,4,16
red3:lane2:snr8.0:seed4:frame22,8.0,22,pfft,alpha-stable-impulsive,0.0,47.0,2992,31.15625,32.165104166666666,0.9666666666666667,9280,1653,25,25,25,4,618,false,false,4,16
red3:lane2:snr8.0:seed4:frame23,8.0,23,pfft,alpha-stable-impulsive,0.0,47.0,3134,32.635416666666664,33.64427083333333,0.9666666666666667,9280,1653,26,26,26,4,640,false,false,4,16
red3:lane2:snr8.0:seed4:frame24,8.0,24,pfft,alpha-stable-impulsive,0.0,47.0,3277,34.125,35.133854166666666,0.9666666666666667,9280,1653,27,27,27,4,623,false,false,4,16
red3:lane2:snr8.0:seed4:frame25,8.0,25,pfft,alpha-stable-impulsive,0.0,47.0,3419,35.604166666666664,36.61302083333333,0.9666666666666667,9280,1653,28,28,28,4,571,false,false,4,16
red3:lane2:snr8.0:seed4:frame26,8.0,26,pfft,alpha-stable-impulsive,0.0,47.0,3561,37.083333333333336,38.0921875,0.9666666666666667,9280,1653,29,29,29,4,603,false,false,4,16
red3:lane2:snr8.0:seed4:frame27,8.0,27,pfft,alpha-stable-impulsive,0.0,47.0,3704,38.572916666666664,39.58177083333333,0.9666666666666667,9280,1653,30,30,30,4,676,false,false,4,16
red3:lane2:snr8.0:seed4:frame28,8.0,28,pfft,alpha-stable-impulsive,0.0,47.0,3846,40.052083333333336,41.0609375,0.9666666666666667,9280,1653,31,31,31,4,610,false,false,4,16
red3:lane2:snr8.0:seed4:frame29,8.0,29,pfft,alpha-stable-impulsive,0.0,47.0,3989,41.541666666666664,42.55052083333333,0.9666666666666667,9280,1653,32,32,32,4,564,false,false,4,16
red3:lane2:snr8.0:seed4:frame30,8.0,30,pfft,alpha-stable-impulsive,0.0,47.0,4131,43.020833333333336,44.0296875,0.9666666666666667,9280,1653,33,33,33,4,600,false,false,4,16
red3:lane2:snr8.0:seed4:frame31,8.0,31,pfft,alpha-stable-impulsive,0.0,47.0,4274,44.510416666666664,45.51927083333333,0.9666666666666667,9280,1653,34,34,34,4,611,false,false,4,16
red3:lane2:snr8.0:seed4:frame32,8.0,32,pfft,alpha-stable-impulsive,0.0,47.0,4416,45.989583333333336,46.9984375,0.9666666666666667,9280,1653,35,35,35,4,609,false,false,4,16
red3:lane2:snr8.0:seed4:frame1,8.0,1,profiled_cz,alpha-stable-impulsive,0.0,47.0,1,0.0,1.0088541666666666,0.9666666666666667,9280,1653,4,4,4,4,564,false,false,4,16
red3:lane2:snr8.0:seed4:frame2,8.0,2,profiled_cz,alpha-stable-impulsive,0.0,47.0,143,1.4791666666666667,2.4880208333333336,0.9666666666666667,9280,1653,5,5,5,4,524,false,false,4,16
red3:lane2:snr8.0:seed4:frame3,8.0,3,profiled_cz,alpha-stable-impulsive,0.0,47.0,286,2.96875,3.9776041666666666,0.9666666666666667,9280,1653,6,6,6,4,519,false,false,4,16
red3:lane2:snr8.0:seed4:frame4,8.0,4,profiled_cz,alpha-stable-impulsive,0.0,47.0,428,4.447916666666667,5.456770833333334,0.9666666666666667,9280,1653,7,7,7,4,562,false,false,4,16
red3:lane2:snr8.0:seed4:frame5,8.0,5,profiled_cz,alpha-stable-impulsive,0.0,47.0,571,5.9375,6.946354166666667,0.9666666666666667,9280,1653,8,8,8,4,558,false,false,4,16
red3:lane2:snr8.0:seed4:frame6,8.0,6,profiled_cz,alpha-stable-impulsive,0.0,47.0,713,7.416666666666667,8.425520833333334,0.9666666666666667,9280,1653,9,9,9,4,667,false,false,4,16
red3:lane2:snr8.0:seed4:frame7,8.0,7,profiled_cz,alpha-stable-impulsive,0.0,47.0,856,8.90625,9.915104166666666,0.9666666666666667,9280,1653,10,10,10,4,575,false,false,4,16
red3:lane2:snr8.0:seed4:frame8,8.0,8,profiled_cz,alpha-stable-impulsive,0.0,47.0,998,10.385416666666666,11.394270833333334,0.9666666666666667,9280,1653,11,11,11,4,469,false,false,4,16
red3:lane2:snr8.0:seed4:frame9,8.0,9,profiled_cz,alpha-stable-impulsive,0.0,47.0,1140,11.864583333333334,12.873437500000001,0.9666666666666667,9280,1653,12,12,12,4,603,false,false,4,16
red3:lane2:snr8.0:seed4:frame10,8.0,10,profiled_cz,alpha-stable-impulsive,0.0,47.0,1283,13.354166666666666,14.363020833333334,0.9666666666666667,9280,1653,13,13,13,4,622,false,false,4,16
red3:lane2:snr8.0:seed4:frame11,8.0,11,profiled_cz,alpha-stable-impulsive,0.0,47.0,1425,14.833333333333334,15.842187500000001,0.9666666666666667,9280,1653,14,14,14,4,539,false,false,4,16
red3:lane2:snr8.0:seed4:frame12,8.0,12,profiled_cz,alpha-stable-impulsive,0.0,47.0,1568,16.322916666666668,17.331770833333334,0.9666666666666667,9280,1653,15,15,15,4,565,false,false,4,16
red3:lane2:snr8.0:seed4:frame13,8.0,13,profiled_cz,alpha-stable-impulsive,0.0,47.0,1710,17.802083333333332,18.810937499999998,0.9666666666666667,9280,1653,16,16,16,4,644,false,false,4,16
red3:lane2:snr8.0:seed4:frame14,8.0,14,profiled_cz,alpha-stable-impulsive,0.0,47.0,1852,19.28125,20.290104166666666,0.9666666666666667,9280,1653,17,17,17,4,514,false,false,4,16
red3:lane2:snr8.0:seed4:frame15,8.0,15,profiled_cz,alpha-stable-impulsive,0.0,47.0,1995,20.770833333333332,21.779687499999998,0.9666666666666667,9280,1653,18,18,18,4,558,false,false,4,16
red3:lane2:snr8.0:seed4:frame16,8.0,16,profiled_cz,alpha-stable-impulsive,0.0,47.0,2137,22.25,23.258854166666666,0.9666666666666667,9280,1653,19,19,19,4,700,false,false,4,16
red3:lane2:snr8.0:seed4:frame17,8.0,17,profiled_cz,alpha-stable-impulsive,0.0,47.0,2280,23.739583333333332,24.748437499999998,0.9666666666666667,9280,1653,20,20,20,4,591,false,false,4,16
red3:lane2:snr8.0:seed4:frame18,8.0,18,profiled_cz,alpha-stable-impulsive,0.0,47.0,2422,25.21875,26.227604166666666,0.9666666666666667,9280,1653,21,21,21,4,574,false,false,4,16
red3:lane2:snr8.0:seed4:frame19,8.0,19,profiled_cz,alpha-stable-impulsive,0.0,47.0,2565,26.708333333333332,27.717187499999998,0.9666666666666667,9280,1653,22,22,22,4,486,false,false,4,16
red3:lane2:snr8.0:seed4:frame20,8.0,20,profiled_cz,alpha-stable-impulsive,0.0,47.0,2707,28.1875,29.196354166666666,0.9666666666666667,9280,1653,23,23,23,4,550,false,false,4,16
red3:lane2:snr8.0:seed4:frame21,8.0,21,profiled_cz,alpha-stable-impulsive,0.0,47.0,2849,29.666666666666668,30.675520833333334,0.9666666666666667,9280,1653,24,24,24,4,664,false,false,4,16
red3:lane2:snr8.0:seed4:frame22,8.0,22,profiled_cz,alpha-stable-impulsive,0.0,47.0,2992,31.15625,32.165104166666666,0.9666666666666667,9280,1653,25,25,25,4,476,false,false,4,16
red3:lane2:snr8.0:seed4:frame23,8.0,23,profiled_cz,alpha-stable-impulsive,0.0,47.0,3134,32.635416666666664,33.64427083333333,0.9666666666666667,9280,1653,26,26,26,4,581,false,false,4,16
red3:lane2:snr8.0:seed4:frame24,8.0,24,profiled_cz,alpha-stable-impulsive,0.0,47.0,3277,34.125,35.133854166666666,0.9666666666666667,9280,1653,27,27,27,4,526,false,false,4,16
red3:lane2:snr8.0:seed4:frame25,8.0,25,profiled_cz,alpha-stable-impulsive,0.0,47.0,3419,35.604166666666664,36.61302083333333,0.9666666666666667,9280,1653,28,28,28,4,571,false,false,4,16
red3:lane2:snr8.0:seed4:frame26,8.0,26,profiled_cz,alpha-stable-impulsive,0.0,47.0,3561,37.083333333333336,38.0921875,0.9666666666666667,9280,1653,29,29,29,4,515,false,false,4,16
red3:lane2:snr8.0:seed4:frame27,8.0,27,profiled_cz,alpha-stable-impulsive,0.0,47.0,3704,38.572916666666664,39.58177083333333,0.9666666666666667,9280,1653,30,30,30,4,676,false,false,4,16
red3:lane2:snr8.0:seed4:frame28,8.0,28,profiled_cz,alpha-stable-impulsive,0.0,47.0,3846,40.052083333333336,41.0609375,0.9666666666666667,9280,1653,31,31,31,4,610,false,false,4,16
red3:lane2:snr8.0:seed4:frame29,8.0,29,profiled_cz,alpha-stable-impulsive,0.0,47.0,3989,41.541666666666664,42.55052083333333,0.9666666666666667,9280,1653,32,32,32,4,451,false,false,4,16
red3:lane2:snr8.0:seed4:frame30,8.0,30,profiled_cz,alpha-stable-impulsive,0.0,47.0,4131,43.020833333333336,44.0296875,0.9666666666666667,9280,1653,33,33,33,4,558,false,false,4,16
red3:lane2:snr8.0:seed4:frame31,8.0,31,profiled_cz,alpha-stable-impulsive,0.0,47.0,4274,44.510416666666664,45.51927083333333,0.9666666666666667,9280,1653,34,34,34,4,611,false,false,4,16
red3:lane2:snr8.0:seed4:frame32,8.0,32,profiled_cz,alpha-stable-impulsive,0.0,47.0,4416,45.989583333333336,46.9984375,0.9666666666666667,9280,1653,35,35,35,4,518,false,false,4,16
red3:lane2:snr10.0:seed4:frame1,10.0,1,cwz_joint,alpha-stable-impulsive,0.0,47.0,1,0.0,1.0088541666666666,0.9666666666666667,9280,1653,4,4,4,4,536,false,false,4,16
red3:lane2:snr10.0:seed4:frame2,10.0,2,cwz_joint,alpha-stable-impulsive,0.0,47.0,143,1.4791666666666667,2.4880208333333336,0.9666666666666667,9280,1653,5,5,5,4,397,false,false,4,16
red3:lane2:snr10.0:seed4:frame3,10.0,3,cwz_joint,alpha-stable-impulsive,0.0,47.0,286,2.96875,3.9776041666666666,0.9666666666666667,9280,1653,6,6,6,4,394,false,false,4,16
red3:lane2:snr10.0:seed4:frame4,10.0,4,cwz_joint,alpha-stable-impulsive,0.0,47.0,428,4.447916666666667,5.456770833333334,0.9666666666666667,9280,1653,7,7,7,4,441,false,false,4,16
red3:lane2:snr10.0:seed4:frame5,10.0,5,cwz_joint,alpha-stable-impulsive,0.0,47.0,571,5.9375,6.946354166666667,0.9666666666666667,9280,1653,8,8,8,4,494,false,false,4,16
red3:lane2:snr10.0:seed4:frame6,10.0,6,cwz_joint,alpha-stable-impulsive,0.0,47.0,713,7.416666666666667,8.425520833333334,0.9666666666666667,9280,1653,9,9,9,4,652,false,false,4,16
red3:lane2:snr10.0:seed4:frame7,10.0,7,cwz_joint,alpha-stable-impulsive,0.0,47.0,856,8.90625,9.915104166666666,0.9666666666666667,9280,1653,10,10,10,4,527,false,false,4,16
red3:lane2:snr10.0:seed4:frame8,10.0,8,cwz_joint,alpha-stable-impulsive,0.0,47.0,998,10.385416666666666,11.394270833333334,0.9666666666666667,9280,1653,11,11,11,4,583,false,false,4,16
red3:lane2:snr10.0:seed4:frame9,10.0,9,cwz_joint,alpha-stable-impulsive,0.0,47.0,1140,11.864583333333334,12.873437500000001,0.9666666666666667,9280,1653,12,12,12,4,621,false,false,4,16
red3:lane2:snr10.0:seed4:frame10,10.0,10,cwz_joint,alpha-stable-impulsive,0.0,47.0,1283,13.354166666666666,14.363020833333334,0.9666666666666667,9280,1653,13,13,13,4,606,false,false,4,16
red3:lane2:snr10.0:seed4:frame11,10.0,11,cwz_joint,alpha-stable-impulsive,0.0,47.0,1425,14.833333333333334,15.842187500000001,0.9666666666666667,9280,1653,14,14,14,4,500,false,false,4,16
red3:lane2:snr10.0:seed4:frame12,10.0,12,cwz_joint,alpha-stable-impulsive,0.0,47.0,1568,16.322916666666668,17.331770833333334,0.9666666666666667,9280,1653,15,15,15,4,500,false,false,4,16
red3:lane2:snr10.0:seed4:frame13,10.0,13,cwz_joint,alpha-stable-impulsive,0.0,47.0,1710,17.802083333333332,18.810937499999998,0.9666666666666667,9280,1653,16,16,16,4,647,false,false,4,16
red3:lane2:snr10.0:seed4:frame14,10.0,14,cwz_joint,alpha-stable-impulsive,0.0,47.0,1852,19.28125,20.290104166666666,0.9666666666666667,9280,1653,17,17,17,4,580,false,false,4,16
red3:lane2:snr10.0:seed4:frame15,10.0,15,cwz_joint,alpha-stable-impulsive,0.0,47.0,1995,20.770833333333332,21.779687499999998,0.9666666666666667,9280,1653,18,18,18,4,568,false,false,4,16
red3:lane2:snr10.0:seed4:frame16,10.0,16,cwz_joint,alpha-stable-impulsive,0.0,47.0,2137,22.25,23.258854166666666,0.9666666666666667,9280,1653,19,19,19,4,670,false,false,4,16
red3:lane2:snr10.0:seed4:frame17,10.0,17,cwz_joint,alpha-stable-impulsive,0.0,47.0,2280,23.739583333333332,24.748437499999998,0.9666666666666667,9280,1653,20,20,20,4,544,false,false,4,16
red3:lane2:snr10.0:seed4:frame18,10.0,18,cwz_joint,alpha-stable-impulsive,0.0,47.0,2422,25.21875,26.227604166666666,0.9666666666666667,9280,1653,21,21,21,4,557,false,false,4,16
red3:lane2:snr10.0:seed4:frame19,10.0,19,cwz_joint,alpha-stable-impulsive,0.0,47.0,2565,26.708333333333332,27.717187499999998,0.9666666666666667,9280,1653,22,22,22,4,324,false,false,4,16
red3:lane2:snr10.0:seed4:frame20,10.0,20,cwz_joint,alpha-stable-impulsive,0.0,47.0,2707,28.1875,29.196354166666666,0.9666666666666667,9280,1653,23,23,23,4,595,false,false,4,16
red3:lane2:snr10.0:seed4:frame21,10.0,21,cwz_joint,alpha-stable-impulsive,0.0,47.0,2849,29.666666666666668,30.675520833333334,0.9666666666666667,9280,1653,24,24,24,4,629,false,false,4,16
red3:lane2:snr10.0:seed4:frame22,10.0,22,cwz_joint,alpha-stable-impulsive,0.0,47.0,2992,31.15625,32.165104166666666,0.9666666666666667,9280,1653,25,25,25,4,552,false,false,4,16
red3:lane2:snr10.0:seed4:frame23,10.0,23,cwz_joint,alpha-stable-impulsive,0.0,47.0,3134,32.635416666666664,33.64427083333333,0.9666666666666667,9280,1653,26,26,26,4,609,false,false,4,16
red3:lane2:snr10.0:seed4:frame24,10.0,24,cwz_joint,alpha-stable-impulsive,0.0,47.0,3277,34.125,35.133854166666666,0.9666666666666667,9280,1653,27,27,27,4,477,false,false,4,16
red3:lane2:snr10.0:seed4:frame25,10.0,25,cwz_joint,alpha-stable-impulsive,0.0,47.0,3419,35.604166666666664,36.61302083333333,0.9666666666666667,9280,1653,28,28,28,4,540,false,false,4,16
red3:lane2:snr10.0:seed4:frame26,10.0,26,cwz_joint,alpha-stable-impulsive,0.0,47.0,3561,37.083333333333336,38.0921875,0.9666666666666667,9280,1653,29,29,29,4,418,false,false,4,16
red3:lane2:snr10.0:seed4:frame27,10.0,27,cwz_joint,alpha-stable-impulsive,0.0,47.0,3704,38.572916666666664,39.58177083333333,0.9666666666666667,9280,1653,30,30,30,4,438,false,false,4,16
red3:lane2:snr10.0:seed4:frame28,10.0,28,cwz_joint,alpha-stable-impulsive,0.0,47.0,3846,40.052083333333336,41.0609375,0.9666666666666667,9280,1653,31,31,31,4,352,false,false,4,16
red3:lane2:snr10.0:seed4:frame29,10.0,29,cwz_joint,alpha-stable-impulsive,0.0,47.0,3989,41.541666666666664,42.55052083333333,0.9666666666666667,9280,1653,32,32,32,4,303,false,false,4,16
red3:lane2:snr10.0:seed4:frame30,10.0,30,cwz_joint,alpha-stable-impulsive,0.0,47.0,4131,43.020833333333336,44.0296875,0.9666666666666667,9280,1653,33,33,33,4,522,false,false,4,16
red3:lane2:snr10.0:seed4:frame31,10.0,31,cwz_joint,alpha-stable-impulsive,0.0,47.0,4274,44.510416666666664,45.51927083333333,0.9666666666666667,9280,1653,34,34,34,4,463,false,false,4,16
red3:lane2:snr10.0:seed4:frame32,10.0,32,cwz_joint,alpha-stable-impulsive,0.0,47.0,4416,45.989583333333336,46.9984375,0.9666666666666667,9280,1653,35,35,35,4,399,false,false,4,16
red3:lane2:snr10.0:seed4:frame1,10.0,1,lite,alpha-stable-impulsive,0.0,47.0,1,0.0,1.0088541666666666,0.9666666666666667,9280,1653,4,4,4,4,536,false,false,4,16
red3:lane2:snr10.0:seed4:frame2,10.0,2,lite,alpha-stable-impulsive,0.0,47.0,143,1.4791666666666667,2.4880208333333336,0.9666666666666667,9280,1653,5,5,5,4,397,false,false,4,16
red3:lane2:snr10.0:seed4:frame3,10.0,3,lite,alpha-stable-impulsive,0.0,47.0,286,2.96875,3.9776041666666666,0.9666666666666667,9280,1653,6,6,6,4,394,false,false,4,16
red3:lane2:snr10.0:seed4:frame4,10.0,4,lite,alpha-stable-impulsive,0.0,47.0,428,4.447916666666667,5.456770833333334,0.9666666666666667,9280,1653,7,7,7,4,441,false,false,4,16
red3:lane2:snr10.0:seed4:frame5,10.0,5,lite,alpha-stable-impulsive,0.0,47.0,571,5.9375,6.946354166666667,0.9666666666666667,9280,1653,8,8,8,4,494,false,false,4,16
red3:lane2:snr10.0:seed4:frame6,10.0,6,lite,alpha-stable-impulsive,0.0,47.0,713,7.416666666666667,8.425520833333334,0.9666666666666667,9280,1653,9,9,9,4,652,false,false,4,16
red3:lane2:snr10.0:seed4:frame7,10.0,7,lite,alpha-stable-impulsive,0.0,47.0,856,8.90625,9.915104166666666,0.9666666666666667,9280,1653,10,10,10,4,527,false,false,4,16
red3:lane2:snr10.0:seed4:frame8,10.0,8,lite,alpha-stable-impulsive,0.0,47.0,998,10.385416666666666,11.394270833333334,0.9666666666666667,9280,1653,11,11,11,4,583,false,false,4,16
red3:lane2:snr10.0:seed4:frame9,10.0,9,lite,alpha-stable-impulsive,0.0,47.0,1140,11.864583333333334,12.873437500000001,0.9666666666666667,9280,1653,12,12,12,4,621,false,false,4,16
red3:lane2:snr10.0:seed4:frame10,10.0,10,lite,alpha-stable-impulsive,0.0,47.0,1283,13.354166666666666,14.363020833333334,0.9666666666666667,9280,1653,13,13,13,4,606,false,false,4,16
red3:lane2:snr10.0:seed4:frame11,10.0,11,lite,alpha-stable-impulsive,0.0,47.0,1425,14.833333333333334,15.842187500000001,0.9666666666666667,9280,1653,14,14,14,4,500,false,false,4,16
red3:lane2:snr10.0:seed4:frame12,10.0,12,lite,alpha-stable-impulsive,0.0,47.0,1568,16.322916666666668,17.331770833333334,0.9666666666666667,9280,1653,15,15,15,4,500,false,false,4,16
red3:lane2:snr10.0:seed4:frame13,10.0,13,lite,alpha-stable-impulsive,0.0,47.0,1710,17.802083333333332,18.810937499999998,0.9666666666666667,9280,1653,16,16,16,4,647,false,false,4,16
red3:lane2:snr10.0:seed4:frame14,10.0,14,lite,alpha-stable-impulsive,0.0,47.0,1852,19.28125,20.290104166666666,0.9666666666666667,9280,1653,17,17,17,4,580,false,false,4,16
red3:lane2:snr10.0:seed4:frame15,10.0,15,lite,alpha-stable-impulsive,0.0,47.0,1995,20.770833333333332,21.779687499999998,0.9666666666666667,9280,1653,18,18,18,4,568,false,false,4,16
red3:lane2:snr10.0:seed4:frame16,10.0,16,lite,alpha-stable-impulsive,0.0,47.0,2137,22.25,23.258854166666666,0.9666666666666667,9280,1653,19,19,19,4,670,false,false,4,16
red3:lane2:snr10.0:seed4:frame17,10.0,17,lite,alpha-stable-impulsive,0.0,47.0,2280,23.739583333333332,24.748437499999998,0.9666666666666667,9280,1653,20,20,20,4,544,false,false,4,16
red3:lane2:snr10.0:seed4:frame18,10.0,18,lite,alpha-stable-impulsive,0.0,47.0,2422,25.21875,26.227604166666666,0.9666666666666667,9280,1653,21,21,21,4,557,false,false,4,16
red3:lane2:snr10.0:seed4:frame19,10.0,19,lite,alpha-stable-impulsive,0.0,47.0,2565,26.708333333333332,27.717187499999998,0.9666666666666667,9280,1653,22,22,22,4,324,false,false,4,16
red3:lane2:snr10.0:seed4:frame20,10.0,20,lite,alpha-stable-impulsive,0.0,47.0,2707,28.1875,29.196354166666666,0.9666666666666667,9280,1653,23,23,23,4,595,false,false,4,16
red3:lane2:snr10.0:seed4:frame21,10.0,21,lite,alpha-stable-impulsive,0.0,47.0,2849,29.666666666666668,30.675520833333334,0.9666666666666667,9280,1653,24,24,24,4,629,false,false,4,16
red3:lane2:snr10.0:seed4:frame22,10.0,22,lite,alpha-stable-impulsive,0.0,47.0,2992,31.15625,32.165104166666666,0.9666666666666667,9280,1653,25,25,25,4,552,false,false,4,16
red3:lane2:snr10.0:seed4:frame23,10.0,23,lite,alpha-stable-impulsive,0.0,47.0,3134,32.635416666666664,33.64427083333333,0.9666666666666667,9280,1653,26,26,26,4,609,false,false,4,16
red3:lane2:snr10.0:seed4:frame24,10.0,24,lite,alpha-stable-impulsive,0.0,47.0,3277,34.125,35.133854166666666,0.9666666666666667,9280,1653,27,27,27,4,477,false,false,4,16
red3:lane2:snr10.0:seed4:frame25,10.0,25,lite,alpha-stable-impulsive,0.0,47.0,3419,35.604166666666664,36.61302083333333,0.9666666666666667,9280,1653,28,28,28,4,540,false,false,4,16
red3:lane2:snr10.0:seed4:frame26,10.0,26,lite,alpha-stable-impulsive,0.0,47.0,3561,37.083333333333336,38.0921875,0.9666666666666667,9280,1653,29,29,29,4,418,false,false,4,16
red3:lane2:snr10.0:seed4:frame27,10.0,27,lite,alpha-stable-impulsive,0.0,47.0,3704,38.572916666666664,39.58177083333333,0.9666666666666667,9280,1653,30,30,30,4,438,false,false,4,16
red3:lane2:snr10.0:seed4:frame28,10.0,28,lite,alpha-stable-impulsive,0.0,47.0,3846,40.052083333333336,41.0609375,0.9666666666666667,9280,1653,31,31,31,4,352,false,false,4,16
red3:lane2:snr10.0:seed4:frame29,10.0,29,lite,alpha-stable-impulsive,0.0,47.0,3989,41.541666666666664,42.55052083333333,0.9666666666666667,9280,1653,32,32,32,4,303,false,false,4,16
red3:lane2:snr10.0:seed4:frame30,10.0,30,lite,alpha-stable-impulsive,0.0,47.0,4131,43.020833333333336,44.0296875,0.9666666666666667,9280,1653,33,33,33,4,522,false,false,4,16
red3:lane2:snr10.0:seed4:frame31,10.0,31,lite,alpha-stable-impulsive,0.0,47.0,4274,44.510416666666664,45.51927083333333,0.9666666666666667,9280,1653,34,34,34,4,463,false,false,4,16
red3:lane2:snr10.0:seed4:frame32,10.0,32,lite,alpha-stable-impulsive,0.0,47.0,4416,45.989583333333336,46.9984375,0.9666666666666667,9280,1653,35,35,35,4,399,false,false,4,16
red3:lane2:snr10.0:seed4:frame1,10.0,1,ofdm_fec,alpha-stable-impulsive,0.0,47.0,1,0.0,1.0088541666666666,0.9666666666666667,9280,1653,4,4,4,4,17,false,false,4,16
red3:lane2:snr10.0:seed4:frame2,10.0,2,ofdm_fec,alpha-stable-impulsive,0.0,47.0,143,1.4791666666666667,2.4880208333333336,0.9666666666666667,9280,1653,5,5,5,4,0,true,false,4,16
red3:lane2:snr10.0:seed4:frame3,10.0,3,ofdm_fec,alpha-stable-impulsive,0.0,47.0,286,2.96875,3.9776041666666666,0.9666666666666667,9280,1653,6,6,6,4,1,false,false,4,16
red3:lane2:snr10.0:seed4:frame4,10.0,4,ofdm_fec,alpha-stable-impulsive,0.0,47.0,428,4.447916666666667,5.456770833333334,0.9666666666666667,9280,1653,7,7,7,4,84,false,false,4,16
red3:lane2:snr10.0:seed4:frame5,10.0,5,ofdm_fec,alpha-stable-impulsive,0.0,47.0,571,5.9375,6.946354166666667,0.9666666666666667,9280,1653,8,8,8,4,328,false,false,4,16
red3:lane2:snr10.0:seed4:frame6,10.0,6,ofdm_fec,alpha-stable-impulsive,0.0,47.0,713,7.416666666666667,8.425520833333334,0.9666666666666667,9280,1653,9,9,9,4,413,false,false,4,16
red3:lane2:snr10.0:seed4:frame7,10.0,7,ofdm_fec,alpha-stable-impulsive,0.0,47.0,856,8.90625,9.915104166666666,0.9666666666666667,9280,1653,10,10,10,4,9,false,false,4,16
red3:lane2:snr10.0:seed4:frame8,10.0,8,ofdm_fec,alpha-stable-impulsive,0.0,47.0,998,10.385416666666666,11.394270833333334,0.9666666666666667,9280,1653,11,11,11,4,5,false,false,4,16
red3:lane2:snr10.0:seed4:frame9,10.0,9,ofdm_fec,alpha-stable-impulsive,0.0,47.0,1140,11.864583333333334,12.873437500000001,0.9666666666666667,9280,1653,12,12,12,4,1,false,false,4,16
red3:lane2:snr10.0:seed4:frame10,10.0,10,ofdm_fec,alpha-stable-impulsive,0.0,47.0,1283,13.354166666666666,14.363020833333334,0.9666666666666667,9280,1653,13,13,13,4,1,false,false,4,16
red3:lane2:snr10.0:seed4:frame11,10.0,11,ofdm_fec,alpha-stable-impulsive,0.0,47.0,1425,14.833333333333334,15.842187500000001,0.9666666666666667,9280,1653,14,14,14,4,313,false,false,4,16
red3:lane2:snr10.0:seed4:frame12,10.0,12,ofdm_fec,alpha-stable-impulsive,0.0,47.0,1568,16.322916666666668,17.331770833333334,0.9666666666666667,9280,1653,15,15,15,4,406,false,false,4,16
red3:lane2:snr10.0:seed4:frame13,10.0,13,ofdm_fec,alpha-stable-impulsive,0.0,47.0,1710,17.802083333333332,18.810937499999998,0.9666666666666667,9280,1653,16,16,16,4,6,false,false,4,16
red3:lane2:snr10.0:seed4:frame14,10.0,14,ofdm_fec,alpha-stable-impulsive,0.0,47.0,1852,19.28125,20.290104166666666,0.9666666666666667,9280,1653,17,17,17,4,381,false,false,4,16
red3:lane2:snr10.0:seed4:frame15,10.0,15,ofdm_fec,alpha-stable-impulsive,0.0,47.0,1995,20.770833333333332,21.779687499999998,0.9666666666666667,9280,1653,18,18,18,4,57,false,false,4,16
red3:lane2:snr10.0:seed4:frame16,10.0,16,ofdm_fec,alpha-stable-impulsive,0.0,47.0,2137,22.25,23.258854166666666,0.9666666666666667,9280,1653,19,19,19,4,132,false,false,4,16
red3:lane2:snr10.0:seed4:frame17,10.0,17,ofdm_fec,alpha-stable-impulsive,0.0,47.0,2280,23.739583333333332,24.748437499999998,0.9666666666666667,9280,1653,20,20,20,4,130,false,false,4,16
red3:lane2:snr10.0:seed4:frame18,10.0,18,ofdm_fec,alpha-stable-impulsive,0.0,47.0,2422,25.21875,26.227604166666666,0.9666666666666667,9280,1653,21,21,21,4,458,false,false,4,16
red3:lane2:snr10.0:seed4:frame19,10.0,19,ofdm_fec,alpha-stable-impulsive,0.0,47.0,2565,26.708333333333332,27.717187499999998,0.9666666666666667,9280,1653,22,22,22,4,10,false,false,4,16
red3:lane2:snr10.0:seed4:frame20,10.0,20,ofdm_fec,alpha-stable-impulsive,0.0,47.0,2707,28.1875,29.196354166666666,0.9666666666666667,9280,1653,23,23,23,4,1,false,false,4,16
red3:lane2:snr10.0:seed4:frame21,10.0,21,ofdm_fec,alpha-stable-impulsive,0.0,47.0,2849,29.666666666666668,30.675520833333334,0.9666666666666667,9280,1653,24,24,24,4,1,false,false,4,16
red3:lane2:snr10.0:seed4:frame22,10.0,22,ofdm_fec,alpha-stable-impulsive,0.0,47.0,2992,31.15625,32.165104166666666,0.9666666666666667,9280,1653,25,25,25,4,3,false,false,4,16
red3:lane2:snr10.0:seed4:frame23,10.0,23,ofdm_fec,alpha-stable-impulsive,0.0,47.0,3134,32.635416666666664,33.64427083333333,0.9666666666666667,9280,1653,26,26,26,4,270,false,false,4,16
red3:lane2:snr10.0:seed4:frame24,10.0,24,ofdm_fec,alpha-stable-impulsive,0.0,47.0,3277,34.125,35.133854166666666,0.9666666666666667,9280,1653,27,27,27,4,307,false,false,4,16
red3:lane2:snr10.0:seed4:frame25,10.0,25,ofdm_fec,alpha-stable-impulsive,0.0,47.0,3419,35.604166666666664,36.61302083333333,0.9666666666666667,9280,1653,28,28,28,4,8,false,false,4,16
red3:lane2:snr10.0:seed4:frame26,10.0,26,ofdm_fec,alpha-stable-impulsive,0.0,47.0,3561,37.083333333333336,38.0921875,0.9666666666666667,9280,1653,29,29,29,4,4,false,false,4,16
red3:lane2:snr10.0:seed4:frame27,10.0,27,ofdm_fec,alpha-stable-impulsive,0.0,47.0,3704,38.572916666666664,39.58177083333333,0.9666666666666667,9280,1653,30,30,30,4,10,false,false,4,16
red3:lane2:snr10.0:seed4:frame28,10.0,28,ofdm_fec,alpha-stable-impulsive,0.0,47.0,3846,40.052083333333336,41.0609375,0.9666666666666667,9280,1653,31,31,31,4,1,false,false,4,16
red3:lane2:snr10.0:seed4:frame29,10.0,29,ofdm_fec,alpha-stable-impulsive,0.0,47.0,3989,41.541666666666664,42.55052083333333,0.9666666666666667,9280,1653,32,32,32,4,0,true,false,4,16
red3:lane2:snr10.0:seed4:frame30,10.0,30,ofdm_fec,alpha-stable-impulsive,0.0,47.0,4131,43.020833333333336,44.0296875,0.9666666666666667,9280,1653,33,33,33,4,176,false,false,4,16
red3:lane2:snr10.0:seed4:frame31,10.0,31,ofdm_fec,alpha-stable-impulsive,0.0,47.0,4274,44.510416666666664,45.51927083333333,0.9666666666666667,9280,1653,34,34,34,4,277,false,false,4,16
red3:lane2:snr10.0:seed4:frame32,10.0,32,ofdm_fec,alpha-stable-impulsive,0.0,47.0,4416,45.989583333333336,46.9984375,0.9666666666666667,9280,1653,35,35,35,4,24,false,false,4,16
red3:lane2:snr10.0:seed4:frame1,10.0,1,pfft,alpha-stable-impulsive,0.0,47.0,1,0.0,1.0088541666666666,0.9666666666666667,9280,1653,4,4,4,4,641,false,false,4,16
red3:lane2:snr10.0:seed4:frame2,10.0,2,pfft,alpha-stable-impulsive,0.0,47.0,143,1.4791666666666667,2.4880208333333336,0.9666666666666667,9280,1653,5,5,5,4,576,false,false,4,16
red3:lane2:snr10.0:seed4:frame3,10.0,3,pfft,alpha-stable-impulsive,0.0,47.0,286,2.96875,3.9776041666666666,0.9666666666666667,9280,1653,6,6,6,4,524,false,false,4,16
red3:lane2:snr10.0:seed4:frame4,10.0,4,pfft,alpha-stable-impulsive,0.0,47.0,428,4.447916666666667,5.456770833333334,0.9666666666666667,9280,1653,7,7,7,4,618,false,false,4,16
red3:lane2:snr10.0:seed4:frame5,10.0,5,pfft,alpha-stable-impulsive,0.0,47.0,571,5.9375,6.946354166666667,0.9666666666666667,9280,1653,8,8,8,4,599,false,false,4,16
red3:lane2:snr10.0:seed4:frame6,10.0,6,pfft,alpha-stable-impulsive,0.0,47.0,713,7.416666666666667,8.425520833333334,0.9666666666666667,9280,1653,9,9,9,4,652,false,false,4,16
red3:lane2:snr10.0:seed4:frame7,10.0,7,pfft,alpha-stable-impulsive,0.0,47.0,856,8.90625,9.915104166666666,0.9666666666666667,9280,1653,10,10,10,4,635,false,false,4,16
red3:lane2:snr10.0:seed4:frame8,10.0,8,pfft,alpha-stable-impulsive,0.0,47.0,998,10.385416666666666,11.394270833333334,0.9666666666666667,9280,1653,11,11,11,4,583,false,false,4,16
red3:lane2:snr10.0:seed4:frame9,10.0,9,pfft,alpha-stable-impulsive,0.0,47.0,1140,11.864583333333334,12.873437500000001,0.9666666666666667,9280,1653,12,12,12,4,621,false,false,4,16
red3:lane2:snr10.0:seed4:frame10,10.0,10,pfft,alpha-stable-impulsive,0.0,47.0,1283,13.354166666666666,14.363020833333334,0.9666666666666667,9280,1653,13,13,13,4,606,false,false,4,16
red3:lane2:snr10.0:seed4:frame11,10.0,11,pfft,alpha-stable-impulsive,0.0,47.0,1425,14.833333333333334,15.842187500000001,0.9666666666666667,9280,1653,14,14,14,4,608,false,false,4,16
red3:lane2:snr10.0:seed4:frame12,10.0,12,pfft,alpha-stable-impulsive,0.0,47.0,1568,16.322916666666668,17.331770833333334,0.9666666666666667,9280,1653,15,15,15,4,621,false,false,4,16
red3:lane2:snr10.0:seed4:frame13,10.0,13,pfft,alpha-stable-impulsive,0.0,47.0,1710,17.802083333333332,18.810937499999998,0.9666666666666667,9280,1653,16,16,16,4,647,false,false,4,16
red3:lane2:snr10.0:seed4:frame14,10.0,14,pfft,alpha-stable-impulsive,0.0,47.0,1852,19.28125,20.290104166666666,0.9666666666666667,9280,1653,17,17,17,4,580,false,false,4,16
red3:lane2:snr10.0:seed4:frame15,10.0,15,pfft,alpha-stable-impulsive,0.0,47.0,1995,20.770833333333332,21.779687499999998,0.9666666666666667,9280,1653,18,18,18,4,568,false,false,4,16
red3:lane2:snr10.0:seed4:frame16,10.0,16,pfft,alpha-stable-impulsive,0.0,47.0,2137,22.25,23.258854166666666,0.9666666666666667,9280,1653,19,19,19,4,670,false,false,4,16
red3:lane2:snr10.0:seed4:frame17,10.0,17,pfft,alpha-stable-impulsive,0.0,47.0,2280,23.739583333333332,24.748437499999998,0.9666666666666667,9280,1653,20,20,20,4,544,false,false,4,16
red3:lane2:snr10.0:seed4:frame18,10.0,18,pfft,alpha-stable-impulsive,0.0,47.0,2422,25.21875,26.227604166666666,0.9666666666666667,9280,1653,21,21,21,4,657,false,false,4,16
red3:lane2:snr10.0:seed4:frame19,10.0,19,pfft,alpha-stable-impulsive,0.0,47.0,2565,26.708333333333332,27.717187499999998,0.9666666666666667,9280,1653,22,22,22,4,530,false,false,4,16
red3:lane2:snr10.0:seed4:frame20,10.0,20,pfft,alpha-stable-impulsive,0.0,47.0,2707,28.1875,29.196354166666666,0.9666666666666667,9280,1653,23,23,23,4,595,false,false,4,16
red3:lane2:snr10.0:seed4:frame21,10.0,21,pfft,alpha-stable-impulsive,0.0,47.0,2849,29.666666666666668,30.675520833333334,0.9666666666666667,9280,1653,24,24,24,4,629,false,false,4,16
red3:lane2:snr10.0:seed4:frame22,10.0,22,pfft,alpha-stable-impulsive,0.0,47.0,2992,31.15625,32.165104166666666,0.9666666666666667,9280,1653,25,25,25,4,552,false,false,4,16
red3:lane2:snr10.0:seed4:frame23,10.0,23,pfft,alpha-stable-impulsive,0.0,47.0,3134,32.635416666666664,33.64427083333333,0.9666666666666667,9280,1653,26,26,26,4,609,false,false,4,16
red3:lane2:snr10.0:seed4:frame24,10.0,24,pfft,alpha-stable-impulsive,0.0,47.0,3277,34.125,35.133854166666666,0.9666666666666667,9280,1653,27,27,27,4,604,false,false,4,16
red3:lane2:snr10.0:seed4:frame25,10.0,25,pfft,alpha-stable-impulsive,0.0,47.0,3419,35.604166666666664,36.61302083333333,0.9666666666666667,9280,1653,28,28,28,4,540,false,false,4,16
red3:lane2:snr10.0:seed4:frame26,10.0,26,pfft,alpha-stable-impulsive,0.0,47.0,3561,37.083333333333336,38.0921875,0.9666666666666667,9280,1653,29,29,29,4,586,false,false,4,16
red3:lane2:snr10.0:seed4:frame27,10.0,27,pfft,alpha-stable-impulsive,0.0,47.0,3704,38.572916666666664,39.58177083333333,0.9666666666666667,9280,1653,30,30,30,4,648,false,false,4,16
red3:lane2:snr10.0:seed4:frame28,10.0,28,pfft,alpha-stable-impulsive,0.0,47.0,3846,40.052083333333336,41.0609375,0.9666666666666667,9280,1653,31,31,31,4,600,false,false,4,16
red3:lane2:snr10.0:seed4:frame29,10.0,29,pfft,alpha-stable-impulsive,0.0,47.0,3989,41.541666666666664,42.55052083333333,0.9666666666666667,9280,1653,32,32,32,4,543,false,false,4,16
red3:lane2:snr10.0:seed4:frame30,10.0,30,pfft,alpha-stable-impulsive,0.0,47.0,4131,43.020833333333336,44.0296875,0.9666666666666667,9280,1653,33,33,33,4,585,false,false,4,16
red3:lane2:snr10.0:seed4:frame31,10.0,31,pfft,alpha-stable-impulsive,0.0,47.0,4274,44.510416666666664,45.51927083333333,0.9666666666666667,9280,1653,34,34,34,4,593,false,false,4,16
red3:lane2:snr10.0:seed4:frame32,10.0,32,pfft,alpha-stable-impulsive,0.0,47.0,4416,45.989583333333336,46.9984375,0.9666666666666667,9280,1653,35,35,35,4,555,false,false,4,16
red3:lane2:snr10.0:seed4:frame1,10.0,1,profiled_cz,alpha-stable-impulsive,0.0,47.0,1,0.0,1.0088541666666666,0.9666666666666667,9280,1653,4,4,4,4,536,false,false,4,16
red3:lane2:snr10.0:seed4:frame2,10.0,2,profiled_cz,alpha-stable-impulsive,0.0,47.0,143,1.4791666666666667,2.4880208333333336,0.9666666666666667,9280,1653,5,5,5,4,397,false,false,4,16
red3:lane2:snr10.0:seed4:frame3,10.0,3,profiled_cz,alpha-stable-impulsive,0.0,47.0,286,2.96875,3.9776041666666666,0.9666666666666667,9280,1653,6,6,6,4,394,false,false,4,16
red3:lane2:snr10.0:seed4:frame4,10.0,4,profiled_cz,alpha-stable-impulsive,0.0,47.0,428,4.447916666666667,5.456770833333334,0.9666666666666667,9280,1653,7,7,7,4,441,false,false,4,16
red3:lane2:snr10.0:seed4:frame5,10.0,5,profiled_cz,alpha-stable-impulsive,0.0,47.0,571,5.9375,6.946354166666667,0.9666666666666667,9280,1653,8,8,8,4,494,false,false,4,16
red3:lane2:snr10.0:seed4:frame6,10.0,6,profiled_cz,alpha-stable-impulsive,0.0,47.0,713,7.416666666666667,8.425520833333334,0.9666666666666667,9280,1653,9,9,9,4,652,false,false,4,16
red3:lane2:snr10.0:seed4:frame7,10.0,7,profiled_cz,alpha-stable-impulsive,0.0,47.0,856,8.90625,9.915104166666666,0.9666666666666667,9280,1653,10,10,10,4,527,false,false,4,16
red3:lane2:snr10.0:seed4:frame8,10.0,8,profiled_cz,alpha-stable-impulsive,0.0,47.0,998,10.385416666666666,11.394270833333334,0.9666666666666667,9280,1653,11,11,11,4,583,false,false,4,16
red3:lane2:snr10.0:seed4:frame9,10.0,9,profiled_cz,alpha-stable-impulsive,0.0,47.0,1140,11.864583333333334,12.873437500000001,0.9666666666666667,9280,1653,12,12,12,4,621,false,false,4,16
red3:lane2:snr10.0:seed4:frame10,10.0,10,profiled_cz,alpha-stable-impulsive,0.0,47.0,1283,13.354166666666666,14.363020833333334,0.9666666666666667,9280,1653,13,13,13,4,606,false,false,4,16
red3:lane2:snr10.0:seed4:frame11,10.0,11,profiled_cz,alpha-stable-impulsive,0.0,47.0,1425,14.833333333333334,15.842187500000001,0.9666666666666667,9280,1653,14,14,14,4,500,false,false,4,16
red3:lane2:snr10.0:seed4:frame12,10.0,12,profiled_cz,alpha-stable-impulsive,0.0,47.0,1568,16.322916666666668,17.331770833333334,0.9666666666666667,9280,1653,15,15,15,4,500,false,false,4,16
red3:lane2:snr10.0:seed4:frame13,10.0,13,profiled_cz,alpha-stable-impulsive,0.0,47.0,1710,17.802083333333332,18.810937499999998,0.9666666666666667,9280,1653,16,16,16,4,647,false,false,4,16
red3:lane2:snr10.0:seed4:frame14,10.0,14,profiled_cz,alpha-stable-impulsive,0.0,47.0,1852,19.28125,20.290104166666666,0.9666666666666667,9280,1653,17,17,17,4,580,false,false,4,16
red3:lane2:snr10.0:seed4:frame15,10.0,15,profiled_cz,alpha-stable-impulsive,0.0,47.0,1995,20.770833333333332,21.779687499999998,0.9666666666666667,9280,1653,18,18,18,4,568,false,false,4,16
red3:lane2:snr10.0:seed4:frame16,10.0,16,profiled_cz,alpha-stable-impulsive,0.0,47.0,2137,22.25,23.258854166666666,0.9666666666666667,9280,1653,19,19,19,4,670,false,false,4,16
red3:lane2:snr10.0:seed4:frame17,10.0,17,profiled_cz,alpha-stable-impulsive,0.0,47.0,2280,23.739583333333332,24.748437499999998,0.9666666666666667,9280,1653,20,20,20,4,544,false,false,4,16
red3:lane2:snr10.0:seed4:frame18,10.0,18,profiled_cz,alpha-stable-impulsive,0.0,47.0,2422,25.21875,26.227604166666666,0.9666666666666667,9280,1653,21,21,21,4,557,false,false,4,16
red3:lane2:snr10.0:seed4:frame19,10.0,19,profiled_cz,alpha-stable-impulsive,0.0,47.0,2565,26.708333333333332,27.717187499999998,0.9666666666666667,9280,1653,22,22,22,4,324,false,false,4,16
red3:lane2:snr10.0:seed4:frame20,10.0,20,profiled_cz,alpha-stable-impulsive,0.0,47.0,2707,28.1875,29.196354166666666,0.9666666666666667,9280,1653,23,23,23,4,595,false,false,4,16
red3:lane2:snr10.0:seed4:frame21,10.0,21,profiled_cz,alpha-stable-impulsive,0.0,47.0,2849,29.666666666666668,30.675520833333334,0.9666666666666667,9280,1653,24,24,24,4,629,false,false,4,16
red3:lane2:snr10.0:seed4:frame22,10.0,22,profiled_cz,alpha-stable-impulsive,0.0,47.0,2992,31.15625,32.165104166666666,0.9666666666666667,9280,1653,25,25,25,4,552,false,false,4,16
red3:lane2:snr10.0:seed4:frame23,10.0,23,profiled_cz,alpha-stable-impulsive,0.0,47.0,3134,32.635416666666664,33.64427083333333,0.9666666666666667,9280,1653,26,26,26,4,609,false,false,4,16
red3:lane2:snr10.0:seed4:frame24,10.0,24,profiled_cz,alpha-stable-impulsive,0.0,47.0,3277,34.125,35.133854166666666,0.9666666666666667,9280,1653,27,27,27,4,477,false,false,4,16
red3:lane2:snr10.0:seed4:frame25,10.0,25,profiled_cz,alpha-stable-impulsive,0.0,47.0,3419,35.604166666666664,36.61302083333333,0.9666666666666667,9280,1653,28,28,28,4,540,false,false,4,16
red3:lane2:snr10.0:seed4:frame26,10.0,26,profiled_cz,alpha-stable-impulsive,0.0,47.0,3561,37.083333333333336,38.0921875,0.9666666666666667,9280,1653,29,29,29,4,418,false,false,4,16
red3:lane2:snr10.0:seed4:frame27,10.0,27,profiled_cz,alpha-stable-impulsive,0.0,47.0,3704,38.572916666666664,39.58177083333333,0.9666666666666667,9280,1653,30,30,30,4,438,false,false,4,16
red3:lane2:snr10.0:seed4:frame28,10.0,28,profiled_cz,alpha-stable-impulsive,0.0,47.0,3846,40.052083333333336,41.0609375,0.9666666666666667,9280,1653,31,31,31,4,352,false,false,4,16
red3:lane2:snr10.0:seed4:frame29,10.0,29,profiled_cz,alpha-stable-impulsive,0.0,47.0,3989,41.541666666666664,42.55052083333333,0.9666666666666667,9280,1653,32,32,32,4,303,false,false,4,16
red3:lane2:snr10.0:seed4:frame30,10.0,30,profiled_cz,alpha-stable-impulsive,0.0,47.0,4131,43.020833333333336,44.0296875,0.9666666666666667,9280,1653,33,33,33,4,522,false,false,4,16
red3:lane2:snr10.0:seed4:frame31,10.0,31,profiled_cz,alpha-stable-impulsive,0.0,47.0,4274,44.510416666666664,45.51927083333333,0.9666666666666667,9280,1653,34,34,34,4,463,false,false,4,16
red3:lane2:snr10.0:seed4:frame32,10.0,32,profiled_cz,alpha-stable-impulsive,0.0,47.0,4416,45.989583333333336,46.9984375,0.9666666666666667,9280,1653,35,35,35,4,399,false,false,4,16
red3:lane2:snr12.0:seed4:frame1,12.0,1,cwz_joint,alpha-stable-impulsive,0.0,47.0,1,0.0,1.0088541666666666,0.9666666666666667,9280,1653,4,4,4,4,464,false,false,4,16
red3:lane2:snr12.0:seed4:frame2,12.0,2,cwz_joint,alpha-stable-impulsive,0.0,47.0,143,1.4791666666666667,2.4880208333333336,0.9666666666666667,9280,1653,5,5,5,4,331,false,false,4,16
red3:lane2:snr12.0:seed4:frame3,12.0,3,cwz_joint,alpha-stable-impulsive,0.0,47.0,286,2.96875,3.9776041666666666,0.9666666666666667,9280,1653,6,6,6,4,71,false,false,4,16
red3:lane2:snr12.0:seed4:frame4,12.0,4,cwz_joint,alpha-stable-impulsive,0.0,47.0,428,4.447916666666667,5.456770833333334,0.9666666666666667,9280,1653,7,7,7,4,540,false,false,4,16
red3:lane2:snr12.0:seed4:frame5,12.0,5,cwz_joint,alpha-stable-impulsive,0.0,47.0,571,5.9375,6.946354166666667,0.9666666666666667,9280,1653,8,8,8,4,300,false,false,4,16
red3:lane2:snr12.0:seed4:frame6,12.0,6,cwz_joint,alpha-stable-impulsive,0.0,47.0,713,7.416666666666667,8.425520833333334,0.9666666666666667,9280,1653,9,9,9,4,653,false,false,4,16
red3:lane2:snr12.0:seed4:frame7,12.0,7,cwz_joint,alpha-stable-impulsive,0.0,47.0,856,8.90625,9.915104166666666,0.9666666666666667,9280,1653,10,10,10,4,376,false,false,4,16
red3:lane2:snr12.0:seed4:frame8,12.0,8,cwz_joint,alpha-stable-impulsive,0.0,47.0,998,10.385416666666666,11.394270833333334,0.9666666666666667,9280,1653,11,11,11,4,354,false,false,4,16
red3:lane2:snr12.0:seed4:frame9,12.0,9,cwz_joint,alpha-stable-impulsive,0.0,47.0,1140,11.864583333333334,12.873437500000001,0.9666666666666667,9280,1653,12,12,12,4,276,false,false,4,16
red3:lane2:snr12.0:seed4:frame10,12.0,10,cwz_joint,alpha-stable-impulsive,0.0,47.0,1283,13.354166666666666,14.363020833333334,0.9666666666666667,9280,1653,13,13,13,4,626,false,false,4,16
red3:lane2:snr12.0:seed4:frame11,12.0,11,cwz_joint,alpha-stable-impulsive,0.0,47.0,1425,14.833333333333334,15.842187500000001,0.9666666666666667,9280,1653,14,14,14,4,484,false,false,4,16
red3:lane2:snr12.0:seed4:frame12,12.0,12,cwz_joint,alpha-stable-impulsive,0.0,47.0,1568,16.322916666666668,17.331770833333334,0.9666666666666667,9280,1653,15,15,15,4,491,false,false,4,16
red3:lane2:snr12.0:seed4:frame13,12.0,13,cwz_joint,alpha-stable-impulsive,0.0,47.0,1710,17.802083333333332,18.810937499999998,0.9666666666666667,9280,1653,16,16,16,4,454,false,false,4,16
red3:lane2:snr12.0:seed4:frame14,12.0,14,cwz_joint,alpha-stable-impulsive,0.0,47.0,1852,19.28125,20.290104166666666,0.9666666666666667,9280,1653,17,17,17,4,164,false,false,4,16
red3:lane2:snr12.0:seed4:frame15,12.0,15,cwz_joint,alpha-stable-impulsive,0.0,47.0,1995,20.770833333333332,21.779687499999998,0.9666666666666667,9280,1653,18,18,18,4,380,false,false,4,16
red3:lane2:snr12.0:seed4:frame16,12.0,16,cwz_joint,alpha-stable-impulsive,0.0,47.0,2137,22.25,23.258854166666666,0.9666666666666667,9280,1653,19,19,19,4,639,false,false,4,16
red3:lane2:snr12.0:seed4:frame17,12.0,17,cwz_joint,alpha-stable-impulsive,0.0,47.0,2280,23.739583333333332,24.748437499999998,0.9666666666666667,9280,1653,20,20,20,4,261,false,false,4,16
red3:lane2:snr12.0:seed4:frame18,12.0,18,cwz_joint,alpha-stable-impulsive,0.0,47.0,2422,25.21875,26.227604166666666,0.9666666666666667,9280,1653,21,21,21,4,501,false,false,4,16
red3:lane2:snr12.0:seed4:frame19,12.0,19,cwz_joint,alpha-stable-impulsive,0.0,47.0,2565,26.708333333333332,27.717187499999998,0.9666666666666667,9280,1653,22,22,22,4,35,false,false,4,16
red3:lane2:snr12.0:seed4:frame20,12.0,20,cwz_joint,alpha-stable-impulsive,0.0,47.0,2707,28.1875,29.196354166666666,0.9666666666666667,9280,1653,23,23,23,4,403,false,false,4,16
red3:lane2:snr12.0:seed4:frame21,12.0,21,cwz_joint,alpha-stable-impulsive,0.0,47.0,2849,29.666666666666668,30.675520833333334,0.9666666666666667,9280,1653,24,24,24,4,598,false,false,4,16
red3:lane2:snr12.0:seed4:frame22,12.0,22,cwz_joint,alpha-stable-impulsive,0.0,47.0,2992,31.15625,32.165104166666666,0.9666666666666667,9280,1653,25,25,25,4,499,false,false,4,16
red3:lane2:snr12.0:seed4:frame23,12.0,23,cwz_joint,alpha-stable-impulsive,0.0,47.0,3134,32.635416666666664,33.64427083333333,0.9666666666666667,9280,1653,26,26,26,4,557,false,false,4,16
red3:lane2:snr12.0:seed4:frame24,12.0,24,cwz_joint,alpha-stable-impulsive,0.0,47.0,3277,34.125,35.133854166666666,0.9666666666666667,9280,1653,27,27,27,4,566,false,false,4,16
red3:lane2:snr12.0:seed4:frame25,12.0,25,cwz_joint,alpha-stable-impulsive,0.0,47.0,3419,35.604166666666664,36.61302083333333,0.9666666666666667,9280,1653,28,28,28,4,40,false,false,4,16
red3:lane2:snr12.0:seed4:frame26,12.0,26,cwz_joint,alpha-stable-impulsive,0.0,47.0,3561,37.083333333333336,38.0921875,0.9666666666666667,9280,1653,29,29,29,4,305,false,false,4,16
red3:lane2:snr12.0:seed4:frame27,12.0,27,cwz_joint,alpha-stable-impulsive,0.0,47.0,3704,38.572916666666664,39.58177083333333,0.9666666666666667,9280,1653,30,30,30,4,317,false,false,4,16
red3:lane2:snr12.0:seed4:frame28,12.0,28,cwz_joint,alpha-stable-impulsive,0.0,47.0,3846,40.052083333333336,41.0609375,0.9666666666666667,9280,1653,31,31,31,4,32,false,false,4,16
red3:lane2:snr12.0:seed4:frame29,12.0,29,cwz_joint,alpha-stable-impulsive,0.0,47.0,3989,41.541666666666664,42.55052083333333,0.9666666666666667,9280,1653,32,32,32,4,1,false,false,4,16
red3:lane2:snr12.0:seed4:frame30,12.0,30,cwz_joint,alpha-stable-impulsive,0.0,47.0,4131,43.020833333333336,44.0296875,0.9666666666666667,9280,1653,33,33,33,4,314,false,false,4,16
red3:lane2:snr12.0:seed4:frame31,12.0,31,cwz_joint,alpha-stable-impulsive,0.0,47.0,4274,44.510416666666664,45.51927083333333,0.9666666666666667,9280,1653,34,34,34,4,368,false,false,4,16
red3:lane2:snr12.0:seed4:frame32,12.0,32,cwz_joint,alpha-stable-impulsive,0.0,47.0,4416,45.989583333333336,46.9984375,0.9666666666666667,9280,1653,35,35,35,4,85,false,false,4,16
red3:lane2:snr12.0:seed4:frame1,12.0,1,lite,alpha-stable-impulsive,0.0,47.0,1,0.0,1.0088541666666666,0.9666666666666667,9280,1653,4,4,4,4,464,false,false,4,16
red3:lane2:snr12.0:seed4:frame2,12.0,2,lite,alpha-stable-impulsive,0.0,47.0,143,1.4791666666666667,2.4880208333333336,0.9666666666666667,9280,1653,5,5,5,4,331,false,false,4,16
red3:lane2:snr12.0:seed4:frame3,12.0,3,lite,alpha-stable-impulsive,0.0,47.0,286,2.96875,3.9776041666666666,0.9666666666666667,9280,1653,6,6,6,4,71,false,false,4,16
red3:lane2:snr12.0:seed4:frame4,12.0,4,lite,alpha-stable-impulsive,0.0,47.0,428,4.447916666666667,5.456770833333334,0.9666666666666667,9280,1653,7,7,7,4,540,false,false,4,16
red3:lane2:snr12.0:seed4:frame5,12.0,5,lite,alpha-stable-impulsive,0.0,47.0,571,5.9375,6.946354166666667,0.9666666666666667,9280,1653,8,8,8,4,300,false,false,4,16
red3:lane2:snr12.0:seed4:frame6,12.0,6,lite,alpha-stable-impulsive,0.0,47.0,713,7.416666666666667,8.425520833333334,0.9666666666666667,9280,1653,9,9,9,4,653,false,false,4,16
red3:lane2:snr12.0:seed4:frame7,12.0,7,lite,alpha-stable-impulsive,0.0,47.0,856,8.90625,9.915104166666666,0.9666666666666667,9280,1653,10,10,10,4,376,false,false,4,16
red3:lane2:snr12.0:seed4:frame8,12.0,8,lite,alpha-stable-impulsive,0.0,47.0,998,10.385416666666666,11.394270833333334,0.9666666666666667,9280,1653,11,11,11,4,354,false,false,4,16
red3:lane2:snr12.0:seed4:frame9,12.0,9,lite,alpha-stable-impulsive,0.0,47.0,1140,11.864583333333334,12.873437500000001,0.9666666666666667,9280,1653,12,12,12,4,276,false,false,4,16
red3:lane2:snr12.0:seed4:frame10,12.0,10,lite,alpha-stable-impulsive,0.0,47.0,1283,13.354166666666666,14.363020833333334,0.9666666666666667,9280,1653,13,13,13,4,626,false,false,4,16
red3:lane2:snr12.0:seed4:frame11,12.0,11,lite,alpha-stable-impulsive,0.0,47.0,1425,14.833333333333334,15.842187500000001,0.9666666666666667,9280,1653,14,14,14,4,484,false,false,4,16
red3:lane2:snr12.0:seed4:frame12,12.0,12,lite,alpha-stable-impulsive,0.0,47.0,1568,16.322916666666668,17.331770833333334,0.9666666666666667,9280,1653,15,15,15,4,491,false,false,4,16
red3:lane2:snr12.0:seed4:frame13,12.0,13,lite,alpha-stable-impulsive,0.0,47.0,1710,17.802083333333332,18.810937499999998,0.9666666666666667,9280,1653,16,16,16,4,454,false,false,4,16
red3:lane2:snr12.0:seed4:frame14,12.0,14,lite,alpha-stable-impulsive,0.0,47.0,1852,19.28125,20.290104166666666,0.9666666666666667,9280,1653,17,17,17,4,164,false,false,4,16
red3:lane2:snr12.0:seed4:frame15,12.0,15,lite,alpha-stable-impulsive,0.0,47.0,1995,20.770833333333332,21.779687499999998,0.9666666666666667,9280,1653,18,18,18,4,380,false,false,4,16
red3:lane2:snr12.0:seed4:frame16,12.0,16,lite,alpha-stable-impulsive,0.0,47.0,2137,22.25,23.258854166666666,0.9666666666666667,9280,1653,19,19,19,4,639,false,false,4,16
red3:lane2:snr12.0:seed4:frame17,12.0,17,lite,alpha-stable-impulsive,0.0,47.0,2280,23.739583333333332,24.748437499999998,0.9666666666666667,9280,1653,20,20,20,4,261,false,false,4,16
red3:lane2:snr12.0:seed4:frame18,12.0,18,lite,alpha-stable-impulsive,0.0,47.0,2422,25.21875,26.227604166666666,0.9666666666666667,9280,1653,21,21,21,4,501,false,false,4,16
red3:lane2:snr12.0:seed4:frame19,12.0,19,lite,alpha-stable-impulsive,0.0,47.0,2565,26.708333333333332,27.717187499999998,0.9666666666666667,9280,1653,22,22,22,4,35,false,false,4,16
red3:lane2:snr12.0:seed4:frame20,12.0,20,lite,alpha-stable-impulsive,0.0,47.0,2707,28.1875,29.196354166666666,0.9666666666666667,9280,1653,23,23,23,4,403,false,false,4,16
red3:lane2:snr12.0:seed4:frame21,12.0,21,lite,alpha-stable-impulsive,0.0,47.0,2849,29.666666666666668,30.675520833333334,0.9666666666666667,9280,1653,24,24,24,4,598,false,false,4,16
red3:lane2:snr12.0:seed4:frame22,12.0,22,lite,alpha-stable-impulsive,0.0,47.0,2992,31.15625,32.165104166666666,0.9666666666666667,9280,1653,25,25,25,4,499,false,false,4,16
red3:lane2:snr12.0:seed4:frame23,12.0,23,lite,alpha-stable-impulsive,0.0,47.0,3134,32.635416666666664,33.64427083333333,0.9666666666666667,9280,1653,26,26,26,4,557,false,false,4,16
red3:lane2:snr12.0:seed4:frame24,12.0,24,lite,alpha-stable-impulsive,0.0,47.0,3277,34.125,35.133854166666666,0.9666666666666667,9280,1653,27,27,27,4,566,false,false,4,16
red3:lane2:snr12.0:seed4:frame25,12.0,25,lite,alpha-stable-impulsive,0.0,47.0,3419,35.604166666666664,36.61302083333333,0.9666666666666667,9280,1653,28,28,28,4,40,false,false,4,16
red3:lane2:snr12.0:seed4:frame26,12.0,26,lite,alpha-stable-impulsive,0.0,47.0,3561,37.083333333333336,38.0921875,0.9666666666666667,9280,1653,29,29,29,4,305,false,false,4,16
red3:lane2:snr12.0:seed4:frame27,12.0,27,lite,alpha-stable-impulsive,0.0,47.0,3704,38.572916666666664,39.58177083333333,0.9666666666666667,9280,1653,30,30,30,4,317,false,false,4,16
red3:lane2:snr12.0:seed4:frame28,12.0,28,lite,alpha-stable-impulsive,0.0,47.0,3846,40.052083333333336,41.0609375,0.9666666666666667,9280,1653,31,31,31,4,32,false,false,4,16
red3:lane2:snr12.0:seed4:frame29,12.0,29,lite,alpha-stable-impulsive,0.0,47.0,3989,41.541666666666664,42.55052083333333,0.9666666666666667,9280,1653,32,32,32,4,1,false,false,4,16
red3:lane2:snr12.0:seed4:frame30,12.0,30,lite,alpha-stable-impulsive,0.0,47.0,4131,43.020833333333336,44.0296875,0.9666666666666667,9280,1653,33,33,33,4,314,false,false,4,16
red3:lane2:snr12.0:seed4:frame31,12.0,31,lite,alpha-stable-impulsive,0.0,47.0,4274,44.510416666666664,45.51927083333333,0.9666666666666667,9280,1653,34,34,34,4,368,false,false,4,16
red3:lane2:snr12.0:seed4:frame32,12.0,32,lite,alpha-stable-impulsive,0.0,47.0,4416,45.989583333333336,46.9984375,0.9666666666666667,9280,1653,35,35,35,4,85,false,false,4,16
red3:lane2:snr12.0:seed4:frame1,12.0,1,ofdm_fec,alpha-stable-impulsive,0.0,47.0,1,0.0,1.0088541666666666,0.9666666666666667,9280,1653,4,4,4,4,2,false,false,4,16
red3:lane2:snr12.0:seed4:frame2,12.0,2,ofdm_fec,alpha-stable-impulsive,0.0,47.0,143,1.4791666666666667,2.4880208333333336,0.9666666666666667,9280,1653,5,5,5,4,0,true,false,4,16
red3:lane2:snr12.0:seed4:frame3,12.0,3,ofdm_fec,alpha-stable-impulsive,0.0,47.0,286,2.96875,3.9776041666666666,0.9666666666666667,9280,1653,6,6,6,4,0,true,false,4,16
red3:lane2:snr12.0:seed4:frame4,12.0,4,ofdm_fec,alpha-stable-impulsive,0.0,47.0,428,4.447916666666667,5.456770833333334,0.9666666666666667,9280,1653,7,7,7,4,2,false,false,4,16
red3:lane2:snr12.0:seed4:frame5,12.0,5,ofdm_fec,alpha-stable-impulsive,0.0,47.0,571,5.9375,6.946354166666667,0.9666666666666667,9280,1653,8,8,8,4,8,false,false,4,16
red3:lane2:snr12.0:seed4:frame6,12.0,6,ofdm_fec,alpha-stable-impulsive,0.0,47.0,713,7.416666666666667,8.425520833333334,0.9666666666666667,9280,1653,9,9,9,4,65,false,false,4,16
red3:lane2:snr12.0:seed4:frame7,12.0,7,ofdm_fec,alpha-stable-impulsive,0.0,47.0,856,8.90625,9.915104166666666,0.9666666666666667,9280,1653,10,10,10,4,2,false,false,4,16
red3:lane2:snr12.0:seed4:frame8,12.0,8,ofdm_fec,alpha-stable-impulsive,0.0,47.0,998,10.385416666666666,11.394270833333334,0.9666666666666667,9280,1653,11,11,11,4,0,true,false,4,16
red3:lane2:snr12.0:seed4:frame9,12.0,9,ofdm_fec,alpha-stable-impulsive,0.0,47.0,1140,11.864583333333334,12.873437500000001,0.9666666666666667,9280,1653,12,12,12,4,0,true,false,4,16
red3:lane2:snr12.0:seed4:frame10,12.0,10,ofdm_fec,alpha-stable-impulsive,0.0,47.0,1283,13.354166666666666,14.363020833333334,0.9666666666666667,9280,1653,13,13,13,4,0,true,false,4,16
red3:lane2:snr12.0:seed4:frame11,12.0,11,ofdm_fec,alpha-stable-impulsive,0.0,47.0,1425,14.833333333333334,15.842187500000001,0.9666666666666667,9280,1653,14,14,14,4,16,false,false,4,16
red3:lane2:snr12.0:seed4:frame12,12.0,12,ofdm_fec,alpha-stable-impulsive,0.0,47.0,1568,16.322916666666668,17.331770833333334,0.9666666666666667,9280,1653,15,15,15,4,34,false,false,4,16
red3:lane2:snr12.0:seed4:frame13,12.0,13,ofdm_fec,alpha-stable-impulsive,0.0,47.0,1710,17.802083333333332,18.810937499999998,0.9666666666666667,9280,1653,16,16,16,4,1,false,false,4,16
red3:lane2:snr12.0:seed4:frame14,12.0,14,ofdm_fec,alpha-stable-impulsive,0.0,47.0,1852,19.28125,20.290104166666666,0.9666666666666667,9280,1653,17,17,17,4,32,false,false,4,16
red3:lane2:snr12.0:seed4:frame15,12.0,15,ofdm_fec,alpha-stable-impulsive,0.0,47.0,1995,20.770833333333332,21.779687499999998,0.9666666666666667,9280,1653,18,18,18,4,1,false,false,4,16
red3:lane2:snr12.0:seed4:frame16,12.0,16,ofdm_fec,alpha-stable-impulsive,0.0,47.0,2137,22.25,23.258854166666666,0.9666666666666667,9280,1653,19,19,19,4,3,false,false,4,16
red3:lane2:snr12.0:seed4:frame17,12.0,17,ofdm_fec,alpha-stable-impulsive,0.0,47.0,2280,23.739583333333332,24.748437499999998,0.9666666666666667,9280,1653,20,20,20,4,10,false,false,4,16
red3:lane2:snr12.0:seed4:frame18,12.0,18,ofdm_fec,alpha-stable-impulsive,0.0,47.0,2422,25.21875,26.227604166666666,0.9666666666666667,9280,1653,21,21,21,4,373,false,false,4,16
red3:lane2:snr12.0:seed4:frame19,12.0,19,ofdm_fec,alpha-stable-impulsive,0.0,47.0,2565,26.708333333333332,27.717187499999998,0.9666666666666667,9280,1653,22,22,22,4,3,false,false,4,16
red3:lane2:snr12.0:seed4:frame20,12.0,20,ofdm_fec,alpha-stable-impulsive,0.0,47.0,2707,28.1875,29.196354166666666,0.9666666666666667,9280,1653,23,23,23,4,0,true,false,4,16
red3:lane2:snr12.0:seed4:frame21,12.0,21,ofdm_fec,alpha-stable-impulsive,0.0,47.0,2849,29.666666666666668,30.675520833333334,0.9666666666666667,9280,1653,24,24,24,4,1,false,false,4,16
red3:lane2:snr12.0:seed4:frame22,12.0,22,ofdm_fec,alpha-stable-impulsive,0.0,47.0,2992,31.15625,32.165104166666666,0.9666666666666667,9280,1653,25,25,25,4,0,true,false,4,16
red3:lane2:snr12.0:seed4:frame23,12.0,23,ofdm_fec,alpha-stable-impulsive,0.0,47.0,3134,32.635416666666664,33.64427083333333,0.9666666666666667,9280,1653,26,26,26,4,7,false,false,4,16
red3:lane2:snr12.0:seed4:frame24,12.0,24,ofdm_fec,alpha-stable-impulsive,0.0,47.0,3277,34.125,35.133854166666666,0.9666666666666667,9280,1653,27,27,27,4,23,false,false,4,16
red3:lane2:snr12.0:seed4:frame25,12.0,25,ofdm_fec,alpha-stable-impulsive,0.0,47.0,3419,35.604166666666664,36.61302083333333,0.9666666666666667,9280,1653,28,28,28,4,1,false,false,4,16
red3:lane2:snr12.0:seed4:frame26,12.0,26,ofdm_fec,alpha-stable-impulsive,0.0,47.0,3561,37.083333333333336,38.0921875,0.9666666666666667,9280,1653,29,29,29,4,1,false,false,4,16
red3:lane2:snr12.0:seed4:frame27,12.0,27,ofdm_fec,alpha-stable-impulsive,0.0,47.0,3704,38.572916666666664,39.58177083333333,0.9666666666666667,9280,1653,30,30,30,4,1,false,false,4,16
red3:lane2:snr12.0:seed4:frame28,12.0,28,ofdm_fec,alpha-stable-impulsive,0.0,47.0,3846,40.052083333333336,41.0609375,0.9666666666666667,9280,1653,31,31,31,4,0,true,false,4,16
red3:lane2:snr12.0:seed4:frame29,12.0,29,ofdm_fec,alpha-stable-impulsive,0.0,47.0,3989,41.541666666666664,42.55052083333333,0.9666666666666667,9280,1653,32,32,32,4,0,true,false,4,16
red3:lane2:snr12.0:seed4:frame30,12.0,30,ofdm_fec,alpha-stable-impulsive,0.0,47.0,4131,43.020833333333336,44.0296875,0.9666666666666667,9280,1653,33,33,33,4,4,false,false,4,16
red3:lane2:snr12.0:seed4:frame31,12.0,31,ofdm_fec,alpha-stable-impulsive,0.0,47.0,4274,44.510416666666664,45.51927083333333,0.9666666666666667,9280,1653,34,34,34,4,2,false,false,4,16
red3:lane2:snr12.0:seed4:frame32,12.0,32,ofdm_fec,alpha-stable-impulsive,0.0,47.0,4416,45.989583333333336,46.9984375,0.9666666666666667,9280,1653,35,35,35,4,15,false,false,4,16
red3:lane2:snr12.0:seed4:frame1,12.0,1,pfft,alpha-stable-impulsive,0.0,47.0,1,0.0,1.0088541666666666,0.9666666666666667,9280,1653,4,4,4,4,637,false,false,4,16
red3:lane2:snr12.0:seed4:frame2,12.0,2,pfft,alpha-stable-impulsive,0.0,47.0,143,1.4791666666666667,2.4880208333333336,0.9666666666666667,9280,1653,5,5,5,4,547,false,false,4,16
red3:lane2:snr12.0:seed4:frame3,12.0,3,pfft,alpha-stable-impulsive,0.0,47.0,286,2.96875,3.9776041666666666,0.9666666666666667,9280,1653,6,6,6,4,547,false,false,4,16
red3:lane2:snr12.0:seed4:frame4,12.0,4,pfft,alpha-stable-impulsive,0.0,47.0,428,4.447916666666667,5.456770833333334,0.9666666666666667,9280,1653,7,7,7,4,540,false,false,4,16
red3:lane2:snr12.0:seed4:frame5,12.0,5,pfft,alpha-stable-impulsive,0.0,47.0,571,5.9375,6.946354166666667,0.9666666666666667,9280,1653,8,8,8,4,571,false,false,4,16
red3:lane2:snr12.0:seed4:frame6,12.0,6,pfft,alpha-stable-impulsive,0.0,47.0,713,7.416666666666667,8.425520833333334,0.9666666666666667,9280,1653,9,9,9,4,653,false,false,4,16
red3:lane2:snr12.0:seed4:frame7,12.0,7,pfft,alpha-stable-impulsive,0.0,47.0,856,8.90625,9.915104166666666,0.9666666666666667,9280,1653,10,10,10,4,584,false,false,4,16
red3:lane2:snr12.0:seed4:frame8,12.0,8,pfft,alpha-stable-impulsive,0.0,47.0,998,10.385416666666666,11.394270833333334,0.9666666666666667,9280,1653,11,11,11,4,572,false,false,4,16
red3:lane2:snr12.0:seed4:frame9,12.0,9,pfft,alpha-stable-impulsive,0.0,47.0,1140,11.864583333333334,12.873437500000001,0.9666666666666667,9280,1653,12,12,12,4,548,false,false,4,16
red3:lane2:snr12.0:seed4:frame10,12.0,10,pfft,alpha-stable-impulsive,0.0,47.0,1283,13.354166666666666,14.363020833333334,0.9666666666666667,9280,1653,13,13,13,4,626,false,false,4,16
red3:lane2:snr12.0:seed4:frame11,12.0,11,pfft,alpha-stable-impulsive,0.0,47.0,1425,14.833333333333334,15.842187500000001,0.9666666666666667,9280,1653,14,14,14,4,615,false,false,4,16
red3:lane2:snr12.0:seed4:frame12,12.0,12,pfft,alpha-stable-impulsive,0.0,47.0,1568,16.322916666666668,17.331770833333334,0.9666666666666667,9280,1653,15,15,15,4,569,false,false,4,16
red3:lane2:snr12.0:seed4:frame13,12.0,13,pfft,alpha-stable-impulsive,0.0,47.0,1710,17.802083333333332,18.810937499999998,0.9666666666666667,9280,1653,16,16,16,4,580,false,false,4,16
red3:lane2:snr12.0:seed4:frame14,12.0,14,pfft,alpha-stable-impulsive,0.0,47.0,1852,19.28125,20.290104166666666,0.9666666666666667,9280,1653,17,17,17,4,555,false,false,4,16
red3:lane2:snr12.0:seed4:frame15,12.0,15,pfft,alpha-stable-impulsive,0.0,47.0,1995,20.770833333333332,21.779687499999998,0.9666666666666667,9280,1653,18,18,18,4,555,false,false,4,16
red3:lane2:snr12.0:seed4:frame16,12.0,16,pfft,alpha-stable-impulsive,0.0,47.0,2137,22.25,23.258854166666666,0.9666666666666667,9280,1653,19,19,19,4,639,false,false,4,16
red3:lane2:snr12.0:seed4:frame17,12.0,17,pfft,alpha-stable-impulsive,0.0,47.0,2280,23.739583333333332,24.748437499999998,0.9666666666666667,9280,1653,20,20,20,4,548,false,false,4,16
red3:lane2:snr12.0:seed4:frame18,12.0,18,pfft,alpha-stable-impulsive,0.0,47.0,2422,25.21875,26.227604166666666,0.9666666666666667,9280,1653,21,21,21,4,581,false,false,4,16
red3:lane2:snr12.0:seed4:frame19,12.0,19,pfft,alpha-stable-impulsive,0.0,47.0,2565,26.708333333333332,27.717187499999998,0.9666666666666667,9280,1653,22,22,22,4,497,false,false,4,16
red3:lane2:snr12.0:seed4:frame20,12.0,20,pfft,alpha-stable-impulsive,0.0,47.0,2707,28.1875,29.196354166666666,0.9666666666666667,9280,1653,23,23,23,4,568,false,false,4,16
red3:lane2:snr12.0:seed4:frame21,12.0,21,pfft,alpha-stable-impulsive,0.0,47.0,2849,29.666666666666668,30.675520833333334,0.9666666666666667,9280,1653,24,24,24,4,598,false,false,4,16
red3:lane2:snr12.0:seed4:frame22,12.0,22,pfft,alpha-stable-impulsive,0.0,47.0,2992,31.15625,32.165104166666666,0.9666666666666667,9280,1653,25,25,25,4,499,false,false,4,16
red3:lane2:snr12.0:seed4:frame23,12.0,23,pfft,alpha-stable-impulsive,0.0,47.0,3134,32.635416666666664,33.64427083333333,0.9666666666666667,9280,1653,26,26,26,4,557,false,false,4,16
red3:lane2:snr12.0:seed4:frame24,12.0,24,pfft,alpha-stable-impulsive,0.0,47.0,3277,34.125,35.133854166666666,0.9666666666666667,9280,1653,27,27,27,4,566,false,false,4,16
red3:lane2:snr12.0:seed4:frame25,12.0,25,pfft,alpha-stable-impulsive,0.0,47.0,3419,35.604166666666664,36.61302083333333,0.9666666666666667,9280,1653,28,28,28,4,462,false,false,4,16
red3:lane2:snr12.0:seed4:frame26,12.0,26,pfft,alpha-stable-impulsive,0.0,47.0,3561,37.083333333333336,38.0921875,0.9666666666666667,9280,1653,29,29,29,4,576,false,false,4,16
red3:lane2:snr12.0:seed4:frame27,12.0,27,pfft,alpha-stable-impulsive,0.0,47.0,3704,38.572916666666664,39.58177083333333,0.9666666666666667,9280,1653,30,30,30,4,579,false,false,4,16
red3:lane2:snr12.0:seed4:frame28,12.0,28,pfft,alpha-stable-impulsive,0.0,47.0,3846,40.052083333333336,41.0609375,0.9666666666666667,9280,1653,31,31,31,4,557,false,false,4,16
red3:lane2:snr12.0:seed4:frame29,12.0,29,pfft,alpha-stable-impulsive,0.0,47.0,3989,41.541666666666664,42.55052083333333,0.9666666666666667,9280,1653,32,32,32,4,498,false,false,4,16
red3:lane2:snr12.0:seed4:frame30,12.0,30,pfft,alpha-stable-impulsive,0.0,47.0,4131,43.020833333333336,44.0296875,0.9666666666666667,9280,1653,33,33,33,4,546,false,false,4,16
red3:lane2:snr12.0:seed4:frame31,12.0,31,pfft,alpha-stable-impulsive,0.0,47.0,4274,44.510416666666664,45.51927083333333,0.9666666666666667,9280,1653,34,34,34,4,567,false,false,4,16
red3:lane2:snr12.0:seed4:frame32,12.0,32,pfft,alpha-stable-impulsive,0.0,47.0,4416,45.989583333333336,46.9984375,0.9666666666666667,9280,1653,35,35,35,4,578,false,false,4,16
red3:lane2:snr12.0:seed4:frame1,12.0,1,profiled_cz,alpha-stable-impulsive,0.0,47.0,1,0.0,1.0088541666666666,0.9666666666666667,9280,1653,4,4,4,4,464,false,false,4,16
red3:lane2:snr12.0:seed4:frame2,12.0,2,profiled_cz,alpha-stable-impulsive,0.0,47.0,143,1.4791666666666667,2.4880208333333336,0.9666666666666667,9280,1653,5,5,5,4,331,false,false,4,16
red3:lane2:snr12.0:seed4:frame3,12.0,3,profiled_cz,alpha-stable-impulsive,0.0,47.0,286,2.96875,3.9776041666666666,0.9666666666666667,9280,1653,6,6,6,4,71,false,false,4,16
red3:lane2:snr12.0:seed4:frame4,12.0,4,profiled_cz,alpha-stable-impulsive,0.0,47.0,428,4.447916666666667,5.456770833333334,0.9666666666666667,9280,1653,7,7,7,4,540,false,false,4,16
red3:lane2:snr12.0:seed4:frame5,12.0,5,profiled_cz,alpha-stable-impulsive,0.0,47.0,571,5.9375,6.946354166666667,0.9666666666666667,9280,1653,8,8,8,4,300,false,false,4,16
red3:lane2:snr12.0:seed4:frame6,12.0,6,profiled_cz,alpha-stable-impulsive,0.0,47.0,713,7.416666666666667,8.425520833333334,0.9666666666666667,9280,1653,9,9,9,4,653,false,false,4,16
red3:lane2:snr12.0:seed4:frame7,12.0,7,profiled_cz,alpha-stable-impulsive,0.0,47.0,856,8.90625,9.915104166666666,0.9666666666666667,9280,1653,10,10,10,4,376,false,false,4,16
red3:lane2:snr12.0:seed4:frame8,12.0,8,profiled_cz,alpha-stable-impulsive,0.0,47.0,998,10.385416666666666,11.394270833333334,0.9666666666666667,9280,1653,11,11,11,4,354,false,false,4,16
red3:lane2:snr12.0:seed4:frame9,12.0,9,profiled_cz,alpha-stable-impulsive,0.0,47.0,1140,11.864583333333334,12.873437500000001,0.9666666666666667,9280,1653,12,12,12,4,276,false,false,4,16
red3:lane2:snr12.0:seed4:frame10,12.0,10,profiled_cz,alpha-stable-impulsive,0.0,47.0,1283,13.354166666666666,14.363020833333334,0.9666666666666667,9280,1653,13,13,13,4,626,false,false,4,16
red3:lane2:snr12.0:seed4:frame11,12.0,11,profiled_cz,alpha-stable-impulsive,0.0,47.0,1425,14.833333333333334,15.842187500000001,0.9666666666666667,9280,1653,14,14,14,4,484,false,false,4,16
red3:lane2:snr12.0:seed4:frame12,12.0,12,profiled_cz,alpha-stable-impulsive,0.0,47.0,1568,16.322916666666668,17.331770833333334,0.9666666666666667,9280,1653,15,15,15,4,491,false,false,4,16
red3:lane2:snr12.0:seed4:frame13,12.0,13,profiled_cz,alpha-stable-impulsive,0.0,47.0,1710,17.802083333333332,18.810937499999998,0.9666666666666667,9280,1653,16,16,16,4,454,false,false,4,16
red3:lane2:snr12.0:seed4:frame14,12.0,14,profiled_cz,alpha-stable-impulsive,0.0,47.0,1852,19.28125,20.290104166666666,0.9666666666666667,9280,1653,17,17,17,4,164,false,false,4,16
red3:lane2:snr12.0:seed4:frame15,12.0,15,profiled_cz,alpha-stable-impulsive,0.0,47.0,1995,20.770833333333332,21.779687499999998,0.9666666666666667,9280,1653,18,18,18,4,380,false,false,4,16
red3:lane2:snr12.0:seed4:frame16,12.0,16,profiled_cz,alpha-stable-impulsive,0.0,47.0,2137,22.25,23.258854166666666,0.9666666666666667,9280,1653,19,19,19,4,639,false,false,4,16
red3:lane2:snr12.0:seed4:frame17,12.0,17,profiled_cz,alpha-stable-impulsive,0.0,47.0,2280,23.739583333333332,24.748437499999998,0.9666666666666667,9280,1653,20,20,20,4,261,false,false,4,16
red3:lane2:snr12.0:seed4:frame18,12.0,18,profiled_cz,alpha-stable-impulsive,0.0,47.0,2422,25.21875,26.227604166666666,0.9666666666666667,9280,1653,21,21,21,4,501,false,false,4,16
red3:lane2:snr12.0:seed4:frame19,12.0,19,profiled_cz,alpha-stable-impulsive,0.0,47.0,2565,26.708333333333332,27.717187499999998,0.9666666666666667,9280,1653,22,22,22,4,35,false,false,4,16
red3:lane2:snr12.0:seed4:frame20,12.0,20,profiled_cz,alpha-stable-impulsive,0.0,47.0,2707,28.1875,29.196354166666666,0.9666666666666667,9280,1653,23,23,23,4,403,false,false,4,16
red3:lane2:snr12.0:seed4:frame21,12.0,21,profiled_cz,alpha-stable-impulsive,0.0,47.0,2849,29.666666666666668,30.675520833333334,0.9666666666666667,9280,1653,24,24,24,4,598,false,false,4,16
red3:lane2:snr12.0:seed4:frame22,12.0,22,profiled_cz,alpha-stable-impulsive,0.0,47.0,2992,31.15625,32.165104166666666,0.9666666666666667,9280,1653,25,25,25,4,499,false,false,4,16
red3:lane2:snr12.0:seed4:frame23,12.0,23,profiled_cz,alpha-stable-impulsive,0.0,47.0,3134,32.635416666666664,33.64427083333333,0.9666666666666667,9280,1653,26,26,26,4,557,false,false,4,16
red3:lane2:snr12.0:seed4:frame24,12.0,24,profiled_cz,alpha-stable-impulsive,0.0,47.0,3277,34.125,35.133854166666666,0.9666666666666667,9280,1653,27,27,27,4,566,false,false,4,16
red3:lane2:snr12.0:seed4:frame25,12.0,25,profiled_cz,alpha-stable-impulsive,0.0,47.0,3419,35.604166666666664,36.61302083333333,0.9666666666666667,9280,1653,28,28,28,4,40,false,false,4,16
red3:lane2:snr12.0:seed4:frame26,12.0,26,profiled_cz,alpha-stable-impulsive,0.0,47.0,3561,37.083333333333336,38.0921875,0.9666666666666667,9280,1653,29,29,29,4,305,false,false,4,16
red3:lane2:snr12.0:seed4:frame27,12.0,27,profiled_cz,alpha-stable-impulsive,0.0,47.0,3704,38.572916666666664,39.58177083333333,0.9666666666666667,9280,1653,30,30,30,4,317,false,false,4,16
red3:lane2:snr12.0:seed4:frame28,12.0,28,profiled_cz,alpha-stable-impulsive,0.0,47.0,3846,40.052083333333336,41.0609375,0.9666666666666667,9280,1653,31,31,31,4,32,false,false,4,16
red3:lane2:snr12.0:seed4:frame29,12.0,29,profiled_cz,alpha-stable-impulsive,0.0,47.0,3989,41.541666666666664,42.55052083333333,0.9666666666666667,9280,1653,32,32,32,4,1,false,false,4,16
red3:lane2:snr12.0:seed4:frame30,12.0,30,profiled_cz,alpha-stable-impulsive,0.0,47.0,4131,43.020833333333336,44.0296875,0.9666666666666667,9280,1653,33,33,33,4,314,false,false,4,16
red3:lane2:snr12.0:seed4:frame31,12.0,31,profiled_cz,alpha-stable-impulsive,0.0,47.0,4274,44.510416666666664,45.51927083333333,0.9666666666666667,9280,1653,34,34,34,4,368,false,false,4,16
red3:lane2:snr12.0:seed4:frame32,12.0,32,profiled_cz,alpha-stable-impulsive,0.0,47.0,4416,45.989583333333336,46.9984375,0.9666666666666667,9280,1653,35,35,35,4,85,false,false,4,16
red3:lane2:snr14.0:seed4:frame1,14.0,1,cwz_joint,alpha-stable-impulsive,0.0,47.0,1,0.0,1.0088541666666666,0.9666666666666667,9280,1653,4,4,4,4,328,false,false,4,16
red3:lane2:snr14.0:seed4:frame2,14.0,2,cwz_joint,alpha-stable-impulsive,0.0,47.0,143,1.4791666666666667,2.4880208333333336,0.9666666666666667,9280,1653,5,5,5,4,38,false,false,4,16
red3:lane2:snr14.0:seed4:frame3,14.0,3,cwz_joint,alpha-stable-impulsive,0.0,47.0,286,2.96875,3.9776041666666666,0.9666666666666667,9280,1653,6,6,6,4,1,false,false,4,16
red3:lane2:snr14.0:seed4:frame4,14.0,4,cwz_joint,alpha-stable-impulsive,0.0,47.0,428,4.447916666666667,5.456770833333334,0.9666666666666667,9280,1653,7,7,7,4,191,false,false,4,16
red3:lane2:snr14.0:seed4:frame5,14.0,5,cwz_joint,alpha-stable-impulsive,0.0,47.0,571,5.9375,6.946354166666667,0.9666666666666667,9280,1653,8,8,8,4,5,false,false,4,16
red3:lane2:snr14.0:seed4:frame6,14.0,6,cwz_joint,alpha-stable-impulsive,0.0,47.0,713,7.416666666666667,8.425520833333334,0.9666666666666667,9280,1653,9,9,9,4,466,false,false,4,16
red3:lane2:snr14.0:seed4:frame7,14.0,7,cwz_joint,alpha-stable-impulsive,0.0,47.0,856,8.90625,9.915104166666666,0.9666666666666667,9280,1653,10,10,10,4,126,false,false,4,16
red3:lane2:snr14.0:seed4:frame8,14.0,8,cwz_joint,alpha-stable-impulsive,0.0,47.0,998,10.385416666666666,11.394270833333334,0.9666666666666667,9280,1653,11,11,11,4,6,false,false,4,16
red3:lane2:snr14.0:seed4:frame9,14.0,9,cwz_joint,alpha-stable-impulsive,0.0,47.0,1140,11.864583333333334,12.873437500000001,0.9666666666666667,9280,1653,12,12,12,4,3,false,false,4,16
red3:lane2:snr14.0:seed4:frame10,14.0,10,cwz_joint,alpha-stable-impulsive,0.0,47.0,1283,13.354166666666666,14.363020833333334,0.9666666666666667,9280,1653,13,13,13,4,256,false,false,4,16
red3:lane2:snr14.0:seed4:frame11,14.0,11,cwz_joint,alpha-stable-impulsive,0.0,47.0,1425,14.833333333333334,15.842187500000001,0.9666666666666667,9280,1653,14,14,14,4,428,false,false,4,16
red3:lane2:snr14.0:seed4:frame12,14.0,12,cwz_joint,alpha-stable-impulsive,0.0,47.0,1568,16.322916666666668,17.331770833333334,0.9666666666666667,9280,1653,15,15,15,4,352,false,false,4,16
red3:lane2:snr14.0:seed4:frame13,14.0,13,cwz_joint,alpha-stable-impulsive,0.0,47.0,1710,17.802083333333332,18.810937499999998,0.9666666666666667,9280,1653,16,16,16,4,273,false,false,4,16
red3:lane2:snr14.0:seed4:frame14,14.0,14,cwz_joint,alpha-stable-impulsive,0.0,47.0,1852,19.28125,20.290104166666666,0.9666666666666667,9280,1653,17,17,17,4,0,true,false,4,16
red3:lane2:snr14.0:seed4:frame15,14.0,15,cwz_joint,alpha-stable-impulsive,0.0,47.0,1995,20.770833333333332,21.779687499999998,0.9666666666666667,9280,1653,18,18,18,4,123,false,false,4,16
red3:lane2:snr14.0:seed4:frame16,14.0,16,cwz_joint,alpha-stable-impulsive,0.0,47.0,2137,22.25,23.258854166666666,0.9666666666666667,9280,1653,19,19,19,4,590,false,false,4,16
red3:lane2:snr14.0:seed4:frame17,14.0,17,cwz_joint,alpha-stable-impulsive,0.0,47.0,2280,23.739583333333332,24.748437499999998,0.9666666666666667,9280,1653,20,20,20,4,10,false,false,4,16
red3:lane2:snr14.0:seed4:frame18,14.0,18,cwz_joint,alpha-stable-impulsive,0.0,47.0,2422,25.21875,26.227604166666666,0.9666666666666667,9280,1653,21,21,21,4,405,false,false,4,16
red3:lane2:snr14.0:seed4:frame19,14.0,19,cwz_joint,alpha-stable-impulsive,0.0,47.0,2565,26.708333333333332,27.717187499999998,0.9666666666666667,9280,1653,22,22,22,4,2,false,false,4,16
red3:lane2:snr14.0:seed4:frame20,14.0,20,cwz_joint,alpha-stable-impulsive,0.0,47.0,2707,28.1875,29.196354166666666,0.9666666666666667,9280,1653,23,23,23,4,591,false,false,4,16
red3:lane2:snr14.0:seed4:frame21,14.0,21,cwz_joint,alpha-stable-impulsive,0.0,47.0,2849,29.666666666666668,30.675520833333334,0.9666666666666667,9280,1653,24,24,24,4,299,false,false,4,16
red3:lane2:snr14.0:seed4:frame22,14.0,22,cwz_joint,alpha-stable-impulsive,0.0,47.0,2992,31.15625,32.165104166666666,0.9666666666666667,9280,1653,25,25,25,4,1,false,false,4,16
red3:lane2:snr14.0:seed4:frame23,14.0,23,cwz_joint,alpha-stable-impulsive,0.0,47.0,3134,32.635416666666664,33.64427083333333,0.9666666666666667,9280,1653,26,26,26,4,423,false,false,4,16
red3:lane2:snr14.0:seed4:frame24,14.0,24,cwz_joint,alpha-stable-impulsive,0.0,47.0,3277,34.125,35.133854166666666,0.9666666666666667,9280,1653,27,27,27,4,160,false,false,4,16
red3:lane2:snr14.0:seed4:frame25,14.0,25,cwz_joint,alpha-stable-impulsive,0.0,47.0,3419,35.604166666666664,36.61302083333333,0.9666666666666667,9280,1653,28,28,28,4,2,false,false,4,16
red3:lane2:snr14.0:seed4:frame26,14.0,26,cwz_joint,alpha-stable-impulsive,0.0,47.0,3561,37.083333333333336,38.0921875,0.9666666666666667,9280,1653,29,29,29,4,9,false,false,4,16
red3:lane2:snr14.0:seed4:frame27,14.0,27,cwz_joint,alpha-stable-impulsive,0.0,47.0,3704,38.572916666666664,39.58177083333333,0.9666666666666667,9280,1653,30,30,30,4,105,false,false,4,16
red3:lane2:snr14.0:seed4:frame28,14.0,28,cwz_joint,alpha-stable-impulsive,0.0,47.0,3846,40.052083333333336,41.0609375,0.9666666666666667,9280,1653,31,31,31,4,3,false,false,4,16
red3:lane2:snr14.0:seed4:frame29,14.0,29,cwz_joint,alpha-stable-impulsive,0.0,47.0,3989,41.541666666666664,42.55052083333333,0.9666666666666667,9280,1653,32,32,32,4,1,false,false,4,16
red3:lane2:snr14.0:seed4:frame30,14.0,30,cwz_joint,alpha-stable-impulsive,0.0,47.0,4131,43.020833333333336,44.0296875,0.9666666666666667,9280,1653,33,33,33,4,6,false,false,4,16
red3:lane2:snr14.0:seed4:frame31,14.0,31,cwz_joint,alpha-stable-impulsive,0.0,47.0,4274,44.510416666666664,45.51927083333333,0.9666666666666667,9280,1653,34,34,34,4,152,false,false,4,16
red3:lane2:snr14.0:seed4:frame32,14.0,32,cwz_joint,alpha-stable-impulsive,0.0,47.0,4416,45.989583333333336,46.9984375,0.9666666666666667,9280,1653,35,35,35,4,3,false,false,4,16
red3:lane2:snr14.0:seed4:frame1,14.0,1,lite,alpha-stable-impulsive,0.0,47.0,1,0.0,1.0088541666666666,0.9666666666666667,9280,1653,4,4,4,4,328,false,false,4,16
red3:lane2:snr14.0:seed4:frame2,14.0,2,lite,alpha-stable-impulsive,0.0,47.0,143,1.4791666666666667,2.4880208333333336,0.9666666666666667,9280,1653,5,5,5,4,38,false,false,4,16
red3:lane2:snr14.0:seed4:frame3,14.0,3,lite,alpha-stable-impulsive,0.0,47.0,286,2.96875,3.9776041666666666,0.9666666666666667,9280,1653,6,6,6,4,1,false,false,4,16
red3:lane2:snr14.0:seed4:frame4,14.0,4,lite,alpha-stable-impulsive,0.0,47.0,428,4.447916666666667,5.456770833333334,0.9666666666666667,9280,1653,7,7,7,4,191,false,false,4,16
red3:lane2:snr14.0:seed4:frame5,14.0,5,lite,alpha-stable-impulsive,0.0,47.0,571,5.9375,6.946354166666667,0.9666666666666667,9280,1653,8,8,8,4,5,false,false,4,16
red3:lane2:snr14.0:seed4:frame6,14.0,6,lite,alpha-stable-impulsive,0.0,47.0,713,7.416666666666667,8.425520833333334,0.9666666666666667,9280,1653,9,9,9,4,466,false,false,4,16
red3:lane2:snr14.0:seed4:frame7,14.0,7,lite,alpha-stable-impulsive,0.0,47.0,856,8.90625,9.915104166666666,0.9666666666666667,9280,1653,10,10,10,4,126,false,false,4,16
red3:lane2:snr14.0:seed4:frame8,14.0,8,lite,alpha-stable-impulsive,0.0,47.0,998,10.385416666666666,11.394270833333334,0.9666666666666667,9280,1653,11,11,11,4,6,false,false,4,16
red3:lane2:snr14.0:seed4:frame9,14.0,9,lite,alpha-stable-impulsive,0.0,47.0,1140,11.864583333333334,12.873437500000001,0.9666666666666667,9280,1653,12,12,12,4,3,false,false,4,16
red3:lane2:snr14.0:seed4:frame10,14.0,10,lite,alpha-stable-impulsive,0.0,47.0,1283,13.354166666666666,14.363020833333334,0.9666666666666667,9280,1653,13,13,13,4,256,false,false,4,16
red3:lane2:snr14.0:seed4:frame11,14.0,11,lite,alpha-stable-impulsive,0.0,47.0,1425,14.833333333333334,15.842187500000001,0.9666666666666667,9280,1653,14,14,14,4,428,false,false,4,16
red3:lane2:snr14.0:seed4:frame12,14.0,12,lite,alpha-stable-impulsive,0.0,47.0,1568,16.322916666666668,17.331770833333334,0.9666666666666667,9280,1653,15,15,15,4,352,false,false,4,16
red3:lane2:snr14.0:seed4:frame13,14.0,13,lite,alpha-stable-impulsive,0.0,47.0,1710,17.802083333333332,18.810937499999998,0.9666666666666667,9280,1653,16,16,16,4,273,false,false,4,16
red3:lane2:snr14.0:seed4:frame14,14.0,14,lite,alpha-stable-impulsive,0.0,47.0,1852,19.28125,20.290104166666666,0.9666666666666667,9280,1653,17,17,17,4,0,true,false,4,16
red3:lane2:snr14.0:seed4:frame15,14.0,15,lite,alpha-stable-impulsive,0.0,47.0,1995,20.770833333333332,21.779687499999998,0.9666666666666667,9280,1653,18,18,18,4,123,false,false,4,16
red3:lane2:snr14.0:seed4:frame16,14.0,16,lite,alpha-stable-impulsive,0.0,47.0,2137,22.25,23.258854166666666,0.9666666666666667,9280,1653,19,19,19,4,590,false,false,4,16
red3:lane2:snr14.0:seed4:frame17,14.0,17,lite,alpha-stable-impulsive,0.0,47.0,2280,23.739583333333332,24.748437499999998,0.9666666666666667,9280,1653,20,20,20,4,10,false,false,4,16
red3:lane2:snr14.0:seed4:frame18,14.0,18,lite,alpha-stable-impulsive,0.0,47.0,2422,25.21875,26.227604166666666,0.9666666666666667,9280,1653,21,21,21,4,405,false,false,4,16
red3:lane2:snr14.0:seed4:frame19,14.0,19,lite,alpha-stable-impulsive,0.0,47.0,2565,26.708333333333332,27.717187499999998,0.9666666666666667,9280,1653,22,22,22,4,2,false,false,4,16
red3:lane2:snr14.0:seed4:frame20,14.0,20,lite,alpha-stable-impulsive,0.0,47.0,2707,28.1875,29.196354166666666,0.9666666666666667,9280,1653,23,23,23,4,591,false,false,4,16
red3:lane2:snr14.0:seed4:frame21,14.0,21,lite,alpha-stable-impulsive,0.0,47.0,2849,29.666666666666668,30.675520833333334,0.9666666666666667,9280,1653,24,24,24,4,299,false,false,4,16
red3:lane2:snr14.0:seed4:frame22,14.0,22,lite,alpha-stable-impulsive,0.0,47.0,2992,31.15625,32.165104166666666,0.9666666666666667,9280,1653,25,25,25,4,1,false,false,4,16
red3:lane2:snr14.0:seed4:frame23,14.0,23,lite,alpha-stable-impulsive,0.0,47.0,3134,32.635416666666664,33.64427083333333,0.9666666666666667,9280,1653,26,26,26,4,423,false,false,4,16
red3:lane2:snr14.0:seed4:frame24,14.0,24,lite,alpha-stable-impulsive,0.0,47.0,3277,34.125,35.133854166666666,0.9666666666666667,9280,1653,27,27,27,4,160,false,false,4,16
red3:lane2:snr14.0:seed4:frame25,14.0,25,lite,alpha-stable-impulsive,0.0,47.0,3419,35.604166666666664,36.61302083333333,0.9666666666666667,9280,1653,28,28,28,4,2,false,false,4,16
red3:lane2:snr14.0:seed4:frame26,14.0,26,lite,alpha-stable-impulsive,0.0,47.0,3561,37.083333333333336,38.0921875,0.9666666666666667,9280,1653,29,29,29,4,9,false,false,4,16
red3:lane2:snr14.0:seed4:frame27,14.0,27,lite,alpha-stable-impulsive,0.0,47.0,3704,38.572916666666664,39.58177083333333,0.9666666666666667,9280,1653,30,30,30,4,105,false,false,4,16
red3:lane2:snr14.0:seed4:frame28,14.0,28,lite,alpha-stable-impulsive,0.0,47.0,3846,40.052083333333336,41.0609375,0.9666666666666667,9280,1653,31,31,31,4,3,false,false,4,16
red3:lane2:snr14.0:seed4:frame29,14.0,29,lite,alpha-stable-impulsive,0.0,47.0,3989,41.541666666666664,42.55052083333333,0.9666666666666667,9280,1653,32,32,32,4,1,false,false,4,16
red3:lane2:snr14.0:seed4:frame30,14.0,30,lite,alpha-stable-impulsive,0.0,47.0,4131,43.020833333333336,44.0296875,0.9666666666666667,9280,1653,33,33,33,4,6,false,false,4,16
red3:lane2:snr14.0:seed4:frame31,14.0,31,lite,alpha-stable-impulsive,0.0,47.0,4274,44.510416666666664,45.51927083333333,0.9666666666666667,9280,1653,34,34,34,4,152,false,false,4,16
red3:lane2:snr14.0:seed4:frame32,14.0,32,lite,alpha-stable-impulsive,0.0,47.0,4416,45.989583333333336,46.9984375,0.9666666666666667,9280,1653,35,35,35,4,3,false,false,4,16
red3:lane2:snr14.0:seed4:frame1,14.0,1,ofdm_fec,alpha-stable-impulsive,0.0,47.0,1,0.0,1.0088541666666666,0.9666666666666667,9280,1653,4,4,4,4,0,true,false,4,16
red3:lane2:snr14.0:seed4:frame2,14.0,2,ofdm_fec,alpha-stable-impulsive,0.0,47.0,143,1.4791666666666667,2.4880208333333336,0.9666666666666667,9280,1653,5,5,5,4,0,true,false,4,16
red3:lane2:snr14.0:seed4:frame3,14.0,3,ofdm_fec,alpha-stable-impulsive,0.0,47.0,286,2.96875,3.9776041666666666,0.9666666666666667,9280,1653,6,6,6,4,0,true,false,4,16
red3:lane2:snr14.0:seed4:frame4,14.0,4,ofdm_fec,alpha-stable-impulsive,0.0,47.0,428,4.447916666666667,5.456770833333334,0.9666666666666667,9280,1653,7,7,7,4,1,false,false,4,16
red3:lane2:snr14.0:seed4:frame5,14.0,5,ofdm_fec,alpha-stable-impulsive,0.0,47.0,571,5.9375,6.946354166666667,0.9666666666666667,9280,1653,8,8,8,4,4,false,false,4,16
red3:lane2:snr14.0:seed4:frame6,14.0,6,ofdm_fec,alpha-stable-impulsive,0.0,47.0,713,7.416666666666667,8.425520833333334,0.9666666666666667,9280,1653,9,9,9,4,7,false,false,4,16
red3:lane2:snr14.0:seed4:frame7,14.0,7,ofdm_fec,alpha-stable-impulsive,0.0,47.0,856,8.90625,9.915104166666666,0.9666666666666667,9280,1653,10,10,10,4,1,false,false,4,16
red3:lane2:snr14.0:seed4:frame8,14.0,8,ofdm_fec,alpha-stable-impulsive,0.0,47.0,998,10.385416666666666,11.394270833333334,0.9666666666666667,9280,1653,11,11,11,4,0,true,false,4,16
red3:lane2:snr14.0:seed4:frame9,14.0,9,ofdm_fec,alpha-stable-impulsive,0.0,47.0,1140,11.864583333333334,12.873437500000001,0.9666666666666667,9280,1653,12,12,12,4,0,true,false,4,16
red3:lane2:snr14.0:seed4:frame10,14.0,10,ofdm_fec,alpha-stable-impulsive,0.0,47.0,1283,13.354166666666666,14.363020833333334,0.9666666666666667,9280,1653,13,13,13,4,0,true,false,4,16
red3:lane2:snr14.0:seed4:frame11,14.0,11,ofdm_fec,alpha-stable-impulsive,0.0,47.0,1425,14.833333333333334,15.842187500000001,0.9666666666666667,9280,1653,14,14,14,4,3,false,false,4,16
red3:lane2:snr14.0:seed4:frame12,14.0,12,ofdm_fec,alpha-stable-impulsive,0.0,47.0,1568,16.322916666666668,17.331770833333334,0.9666666666666667,9280,1653,15,15,15,4,4,false,false,4,16
red3:lane2:snr14.0:seed4:frame13,14.0,13,ofdm_fec,alpha-stable-impulsive,0.0,47.0,1710,17.802083333333332,18.810937499999998,0.9666666666666667,9280,1653,16,16,16,4,0,true,false,4,16
red3:lane2:snr14.0:seed4:frame14,14.0,14,ofdm_fec,alpha-stable-impulsive,0.0,47.0,1852,19.28125,20.290104166666666,0.9666666666666667,9280,1653,17,17,17,4,7,false,false,4,16
red3:lane2:snr14.0:seed4:frame15,14.0,15,ofdm_fec,alpha-stable-impulsive,0.0,47.0,1995,20.770833333333332,21.779687499999998,0.9666666666666667,9280,1653,18,18,18,4,1,false,false,4,16
red3:lane2:snr14.0:seed4:frame16,14.0,16,ofdm_fec,alpha-stable-impulsive,0.0,47.0,2137,22.25,23.258854166666666,0.9666666666666667,9280,1653,19,19,19,4,0,true,false,4,16
red3:lane2:snr14.0:seed4:frame17,14.0,17,ofdm_fec,alpha-stable-impulsive,0.0,47.0,2280,23.739583333333332,24.748437499999998,0.9666666666666667,9280,1653,20,20,20,4,4,false,false,4,16
red3:lane2:snr14.0:seed4:frame18,14.0,18,ofdm_fec,alpha-stable-impulsive,0.0,47.0,2422,25.21875,26.227604166666666,0.9666666666666667,9280,1653,21,21,21,4,14,false,false,4,16
red3:lane2:snr14.0:seed4:frame19,14.0,19,ofdm_fec,alpha-stable-impulsive,0.0,47.0,2565,26.708333333333332,27.717187499999998,0.9666666666666667,9280,1653,22,22,22,4,1,false,false,4,16
red3:lane2:snr14.0:seed4:frame20,14.0,20,ofdm_fec,alpha-stable-impulsive,0.0,47.0,2707,28.1875,29.196354166666666,0.9666666666666667,9280,1653,23,23,23,4,1,false,false,4,16
red3:lane2:snr14.0:seed4:frame21,14.0,21,ofdm_fec,alpha-stable-impulsive,0.0,47.0,2849,29.666666666666668,30.675520833333334,0.9666666666666667,9280,1653,24,24,24,4,0,true,false,4,16
red3:lane2:snr14.0:seed4:frame22,14.0,22,ofdm_fec,alpha-stable-impulsive,0.0,47.0,2992,31.15625,32.165104166666666,0.9666666666666667,9280,1653,25,25,25,4,0,true,false,4,16
red3:lane2:snr14.0:seed4:frame23,14.0,23,ofdm_fec,alpha-stable-impulsive,0.0,47.0,3134,32.635416666666664,33.64427083333333,0.9666666666666667,9280,1653,26,26,26,4,1,false,false,4,16
red3:lane2:snr14.0:seed4:frame24,14.0,24,ofdm_fec,alpha-stable-impulsive,0.0,47.0,3277,34.125,35.133854166666666,0.9666666666666667,9280,1653,27,27,27,4,2,false,false,4,16
red3:lane2:snr14.0:seed4:frame25,14.0,25,ofdm_fec,alpha-stable-impulsive,0.0,47.0,3419,35.604166666666664,36.61302083333333,0.9666666666666667,9280,1653,28,28,28,4,0,true,false,4,16
red3:lane2:snr14.0:seed4:frame26,14.0,26,ofdm_fec,alpha-stable-impulsive,0.0,47.0,3561,37.083333333333336,38.0921875,0.9666666666666667,9280,1653,29,29,29,4,0,true,false,4,16
red3:lane2:snr14.0:seed4:frame27,14.0,27,ofdm_fec,alpha-stable-impulsive,0.0,47.0,3704,38.572916666666664,39.58177083333333,0.9666666666666667,9280,1653,30,30,30,4,1,false,false,4,16
red3:lane2:snr14.0:seed4:frame28,14.0,28,ofdm_fec,alpha-stable-impulsive,0.0,47.0,3846,40.052083333333336,41.0609375,0.9666666666666667,9280,1653,31,31,31,4,0,true,false,4,16
red3:lane2:snr14.0:seed4:frame29,14.0,29,ofdm_fec,alpha-stable-impulsive,0.0,47.0,3989,41.541666666666664,42.55052083333333,0.9666666666666667,9280,1653,32,32,32,4,0,true,false,4,16
red3:lane2:snr14.0:seed4:frame30,14.0,30,ofdm_fec,alpha-stable-impulsive,0.0,47.0,4131,43.020833333333336,44.0296875,0.9666666666666667,9280,1653,33,33,33,4,2,false,false,4,16
red3:lane2:snr14.0:seed4:frame31,14.0,31,ofdm_fec,alpha-stable-impulsive,0.0,47.0,4274,44.510416666666664,45.51927083333333,0.9666666666666667,9280,1653,34,34,34,4,0,true,false,4,16
red3:lane2:snr14.0:seed4:frame32,14.0,32,ofdm_fec,alpha-stable-impulsive,0.0,47.0,4416,45.989583333333336,46.9984375,0.9666666666666667,9280,1653,35,35,35,4,6,false,false,4,16
red3:lane2:snr14.0:seed4:frame1,14.0,1,pfft,alpha-stable-impulsive,0.0,47.0,1,0.0,1.0088541666666666,0.9666666666666667,9280,1653,4,4,4,4,622,false,false,4,16
red3:lane2:snr14.0:seed4:frame2,14.0,2,pfft,alpha-stable-impulsive,0.0,47.0,143,1.4791666666666667,2.4880208333333336,0.9666666666666667,9280,1653,5,5,5,4,566,false,false,4,16
red3:lane2:snr14.0:seed4:frame3,14.0,3,pfft,alpha-stable-impulsive,0.0,47.0,286,2.96875,3.9776041666666666,0.9666666666666667,9280,1653,6,6,6,4,503,false,false,4,16
red3:lane2:snr14.0:seed4:frame4,14.0,4,pfft,alpha-stable-impulsive,0.0,47.0,428,4.447916666666667,5.456770833333334,0.9666666666666667,9280,1653,7,7,7,4,559,false,false,4,16
red3:lane2:snr14.0:seed4:frame5,14.0,5,pfft,alpha-stable-impulsive,0.0,47.0,571,5.9375,6.946354166666667,0.9666666666666667,9280,1653,8,8,8,4,515,false,false,4,16
red3:lane2:snr14.0:seed4:frame6,14.0,6,pfft,alpha-stable-impulsive,0.0,47.0,713,7.416666666666667,8.425520833333334,0.9666666666666667,9280,1653,9,9,9,4,643,false,false,4,16
red3:lane2:snr14.0:seed4:frame7,14.0,7,pfft,alpha-stable-impulsive,0.0,47.0,856,8.90625,9.915104166666666,0.9666666666666667,9280,1653,10,10,10,4,599,false,false,4,16
red3:lane2:snr14.0:seed4:frame8,14.0,8,pfft,alpha-stable-impulsive,0.0,47.0,998,10.385416666666666,11.394270833333334,0.9666666666666667,9280,1653,11,11,11,4,561,false,false,4,16
red3:lane2:snr14.0:seed4:frame9,14.0,9,pfft,alpha-stable-impulsive,0.0,47.0,1140,11.864583333333334,12.873437500000001,0.9666666666666667,9280,1653,12,12,12,4,526,false,false,4,16
red3:lane2:snr14.0:seed4:frame10,14.0,10,pfft,alpha-stable-impulsive,0.0,47.0,1283,13.354166666666666,14.363020833333334,0.9666666666666667,9280,1653,13,13,13,4,575,false,false,4,16
red3:lane2:snr14.0:seed4:frame11,14.0,11,pfft,alpha-stable-impulsive,0.0,47.0,1425,14.833333333333334,15.842187500000001,0.9666666666666667,9280,1653,14,14,14,4,557,false,false,4,16
red3:lane2:snr14.0:seed4:frame12,14.0,12,pfft,alpha-stable-impulsive,0.0,47.0,1568,16.322916666666668,17.331770833333334,0.9666666666666667,9280,1653,15,15,15,4,540,false,false,4,16
red3:lane2:snr14.0:seed4:frame13,14.0,13,pfft,alpha-stable-impulsive,0.0,47.0,1710,17.802083333333332,18.810937499999998,0.9666666666666667,9280,1653,16,16,16,4,557,false,false,4,16
red3:lane2:snr14.0:seed4:frame14,14.0,14,pfft,alpha-stable-impulsive,0.0,47.0,1852,19.28125,20.290104166666666,0.9666666666666667,9280,1653,17,17,17,4,528,false,false,4,16
red3:lane2:snr14.0:seed4:frame15,14.0,15,pfft,alpha-stable-impulsive,0.0,47.0,1995,20.770833333333332,21.779687499999998,0.9666666666666667,9280,1653,18,18,18,4,517,false,false,4,16
red3:lane2:snr14.0:seed4:frame16,14.0,16,pfft,alpha-stable-impulsive,0.0,47.0,2137,22.25,23.258854166666666,0.9666666666666667,9280,1653,19,19,19,4,590,false,false,4,16
red3:lane2:snr14.0:seed4:frame17,14.0,17,pfft,alpha-stable-impulsive,0.0,47.0,2280,23.739583333333332,24.748437499999998,0.9666666666666667,9280,1653,20,20,20,4,496,false,false,4,16
red3:lane2:snr14.0:seed4:frame18,14.0,18,pfft,alpha-stable-impulsive,0.0,47.0,2422,25.21875,26.227604166666666,0.9666666666666667,9280,1653,21,21,21,4,603,false,false,4,16
red3:lane2:snr14.0:seed4:frame19,14.0,19,pfft,alpha-stable-impulsive,0.0,47.0,2565,26.708333333333332,27.717187499999998,0.9666666666666667,9280,1653,22,22,22,4,452,false,false,4,16
red3:lane2:snr14.0:seed4:frame20,14.0,20,pfft,alpha-stable-impulsive,0.0,47.0,2707,28.1875,29.196354166666666,0.9666666666666667,9280,1653,23,23,23,4,591,false,false,4,16
red3:lane2:snr14.0:seed4:frame21,14.0,21,pfft,alpha-stable-impulsive,0.0,47.0,2849,29.666666666666668,30.675520833333334,0.9666666666666667,9280,1653,24,24,24,4,554,false,false,4,16
red3:lane2:snr14.0:seed4:frame22,14.0,22,pfft,alpha-stable-impulsive,0.0,47.0,2992,31.15625,32.165104166666666,0.9666666666666667,9280,1653,25,25,25,4,478,false,false,4,16
red3:lane2:snr14.0:seed4:frame23,14.0,23,pfft,alpha-stable-impulsive,0.0,47.0,3134,32.635416666666664,33.64427083333333,0.9666666666666667,9280,1653,26,26,26,4,554,false,false,4,16
red3:lane2:snr14.0:seed4:frame24,14.0,24,pfft,alpha-stable-impulsive,0.0,47.0,3277,34.125,35.133854166666666,0.9666666666666667,9280,1653,27,27,27,4,550,false,false,4,16
red3:lane2:snr14.0:seed4:frame25,14.0,25,pfft,alpha-stable-impulsive,0.0,47.0,3419,35.604166666666664,36.61302083333333,0.9666666666666667,9280,1653,28,28,28,4,434,false,false,4,16
red3:lane2:snr14.0:seed4:frame26,14.0,26,pfft,alpha-stable-impulsive,0.0,47.0,3561,37.083333333333336,38.0921875,0.9666666666666667,9280,1653,29,29,29,4,545,false,false,4,16
red3:lane2:snr14.0:seed4:frame27,14.0,27,pfft,alpha-stable-impulsive,0.0,47.0,3704,38.572916666666664,39.58177083333333,0.9666666666666667,9280,1653,30,30,30,4,571,false,false,4,16
red3:lane2:snr14.0:seed4:frame28,14.0,28,pfft,alpha-stable-impulsive,0.0,47.0,3846,40.052083333333336,41.0609375,0.9666666666666667,9280,1653,31,31,31,4,548,false,false,4,16
red3:lane2:snr14.0:seed4:frame29,14.0,29,pfft,alpha-stable-impulsive,0.0,47.0,3989,41.541666666666664,42.55052083333333,0.9666666666666667,9280,1653,32,32,32,4,478,false,false,4,16
red3:lane2:snr14.0:seed4:frame30,14.0,30,pfft,alpha-stable-impulsive,0.0,47.0,4131,43.020833333333336,44.0296875,0.9666666666666667,9280,1653,33,33,33,4,504,false,false,4,16
red3:lane2:snr14.0:seed4:frame31,14.0,31,pfft,alpha-stable-impulsive,0.0,47.0,4274,44.510416666666664,45.51927083333333,0.9666666666666667,9280,1653,34,34,34,4,536,false,false,4,16
red3:lane2:snr14.0:seed4:frame32,14.0,32,pfft,alpha-stable-impulsive,0.0,47.0,4416,45.989583333333336,46.9984375,0.9666666666666667,9280,1653,35,35,35,4,532,false,false,4,16
red3:lane2:snr14.0:seed4:frame1,14.0,1,profiled_cz,alpha-stable-impulsive,0.0,47.0,1,0.0,1.0088541666666666,0.9666666666666667,9280,1653,4,4,4,4,328,false,false,4,16
red3:lane2:snr14.0:seed4:frame2,14.0,2,profiled_cz,alpha-stable-impulsive,0.0,47.0,143,1.4791666666666667,2.4880208333333336,0.9666666666666667,9280,1653,5,5,5,4,38,false,false,4,16
red3:lane2:snr14.0:seed4:frame3,14.0,3,profiled_cz,alpha-stable-impulsive,0.0,47.0,286,2.96875,3.9776041666666666,0.9666666666666667,9280,1653,6,6,6,4,1,false,false,4,16
red3:lane2:snr14.0:seed4:frame4,14.0,4,profiled_cz,alpha-stable-impulsive,0.0,47.0,428,4.447916666666667,5.456770833333334,0.9666666666666667,9280,1653,7,7,7,4,191,false,false,4,16
red3:lane2:snr14.0:seed4:frame5,14.0,5,profiled_cz,alpha-stable-impulsive,0.0,47.0,571,5.9375,6.946354166666667,0.9666666666666667,9280,1653,8,8,8,4,5,false,false,4,16
red3:lane2:snr14.0:seed4:frame6,14.0,6,profiled_cz,alpha-stable-impulsive,0.0,47.0,713,7.416666666666667,8.425520833333334,0.9666666666666667,9280,1653,9,9,9,4,466,false,false,4,16
red3:lane2:snr14.0:seed4:frame7,14.0,7,profiled_cz,alpha-stable-impulsive,0.0,47.0,856,8.90625,9.915104166666666,0.9666666666666667,9280,1653,10,10,10,4,126,false,false,4,16
red3:lane2:snr14.0:seed4:frame8,14.0,8,profiled_cz,alpha-stable-impulsive,0.0,47.0,998,10.385416666666666,11.394270833333334,0.9666666666666667,9280,1653,11,11,11,4,6,false,false,4,16
red3:lane2:snr14.0:seed4:frame9,14.0,9,profiled_cz,alpha-stable-impulsive,0.0,47.0,1140,11.864583333333334,12.873437500000001,0.9666666666666667,9280,1653,12,12,12,4,3,false,false,4,16
red3:lane2:snr14.0:seed4:frame10,14.0,10,profiled_cz,alpha-stable-impulsive,0.0,47.0,1283,13.354166666666666,14.363020833333334,0.9666666666666667,9280,1653,13,13,13,4,256,false,false,4,16
red3:lane2:snr14.0:seed4:frame11,14.0,11,profiled_cz,alpha-stable-impulsive,0.0,47.0,1425,14.833333333333334,15.842187500000001,0.9666666666666667,9280,1653,14,14,14,4,428,false,false,4,16
red3:lane2:snr14.0:seed4:frame12,14.0,12,profiled_cz,alpha-stable-impulsive,0.0,47.0,1568,16.322916666666668,17.331770833333334,0.9666666666666667,9280,1653,15,15,15,4,352,false,false,4,16
red3:lane2:snr14.0:seed4:frame13,14.0,13,profiled_cz,alpha-stable-impulsive,0.0,47.0,1710,17.802083333333332,18.810937499999998,0.9666666666666667,9280,1653,16,16,16,4,273,false,false,4,16
red3:lane2:snr14.0:seed4:frame14,14.0,14,profiled_cz,alpha-stable-impulsive,0.0,47.0,1852,19.28125,20.290104166666666,0.9666666666666667,9280,1653,17,17,17,4,0,true,false,4,16
red3:lane2:snr14.0:seed4:frame15,14.0,15,profiled_cz,alpha-stable-impulsive,0.0,47.0,1995,20.770833333333332,21.779687499999998,0.9666666666666667,9280,1653,18,18,18,4,123,false,false,4,16
red3:lane2:snr14.0:seed4:frame16,14.0,16,profiled_cz,alpha-stable-impulsive,0.0,47.0,2137,22.25,23.258854166666666,0.9666666666666667,9280,1653,19,19,19,4,590,false,false,4,16
red3:lane2:snr14.0:seed4:frame17,14.0,17,profiled_cz,alpha-stable-impulsive,0.0,47.0,2280,23.739583333333332,24.748437499999998,0.9666666666666667,9280,1653,20,20,20,4,10,false,false,4,16
red3:lane2:snr14.0:seed4:frame18,14.0,18,profiled_cz,alpha-stable-impulsive,0.0,47.0,2422,25.21875,26.227604166666666,0.9666666666666667,9280,1653,21,21,21,4,405,false,false,4,16
red3:lane2:snr14.0:seed4:frame19,14.0,19,profiled_cz,alpha-stable-impulsive,0.0,47.0,2565,26.708333333333332,27.717187499999998,0.9666666666666667,9280,1653,22,22,22,4,2,false,false,4,16
red3:lane2:snr14.0:seed4:frame20,14.0,20,profiled_cz,alpha-stable-impulsive,0.0,47.0,2707,28.1875,29.196354166666666,0.9666666666666667,9280,1653,23,23,23,4,591,false,false,4,16
red3:lane2:snr14.0:seed4:frame21,14.0,21,profiled_cz,alpha-stable-impulsive,0.0,47.0,2849,29.666666666666668,30.675520833333334,0.9666666666666667,9280,1653,24,24,24,4,299,false,false,4,16
red3:lane2:snr14.0:seed4:frame22,14.0,22,profiled_cz,alpha-stable-impulsive,0.0,47.0,2992,31.15625,32.165104166666666,0.9666666666666667,9280,1653,25,25,25,4,1,false,false,4,16
red3:lane2:snr14.0:seed4:frame23,14.0,23,profiled_cz,alpha-stable-impulsive,0.0,47.0,3134,32.635416666666664,33.64427083333333,0.9666666666666667,9280,1653,26,26,26,4,423,false,false,4,16
red3:lane2:snr14.0:seed4:frame24,14.0,24,profiled_cz,alpha-stable-impulsive,0.0,47.0,3277,34.125,35.133854166666666,0.9666666666666667,9280,1653,27,27,27,4,160,false,false,4,16
red3:lane2:snr14.0:seed4:frame25,14.0,25,profiled_cz,alpha-stable-impulsive,0.0,47.0,3419,35.604166666666664,36.61302083333333,0.9666666666666667,9280,1653,28,28,28,4,2,false,false,4,16
red3:lane2:snr14.0:seed4:frame26,14.0,26,profiled_cz,alpha-stable-impulsive,0.0,47.0,3561,37.083333333333336,38.0921875,0.9666666666666667,9280,1653,29,29,29,4,9,false,false,4,16
red3:lane2:snr14.0:seed4:frame27,14.0,27,profiled_cz,alpha-stable-impulsive,0.0,47.0,3704,38.572916666666664,39.58177083333333,0.9666666666666667,9280,1653,30,30,30,4,105,false,false,4,16
red3:lane2:snr14.0:seed4:frame28,14.0,28,profiled_cz,alpha-stable-impulsive,0.0,47.0,3846,40.052083333333336,41.0609375,0.9666666666666667,9280,1653,31,31,31,4,3,false,false,4,16
red3:lane2:snr14.0:seed4:frame29,14.0,29,profiled_cz,alpha-stable-impulsive,0.0,47.0,3989,41.541666666666664,42.55052083333333,0.9666666666666667,9280,1653,32,32,32,4,1,false,false,4,16
red3:lane2:snr14.0:seed4:frame30,14.0,30,profiled_cz,alpha-stable-impulsive,0.0,47.0,4131,43.020833333333336,44.0296875,0.9666666666666667,9280,1653,33,33,33,4,6,false,false,4,16
red3:lane2:snr14.0:seed4:frame31,14.0,31,profiled_cz,alpha-stable-impulsive,0.0,47.0,4274,44.510416666666664,45.51927083333333,0.9666666666666667,9280,1653,34,34,34,4,152,false,false,4,16
red3:lane2:snr14.0:seed4:frame32,14.0,32,profiled_cz,alpha-stable-impulsive,0.0,47.0,4416,45.989583333333336,46.9984375,0.9666666666666667,9280,1653,35,35,35,4,3,false,false,4,16
red3:lane2:snr16.0:seed4:frame1,16.0,1,cwz_joint,alpha-stable-impulsive,0.0,47.0,1,0.0,1.0088541666666666,0.9666666666666667,9280,1653,4,4,4,4,12,false,false,4,16
red3:lane2:snr16.0:seed4:frame2,16.0,2,cwz_joint,alpha-stable-impulsive,0.0,47.0,143,1.4791666666666667,2.4880208333333336,0.9666666666666667,9280,1653,5,5,5,4,3,false,false,4,16
red3:lane2:snr16.0:seed4:frame3,16.0,3,cwz_joint,alpha-stable-impulsive,0.0,47.0,286,2.96875,3.9776041666666666,0.9666666666666667,9280,1653,6,6,6,4,0,true,false,4,16
red3:lane2:snr16.0:seed4:frame4,16.0,4,cwz_joint,alpha-stable-impulsive,0.0,47.0,428,4.447916666666667,5.456770833333334,0.9666666666666667,9280,1653,7,7,7,4,7,false,false,4,16
red3:lane2:snr16.0:seed4:frame5,16.0,5,cwz_joint,alpha-stable-impulsive,0.0,47.0,571,5.9375,6.946354166666667,0.9666666666666667,9280,1653,8,8,8,4,0,true,false,4,16
red3:lane2:snr16.0:seed4:frame6,16.0,6,cwz_joint,alpha-stable-impulsive,0.0,47.0,713,7.416666666666667,8.425520833333334,0.9666666666666667,9280,1653,9,9,9,4,408,false,false,4,16
red3:lane2:snr16.0:seed4:frame7,16.0,7,cwz_joint,alpha-stable-impulsive,0.0,47.0,856,8.90625,9.915104166666666,0.9666666666666667,9280,1653,10,10,10,4,4,false,false,4,16
red3:lane2:snr16.0:seed4:frame8,16.0,8,cwz_joint,alpha-stable-impulsive,0.0,47.0,998,10.385416666666666,11.394270833333334,0.9666666666666667,9280,1653,11,11,11,4,2,false,false,4,16
red3:lane2:snr16.0:seed4:frame9,16.0,9,cwz_joint,alpha-stable-impulsive,0.0,47.0,1140,11.864583333333334,12.873437500000001,0.9666666666666667,9280,1653,12,12,12,4,0,true,false,4,16
red3:lane2:snr16.0:seed4:frame10,16.0,10,cwz_joint,alpha-stable-impulsive,0.0,47.0,1283,13.354166666666666,14.363020833333334,0.9666666666666667,9280,1653,13,13,13,4,12,false,false,4,16
red3:lane2:snr16.0:seed4:frame11,16.0,11,cwz_joint,alpha-stable-impulsive,0.0,47.0,1425,14.833333333333334,15.842187500000001,0.9666666666666667,9280,1653,14,14,14,4,41,false,false,4,16
red3:lane2:snr16.0:seed4:frame12,16.0,12,cwz_joint,alpha-stable-impulsive,0.0,47.0,1568,16.322916666666668,17.331770833333334,0.9666666666666667,9280,1653,15,15,15,4,584,false,false,4,16
red3:lane2:snr16.0:seed4:frame13,16.0,13,cwz_joint,alpha-stable-impulsive,0.0,47.0,1710,17.802083333333332,18.810937499999998,0.9666666666666667,9280,1653,16,16,16,4,24,false,false,4,16
red3:lane2:snr16.0:seed4:frame14,16.0,14,cwz_joint,alpha-stable-impulsive,0.0,47.0,1852,19.28125,20.290104166666666,0.9666666666666667,9280,1653,17,17,17,4,1,false,false,4,16
red3:lane2:snr16.0:seed4:frame15,16.0,15,cwz_joint,alpha-stable-impulsive,0.0,47.0,1995,20.770833333333332,21.779687499999998,0.9666666666666667,9280,1653,18,18,18,4,11,false,false,4,16
red3:lane2:snr16.0:seed4:frame16,16.0,16,cwz_joint,alpha-stable-impulsive,0.0,47.0,2137,22.25,23.258854166666666,0.9666666666666667,9280,1653,19,19,19,4,23,false,false,4,16
red3:lane2:snr16.0:seed4:frame17,16.0,17,cwz_joint,alpha-stable-impulsive,0.0,47.0,2280,23.739583333333332,24.748437499999998,0.9666666666666667,9280,1653,20,20,20,4,0,true,false,4,16
red3:lane2:snr16.0:seed4:frame18,16.0,18,cwz_joint,alpha-stable-impulsive,0.0,47.0,2422,25.21875,26.227604166666666,0.9666666666666667,9280,1653,21,21,21,4,167,false,false,4,16
red3:lane2:snr16.0:seed4:frame19,16.0,19,cwz_joint,alpha-stable-impulsive,0.0,47.0,2565,26.708333333333332,27.717187499999998,0.9666666666666667,9280,1653,22,22,22,4,0,true,false,4,16
red3:lane2:snr16.0:seed4:frame20,16.0,20,cwz_joint,alpha-stable-impulsive,0.0,47.0,2707,28.1875,29.196354166666666,0.9666666666666667,9280,1653,23,23,23,4,398,false,false,4,16
red3:lane2:snr16.0:seed4:frame21,16.0,21,cwz_joint,alpha-stable-impulsive,0.0,47.0,2849,29.666666666666668,30.675520833333334,0.9666666666666667,9280,1653,24,24,24,4,29,false,false,4,16
red3:lane2:snr16.0:seed4:frame22,16.0,22,cwz_joint,alpha-stable-impulsive,0.0,47.0,2992,31.15625,32.165104166666666,0.9666666666666667,9280,1653,25,25,25,4,0,true,false,4,16
red3:lane2:snr16.0:seed4:frame23,16.0,23,cwz_joint,alpha-stable-impulsive,0.0,47.0,3134,32.635416666666664,33.64427083333333,0.9666666666666667,9280,1653,26,26,26,4,29,false,false,4,16
red3:lane2:snr16.0:seed4:frame24,16.0,24,cwz_joint,alpha-stable-impulsive,0.0,47.0,3277,34.125,35.133854166666666,0.9666666666666667,9280,1653,27,27,27,4,3,false,false,4,16
red3:lane2:snr16.0:seed4:frame25,16.0,25,cwz_joint,alpha-stable-impulsive,0.0,47.0,3419,35.604166666666664,36.61302083333333,0.9666666666666667,9280,1653,28,28,28,4,0,true,false,4,16
red3:lane2:snr16.0:seed4:frame26,16.0,26,cwz_joint,alpha-stable-impulsive,0.0,47.0,3561,37.083333333333336,38.0921875,0.9666666666666667,9280,1653,29,29,29,4,4,false,false,4,16
red3:lane2:snr16.0:seed4:frame27,16.0,27,cwz_joint,alpha-stable-impulsive,0.0,47.0,3704,38.572916666666664,39.58177083333333,0.9666666666666667,9280,1653,30,30,30,4,3,false,false,4,16
red3:lane2:snr16.0:seed4:frame28,16.0,28,cwz_joint,alpha-stable-impulsive,0.0,47.0,3846,40.052083333333336,41.0609375,0.9666666666666667,9280,1653,31,31,31,4,0,true,false,4,16
red3:lane2:snr16.0:seed4:frame29,16.0,29,cwz_joint,alpha-stable-impulsive,0.0,47.0,3989,41.541666666666664,42.55052083333333,0.9666666666666667,9280,1653,32,32,32,4,1,false,false,4,16
red3:lane2:snr16.0:seed4:frame30,16.0,30,cwz_joint,alpha-stable-impulsive,0.0,47.0,4131,43.020833333333336,44.0296875,0.9666666666666667,9280,1653,33,33,33,4,1,false,false,4,16
red3:lane2:snr16.0:seed4:frame31,16.0,31,cwz_joint,alpha-stable-impulsive,0.0,47.0,4274,44.510416666666664,45.51927083333333,0.9666666666666667,9280,1653,34,34,34,4,1,false,false,4,16
red3:lane2:snr16.0:seed4:frame32,16.0,32,cwz_joint,alpha-stable-impulsive,0.0,47.0,4416,45.989583333333336,46.9984375,0.9666666666666667,9280,1653,35,35,35,4,0,true,false,4,16
red3:lane2:snr16.0:seed4:frame1,16.0,1,lite,alpha-stable-impulsive,0.0,47.0,1,0.0,1.0088541666666666,0.9666666666666667,9280,1653,4,4,4,4,12,false,false,4,16
red3:lane2:snr16.0:seed4:frame2,16.0,2,lite,alpha-stable-impulsive,0.0,47.0,143,1.4791666666666667,2.4880208333333336,0.9666666666666667,9280,1653,5,5,5,4,3,false,false,4,16
red3:lane2:snr16.0:seed4:frame3,16.0,3,lite,alpha-stable-impulsive,0.0,47.0,286,2.96875,3.9776041666666666,0.9666666666666667,9280,1653,6,6,6,4,0,true,false,4,16
red3:lane2:snr16.0:seed4:frame4,16.0,4,lite,alpha-stable-impulsive,0.0,47.0,428,4.447916666666667,5.456770833333334,0.9666666666666667,9280,1653,7,7,7,4,7,false,false,4,16
red3:lane2:snr16.0:seed4:frame5,16.0,5,lite,alpha-stable-impulsive,0.0,47.0,571,5.9375,6.946354166666667,0.9666666666666667,9280,1653,8,8,8,4,0,true,false,4,16
red3:lane2:snr16.0:seed4:frame6,16.0,6,lite,alpha-stable-impulsive,0.0,47.0,713,7.416666666666667,8.425520833333334,0.9666666666666667,9280,1653,9,9,9,4,408,false,false,4,16
red3:lane2:snr16.0:seed4:frame7,16.0,7,lite,alpha-stable-impulsive,0.0,47.0,856,8.90625,9.915104166666666,0.9666666666666667,9280,1653,10,10,10,4,4,false,false,4,16
red3:lane2:snr16.0:seed4:frame8,16.0,8,lite,alpha-stable-impulsive,0.0,47.0,998,10.385416666666666,11.394270833333334,0.9666666666666667,9280,1653,11,11,11,4,2,false,false,4,16
red3:lane2:snr16.0:seed4:frame9,16.0,9,lite,alpha-stable-impulsive,0.0,47.0,1140,11.864583333333334,12.873437500000001,0.9666666666666667,9280,1653,12,12,12,4,0,true,false,4,16
red3:lane2:snr16.0:seed4:frame10,16.0,10,lite,alpha-stable-impulsive,0.0,47.0,1283,13.354166666666666,14.363020833333334,0.9666666666666667,9280,1653,13,13,13,4,12,false,false,4,16
red3:lane2:snr16.0:seed4:frame11,16.0,11,lite,alpha-stable-impulsive,0.0,47.0,1425,14.833333333333334,15.842187500000001,0.9666666666666667,9280,1653,14,14,14,4,41,false,false,4,16
red3:lane2:snr16.0:seed4:frame12,16.0,12,lite,alpha-stable-impulsive,0.0,47.0,1568,16.322916666666668,17.331770833333334,0.9666666666666667,9280,1653,15,15,15,4,584,false,false,4,16
red3:lane2:snr16.0:seed4:frame13,16.0,13,lite,alpha-stable-impulsive,0.0,47.0,1710,17.802083333333332,18.810937499999998,0.9666666666666667,9280,1653,16,16,16,4,24,false,false,4,16
red3:lane2:snr16.0:seed4:frame14,16.0,14,lite,alpha-stable-impulsive,0.0,47.0,1852,19.28125,20.290104166666666,0.9666666666666667,9280,1653,17,17,17,4,1,false,false,4,16
red3:lane2:snr16.0:seed4:frame15,16.0,15,lite,alpha-stable-impulsive,0.0,47.0,1995,20.770833333333332,21.779687499999998,0.9666666666666667,9280,1653,18,18,18,4,11,false,false,4,16
red3:lane2:snr16.0:seed4:frame16,16.0,16,lite,alpha-stable-impulsive,0.0,47.0,2137,22.25,23.258854166666666,0.9666666666666667,9280,1653,19,19,19,4,23,false,false,4,16
red3:lane2:snr16.0:seed4:frame17,16.0,17,lite,alpha-stable-impulsive,0.0,47.0,2280,23.739583333333332,24.748437499999998,0.9666666666666667,9280,1653,20,20,20,4,0,true,false,4,16
red3:lane2:snr16.0:seed4:frame18,16.0,18,lite,alpha-stable-impulsive,0.0,47.0,2422,25.21875,26.227604166666666,0.9666666666666667,9280,1653,21,21,21,4,167,false,false,4,16
red3:lane2:snr16.0:seed4:frame19,16.0,19,lite,alpha-stable-impulsive,0.0,47.0,2565,26.708333333333332,27.717187499999998,0.9666666666666667,9280,1653,22,22,22,4,0,true,false,4,16
red3:lane2:snr16.0:seed4:frame20,16.0,20,lite,alpha-stable-impulsive,0.0,47.0,2707,28.1875,29.196354166666666,0.9666666666666667,9280,1653,23,23,23,4,398,false,false,4,16
red3:lane2:snr16.0:seed4:frame21,16.0,21,lite,alpha-stable-impulsive,0.0,47.0,2849,29.666666666666668,30.675520833333334,0.9666666666666667,9280,1653,24,24,24,4,29,false,false,4,16
red3:lane2:snr16.0:seed4:frame22,16.0,22,lite,alpha-stable-impulsive,0.0,47.0,2992,31.15625,32.165104166666666,0.9666666666666667,9280,1653,25,25,25,4,0,true,false,4,16
red3:lane2:snr16.0:seed4:frame23,16.0,23,lite,alpha-stable-impulsive,0.0,47.0,3134,32.635416666666664,33.64427083333333,0.9666666666666667,9280,1653,26,26,26,4,29,false,false,4,16
red3:lane2:snr16.0:seed4:frame24,16.0,24,lite,alpha-stable-impulsive,0.0,47.0,3277,34.125,35.133854166666666,0.9666666666666667,9280,1653,27,27,27,4,3,false,false,4,16
red3:lane2:snr16.0:seed4:frame25,16.0,25,lite,alpha-stable-impulsive,0.0,47.0,3419,35.604166666666664,36.61302083333333,0.9666666666666667,9280,1653,28,28,28,4,0,true,false,4,16
red3:lane2:snr16.0:seed4:frame26,16.0,26,lite,alpha-stable-impulsive,0.0,47.0,3561,37.083333333333336,38.0921875,0.9666666666666667,9280,1653,29,29,29,4,4,false,false,4,16
red3:lane2:snr16.0:seed4:frame27,16.0,27,lite,alpha-stable-impulsive,0.0,47.0,3704,38.572916666666664,39.58177083333333,0.9666666666666667,9280,1653,30,30,30,4,3,false,false,4,16
red3:lane2:snr16.0:seed4:frame28,16.0,28,lite,alpha-stable-impulsive,0.0,47.0,3846,40.052083333333336,41.0609375,0.9666666666666667,9280,1653,31,31,31,4,0,true,false,4,16
red3:lane2:snr16.0:seed4:frame29,16.0,29,lite,alpha-stable-impulsive,0.0,47.0,3989,41.541666666666664,42.55052083333333,0.9666666666666667,9280,1653,32,32,32,4,1,false,false,4,16
red3:lane2:snr16.0:seed4:frame30,16.0,30,lite,alpha-stable-impulsive,0.0,47.0,4131,43.020833333333336,44.0296875,0.9666666666666667,9280,1653,33,33,33,4,1,false,false,4,16
red3:lane2:snr16.0:seed4:frame31,16.0,31,lite,alpha-stable-impulsive,0.0,47.0,4274,44.510416666666664,45.51927083333333,0.9666666666666667,9280,1653,34,34,34,4,1,false,false,4,16
red3:lane2:snr16.0:seed4:frame32,16.0,32,lite,alpha-stable-impulsive,0.0,47.0,4416,45.989583333333336,46.9984375,0.9666666666666667,9280,1653,35,35,35,4,0,true,false,4,16
red3:lane2:snr16.0:seed4:frame1,16.0,1,ofdm_fec,alpha-stable-impulsive,0.0,47.0,1,0.0,1.0088541666666666,0.9666666666666667,9280,1653,4,4,4,4,0,true,false,4,16
red3:lane2:snr16.0:seed4:frame2,16.0,2,ofdm_fec,alpha-stable-impulsive,0.0,47.0,143,1.4791666666666667,2.4880208333333336,0.9666666666666667,9280,1653,5,5,5,4,0,true,false,4,16
red3:lane2:snr16.0:seed4:frame3,16.0,3,ofdm_fec,alpha-stable-impulsive,0.0,47.0,286,2.96875,3.9776041666666666,0.9666666666666667,9280,1653,6,6,6,4,0,true,false,4,16
red3:lane2:snr16.0:seed4:frame4,16.0,4,ofdm_fec,alpha-stable-impulsive,0.0,47.0,428,4.447916666666667,5.456770833333334,0.9666666666666667,9280,1653,7,7,7,4,0,true,false,4,16
red3:lane2:snr16.0:seed4:frame5,16.0,5,ofdm_fec,alpha-stable-impulsive,0.0,47.0,571,5.9375,6.946354166666667,0.9666666666666667,9280,1653,8,8,8,4,0,true,false,4,16
red3:lane2:snr16.0:seed4:frame6,16.0,6,ofdm_fec,alpha-stable-impulsive,0.0,47.0,713,7.416666666666667,8.425520833333334,0.9666666666666667,9280,1653,9,9,9,4,3,false,false,4,16
red3:lane2:snr16.0:seed4:frame7,16.0,7,ofdm_fec,alpha-stable-impulsive,0.0,47.0,856,8.90625,9.915104166666666,0.9666666666666667,9280,1653,10,10,10,4,1,false,false,4,16
red3:lane2:snr16.0:seed4:frame8,16.0,8,ofdm_fec,alpha-stable-impulsive,0.0,47.0,998,10.385416666666666,11.394270833333334,0.9666666666666667,9280,1653,11,11,11,4,0,true,false,4,16
red3:lane2:snr16.0:seed4:frame9,16.0,9,ofdm_fec,alpha-stable-impulsive,0.0,47.0,1140,11.864583333333334,12.873437500000001,0.9666666666666667,9280,1653,12,12,12,4,0,true,false,4,16
red3:lane2:snr16.0:seed4:frame10,16.0,10,ofdm_fec,alpha-stable-impulsive,0.0,47.0,1283,13.354166666666666,14.363020833333334,0.9666666666666667,9280,1653,13,13,13,4,0,true,false,4,16
red3:lane2:snr16.0:seed4:frame11,16.0,11,ofdm_fec,alpha-stable-impulsive,0.0,47.0,1425,14.833333333333334,15.842187500000001,0.9666666666666667,9280,1653,14,14,14,4,2,false,false,4,16
red3:lane2:snr16.0:seed4:frame12,16.0,12,ofdm_fec,alpha-stable-impulsive,0.0,47.0,1568,16.322916666666668,17.331770833333334,0.9666666666666667,9280,1653,15,15,15,4,0,true,false,4,16
red3:lane2:snr16.0:seed4:frame13,16.0,13,ofdm_fec,alpha-stable-impulsive,0.0,47.0,1710,17.802083333333332,18.810937499999998,0.9666666666666667,9280,1653,16,16,16,4,0,true,false,4,16
red3:lane2:snr16.0:seed4:frame14,16.0,14,ofdm_fec,alpha-stable-impulsive,0.0,47.0,1852,19.28125,20.290104166666666,0.9666666666666667,9280,1653,17,17,17,4,1,false,false,4,16
red3:lane2:snr16.0:seed4:frame15,16.0,15,ofdm_fec,alpha-stable-impulsive,0.0,47.0,1995,20.770833333333332,21.779687499999998,0.9666666666666667,9280,1653,18,18,18,4,1,false,false,4,16
red3:lane2:snr16.0:seed4:frame16,16.0,16,ofdm_fec,alpha-stable-impulsive,0.0,47.0,2137,22.25,23.258854166666666,0.9666666666666667,9280,1653,19,19,19,4,0,true,false,4,16
red3:lane2:snr16.0:seed4:frame17,16.0,17,ofdm_fec,alpha-stable-impulsive,0.0,47.0,2280,23.739583333333332,24.748437499999998,0.9666666666666667,9280,1653,20,20,20,4,1,false,false,4,16
red3:lane2:snr16.0:seed4:frame18,16.0,18,ofdm_fec,alpha-stable-impulsive,0.0,47.0,2422,25.21875,26.227604166666666,0.9666666666666667,9280,1653,21,21,21,4,8,false,false,4,16
red3:lane2:snr16.0:seed4:frame19,16.0,19,ofdm_fec,alpha-stable-impulsive,0.0,47.0,2565,26.708333333333332,27.717187499999998,0.9666666666666667,9280,1653,22,22,22,4,0,true,false,4,16
red3:lane2:snr16.0:seed4:frame20,16.0,20,ofdm_fec,alpha-stable-impulsive,0.0,47.0,2707,28.1875,29.196354166666666,0.9666666666666667,9280,1653,23,23,23,4,0,true,false,4,16
red3:lane2:snr16.0:seed4:frame21,16.0,21,ofdm_fec,alpha-stable-impulsive,0.0,47.0,2849,29.666666666666668,30.675520833333334,0.9666666666666667,9280,1653,24,24,24,4,0,true,false,4,16
red3:lane2:snr16.0:seed4:frame22,16.0,22,ofdm_fec,alpha-stable-impulsive,0.0,47.0,2992,31.15625,32.165104166666666,0.9666666666666667,9280,1653,25,25,25,4,0,true,false,4,16
red3:lane2:snr16.0:seed4:frame23,16.0,23,ofdm_fec,alpha-stable-impulsive,0.0,47.0,3134,32.635416666666664,33.64427083333333,0.9666666666666667,9280,1653,26,26,26,4,1,false,false,4,16
red3:lane2:snr16.0:seed4:frame24,16.0,24,ofdm_fec,alpha-stable-impulsive,0.0,47.0,3277,34.125,35.133854166666666,0.9666666666666667,9280,1653,27,27,27,4,0,true,false,4,16
red3:lane2:snr16.0:seed4:frame25,16.0,25,ofdm_fec,alpha-stable-impulsive,0.0,47.0,3419,35.604166666666664,36.61302083333333,0.9666666666666667,9280,1653,28,28,28,4,0,true,false,4,16
red3:lane2:snr16.0:seed4:frame26,16.0,26,ofdm_fec,alpha-stable-impulsive,0.0,47.0,3561,37.083333333333336,38.0921875,0.9666666666666667,9280,1653,29,29,29,4,0,true,false,4,16
red3:lane2:snr16.0:seed4:frame27,16.0,27,ofdm_fec,alpha-stable-impulsive,0.0,47.0,3704,38.572916666666664,39.58177083333333,0.9666666666666667,9280,1653,30,30,30,4,0,true,false,4,16
red3:lane2:snr16.0:seed4:frame28,16.0,28,ofdm_fec,alpha-stable-impulsive,0.0,47.0,3846,40.052083333333336,41.0609375,0.9666666666666667,9280,1653,31,31,31,4,0,true,false,4,16
red3:lane2:snr16.0:seed4:frame29,16.0,29,ofdm_fec,alpha-stable-impulsive,0.0,47.0,3989,41.541666666666664,42.55052083333333,0.9666666666666667,9280,1653,32,32,32,4,0,true,false,4,16
red3:lane2:snr16.0:seed4:frame30,16.0,30,ofdm_fec,alpha-stable-impulsive,0.0,47.0,4131,43.020833333333336,44.0296875,0.9666666666666667,9280,1653,33,33,33,4,0,true,false,4,16
red3:lane2:snr16.0:seed4:frame31,16.0,31,ofdm_fec,alpha-stable-impulsive,0.0,47.0,4274,44.510416666666664,45.51927083333333,0.9666666666666667,9280,1653,34,34,34,4,0,true,false,4,16
red3:lane2:snr16.0:seed4:frame32,16.0,32,ofdm_fec,alpha-stable-impulsive,0.0,47.0,4416,45.989583333333336,46.9984375,0.9666666666666667,9280,1653,35,35,35,4,3,false,false,4,16
red3:lane2:snr16.0:seed4:frame1,16.0,1,pfft,alpha-stable-impulsive,0.0,47.0,1,0.0,1.0088541666666666,0.9666666666666667,9280,1653,4,4,4,4,614,false,false,4,16
red3:lane2:snr16.0:seed4:frame2,16.0,2,pfft,alpha-stable-impulsive,0.0,47.0,143,1.4791666666666667,2.4880208333333336,0.9666666666666667,9280,1653,5,5,5,4,516,false,false,4,16
red3:lane2:snr16.0:seed4:frame3,16.0,3,pfft,alpha-stable-impulsive,0.0,47.0,286,2.96875,3.9776041666666666,0.9666666666666667,9280,1653,6,6,6,4,514,false,false,4,16
red3:lane2:snr16.0:seed4:frame4,16.0,4,pfft,alpha-stable-impulsive,0.0,47.0,428,4.447916666666667,5.456770833333334,0.9666666666666667,9280,1653,7,7,7,4,517,false,false,4,16
red3:lane2:snr16.0:seed4:frame5,16.0,5,pfft,alpha-stable-impulsive,0.0,47.0,571,5.9375,6.946354166666667,0.9666666666666667,9280,1653,8,8,8,4,483,false,false,4,16
red3:lane2:snr16.0:seed4:frame6,16.0,6,pfft,alpha-stable-impulsive,0.0,47.0,713,7.416666666666667,8.425520833333334,0.9666666666666667,9280,1653,9,9,9,4,577,false,false,4,16
red3:lane2:snr16.0:seed4:frame7,16.0,7,pfft,alpha-stable-impulsive,0.0,47.0,856,8.90625,9.915104166666666,0.9666666666666667,9280,1653,10,10,10,4,572,false,false,4,16
red3:lane2:snr16.0:seed4:frame8,16.0,8,pfft,alpha-stable-impulsive,0.0,47.0,998,10.385416666666666,11.394270833333334,0.9666666666666667,9280,1653,11,11,11,4,543,false,false,4,16
red3:lane2:snr16.0:seed4:frame9,16.0,9,pfft,alpha-stable-impulsive,0.0,47.0,1140,11.864583333333334,12.873437500000001,0.9666666666666667,9280,1653,12,12,12,4,457,false,false,4,16
red3:lane2:snr16.0:seed4:frame10,16.0,10,pfft,alpha-stable-impulsive,0.0,47.0,1283,13.354166666666666,14.363020833333334,0.9666666666666667,9280,1653,13,13,13,4,569,false,false,4,16
red3:lane2:snr16.0:seed4:frame11,16.0,11,pfft,alpha-stable-impulsive,0.0,47.0,1425,14.833333333333334,15.842187500000001,0.9666666666666667,9280,1653,14,14,14,4,532,false,false,4,16
red3:lane2:snr16.0:seed4:frame12,16.0,12,pfft,alpha-stable-impulsive,0.0,47.0,1568,16.322916666666668,17.331770833333334,0.9666666666666667,9280,1653,15,15,15,4,584,false,false,4,16
red3:lane2:snr16.0:seed4:frame13,16.0,13,pfft,alpha-stable-impulsive,0.0,47.0,1710,17.802083333333332,18.810937499999998,0.9666666666666667,9280,1653,16,16,16,4,524,false,false,4,16
red3:lane2:snr16.0:seed4:frame14,16.0,14,pfft,alpha-stable-impulsive,0.0,47.0,1852,19.28125,20.290104166666666,0.9666666666666667,9280,1653,17,17,17,4,485,false,false,4,16
red3:lane2:snr16.0:seed4:frame15,16.0,15,pfft,alpha-stable-impulsive,0.0,47.0,1995,20.770833333333332,21.779687499999998,0.9666666666666667,9280,1653,18,18,18,4,491,false,false,4,16
red3:lane2:snr16.0:seed4:frame16,16.0,16,pfft,alpha-stable-impulsive,0.0,47.0,2137,22.25,23.258854166666666,0.9666666666666667,9280,1653,19,19,19,4,558,false,false,4,16
red3:lane2:snr16.0:seed4:frame17,16.0,17,pfft,alpha-stable-impulsive,0.0,47.0,2280,23.739583333333332,24.748437499999998,0.9666666666666667,9280,1653,20,20,20,4,510,false,false,4,16
red3:lane2:snr16.0:seed4:frame18,16.0,18,pfft,alpha-stable-impulsive,0.0,47.0,2422,25.21875,26.227604166666666,0.9666666666666667,9280,1653,21,21,21,4,578,false,false,4,16
red3:lane2:snr16.0:seed4:frame19,16.0,19,pfft,alpha-stable-impulsive,0.0,47.0,2565,26.708333333333332,27.717187499999998,0.9666666666666667,9280,1653,22,22,22,4,467,false,false,4,16
red3:lane2:snr16.0:seed4:frame20,16.0,20,pfft,alpha-stable-impulsive,0.0,47.0,2707,28.1875,29.196354166666666,0.9666666666666667,9280,1653,23,23,23,4,575,false,false,4,16
red3:lane2:snr16.0:seed4:frame21,16.0,21,pfft,alpha-stable-impulsive,0.0,47.0,2849,29.666666666666668,30.675520833333334,0.9666666666666667,9280,1653,24,24,24,4,539,false,false,4,16
red3:lane2:snr16.0:seed4:frame22,16.0,22,pfft,alpha-stable-impulsive,0.0,47.0,2992,31.15625,32.165104166666666,0.9666666666666667,9280,1653,25,25,25,4,456,false,false,4,16
red3:lane2:snr16.0:seed4:frame23,16.0,23,pfft,alpha-stable-impulsive,0.0,47.0,3134,32.635416666666664,33.64427083333333,0.9666666666666667,9280,1653,26,26,26,4,513,false,false,4,16
red3:lane2:snr16.0:seed4:frame24,16.0,24,pfft,alpha-stable-impulsive,0.0,47.0,3277,34.125,35.133854166666666,0.9666666666666667,9280,1653,27,27,27,4,549,false,false,4,16
red3:lane2:snr16.0:seed4:frame25,16.0,25,pfft,alpha-stable-impulsive,0.0,47.0,3419,35.604166666666664,36.61302083333333,0.9666666666666667,9280,1653,28,28,28,4,350,false,false,4,16
red3:lane2:snr16.0:seed4:frame26,16.0,26,pfft,alpha-stable-impulsive,0.0,47.0,3561,37.083333333333336,38.0921875,0.9666666666666667,9280,1653,29,29,29,4,501,false,false,4,16
red3:lane2:snr16.0:seed4:frame27,16.0,27,pfft,alpha-stable-impulsive,0.0,47.0,3704,38.572916666666664,39.58177083333333,0.9666666666666667,9280,1653,30,30,30,4,578,false,false,4,16
red3:lane2:snr16.0:seed4:frame28,16.0,28,pfft,alpha-stable-impulsive,0.0,47.0,3846,40.052083333333336,41.0609375,0.9666666666666667,9280,1653,31,31,31,4,502,false,false,4,16
red3:lane2:snr16.0:seed4:frame29,16.0,29,pfft,alpha-stable-impulsive,0.0,47.0,3989,41.541666666666664,42.55052083333333,0.9666666666666667,9280,1653,32,32,32,4,492,false,false,4,16
red3:lane2:snr16.0:seed4:frame30,16.0,30,pfft,alpha-stable-impulsive,0.0,47.0,4131,43.020833333333336,44.0296875,0.9666666666666667,9280,1653,33,33,33,4,510,false,false,4,16
red3:lane2:snr16.0:seed4:frame31,16.0,31,pfft,alpha-stable-impulsive,0.0,47.0,4274,44.510416666666664,45.51927083333333,0.9666666666666667,9280,1653,34,34,34,4,516,false,false,4,16
red3:lane2:snr16.0:seed4:frame32,16.0,32,pfft,alpha-stable-impulsive,0.0,47.0,4416,45.989583333333336,46.9984375,0.9666666666666667,9280,1653,35,35,35,4,505,false,false,4,16
red3:lane2:snr16.0:seed4:frame1,16.0,1,profiled_cz,alpha-stable-impulsive,0.0,47.0,1,0.0,1.0088541666666666,0.9666666666666667,9280,1653,4,4,4,4,12,false,false,4,16
red3:lane2:snr16.0:seed4:frame2,16.0,2,profiled_cz,alpha-stable-impulsive,0.0,47.0,143,1.4791666666666667,2.4880208333333336,0.9666666666666667,9280,1653,5,5,5,4,3,false,false,4,16
red3:lane2:snr16.0:seed4:frame3,16.0,3,profiled_cz,alpha-stable-impulsive,0.0,47.0,286,2.96875,3.9776041666666666,0.9666666666666667,9280,1653,6,6,6,4,0,true,false,4,16
red3:lane2:snr16.0:seed4:frame4,16.0,4,profiled_cz,alpha-stable-impulsive,0.0,47.0,428,4.447916666666667,5.456770833333334,0.9666666666666667,9280,1653,7,7,7,4,7,false,false,4,16
red3:lane2:snr16.0:seed4:frame5,16.0,5,profiled_cz,alpha-stable-impulsive,0.0,47.0,571,5.9375,6.946354166666667,0.9666666666666667,9280,1653,8,8,8,4,0,true,false,4,16
red3:lane2:snr16.0:seed4:frame6,16.0,6,profiled_cz,alpha-stable-impulsive,0.0,47.0,713,7.416666666666667,8.425520833333334,0.9666666666666667,9280,1653,9,9,9,4,408,false,false,4,16
red3:lane2:snr16.0:seed4:frame7,16.0,7,profiled_cz,alpha-stable-impulsive,0.0,47.0,856,8.90625,9.915104166666666,0.9666666666666667,9280,1653,10,10,10,4,4,false,false,4,16
red3:lane2:snr16.0:seed4:frame8,16.0,8,profiled_cz,alpha-stable-impulsive,0.0,47.0,998,10.385416666666666,11.394270833333334,0.9666666666666667,9280,1653,11,11,11,4,2,false,false,4,16
red3:lane2:snr16.0:seed4:frame9,16.0,9,profiled_cz,alpha-stable-impulsive,0.0,47.0,1140,11.864583333333334,12.873437500000001,0.9666666666666667,9280,1653,12,12,12,4,0,true,false,4,16
red3:lane2:snr16.0:seed4:frame10,16.0,10,profiled_cz,alpha-stable-impulsive,0.0,47.0,1283,13.354166666666666,14.363020833333334,0.9666666666666667,9280,1653,13,13,13,4,12,false,false,4,16
red3:lane2:snr16.0:seed4:frame11,16.0,11,profiled_cz,alpha-stable-impulsive,0.0,47.0,1425,14.833333333333334,15.842187500000001,0.9666666666666667,9280,1653,14,14,14,4,41,false,false,4,16
red3:lane2:snr16.0:seed4:frame12,16.0,12,profiled_cz,alpha-stable-impulsive,0.0,47.0,1568,16.322916666666668,17.331770833333334,0.9666666666666667,9280,1653,15,15,15,4,584,false,false,4,16
red3:lane2:snr16.0:seed4:frame13,16.0,13,profiled_cz,alpha-stable-impulsive,0.0,47.0,1710,17.802083333333332,18.810937499999998,0.9666666666666667,9280,1653,16,16,16,4,24,false,false,4,16
red3:lane2:snr16.0:seed4:frame14,16.0,14,profiled_cz,alpha-stable-impulsive,0.0,47.0,1852,19.28125,20.290104166666666,0.9666666666666667,9280,1653,17,17,17,4,1,false,false,4,16
red3:lane2:snr16.0:seed4:frame15,16.0,15,profiled_cz,alpha-stable-impulsive,0.0,47.0,1995,20.770833333333332,21.779687499999998,0.9666666666666667,9280,1653,18,18,18,4,11,false,false,4,16
red3:lane2:snr16.0:seed4:frame16,16.0,16,profiled_cz,alpha-stable-impulsive,0.0,47.0,2137,22.25,23.258854166666666,0.9666666666666667,9280,1653,19,19,19,4,23,false,false,4,16
red3:lane2:snr16.0:seed4:frame17,16.0,17,profiled_cz,alpha-stable-impulsive,0.0,47.0,2280,23.739583333333332,24.748437499999998,0.9666666666666667,9280,1653,20,20,20,4,0,true,false,4,16
red3:lane2:snr16.0:seed4:frame18,16.0,18,profiled_cz,alpha-stable-impulsive,0.0,47.0,2422,25.21875,26.227604166666666,0.9666666666666667,9280,1653,21,21,21,4,167,false,false,4,16
red3:lane2:snr16.0:seed4:frame19,16.0,19,profiled_cz,alpha-stable-impulsive,0.0,47.0,2565,26.708333333333332,27.717187499999998,0.9666666666666667,9280,1653,22,22,22,4,0,true,false,4,16
red3:lane2:snr16.0:seed4:frame20,16.0,20,profiled_cz,alpha-stable-impulsive,0.0,47.0,2707,28.1875,29.196354166666666,0.9666666666666667,9280,1653,23,23,23,4,398,false,false,4,16
red3:lane2:snr16.0:seed4:frame21,16.0,21,profiled_cz,alpha-stable-impulsive,0.0,47.0,2849,29.666666666666668,30.675520833333334,0.9666666666666667,9280,1653,24,24,24,4,29,false,false,4,16
red3:lane2:snr16.0:seed4:frame22,16.0,22,profiled_cz,alpha-stable-impulsive,0.0,47.0,2992,31.15625,32.165104166666666,0.9666666666666667,9280,1653,25,25,25,4,0,true,false,4,16
red3:lane2:snr16.0:seed4:frame23,16.0,23,profiled_cz,alpha-stable-impulsive,0.0,47.0,3134,32.635416666666664,33.64427083333333,0.9666666666666667,9280,1653,26,26,26,4,29,false,false,4,16
red3:lane2:snr16.0:seed4:frame24,16.0,24,profiled_cz,alpha-stable-impulsive,0.0,47.0,3277,34.125,35.133854166666666,0.9666666666666667,9280,1653,27,27,27,4,3,false,false,4,16
red3:lane2:snr16.0:seed4:frame25,16.0,25,profiled_cz,alpha-stable-impulsive,0.0,47.0,3419,35.604166666666664,36.61302083333333,0.9666666666666667,9280,1653,28,28,28,4,0,true,false,4,16
red3:lane2:snr16.0:seed4:frame26,16.0,26,profiled_cz,alpha-stable-impulsive,0.0,47.0,3561,37.083333333333336,38.0921875,0.9666666666666667,9280,1653,29,29,29,4,4,false,false,4,16
red3:lane2:snr16.0:seed4:frame27,16.0,27,profiled_cz,alpha-stable-impulsive,0.0,47.0,3704,38.572916666666664,39.58177083333333,0.9666666666666667,9280,1653,30,30,30,4,3,false,false,4,16
red3:lane2:snr16.0:seed4:frame28,16.0,28,profiled_cz,alpha-stable-impulsive,0.0,47.0,3846,40.052083333333336,41.0609375,0.9666666666666667,9280,1653,31,31,31,4,0,true,false,4,16
red3:lane2:snr16.0:seed4:frame29,16.0,29,profiled_cz,alpha-stable-impulsive,0.0,47.0,3989,41.541666666666664,42.55052083333333,0.9666666666666667,9280,1653,32,32,32,4,1,false,false,4,16
red3:lane2:snr16.0:seed4:frame30,16.0,30,profiled_cz,alpha-stable-impulsive,0.0,47.0,4131,43.020833333333336,44.0296875,0.9666666666666667,9280,1653,33,33,33,4,1,false,false,4,16
red3:lane2:snr16.0:seed4:frame31,16.0,31,profiled_cz,alpha-stable-impulsive,0.0,47.0,4274,44.510416666666664,45.51927083333333,0.9666666666666667,9280,1653,34,34,34,4,1,false,false,4,16
red3:lane2:snr16.0:seed4:frame32,16.0,32,profiled_cz,alpha-stable-impulsive,0.0,47.0,4416,45.989583333333336,46.9984375,0.9666666666666667,9280,1653,35,35,35,4,0,true,false,4,16
red3:lane2:snr18.0:seed4:frame1,18.0,1,cwz_joint,alpha-stable-impulsive,0.0,47.0,1,0.0,1.0088541666666666,0.9666666666666667,9280,1653,4,4,4,4,4,false,false,4,16
red3:lane2:snr18.0:seed4:frame2,18.0,2,cwz_joint,alpha-stable-impulsive,0.0,47.0,143,1.4791666666666667,2.4880208333333336,0.9666666666666667,9280,1653,5,5,5,4,1,false,false,4,16
red3:lane2:snr18.0:seed4:frame3,18.0,3,cwz_joint,alpha-stable-impulsive,0.0,47.0,286,2.96875,3.9776041666666666,0.9666666666666667,9280,1653,6,6,6,4,0,true,false,4,16
red3:lane2:snr18.0:seed4:frame4,18.0,4,cwz_joint,alpha-stable-impulsive,0.0,47.0,428,4.447916666666667,5.456770833333334,0.9666666666666667,9280,1653,7,7,7,4,5,false,false,4,16
red3:lane2:snr18.0:seed4:frame5,18.0,5,cwz_joint,alpha-stable-impulsive,0.0,47.0,571,5.9375,6.946354166666667,0.9666666666666667,9280,1653,8,8,8,4,0,true,false,4,16
red3:lane2:snr18.0:seed4:frame6,18.0,6,cwz_joint,alpha-stable-impulsive,0.0,47.0,713,7.416666666666667,8.425520833333334,0.9666666666666667,9280,1653,9,9,9,4,324,false,false,4,16
red3:lane2:snr18.0:seed4:frame7,18.0,7,cwz_joint,alpha-stable-impulsive,0.0,47.0,856,8.90625,9.915104166666666,0.9666666666666667,9280,1653,10,10,10,4,1,false,false,4,16
red3:lane2:snr18.0:seed4:frame8,18.0,8,cwz_joint,alpha-stable-impulsive,0.0,47.0,998,10.385416666666666,11.394270833333334,0.9666666666666667,9280,1653,11,11,11,4,0,true,false,4,16
red3:lane2:snr18.0:seed4:frame9,18.0,9,cwz_joint,alpha-stable-impulsive,0.0,47.0,1140,11.864583333333334,12.873437500000001,0.9666666666666667,9280,1653,12,12,12,4,0,true,false,4,16
red3:lane2:snr18.0:seed4:frame10,18.0,10,cwz_joint,alpha-stable-impulsive,0.0,47.0,1283,13.354166666666666,14.363020833333334,0.9666666666666667,9280,1653,13,13,13,4,5,false,false,4,16
red3:lane2:snr18.0:seed4:frame11,18.0,11,cwz_joint,alpha-stable-impulsive,0.0,47.0,1425,14.833333333333334,15.842187500000001,0.9666666666666667,9280,1653,14,14,14,4,28,false,false,4,16
red3:lane2:snr18.0:seed4:frame12,18.0,12,cwz_joint,alpha-stable-impulsive,0.0,47.0,1568,16.322916666666668,17.331770833333334,0.9666666666666667,9280,1653,15,15,15,4,4,false,false,4,16
red3:lane2:snr18.0:seed4:frame13,18.0,13,cwz_joint,alpha-stable-impulsive,0.0,47.0,1710,17.802083333333332,18.810937499999998,0.9666666666666667,9280,1653,16,16,16,4,4,false,false,4,16
red3:lane2:snr18.0:seed4:frame14,18.0,14,cwz_joint,alpha-stable-impulsive,0.0,47.0,1852,19.28125,20.290104166666666,0.9666666666666667,9280,1653,17,17,17,4,1,false,false,4,16
red3:lane2:snr18.0:seed4:frame15,18.0,15,cwz_joint,alpha-stable-impulsive,0.0,47.0,1995,20.770833333333332,21.779687499999998,0.9666666666666667,9280,1653,18,18,18,4,1,false,false,4,16
red3:lane2:snr18.0:seed4:frame16,18.0,16,cwz_joint,alpha-stable-impulsive,0.0,47.0,2137,22.25,23.258854166666666,0.9666666666666667,9280,1653,19,19,19,4,4,false,false,4,16
red3:lane2:snr18.0:seed4:frame17,18.0,17,cwz_joint,alpha-stable-impulsive,0.0,47.0,2280,23.739583333333332,24.748437499999998,0.9666666666666667,9280,1653,20,20,20,4,0,true,false,4,16
red3:lane2:snr18.0:seed4:frame18,18.0,18,cwz_joint,alpha-stable-impulsive,0.0,47.0,2422,25.21875,26.227604166666666,0.9666666666666667,9280,1653,21,21,21,4,9,false,false,4,16
red3:lane2:snr18.0:seed4:frame19,18.0,19,cwz_joint,alpha-stable-impulsive,0.0,47.0,2565,26.708333333333332,27.717187499999998,0.9666666666666667,9280,1653,22,22,22,4,0,true,false,4,16
red3:lane2:snr18.0:seed4:frame20,18.0,20,cwz_joint,alpha-stable-impulsive,0.0,47.0,2707,28.1875,29.196354166666666,0.9666666666666667,9280,1653,23,23,23,4,422,false,false,4,16
red3:lane2:snr18.0:seed4:frame21,18.0,21,cwz_joint,alpha-stable-impulsive,0.0,47.0,2849,29.666666666666668,30.675520833333334,0.9666666666666667,9280,1653,24,24,24,4,0,true,false,4,16
red3:lane2:snr18.0:seed4:frame22,18.0,22,cwz_joint,alpha-stable-impulsive,0.0,47.0,2992,31.15625,32.165104166666666,0.9666666666666667,9280,1653,25,25,25,4,0,true,false,4,16
red3:lane2:snr18.0:seed4:frame23,18.0,23,cwz_joint,alpha-stable-impulsive,0.0,47.0,3134,32.635416666666664,33.64427083333333,0.9666666666666667,9280,1653,26,26,26,4,1,false,false,4,16
red3:lane2:snr18.0:seed4:frame24,18.0,24,cwz_joint,alpha-stable-impulsive,0.0,47.0,3277,34.125,35.133854166666666,0.9666666666666667,9280,1653,27,27,27,4,1,false,false,4,16
red3:lane2:snr18.0:seed4:frame25,18.0,25,cwz_joint,alpha-stable-impulsive,0.0,47.0,3419,35.604166666666664,36.61302083333333,0.9666666666666667,9280,1653,28,28,28,4,0,true,false,4,16
red3:lane2:snr18.0:seed4:frame26,18.0,26,cwz_joint,alpha-stable-impulsive,0.0,47.0,3561,37.083333333333336,38.0921875,0.9666666666666667,9280,1653,29,29,29,4,0,true,false,4,16
red3:lane2:snr18.0:seed4:frame27,18.0,27,cwz_joint,alpha-stable-impulsive,0.0,47.0,3704,38.572916666666664,39.58177083333333,0.9666666666666667,9280,1653,30,30,30,4,2,false,false,4,16
red3:lane2:snr18.0:seed4:frame28,18.0,28,cwz_joint,alpha-stable-impulsive,0.0,47.0,3846,40.052083333333336,41.0609375,0.9666666666666667,9280,1653,31,31,31,4,0,true,false,4,16
red3:lane2:snr18.0:seed4:frame29,18.0,29,cwz_joint,alpha-stable-impulsive,0.0,47.0,3989,41.541666666666664,42.55052083333333,0.9666666666666667,9280,1653,32,32,32,4,1,false,false,4,16
red3:lane2:snr18.0:seed4:frame30,18.0,30,cwz_joint,alpha-stable-impulsive,0.0,47.0,4131,43.020833333333336,44.0296875,0.9666666666666667,9280,1653,33,33,33,4,0,true,false,4,16
red3:lane2:snr18.0:seed4:frame31,18.0,31,cwz_joint,alpha-stable-impulsive,0.0,47.0,4274,44.510416666666664,45.51927083333333,0.9666666666666667,9280,1653,34,34,34,4,0,true,false,4,16
red3:lane2:snr18.0:seed4:frame32,18.0,32,cwz_joint,alpha-stable-impulsive,0.0,47.0,4416,45.989583333333336,46.9984375,0.9666666666666667,9280,1653,35,35,35,4,0,true,false,4,16
red3:lane2:snr18.0:seed4:frame1,18.0,1,lite,alpha-stable-impulsive,0.0,47.0,1,0.0,1.0088541666666666,0.9666666666666667,9280,1653,4,4,4,4,4,false,false,4,16
red3:lane2:snr18.0:seed4:frame2,18.0,2,lite,alpha-stable-impulsive,0.0,47.0,143,1.4791666666666667,2.4880208333333336,0.9666666666666667,9280,1653,5,5,5,4,1,false,false,4,16
red3:lane2:snr18.0:seed4:frame3,18.0,3,lite,alpha-stable-impulsive,0.0,47.0,286,2.96875,3.9776041666666666,0.9666666666666667,9280,1653,6,6,6,4,0,true,false,4,16
red3:lane2:snr18.0:seed4:frame4,18.0,4,lite,alpha-stable-impulsive,0.0,47.0,428,4.447916666666667,5.456770833333334,0.9666666666666667,9280,1653,7,7,7,4,5,false,false,4,16
red3:lane2:snr18.0:seed4:frame5,18.0,5,lite,alpha-stable-impulsive,0.0,47.0,571,5.9375,6.946354166666667,0.9666666666666667,9280,1653,8,8,8,4,0,true,false,4,16
red3:lane2:snr18.0:seed4:frame6,18.0,6,lite,alpha-stable-impulsive,0.0,47.0,713,7.416666666666667,8.425520833333334,0.9666666666666667,9280,1653,9,9,9,4,324,false,false,4,16
red3:lane2:snr18.0:seed4:frame7,18.0,7,lite,alpha-stable-impulsive,0.0,47.0,856,8.90625,9.915104166666666,0.9666666666666667,9280,1653,10,10,10,4,1,false,false,4,16
red3:lane2:snr18.0:seed4:frame8,18.0,8,lite,alpha-stable-impulsive,0.0,47.0,998,10.385416666666666,11.394270833333334,0.9666666666666667,9280,1653,11,11,11,4,0,true,false,4,16
red3:lane2:snr18.0:seed4:frame9,18.0,9,lite,alpha-stable-impulsive,0.0,47.0,1140,11.864583333333334,12.873437500000001,0.9666666666666667,9280,1653,12,12,12,4,0,true,false,4,16
red3:lane2:snr18.0:seed4:frame10,18.0,10,lite,alpha-stable-impulsive,0.0,47.0,1283,13.354166666666666,14.363020833333334,0.9666666666666667,9280,1653,13,13,13,4,5,false,false,4,16
red3:lane2:snr18.0:seed4:frame11,18.0,11,lite,alpha-stable-impulsive,0.0,47.0,1425,14.833333333333334,15.842187500000001,0.9666666666666667,9280,1653,14,14,14,4,28,false,false,4,16
red3:lane2:snr18.0:seed4:frame12,18.0,12,lite,alpha-stable-impulsive,0.0,47.0,1568,16.322916666666668,17.331770833333334,0.9666666666666667,9280,1653,15,15,15,4,4,false,false,4,16
red3:lane2:snr18.0:seed4:frame13,18.0,13,lite,alpha-stable-impulsive,0.0,47.0,1710,17.802083333333332,18.810937499999998,0.9666666666666667,9280,1653,16,16,16,4,4,false,false,4,16
red3:lane2:snr18.0:seed4:frame14,18.0,14,lite,alpha-stable-impulsive,0.0,47.0,1852,19.28125,20.290104166666666,0.9666666666666667,9280,1653,17,17,17,4,1,false,false,4,16
red3:lane2:snr18.0:seed4:frame15,18.0,15,lite,alpha-stable-impulsive,0.0,47.0,1995,20.770833333333332,21.779687499999998,0.9666666666666667,9280,1653,18,18,18,4,1,false,false,4,16
red3:lane2:snr18.0:seed4:frame16,18.0,16,lite,alpha-stable-impulsive,0.0,47.0,2137,22.25,23.258854166666666,0.9666666666666667,9280,1653,19,19,19,4,4,false,false,4,16
red3:lane2:snr18.0:seed4:frame17,18.0,17,lite,alpha-stable-impulsive,0.0,47.0,2280,23.739583333333332,24.748437499999998,0.9666666666666667,9280,1653,20,20,20,4,0,true,false,4,16
red3:lane2:snr18.0:seed4:frame18,18.0,18,lite,alpha-stable-impulsive,0.0,47.0,2422,25.21875,26.227604166666666,0.9666666666666667,9280,1653,21,21,21,4,9,false,false,4,16
red3:lane2:snr18.0:seed4:frame19,18.0,19,lite,alpha-stable-impulsive,0.0,47.0,2565,26.708333333333332,27.717187499999998,0.9666666666666667,9280,1653,22,22,22,4,0,true,false,4,16
red3:lane2:snr18.0:seed4:frame20,18.0,20,lite,alpha-stable-impulsive,0.0,47.0,2707,28.1875,29.196354166666666,0.9666666666666667,9280,1653,23,23,23,4,422,false,false,4,16
red3:lane2:snr18.0:seed4:frame21,18.0,21,lite,alpha-stable-impulsive,0.0,47.0,2849,29.666666666666668,30.675520833333334,0.9666666666666667,9280,1653,24,24,24,4,0,true,false,4,16
red3:lane2:snr18.0:seed4:frame22,18.0,22,lite,alpha-stable-impulsive,0.0,47.0,2992,31.15625,32.165104166666666,0.9666666666666667,9280,1653,25,25,25,4,0,true,false,4,16
red3:lane2:snr18.0:seed4:frame23,18.0,23,lite,alpha-stable-impulsive,0.0,47.0,3134,32.635416666666664,33.64427083333333,0.9666666666666667,9280,1653,26,26,26,4,1,false,false,4,16
red3:lane2:snr18.0:seed4:frame24,18.0,24,lite,alpha-stable-impulsive,0.0,47.0,3277,34.125,35.133854166666666,0.9666666666666667,9280,1653,27,27,27,4,1,false,false,4,16
red3:lane2:snr18.0:seed4:frame25,18.0,25,lite,alpha-stable-impulsive,0.0,47.0,3419,35.604166666666664,36.61302083333333,0.9666666666666667,9280,1653,28,28,28,4,0,true,false,4,16
red3:lane2:snr18.0:seed4:frame26,18.0,26,lite,alpha-stable-impulsive,0.0,47.0,3561,37.083333333333336,38.0921875,0.9666666666666667,9280,1653,29,29,29,4,0,true,false,4,16
red3:lane2:snr18.0:seed4:frame27,18.0,27,lite,alpha-stable-impulsive,0.0,47.0,3704,38.572916666666664,39.58177083333333,0.9666666666666667,9280,1653,30,30,30,4,2,false,false,4,16
red3:lane2:snr18.0:seed4:frame28,18.0,28,lite,alpha-stable-impulsive,0.0,47.0,3846,40.052083333333336,41.0609375,0.9666666666666667,9280,1653,31,31,31,4,0,true,false,4,16
red3:lane2:snr18.0:seed4:frame29,18.0,29,lite,alpha-stable-impulsive,0.0,47.0,3989,41.541666666666664,42.55052083333333,0.9666666666666667,9280,1653,32,32,32,4,1,false,false,4,16
red3:lane2:snr18.0:seed4:frame30,18.0,30,lite,alpha-stable-impulsive,0.0,47.0,4131,43.020833333333336,44.0296875,0.9666666666666667,9280,1653,33,33,33,4,0,true,false,4,16
red3:lane2:snr18.0:seed4:frame31,18.0,31,lite,alpha-stable-impulsive,0.0,47.0,4274,44.510416666666664,45.51927083333333,0.9666666666666667,9280,1653,34,34,34,4,0,true,false,4,16
red3:lane2:snr18.0:seed4:frame32,18.0,32,lite,alpha-stable-impulsive,0.0,47.0,4416,45.989583333333336,46.9984375,0.9666666666666667,9280,1653,35,35,35,4,0,true,false,4,16
red3:lane2:snr18.0:seed4:frame1,18.0,1,ofdm_fec,alpha-stable-impulsive,0.0,47.0,1,0.0,1.0088541666666666,0.9666666666666667,9280,1653,4,4,4,4,0,true,false,4,16
red3:lane2:snr18.0:seed4:frame2,18.0,2,ofdm_fec,alpha-stable-impulsive,0.0,47.0,143,1.4791666666666667,2.4880208333333336,0.9666666666666667,9280,1653,5,5,5,4,0,true,false,4,16
red3:lane2:snr18.0:seed4:frame3,18.0,3,ofdm_fec,alpha-stable-impulsive,0.0,47.0,286,2.96875,3.9776041666666666,0.9666666666666667,9280,1653,6,6,6,4,0,true,false,4,16
red3:lane2:snr18.0:seed4:frame4,18.0,4,ofdm_fec,alpha-stable-impulsive,0.0,47.0,428,4.447916666666667,5.456770833333334,0.9666666666666667,9280,1653,7,7,7,4,0,true,false,4,16
red3:lane2:snr18.0:seed4:frame5,18.0,5,ofdm_fec,alpha-stable-impulsive,0.0,47.0,571,5.9375,6.946354166666667,0.9666666666666667,9280,1653,8,8,8,4,0,true,false,4,16
red3:lane2:snr18.0:seed4:frame6,18.0,6,ofdm_fec,alpha-stable-impulsive,0.0,47.0,713,7.416666666666667,8.425520833333334,0.9666666666666667,9280,1653,9,9,9,4,0,true,false,4,16
red3:lane2:snr18.0:seed4:frame7,18.0,7,ofdm_fec,alpha-stable-impulsive,0.0,47.0,856,8.90625,9.915104166666666,0.9666666666666667,9280,1653,10,10,10,4,0,true,false,4,16
red3:lane2:snr18.0:seed4:frame8,18.0,8,ofdm_fec,alpha-stable-impulsive,0.0,47.0,998,10.385416666666666,11.394270833333334,0.9666666666666667,9280,1653,11,11,11,4,0,true,false,4,16
red3:lane2:snr18.0:seed4:frame9,18.0,9,ofdm_fec,alpha-stable-impulsive,0.0,47.0,1140,11.864583333333334,12.873437500000001,0.9666666666666667,9280,1653,12,12,12,4,0,true,false,4,16
red3:lane2:snr18.0:seed4:frame10,18.0,10,ofdm_fec,alpha-stable-impulsive,0.0,47.0,1283,13.354166666666666,14.363020833333334,0.9666666666666667,9280,1653,13,13,13,4,0,true,false,4,16
red3:lane2:snr18.0:seed4:frame11,18.0,11,ofdm_fec,alpha-stable-impulsive,0.0,47.0,1425,14.833333333333334,15.842187500000001,0.9666666666666667,9280,1653,14,14,14,4,2,false,false,4,16
red3:lane2:snr18.0:seed4:frame12,18.0,12,ofdm_fec,alpha-stable-impulsive,0.0,47.0,1568,16.322916666666668,17.331770833333334,0.9666666666666667,9280,1653,15,15,15,4,0,true,false,4,16
red3:lane2:snr18.0:seed4:frame13,18.0,13,ofdm_fec,alpha-stable-impulsive,0.0,47.0,1710,17.802083333333332,18.810937499999998,0.9666666666666667,9280,1653,16,16,16,4,0,true,false,4,16
red3:lane2:snr18.0:seed4:frame14,18.0,14,ofdm_fec,alpha-stable-impulsive,0.0,47.0,1852,19.28125,20.290104166666666,0.9666666666666667,9280,1653,17,17,17,4,1,false,false,4,16
red3:lane2:snr18.0:seed4:frame15,18.0,15,ofdm_fec,alpha-stable-impulsive,0.0,47.0,1995,20.770833333333332,21.779687499999998,0.9666666666666667,9280,1653,18,18,18,4,0,true,false,4,16
red3:lane2:snr18.0:seed4:frame16,18.0,16,ofdm_fec,alpha-stable-impulsive,0.0,47.0,2137,22.25,23.258854166666666,0.9666666666666667,9280,1653,19,19,19,4,0,true,false,4,16
red3:lane2:snr18.0:seed4:frame17,18.0,17,ofdm_fec,alpha-stable-impulsive,0.0,47.0,2280,23.739583333333332,24.748437499999998,0.9666666666666667,9280,1653,20,20,20,4,0,true,false,4,16
red3:lane2:snr18.0:seed4:frame18,18.0,18,ofdm_fec,alpha-stable-impulsive,0.0,47.0,2422,25.21875,26.227604166666666,0.9666666666666667,9280,1653,21,21,21,4,0,true,false,4,16
red3:lane2:snr18.0:seed4:frame19,18.0,19,ofdm_fec,alpha-stable-impulsive,0.0,47.0,2565,26.708333333333332,27.717187499999998,0.9666666666666667,9280,1653,22,22,22,4,0,true,false,4,16
red3:lane2:snr18.0:seed4:frame20,18.0,20,ofdm_fec,alpha-stable-impulsive,0.0,47.0,2707,28.1875,29.196354166666666,0.9666666666666667,9280,1653,23,23,23,4,0,true,false,4,16
red3:lane2:snr18.0:seed4:frame21,18.0,21,ofdm_fec,alpha-stable-impulsive,0.0,47.0,2849,29.666666666666668,30.675520833333334,0.9666666666666667,9280,1653,24,24,24,4,0,true,false,4,16
red3:lane2:snr18.0:seed4:frame22,18.0,22,ofdm_fec,alpha-stable-impulsive,0.0,47.0,2992,31.15625,32.165104166666666,0.9666666666666667,9280,1653,25,25,25,4,0,true,false,4,16
red3:lane2:snr18.0:seed4:frame23,18.0,23,ofdm_fec,alpha-stable-impulsive,0.0,47.0,3134,32.635416666666664,33.64427083333333,0.9666666666666667,9280,1653,26,26,26,4,0,true,false,4,16
red3:lane2:snr18.0:seed4:frame24,18.0,24,ofdm_fec,alpha-stable-impulsive,0.0,47.0,3277,34.125,35.133854166666666,0.9666666666666667,9280,1653,27,27,27,4,0,true,false,4,16
red3:lane2:snr18.0:seed4:frame25,18.0,25,ofdm_fec,alpha-stable-impulsive,0.0,47.0,3419,35.604166666666664,36.61302083333333,0.9666666666666667,9280,1653,28,28,28,4,0,true,false,4,16
red3:lane2:snr18.0:seed4:frame26,18.0,26,ofdm_fec,alpha-stable-impulsive,0.0,47.0,3561,37.083333333333336,38.0921875,0.9666666666666667,9280,1653,29,29,29,4,0,true,false,4,16
red3:lane2:snr18.0:seed4:frame27,18.0,27,ofdm_fec,alpha-stable-impulsive,0.0,47.0,3704,38.572916666666664,39.58177083333333,0.9666666666666667,9280,1653,30,30,30,4,0,true,false,4,16
red3:lane2:snr18.0:seed4:frame28,18.0,28,ofdm_fec,alpha-stable-impulsive,0.0,47.0,3846,40.052083333333336,41.0609375,0.9666666666666667,9280,1653,31,31,31,4,0,true,false,4,16
red3:lane2:snr18.0:seed4:frame29,18.0,29,ofdm_fec,alpha-stable-impulsive,0.0,47.0,3989,41.541666666666664,42.55052083333333,0.9666666666666667,9280,1653,32,32,32,4,0,true,false,4,16
red3:lane2:snr18.0:seed4:frame30,18.0,30,ofdm_fec,alpha-stable-impulsive,0.0,47.0,4131,43.020833333333336,44.0296875,0.9666666666666667,9280,1653,33,33,33,4,0,true,false,4,16
red3:lane2:snr18.0:seed4:frame31,18.0,31,ofdm_fec,alpha-stable-impulsive,0.0,47.0,4274,44.510416666666664,45.51927083333333,0.9666666666666667,9280,1653,34,34,34,4,0,true,false,4,16
red3:lane2:snr18.0:seed4:frame32,18.0,32,ofdm_fec,alpha-stable-impulsive,0.0,47.0,4416,45.989583333333336,46.9984375,0.9666666666666667,9280,1653,35,35,35,4,1,false,false,4,16
red3:lane2:snr18.0:seed4:frame1,18.0,1,pfft,alpha-stable-impulsive,0.0,47.0,1,0.0,1.0088541666666666,0.9666666666666667,9280,1653,4,4,4,4,629,false,false,4,16
red3:lane2:snr18.0:seed4:frame2,18.0,2,pfft,alpha-stable-impulsive,0.0,47.0,143,1.4791666666666667,2.4880208333333336,0.9666666666666667,9280,1653,5,5,5,4,525,false,false,4,16
red3:lane2:snr18.0:seed4:frame3,18.0,3,pfft,alpha-stable-impulsive,0.0,47.0,286,2.96875,3.9776041666666666,0.9666666666666667,9280,1653,6,6,6,4,460,false,false,4,16
red3:lane2:snr18.0:seed4:frame4,18.0,4,pfft,alpha-stable-impulsive,0.0,47.0,428,4.447916666666667,5.456770833333334,0.9666666666666667,9280,1653,7,7,7,4,502,false,false,4,16
red3:lane2:snr18.0:seed4:frame5,18.0,5,pfft,alpha-stable-impulsive,0.0,47.0,571,5.9375,6.946354166666667,0.9666666666666667,9280,1653,8,8,8,4,453,false,false,4,16
red3:lane2:snr18.0:seed4:frame6,18.0,6,pfft,alpha-stable-impulsive,0.0,47.0,713,7.416666666666667,8.425520833333334,0.9666666666666667,9280,1653,9,9,9,4,593,false,false,4,16
red3:lane2:snr18.0:seed4:frame7,18.0,7,pfft,alpha-stable-impulsive,0.0,47.0,856,8.90625,9.915104166666666,0.9666666666666667,9280,1653,10,10,10,4,589,false,false,4,16
red3:lane2:snr18.0:seed4:frame8,18.0,8,pfft,alpha-stable-impulsive,0.0,47.0,998,10.385416666666666,11.394270833333334,0.9666666666666667,9280,1653,11,11,11,4,503,false,false,4,16
red3:lane2:snr18.0:seed4:frame9,18.0,9,pfft,alpha-stable-impulsive,0.0,47.0,1140,11.864583333333334,12.873437500000001,0.9666666666666667,9280,1653,12,12,12,4,484,false,false,4,16
red3:lane2:snr18.0:seed4:frame10,18.0,10,pfft,alpha-stable-impulsive,0.0,47.0,1283,13.354166666666666,14.363020833333334,0.9666666666666667,9280,1653,13,13,13,4,579,false,false,4,16
red3:lane2:snr18.0:seed4:frame11,18.0,11,pfft,alpha-stable-impulsive,0.0,47.0,1425,14.833333333333334,15.842187500000001,0.9666666666666667,9280,1653,14,14,14,4,536,false,false,4,16
red3:lane2:snr18.0:seed4:frame12,18.0,12,pfft,alpha-stable-impulsive,0.0,47.0,1568,16.322916666666668,17.331770833333334,0.9666666666666667,9280,1653,15,15,15,4,540,false,false,4,16
red3:lane2:snr18.0:seed4:frame13,18.0,13,pfft,alpha-stable-impulsive,0.0,47.0,1710,17.802083333333332,18.810937499999998,0.9666666666666667,9280,1653,16,16,16,4,523,false,false,4,16
red3:lane2:snr18.0:seed4:frame14,18.0,14,pfft,alpha-stable-impulsive,0.0,47.0,1852,19.28125,20.290104166666666,0.9666666666666667,9280,1653,17,17,17,4,443,false,false,4,16
red3:lane2:snr18.0:seed4:frame15,18.0,15,pfft,alpha-stable-impulsive,0.0,47.0,1995,20.770833333333332,21.779687499999998,0.9666666666666667,9280,1653,18,18,18,4,504,false,false,4,16
red3:lane2:snr18.0:seed4:frame16,18.0,16,pfft,alpha-stable-impulsive,0.0,47.0,2137,22.25,23.258854166666666,0.9666666666666667,9280,1653,19,19,19,4,549,false,false,4,16
red3:lane2:snr18.0:seed4:frame17,18.0,17,pfft,alpha-stable-impulsive,0.0,47.0,2280,23.739583333333332,24.748437499999998,0.9666666666666667,9280,1653,20,20,20,4,491,false,false,4,16
red3:lane2:snr18.0:seed4:frame18,18.0,18,pfft,alpha-stable-impulsive,0.0,47.0,2422,25.21875,26.227604166666666,0.9666666666666667,9280,1653,21,21,21,4,595,false,false,4,16
red3:lane2:snr18.0:seed4:frame19,18.0,19,pfft,alpha-stable-impulsive,0.0,47.0,2565,26.708333333333332,27.717187499999998,0.9666666666666667,9280,1653,22,22,22,4,429,false,false,4,16
red3:lane2:snr18.0:seed4:frame20,18.0,20,pfft,alpha-stable-impulsive,0.0,47.0,2707,28.1875,29.196354166666666,0.9666666666666667,9280,1653,23,23,23,4,581,false,false,4,16
red3:lane2:snr18.0:seed4:frame21,18.0,21,pfft,alpha-stable-impulsive,0.0,47.0,2849,29.666666666666668,30.675520833333334,0.9666666666666667,9280,1653,24,24,24,4,502,false,false,4,16
red3:lane2:snr18.0:seed4:frame22,18.0,22,pfft,alpha-stable-impulsive,0.0,47.0,2992,31.15625,32.165104166666666,0.9666666666666667,9280,1653,25,25,25,4,420,false,false,4,16
red3:lane2:snr18.0:seed4:frame23,18.0,23,pfft,alpha-stable-impulsive,0.0,47.0,3134,32.635416666666664,33.64427083333333,0.9666666666666667,9280,1653,26,26,26,4,525,false,false,4,16
red3:lane2:snr18.0:seed4:frame24,18.0,24,pfft,alpha-stable-impulsive,0.0,47.0,3277,34.125,35.133854166666666,0.9666666666666667,9280,1653,27,27,27,4,521,false,false,4,16
red3:lane2:snr18.0:seed4:frame25,18.0,25,pfft,alpha-stable-impulsive,0.0,47.0,3419,35.604166666666664,36.61302083333333,0.9666666666666667,9280,1653,28,28,28,4,249,false,false,4,16
red3:lane2:snr18.0:seed4:frame26,18.0,26,pfft,alpha-stable-impulsive,0.0,47.0,3561,37.083333333333336,38.0921875,0.9666666666666667,9280,1653,29,29,29,4,543,false,false,4,16
red3:lane2:snr18.0:seed4:frame27,18.0,27,pfft,alpha-stable-impulsive,0.0,47.0,3704,38.572916666666664,39.58177083333333,0.9666666666666667,9280,1653,30,30,30,4,566,false,false,4,16
red3:lane2:snr18.0:seed4:frame28,18.0,28,pfft,alpha-stable-impulsive,0.0,47.0,3846,40.052083333333336,41.0609375,0.9666666666666667,9280,1653,31,31,31,4,445,false,false,4,16
red3:lane2:snr18.0:seed4:frame29,18.0,29,pfft,alpha-stable-impulsive,0.0,47.0,3989,41.541666666666664,42.55052083333333,0.9666666666666667,9280,1653,32,32,32,4,468,false,false,4,16
red3:lane2:snr18.0:seed4:frame30,18.0,30,pfft,alpha-stable-impulsive,0.0,47.0,4131,43.020833333333336,44.0296875,0.9666666666666667,9280,1653,33,33,33,4,464,false,false,4,16
red3:lane2:snr18.0:seed4:frame31,18.0,31,pfft,alpha-stable-impulsive,0.0,47.0,4274,44.510416666666664,45.51927083333333,0.9666666666666667,9280,1653,34,34,34,4,463,false,false,4,16
red3:lane2:snr18.0:seed4:frame32,18.0,32,pfft,alpha-stable-impulsive,0.0,47.0,4416,45.989583333333336,46.9984375,0.9666666666666667,9280,1653,35,35,35,4,512,false,false,4,16
red3:lane2:snr18.0:seed4:frame1,18.0,1,profiled_cz,alpha-stable-impulsive,0.0,47.0,1,0.0,1.0088541666666666,0.9666666666666667,9280,1653,4,4,4,4,4,false,false,4,16
red3:lane2:snr18.0:seed4:frame2,18.0,2,profiled_cz,alpha-stable-impulsive,0.0,47.0,143,1.4791666666666667,2.4880208333333336,0.9666666666666667,9280,1653,5,5,5,4,1,false,false,4,16
red3:lane2:snr18.0:seed4:frame3,18.0,3,profiled_cz,alpha-stable-impulsive,0.0,47.0,286,2.96875,3.9776041666666666,0.9666666666666667,9280,1653,6,6,6,4,0,true,false,4,16
red3:lane2:snr18.0:seed4:frame4,18.0,4,profiled_cz,alpha-stable-impulsive,0.0,47.0,428,4.447916666666667,5.456770833333334,0.9666666666666667,9280,1653,7,7,7,4,5,false,false,4,16
red3:lane2:snr18.0:seed4:frame5,18.0,5,profiled_cz,alpha-stable-impulsive,0.0,47.0,571,5.9375,6.946354166666667,0.9666666666666667,9280,1653,8,8,8,4,0,true,false,4,16
red3:lane2:snr18.0:seed4:frame6,18.0,6,profiled_cz,alpha-stable-impulsive,0.0,47.0,713,7.416666666666667,8.425520833333334,0.9666666666666667,9280,1653,9,9,9,4,324,false,false,4,16
red3:lane2:snr18.0:seed4:frame7,18.0,7,profiled_cz,alpha-stable-impulsive,0.0,47.0,856,8.90625,9.915104166666666,0.9666666666666667,9280,1653,10,10,10,4,1,false,false,4,16
red3:lane2:snr18.0:seed4:frame8,18.0,8,profiled_cz,alpha-stable-impulsive,0.0,47.0,998,10.385416666666666,11.394270833333334,0.9666666666666667,9280,1653,11,11,11,4,0,true,false,4,16
red3:lane2:snr18.0:seed4:frame9,18.0,9,profiled_cz,alpha-stable-impulsive,0.0,47.0,1140,11.864583333333334,12.873437500000001,0.9666666666666667,9280,1653,12,12,12,4,0,true,false,4,16
red3:lane2:snr18.0:seed4:frame10,18.0,10,profiled_cz,alpha-stable-impulsive,0.0,47.0,1283,13.354166666666666,14.363020833333334,0.9666666666666667,9280,1653,13,13,13,4,5,false,false,4,16
red3:lane2:snr18.0:seed4:frame11,18.0,11,profiled_cz,alpha-stable-impulsive,0.0,47.0,1425,14.833333333333334,15.842187500000001,0.9666666666666667,9280,1653,14,14,14,4,28,false,false,4,16
red3:lane2:snr18.0:seed4:frame12,18.0,12,profiled_cz,alpha-stable-impulsive,0.0,47.0,1568,16.322916666666668,17.331770833333334,0.9666666666666667,9280,1653,15,15,15,4,4,false,false,4,16
red3:lane2:snr18.0:seed4:frame13,18.0,13,profiled_cz,alpha-stable-impulsive,0.0,47.0,1710,17.802083333333332,18.810937499999998,0.9666666666666667,9280,1653,16,16,16,4,4,false,false,4,16
red3:lane2:snr18.0:seed4:frame14,18.0,14,profiled_cz,alpha-stable-impulsive,0.0,47.0,1852,19.28125,20.290104166666666,0.9666666666666667,9280,1653,17,17,17,4,1,false,false,4,16
red3:lane2:snr18.0:seed4:frame15,18.0,15,profiled_cz,alpha-stable-impulsive,0.0,47.0,1995,20.770833333333332,21.779687499999998,0.9666666666666667,9280,1653,18,18,18,4,1,false,false,4,16
red3:lane2:snr18.0:seed4:frame16,18.0,16,profiled_cz,alpha-stable-impulsive,0.0,47.0,2137,22.25,23.258854166666666,0.9666666666666667,9280,1653,19,19,19,4,4,false,false,4,16
red3:lane2:snr18.0:seed4:frame17,18.0,17,profiled_cz,alpha-stable-impulsive,0.0,47.0,2280,23.739583333333332,24.748437499999998,0.9666666666666667,9280,1653,20,20,20,4,0,true,false,4,16
red3:lane2:snr18.0:seed4:frame18,18.0,18,profiled_cz,alpha-stable-impulsive,0.0,47.0,2422,25.21875,26.227604166666666,0.9666666666666667,9280,1653,21,21,21,4,9,false,false,4,16
red3:lane2:snr18.0:seed4:frame19,18.0,19,profiled_cz,alpha-stable-impulsive,0.0,47.0,2565,26.708333333333332,27.717187499999998,0.9666666666666667,9280,1653,22,22,22,4,0,true,false,4,16
red3:lane2:snr18.0:seed4:frame20,18.0,20,profiled_cz,alpha-stable-impulsive,0.0,47.0,2707,28.1875,29.196354166666666,0.9666666666666667,9280,1653,23,23,23,4,422,false,false,4,16
red3:lane2:snr18.0:seed4:frame21,18.0,21,profiled_cz,alpha-stable-impulsive,0.0,47.0,2849,29.666666666666668,30.675520833333334,0.9666666666666667,9280,1653,24,24,24,4,0,true,false,4,16
red3:lane2:snr18.0:seed4:frame22,18.0,22,profiled_cz,alpha-stable-impulsive,0.0,47.0,2992,31.15625,32.165104166666666,0.9666666666666667,9280,1653,25,25,25,4,0,true,false,4,16
red3:lane2:snr18.0:seed4:frame23,18.0,23,profiled_cz,alpha-stable-impulsive,0.0,47.0,3134,32.635416666666664,33.64427083333333,0.9666666666666667,9280,1653,26,26,26,4,1,false,false,4,16
red3:lane2:snr18.0:seed4:frame24,18.0,24,profiled_cz,alpha-stable-impulsive,0.0,47.0,3277,34.125,35.133854166666666,0.9666666666666667,9280,1653,27,27,27,4,1,false,false,4,16
red3:lane2:snr18.0:seed4:frame25,18.0,25,profiled_cz,alpha-stable-impulsive,0.0,47.0,3419,35.604166666666664,36.61302083333333,0.9666666666666667,9280,1653,28,28,28,4,0,true,false,4,16
red3:lane2:snr18.0:seed4:frame26,18.0,26,profiled_cz,alpha-stable-impulsive,0.0,47.0,3561,37.083333333333336,38.0921875,0.9666666666666667,9280,1653,29,29,29,4,0,true,false,4,16
red3:lane2:snr18.0:seed4:frame27,18.0,27,profiled_cz,alpha-stable-impulsive,0.0,47.0,3704,38.572916666666664,39.58177083333333,0.9666666666666667,9280,1653,30,30,30,4,2,false,false,4,16
red3:lane2:snr18.0:seed4:frame28,18.0,28,profiled_cz,alpha-stable-impulsive,0.0,47.0,3846,40.052083333333336,41.0609375,0.9666666666666667,9280,1653,31,31,31,4,0,true,false,4,16
red3:lane2:snr18.0:seed4:frame29,18.0,29,profiled_cz,alpha-stable-impulsive,0.0,47.0,3989,41.541666666666664,42.55052083333333,0.9666666666666667,9280,1653,32,32,32,4,1,false,false,4,16
red3:lane2:snr18.0:seed4:frame30,18.0,30,profiled_cz,alpha-stable-impulsive,0.0,47.0,4131,43.020833333333336,44.0296875,0.9666666666666667,9280,1653,33,33,33,4,0,true,false,4,16
red3:lane2:snr18.0:seed4:frame31,18.0,31,profiled_cz,alpha-stable-impulsive,0.0,47.0,4274,44.510416666666664,45.51927083333333,0.9666666666666667,9280,1653,34,34,34,4,0,true,false,4,16
red3:lane2:snr18.0:seed4:frame32,18.0,32,profiled_cz,alpha-stable-impulsive,0.0,47.0,4416,45.989583333333336,46.9984375,0.9666666666666667,9280,1653,35,35,35,4,0,true,false,4,16
red3:lane2:snr20.0:seed4:frame1,20.0,1,cwz_joint,alpha-stable-impulsive,0.0,47.0,1,0.0,1.0088541666666666,0.9666666666666667,9280,1653,4,4,4,4,1,false,false,4,16
red3:lane2:snr20.0:seed4:frame2,20.0,2,cwz_joint,alpha-stable-impulsive,0.0,47.0,143,1.4791666666666667,2.4880208333333336,0.9666666666666667,9280,1653,5,5,5,4,0,true,false,4,16
red3:lane2:snr20.0:seed4:frame3,20.0,3,cwz_joint,alpha-stable-impulsive,0.0,47.0,286,2.96875,3.9776041666666666,0.9666666666666667,9280,1653,6,6,6,4,0,true,false,4,16
red3:lane2:snr20.0:seed4:frame4,20.0,4,cwz_joint,alpha-stable-impulsive,0.0,47.0,428,4.447916666666667,5.456770833333334,0.9666666666666667,9280,1653,7,7,7,4,0,true,false,4,16
red3:lane2:snr20.0:seed4:frame5,20.0,5,cwz_joint,alpha-stable-impulsive,0.0,47.0,571,5.9375,6.946354166666667,0.9666666666666667,9280,1653,8,8,8,4,0,true,false,4,16
red3:lane2:snr20.0:seed4:frame6,20.0,6,cwz_joint,alpha-stable-impulsive,0.0,47.0,713,7.416666666666667,8.425520833333334,0.9666666666666667,9280,1653,9,9,9,4,73,false,false,4,16
red3:lane2:snr20.0:seed4:frame7,20.0,7,cwz_joint,alpha-stable-impulsive,0.0,47.0,856,8.90625,9.915104166666666,0.9666666666666667,9280,1653,10,10,10,4,0,true,false,4,16
red3:lane2:snr20.0:seed4:frame8,20.0,8,cwz_joint,alpha-stable-impulsive,0.0,47.0,998,10.385416666666666,11.394270833333334,0.9666666666666667,9280,1653,11,11,11,4,0,true,false,4,16
red3:lane2:snr20.0:seed4:frame9,20.0,9,cwz_joint,alpha-stable-impulsive,0.0,47.0,1140,11.864583333333334,12.873437500000001,0.9666666666666667,9280,1653,12,12,12,4,0,true,false,4,16
red3:lane2:snr20.0:seed4:frame10,20.0,10,cwz_joint,alpha-stable-impulsive,0.0,47.0,1283,13.354166666666666,14.363020833333334,0.9666666666666667,9280,1653,13,13,13,4,4,false,false,4,16
red3:lane2:snr20.0:seed4:frame11,20.0,11,cwz_joint,alpha-stable-impulsive,0.0,47.0,1425,14.833333333333334,15.842187500000001,0.9666666666666667,9280,1653,14,14,14,4,0,true,false,4,16
red3:lane2:snr20.0:seed4:frame12,20.0,12,cwz_joint,alpha-stable-impulsive,0.0,47.0,1568,16.322916666666668,17.331770833333334,0.9666666666666667,9280,1653,15,15,15,4,2,false,false,4,16
red3:lane2:snr20.0:seed4:frame13,20.0,13,cwz_joint,alpha-stable-impulsive,0.0,47.0,1710,17.802083333333332,18.810937499999998,0.9666666666666667,9280,1653,16,16,16,4,2,false,false,4,16
red3:lane2:snr20.0:seed4:frame14,20.0,14,cwz_joint,alpha-stable-impulsive,0.0,47.0,1852,19.28125,20.290104166666666,0.9666666666666667,9280,1653,17,17,17,4,0,true,false,4,16
red3:lane2:snr20.0:seed4:frame15,20.0,15,cwz_joint,alpha-stable-impulsive,0.0,47.0,1995,20.770833333333332,21.779687499999998,0.9666666666666667,9280,1653,18,18,18,4,1,false,false,4,16
red3:lane2:snr20.0:seed4:frame16,20.0,16,cwz_joint,alpha-stable-impulsive,0.0,47.0,2137,22.25,23.258854166666666,0.9666666666666667,9280,1653,19,19,19,4,0,true,false,4,16
red3:lane2:snr20.0:seed4:frame17,20.0,17,cwz_joint,alpha-stable-impulsive,0.0,47.0,2280,23.739583333333332,24.748437499999998,0.9666666666666667,9280,1653,20,20,20,4,0,true,false,4,16
red3:lane2:snr20.0:seed4:frame18,20.0,18,cwz_joint,alpha-stable-impulsive,0.0,47.0,2422,25.21875,26.227604166666666,0.9666666666666667,9280,1653,21,21,21,4,2,false,false,4,16
red3:lane2:snr20.0:seed4:frame19,20.0,19,cwz_joint,alpha-stable-impulsive,0.0,47.0,2565,26.708333333333332,27.717187499999998,0.9666666666666667,9280,1653,22,22,22,4,0,true,false,4,16
red3:lane2:snr20.0:seed4:frame20,20.0,20,cwz_joint,alpha-stable-impulsive,0.0,47.0,2707,28.1875,29.196354166666666,0.9666666666666667,9280,1653,23,23,23,4,346,false,false,4,16
red3:lane2:snr20.0:seed4:frame21,20.0,21,cwz_joint,alpha-stable-impulsive,0.0,47.0,2849,29.666666666666668,30.675520833333334,0.9666666666666667,9280,1653,24,24,24,4,0,true,false,4,16
red3:lane2:snr20.0:seed4:frame22,20.0,22,cwz_joint,alpha-stable-impulsive,0.0,47.0,2992,31.15625,32.165104166666666,0.9666666666666667,9280,1653,25,25,25,4,0,true,false,4,16
red3:lane2:snr20.0:seed4:frame23,20.0,23,cwz_joint,alpha-stable-impulsive,0.0,47.0,3134,32.635416666666664,33.64427083333333,0.9666666666666667,9280,1653,26,26,26,4,0,true,false,4,16
red3:lane2:snr20.0:seed4:frame24,20.0,24,cwz_joint,alpha-stable-impulsive,0.0,47.0,3277,34.125,35.133854166666666,0.9666666666666667,9280,1653,27,27,27,4,0,true,false,4,16
red3:lane2:snr20.0:seed4:frame25,20.0,25,cwz_joint,alpha-stable-impulsive,0.0,47.0,3419,35.604166666666664,36.61302083333333,0.9666666666666667,9280,1653,28,28,28,4,0,true,false,4,16
red3:lane2:snr20.0:seed4:frame26,20.0,26,cwz_joint,alpha-stable-impulsive,0.0,47.0,3561,37.083333333333336,38.0921875,0.9666666666666667,9280,1653,29,29,29,4,0,true,false,4,16
red3:lane2:snr20.0:seed4:frame27,20.0,27,cwz_joint,alpha-stable-impulsive,0.0,47.0,3704,38.572916666666664,39.58177083333333,0.9666666666666667,9280,1653,30,30,30,4,0,true,false,4,16
red3:lane2:snr20.0:seed4:frame28,20.0,28,cwz_joint,alpha-stable-impulsive,0.0,47.0,3846,40.052083333333336,41.0609375,0.9666666666666667,9280,1653,31,31,31,4,0,true,false,4,16
red3:lane2:snr20.0:seed4:frame29,20.0,29,cwz_joint,alpha-stable-impulsive,0.0,47.0,3989,41.541666666666664,42.55052083333333,0.9666666666666667,9280,1653,32,32,32,4,3,false,false,4,16
red3:lane2:snr20.0:seed4:frame30,20.0,30,cwz_joint,alpha-stable-impulsive,0.0,47.0,4131,43.020833333333336,44.0296875,0.9666666666666667,9280,1653,33,33,33,4,0,true,false,4,16
red3:lane2:snr20.0:seed4:frame31,20.0,31,cwz_joint,alpha-stable-impulsive,0.0,47.0,4274,44.510416666666664,45.51927083333333,0.9666666666666667,9280,1653,34,34,34,4,0,true,false,4,16
red3:lane2:snr20.0:seed4:frame32,20.0,32,cwz_joint,alpha-stable-impulsive,0.0,47.0,4416,45.989583333333336,46.9984375,0.9666666666666667,9280,1653,35,35,35,4,0,true,false,4,16
red3:lane2:snr20.0:seed4:frame1,20.0,1,lite,alpha-stable-impulsive,0.0,47.0,1,0.0,1.0088541666666666,0.9666666666666667,9280,1653,4,4,4,4,1,false,false,4,16
red3:lane2:snr20.0:seed4:frame2,20.0,2,lite,alpha-stable-impulsive,0.0,47.0,143,1.4791666666666667,2.4880208333333336,0.9666666666666667,9280,1653,5,5,5,4,0,true,false,4,16
red3:lane2:snr20.0:seed4:frame3,20.0,3,lite,alpha-stable-impulsive,0.0,47.0,286,2.96875,3.9776041666666666,0.9666666666666667,9280,1653,6,6,6,4,0,true,false,4,16
red3:lane2:snr20.0:seed4:frame4,20.0,4,lite,alpha-stable-impulsive,0.0,47.0,428,4.447916666666667,5.456770833333334,0.9666666666666667,9280,1653,7,7,7,4,0,true,false,4,16
red3:lane2:snr20.0:seed4:frame5,20.0,5,lite,alpha-stable-impulsive,0.0,47.0,571,5.9375,6.946354166666667,0.9666666666666667,9280,1653,8,8,8,4,0,true,false,4,16
red3:lane2:snr20.0:seed4:frame6,20.0,6,lite,alpha-stable-impulsive,0.0,47.0,713,7.416666666666667,8.425520833333334,0.9666666666666667,9280,1653,9,9,9,4,73,false,false,4,16
red3:lane2:snr20.0:seed4:frame7,20.0,7,lite,alpha-stable-impulsive,0.0,47.0,856,8.90625,9.915104166666666,0.9666666666666667,9280,1653,10,10,10,4,0,true,false,4,16
red3:lane2:snr20.0:seed4:frame8,20.0,8,lite,alpha-stable-impulsive,0.0,47.0,998,10.385416666666666,11.394270833333334,0.9666666666666667,9280,1653,11,11,11,4,0,true,false,4,16
red3:lane2:snr20.0:seed4:frame9,20.0,9,lite,alpha-stable-impulsive,0.0,47.0,1140,11.864583333333334,12.873437500000001,0.9666666666666667,9280,1653,12,12,12,4,0,true,false,4,16
red3:lane2:snr20.0:seed4:frame10,20.0,10,lite,alpha-stable-impulsive,0.0,47.0,1283,13.354166666666666,14.363020833333334,0.9666666666666667,9280,1653,13,13,13,4,4,false,false,4,16
red3:lane2:snr20.0:seed4:frame11,20.0,11,lite,alpha-stable-impulsive,0.0,47.0,1425,14.833333333333334,15.842187500000001,0.9666666666666667,9280,1653,14,14,14,4,0,true,false,4,16
red3:lane2:snr20.0:seed4:frame12,20.0,12,lite,alpha-stable-impulsive,0.0,47.0,1568,16.322916666666668,17.331770833333334,0.9666666666666667,9280,1653,15,15,15,4,2,false,false,4,16
red3:lane2:snr20.0:seed4:frame13,20.0,13,lite,alpha-stable-impulsive,0.0,47.0,1710,17.802083333333332,18.810937499999998,0.9666666666666667,9280,1653,16,16,16,4,2,false,false,4,16
red3:lane2:snr20.0:seed4:frame14,20.0,14,lite,alpha-stable-impulsive,0.0,47.0,1852,19.28125,20.290104166666666,0.9666666666666667,9280,1653,17,17,17,4,0,true,false,4,16
red3:lane2:snr20.0:seed4:frame15,20.0,15,lite,alpha-stable-impulsive,0.0,47.0,1995,20.770833333333332,21.779687499999998,0.9666666666666667,9280,1653,18,18,18,4,1,false,false,4,16
red3:lane2:snr20.0:seed4:frame16,20.0,16,lite,alpha-stable-impulsive,0.0,47.0,2137,22.25,23.258854166666666,0.9666666666666667,9280,1653,19,19,19,4,0,true,false,4,16
red3:lane2:snr20.0:seed4:frame17,20.0,17,lite,alpha-stable-impulsive,0.0,47.0,2280,23.739583333333332,24.748437499999998,0.9666666666666667,9280,1653,20,20,20,4,0,true,false,4,16
red3:lane2:snr20.0:seed4:frame18,20.0,18,lite,alpha-stable-impulsive,0.0,47.0,2422,25.21875,26.227604166666666,0.9666666666666667,9280,1653,21,21,21,4,2,false,false,4,16
red3:lane2:snr20.0:seed4:frame19,20.0,19,lite,alpha-stable-impulsive,0.0,47.0,2565,26.708333333333332,27.717187499999998,0.9666666666666667,9280,1653,22,22,22,4,0,true,false,4,16
red3:lane2:snr20.0:seed4:frame20,20.0,20,lite,alpha-stable-impulsive,0.0,47.0,2707,28.1875,29.196354166666666,0.9666666666666667,9280,1653,23,23,23,4,346,false,false,4,16
red3:lane2:snr20.0:seed4:frame21,20.0,21,lite,alpha-stable-impulsive,0.0,47.0,2849,29.666666666666668,30.675520833333334,0.9666666666666667,9280,1653,24,24,24,4,0,true,false,4,16
red3:lane2:snr20.0:seed4:frame22,20.0,22,lite,alpha-stable-impulsive,0.0,47.0,2992,31.15625,32.165104166666666,0.9666666666666667,9280,1653,25,25,25,4,0,true,false,4,16
red3:lane2:snr20.0:seed4:frame23,20.0,23,lite,alpha-stable-impulsive,0.0,47.0,3134,32.635416666666664,33.64427083333333,0.9666666666666667,9280,1653,26,26,26,4,0,true,false,4,16
red3:lane2:snr20.0:seed4:frame24,20.0,24,lite,alpha-stable-impulsive,0.0,47.0,3277,34.125,35.133854166666666,0.9666666666666667,9280,1653,27,27,27,4,0,true,false,4,16
red3:lane2:snr20.0:seed4:frame25,20.0,25,lite,alpha-stable-impulsive,0.0,47.0,3419,35.604166666666664,36.61302083333333,0.9666666666666667,9280,1653,28,28,28,4,0,true,false,4,16
red3:lane2:snr20.0:seed4:frame26,20.0,26,lite,alpha-stable-impulsive,0.0,47.0,3561,37.083333333333336,38.0921875,0.9666666666666667,9280,1653,29,29,29,4,0,true,false,4,16
red3:lane2:snr20.0:seed4:frame27,20.0,27,lite,alpha-stable-impulsive,0.0,47.0,3704,38.572916666666664,39.58177083333333,0.9666666666666667,9280,1653,30,30,30,4,0,true,false,4,16
red3:lane2:snr20.0:seed4:frame28,20.0,28,lite,alpha-stable-impulsive,0.0,47.0,3846,40.052083333333336,41.0609375,0.9666666666666667,9280,1653,31,31,31,4,0,true,false,4,16
red3:lane2:snr20.0:seed4:frame29,20.0,29,lite,alpha-stable-impulsive,0.0,47.0,3989,41.541666666666664,42.55052083333333,0.9666666666666667,9280,1653,32,32,32,4,3,false,false,4,16
red3:lane2:snr20.0:seed4:frame30,20.0,30,lite,alpha-stable-impulsive,0.0,47.0,4131,43.020833333333336,44.0296875,0.9666666666666667,9280,1653,33,33,33,4,0,true,false,4,16
red3:lane2:snr20.0:seed4:frame31,20.0,31,lite,alpha-stable-impulsive,0.0,47.0,4274,44.510416666666664,45.51927083333333,0.9666666666666667,9280,1653,34,34,34,4,0,true,false,4,16
red3:lane2:snr20.0:seed4:frame32,20.0,32,lite,alpha-stable-impulsive,0.0,47.0,4416,45.989583333333336,46.9984375,0.9666666666666667,9280,1653,35,35,35,4,0,true,false,4,16
red3:lane2:snr20.0:seed4:frame1,20.0,1,ofdm_fec,alpha-stable-impulsive,0.0,47.0,1,0.0,1.0088541666666666,0.9666666666666667,9280,1653,4,4,4,4,0,true,false,4,16
red3:lane2:snr20.0:seed4:frame2,20.0,2,ofdm_fec,alpha-stable-impulsive,0.0,47.0,143,1.4791666666666667,2.4880208333333336,0.9666666666666667,9280,1653,5,5,5,4,0,true,false,4,16
red3:lane2:snr20.0:seed4:frame3,20.0,3,ofdm_fec,alpha-stable-impulsive,0.0,47.0,286,2.96875,3.9776041666666666,0.9666666666666667,9280,1653,6,6,6,4,0,true,false,4,16
red3:lane2:snr20.0:seed4:frame4,20.0,4,ofdm_fec,alpha-stable-impulsive,0.0,47.0,428,4.447916666666667,5.456770833333334,0.9666666666666667,9280,1653,7,7,7,4,0,true,false,4,16
red3:lane2:snr20.0:seed4:frame5,20.0,5,ofdm_fec,alpha-stable-impulsive,0.0,47.0,571,5.9375,6.946354166666667,0.9666666666666667,9280,1653,8,8,8,4,0,true,false,4,16
red3:lane2:snr20.0:seed4:frame6,20.0,6,ofdm_fec,alpha-stable-impulsive,0.0,47.0,713,7.416666666666667,8.425520833333334,0.9666666666666667,9280,1653,9,9,9,4,0,true,false,4,16
red3:lane2:snr20.0:seed4:frame7,20.0,7,ofdm_fec,alpha-stable-impulsive,0.0,47.0,856,8.90625,9.915104166666666,0.9666666666666667,9280,1653,10,10,10,4,0,true,false,4,16
red3:lane2:snr20.0:seed4:frame8,20.0,8,ofdm_fec,alpha-stable-impulsive,0.0,47.0,998,10.385416666666666,11.394270833333334,0.9666666666666667,9280,1653,11,11,11,4,0,true,false,4,16
red3:lane2:snr20.0:seed4:frame9,20.0,9,ofdm_fec,alpha-stable-impulsive,0.0,47.0,1140,11.864583333333334,12.873437500000001,0.9666666666666667,9280,1653,12,12,12,4,0,true,false,4,16
red3:lane2:snr20.0:seed4:frame10,20.0,10,ofdm_fec,alpha-stable-impulsive,0.0,47.0,1283,13.354166666666666,14.363020833333334,0.9666666666666667,9280,1653,13,13,13,4,0,true,false,4,16
red3:lane2:snr20.0:seed4:frame11,20.0,11,ofdm_fec,alpha-stable-impulsive,0.0,47.0,1425,14.833333333333334,15.842187500000001,0.9666666666666667,9280,1653,14,14,14,4,0,true,false,4,16
red3:lane2:snr20.0:seed4:frame12,20.0,12,ofdm_fec,alpha-stable-impulsive,0.0,47.0,1568,16.322916666666668,17.331770833333334,0.9666666666666667,9280,1653,15,15,15,4,0,true,false,4,16
red3:lane2:snr20.0:seed4:frame13,20.0,13,ofdm_fec,alpha-stable-impulsive,0.0,47.0,1710,17.802083333333332,18.810937499999998,0.9666666666666667,9280,1653,16,16,16,4,0,true,false,4,16
red3:lane2:snr20.0:seed4:frame14,20.0,14,ofdm_fec,alpha-stable-impulsive,0.0,47.0,1852,19.28125,20.290104166666666,0.9666666666666667,9280,1653,17,17,17,4,1,false,false,4,16
red3:lane2:snr20.0:seed4:frame15,20.0,15,ofdm_fec,alpha-stable-impulsive,0.0,47.0,1995,20.770833333333332,21.779687499999998,0.9666666666666667,9280,1653,18,18,18,4,0,true,false,4,16
red3:lane2:snr20.0:seed4:frame16,20.0,16,ofdm_fec,alpha-stable-impulsive,0.0,47.0,2137,22.25,23.258854166666666,0.9666666666666667,9280,1653,19,19,19,4,0,true,false,4,16
red3:lane2:snr20.0:seed4:frame17,20.0,17,ofdm_fec,alpha-stable-impulsive,0.0,47.0,2280,23.739583333333332,24.748437499999998,0.9666666666666667,9280,1653,20,20,20,4,0,true,false,4,16
red3:lane2:snr20.0:seed4:frame18,20.0,18,ofdm_fec,alpha-stable-impulsive,0.0,47.0,2422,25.21875,26.227604166666666,0.9666666666666667,9280,1653,21,21,21,4,0,true,false,4,16
red3:lane2:snr20.0:seed4:frame19,20.0,19,ofdm_fec,alpha-stable-impulsive,0.0,47.0,2565,26.708333333333332,27.717187499999998,0.9666666666666667,9280,1653,22,22,22,4,0,true,false,4,16
red3:lane2:snr20.0:seed4:frame20,20.0,20,ofdm_fec,alpha-stable-impulsive,0.0,47.0,2707,28.1875,29.196354166666666,0.9666666666666667,9280,1653,23,23,23,4,0,true,false,4,16
red3:lane2:snr20.0:seed4:frame21,20.0,21,ofdm_fec,alpha-stable-impulsive,0.0,47.0,2849,29.666666666666668,30.675520833333334,0.9666666666666667,9280,1653,24,24,24,4,0,true,false,4,16
red3:lane2:snr20.0:seed4:frame22,20.0,22,ofdm_fec,alpha-stable-impulsive,0.0,47.0,2992,31.15625,32.165104166666666,0.9666666666666667,9280,1653,25,25,25,4,0,true,false,4,16
red3:lane2:snr20.0:seed4:frame23,20.0,23,ofdm_fec,alpha-stable-impulsive,0.0,47.0,3134,32.635416666666664,33.64427083333333,0.9666666666666667,9280,1653,26,26,26,4,0,true,false,4,16
red3:lane2:snr20.0:seed4:frame24,20.0,24,ofdm_fec,alpha-stable-impulsive,0.0,47.0,3277,34.125,35.133854166666666,0.9666666666666667,9280,1653,27,27,27,4,0,true,false,4,16
red3:lane2:snr20.0:seed4:frame25,20.0,25,ofdm_fec,alpha-stable-impulsive,0.0,47.0,3419,35.604166666666664,36.61302083333333,0.9666666666666667,9280,1653,28,28,28,4,0,true,false,4,16
red3:lane2:snr20.0:seed4:frame26,20.0,26,ofdm_fec,alpha-stable-impulsive,0.0,47.0,3561,37.083333333333336,38.0921875,0.9666666666666667,9280,1653,29,29,29,4,0,true,false,4,16
red3:lane2:snr20.0:seed4:frame27,20.0,27,ofdm_fec,alpha-stable-impulsive,0.0,47.0,3704,38.572916666666664,39.58177083333333,0.9666666666666667,9280,1653,30,30,30,4,0,true,false,4,16
red3:lane2:snr20.0:seed4:frame28,20.0,28,ofdm_fec,alpha-stable-impulsive,0.0,47.0,3846,40.052083333333336,41.0609375,0.9666666666666667,9280,1653,31,31,31,4,0,true,false,4,16
red3:lane2:snr20.0:seed4:frame29,20.0,29,ofdm_fec,alpha-stable-impulsive,0.0,47.0,3989,41.541666666666664,42.55052083333333,0.9666666666666667,9280,1653,32,32,32,4,0,true,false,4,16
red3:lane2:snr20.0:seed4:frame30,20.0,30,ofdm_fec,alpha-stable-impulsive,0.0,47.0,4131,43.020833333333336,44.0296875,0.9666666666666667,9280,1653,33,33,33,4,0,true,false,4,16
red3:lane2:snr20.0:seed4:frame31,20.0,31,ofdm_fec,alpha-stable-impulsive,0.0,47.0,4274,44.510416666666664,45.51927083333333,0.9666666666666667,9280,1653,34,34,34,4,0,true,false,4,16
red3:lane2:snr20.0:seed4:frame32,20.0,32,ofdm_fec,alpha-stable-impulsive,0.0,47.0,4416,45.989583333333336,46.9984375,0.9666666666666667,9280,1653,35,35,35,4,0,true,false,4,16
red3:lane2:snr20.0:seed4:frame1,20.0,1,pfft,alpha-stable-impulsive,0.0,47.0,1,0.0,1.0088541666666666,0.9666666666666667,9280,1653,4,4,4,4,587,false,false,4,16
red3:lane2:snr20.0:seed4:frame2,20.0,2,pfft,alpha-stable-impulsive,0.0,47.0,143,1.4791666666666667,2.4880208333333336,0.9666666666666667,9280,1653,5,5,5,4,534,false,false,4,16
red3:lane2:snr20.0:seed4:frame3,20.0,3,pfft,alpha-stable-impulsive,0.0,47.0,286,2.96875,3.9776041666666666,0.9666666666666667,9280,1653,6,6,6,4,484,false,false,4,16
red3:lane2:snr20.0:seed4:frame4,20.0,4,pfft,alpha-stable-impulsive,0.0,47.0,428,4.447916666666667,5.456770833333334,0.9666666666666667,9280,1653,7,7,7,4,530,false,false,4,16
red3:lane2:snr20.0:seed4:frame5,20.0,5,pfft,alpha-stable-impulsive,0.0,47.0,571,5.9375,6.946354166666667,0.9666666666666667,9280,1653,8,8,8,4,414,false,false,4,16
red3:lane2:snr20.0:seed4:frame6,20.0,6,pfft,alpha-stable-impulsive,0.0,47.0,713,7.416666666666667,8.425520833333334,0.9666666666666667,9280,1653,9,9,9,4,583,false,false,4,16
red3:lane2:snr20.0:seed4:frame7,20.0,7,pfft,alpha-stable-impulsive,0.0,47.0,856,8.90625,9.915104166666666,0.9666666666666667,9280,1653,10,10,10,4,557,false,false,4,16
red3:lane2:snr20.0:seed4:frame8,20.0,8,pfft,alpha-stable-impulsive,0.0,47.0,998,10.385416666666666,11.394270833333334,0.9666666666666667,9280,1653,11,11,11,4,495,false,false,4,16
red3:lane2:snr20.0:seed4:frame9,20.0,9,pfft,alpha-stable-impulsive,0.0,47.0,1140,11.864583333333334,12.873437500000001,0.9666666666666667,9280,1653,12,12,12,4,455,false,false,4,16
red3:lane2:snr20.0:seed4:frame10,20.0,10,pfft,alpha-stable-impulsive,0.0,47.0,1283,13.354166666666666,14.363020833333334,0.9666666666666667,9280,1653,13,13,13,4,563,false,false,4,16
red3:lane2:snr20.0:seed4:frame11,20.0,11,pfft,alpha-stable-impulsive,0.0,47.0,1425,14.833333333333334,15.842187500000001,0.9666666666666667,9280,1653,14,14,14,4,510,false,false,4,16
red3:lane2:snr20.0:seed4:frame12,20.0,12,pfft,alpha-stable-impulsive,0.0,47.0,1568,16.322916666666668,17.331770833333334,0.9666666666666667,9280,1653,15,15,15,4,516,false,false,4,16
red3:lane2:snr20.0:seed4:frame13,20.0,13,pfft,alpha-stable-impulsive,0.0,47.0,1710,17.802083333333332,18.810937499999998,0.9666666666666667,9280,1653,16,16,16,4,498,false,false,4,16
red3:lane2:snr20.0:seed4:frame14,20.0,14,pfft,alpha-stable-impulsive,0.0,47.0,1852,19.28125,20.290104166666666,0.9666666666666667,9280,1653,17,17,17,4,440,false,false,4,16
red3:lane2:snr20.0:seed4:frame15,20.0,15,pfft,alpha-stable-impulsive,0.0,47.0,1995,20.770833333333332,21.779687499999998,0.9666666666666667,9280,1653,18,18,18,4,471,false,false,4,16
red3:lane2:snr20.0:seed4:frame16,20.0,16,pfft,alpha-stable-impulsive,0.0,47.0,2137,22.25,23.258854166666666,0.9666666666666667,9280,1653,19,19,19,4,540,false,false,4,16
red3:lane2:snr20.0:seed4:frame17,20.0,17,pfft,alpha-stable-impulsive,0.0,47.0,2280,23.739583333333332,24.748437499999998,0.9666666666666667,9280,1653,20,20,20,4,519,false,false,4,16
red3:lane2:snr20.0:seed4:frame18,20.0,18,pfft,alpha-stable-impulsive,0.0,47.0,2422,25.21875,26.227604166666666,0.9666666666666667,9280,1653,21,21,21,4,532,false,false,4,16
red3:lane2:snr20.0:seed4:frame19,20.0,19,pfft,alpha-stable-impulsive,0.0,47.0,2565,26.708333333333332,27.717187499999998,0.9666666666666667,9280,1653,22,22,22,4,421,false,false,4,16
red3:lane2:snr20.0:seed4:frame20,20.0,20,pfft,alpha-stable-impulsive,0.0,47.0,2707,28.1875,29.196354166666666,0.9666666666666667,9280,1653,23,23,23,4,571,false,false,4,16
red3:lane2:snr20.0:seed4:frame21,20.0,21,pfft,alpha-stable-impulsive,0.0,47.0,2849,29.666666666666668,30.675520833333334,0.9666666666666667,9280,1653,24,24,24,4,493,false,false,4,16
red3:lane2:snr20.0:seed4:frame22,20.0,22,pfft,alpha-stable-impulsive,0.0,47.0,2992,31.15625,32.165104166666666,0.9666666666666667,9280,1653,25,25,25,4,395,false,false,4,16
red3:lane2:snr20.0:seed4:frame23,20.0,23,pfft,alpha-stable-impulsive,0.0,47.0,3134,32.635416666666664,33.64427083333333,0.9666666666666667,9280,1653,26,26,26,4,518,false,false,4,16
red3:lane2:snr20.0:seed4:frame24,20.0,24,pfft,alpha-stable-impulsive,0.0,47.0,3277,34.125,35.133854166666666,0.9666666666666667,9280,1653,27,27,27,4,487,false,false,4,16
red3:lane2:snr20.0:seed4:frame25,20.0,25,pfft,alpha-stable-impulsive,0.0,47.0,3419,35.604166666666664,36.61302083333333,0.9666666666666667,9280,1653,28,28,28,4,74,false,false,4,16
red3:lane2:snr20.0:seed4:frame26,20.0,26,pfft,alpha-stable-impulsive,0.0,47.0,3561,37.083333333333336,38.0921875,0.9666666666666667,9280,1653,29,29,29,4,510,false,false,4,16
red3:lane2:snr20.0:seed4:frame27,20.0,27,pfft,alpha-stable-impulsive,0.0,47.0,3704,38.572916666666664,39.58177083333333,0.9666666666666667,9280,1653,30,30,30,4,529,false,false,4,16
red3:lane2:snr20.0:seed4:frame28,20.0,28,pfft,alpha-stable-impulsive,0.0,47.0,3846,40.052083333333336,41.0609375,0.9666666666666667,9280,1653,31,31,31,4,468,false,false,4,16
red3:lane2:snr20.0:seed4:frame29,20.0,29,pfft,alpha-stable-impulsive,0.0,47.0,3989,41.541666666666664,42.55052083333333,0.9666666666666667,9280,1653,32,32,32,4,398,false,false,4,16
red3:lane2:snr20.0:seed4:frame30,20.0,30,pfft,alpha-stable-impulsive,0.0,47.0,4131,43.020833333333336,44.0296875,0.9666666666666667,9280,1653,33,33,33,4,450,false,false,4,16
red3:lane2:snr20.0:seed4:frame31,20.0,31,pfft,alpha-stable-impulsive,0.0,47.0,4274,44.510416666666664,45.51927083333333,0.9666666666666667,9280,1653,34,34,34,4,395,false,false,4,16
red3:lane2:snr20.0:seed4:frame32,20.0,32,pfft,alpha-stable-impulsive,0.0,47.0,4416,45.989583333333336,46.9984375,0.9666666666666667,9280,1653,35,35,35,4,501,false,false,4,16
red3:lane2:snr20.0:seed4:frame1,20.0,1,profiled_cz,alpha-stable-impulsive,0.0,47.0,1,0.0,1.0088541666666666,0.9666666666666667,9280,1653,4,4,4,4,1,false,false,4,16
red3:lane2:snr20.0:seed4:frame2,20.0,2,profiled_cz,alpha-stable-impulsive,0.0,47.0,143,1.4791666666666667,2.4880208333333336,0.9666666666666667,9280,1653,5,5,5,4,0,true,false,4,16
red3:lane2:snr20.0:seed4:frame3,20.0,3,profiled_cz,alpha-stable-impulsive,0.0,47.0,286,2.96875,3.9776041666666666,0.9666666666666667,9280,1653,6,6,6,4,0,true,false,4,16
red3:lane2:snr20.0:seed4:frame4,20.0,4,profiled_cz,alpha-stable-impulsive,0.0,47.0,428,4.447916666666667,5.456770833333334,0.9666666666666667,9280,1653,7,7,7,4,0,true,false,4,16
red3:lane2:snr20.0:seed4:frame5,20.0,5,profiled_cz,alpha-stable-impulsive,0.0,47.0,571,5.9375,6.946354166666667,0.9666666666666667,9280,1653,8,8,8,4,0,true,false,4,16
red3:lane2:snr20.0:seed4:frame6,20.0,6,profiled_cz,alpha-stable-impulsive,0.0,47.0,713,7.416666666666667,8.425520833333334,0.9666666666666667,9280,1653,9,9,9,4,73,false,false,4,16
red3:lane2:snr20.0:seed4:frame7,20.0,7,profiled_cz,alpha-stable-impulsive,0.0,47.0,856,8.90625,9.915104166666666,0.9666666666666667,9280,1653,10,10,10,4,0,true,false,4,16
red3:lane2:snr20.0:seed4:frame8,20.0,8,profiled_cz,alpha-stable-impulsive,0.0,47.0,998,10.385416666666666,11.394270833333334,0.9666666666666667,9280,1653,11,11,11,4,0,true,false,4,16
red3:lane2:snr20.0:seed4:frame9,20.0,9,profiled_cz,alpha-stable-impulsive,0.0,47.0,1140,11.864583333333334,12.873437500000001,0.9666666666666667,9280,1653,12,12,12,4,0,true,false,4,16
red3:lane2:snr20.0:seed4:frame10,20.0,10,profiled_cz,alpha-stable-impulsive,0.0,47.0,1283,13.354166666666666,14.363020833333334,0.9666666666666667,9280,1653,13,13,13,4,4,false,false,4,16
red3:lane2:snr20.0:seed4:frame11,20.0,11,profiled_cz,alpha-stable-impulsive,0.0,47.0,1425,14.833333333333334,15.842187500000001,0.9666666666666667,9280,1653,14,14,14,4,0,true,false,4,16
red3:lane2:snr20.0:seed4:frame12,20.0,12,profiled_cz,alpha-stable-impulsive,0.0,47.0,1568,16.322916666666668,17.331770833333334,0.9666666666666667,9280,1653,15,15,15,4,2,false,false,4,16
red3:lane2:snr20.0:seed4:frame13,20.0,13,profiled_cz,alpha-stable-impulsive,0.0,47.0,1710,17.802083333333332,18.810937499999998,0.9666666666666667,9280,1653,16,16,16,4,2,false,false,4,16
red3:lane2:snr20.0:seed4:frame14,20.0,14,profiled_cz,alpha-stable-impulsive,0.0,47.0,1852,19.28125,20.290104166666666,0.9666666666666667,9280,1653,17,17,17,4,0,true,false,4,16
red3:lane2:snr20.0:seed4:frame15,20.0,15,profiled_cz,alpha-stable-impulsive,0.0,47.0,1995,20.770833333333332,21.779687499999998,0.9666666666666667,9280,1653,18,18,18,4,1,false,false,4,16
red3:lane2:snr20.0:seed4:frame16,20.0,16,profiled_cz,alpha-stable-impulsive,0.0,47.0,2137,22.25,23.258854166666666,0.9666666666666667,9280,1653,19,19,19,4,0,true,false,4,16
red3:lane2:snr20.0:seed4:frame17,20.0,17,profiled_cz,alpha-stable-impulsive,0.0,47.0,2280,23.739583333333332,24.748437499999998,0.9666666666666667,9280,1653,20,20,20,4,0,true,false,4,16
red3:lane2:snr20.0:seed4:frame18,20.0,18,profiled_cz,alpha-stable-impulsive,0.0,47.0,2422,25.21875,26.227604166666666,0.9666666666666667,9280,1653,21,21,21,4,2,false,false,4,16
red3:lane2:snr20.0:seed4:frame19,20.0,19,profiled_cz,alpha-stable-impulsive,0.0,47.0,2565,26.708333333333332,27.717187499999998,0.9666666666666667,9280,1653,22,22,22,4,0,true,false,4,16
red3:lane2:snr20.0:seed4:frame20,20.0,20,profiled_cz,alpha-stable-impulsive,0.0,47.0,2707,28.1875,29.196354166666666,0.9666666666666667,9280,1653,23,23,23,4,346,false,false,4,16
red3:lane2:snr20.0:seed4:frame21,20.0,21,profiled_cz,alpha-stable-impulsive,0.0,47.0,2849,29.666666666666668,30.675520833333334,0.9666666666666667,9280,1653,24,24,24,4,0,true,false,4,16
red3:lane2:snr20.0:seed4:frame22,20.0,22,profiled_cz,alpha-stable-impulsive,0.0,47.0,2992,31.15625,32.165104166666666,0.9666666666666667,9280,1653,25,25,25,4,0,true,false,4,16
red3:lane2:snr20.0:seed4:frame23,20.0,23,profiled_cz,alpha-stable-impulsive,0.0,47.0,3134,32.635416666666664,33.64427083333333,0.9666666666666667,9280,1653,26,26,26,4,0,true,false,4,16
red3:lane2:snr20.0:seed4:frame24,20.0,24,profiled_cz,alpha-stable-impulsive,0.0,47.0,3277,34.125,35.133854166666666,0.9666666666666667,9280,1653,27,27,27,4,0,true,false,4,16
red3:lane2:snr20.0:seed4:frame25,20.0,25,profiled_cz,alpha-stable-impulsive,0.0,47.0,3419,35.604166666666664,36.61302083333333,0.9666666666666667,9280,1653,28,28,28,4,0,true,false,4,16
red3:lane2:snr20.0:seed4:frame26,20.0,26,profiled_cz,alpha-stable-impulsive,0.0,47.0,3561,37.083333333333336,38.0921875,0.9666666666666667,9280,1653,29,29,29,4,0,true,false,4,16
red3:lane2:snr20.0:seed4:frame27,20.0,27,profiled_cz,alpha-stable-impulsive,0.0,47.0,3704,38.572916666666664,39.58177083333333,0.9666666666666667,9280,1653,30,30,30,4,0,true,false,4,16
red3:lane2:snr20.0:seed4:frame28,20.0,28,profiled_cz,alpha-stable-impulsive,0.0,47.0,3846,40.052083333333336,41.0609375,0.9666666666666667,9280,1653,31,31,31,4,0,true,false,4,16
red3:lane2:snr20.0:seed4:frame29,20.0,29,profiled_cz,alpha-stable-impulsive,0.0,47.0,3989,41.541666666666664,42.55052083333333,0.9666666666666667,9280,1653,32,32,32,4,3,false,false,4,16
red3:lane2:snr20.0:seed4:frame30,20.0,30,profiled_cz,alpha-stable-impulsive,0.0,47.0,4131,43.020833333333336,44.0296875,0.9666666666666667,9280,1653,33,33,33,4,0,true,false,4,16
red3:lane2:snr20.0:seed4:frame31,20.0,31,profiled_cz,alpha-stable-impulsive,0.0,47.0,4274,44.510416666666664,45.51927083333333,0.9666666666666667,9280,1653,34,34,34,4,0,true,false,4,16
red3:lane2:snr20.0:seed4:frame32,20.0,32,profiled_cz,alpha-stable-impulsive,0.0,47.0,4416,45.989583333333336,46.9984375,0.9666666666666667,9280,1653,35,35,35,4,0,true,false,4,16
red3:lane2:snr22.0:seed4:frame1,22.0,1,cwz_joint,alpha-stable-impulsive,0.0,47.0,1,0.0,1.0088541666666666,0.9666666666666667,9280,1653,4,4,4,4,0,true,false,4,16
red3:lane2:snr22.0:seed4:frame2,22.0,2,cwz_joint,alpha-stable-impulsive,0.0,47.0,143,1.4791666666666667,2.4880208333333336,0.9666666666666667,9280,1653,5,5,5,4,0,true,false,4,16
red3:lane2:snr22.0:seed4:frame3,22.0,3,cwz_joint,alpha-stable-impulsive,0.0,47.0,286,2.96875,3.9776041666666666,0.9666666666666667,9280,1653,6,6,6,4,0,true,false,4,16
red3:lane2:snr22.0:seed4:frame4,22.0,4,cwz_joint,alpha-stable-impulsive,0.0,47.0,428,4.447916666666667,5.456770833333334,0.9666666666666667,9280,1653,7,7,7,4,1,false,false,4,16
red3:lane2:snr22.0:seed4:frame5,22.0,5,cwz_joint,alpha-stable-impulsive,0.0,47.0,571,5.9375,6.946354166666667,0.9666666666666667,9280,1653,8,8,8,4,0,true,false,4,16
red3:lane2:snr22.0:seed4:frame6,22.0,6,cwz_joint,alpha-stable-impulsive,0.0,47.0,713,7.416666666666667,8.425520833333334,0.9666666666666667,9280,1653,9,9,9,4,17,false,false,4,16
red3:lane2:snr22.0:seed4:frame7,22.0,7,cwz_joint,alpha-stable-impulsive,0.0,47.0,856,8.90625,9.915104166666666,0.9666666666666667,9280,1653,10,10,10,4,0,true,false,4,16
red3:lane2:snr22.0:seed4:frame8,22.0,8,cwz_joint,alpha-stable-impulsive,0.0,47.0,998,10.385416666666666,11.394270833333334,0.9666666666666667,9280,1653,11,11,11,4,0,true,false,4,16
red3:lane2:snr22.0:seed4:frame9,22.0,9,cwz_joint,alpha-stable-impulsive,0.0,47.0,1140,11.864583333333334,12.873437500000001,0.9666666666666667,9280,1653,12,12,12,4,0,true,false,4,16
red3:lane2:snr22.0:seed4:frame10,22.0,10,cwz_joint,alpha-stable-impulsive,0.0,47.0,1283,13.354166666666666,14.363020833333334,0.9666666666666667,9280,1653,13,13,13,4,0,true,false,4,16
red3:lane2:snr22.0:seed4:frame11,22.0,11,cwz_joint,alpha-stable-impulsive,0.0,47.0,1425,14.833333333333334,15.842187500000001,0.9666666666666667,9280,1653,14,14,14,4,0,true,false,4,16
red3:lane2:snr22.0:seed4:frame12,22.0,12,cwz_joint,alpha-stable-impulsive,0.0,47.0,1568,16.322916666666668,17.331770833333334,0.9666666666666667,9280,1653,15,15,15,4,0,true,false,4,16
red3:lane2:snr22.0:seed4:frame13,22.0,13,cwz_joint,alpha-stable-impulsive,0.0,47.0,1710,17.802083333333332,18.810937499999998,0.9666666666666667,9280,1653,16,16,16,4,0,true,false,4,16
red3:lane2:snr22.0:seed4:frame14,22.0,14,cwz_joint,alpha-stable-impulsive,0.0,47.0,1852,19.28125,20.290104166666666,0.9666666666666667,9280,1653,17,17,17,4,0,true,false,4,16
red3:lane2:snr22.0:seed4:frame15,22.0,15,cwz_joint,alpha-stable-impulsive,0.0,47.0,1995,20.770833333333332,21.779687499999998,0.9666666666666667,9280,1653,18,18,18,4,1,false,false,4,16
red3:lane2:snr22.0:seed4:frame16,22.0,16,cwz_joint,alpha-stable-impulsive,0.0,47.0,2137,22.25,23.258854166666666,0.9666666666666667,9280,1653,19,19,19,4,0,true,false,4,16
red3:lane2:snr22.0:seed4:frame17,22.0,17,cwz_joint,alpha-stable-impulsive,0.0,47.0,2280,23.739583333333332,24.748437499999998,0.9666666666666667,9280,1653,20,20,20,4,0,true,false,4,16
red3:lane2:snr22.0:seed4:frame18,22.0,18,cwz_joint,alpha-stable-impulsive,0.0,47.0,2422,25.21875,26.227604166666666,0.9666666666666667,9280,1653,21,21,21,4,1,false,false,4,16
red3:lane2:snr22.0:seed4:frame19,22.0,19,cwz_joint,alpha-stable-impulsive,0.0,47.0,2565,26.708333333333332,27.717187499999998,0.9666666666666667,9280,1653,22,22,22,4,0,true,false,4,16
red3:lane2:snr22.0:seed4:frame20,22.0,20,cwz_joint,alpha-stable-impulsive,0.0,47.0,2707,28.1875,29.196354166666666,0.9666666666666667,9280,1653,23,23,23,4,304,false,false,4,16
red3:lane2:snr22.0:seed4:frame21,22.0,21,cwz_joint,alpha-stable-impulsive,0.0,47.0,2849,29.666666666666668,30.675520833333334,0.9666666666666667,9280,1653,24,24,24,4,0,true,false,4,16
red3:lane2:snr22.0:seed4:frame22,22.0,22,cwz_joint,alpha-stable-impulsive,0.0,47.0,2992,31.15625,32.165104166666666,0.9666666666666667,9280,1653,25,25,25,4,0,true,false,4,16
red3:lane2:snr22.0:seed4:frame23,22.0,23,cwz_joint,alpha-stable-impulsive,0.0,47.0,3134,32.635416666666664,33.64427083333333,0.9666666666666667,9280,1653,26,26,26,4,0,true,false,4,16
red3:lane2:snr22.0:seed4:frame24,22.0,24,cwz_joint,alpha-stable-impulsive,0.0,47.0,3277,34.125,35.133854166666666,0.9666666666666667,9280,1653,27,27,27,4,0,true,false,4,16
red3:lane2:snr22.0:seed4:frame25,22.0,25,cwz_joint,alpha-stable-impulsive,0.0,47.0,3419,35.604166666666664,36.61302083333333,0.9666666666666667,9280,1653,28,28,28,4,0,true,false,4,16
red3:lane2:snr22.0:seed4:frame26,22.0,26,cwz_joint,alpha-stable-impulsive,0.0,47.0,3561,37.083333333333336,38.0921875,0.9666666666666667,9280,1653,29,29,29,4,0,true,false,4,16
red3:lane2:snr22.0:seed4:frame27,22.0,27,cwz_joint,alpha-stable-impulsive,0.0,47.0,3704,38.572916666666664,39.58177083333333,0.9666666666666667,9280,1653,30,30,30,4,0,true,false,4,16
red3:lane2:snr22.0:seed4:frame28,22.0,28,cwz_joint,alpha-stable-impulsive,0.0,47.0,3846,40.052083333333336,41.0609375,0.9666666666666667,9280,1653,31,31,31,4,0,true,false,4,16
red3:lane2:snr22.0:seed4:frame29,22.0,29,cwz_joint,alpha-stable-impulsive,0.0,47.0,3989,41.541666666666664,42.55052083333333,0.9666666666666667,9280,1653,32,32,32,4,0,true,false,4,16
red3:lane2:snr22.0:seed4:frame30,22.0,30,cwz_joint,alpha-stable-impulsive,0.0,47.0,4131,43.020833333333336,44.0296875,0.9666666666666667,9280,1653,33,33,33,4,0,true,false,4,16
red3:lane2:snr22.0:seed4:frame31,22.0,31,cwz_joint,alpha-stable-impulsive,0.0,47.0,4274,44.510416666666664,45.51927083333333,0.9666666666666667,9280,1653,34,34,34,4,0,true,false,4,16
red3:lane2:snr22.0:seed4:frame32,22.0,32,cwz_joint,alpha-stable-impulsive,0.0,47.0,4416,45.989583333333336,46.9984375,0.9666666666666667,9280,1653,35,35,35,4,0,true,false,4,16
red3:lane2:snr22.0:seed4:frame1,22.0,1,lite,alpha-stable-impulsive,0.0,47.0,1,0.0,1.0088541666666666,0.9666666666666667,9280,1653,4,4,4,4,0,true,false,4,16
red3:lane2:snr22.0:seed4:frame2,22.0,2,lite,alpha-stable-impulsive,0.0,47.0,143,1.4791666666666667,2.4880208333333336,0.9666666666666667,9280,1653,5,5,5,4,0,true,false,4,16
red3:lane2:snr22.0:seed4:frame3,22.0,3,lite,alpha-stable-impulsive,0.0,47.0,286,2.96875,3.9776041666666666,0.9666666666666667,9280,1653,6,6,6,4,0,true,false,4,16
red3:lane2:snr22.0:seed4:frame4,22.0,4,lite,alpha-stable-impulsive,0.0,47.0,428,4.447916666666667,5.456770833333334,0.9666666666666667,9280,1653,7,7,7,4,1,false,false,4,16
red3:lane2:snr22.0:seed4:frame5,22.0,5,lite,alpha-stable-impulsive,0.0,47.0,571,5.9375,6.946354166666667,0.9666666666666667,9280,1653,8,8,8,4,0,true,false,4,16
red3:lane2:snr22.0:seed4:frame6,22.0,6,lite,alpha-stable-impulsive,0.0,47.0,713,7.416666666666667,8.425520833333334,0.9666666666666667,9280,1653,9,9,9,4,17,false,false,4,16
red3:lane2:snr22.0:seed4:frame7,22.0,7,lite,alpha-stable-impulsive,0.0,47.0,856,8.90625,9.915104166666666,0.9666666666666667,9280,1653,10,10,10,4,0,true,false,4,16
red3:lane2:snr22.0:seed4:frame8,22.0,8,lite,alpha-stable-impulsive,0.0,47.0,998,10.385416666666666,11.394270833333334,0.9666666666666667,9280,1653,11,11,11,4,0,true,false,4,16
red3:lane2:snr22.0:seed4:frame9,22.0,9,lite,alpha-stable-impulsive,0.0,47.0,1140,11.864583333333334,12.873437500000001,0.9666666666666667,9280,1653,12,12,12,4,0,true,false,4,16
red3:lane2:snr22.0:seed4:frame10,22.0,10,lite,alpha-stable-impulsive,0.0,47.0,1283,13.354166666666666,14.363020833333334,0.9666666666666667,9280,1653,13,13,13,4,0,true,false,4,16
red3:lane2:snr22.0:seed4:frame11,22.0,11,lite,alpha-stable-impulsive,0.0,47.0,1425,14.833333333333334,15.842187500000001,0.9666666666666667,9280,1653,14,14,14,4,0,true,false,4,16
red3:lane2:snr22.0:seed4:frame12,22.0,12,lite,alpha-stable-impulsive,0.0,47.0,1568,16.322916666666668,17.331770833333334,0.9666666666666667,9280,1653,15,15,15,4,0,true,false,4,16
red3:lane2:snr22.0:seed4:frame13,22.0,13,lite,alpha-stable-impulsive,0.0,47.0,1710,17.802083333333332,18.810937499999998,0.9666666666666667,9280,1653,16,16,16,4,0,true,false,4,16
red3:lane2:snr22.0:seed4:frame14,22.0,14,lite,alpha-stable-impulsive,0.0,47.0,1852,19.28125,20.290104166666666,0.9666666666666667,9280,1653,17,17,17,4,0,true,false,4,16
red3:lane2:snr22.0:seed4:frame15,22.0,15,lite,alpha-stable-impulsive,0.0,47.0,1995,20.770833333333332,21.779687499999998,0.9666666666666667,9280,1653,18,18,18,4,1,false,false,4,16
red3:lane2:snr22.0:seed4:frame16,22.0,16,lite,alpha-stable-impulsive,0.0,47.0,2137,22.25,23.258854166666666,0.9666666666666667,9280,1653,19,19,19,4,0,true,false,4,16
red3:lane2:snr22.0:seed4:frame17,22.0,17,lite,alpha-stable-impulsive,0.0,47.0,2280,23.739583333333332,24.748437499999998,0.9666666666666667,9280,1653,20,20,20,4,0,true,false,4,16
red3:lane2:snr22.0:seed4:frame18,22.0,18,lite,alpha-stable-impulsive,0.0,47.0,2422,25.21875,26.227604166666666,0.9666666666666667,9280,1653,21,21,21,4,1,false,false,4,16
red3:lane2:snr22.0:seed4:frame19,22.0,19,lite,alpha-stable-impulsive,0.0,47.0,2565,26.708333333333332,27.717187499999998,0.9666666666666667,9280,1653,22,22,22,4,0,true,false,4,16
red3:lane2:snr22.0:seed4:frame20,22.0,20,lite,alpha-stable-impulsive,0.0,47.0,2707,28.1875,29.196354166666666,0.9666666666666667,9280,1653,23,23,23,4,304,false,false,4,16
red3:lane2:snr22.0:seed4:frame21,22.0,21,lite,alpha-stable-impulsive,0.0,47.0,2849,29.666666666666668,30.675520833333334,0.9666666666666667,9280,1653,24,24,24,4,0,true,false,4,16
red3:lane2:snr22.0:seed4:frame22,22.0,22,lite,alpha-stable-impulsive,0.0,47.0,2992,31.15625,32.165104166666666,0.9666666666666667,9280,1653,25,25,25,4,0,true,false,4,16
red3:lane2:snr22.0:seed4:frame23,22.0,23,lite,alpha-stable-impulsive,0.0,47.0,3134,32.635416666666664,33.64427083333333,0.9666666666666667,9280,1653,26,26,26,4,0,true,false,4,16
red3:lane2:snr22.0:seed4:frame24,22.0,24,lite,alpha-stable-impulsive,0.0,47.0,3277,34.125,35.133854166666666,0.9666666666666667,9280,1653,27,27,27,4,0,true,false,4,16
red3:lane2:snr22.0:seed4:frame25,22.0,25,lite,alpha-stable-impulsive,0.0,47.0,3419,35.604166666666664,36.61302083333333,0.9666666666666667,9280,1653,28,28,28,4,0,true,false,4,16
red3:lane2:snr22.0:seed4:frame26,22.0,26,lite,alpha-stable-impulsive,0.0,47.0,3561,37.083333333333336,38.0921875,0.9666666666666667,9280,1653,29,29,29,4,0,true,false,4,16
red3:lane2:snr22.0:seed4:frame27,22.0,27,lite,alpha-stable-impulsive,0.0,47.0,3704,38.572916666666664,39.58177083333333,0.9666666666666667,9280,1653,30,30,30,4,0,true,false,4,16
red3:lane2:snr22.0:seed4:frame28,22.0,28,lite,alpha-stable-impulsive,0.0,47.0,3846,40.052083333333336,41.0609375,0.9666666666666667,9280,1653,31,31,31,4,0,true,false,4,16
red3:lane2:snr22.0:seed4:frame29,22.0,29,lite,alpha-stable-impulsive,0.0,47.0,3989,41.541666666666664,42.55052083333333,0.9666666666666667,9280,1653,32,32,32,4,0,true,false,4,16
red3:lane2:snr22.0:seed4:frame30,22.0,30,lite,alpha-stable-impulsive,0.0,47.0,4131,43.020833333333336,44.0296875,0.9666666666666667,9280,1653,33,33,33,4,0,true,false,4,16
red3:lane2:snr22.0:seed4:frame31,22.0,31,lite,alpha-stable-impulsive,0.0,47.0,4274,44.510416666666664,45.51927083333333,0.9666666666666667,9280,1653,34,34,34,4,0,true,false,4,16
red3:lane2:snr22.0:seed4:frame32,22.0,32,lite,alpha-stable-impulsive,0.0,47.0,4416,45.989583333333336,46.9984375,0.9666666666666667,9280,1653,35,35,35,4,0,true,false,4,16
red3:lane2:snr22.0:seed4:frame1,22.0,1,ofdm_fec,alpha-stable-impulsive,0.0,47.0,1,0.0,1.0088541666666666,0.9666666666666667,9280,1653,4,4,4,4,0,true,false,4,16
red3:lane2:snr22.0:seed4:frame2,22.0,2,ofdm_fec,alpha-stable-impulsive,0.0,47.0,143,1.4791666666666667,2.4880208333333336,0.9666666666666667,9280,1653,5,5,5,4,0,true,false,4,16
red3:lane2:snr22.0:seed4:frame3,22.0,3,ofdm_fec,alpha-stable-impulsive,0.0,47.0,286,2.96875,3.9776041666666666,0.9666666666666667,9280,1653,6,6,6,4,0,true,false,4,16
red3:lane2:snr22.0:seed4:frame4,22.0,4,ofdm_fec,alpha-stable-impulsive,0.0,47.0,428,4.447916666666667,5.456770833333334,0.9666666666666667,9280,1653,7,7,7,4,0,true,false,4,16
red3:lane2:snr22.0:seed4:frame5,22.0,5,ofdm_fec,alpha-stable-impulsive,0.0,47.0,571,5.9375,6.946354166666667,0.9666666666666667,9280,1653,8,8,8,4,0,true,false,4,16
red3:lane2:snr22.0:seed4:frame6,22.0,6,ofdm_fec,alpha-stable-impulsive,0.0,47.0,713,7.416666666666667,8.425520833333334,0.9666666666666667,9280,1653,9,9,9,4,0,true,false,4,16
red3:lane2:snr22.0:seed4:frame7,22.0,7,ofdm_fec,alpha-stable-impulsive,0.0,47.0,856,8.90625,9.915104166666666,0.9666666666666667,9280,1653,10,10,10,4,0,true,false,4,16
red3:lane2:snr22.0:seed4:frame8,22.0,8,ofdm_fec,alpha-stable-impulsive,0.0,47.0,998,10.385416666666666,11.394270833333334,0.9666666666666667,9280,1653,11,11,11,4,0,true,false,4,16
red3:lane2:snr22.0:seed4:frame9,22.0,9,ofdm_fec,alpha-stable-impulsive,0.0,47.0,1140,11.864583333333334,12.873437500000001,0.9666666666666667,9280,1653,12,12,12,4,0,true,false,4,16
red3:lane2:snr22.0:seed4:frame10,22.0,10,ofdm_fec,alpha-stable-impulsive,0.0,47.0,1283,13.354166666666666,14.363020833333334,0.9666666666666667,9280,1653,13,13,13,4,0,true,false,4,16
red3:lane2:snr22.0:seed4:frame11,22.0,11,ofdm_fec,alpha-stable-impulsive,0.0,47.0,1425,14.833333333333334,15.842187500000001,0.9666666666666667,9280,1653,14,14,14,4,0,true,false,4,16
red3:lane2:snr22.0:seed4:frame12,22.0,12,ofdm_fec,alpha-stable-impulsive,0.0,47.0,1568,16.322916666666668,17.331770833333334,0.9666666666666667,9280,1653,15,15,15,4,0,true,false,4,16
red3:lane2:snr22.0:seed4:frame13,22.0,13,ofdm_fec,alpha-stable-impulsive,0.0,47.0,1710,17.802083333333332,18.810937499999998,0.9666666666666667,9280,1653,16,16,16,4,0,true,false,4,16
red3:lane2:snr22.0:seed4:frame14,22.0,14,ofdm_fec,alpha-stable-impulsive,0.0,47.0,1852,19.28125,20.290104166666666,0.9666666666666667,9280,1653,17,17,17,4,0,true,false,4,16
red3:lane2:snr22.0:seed4:frame15,22.0,15,ofdm_fec,alpha-stable-impulsive,0.0,47.0,1995,20.770833333333332,21.779687499999998,0.9666666666666667,9280,1653,18,18,18,4,0,true,false,4,16
red3:lane2:snr22.0:seed4:frame16,22.0,16,ofdm_fec,alpha-stable-impulsive,0.0,47.0,2137,22.25,23.258854166666666,0.9666666666666667,9280,1653,19,19,19,4,0,true,false,4,16
red3:lane2:snr22.0:seed4:frame17,22.0,17,ofdm_fec,alpha-stable-impulsive,0.0,47.0,2280,23.739583333333332,24.748437499999998,0.9666666666666667,9280,1653,20,20,20,4,0,true,false,4,16
red3:lane2:snr22.0:seed4:frame18,22.0,18,ofdm_fec,alpha-stable-impulsive,0.0,47.0,2422,25.21875,26.227604166666666,0.9666666666666667,9280,1653,21,21,21,4,0,true,false,4,16
red3:lane2:snr22.0:seed4:frame19,22.0,19,ofdm_fec,alpha-stable-impulsive,0.0,47.0,2565,26.708333333333332,27.717187499999998,0.9666666666666667,9280,1653,22,22,22,4,0,true,false,4,16
red3:lane2:snr22.0:seed4:frame20,22.0,20,ofdm_fec,alpha-stable-impulsive,0.0,47.0,2707,28.1875,29.196354166666666,0.9666666666666667,9280,1653,23,23,23,4,0,true,false,4,16
red3:lane2:snr22.0:seed4:frame21,22.0,21,ofdm_fec,alpha-stable-impulsive,0.0,47.0,2849,29.666666666666668,30.675520833333334,0.9666666666666667,9280,1653,24,24,24,4,0,true,false,4,16
red3:lane2:snr22.0:seed4:frame22,22.0,22,ofdm_fec,alpha-stable-impulsive,0.0,47.0,2992,31.15625,32.165104166666666,0.9666666666666667,9280,1653,25,25,25,4,0,true,false,4,16
red3:lane2:snr22.0:seed4:frame23,22.0,23,ofdm_fec,alpha-stable-impulsive,0.0,47.0,3134,32.635416666666664,33.64427083333333,0.9666666666666667,9280,1653,26,26,26,4,0,true,false,4,16
red3:lane2:snr22.0:seed4:frame24,22.0,24,ofdm_fec,alpha-stable-impulsive,0.0,47.0,3277,34.125,35.133854166666666,0.9666666666666667,9280,1653,27,27,27,4,0,true,false,4,16
red3:lane2:snr22.0:seed4:frame25,22.0,25,ofdm_fec,alpha-stable-impulsive,0.0,47.0,3419,35.604166666666664,36.61302083333333,0.9666666666666667,9280,1653,28,28,28,4,0,true,false,4,16
red3:lane2:snr22.0:seed4:frame26,22.0,26,ofdm_fec,alpha-stable-impulsive,0.0,47.0,3561,37.083333333333336,38.0921875,0.9666666666666667,9280,1653,29,29,29,4,0,true,false,4,16
red3:lane2:snr22.0:seed4:frame27,22.0,27,ofdm_fec,alpha-stable-impulsive,0.0,47.0,3704,38.572916666666664,39.58177083333333,0.9666666666666667,9280,1653,30,30,30,4,0,true,false,4,16
red3:lane2:snr22.0:seed4:frame28,22.0,28,ofdm_fec,alpha-stable-impulsive,0.0,47.0,3846,40.052083333333336,41.0609375,0.9666666666666667,9280,1653,31,31,31,4,0,true,false,4,16
red3:lane2:snr22.0:seed4:frame29,22.0,29,ofdm_fec,alpha-stable-impulsive,0.0,47.0,3989,41.541666666666664,42.55052083333333,0.9666666666666667,9280,1653,32,32,32,4,0,true,false,4,16
red3:lane2:snr22.0:seed4:frame30,22.0,30,ofdm_fec,alpha-stable-impulsive,0.0,47.0,4131,43.020833333333336,44.0296875,0.9666666666666667,9280,1653,33,33,33,4,0,true,false,4,16
red3:lane2:snr22.0:seed4:frame31,22.0,31,ofdm_fec,alpha-stable-impulsive,0.0,47.0,4274,44.510416666666664,45.51927083333333,0.9666666666666667,9280,1653,34,34,34,4,0,true,false,4,16
red3:lane2:snr22.0:seed4:frame32,22.0,32,ofdm_fec,alpha-stable-impulsive,0.0,47.0,4416,45.989583333333336,46.9984375,0.9666666666666667,9280,1653,35,35,35,4,0,true,false,4,16
red3:lane2:snr22.0:seed4:frame1,22.0,1,pfft,alpha-stable-impulsive,0.0,47.0,1,0.0,1.0088541666666666,0.9666666666666667,9280,1653,4,4,4,4,585,false,false,4,16
red3:lane2:snr22.0:seed4:frame2,22.0,2,pfft,alpha-stable-impulsive,0.0,47.0,143,1.4791666666666667,2.4880208333333336,0.9666666666666667,9280,1653,5,5,5,4,541,false,false,4,16
red3:lane2:snr22.0:seed4:frame3,22.0,3,pfft,alpha-stable-impulsive,0.0,47.0,286,2.96875,3.9776041666666666,0.9666666666666667,9280,1653,6,6,6,4,458,false,false,4,16
red3:lane2:snr22.0:seed4:frame4,22.0,4,pfft,alpha-stable-impulsive,0.0,47.0,428,4.447916666666667,5.456770833333334,0.9666666666666667,9280,1653,7,7,7,4,510,false,false,4,16
red3:lane2:snr22.0:seed4:frame5,22.0,5,pfft,alpha-stable-impulsive,0.0,47.0,571,5.9375,6.946354166666667,0.9666666666666667,9280,1653,8,8,8,4,421,false,false,4,16
red3:lane2:snr22.0:seed4:frame6,22.0,6,pfft,alpha-stable-impulsive,0.0,47.0,713,7.416666666666667,8.425520833333334,0.9666666666666667,9280,1653,9,9,9,4,569,false,false,4,16
red3:lane2:snr22.0:seed4:frame7,22.0,7,pfft,alpha-stable-impulsive,0.0,47.0,856,8.90625,9.915104166666666,0.9666666666666667,9280,1653,10,10,10,4,525,false,false,4,16
red3:lane2:snr22.0:seed4:frame8,22.0,8,pfft,alpha-stable-impulsive,0.0,47.0,998,10.385416666666666,11.394270833333334,0.9666666666666667,9280,1653,11,11,11,4,456,false,false,4,16
red3:lane2:snr22.0:seed4:frame9,22.0,9,pfft,alpha-stable-impulsive,0.0,47.0,1140,11.864583333333334,12.873437500000001,0.9666666666666667,9280,1653,12,12,12,4,376,false,false,4,16
red3:lane2:snr22.0:seed4:frame10,22.0,10,pfft,alpha-stable-impulsive,0.0,47.0,1283,13.354166666666666,14.363020833333334,0.9666666666666667,9280,1653,13,13,13,4,556,false,false,4,16
red3:lane2:snr22.0:seed4:frame11,22.0,11,pfft,alpha-stable-impulsive,0.0,47.0,1425,14.833333333333334,15.842187500000001,0.9666666666666667,9280,1653,14,14,14,4,523,false,false,4,16
red3:lane2:snr22.0:seed4:frame12,22.0,12,pfft,alpha-stable-impulsive,0.0,47.0,1568,16.322916666666668,17.331770833333334,0.9666666666666667,9280,1653,15,15,15,4,570,false,false,4,16
red3:lane2:snr22.0:seed4:frame13,22.0,13,pfft,alpha-stable-impulsive,0.0,47.0,1710,17.802083333333332,18.810937499999998,0.9666666666666667,9280,1653,16,16,16,4,455,false,false,4,16
red3:lane2:snr22.0:seed4:frame14,22.0,14,pfft,alpha-stable-impulsive,0.0,47.0,1852,19.28125,20.290104166666666,0.9666666666666667,9280,1653,17,17,17,4,362,false,false,4,16
red3:lane2:snr22.0:seed4:frame15,22.0,15,pfft,alpha-stable-impulsive,0.0,47.0,1995,20.770833333333332,21.779687499999998,0.9666666666666667,9280,1653,18,18,18,4,442,false,false,4,16
red3:lane2:snr22.0:seed4:frame16,22.0,16,pfft,alpha-stable-impulsive,0.0,47.0,2137,22.25,23.258854166666666,0.9666666666666667,9280,1653,19,19,19,4,538,false,false,4,16
red3:lane2:snr22.0:seed4:frame17,22.0,17,pfft,alpha-stable-impulsive,0.0,47.0,2280,23.739583333333332,24.748437499999998,0.9666666666666667,9280,1653,20,20,20,4,471,false,false,4,16
red3:lane2:snr22.0:seed4:frame18,22.0,18,pfft,alpha-stable-impulsive,0.0,47.0,2422,25.21875,26.227604166666666,0.9666666666666667,9280,1653,21,21,21,4,533,false,false,4,16
red3:lane2:snr22.0:seed4:frame19,22.0,19,pfft,alpha-stable-impulsive,0.0,47.0,2565,26.708333333333332,27.717187499999998,0.9666666666666667,9280,1653,22,22,22,4,368,false,false,4,16
red3:lane2:snr22.0:seed4:frame20,22.0,20,pfft,alpha-stable-impulsive,0.0,47.0,2707,28.1875,29.196354166666666,0.9666666666666667,9280,1653,23,23,23,4,552,false,false,4,16
red3:lane2:snr22.0:seed4:frame21,22.0,21,pfft,alpha-stable-impulsive,0.0,47.0,2849,29.666666666666668,30.675520833333334,0.9666666666666667,9280,1653,24,24,24,4,454,false,false,4,16
red3:lane2:snr22.0:seed4:frame22,22.0,22,pfft,alpha-stable-impulsive,0.0,47.0,2992,31.15625,32.165104166666666,0.9666666666666667,9280,1653,25,25,25,4,334,false,false,4,16
red3:lane2:snr22.0:seed4:frame23,22.0,23,pfft,alpha-stable-impulsive,0.0,47.0,3134,32.635416666666664,33.64427083333333,0.9666666666666667,9280,1653,26,26,26,4,459,false,false,4,16
red3:lane2:snr22.0:seed4:frame24,22.0,24,pfft,alpha-stable-impulsive,0.0,47.0,3277,34.125,35.133854166666666,0.9666666666666667,9280,1653,27,27,27,4,475,false,false,4,16
red3:lane2:snr22.0:seed4:frame25,22.0,25,pfft,alpha-stable-impulsive,0.0,47.0,3419,35.604166666666664,36.61302083333333,0.9666666666666667,9280,1653,28,28,28,4,22,false,false,4,16
red3:lane2:snr22.0:seed4:frame26,22.0,26,pfft,alpha-stable-impulsive,0.0,47.0,3561,37.083333333333336,38.0921875,0.9666666666666667,9280,1653,29,29,29,4,460,false,false,4,16
red3:lane2:snr22.0:seed4:frame27,22.0,27,pfft,alpha-stable-impulsive,0.0,47.0,3704,38.572916666666664,39.58177083333333,0.9666666666666667,9280,1653,30,30,30,4,508,false,false,4,16
red3:lane2:snr22.0:seed4:frame28,22.0,28,pfft,alpha-stable-impulsive,0.0,47.0,3846,40.052083333333336,41.0609375,0.9666666666666667,9280,1653,31,31,31,4,412,false,false,4,16
red3:lane2:snr22.0:seed4:frame29,22.0,29,pfft,alpha-stable-impulsive,0.0,47.0,3989,41.541666666666664,42.55052083333333,0.9666666666666667,9280,1653,32,32,32,4,244,false,false,4,16
red3:lane2:snr22.0:seed4:frame30,22.0,30,pfft,alpha-stable-impulsive,0.0,47.0,4131,43.020833333333336,44.0296875,0.9666666666666667,9280,1653,33,33,33,4,453,false,false,4,16
red3:lane2:snr22.0:seed4:frame31,22.0,31,pfft,alpha-stable-impulsive,0.0,47.0,4274,44.510416666666664,45.51927083333333,0.9666666666666667,9280,1653,34,34,34,4,358,false,false,4,16
red3:lane2:snr22.0:seed4:frame32,22.0,32,pfft,alpha-stable-impulsive,0.0,47.0,4416,45.989583333333336,46.9984375,0.9666666666666667,9280,1653,35,35,35,4,489,false,false,4,16
red3:lane2:snr22.0:seed4:frame1,22.0,1,profiled_cz,alpha-stable-impulsive,0.0,47.0,1,0.0,1.0088541666666666,0.9666666666666667,9280,1653,4,4,4,4,0,true,false,4,16
red3:lane2:snr22.0:seed4:frame2,22.0,2,profiled_cz,alpha-stable-impulsive,0.0,47.0,143,1.4791666666666667,2.4880208333333336,0.9666666666666667,9280,1653,5,5,5,4,0,true,false,4,16
red3:lane2:snr22.0:seed4:frame3,22.0,3,profiled_cz,alpha-stable-impulsive,0.0,47.0,286,2.96875,3.9776041666666666,0.9666666666666667,9280,1653,6,6,6,4,0,true,false,4,16
red3:lane2:snr22.0:seed4:frame4,22.0,4,profiled_cz,alpha-stable-impulsive,0.0,47.0,428,4.447916666666667,5.456770833333334,0.9666666666666667,9280,1653,7,7,7,4,1,false,false,4,16
red3:lane2:snr22.0:seed4:frame5,22.0,5,profiled_cz,alpha-stable-impulsive,0.0,47.0,571,5.9375,6.946354166666667,0.9666666666666667,9280,1653,8,8,8,4,0,true,false,4,16
red3:lane2:snr22.0:seed4:frame6,22.0,6,profiled_cz,alpha-stable-impulsive,0.0,47.0,713,7.416666666666667,8.425520833333334,0.9666666666666667,9280,1653,9,9,9,4,17,false,false,4,16
red3:lane2:snr22.0:seed4:frame7,22.0,7,profiled_cz,alpha-stable-impulsive,0.0,47.0,856,8.90625,9.915104166666666,0.9666666666666667,9280,1653,10,10,10,4,0,true,false,4,16
red3:lane2:snr22.0:seed4:frame8,22.0,8,profiled_cz,alpha-stable-impulsive,0.0,47.0,998,10.385416666666666,11.394270833333334,0.9666666666666667,9280,1653,11,11,11,4,0,true,false,4,16
red3:lane2:snr22.0:seed4:frame9,22.0,9,profiled_cz,alpha-stable-impulsive,0.0,47.0,1140,11.864583333333334,12.873437500000001,0.9666666666666667,9280,1653,12,12,12,4,0,true,false,4,16
red3:lane2:snr22.0:seed4:frame10,22.0,10,profiled_cz,alpha-stable-impulsive,0.0,47.0,1283,13.354166666666666,14.363020833333334,0.9666666666666667,9280,1653,13,13,13,4,0,true,false,4,16
red3:lane2:snr22.0:seed4:frame11,22.0,11,profiled_cz,alpha-stable-impulsive,0.0,47.0,1425,14.833333333333334,15.842187500000001,0.9666666666666667,9280,1653,14,14,14,4,0,true,false,4,16
red3:lane2:snr22.0:seed4:frame12,22.0,12,profiled_cz,alpha-stable-impulsive,0.0,47.0,1568,16.322916666666668,17.331770833333334,0.9666666666666667,9280,1653,15,15,15,4,0,true,false,4,16
red3:lane2:snr22.0:seed4:frame13,22.0,13,profiled_cz,alpha-stable-impulsive,0.0,47.0,1710,17.802083333333332,18.810937499999998,0.9666666666666667,9280,1653,16,16,16,4,0,true,false,4,16
red3:lane2:snr22.0:seed4:frame14,22.0,14,profiled_cz,alpha-stable-impulsive,0.0,47.0,1852,19.28125,20.290104166666666,0.9666666666666667,9280,1653,17,17,17,4,0,true,false,4,16
red3:lane2:snr22.0:seed4:frame15,22.0,15,profiled_cz,alpha-stable-impulsive,0.0,47.0,1995,20.770833333333332,21.779687499999998,0.9666666666666667,9280,1653,18,18,18,4,1,false,false,4,16
red3:lane2:snr22.0:seed4:frame16,22.0,16,profiled_cz,alpha-stable-impulsive,0.0,47.0,2137,22.25,23.258854166666666,0.9666666666666667,9280,1653,19,19,19,4,0,true,false,4,16
red3:lane2:snr22.0:seed4:frame17,22.0,17,profiled_cz,alpha-stable-impulsive,0.0,47.0,2280,23.739583333333332,24.748437499999998,0.9666666666666667,9280,1653,20,20,20,4,0,true,false,4,16
red3:lane2:snr22.0:seed4:frame18,22.0,18,profiled_cz,alpha-stable-impulsive,0.0,47.0,2422,25.21875,26.227604166666666,0.9666666666666667,9280,1653,21,21,21,4,1,false,false,4,16
red3:lane2:snr22.0:seed4:frame19,22.0,19,profiled_cz,alpha-stable-impulsive,0.0,47.0,2565,26.708333333333332,27.717187499999998,0.9666666666666667,9280,1653,22,22,22,4,0,true,false,4,16
red3:lane2:snr22.0:seed4:frame20,22.0,20,profiled_cz,alpha-stable-impulsive,0.0,47.0,2707,28.1875,29.196354166666666,0.9666666666666667,9280,1653,23,23,23,4,304,false,false,4,16
red3:lane2:snr22.0:seed4:frame21,22.0,21,profiled_cz,alpha-stable-impulsive,0.0,47.0,2849,29.666666666666668,30.675520833333334,0.9666666666666667,9280,1653,24,24,24,4,0,true,false,4,16
red3:lane2:snr22.0:seed4:frame22,22.0,22,profiled_cz,alpha-stable-impulsive,0.0,47.0,2992,31.15625,32.165104166666666,0.9666666666666667,9280,1653,25,25,25,4,0,true,false,4,16
red3:lane2:snr22.0:seed4:frame23,22.0,23,profiled_cz,alpha-stable-impulsive,0.0,47.0,3134,32.635416666666664,33.64427083333333,0.9666666666666667,9280,1653,26,26,26,4,0,true,false,4,16
red3:lane2:snr22.0:seed4:frame24,22.0,24,profiled_cz,alpha-stable-impulsive,0.0,47.0,3277,34.125,35.133854166666666,0.9666666666666667,9280,1653,27,27,27,4,0,true,false,4,16
red3:lane2:snr22.0:seed4:frame25,22.0,25,profiled_cz,alpha-stable-impulsive,0.0,47.0,3419,35.604166666666664,36.61302083333333,0.9666666666666667,9280,1653,28,28,28,4,0,true,false,4,16
red3:lane2:snr22.0:seed4:frame26,22.0,26,profiled_cz,alpha-stable-impulsive,0.0,47.0,3561,37.083333333333336,38.0921875,0.9666666666666667,9280,1653,29,29,29,4,0,true,false,4,16
red3:lane2:snr22.0:seed4:frame27,22.0,27,profiled_cz,alpha-stable-impulsive,0.0,47.0,3704,38.572916666666664,39.58177083333333,0.9666666666666667,9280,1653,30,30,30,4,0,true,false,4,16
red3:lane2:snr22.0:seed4:frame28,22.0,28,profiled_cz,alpha-stable-impulsive,0.0,47.0,3846,40.052083333333336,41.0609375,0.9666666666666667,9280,1653,31,31,31,4,0,true,false,4,16
red3:lane2:snr22.0:seed4:frame29,22.0,29,profiled_cz,alpha-stable-impulsive,0.0,47.0,3989,41.541666666666664,42.55052083333333,0.9666666666666667,9280,1653,32,32,32,4,0,true,false,4,16
red3:lane2:snr22.0:seed4:frame30,22.0,30,profiled_cz,alpha-stable-impulsive,0.0,47.0,4131,43.020833333333336,44.0296875,0.9666666666666667,9280,1653,33,33,33,4,0,true,false,4,16
red3:lane2:snr22.0:seed4:frame31,22.0,31,profiled_cz,alpha-stable-impulsive,0.0,47.0,4274,44.510416666666664,45.51927083333333,0.9666666666666667,9280,1653,34,34,34,4,0,true,false,4,16
red3:lane2:snr22.0:seed4:frame32,22.0,32,profiled_cz,alpha-stable-impulsive,0.0,47.0,4416,45.989583333333336,46.9984375,0.9666666666666667,9280,1653,35,35,35,4,0,true,false,4,16
red3:lane2:snr24.0:seed4:frame1,24.0,1,cwz_joint,alpha-stable-impulsive,0.0,47.0,1,0.0,1.0088541666666666,0.9666666666666667,9280,1653,4,4,4,4,0,true,false,4,16
red3:lane2:snr24.0:seed4:frame2,24.0,2,cwz_joint,alpha-stable-impulsive,0.0,47.0,143,1.4791666666666667,2.4880208333333336,0.9666666666666667,9280,1653,5,5,5,4,0,true,false,4,16
red3:lane2:snr24.0:seed4:frame3,24.0,3,cwz_joint,alpha-stable-impulsive,0.0,47.0,286,2.96875,3.9776041666666666,0.9666666666666667,9280,1653,6,6,6,4,0,true,false,4,16
red3:lane2:snr24.0:seed4:frame4,24.0,4,cwz_joint,alpha-stable-impulsive,0.0,47.0,428,4.447916666666667,5.456770833333334,0.9666666666666667,9280,1653,7,7,7,4,0,true,false,4,16
red3:lane2:snr24.0:seed4:frame5,24.0,5,cwz_joint,alpha-stable-impulsive,0.0,47.0,571,5.9375,6.946354166666667,0.9666666666666667,9280,1653,8,8,8,4,0,true,false,4,16
red3:lane2:snr24.0:seed4:frame6,24.0,6,cwz_joint,alpha-stable-impulsive,0.0,47.0,713,7.416666666666667,8.425520833333334,0.9666666666666667,9280,1653,9,9,9,4,7,false,false,4,16
red3:lane2:snr24.0:seed4:frame7,24.0,7,cwz_joint,alpha-stable-impulsive,0.0,47.0,856,8.90625,9.915104166666666,0.9666666666666667,9280,1653,10,10,10,4,0,true,false,4,16
red3:lane2:snr24.0:seed4:frame8,24.0,8,cwz_joint,alpha-stable-impulsive,0.0,47.0,998,10.385416666666666,11.394270833333334,0.9666666666666667,9280,1653,11,11,11,4,0,true,false,4,16
red3:lane2:snr24.0:seed4:frame9,24.0,9,cwz_joint,alpha-stable-impulsive,0.0,47.0,1140,11.864583333333334,12.873437500000001,0.9666666666666667,9280,1653,12,12,12,4,0,true,false,4,16
red3:lane2:snr24.0:seed4:frame10,24.0,10,cwz_joint,alpha-stable-impulsive,0.0,47.0,1283,13.354166666666666,14.363020833333334,0.9666666666666667,9280,1653,13,13,13,4,0,true,false,4,16
red3:lane2:snr24.0:seed4:frame11,24.0,11,cwz_joint,alpha-stable-impulsive,0.0,47.0,1425,14.833333333333334,15.842187500000001,0.9666666666666667,9280,1653,14,14,14,4,0,true,false,4,16
red3:lane2:snr24.0:seed4:frame12,24.0,12,cwz_joint,alpha-stable-impulsive,0.0,47.0,1568,16.322916666666668,17.331770833333334,0.9666666666666667,9280,1653,15,15,15,4,0,true,false,4,16
red3:lane2:snr24.0:seed4:frame13,24.0,13,cwz_joint,alpha-stable-impulsive,0.0,47.0,1710,17.802083333333332,18.810937499999998,0.9666666666666667,9280,1653,16,16,16,4,0,true,false,4,16
red3:lane2:snr24.0:seed4:frame14,24.0,14,cwz_joint,alpha-stable-impulsive,0.0,47.0,1852,19.28125,20.290104166666666,0.9666666666666667,9280,1653,17,17,17,4,0,true,false,4,16
red3:lane2:snr24.0:seed4:frame15,24.0,15,cwz_joint,alpha-stable-impulsive,0.0,47.0,1995,20.770833333333332,21.779687499999998,0.9666666666666667,9280,1653,18,18,18,4,0,true,false,4,16
red3:lane2:snr24.0:seed4:frame16,24.0,16,cwz_joint,alpha-stable-impulsive,0.0,47.0,2137,22.25,23.258854166666666,0.9666666666666667,9280,1653,19,19,19,4,0,true,false,4,16
red3:lane2:snr24.0:seed4:frame17,24.0,17,cwz_joint,alpha-stable-impulsive,0.0,47.0,2280,23.739583333333332,24.748437499999998,0.9666666666666667,9280,1653,20,20,20,4,0,true,false,4,16
red3:lane2:snr24.0:seed4:frame18,24.0,18,cwz_joint,alpha-stable-impulsive,0.0,47.0,2422,25.21875,26.227604166666666,0.9666666666666667,9280,1653,21,21,21,4,0,true,false,4,16
red3:lane2:snr24.0:seed4:frame19,24.0,19,cwz_joint,alpha-stable-impulsive,0.0,47.0,2565,26.708333333333332,27.717187499999998,0.9666666666666667,9280,1653,22,22,22,4,0,true,false,4,16
red3:lane2:snr24.0:seed4:frame20,24.0,20,cwz_joint,alpha-stable-impulsive,0.0,47.0,2707,28.1875,29.196354166666666,0.9666666666666667,9280,1653,23,23,23,4,252,false,false,4,16
red3:lane2:snr24.0:seed4:frame21,24.0,21,cwz_joint,alpha-stable-impulsive,0.0,47.0,2849,29.666666666666668,30.675520833333334,0.9666666666666667,9280,1653,24,24,24,4,0,true,false,4,16
red3:lane2:snr24.0:seed4:frame22,24.0,22,cwz_joint,alpha-stable-impulsive,0.0,47.0,2992,31.15625,32.165104166666666,0.9666666666666667,9280,1653,25,25,25,4,0,true,false,4,16
red3:lane2:snr24.0:seed4:frame23,24.0,23,cwz_joint,alpha-stable-impulsive,0.0,47.0,3134,32.635416666666664,33.64427083333333,0.9666666666666667,9280,1653,26,26,26,4,0,true,false,4,16
red3:lane2:snr24.0:seed4:frame24,24.0,24,cwz_joint,alpha-stable-impulsive,0.0,47.0,3277,34.125,35.133854166666666,0.9666666666666667,9280,1653,27,27,27,4,0,true,false,4,16
red3:lane2:snr24.0:seed4:frame25,24.0,25,cwz_joint,alpha-stable-impulsive,0.0,47.0,3419,35.604166666666664,36.61302083333333,0.9666666666666667,9280,1653,28,28,28,4,0,true,false,4,16
red3:lane2:snr24.0:seed4:frame26,24.0,26,cwz_joint,alpha-stable-impulsive,0.0,47.0,3561,37.083333333333336,38.0921875,0.9666666666666667,9280,1653,29,29,29,4,0,true,false,4,16
red3:lane2:snr24.0:seed4:frame27,24.0,27,cwz_joint,alpha-stable-impulsive,0.0,47.0,3704,38.572916666666664,39.58177083333333,0.9666666666666667,9280,1653,30,30,30,4,0,true,false,4,16
red3:lane2:snr24.0:seed4:frame28,24.0,28,cwz_joint,alpha-stable-impulsive,0.0,47.0,3846,40.052083333333336,41.0609375,0.9666666666666667,9280,1653,31,31,31,4,0,true,false,4,16
red3:lane2:snr24.0:seed4:frame29,24.0,29,cwz_joint,alpha-stable-impulsive,0.0,47.0,3989,41.541666666666664,42.55052083333333,0.9666666666666667,9280,1653,32,32,32,4,0,true,false,4,16
red3:lane2:snr24.0:seed4:frame30,24.0,30,cwz_joint,alpha-stable-impulsive,0.0,47.0,4131,43.020833333333336,44.0296875,0.9666666666666667,9280,1653,33,33,33,4,0,true,false,4,16
red3:lane2:snr24.0:seed4:frame31,24.0,31,cwz_joint,alpha-stable-impulsive,0.0,47.0,4274,44.510416666666664,45.51927083333333,0.9666666666666667,9280,1653,34,34,34,4,0,true,false,4,16
red3:lane2:snr24.0:seed4:frame32,24.0,32,cwz_joint,alpha-stable-impulsive,0.0,47.0,4416,45.989583333333336,46.9984375,0.9666666666666667,9280,1653,35,35,35,4,0,true,false,4,16
red3:lane2:snr24.0:seed4:frame1,24.0,1,lite,alpha-stable-impulsive,0.0,47.0,1,0.0,1.0088541666666666,0.9666666666666667,9280,1653,4,4,4,4,0,true,false,4,16
red3:lane2:snr24.0:seed4:frame2,24.0,2,lite,alpha-stable-impulsive,0.0,47.0,143,1.4791666666666667,2.4880208333333336,0.9666666666666667,9280,1653,5,5,5,4,0,true,false,4,16
red3:lane2:snr24.0:seed4:frame3,24.0,3,lite,alpha-stable-impulsive,0.0,47.0,286,2.96875,3.9776041666666666,0.9666666666666667,9280,1653,6,6,6,4,0,true,false,4,16
red3:lane2:snr24.0:seed4:frame4,24.0,4,lite,alpha-stable-impulsive,0.0,47.0,428,4.447916666666667,5.456770833333334,0.9666666666666667,9280,1653,7,7,7,4,0,true,false,4,16
red3:lane2:snr24.0:seed4:frame5,24.0,5,lite,alpha-stable-impulsive,0.0,47.0,571,5.9375,6.946354166666667,0.9666666666666667,9280,1653,8,8,8,4,0,true,false,4,16
red3:lane2:snr24.0:seed4:frame6,24.0,6,lite,alpha-stable-impulsive,0.0,47.0,713,7.416666666666667,8.425520833333334,0.9666666666666667,9280,1653,9,9,9,4,7,false,false,4,16
red3:lane2:snr24.0:seed4:frame7,24.0,7,lite,alpha-stable-impulsive,0.0,47.0,856,8.90625,9.915104166666666,0.9666666666666667,9280,1653,10,10,10,4,0,true,false,4,16
red3:lane2:snr24.0:seed4:frame8,24.0,8,lite,alpha-stable-impulsive,0.0,47.0,998,10.385416666666666,11.394270833333334,0.9666666666666667,9280,1653,11,11,11,4,0,true,false,4,16
red3:lane2:snr24.0:seed4:frame9,24.0,9,lite,alpha-stable-impulsive,0.0,47.0,1140,11.864583333333334,12.873437500000001,0.9666666666666667,9280,1653,12,12,12,4,0,true,false,4,16
red3:lane2:snr24.0:seed4:frame10,24.0,10,lite,alpha-stable-impulsive,0.0,47.0,1283,13.354166666666666,14.363020833333334,0.9666666666666667,9280,1653,13,13,13,4,0,true,false,4,16
red3:lane2:snr24.0:seed4:frame11,24.0,11,lite,alpha-stable-impulsive,0.0,47.0,1425,14.833333333333334,15.842187500000001,0.9666666666666667,9280,1653,14,14,14,4,0,true,false,4,16
red3:lane2:snr24.0:seed4:frame12,24.0,12,lite,alpha-stable-impulsive,0.0,47.0,1568,16.322916666666668,17.331770833333334,0.9666666666666667,9280,1653,15,15,15,4,1,false,false,4,16
red3:lane2:snr24.0:seed4:frame13,24.0,13,lite,alpha-stable-impulsive,0.0,47.0,1710,17.802083333333332,18.810937499999998,0.9666666666666667,9280,1653,16,16,16,4,0,true,false,4,16
red3:lane2:snr24.0:seed4:frame14,24.0,14,lite,alpha-stable-impulsive,0.0,47.0,1852,19.28125,20.290104166666666,0.9666666666666667,9280,1653,17,17,17,4,0,true,false,4,16
red3:lane2:snr24.0:seed4:frame15,24.0,15,lite,alpha-stable-impulsive,0.0,47.0,1995,20.770833333333332,21.779687499999998,0.9666666666666667,9280,1653,18,18,18,4,0,true,false,4,16
red3:lane2:snr24.0:seed4:frame16,24.0,16,lite,alpha-stable-impulsive,0.0,47.0,2137,22.25,23.258854166666666,0.9666666666666667,9280,1653,19,19,19,4,0,true,false,4,16
red3:lane2:snr24.0:seed4:frame17,24.0,17,lite,alpha-stable-impulsive,0.0,47.0,2280,23.739583333333332,24.748437499999998,0.9666666666666667,9280,1653,20,20,20,4,0,true,false,4,16
red3:lane2:snr24.0:seed4:frame18,24.0,18,lite,alpha-stable-impulsive,0.0,47.0,2422,25.21875,26.227604166666666,0.9666666666666667,9280,1653,21,21,21,4,0,true,false,4,16
red3:lane2:snr24.0:seed4:frame19,24.0,19,lite,alpha-stable-impulsive,0.0,47.0,2565,26.708333333333332,27.717187499999998,0.9666666666666667,9280,1653,22,22,22,4,0,true,false,4,16
red3:lane2:snr24.0:seed4:frame20,24.0,20,lite,alpha-stable-impulsive,0.0,47.0,2707,28.1875,29.196354166666666,0.9666666666666667,9280,1653,23,23,23,4,252,false,false,4,16
red3:lane2:snr24.0:seed4:frame21,24.0,21,lite,alpha-stable-impulsive,0.0,47.0,2849,29.666666666666668,30.675520833333334,0.9666666666666667,9280,1653,24,24,24,4,0,true,false,4,16
red3:lane2:snr24.0:seed4:frame22,24.0,22,lite,alpha-stable-impulsive,0.0,47.0,2992,31.15625,32.165104166666666,0.9666666666666667,9280,1653,25,25,25,4,0,true,false,4,16
red3:lane2:snr24.0:seed4:frame23,24.0,23,lite,alpha-stable-impulsive,0.0,47.0,3134,32.635416666666664,33.64427083333333,0.9666666666666667,9280,1653,26,26,26,4,0,true,false,4,16
red3:lane2:snr24.0:seed4:frame24,24.0,24,lite,alpha-stable-impulsive,0.0,47.0,3277,34.125,35.133854166666666,0.9666666666666667,9280,1653,27,27,27,4,0,true,false,4,16
red3:lane2:snr24.0:seed4:frame25,24.0,25,lite,alpha-stable-impulsive,0.0,47.0,3419,35.604166666666664,36.61302083333333,0.9666666666666667,9280,1653,28,28,28,4,0,true,false,4,16
red3:lane2:snr24.0:seed4:frame26,24.0,26,lite,alpha-stable-impulsive,0.0,47.0,3561,37.083333333333336,38.0921875,0.9666666666666667,9280,1653,29,29,29,4,0,true,false,4,16
red3:lane2:snr24.0:seed4:frame27,24.0,27,lite,alpha-stable-impulsive,0.0,47.0,3704,38.572916666666664,39.58177083333333,0.9666666666666667,9280,1653,30,30,30,4,0,true,false,4,16
red3:lane2:snr24.0:seed4:frame28,24.0,28,lite,alpha-stable-impulsive,0.0,47.0,3846,40.052083333333336,41.0609375,0.9666666666666667,9280,1653,31,31,31,4,0,true,false,4,16
red3:lane2:snr24.0:seed4:frame29,24.0,29,lite,alpha-stable-impulsive,0.0,47.0,3989,41.541666666666664,42.55052083333333,0.9666666666666667,9280,1653,32,32,32,4,0,true,false,4,16
red3:lane2:snr24.0:seed4:frame30,24.0,30,lite,alpha-stable-impulsive,0.0,47.0,4131,43.020833333333336,44.0296875,0.9666666666666667,9280,1653,33,33,33,4,0,true,false,4,16
red3:lane2:snr24.0:seed4:frame31,24.0,31,lite,alpha-stable-impulsive,0.0,47.0,4274,44.510416666666664,45.51927083333333,0.9666666666666667,9280,1653,34,34,34,4,0,true,false,4,16
red3:lane2:snr24.0:seed4:frame32,24.0,32,lite,alpha-stable-impulsive,0.0,47.0,4416,45.989583333333336,46.9984375,0.9666666666666667,9280,1653,35,35,35,4,0,true,false,4,16
red3:lane2:snr24.0:seed4:frame1,24.0,1,ofdm_fec,alpha-stable-impulsive,0.0,47.0,1,0.0,1.0088541666666666,0.9666666666666667,9280,1653,4,4,4,4,0,true,false,4,16
red3:lane2:snr24.0:seed4:frame2,24.0,2,ofdm_fec,alpha-stable-impulsive,0.0,47.0,143,1.4791666666666667,2.4880208333333336,0.9666666666666667,9280,1653,5,5,5,4,0,true,false,4,16
red3:lane2:snr24.0:seed4:frame3,24.0,3,ofdm_fec,alpha-stable-impulsive,0.0,47.0,286,2.96875,3.9776041666666666,0.9666666666666667,9280,1653,6,6,6,4,0,true,false,4,16
red3:lane2:snr24.0:seed4:frame4,24.0,4,ofdm_fec,alpha-stable-impulsive,0.0,47.0,428,4.447916666666667,5.456770833333334,0.9666666666666667,9280,1653,7,7,7,4,0,true,false,4,16
red3:lane2:snr24.0:seed4:frame5,24.0,5,ofdm_fec,alpha-stable-impulsive,0.0,47.0,571,5.9375,6.946354166666667,0.9666666666666667,9280,1653,8,8,8,4,0,true,false,4,16
red3:lane2:snr24.0:seed4:frame6,24.0,6,ofdm_fec,alpha-stable-impulsive,0.0,47.0,713,7.416666666666667,8.425520833333334,0.9666666666666667,9280,1653,9,9,9,4,0,true,false,4,16
red3:lane2:snr24.0:seed4:frame7,24.0,7,ofdm_fec,alpha-stable-impulsive,0.0,47.0,856,8.90625,9.915104166666666,0.9666666666666667,9280,1653,10,10,10,4,0,true,false,4,16
red3:lane2:snr24.0:seed4:frame8,24.0,8,ofdm_fec,alpha-stable-impulsive,0.0,47.0,998,10.385416666666666,11.394270833333334,0.9666666666666667,9280,1653,11,11,11,4,0,true,false,4,16
red3:lane2:snr24.0:seed4:frame9,24.0,9,ofdm_fec,alpha-stable-impulsive,0.0,47.0,1140,11.864583333333334,12.873437500000001,0.9666666666666667,9280,1653,12,12,12,4,0,true,false,4,16
red3:lane2:snr24.0:seed4:frame10,24.0,10,ofdm_fec,alpha-stable-impulsive,0.0,47.0,1283,13.354166666666666,14.363020833333334,0.9666666666666667,9280,1653,13,13,13,4,0,true,false,4,16
red3:lane2:snr24.0:seed4:frame11,24.0,11,ofdm_fec,alpha-stable-impulsive,0.0,47.0,1425,14.833333333333334,15.842187500000001,0.9666666666666667,9280,1653,14,14,14,4,0,true,false,4,16
red3:lane2:snr24.0:seed4:frame12,24.0,12,ofdm_fec,alpha-stable-impulsive,0.0,47.0,1568,16.322916666666668,17.331770833333334,0.9666666666666667,9280,1653,15,15,15,4,0,true,false,4,16
red3:lane2:snr24.0:seed4:frame13,24.0,13,ofdm_fec,alpha-stable-impulsive,0.0,47.0,1710,17.802083333333332,18.810937499999998,0.9666666666666667,9280,1653,16,16,16,4,0,true,false,4,16
red3:lane2:snr24.0:seed4:frame14,24.0,14,ofdm_fec,alpha-stable-impulsive,0.0,47.0,1852,19.28125,20.290104166666666,0.9666666666666667,9280,1653,17,17,17,4,0,true,false,4,16
red3:lane2:snr24.0:seed4:frame15,24.0,15,ofdm_fec,alpha-stable-impulsive,0.0,47.0,1995,20.770833333333332,21.779687499999998,0.9666666666666667,9280,1653,18,18,18,4,0,true,false,4,16
red3:lane2:snr24.0:seed4:frame16,24.0,16,ofdm_fec,alpha-stable-impulsive,0.0,47.0,2137,22.25,23.258854166666666,0.9666666666666667,9280,1653,19,19,19,4,0,true,false,4,16
red3:lane2:snr24.0:seed4:frame17,24.0,17,ofdm_fec,alpha-stable-impulsive,0.0,47.0,2280,23.739583333333332,24.748437499999998,0.9666666666666667,9280,1653,20,20,20,4,0,true,false,4,16
red3:lane2:snr24.0:seed4:frame18,24.0,18,ofdm_fec,alpha-stable-impulsive,0.0,47.0,2422,25.21875,26.227604166666666,0.9666666666666667,9280,1653,21,21,21,4,0,true,false,4,16
red3:lane2:snr24.0:seed4:frame19,24.0,19,ofdm_fec,alpha-stable-impulsive,0.0,47.0,2565,26.708333333333332,27.717187499999998,0.9666666666666667,9280,1653,22,22,22,4,0,true,false,4,16
red3:lane2:snr24.0:seed4:frame20,24.0,20,ofdm_fec,alpha-stable-impulsive,0.0,47.0,2707,28.1875,29.196354166666666,0.9666666666666667,9280,1653,23,23,23,4,0,true,false,4,16
red3:lane2:snr24.0:seed4:frame21,24.0,21,ofdm_fec,alpha-stable-impulsive,0.0,47.0,2849,29.666666666666668,30.675520833333334,0.9666666666666667,9280,1653,24,24,24,4,0,true,false,4,16
red3:lane2:snr24.0:seed4:frame22,24.0,22,ofdm_fec,alpha-stable-impulsive,0.0,47.0,2992,31.15625,32.165104166666666,0.9666666666666667,9280,1653,25,25,25,4,0,true,false,4,16
red3:lane2:snr24.0:seed4:frame23,24.0,23,ofdm_fec,alpha-stable-impulsive,0.0,47.0,3134,32.635416666666664,33.64427083333333,0.9666666666666667,9280,1653,26,26,26,4,0,true,false,4,16
red3:lane2:snr24.0:seed4:frame24,24.0,24,ofdm_fec,alpha-stable-impulsive,0.0,47.0,3277,34.125,35.133854166666666,0.9666666666666667,9280,1653,27,27,27,4,0,true,false,4,16
red3:lane2:snr24.0:seed4:frame25,24.0,25,ofdm_fec,alpha-stable-impulsive,0.0,47.0,3419,35.604166666666664,36.61302083333333,0.9666666666666667,9280,1653,28,28,28,4,0,true,false,4,16
red3:lane2:snr24.0:seed4:frame26,24.0,26,ofdm_fec,alpha-stable-impulsive,0.0,47.0,3561,37.083333333333336,38.0921875,0.9666666666666667,9280,1653,29,29,29,4,0,true,false,4,16
red3:lane2:snr24.0:seed4:frame27,24.0,27,ofdm_fec,alpha-stable-impulsive,0.0,47.0,3704,38.572916666666664,39.58177083333333,0.9666666666666667,9280,1653,30,30,30,4,0,true,false,4,16
red3:lane2:snr24.0:seed4:frame28,24.0,28,ofdm_fec,alpha-stable-impulsive,0.0,47.0,3846,40.052083333333336,41.0609375,0.9666666666666667,9280,1653,31,31,31,4,0,true,false,4,16
red3:lane2:snr24.0:seed4:frame29,24.0,29,ofdm_fec,alpha-stable-impulsive,0.0,47.0,3989,41.541666666666664,42.55052083333333,0.9666666666666667,9280,1653,32,32,32,4,0,true,false,4,16
red3:lane2:snr24.0:seed4:frame30,24.0,30,ofdm_fec,alpha-stable-impulsive,0.0,47.0,4131,43.020833333333336,44.0296875,0.9666666666666667,9280,1653,33,33,33,4,0,true,false,4,16
red3:lane2:snr24.0:seed4:frame31,24.0,31,ofdm_fec,alpha-stable-impulsive,0.0,47.0,4274,44.510416666666664,45.51927083333333,0.9666666666666667,9280,1653,34,34,34,4,0,true,false,4,16
red3:lane2:snr24.0:seed4:frame32,24.0,32,ofdm_fec,alpha-stable-impulsive,0.0,47.0,4416,45.989583333333336,46.9984375,0.9666666666666667,9280,1653,35,35,35,4,0,true,false,4,16
red3:lane2:snr24.0:seed4:frame1,24.0,1,pfft,alpha-stable-impulsive,0.0,47.0,1,0.0,1.0088541666666666,0.9666666666666667,9280,1653,4,4,4,4,596,false,false,4,16
red3:lane2:snr24.0:seed4:frame2,24.0,2,pfft,alpha-stable-impulsive,0.0,47.0,143,1.4791666666666667,2.4880208333333336,0.9666666666666667,9280,1653,5,5,5,4,493,false,false,4,16
red3:lane2:snr24.0:seed4:frame3,24.0,3,pfft,alpha-stable-impulsive,0.0,47.0,286,2.96875,3.9776041666666666,0.9666666666666667,9280,1653,6,6,6,4,503,false,false,4,16
red3:lane2:snr24.0:seed4:frame4,24.0,4,pfft,alpha-stable-impulsive,0.0,47.0,428,4.447916666666667,5.456770833333334,0.9666666666666667,9280,1653,7,7,7,4,455,false,false,4,16
red3:lane2:snr24.0:seed4:frame5,24.0,5,pfft,alpha-stable-impulsive,0.0,47.0,571,5.9375,6.946354166666667,0.9666666666666667,9280,1653,8,8,8,4,391,false,false,4,16
red3:lane2:snr24.0:seed4:frame6,24.0,6,pfft,alpha-stable-impulsive,0.0,47.0,713,7.416666666666667,8.425520833333334,0.9666666666666667,9280,1653,9,9,9,4,509,false,false,4,16
red3:lane2:snr24.0:seed4:frame7,24.0,7,pfft,alpha-stable-impulsive,0.0,47.0,856,8.90625,9.915104166666666,0.9666666666666667,9280,1653,10,10,10,4,521,false,false,4,16
red3:lane2:snr24.0:seed4:frame8,24.0,8,pfft,alpha-stable-impulsive,0.0,47.0,998,10.385416666666666,11.394270833333334,0.9666666666666667,9280,1653,11,11,11,4,457,false,false,4,16
red3:lane2:snr24.0:seed4:frame9,24.0,9,pfft,alpha-stable-impulsive,0.0,47.0,1140,11.864583333333334,12.873437500000001,0.9666666666666667,9280,1653,12,12,12,4,392,false,false,4,16
red3:lane2:snr24.0:seed4:frame10,24.0,10,pfft,alpha-stable-impulsive,0.0,47.0,1283,13.354166666666666,14.363020833333334,0.9666666666666667,9280,1653,13,13,13,4,555,false,false,4,16
red3:lane2:snr24.0:seed4:frame11,24.0,11,pfft,alpha-stable-impulsive,0.0,47.0,1425,14.833333333333334,15.842187500000001,0.9666666666666667,9280,1653,14,14,14,4,522,false,false,4,16
red3:lane2:snr24.0:seed4:frame12,24.0,12,pfft,alpha-stable-impulsive,0.0,47.0,1568,16.322916666666668,17.331770833333334,0.9666666666666667,9280,1653,15,15,15,4,546,false,false,4,16
red3:lane2:snr24.0:seed4:frame13,24.0,13,pfft,alpha-stable-impulsive,0.0,47.0,1710,17.802083333333332,18.810937499999998,0.9666666666666667,9280,1653,16,16,16,4,483,false,false,4,16
red3:lane2:snr24.0:seed4:frame14,24.0,14,pfft,alpha-stable-impulsive,0.0,47.0,1852,19.28125,20.290104166666666,0.9666666666666667,9280,1653,17,17,17,4,337,false,false,4,16
red3:lane2:snr24.0:seed4:frame15,24.0,15,pfft,alpha-stable-impulsive,0.0,47.0,1995,20.770833333333332,21.779687499999998,0.9666666666666667,9280,1653,18,18,18,4,471,false,false,4,16
red3:lane2:snr24.0:seed4:frame16,24.0,16,pfft,alpha-stable-impulsive,0.0,47.0,2137,22.25,23.258854166666666,0.9666666666666667,9280,1653,19,19,19,4,524,false,false,4,16
red3:lane2:snr24.0:seed4:frame17,24.0,17,pfft,alpha-stable-impulsive,0.0,47.0,2280,23.739583333333332,24.748437499999998,0.9666666666666667,9280,1653,20,20,20,4,482,false,false,4,16
red3:lane2:snr24.0:seed4:frame18,24.0,18,pfft,alpha-stable-impulsive,0.0,47.0,2422,25.21875,26.227604166666666,0.9666666666666667,9280,1653,21,21,21,4,520,false,false,4,16
red3:lane2:snr24.0:seed4:frame19,24.0,19,pfft,alpha-stable-impulsive,0.0,47.0,2565,26.708333333333332,27.717187499999998,0.9666666666666667,9280,1653,22,22,22,4,345,false,false,4,16
red3:lane2:snr24.0:seed4:frame20,24.0,20,pfft,alpha-stable-impulsive,0.0,47.0,2707,28.1875,29.196354166666666,0.9666666666666667,9280,1653,23,23,23,4,546,false,false,4,16
red3:lane2:snr24.0:seed4:frame21,24.0,21,pfft,alpha-stable-impulsive,0.0,47.0,2849,29.666666666666668,30.675520833333334,0.9666666666666667,9280,1653,24,24,24,4,462,false,false,4,16
red3:lane2:snr24.0:seed4:frame22,24.0,22,pfft,alpha-stable-impulsive,0.0,47.0,2992,31.15625,32.165104166666666,0.9666666666666667,9280,1653,25,25,25,4,360,false,false,4,16
red3:lane2:snr24.0:seed4:frame23,24.0,23,pfft,alpha-stable-impulsive,0.0,47.0,3134,32.635416666666664,33.64427083333333,0.9666666666666667,9280,1653,26,26,26,4,478,false,false,4,16
red3:lane2:snr24.0:seed4:frame24,24.0,24,pfft,alpha-stable-impulsive,0.0,47.0,3277,34.125,35.133854166666666,0.9666666666666667,9280,1653,27,27,27,4,463,false,false,4,16
red3:lane2:snr24.0:seed4:frame25,24.0,25,pfft,alpha-stable-impulsive,0.0,47.0,3419,35.604166666666664,36.61302083333333,0.9666666666666667,9280,1653,28,28,28,4,16,false,false,4,16
red3:lane2:snr24.0:seed4:frame26,24.0,26,pfft,alpha-stable-impulsive,0.0,47.0,3561,37.083333333333336,38.0921875,0.9666666666666667,9280,1653,29,29,29,4,483,false,false,4,16
red3:lane2:snr24.0:seed4:frame27,24.0,27,pfft,alpha-stable-impulsive,0.0,47.0,3704,38.572916666666664,39.58177083333333,0.9666666666666667,9280,1653,30,30,30,4,536,false,false,4,16
red3:lane2:snr24.0:seed4:frame28,24.0,28,pfft,alpha-stable-impulsive,0.0,47.0,3846,40.052083333333336,41.0609375,0.9666666666666667,9280,1653,31,31,31,4,383,false,false,4,16
red3:lane2:snr24.0:seed4:frame29,24.0,29,pfft,alpha-stable-impulsive,0.0,47.0,3989,41.541666666666664,42.55052083333333,0.9666666666666667,9280,1653,32,32,32,4,219,false,false,4,16
red3:lane2:snr24.0:seed4:frame30,24.0,30,pfft,alpha-stable-impulsive,0.0,47.0,4131,43.020833333333336,44.0296875,0.9666666666666667,9280,1653,33,33,33,4,481,false,false,4,16
red3:lane2:snr24.0:seed4:frame31,24.0,31,pfft,alpha-stable-impulsive,0.0,47.0,4274,44.510416666666664,45.51927083333333,0.9666666666666667,9280,1653,34,34,34,4,349,false,false,4,16
red3:lane2:snr24.0:seed4:frame32,24.0,32,pfft,alpha-stable-impulsive,0.0,47.0,4416,45.989583333333336,46.9984375,0.9666666666666667,9280,1653,35,35,35,4,479,false,false,4,16
red3:lane2:snr24.0:seed4:frame1,24.0,1,profiled_cz,alpha-stable-impulsive,0.0,47.0,1,0.0,1.0088541666666666,0.9666666666666667,9280,1653,4,4,4,4,0,true,false,4,16
red3:lane2:snr24.0:seed4:frame2,24.0,2,profiled_cz,alpha-stable-impulsive,0.0,47.0,143,1.4791666666666667,2.4880208333333336,0.9666666666666667,9280,1653,5,5,5,4,0,true,false,4,16
red3:lane2:snr24.0:seed4:frame3,24.0,3,profiled_cz,alpha-stable-impulsive,0.0,47.0,286,2.96875,3.9776041666666666,0.9666666666666667,9280,1653,6,6,6,4,0,true,false,4,16
red3:lane2:snr24.0:seed4:frame4,24.0,4,profiled_cz,alpha-stable-impulsive,0.0,47.0,428,4.447916666666667,5.456770833333334,0.9666666666666667,9280,1653,7,7,7,4,0,true,false,4,16
red3:lane2:snr24.0:seed4:frame5,24.0,5,profiled_cz,alpha-stable-impulsive,0.0,47.0,571,5.9375,6.946354166666667,0.9666666666666667,9280,1653,8,8,8,4,0,true,false,4,16
red3:lane2:snr24.0:seed4:frame6,24.0,6,profiled_cz,alpha-stable-impulsive,0.0,47.0,713,7.416666666666667,8.425520833333334,0.9666666666666667,9280,1653,9,9,9,4,7,false,false,4,16
red3:lane2:snr24.0:seed4:frame7,24.0,7,profiled_cz,alpha-stable-impulsive,0.0,47.0,856,8.90625,9.915104166666666,0.9666666666666667,9280,1653,10,10,10,4,0,true,false,4,16
red3:lane2:snr24.0:seed4:frame8,24.0,8,profiled_cz,alpha-stable-impulsive,0.0,47.0,998,10.385416666666666,11.394270833333334,0.9666666666666667,9280,1653,11,11,11,4,0,true,false,4,16
red3:lane2:snr24.0:seed4:frame9,24.0,9,profiled_cz,alpha-stable-impulsive,0.0,47.0,1140,11.864583333333334,12.873437500000001,0.9666666666666667,9280,1653,12,12,12,4,0,true,false,4,16
red3:lane2:snr24.0:seed4:frame10,24.0,10,profiled_cz,alpha-stable-impulsive,0.0,47.0,1283,13.354166666666666,14.363020833333334,0.9666666666666667,9280,1653,13,13,13,4,0,true,false,4,16
red3:lane2:snr24.0:seed4:frame11,24.0,11,profiled_cz,alpha-stable-impulsive,0.0,47.0,1425,14.833333333333334,15.842187500000001,0.9666666666666667,9280,1653,14,14,14,4,0,true,false,4,16
red3:lane2:snr24.0:seed4:frame12,24.0,12,profiled_cz,alpha-stable-impulsive,0.0,47.0,1568,16.322916666666668,17.331770833333334,0.9666666666666667,9280,1653,15,15,15,4,1,false,false,4,16
red3:lane2:snr24.0:seed4:frame13,24.0,13,profiled_cz,alpha-stable-impulsive,0.0,47.0,1710,17.802083333333332,18.810937499999998,0.9666666666666667,9280,1653,16,16,16,4,0,true,false,4,16
red3:lane2:snr24.0:seed4:frame14,24.0,14,profiled_cz,alpha-stable-impulsive,0.0,47.0,1852,19.28125,20.290104166666666,0.9666666666666667,9280,1653,17,17,17,4,0,true,false,4,16
red3:lane2:snr24.0:seed4:frame15,24.0,15,profiled_cz,alpha-stable-impulsive,0.0,47.0,1995,20.770833333333332,21.779687499999998,0.9666666666666667,9280,1653,18,18,18,4,0,true,false,4,16
red3:lane2:snr24.0:seed4:frame16,24.0,16,profiled_cz,alpha-stable-impulsive,0.0,47.0,2137,22.25,23.258854166666666,0.9666666666666667,9280,1653,19,19,19,4,0,true,false,4,16
red3:lane2:snr24.0:seed4:frame17,24.0,17,profiled_cz,alpha-stable-impulsive,0.0,47.0,2280,23.739583333333332,24.748437499999998,0.9666666666666667,9280,1653,20,20,20,4,0,true,false,4,16
red3:lane2:snr24.0:seed4:frame18,24.0,18,profiled_cz,alpha-stable-impulsive,0.0,47.0,2422,25.21875,26.227604166666666,0.9666666666666667,9280,1653,21,21,21,4,0,true,false,4,16
red3:lane2:snr24.0:seed4:frame19,24.0,19,profiled_cz,alpha-stable-impulsive,0.0,47.0,2565,26.708333333333332,27.717187499999998,0.9666666666666667,9280,1653,22,22,22,4,0,true,false,4,16
red3:lane2:snr24.0:seed4:frame20,24.0,20,profiled_cz,alpha-stable-impulsive,0.0,47.0,2707,28.1875,29.196354166666666,0.9666666666666667,9280,1653,23,23,23,4,252,false,false,4,16
red3:lane2:snr24.0:seed4:frame21,24.0,21,profiled_cz,alpha-stable-impulsive,0.0,47.0,2849,29.666666666666668,30.675520833333334,0.9666666666666667,9280,1653,24,24,24,4,0,true,false,4,16
red3:lane2:snr24.0:seed4:frame22,24.0,22,profiled_cz,alpha-stable-impulsive,0.0,47.0,2992,31.15625,32.165104166666666,0.9666666666666667,9280,1653,25,25,25,4,0,true,false,4,16
red3:lane2:snr24.0:seed4:frame23,24.0,23,profiled_cz,alpha-stable-impulsive,0.0,47.0,3134,32.635416666666664,33.64427083333333,0.9666666666666667,9280,1653,26,26,26,4,0,true,false,4,16
red3:lane2:snr24.0:seed4:frame24,24.0,24,profiled_cz,alpha-stable-impulsive,0.0,47.0,3277,34.125,35.133854166666666,0.9666666666666667,9280,1653,27,27,27,4,0,true,false,4,16
red3:lane2:snr24.0:seed4:frame25,24.0,25,profiled_cz,alpha-stable-impulsive,0.0,47.0,3419,35.604166666666664,36.61302083333333,0.9666666666666667,9280,1653,28,28,28,4,0,true,false,4,16
red3:lane2:snr24.0:seed4:frame26,24.0,26,profiled_cz,alpha-stable-impulsive,0.0,47.0,3561,37.083333333333336,38.0921875,0.9666666666666667,9280,1653,29,29,29,4,0,true,false,4,16
red3:lane2:snr24.0:seed4:frame27,24.0,27,profiled_cz,alpha-stable-impulsive,0.0,47.0,3704,38.572916666666664,39.58177083333333,0.9666666666666667,9280,1653,30,30,30,4,0,true,false,4,16
red3:lane2:snr24.0:seed4:frame28,24.0,28,profiled_cz,alpha-stable-impulsive,0.0,47.0,3846,40.052083333333336,41.0609375,0.9666666666666667,9280,1653,31,31,31,4,0,true,false,4,16
red3:lane2:snr24.0:seed4:frame29,24.0,29,profiled_cz,alpha-stable-impulsive,0.0,47.0,3989,41.541666666666664,42.55052083333333,0.9666666666666667,9280,1653,32,32,32,4,0,true,false,4,16
red3:lane2:snr24.0:seed4:frame30,24.0,30,profiled_cz,alpha-stable-impulsive,0.0,47.0,4131,43.020833333333336,44.0296875,0.9666666666666667,9280,1653,33,33,33,4,0,true,false,4,16
red3:lane2:snr24.0:seed4:frame31,24.0,31,profiled_cz,alpha-stable-impulsive,0.0,47.0,4274,44.510416666666664,45.51927083333333,0.9666666666666667,9280,1653,34,34,34,4,0,true,false,4,16
red3:lane2:snr24.0:seed4:frame32,24.0,32,profiled_cz,alpha-stable-impulsive,0.0,47.0,4416,45.989583333333336,46.9984375,0.9666666666666667,9280,1653,35,35,35,4,0,true,false,4,16
red3:lane2:snr26.0:seed4:frame1,26.0,1,cwz_joint,alpha-stable-impulsive,0.0,47.0,1,0.0,1.0088541666666666,0.9666666666666667,9280,1653,4,4,4,4,0,true,false,4,16
red3:lane2:snr26.0:seed4:frame2,26.0,2,cwz_joint,alpha-stable-impulsive,0.0,47.0,143,1.4791666666666667,2.4880208333333336,0.9666666666666667,9280,1653,5,5,5,4,0,true,false,4,16
red3:lane2:snr26.0:seed4:frame3,26.0,3,cwz_joint,alpha-stable-impulsive,0.0,47.0,286,2.96875,3.9776041666666666,0.9666666666666667,9280,1653,6,6,6,4,0,true,false,4,16
red3:lane2:snr26.0:seed4:frame4,26.0,4,cwz_joint,alpha-stable-impulsive,0.0,47.0,428,4.447916666666667,5.456770833333334,0.9666666666666667,9280,1653,7,7,7,4,0,true,false,4,16
red3:lane2:snr26.0:seed4:frame5,26.0,5,cwz_joint,alpha-stable-impulsive,0.0,47.0,571,5.9375,6.946354166666667,0.9666666666666667,9280,1653,8,8,8,4,0,true,false,4,16
red3:lane2:snr26.0:seed4:frame6,26.0,6,cwz_joint,alpha-stable-impulsive,0.0,47.0,713,7.416666666666667,8.425520833333334,0.9666666666666667,9280,1653,9,9,9,4,8,false,false,4,16
red3:lane2:snr26.0:seed4:frame7,26.0,7,cwz_joint,alpha-stable-impulsive,0.0,47.0,856,8.90625,9.915104166666666,0.9666666666666667,9280,1653,10,10,10,4,0,true,false,4,16
red3:lane2:snr26.0:seed4:frame8,26.0,8,cwz_joint,alpha-stable-impulsive,0.0,47.0,998,10.385416666666666,11.394270833333334,0.9666666666666667,9280,1653,11,11,11,4,0,true,false,4,16
red3:lane2:snr26.0:seed4:frame9,26.0,9,cwz_joint,alpha-stable-impulsive,0.0,47.0,1140,11.864583333333334,12.873437500000001,0.9666666666666667,9280,1653,12,12,12,4,0,true,false,4,16
red3:lane2:snr26.0:seed4:frame10,26.0,10,cwz_joint,alpha-stable-impulsive,0.0,47.0,1283,13.354166666666666,14.363020833333334,0.9666666666666667,9280,1653,13,13,13,4,0,true,false,4,16
red3:lane2:snr26.0:seed4:frame11,26.0,11,cwz_joint,alpha-stable-impulsive,0.0,47.0,1425,14.833333333333334,15.842187500000001,0.9666666666666667,9280,1653,14,14,14,4,0,true,false,4,16
red3:lane2:snr26.0:seed4:frame12,26.0,12,cwz_joint,alpha-stable-impulsive,0.0,47.0,1568,16.322916666666668,17.331770833333334,0.9666666666666667,9280,1653,15,15,15,4,0,true,false,4,16
red3:lane2:snr26.0:seed4:frame13,26.0,13,cwz_joint,alpha-stable-impulsive,0.0,47.0,1710,17.802083333333332,18.810937499999998,0.9666666666666667,9280,1653,16,16,16,4,0,true,false,4,16
red3:lane2:snr26.0:seed4:frame14,26.0,14,cwz_joint,alpha-stable-impulsive,0.0,47.0,1852,19.28125,20.290104166666666,0.9666666666666667,9280,1653,17,17,17,4,0,true,false,4,16
red3:lane2:snr26.0:seed4:frame15,26.0,15,cwz_joint,alpha-stable-impulsive,0.0,47.0,1995,20.770833333333332,21.779687499999998,0.9666666666666667,9280,1653,18,18,18,4,1,false,false,4,16
red3:lane2:snr26.0:seed4:frame16,26.0,16,cwz_joint,alpha-stable-impulsive,0.0,47.0,2137,22.25,23.258854166666666,0.9666666666666667,9280,1653,19,19,19,4,0,true,false,4,16
red3:lane2:snr26.0:seed4:frame17,26.0,17,cwz_joint,alpha-stable-impulsive,0.0,47.0,2280,23.739583333333332,24.748437499999998,0.9666666666666667,9280,1653,20,20,20,4,0,true,false,4,16
red3:lane2:snr26.0:seed4:frame18,26.0,18,cwz_joint,alpha-stable-impulsive,0.0,47.0,2422,25.21875,26.227604166666666,0.9666666666666667,9280,1653,21,21,21,4,0,true,false,4,16
red3:lane2:snr26.0:seed4:frame19,26.0,19,cwz_joint,alpha-stable-impulsive,0.0,47.0,2565,26.708333333333332,27.717187499999998,0.9666666666666667,9280,1653,22,22,22,4,0,true,false,4,16
red3:lane2:snr26.0:seed4:frame20,26.0,20,cwz_joint,alpha-stable-impulsive,0.0,47.0,2707,28.1875,29.196354166666666,0.9666666666666667,9280,1653,23,23,23,4,59,false,false,4,16
red3:lane2:snr26.0:seed4:frame21,26.0,21,cwz_joint,alpha-stable-impulsive,0.0,47.0,2849,29.666666666666668,30.675520833333334,0.9666666666666667,9280,1653,24,24,24,4,0,true,false,4,16
red3:lane2:snr26.0:seed4:frame22,26.0,22,cwz_joint,alpha-stable-impulsive,0.0,47.0,2992,31.15625,32.165104166666666,0.9666666666666667,9280,1653,25,25,25,4,0,true,false,4,16
red3:lane2:snr26.0:seed4:frame23,26.0,23,cwz_joint,alpha-stable-impulsive,0.0,47.0,3134,32.635416666666664,33.64427083333333,0.9666666666666667,9280,1653,26,26,26,4,0,true,false,4,16
red3:lane2:snr26.0:seed4:frame24,26.0,24,cwz_joint,alpha-stable-impulsive,0.0,47.0,3277,34.125,35.133854166666666,0.9666666666666667,9280,1653,27,27,27,4,0,true,false,4,16
red3:lane2:snr26.0:seed4:frame25,26.0,25,cwz_joint,alpha-stable-impulsive,0.0,47.0,3419,35.604166666666664,36.61302083333333,0.9666666666666667,9280,1653,28,28,28,4,0,true,false,4,16
red3:lane2:snr26.0:seed4:frame26,26.0,26,cwz_joint,alpha-stable-impulsive,0.0,47.0,3561,37.083333333333336,38.0921875,0.9666666666666667,9280,1653,29,29,29,4,0,true,false,4,16
red3:lane2:snr26.0:seed4:frame27,26.0,27,cwz_joint,alpha-stable-impulsive,0.0,47.0,3704,38.572916666666664,39.58177083333333,0.9666666666666667,9280,1653,30,30,30,4,0,true,false,4,16
red3:lane2:snr26.0:seed4:frame28,26.0,28,cwz_joint,alpha-stable-impulsive,0.0,47.0,3846,40.052083333333336,41.0609375,0.9666666666666667,9280,1653,31,31,31,4,0,true,false,4,16
red3:lane2:snr26.0:seed4:frame29,26.0,29,cwz_joint,alpha-stable-impulsive,0.0,47.0,3989,41.541666666666664,42.55052083333333,0.9666666666666667,9280,1653,32,32,32,4,0,true,false,4,16
red3:lane2:snr26.0:seed4:frame30,26.0,30,cwz_joint,alpha-stable-impulsive,0.0,47.0,4131,43.020833333333336,44.0296875,0.9666666666666667,9280,1653,33,33,33,4,0,true,false,4,16
red3:lane2:snr26.0:seed4:frame31,26.0,31,cwz_joint,alpha-stable-impulsive,0.0,47.0,4274,44.510416666666664,45.51927083333333,0.9666666666666667,9280,1653,34,34,34,4,0,true,false,4,16
red3:lane2:snr26.0:seed4:frame32,26.0,32,cwz_joint,alpha-stable-impulsive,0.0,47.0,4416,45.989583333333336,46.9984375,0.9666666666666667,9280,1653,35,35,35,4,0,true,false,4,16
red3:lane2:snr26.0:seed4:frame1,26.0,1,lite,alpha-stable-impulsive,0.0,47.0,1,0.0,1.0088541666666666,0.9666666666666667,9280,1653,4,4,4,4,0,true,false,4,16
red3:lane2:snr26.0:seed4:frame2,26.0,2,lite,alpha-stable-impulsive,0.0,47.0,143,1.4791666666666667,2.4880208333333336,0.9666666666666667,9280,1653,5,5,5,4,0,true,false,4,16
red3:lane2:snr26.0:seed4:frame3,26.0,3,lite,alpha-stable-impulsive,0.0,47.0,286,2.96875,3.9776041666666666,0.9666666666666667,9280,1653,6,6,6,4,0,true,false,4,16
red3:lane2:snr26.0:seed4:frame4,26.0,4,lite,alpha-stable-impulsive,0.0,47.0,428,4.447916666666667,5.456770833333334,0.9666666666666667,9280,1653,7,7,7,4,0,true,false,4,16
red3:lane2:snr26.0:seed4:frame5,26.0,5,lite,alpha-stable-impulsive,0.0,47.0,571,5.9375,6.946354166666667,0.9666666666666667,9280,1653,8,8,8,4,0,true,false,4,16
red3:lane2:snr26.0:seed4:frame6,26.0,6,lite,alpha-stable-impulsive,0.0,47.0,713,7.416666666666667,8.425520833333334,0.9666666666666667,9280,1653,9,9,9,4,8,false,false,4,16
red3:lane2:snr26.0:seed4:frame7,26.0,7,lite,alpha-stable-impulsive,0.0,47.0,856,8.90625,9.915104166666666,0.9666666666666667,9280,1653,10,10,10,4,0,true,false,4,16
red3:lane2:snr26.0:seed4:frame8,26.0,8,lite,alpha-stable-impulsive,0.0,47.0,998,10.385416666666666,11.394270833333334,0.9666666666666667,9280,1653,11,11,11,4,0,true,false,4,16
red3:lane2:snr26.0:seed4:frame9,26.0,9,lite,alpha-stable-impulsive,0.0,47.0,1140,11.864583333333334,12.873437500000001,0.9666666666666667,9280,1653,12,12,12,4,0,true,false,4,16
red3:lane2:snr26.0:seed4:frame10,26.0,10,lite,alpha-stable-impulsive,0.0,47.0,1283,13.354166666666666,14.363020833333334,0.9666666666666667,9280,1653,13,13,13,4,0,true,false,4,16
red3:lane2:snr26.0:seed4:frame11,26.0,11,lite,alpha-stable-impulsive,0.0,47.0,1425,14.833333333333334,15.842187500000001,0.9666666666666667,9280,1653,14,14,14,4,0,true,false,4,16
red3:lane2:snr26.0:seed4:frame12,26.0,12,lite,alpha-stable-impulsive,0.0,47.0,1568,16.322916666666668,17.331770833333334,0.9666666666666667,9280,1653,15,15,15,4,0,true,false,4,16
red3:lane2:snr26.0:seed4:frame13,26.0,13,lite,alpha-stable-impulsive,0.0,47.0,1710,17.802083333333332,18.810937499999998,0.9666666666666667,9280,1653,16,16,16,4,0,true,false,4,16
red3:lane2:snr26.0:seed4:frame14,26.0,14,lite,alpha-stable-impulsive,0.0,47.0,1852,19.28125,20.290104166666666,0.9666666666666667,9280,1653,17,17,17,4,0,true,false,4,16
red3:lane2:snr26.0:seed4:frame15,26.0,15,lite,alpha-stable-impulsive,0.0,47.0,1995,20.770833333333332,21.779687499999998,0.9666666666666667,9280,1653,18,18,18,4,1,false,false,4,16
red3:lane2:snr26.0:seed4:frame16,26.0,16,lite,alpha-stable-impulsive,0.0,47.0,2137,22.25,23.258854166666666,0.9666666666666667,9280,1653,19,19,19,4,0,true,false,4,16
red3:lane2:snr26.0:seed4:frame17,26.0,17,lite,alpha-stable-impulsive,0.0,47.0,2280,23.739583333333332,24.748437499999998,0.9666666666666667,9280,1653,20,20,20,4,0,true,false,4,16
red3:lane2:snr26.0:seed4:frame18,26.0,18,lite,alpha-stable-impulsive,0.0,47.0,2422,25.21875,26.227604166666666,0.9666666666666667,9280,1653,21,21,21,4,0,true,false,4,16
red3:lane2:snr26.0:seed4:frame19,26.0,19,lite,alpha-stable-impulsive,0.0,47.0,2565,26.708333333333332,27.717187499999998,0.9666666666666667,9280,1653,22,22,22,4,0,true,false,4,16
red3:lane2:snr26.0:seed4:frame20,26.0,20,lite,alpha-stable-impulsive,0.0,47.0,2707,28.1875,29.196354166666666,0.9666666666666667,9280,1653,23,23,23,4,59,false,false,4,16
red3:lane2:snr26.0:seed4:frame21,26.0,21,lite,alpha-stable-impulsive,0.0,47.0,2849,29.666666666666668,30.675520833333334,0.9666666666666667,9280,1653,24,24,24,4,0,true,false,4,16
red3:lane2:snr26.0:seed4:frame22,26.0,22,lite,alpha-stable-impulsive,0.0,47.0,2992,31.15625,32.165104166666666,0.9666666666666667,9280,1653,25,25,25,4,0,true,false,4,16
red3:lane2:snr26.0:seed4:frame23,26.0,23,lite,alpha-stable-impulsive,0.0,47.0,3134,32.635416666666664,33.64427083333333,0.9666666666666667,9280,1653,26,26,26,4,0,true,false,4,16
red3:lane2:snr26.0:seed4:frame24,26.0,24,lite,alpha-stable-impulsive,0.0,47.0,3277,34.125,35.133854166666666,0.9666666666666667,9280,1653,27,27,27,4,0,true,false,4,16
red3:lane2:snr26.0:seed4:frame25,26.0,25,lite,alpha-stable-impulsive,0.0,47.0,3419,35.604166666666664,36.61302083333333,0.9666666666666667,9280,1653,28,28,28,4,0,true,false,4,16
red3:lane2:snr26.0:seed4:frame26,26.0,26,lite,alpha-stable-impulsive,0.0,47.0,3561,37.083333333333336,38.0921875,0.9666666666666667,9280,1653,29,29,29,4,0,true,false,4,16
red3:lane2:snr26.0:seed4:frame27,26.0,27,lite,alpha-stable-impulsive,0.0,47.0,3704,38.572916666666664,39.58177083333333,0.9666666666666667,9280,1653,30,30,30,4,0,true,false,4,16
red3:lane2:snr26.0:seed4:frame28,26.0,28,lite,alpha-stable-impulsive,0.0,47.0,3846,40.052083333333336,41.0609375,0.9666666666666667,9280,1653,31,31,31,4,0,true,false,4,16
red3:lane2:snr26.0:seed4:frame29,26.0,29,lite,alpha-stable-impulsive,0.0,47.0,3989,41.541666666666664,42.55052083333333,0.9666666666666667,9280,1653,32,32,32,4,0,true,false,4,16
red3:lane2:snr26.0:seed4:frame30,26.0,30,lite,alpha-stable-impulsive,0.0,47.0,4131,43.020833333333336,44.0296875,0.9666666666666667,9280,1653,33,33,33,4,0,true,false,4,16
red3:lane2:snr26.0:seed4:frame31,26.0,31,lite,alpha-stable-impulsive,0.0,47.0,4274,44.510416666666664,45.51927083333333,0.9666666666666667,9280,1653,34,34,34,4,0,true,false,4,16
red3:lane2:snr26.0:seed4:frame32,26.0,32,lite,alpha-stable-impulsive,0.0,47.0,4416,45.989583333333336,46.9984375,0.9666666666666667,9280,1653,35,35,35,4,0,true,false,4,16
red3:lane2:snr26.0:seed4:frame1,26.0,1,ofdm_fec,alpha-stable-impulsive,0.0,47.0,1,0.0,1.0088541666666666,0.9666666666666667,9280,1653,4,4,4,4,0,true,false,4,16
red3:lane2:snr26.0:seed4:frame2,26.0,2,ofdm_fec,alpha-stable-impulsive,0.0,47.0,143,1.4791666666666667,2.4880208333333336,0.9666666666666667,9280,1653,5,5,5,4,0,true,false,4,16
red3:lane2:snr26.0:seed4:frame3,26.0,3,ofdm_fec,alpha-stable-impulsive,0.0,47.0,286,2.96875,3.9776041666666666,0.9666666666666667,9280,1653,6,6,6,4,0,true,false,4,16
red3:lane2:snr26.0:seed4:frame4,26.0,4,ofdm_fec,alpha-stable-impulsive,0.0,47.0,428,4.447916666666667,5.456770833333334,0.9666666666666667,9280,1653,7,7,7,4,0,true,false,4,16
red3:lane2:snr26.0:seed4:frame5,26.0,5,ofdm_fec,alpha-stable-impulsive,0.0,47.0,571,5.9375,6.946354166666667,0.9666666666666667,9280,1653,8,8,8,4,0,true,false,4,16
red3:lane2:snr26.0:seed4:frame6,26.0,6,ofdm_fec,alpha-stable-impulsive,0.0,47.0,713,7.416666666666667,8.425520833333334,0.9666666666666667,9280,1653,9,9,9,4,0,true,false,4,16
red3:lane2:snr26.0:seed4:frame7,26.0,7,ofdm_fec,alpha-stable-impulsive,0.0,47.0,856,8.90625,9.915104166666666,0.9666666666666667,9280,1653,10,10,10,4,0,true,false,4,16
red3:lane2:snr26.0:seed4:frame8,26.0,8,ofdm_fec,alpha-stable-impulsive,0.0,47.0,998,10.385416666666666,11.394270833333334,0.9666666666666667,9280,1653,11,11,11,4,0,true,false,4,16
red3:lane2:snr26.0:seed4:frame9,26.0,9,ofdm_fec,alpha-stable-impulsive,0.0,47.0,1140,11.864583333333334,12.873437500000001,0.9666666666666667,9280,1653,12,12,12,4,0,true,false,4,16
red3:lane2:snr26.0:seed4:frame10,26.0,10,ofdm_fec,alpha-stable-impulsive,0.0,47.0,1283,13.354166666666666,14.363020833333334,0.9666666666666667,9280,1653,13,13,13,4,0,true,false,4,16
red3:lane2:snr26.0:seed4:frame11,26.0,11,ofdm_fec,alpha-stable-impulsive,0.0,47.0,1425,14.833333333333334,15.842187500000001,0.9666666666666667,9280,1653,14,14,14,4,0,true,false,4,16
red3:lane2:snr26.0:seed4:frame12,26.0,12,ofdm_fec,alpha-stable-impulsive,0.0,47.0,1568,16.322916666666668,17.331770833333334,0.9666666666666667,9280,1653,15,15,15,4,0,true,false,4,16
red3:lane2:snr26.0:seed4:frame13,26.0,13,ofdm_fec,alpha-stable-impulsive,0.0,47.0,1710,17.802083333333332,18.810937499999998,0.9666666666666667,9280,1653,16,16,16,4,0,true,false,4,16
red3:lane2:snr26.0:seed4:frame14,26.0,14,ofdm_fec,alpha-stable-impulsive,0.0,47.0,1852,19.28125,20.290104166666666,0.9666666666666667,9280,1653,17,17,17,4,0,true,false,4,16
red3:lane2:snr26.0:seed4:frame15,26.0,15,ofdm_fec,alpha-stable-impulsive,0.0,47.0,1995,20.770833333333332,21.779687499999998,0.9666666666666667,9280,1653,18,18,18,4,0,true,false,4,16
red3:lane2:snr26.0:seed4:frame16,26.0,16,ofdm_fec,alpha-stable-impulsive,0.0,47.0,2137,22.25,23.258854166666666,0.9666666666666667,9280,1653,19,19,19,4,0,true,false,4,16
red3:lane2:snr26.0:seed4:frame17,26.0,17,ofdm_fec,alpha-stable-impulsive,0.0,47.0,2280,23.739583333333332,24.748437499999998,0.9666666666666667,9280,1653,20,20,20,4,0,true,false,4,16
red3:lane2:snr26.0:seed4:frame18,26.0,18,ofdm_fec,alpha-stable-impulsive,0.0,47.0,2422,25.21875,26.227604166666666,0.9666666666666667,9280,1653,21,21,21,4,0,true,false,4,16
red3:lane2:snr26.0:seed4:frame19,26.0,19,ofdm_fec,alpha-stable-impulsive,0.0,47.0,2565,26.708333333333332,27.717187499999998,0.9666666666666667,9280,1653,22,22,22,4,0,true,false,4,16
red3:lane2:snr26.0:seed4:frame20,26.0,20,ofdm_fec,alpha-stable-impulsive,0.0,47.0,2707,28.1875,29.196354166666666,0.9666666666666667,9280,1653,23,23,23,4,0,true,false,4,16
red3:lane2:snr26.0:seed4:frame21,26.0,21,ofdm_fec,alpha-stable-impulsive,0.0,47.0,2849,29.666666666666668,30.675520833333334,0.9666666666666667,9280,1653,24,24,24,4,0,true,false,4,16
red3:lane2:snr26.0:seed4:frame22,26.0,22,ofdm_fec,alpha-stable-impulsive,0.0,47.0,2992,31.15625,32.165104166666666,0.9666666666666667,9280,1653,25,25,25,4,0,true,false,4,16
red3:lane2:snr26.0:seed4:frame23,26.0,23,ofdm_fec,alpha-stable-impulsive,0.0,47.0,3134,32.635416666666664,33.64427083333333,0.9666666666666667,9280,1653,26,26,26,4,0,true,false,4,16
red3:lane2:snr26.0:seed4:frame24,26.0,24,ofdm_fec,alpha-stable-impulsive,0.0,47.0,3277,34.125,35.133854166666666,0.9666666666666667,9280,1653,27,27,27,4,0,true,false,4,16
red3:lane2:snr26.0:seed4:frame25,26.0,25,ofdm_fec,alpha-stable-impulsive,0.0,47.0,3419,35.604166666666664,36.61302083333333,0.9666666666666667,9280,1653,28,28,28,4,0,true,false,4,16
red3:lane2:snr26.0:seed4:frame26,26.0,26,ofdm_fec,alpha-stable-impulsive,0.0,47.0,3561,37.083333333333336,38.0921875,0.9666666666666667,9280,1653,29,29,29,4,0,true,false,4,16
red3:lane2:snr26.0:seed4:frame27,26.0,27,ofdm_fec,alpha-stable-impulsive,0.0,47.0,3704,38.572916666666664,39.58177083333333,0.9666666666666667,9280,1653,30,30,30,4,0,true,false,4,16
red3:lane2:snr26.0:seed4:frame28,26.0,28,ofdm_fec,alpha-stable-impulsive,0.0,47.0,3846,40.052083333333336,41.0609375,0.9666666666666667,9280,1653,31,31,31,4,0,true,false,4,16
red3:lane2:snr26.0:seed4:frame29,26.0,29,ofdm_fec,alpha-stable-impulsive,0.0,47.0,3989,41.541666666666664,42.55052083333333,0.9666666666666667,9280,1653,32,32,32,4,0,true,false,4,16
red3:lane2:snr26.0:seed4:frame30,26.0,30,ofdm_fec,alpha-stable-impulsive,0.0,47.0,4131,43.020833333333336,44.0296875,0.9666666666666667,9280,1653,33,33,33,4,0,true,false,4,16
red3:lane2:snr26.0:seed4:frame31,26.0,31,ofdm_fec,alpha-stable-impulsive,0.0,47.0,4274,44.510416666666664,45.51927083333333,0.9666666666666667,9280,1653,34,34,34,4,0,true,false,4,16
red3:lane2:snr26.0:seed4:frame32,26.0,32,ofdm_fec,alpha-stable-impulsive,0.0,47.0,4416,45.989583333333336,46.9984375,0.9666666666666667,9280,1653,35,35,35,4,0,true,false,4,16
red3:lane2:snr26.0:seed4:frame1,26.0,1,pfft,alpha-stable-impulsive,0.0,47.0,1,0.0,1.0088541666666666,0.9666666666666667,9280,1653,4,4,4,4,531,false,false,4,16
red3:lane2:snr26.0:seed4:frame2,26.0,2,pfft,alpha-stable-impulsive,0.0,47.0,143,1.4791666666666667,2.4880208333333336,0.9666666666666667,9280,1653,5,5,5,4,458,false,false,4,16
red3:lane2:snr26.0:seed4:frame3,26.0,3,pfft,alpha-stable-impulsive,0.0,47.0,286,2.96875,3.9776041666666666,0.9666666666666667,9280,1653,6,6,6,4,451,false,false,4,16
red3:lane2:snr26.0:seed4:frame4,26.0,4,pfft,alpha-stable-impulsive,0.0,47.0,428,4.447916666666667,5.456770833333334,0.9666666666666667,9280,1653,7,7,7,4,480,false,false,4,16
red3:lane2:snr26.0:seed4:frame5,26.0,5,pfft,alpha-stable-impulsive,0.0,47.0,571,5.9375,6.946354166666667,0.9666666666666667,9280,1653,8,8,8,4,397,false,false,4,16
red3:lane2:snr26.0:seed4:frame6,26.0,6,pfft,alpha-stable-impulsive,0.0,47.0,713,7.416666666666667,8.425520833333334,0.9666666666666667,9280,1653,9,9,9,4,503,false,false,4,16
red3:lane2:snr26.0:seed4:frame7,26.0,7,pfft,alpha-stable-impulsive,0.0,47.0,856,8.90625,9.915104166666666,0.9666666666666667,9280,1653,10,10,10,4,520,false,false,4,16
red3:lane2:snr26.0:seed4:frame8,26.0,8,pfft,alpha-stable-impulsive,0.0,47.0,998,10.385416666666666,11.394270833333334,0.9666666666666667,9280,1653,11,11,11,4,479,false,false,4,16
red3:lane2:snr26.0:seed4:frame9,26.0,9,pfft,alpha-stable-impulsive,0.0,47.0,1140,11.864583333333334,12.873437500000001,0.9666666666666667,9280,1653,12,12,12,4,384,false,false,4,16
red3:lane2:snr26.0:seed4:frame10,26.0,10,pfft,alpha-stable-impulsive,0.0,47.0,1283,13.354166666666666,14.363020833333334,0.9666666666666667,9280,1653,13,13,13,4,559,false,false,4,16
red3:lane2:snr26.0:seed4:frame11,26.0,11,pfft,alpha-stable-impulsive,0.0,47.0,1425,14.833333333333334,15.842187500000001,0.9666666666666667,9280,1653,14,14,14,4,474,false,false,4,16
red3:lane2:snr26.0:seed4:frame12,26.0,12,pfft,alpha-stable-impulsive,0.0,47.0,1568,16.322916666666668,17.331770833333334,0.9666666666666667,9280,1653,15,15,15,4,558,false,false,4,16
red3:lane2:snr26.0:seed4:frame13,26.0,13,pfft,alpha-stable-impulsive,0.0,47.0,1710,17.802083333333332,18.810937499999998,0.9666666666666667,9280,1653,16,16,16,4,499,false,false,4,16
red3:lane2:snr26.0:seed4:frame14,26.0,14,pfft,alpha-stable-impulsive,0.0,47.0,1852,19.28125,20.290104166666666,0.9666666666666667,9280,1653,17,17,17,4,342,false,false,4,16
red3:lane2:snr26.0:seed4:frame15,26.0,15,pfft,alpha-stable-impulsive,0.0,47.0,1995,20.770833333333332,21.779687499999998,0.9666666666666667,9280,1653,18,18,18,4,441,false,false,4,16
red3:lane2:snr26.0:seed4:frame16,26.0,16,pfft,alpha-stable-impulsive,0.0,47.0,2137,22.25,23.258854166666666,0.9666666666666667,9280,1653,19,19,19,4,542,false,false,4,16
red3:lane2:snr26.0:seed4:frame17,26.0,17,pfft,alpha-stable-impulsive,0.0,47.0,2280,23.739583333333332,24.748437499999998,0.9666666666666667,9280,1653,20,20,20,4,479,false,false,4,16
red3:lane2:snr26.0:seed4:frame18,26.0,18,pfft,alpha-stable-impulsive,0.0,47.0,2422,25.21875,26.227604166666666,0.9666666666666667,9280,1653,21,21,21,4,500,false,false,4,16
red3:lane2:snr26.0:seed4:frame19,26.0,19,pfft,alpha-stable-impulsive,0.0,47.0,2565,26.708333333333332,27.717187499999998,0.9666666666666667,9280,1653,22,22,22,4,382,false,false,4,16
red3:lane2:snr26.0:seed4:frame20,26.0,20,pfft,alpha-stable-impulsive,0.0,47.0,2707,28.1875,29.196354166666666,0.9666666666666667,9280,1653,23,23,23,4,575,false,false,4,16
red3:lane2:snr26.0:seed4:frame21,26.0,21,pfft,alpha-stable-impulsive,0.0,47.0,2849,29.666666666666668,30.675520833333334,0.9666666666666667,9280,1653,24,24,24,4,480,false,false,4,16
red3:lane2:snr26.0:seed4:frame22,26.0,22,pfft,alpha-stable-impulsive,0.0,47.0,2992,31.15625,32.165104166666666,0.9666666666666667,9280,1653,25,25,25,4,312,false,false,4,16
red3:lane2:snr26.0:seed4:frame23,26.0,23,pfft,alpha-stable-impulsive,0.0,47.0,3134,32.635416666666664,33.64427083333333,0.9666666666666667,9280,1653,26,26,26,4,466,false,false,4,16
red3:lane2:snr26.0:seed4:frame24,26.0,24,pfft,alpha-stable-impulsive,0.0,47.0,3277,34.125,35.133854166666666,0.9666666666666667,9280,1653,27,27,27,4,449,false,false,4,16
red3:lane2:snr26.0:seed4:frame25,26.0,25,pfft,alpha-stable-impulsive,0.0,47.0,3419,35.604166666666664,36.61302083333333,0.9666666666666667,9280,1653,28,28,28,4,15,false,false,4,16
red3:lane2:snr26.0:seed4:frame26,26.0,26,pfft,alpha-stable-impulsive,0.0,47.0,3561,37.083333333333336,38.0921875,0.9666666666666667,9280,1653,29,29,29,4,489,false,false,4,16
red3:lane2:snr26.0:seed4:frame27,26.0,27,pfft,alpha-stable-impulsive,0.0,47.0,3704,38.572916666666664,39.58177083333333,0.9666666666666667,9280,1653,30,30,30,4,511,false,false,4,16
red3:lane2:snr26.0:seed4:frame28,26.0,28,pfft,alpha-stable-impulsive,0.0,47.0,3846,40.052083333333336,41.0609375,0.9666666666666667,9280,1653,31,31,31,4,413,false,false,4,16
red3:lane2:snr26.0:seed4:frame29,26.0,29,pfft,alpha-stable-impulsive,0.0,47.0,3989,41.541666666666664,42.55052083333333,0.9666666666666667,9280,1653,32,32,32,4,116,false,false,4,16
red3:lane2:snr26.0:seed4:frame30,26.0,30,pfft,alpha-stable-impulsive,0.0,47.0,4131,43.020833333333336,44.0296875,0.9666666666666667,9280,1653,33,33,33,4,449,false,false,4,16
red3:lane2:snr26.0:seed4:frame31,26.0,31,pfft,alpha-stable-impulsive,0.0,47.0,4274,44.510416666666664,45.51927083333333,0.9666666666666667,9280,1653,34,34,34,4,422,false,false,4,16
red3:lane2:snr26.0:seed4:frame32,26.0,32,pfft,alpha-stable-impulsive,0.0,47.0,4416,45.989583333333336,46.9984375,0.9666666666666667,9280,1653,35,35,35,4,453,false,false,4,16
red3:lane2:snr26.0:seed4:frame1,26.0,1,profiled_cz,alpha-stable-impulsive,0.0,47.0,1,0.0,1.0088541666666666,0.9666666666666667,9280,1653,4,4,4,4,0,true,false,4,16
red3:lane2:snr26.0:seed4:frame2,26.0,2,profiled_cz,alpha-stable-impulsive,0.0,47.0,143,1.4791666666666667,2.4880208333333336,0.9666666666666667,9280,1653,5,5,5,4,0,true,false,4,16
red3:lane2:snr26.0:seed4:frame3,26.0,3,profiled_cz,alpha-stable-impulsive,0.0,47.0,286,2.96875,3.9776041666666666,0.9666666666666667,9280,1653,6,6,6,4,0,true,false,4,16
red3:lane2:snr26.0:seed4:frame4,26.0,4,profiled_cz,alpha-stable-impulsive,0.0,47.0,428,4.447916666666667,5.456770833333334,0.9666666666666667,9280,1653,7,7,7,4,0,true,false,4,16
red3:lane2:snr26.0:seed4:frame5,26.0,5,profiled_cz,alpha-stable-impulsive,0.0,47.0,571,5.9375,6.946354166666667,0.9666666666666667,9280,1653,8,8,8,4,0,true,false,4,16
red3:lane2:snr26.0:seed4:frame6,26.0,6,profiled_cz,alpha-stable-impulsive,0.0,47.0,713,7.416666666666667,8.425520833333334,0.9666666666666667,9280,1653,9,9,9,4,8,false,false,4,16
red3:lane2:snr26.0:seed4:frame7,26.0,7,profiled_cz,alpha-stable-impulsive,0.0,47.0,856,8.90625,9.915104166666666,0.9666666666666667,9280,1653,10,10,10,4,0,true,false,4,16
red3:lane2:snr26.0:seed4:frame8,26.0,8,profiled_cz,alpha-stable-impulsive,0.0,47.0,998,10.385416666666666,11.394270833333334,0.9666666666666667,9280,1653,11,11,11,4,0,true,false,4,16
red3:lane2:snr26.0:seed4:frame9,26.0,9,profiled_cz,alpha-stable-impulsive,0.0,47.0,1140,11.864583333333334,12.873437500000001,0.9666666666666667,9280,1653,12,12,12,4,0,true,false,4,16
red3:lane2:snr26.0:seed4:frame10,26.0,10,profiled_cz,alpha-stable-impulsive,0.0,47.0,1283,13.354166666666666,14.363020833333334,0.9666666666666667,9280,1653,13,13,13,4,0,true,false,4,16
red3:lane2:snr26.0:seed4:frame11,26.0,11,profiled_cz,alpha-stable-impulsive,0.0,47.0,1425,14.833333333333334,15.842187500000001,0.9666666666666667,9280,1653,14,14,14,4,0,true,false,4,16
red3:lane2:snr26.0:seed4:frame12,26.0,12,profiled_cz,alpha-stable-impulsive,0.0,47.0,1568,16.322916666666668,17.331770833333334,0.9666666666666667,9280,1653,15,15,15,4,0,true,false,4,16
red3:lane2:snr26.0:seed4:frame13,26.0,13,profiled_cz,alpha-stable-impulsive,0.0,47.0,1710,17.802083333333332,18.810937499999998,0.9666666666666667,9280,1653,16,16,16,4,0,true,false,4,16
red3:lane2:snr26.0:seed4:frame14,26.0,14,profiled_cz,alpha-stable-impulsive,0.0,47.0,1852,19.28125,20.290104166666666,0.9666666666666667,9280,1653,17,17,17,4,0,true,false,4,16
red3:lane2:snr26.0:seed4:frame15,26.0,15,profiled_cz,alpha-stable-impulsive,0.0,47.0,1995,20.770833333333332,21.779687499999998,0.9666666666666667,9280,1653,18,18,18,4,1,false,false,4,16
red3:lane2:snr26.0:seed4:frame16,26.0,16,profiled_cz,alpha-stable-impulsive,0.0,47.0,2137,22.25,23.258854166666666,0.9666666666666667,9280,1653,19,19,19,4,0,true,false,4,16
red3:lane2:snr26.0:seed4:frame17,26.0,17,profiled_cz,alpha-stable-impulsive,0.0,47.0,2280,23.739583333333332,24.748437499999998,0.9666666666666667,9280,1653,20,20,20,4,0,true,false,4,16
red3:lane2:snr26.0:seed4:frame18,26.0,18,profiled_cz,alpha-stable-impulsive,0.0,47.0,2422,25.21875,26.227604166666666,0.9666666666666667,9280,1653,21,21,21,4,0,true,false,4,16
red3:lane2:snr26.0:seed4:frame19,26.0,19,profiled_cz,alpha-stable-impulsive,0.0,47.0,2565,26.708333333333332,27.717187499999998,0.9666666666666667,9280,1653,22,22,22,4,0,true,false,4,16
red3:lane2:snr26.0:seed4:frame20,26.0,20,profiled_cz,alpha-stable-impulsive,0.0,47.0,2707,28.1875,29.196354166666666,0.9666666666666667,9280,1653,23,23,23,4,59,false,false,4,16
red3:lane2:snr26.0:seed4:frame21,26.0,21,profiled_cz,alpha-stable-impulsive,0.0,47.0,2849,29.666666666666668,30.675520833333334,0.9666666666666667,9280,1653,24,24,24,4,0,true,false,4,16
red3:lane2:snr26.0:seed4:frame22,26.0,22,profiled_cz,alpha-stable-impulsive,0.0,47.0,2992,31.15625,32.165104166666666,0.9666666666666667,9280,1653,25,25,25,4,0,true,false,4,16
red3:lane2:snr26.0:seed4:frame23,26.0,23,profiled_cz,alpha-stable-impulsive,0.0,47.0,3134,32.635416666666664,33.64427083333333,0.9666666666666667,9280,1653,26,26,26,4,0,true,false,4,16
red3:lane2:snr26.0:seed4:frame24,26.0,24,profiled_cz,alpha-stable-impulsive,0.0,47.0,3277,34.125,35.133854166666666,0.9666666666666667,9280,1653,27,27,27,4,0,true,false,4,16
red3:lane2:snr26.0:seed4:frame25,26.0,25,profiled_cz,alpha-stable-impulsive,0.0,47.0,3419,35.604166666666664,36.61302083333333,0.9666666666666667,9280,1653,28,28,28,4,0,true,false,4,16
red3:lane2:snr26.0:seed4:frame26,26.0,26,profiled_cz,alpha-stable-impulsive,0.0,47.0,3561,37.083333333333336,38.0921875,0.9666666666666667,9280,1653,29,29,29,4,0,true,false,4,16
red3:lane2:snr26.0:seed4:frame27,26.0,27,profiled_cz,alpha-stable-impulsive,0.0,47.0,3704,38.572916666666664,39.58177083333333,0.9666666666666667,9280,1653,30,30,30,4,0,true,false,4,16
red3:lane2:snr26.0:seed4:frame28,26.0,28,profiled_cz,alpha-stable-impulsive,0.0,47.0,3846,40.052083333333336,41.0609375,0.9666666666666667,9280,1653,31,31,31,4,0,true,false,4,16
red3:lane2:snr26.0:seed4:frame29,26.0,29,profiled_cz,alpha-stable-impulsive,0.0,47.0,3989,41.541666666666664,42.55052083333333,0.9666666666666667,9280,1653,32,32,32,4,0,true,false,4,16
red3:lane2:snr26.0:seed4:frame30,26.0,30,profiled_cz,alpha-stable-impulsive,0.0,47.0,4131,43.020833333333336,44.0296875,0.9666666666666667,9280,1653,33,33,33,4,0,true,false,4,16
red3:lane2:snr26.0:seed4:frame31,26.0,31,profiled_cz,alpha-stable-impulsive,0.0,47.0,4274,44.510416666666664,45.51927083333333,0.9666666666666667,9280,1653,34,34,34,4,0,true,false,4,16
red3:lane2:snr26.0:seed4:frame32,26.0,32,profiled_cz,alpha-stable-impulsive,0.0,47.0,4416,45.989583333333336,46.9984375,0.9666666666666667,9280,1653,35,35,35,4,0,true,false,4,16
red3:lane2:snr28.0:seed4:frame1,28.0,1,cwz_joint,alpha-stable-impulsive,0.0,47.0,1,0.0,1.0088541666666666,0.9666666666666667,9280,1653,4,4,4,4,0,true,false,4,16
red3:lane2:snr28.0:seed4:frame2,28.0,2,cwz_joint,alpha-stable-impulsive,0.0,47.0,143,1.4791666666666667,2.4880208333333336,0.9666666666666667,9280,1653,5,5,5,4,0,true,false,4,16
red3:lane2:snr28.0:seed4:frame3,28.0,3,cwz_joint,alpha-stable-impulsive,0.0,47.0,286,2.96875,3.9776041666666666,0.9666666666666667,9280,1653,6,6,6,4,0,true,false,4,16
red3:lane2:snr28.0:seed4:frame4,28.0,4,cwz_joint,alpha-stable-impulsive,0.0,47.0,428,4.447916666666667,5.456770833333334,0.9666666666666667,9280,1653,7,7,7,4,0,true,false,4,16
red3:lane2:snr28.0:seed4:frame5,28.0,5,cwz_joint,alpha-stable-impulsive,0.0,47.0,571,5.9375,6.946354166666667,0.9666666666666667,9280,1653,8,8,8,4,0,true,false,4,16
red3:lane2:snr28.0:seed4:frame6,28.0,6,cwz_joint,alpha-stable-impulsive,0.0,47.0,713,7.416666666666667,8.425520833333334,0.9666666666666667,9280,1653,9,9,9,4,15,false,false,4,16
red3:lane2:snr28.0:seed4:frame7,28.0,7,cwz_joint,alpha-stable-impulsive,0.0,47.0,856,8.90625,9.915104166666666,0.9666666666666667,9280,1653,10,10,10,4,0,true,false,4,16
red3:lane2:snr28.0:seed4:frame8,28.0,8,cwz_joint,alpha-stable-impulsive,0.0,47.0,998,10.385416666666666,11.394270833333334,0.9666666666666667,9280,1653,11,11,11,4,0,true,false,4,16
red3:lane2:snr28.0:seed4:frame9,28.0,9,cwz_joint,alpha-stable-impulsive,0.0,47.0,1140,11.864583333333334,12.873437500000001,0.9666666666666667,9280,1653,12,12,12,4,0,true,false,4,16
red3:lane2:snr28.0:seed4:frame10,28.0,10,cwz_joint,alpha-stable-impulsive,0.0,47.0,1283,13.354166666666666,14.363020833333334,0.9666666666666667,9280,1653,13,13,13,4,0,true,false,4,16
red3:lane2:snr28.0:seed4:frame11,28.0,11,cwz_joint,alpha-stable-impulsive,0.0,47.0,1425,14.833333333333334,15.842187500000001,0.9666666666666667,9280,1653,14,14,14,4,0,true,false,4,16
red3:lane2:snr28.0:seed4:frame12,28.0,12,cwz_joint,alpha-stable-impulsive,0.0,47.0,1568,16.322916666666668,17.331770833333334,0.9666666666666667,9280,1653,15,15,15,4,0,true,false,4,16
red3:lane2:snr28.0:seed4:frame13,28.0,13,cwz_joint,alpha-stable-impulsive,0.0,47.0,1710,17.802083333333332,18.810937499999998,0.9666666666666667,9280,1653,16,16,16,4,0,true,false,4,16
red3:lane2:snr28.0:seed4:frame14,28.0,14,cwz_joint,alpha-stable-impulsive,0.0,47.0,1852,19.28125,20.290104166666666,0.9666666666666667,9280,1653,17,17,17,4,0,true,false,4,16
red3:lane2:snr28.0:seed4:frame15,28.0,15,cwz_joint,alpha-stable-impulsive,0.0,47.0,1995,20.770833333333332,21.779687499999998,0.9666666666666667,9280,1653,18,18,18,4,0,true,false,4,16
red3:lane2:snr28.0:seed4:frame16,28.0,16,cwz_joint,alpha-stable-impulsive,0.0,47.0,2137,22.25,23.258854166666666,0.9666666666666667,9280,1653,19,19,19,4,0,true,false,4,16
red3:lane2:snr28.0:seed4:frame17,28.0,17,cwz_joint,alpha-stable-impulsive,0.0,47.0,2280,23.739583333333332,24.748437499999998,0.9666666666666667,9280,1653,20,20,20,4,0,true,false,4,16
red3:lane2:snr28.0:seed4:frame18,28.0,18,cwz_joint,alpha-stable-impulsive,0.0,47.0,2422,25.21875,26.227604166666666,0.9666666666666667,9280,1653,21,21,21,4,0,true,false,4,16
red3:lane2:snr28.0:seed4:frame19,28.0,19,cwz_joint,alpha-stable-impulsive,0.0,47.0,2565,26.708333333333332,27.717187499999998,0.9666666666666667,9280,1653,22,22,22,4,0,true,false,4,16
red3:lane2:snr28.0:seed4:frame20,28.0,20,cwz_joint,alpha-stable-impulsive,0.0,47.0,2707,28.1875,29.196354166666666,0.9666666666666667,9280,1653,23,23,23,4,228,false,false,4,16
red3:lane2:snr28.0:seed4:frame21,28.0,21,cwz_joint,alpha-stable-impulsive,0.0,47.0,2849,29.666666666666668,30.675520833333334,0.9666666666666667,9280,1653,24,24,24,4,0,true,false,4,16
red3:lane2:snr28.0:seed4:frame22,28.0,22,cwz_joint,alpha-stable-impulsive,0.0,47.0,2992,31.15625,32.165104166666666,0.9666666666666667,9280,1653,25,25,25,4,0,true,false,4,16
red3:lane2:snr28.0:seed4:frame23,28.0,23,cwz_joint,alpha-stable-impulsive,0.0,47.0,3134,32.635416666666664,33.64427083333333,0.9666666666666667,9280,1653,26,26,26,4,0,true,false,4,16
red3:lane2:snr28.0:seed4:frame24,28.0,24,cwz_joint,alpha-stable-impulsive,0.0,47.0,3277,34.125,35.133854166666666,0.9666666666666667,9280,1653,27,27,27,4,0,true,false,4,16
red3:lane2:snr28.0:seed4:frame25,28.0,25,cwz_joint,alpha-stable-impulsive,0.0,47.0,3419,35.604166666666664,36.61302083333333,0.9666666666666667,9280,1653,28,28,28,4,0,true,false,4,16
red3:lane2:snr28.0:seed4:frame26,28.0,26,cwz_joint,alpha-stable-impulsive,0.0,47.0,3561,37.083333333333336,38.0921875,0.9666666666666667,9280,1653,29,29,29,4,0,true,false,4,16
red3:lane2:snr28.0:seed4:frame27,28.0,27,cwz_joint,alpha-stable-impulsive,0.0,47.0,3704,38.572916666666664,39.58177083333333,0.9666666666666667,9280,1653,30,30,30,4,0,true,false,4,16
red3:lane2:snr28.0:seed4:frame28,28.0,28,cwz_joint,alpha-stable-impulsive,0.0,47.0,3846,40.052083333333336,41.0609375,0.9666666666666667,9280,1653,31,31,31,4,0,true,false,4,16
red3:lane2:snr28.0:seed4:frame29,28.0,29,cwz_joint,alpha-stable-impulsive,0.0,47.0,3989,41.541666666666664,42.55052083333333,0.9666666666666667,9280,1653,32,32,32,4,0,true,false,4,16
red3:lane2:snr28.0:seed4:frame30,28.0,30,cwz_joint,alpha-stable-impulsive,0.0,47.0,4131,43.020833333333336,44.0296875,0.9666666666666667,9280,1653,33,33,33,4,0,true,false,4,16
red3:lane2:snr28.0:seed4:frame31,28.0,31,cwz_joint,alpha-stable-impulsive,0.0,47.0,4274,44.510416666666664,45.51927083333333,0.9666666666666667,9280,1653,34,34,34,4,0,true,false,4,16
red3:lane2:snr28.0:seed4:frame32,28.0,32,cwz_joint,alpha-stable-impulsive,0.0,47.0,4416,45.989583333333336,46.9984375,0.9666666666666667,9280,1653,35,35,35,4,0,true,false,4,16
red3:lane2:snr28.0:seed4:frame1,28.0,1,lite,alpha-stable-impulsive,0.0,47.0,1,0.0,1.0088541666666666,0.9666666666666667,9280,1653,4,4,4,4,0,true,false,4,16
red3:lane2:snr28.0:seed4:frame2,28.0,2,lite,alpha-stable-impulsive,0.0,47.0,143,1.4791666666666667,2.4880208333333336,0.9666666666666667,9280,1653,5,5,5,4,0,true,false,4,16
red3:lane2:snr28.0:seed4:frame3,28.0,3,lite,alpha-stable-impulsive,0.0,47.0,286,2.96875,3.9776041666666666,0.9666666666666667,9280,1653,6,6,6,4,0,true,false,4,16
red3:lane2:snr28.0:seed4:frame4,28.0,4,lite,alpha-stable-impulsive,0.0,47.0,428,4.447916666666667,5.456770833333334,0.9666666666666667,9280,1653,7,7,7,4,0,true,false,4,16
red3:lane2:snr28.0:seed4:frame5,28.0,5,lite,alpha-stable-impulsive,0.0,47.0,571,5.9375,6.946354166666667,0.9666666666666667,9280,1653,8,8,8,4,0,true,false,4,16
red3:lane2:snr28.0:seed4:frame6,28.0,6,lite,alpha-stable-impulsive,0.0,47.0,713,7.416666666666667,8.425520833333334,0.9666666666666667,9280,1653,9,9,9,4,15,false,false,4,16
red3:lane2:snr28.0:seed4:frame7,28.0,7,lite,alpha-stable-impulsive,0.0,47.0,856,8.90625,9.915104166666666,0.9666666666666667,9280,1653,10,10,10,4,0,true,false,4,16
red3:lane2:snr28.0:seed4:frame8,28.0,8,lite,alpha-stable-impulsive,0.0,47.0,998,10.385416666666666,11.394270833333334,0.9666666666666667,9280,1653,11,11,11,4,0,true,false,4,16
red3:lane2:snr28.0:seed4:frame9,28.0,9,lite,alpha-stable-impulsive,0.0,47.0,1140,11.864583333333334,12.873437500000001,0.9666666666666667,9280,1653,12,12,12,4,0,true,false,4,16
red3:lane2:snr28.0:seed4:frame10,28.0,10,lite,alpha-stable-impulsive,0.0,47.0,1283,13.354166666666666,14.363020833333334,0.9666666666666667,9280,1653,13,13,13,4,0,true,false,4,16
red3:lane2:snr28.0:seed4:frame11,28.0,11,lite,alpha-stable-impulsive,0.0,47.0,1425,14.833333333333334,15.842187500000001,0.9666666666666667,9280,1653,14,14,14,4,0,true,false,4,16
red3:lane2:snr28.0:seed4:frame12,28.0,12,lite,alpha-stable-impulsive,0.0,47.0,1568,16.322916666666668,17.331770833333334,0.9666666666666667,9280,1653,15,15,15,4,0,true,false,4,16
red3:lane2:snr28.0:seed4:frame13,28.0,13,lite,alpha-stable-impulsive,0.0,47.0,1710,17.802083333333332,18.810937499999998,0.9666666666666667,9280,1653,16,16,16,4,0,true,false,4,16
red3:lane2:snr28.0:seed4:frame14,28.0,14,lite,alpha-stable-impulsive,0.0,47.0,1852,19.28125,20.290104166666666,0.9666666666666667,9280,1653,17,17,17,4,0,true,false,4,16
red3:lane2:snr28.0:seed4:frame15,28.0,15,lite,alpha-stable-impulsive,0.0,47.0,1995,20.770833333333332,21.779687499999998,0.9666666666666667,9280,1653,18,18,18,4,0,true,false,4,16
red3:lane2:snr28.0:seed4:frame16,28.0,16,lite,alpha-stable-impulsive,0.0,47.0,2137,22.25,23.258854166666666,0.9666666666666667,9280,1653,19,19,19,4,0,true,false,4,16
red3:lane2:snr28.0:seed4:frame17,28.0,17,lite,alpha-stable-impulsive,0.0,47.0,2280,23.739583333333332,24.748437499999998,0.9666666666666667,9280,1653,20,20,20,4,0,true,false,4,16
red3:lane2:snr28.0:seed4:frame18,28.0,18,lite,alpha-stable-impulsive,0.0,47.0,2422,25.21875,26.227604166666666,0.9666666666666667,9280,1653,21,21,21,4,0,true,false,4,16
red3:lane2:snr28.0:seed4:frame19,28.0,19,lite,alpha-stable-impulsive,0.0,47.0,2565,26.708333333333332,27.717187499999998,0.9666666666666667,9280,1653,22,22,22,4,0,true,false,4,16
red3:lane2:snr28.0:seed4:frame20,28.0,20,lite,alpha-stable-impulsive,0.0,47.0,2707,28.1875,29.196354166666666,0.9666666666666667,9280,1653,23,23,23,4,228,false,false,4,16
red3:lane2:snr28.0:seed4:frame21,28.0,21,lite,alpha-stable-impulsive,0.0,47.0,2849,29.666666666666668,30.675520833333334,0.9666666666666667,9280,1653,24,24,24,4,0,true,false,4,16
red3:lane2:snr28.0:seed4:frame22,28.0,22,lite,alpha-stable-impulsive,0.0,47.0,2992,31.15625,32.165104166666666,0.9666666666666667,9280,1653,25,25,25,4,0,true,false,4,16
red3:lane2:snr28.0:seed4:frame23,28.0,23,lite,alpha-stable-impulsive,0.0,47.0,3134,32.635416666666664,33.64427083333333,0.9666666666666667,9280,1653,26,26,26,4,0,true,false,4,16
red3:lane2:snr28.0:seed4:frame24,28.0,24,lite,alpha-stable-impulsive,0.0,47.0,3277,34.125,35.133854166666666,0.9666666666666667,9280,1653,27,27,27,4,0,true,false,4,16
red3:lane2:snr28.0:seed4:frame25,28.0,25,lite,alpha-stable-impulsive,0.0,47.0,3419,35.604166666666664,36.61302083333333,0.9666666666666667,9280,1653,28,28,28,4,0,true,false,4,16
red3:lane2:snr28.0:seed4:frame26,28.0,26,lite,alpha-stable-impulsive,0.0,47.0,3561,37.083333333333336,38.0921875,0.9666666666666667,9280,1653,29,29,29,4,0,true,false,4,16
red3:lane2:snr28.0:seed4:frame27,28.0,27,lite,alpha-stable-impulsive,0.0,47.0,3704,38.572916666666664,39.58177083333333,0.9666666666666667,9280,1653,30,30,30,4,0,true,false,4,16
red3:lane2:snr28.0:seed4:frame28,28.0,28,lite,alpha-stable-impulsive,0.0,47.0,3846,40.052083333333336,41.0609375,0.9666666666666667,9280,1653,31,31,31,4,0,true,false,4,16
red3:lane2:snr28.0:seed4:frame29,28.0,29,lite,alpha-stable-impulsive,0.0,47.0,3989,41.541666666666664,42.55052083333333,0.9666666666666667,9280,1653,32,32,32,4,0,true,false,4,16
red3:lane2:snr28.0:seed4:frame30,28.0,30,lite,alpha-stable-impulsive,0.0,47.0,4131,43.020833333333336,44.0296875,0.9666666666666667,9280,1653,33,33,33,4,0,true,false,4,16
red3:lane2:snr28.0:seed4:frame31,28.0,31,lite,alpha-stable-impulsive,0.0,47.0,4274,44.510416666666664,45.51927083333333,0.9666666666666667,9280,1653,34,34,34,4,0,true,false,4,16
red3:lane2:snr28.0:seed4:frame32,28.0,32,lite,alpha-stable-impulsive,0.0,47.0,4416,45.989583333333336,46.9984375,0.9666666666666667,9280,1653,35,35,35,4,0,true,false,4,16
red3:lane2:snr28.0:seed4:frame1,28.0,1,ofdm_fec,alpha-stable-impulsive,0.0,47.0,1,0.0,1.0088541666666666,0.9666666666666667,9280,1653,4,4,4,4,0,true,false,4,16
red3:lane2:snr28.0:seed4:frame2,28.0,2,ofdm_fec,alpha-stable-impulsive,0.0,47.0,143,1.4791666666666667,2.4880208333333336,0.9666666666666667,9280,1653,5,5,5,4,0,true,false,4,16
red3:lane2:snr28.0:seed4:frame3,28.0,3,ofdm_fec,alpha-stable-impulsive,0.0,47.0,286,2.96875,3.9776041666666666,0.9666666666666667,9280,1653,6,6,6,4,0,true,false,4,16
red3:lane2:snr28.0:seed4:frame4,28.0,4,ofdm_fec,alpha-stable-impulsive,0.0,47.0,428,4.447916666666667,5.456770833333334,0.9666666666666667,9280,1653,7,7,7,4,0,true,false,4,16
red3:lane2:snr28.0:seed4:frame5,28.0,5,ofdm_fec,alpha-stable-impulsive,0.0,47.0,571,5.9375,6.946354166666667,0.9666666666666667,9280,1653,8,8,8,4,0,true,false,4,16
red3:lane2:snr28.0:seed4:frame6,28.0,6,ofdm_fec,alpha-stable-impulsive,0.0,47.0,713,7.416666666666667,8.425520833333334,0.9666666666666667,9280,1653,9,9,9,4,0,true,false,4,16
red3:lane2:snr28.0:seed4:frame7,28.0,7,ofdm_fec,alpha-stable-impulsive,0.0,47.0,856,8.90625,9.915104166666666,0.9666666666666667,9280,1653,10,10,10,4,0,true,false,4,16
red3:lane2:snr28.0:seed4:frame8,28.0,8,ofdm_fec,alpha-stable-impulsive,0.0,47.0,998,10.385416666666666,11.394270833333334,0.9666666666666667,9280,1653,11,11,11,4,0,true,false,4,16
red3:lane2:snr28.0:seed4:frame9,28.0,9,ofdm_fec,alpha-stable-impulsive,0.0,47.0,1140,11.864583333333334,12.873437500000001,0.9666666666666667,9280,1653,12,12,12,4,0,true,false,4,16
red3:lane2:snr28.0:seed4:frame10,28.0,10,ofdm_fec,alpha-stable-impulsive,0.0,47.0,1283,13.354166666666666,14.363020833333334,0.9666666666666667,9280,1653,13,13,13,4,0,true,false,4,16
red3:lane2:snr28.0:seed4:frame11,28.0,11,ofdm_fec,alpha-stable-impulsive,0.0,47.0,1425,14.833333333333334,15.842187500000001,0.9666666666666667,9280,1653,14,14,14,4,0,true,false,4,16
red3:lane2:snr28.0:seed4:frame12,28.0,12,ofdm_fec,alpha-stable-impulsive,0.0,47.0,1568,16.322916666666668,17.331770833333334,0.9666666666666667,9280,1653,15,15,15,4,0,true,false,4,16
red3:lane2:snr28.0:seed4:frame13,28.0,13,ofdm_fec,alpha-stable-impulsive,0.0,47.0,1710,17.802083333333332,18.810937499999998,0.9666666666666667,9280,1653,16,16,16,4,0,true,false,4,16
red3:lane2:snr28.0:seed4:frame14,28.0,14,ofdm_fec,alpha-stable-impulsive,0.0,47.0,1852,19.28125,20.290104166666666,0.9666666666666667,9280,1653,17,17,17,4,0,true,false,4,16
red3:lane2:snr28.0:seed4:frame15,28.0,15,ofdm_fec,alpha-stable-impulsive,0.0,47.0,1995,20.770833333333332,21.779687499999998,0.9666666666666667,9280,1653,18,18,18,4,0,true,false,4,16
red3:lane2:snr28.0:seed4:frame16,28.0,16,ofdm_fec,alpha-stable-impulsive,0.0,47.0,2137,22.25,23.258854166666666,0.9666666666666667,9280,1653,19,19,19,4,0,true,false,4,16
red3:lane2:snr28.0:seed4:frame17,28.0,17,ofdm_fec,alpha-stable-impulsive,0.0,47.0,2280,23.739583333333332,24.748437499999998,0.9666666666666667,9280,1653,20,20,20,4,0,true,false,4,16
red3:lane2:snr28.0:seed4:frame18,28.0,18,ofdm_fec,alpha-stable-impulsive,0.0,47.0,2422,25.21875,26.227604166666666,0.9666666666666667,9280,1653,21,21,21,4,0,true,false,4,16
red3:lane2:snr28.0:seed4:frame19,28.0,19,ofdm_fec,alpha-stable-impulsive,0.0,47.0,2565,26.708333333333332,27.717187499999998,0.9666666666666667,9280,1653,22,22,22,4,0,true,false,4,16
red3:lane2:snr28.0:seed4:frame20,28.0,20,ofdm_fec,alpha-stable-impulsive,0.0,47.0,2707,28.1875,29.196354166666666,0.9666666666666667,9280,1653,23,23,23,4,0,true,false,4,16
red3:lane2:snr28.0:seed4:frame21,28.0,21,ofdm_fec,alpha-stable-impulsive,0.0,47.0,2849,29.666666666666668,30.675520833333334,0.9666666666666667,9280,1653,24,24,24,4,0,true,false,4,16
red3:lane2:snr28.0:seed4:frame22,28.0,22,ofdm_fec,alpha-stable-impulsive,0.0,47.0,2992,31.15625,32.165104166666666,0.9666666666666667,9280,1653,25,25,25,4,0,true,false,4,16
red3:lane2:snr28.0:seed4:frame23,28.0,23,ofdm_fec,alpha-stable-impulsive,0.0,47.0,3134,32.635416666666664,33.64427083333333,0.9666666666666667,9280,1653,26,26,26,4,0,true,false,4,16
red3:lane2:snr28.0:seed4:frame24,28.0,24,ofdm_fec,alpha-stable-impulsive,0.0,47.0,3277,34.125,35.133854166666666,0.9666666666666667,9280,1653,27,27,27,4,0,true,false,4,16
red3:lane2:snr28.0:seed4:frame25,28.0,25,ofdm_fec,alpha-stable-impulsive,0.0,47.0,3419,35.604166666666664,36.61302083333333,0.9666666666666667,9280,1653,28,28,28,4,0,true,false,4,16
red3:lane2:snr28.0:seed4:frame26,28.0,26,ofdm_fec,alpha-stable-impulsive,0.0,47.0,3561,37.083333333333336,38.0921875,0.9666666666666667,9280,1653,29,29,29,4,0,true,false,4,16
red3:lane2:snr28.0:seed4:frame27,28.0,27,ofdm_fec,alpha-stable-impulsive,0.0,47.0,3704,38.572916666666664,39.58177083333333,0.9666666666666667,9280,1653,30,30,30,4,0,true,false,4,16
red3:lane2:snr28.0:seed4:frame28,28.0,28,ofdm_fec,alpha-stable-impulsive,0.0,47.0,3846,40.052083333333336,41.0609375,0.9666666666666667,9280,1653,31,31,31,4,0,true,false,4,16
red3:lane2:snr28.0:seed4:frame29,28.0,29,ofdm_fec,alpha-stable-impulsive,0.0,47.0,3989,41.541666666666664,42.55052083333333,0.9666666666666667,9280,1653,32,32,32,4,0,true,false,4,16
red3:lane2:snr28.0:seed4:frame30,28.0,30,ofdm_fec,alpha-stable-impulsive,0.0,47.0,4131,43.020833333333336,44.0296875,0.9666666666666667,9280,1653,33,33,33,4,0,true,false,4,16
red3:lane2:snr28.0:seed4:frame31,28.0,31,ofdm_fec,alpha-stable-impulsive,0.0,47.0,4274,44.510416666666664,45.51927083333333,0.9666666666666667,9280,1653,34,34,34,4,0,true,false,4,16
red3:lane2:snr28.0:seed4:frame32,28.0,32,ofdm_fec,alpha-stable-impulsive,0.0,47.0,4416,45.989583333333336,46.9984375,0.9666666666666667,9280,1653,35,35,35,4,0,true,false,4,16
red3:lane2:snr28.0:seed4:frame1,28.0,1,pfft,alpha-stable-impulsive,0.0,47.0,1,0.0,1.0088541666666666,0.9666666666666667,9280,1653,4,4,4,4,557,false,false,4,16
red3:lane2:snr28.0:seed4:frame2,28.0,2,pfft,alpha-stable-impulsive,0.0,47.0,143,1.4791666666666667,2.4880208333333336,0.9666666666666667,9280,1653,5,5,5,4,492,false,false,4,16
red3:lane2:snr28.0:seed4:frame3,28.0,3,pfft,alpha-stable-impulsive,0.0,47.0,286,2.96875,3.9776041666666666,0.9666666666666667,9280,1653,6,6,6,4,461,false,false,4,16
red3:lane2:snr28.0:seed4:frame4,28.0,4,pfft,alpha-stable-impulsive,0.0,47.0,428,4.447916666666667,5.456770833333334,0.9666666666666667,9280,1653,7,7,7,4,487,false,false,4,16
red3:lane2:snr28.0:seed4:frame5,28.0,5,pfft,alpha-stable-impulsive,0.0,47.0,571,5.9375,6.946354166666667,0.9666666666666667,9280,1653,8,8,8,4,364,false,false,4,16
red3:lane2:snr28.0:seed4:frame6,28.0,6,pfft,alpha-stable-impulsive,0.0,47.0,713,7.416666666666667,8.425520833333334,0.9666666666666667,9280,1653,9,9,9,4,506,false,false,4,16
red3:lane2:snr28.0:seed4:frame7,28.0,7,pfft,alpha-stable-impulsive,0.0,47.0,856,8.90625,9.915104166666666,0.9666666666666667,9280,1653,10,10,10,4,504,false,false,4,16
red3:lane2:snr28.0:seed4:frame8,28.0,8,pfft,alpha-stable-impulsive,0.0,47.0,998,10.385416666666666,11.394270833333334,0.9666666666666667,9280,1653,11,11,11,4,484,false,false,4,16
red3:lane2:snr28.0:seed4:frame9,28.0,9,pfft,alpha-stable-impulsive,0.0,47.0,1140,11.864583333333334,12.873437500000001,0.9666666666666667,9280,1653,12,12,12,4,402,false,false,4,16
red3:lane2:snr28.0:seed4:frame10,28.0,10,pfft,alpha-stable-impulsive,0.0,47.0,1283,13.354166666666666,14.363020833333334,0.9666666666666667,9280,1653,13,13,13,4,522,false,false,4,16
red3:lane2:snr28.0:seed4:frame11,28.0,11,pfft,alpha-stable-impulsive,0.0,47.0,1425,14.833333333333334,15.842187500000001,0.9666666666666667,9280,1653,14,14,14,4,498,false,false,4,16
red3:lane2:snr28.0:seed4:frame12,28.0,12,pfft,alpha-stable-impulsive,0.0,47.0,1568,16.322916666666668,17.331770833333334,0.9666666666666667,9280,1653,15,15,15,4,559,false,false,4,16
red3:lane2:snr28.0:seed4:frame13,28.0,13,pfft,alpha-stable-impulsive,0.0,47.0,1710,17.802083333333332,18.810937499999998,0.9666666666666667,9280,1653,16,16,16,4,483,false,false,4,16
red3:lane2:snr28.0:seed4:frame14,28.0,14,pfft,alpha-stable-impulsive,0.0,47.0,1852,19.28125,20.290104166666666,0.9666666666666667,9280,1653,17,17,17,4,325,false,false,4,16
red3:lane2:snr28.0:seed4:frame15,28.0,15,pfft,alpha-stable-impulsive,0.0,47.0,1995,20.770833333333332,21.779687499999998,0.9666666666666667,9280,1653,18,18,18,4,441,false,false,4,16
red3:lane2:snr28.0:seed4:frame16,28.0,16,pfft,alpha-stable-impulsive,0.0,47.0,2137,22.25,23.258854166666666,0.9666666666666667,9280,1653,19,19,19,4,516,false,false,4,16
red3:lane2:snr28.0:seed4:frame17,28.0,17,pfft,alpha-stable-impulsive,0.0,47.0,2280,23.739583333333332,24.748437499999998,0.9666666666666667,9280,1653,20,20,20,4,505,false,false,4,16
red3:lane2:snr28.0:seed4:frame18,28.0,18,pfft,alpha-stable-impulsive,0.0,47.0,2422,25.21875,26.227604166666666,0.9666666666666667,9280,1653,21,21,21,4,524,false,false,4,16
red3:lane2:snr28.0:seed4:frame19,28.0,19,pfft,alpha-stable-impulsive,0.0,47.0,2565,26.708333333333332,27.717187499999998,0.9666666666666667,9280,1653,22,22,22,4,423,false,false,4,16
red3:lane2:snr28.0:seed4:frame20,28.0,20,pfft,alpha-stable-impulsive,0.0,47.0,2707,28.1875,29.196354166666666,0.9666666666666667,9280,1653,23,23,23,4,575,false,false,4,16
red3:lane2:snr28.0:seed4:frame21,28.0,21,pfft,alpha-stable-impulsive,0.0,47.0,2849,29.666666666666668,30.675520833333334,0.9666666666666667,9280,1653,24,24,24,4,533,false,false,4,16
red3:lane2:snr28.0:seed4:frame22,28.0,22,pfft,alpha-stable-impulsive,0.0,47.0,2992,31.15625,32.165104166666666,0.9666666666666667,9280,1653,25,25,25,4,362,false,false,4,16
red3:lane2:snr28.0:seed4:frame23,28.0,23,pfft,alpha-stable-impulsive,0.0,47.0,3134,32.635416666666664,33.64427083333333,0.9666666666666667,9280,1653,26,26,26,4,421,false,false,4,16
red3:lane2:snr28.0:seed4:frame24,28.0,24,pfft,alpha-stable-impulsive,0.0,47.0,3277,34.125,35.133854166666666,0.9666666666666667,9280,1653,27,27,27,4,390,false,false,4,16
red3:lane2:snr28.0:seed4:frame25,28.0,25,pfft,alpha-stable-impulsive,0.0,47.0,3419,35.604166666666664,36.61302083333333,0.9666666666666667,9280,1653,28,28,28,4,14,false,false,4,16
red3:lane2:snr28.0:seed4:frame26,28.0,26,pfft,alpha-stable-impulsive,0.0,47.0,3561,37.083333333333336,38.0921875,0.9666666666666667,9280,1653,29,29,29,4,458,false,false,4,16
red3:lane2:snr28.0:seed4:frame27,28.0,27,pfft,alpha-stable-impulsive,0.0,47.0,3704,38.572916666666664,39.58177083333333,0.9666666666666667,9280,1653,30,30,30,4,498,false,false,4,16
red3:lane2:snr28.0:seed4:frame28,28.0,28,pfft,alpha-stable-impulsive,0.0,47.0,3846,40.052083333333336,41.0609375,0.9666666666666667,9280,1653,31,31,31,4,368,false,false,4,16
red3:lane2:snr28.0:seed4:frame29,28.0,29,pfft,alpha-stable-impulsive,0.0,47.0,3989,41.541666666666664,42.55052083333333,0.9666666666666667,9280,1653,32,32,32,4,85,false,false,4,16
red3:lane2:snr28.0:seed4:frame30,28.0,30,pfft,alpha-stable-impulsive,0.0,47.0,4131,43.020833333333336,44.0296875,0.9666666666666667,9280,1653,33,33,33,4,448,false,false,4,16
red3:lane2:snr28.0:seed4:frame31,28.0,31,pfft,alpha-stable-impulsive,0.0,47.0,4274,44.510416666666664,45.51927083333333,0.9666666666666667,9280,1653,34,34,34,4,401,false,false,4,16
red3:lane2:snr28.0:seed4:frame32,28.0,32,pfft,alpha-stable-impulsive,0.0,47.0,4416,45.989583333333336,46.9984375,0.9666666666666667,9280,1653,35,35,35,4,446,false,false,4,16
red3:lane2:snr28.0:seed4:frame1,28.0,1,profiled_cz,alpha-stable-impulsive,0.0,47.0,1,0.0,1.0088541666666666,0.9666666666666667,9280,1653,4,4,4,4,0,true,false,4,16
red3:lane2:snr28.0:seed4:frame2,28.0,2,profiled_cz,alpha-stable-impulsive,0.0,47.0,143,1.4791666666666667,2.4880208333333336,0.9666666666666667,9280,1653,5,5,5,4,0,true,false,4,16
red3:lane2:snr28.0:seed4:frame3,28.0,3,profiled_cz,alpha-stable-impulsive,0.0,47.0,286,2.96875,3.9776041666666666,0.9666666666666667,9280,1653,6,6,6,4,0,true,false,4,16
red3:lane2:snr28.0:seed4:frame4,28.0,4,profiled_cz,alpha-stable-impulsive,0.0,47.0,428,4.447916666666667,5.456770833333334,0.9666666666666667,9280,1653,7,7,7,4,0,true,false,4,16
red3:lane2:snr28.0:seed4:frame5,28.0,5,profiled_cz,alpha-stable-impulsive,0.0,47.0,571,5.9375,6.946354166666667,0.9666666666666667,9280,1653,8,8,8,4,0,true,false,4,16
red3:lane2:snr28.0:seed4:frame6,28.0,6,profiled_cz,alpha-stable-impulsive,0.0,47.0,713,7.416666666666667,8.425520833333334,0.9666666666666667,9280,1653,9,9,9,4,15,false,false,4,16
red3:lane2:snr28.0:seed4:frame7,28.0,7,profiled_cz,alpha-stable-impulsive,0.0,47.0,856,8.90625,9.915104166666666,0.9666666666666667,9280,1653,10,10,10,4,0,true,false,4,16
red3:lane2:snr28.0:seed4:frame8,28.0,8,profiled_cz,alpha-stable-impulsive,0.0,47.0,998,10.385416666666666,11.394270833333334,0.9666666666666667,9280,1653,11,11,11,4,0,true,false,4,16
red3:lane2:snr28.0:seed4:frame9,28.0,9,profiled_cz,alpha-stable-impulsive,0.0,47.0,1140,11.864583333333334,12.873437500000001,0.9666666666666667,9280,1653,12,12,12,4,0,true,false,4,16
red3:lane2:snr28.0:seed4:frame10,28.0,10,profiled_cz,alpha-stable-impulsive,0.0,47.0,1283,13.354166666666666,14.363020833333334,0.9666666666666667,9280,1653,13,13,13,4,0,true,false,4,16
red3:lane2:snr28.0:seed4:frame11,28.0,11,profiled_cz,alpha-stable-impulsive,0.0,47.0,1425,14.833333333333334,15.842187500000001,0.9666666666666667,9280,1653,14,14,14,4,0,true,false,4,16
red3:lane2:snr28.0:seed4:frame12,28.0,12,profiled_cz,alpha-stable-impulsive,0.0,47.0,1568,16.322916666666668,17.331770833333334,0.9666666666666667,9280,1653,15,15,15,4,0,true,false,4,16
red3:lane2:snr28.0:seed4:frame13,28.0,13,profiled_cz,alpha-stable-impulsive,0.0,47.0,1710,17.802083333333332,18.810937499999998,0.9666666666666667,9280,1653,16,16,16,4,0,true,false,4,16
red3:lane2:snr28.0:seed4:frame14,28.0,14,profiled_cz,alpha-stable-impulsive,0.0,47.0,1852,19.28125,20.290104166666666,0.9666666666666667,9280,1653,17,17,17,4,0,true,false,4,16
red3:lane2:snr28.0:seed4:frame15,28.0,15,profiled_cz,alpha-stable-impulsive,0.0,47.0,1995,20.770833333333332,21.779687499999998,0.9666666666666667,9280,1653,18,18,18,4,0,true,false,4,16
red3:lane2:snr28.0:seed4:frame16,28.0,16,profiled_cz,alpha-stable-impulsive,0.0,47.0,2137,22.25,23.258854166666666,0.9666666666666667,9280,1653,19,19,19,4,0,true,false,4,16
red3:lane2:snr28.0:seed4:frame17,28.0,17,profiled_cz,alpha-stable-impulsive,0.0,47.0,2280,23.739583333333332,24.748437499999998,0.9666666666666667,9280,1653,20,20,20,4,0,true,false,4,16
red3:lane2:snr28.0:seed4:frame18,28.0,18,profiled_cz,alpha-stable-impulsive,0.0,47.0,2422,25.21875,26.227604166666666,0.9666666666666667,9280,1653,21,21,21,4,0,true,false,4,16
red3:lane2:snr28.0:seed4:frame19,28.0,19,profiled_cz,alpha-stable-impulsive,0.0,47.0,2565,26.708333333333332,27.717187499999998,0.9666666666666667,9280,1653,22,22,22,4,0,true,false,4,16
red3:lane2:snr28.0:seed4:frame20,28.0,20,profiled_cz,alpha-stable-impulsive,0.0,47.0,2707,28.1875,29.196354166666666,0.9666666666666667,9280,1653,23,23,23,4,228,false,false,4,16
red3:lane2:snr28.0:seed4:frame21,28.0,21,profiled_cz,alpha-stable-impulsive,0.0,47.0,2849,29.666666666666668,30.675520833333334,0.9666666666666667,9280,1653,24,24,24,4,0,true,false,4,16
red3:lane2:snr28.0:seed4:frame22,28.0,22,profiled_cz,alpha-stable-impulsive,0.0,47.0,2992,31.15625,32.165104166666666,0.9666666666666667,9280,1653,25,25,25,4,0,true,false,4,16
red3:lane2:snr28.0:seed4:frame23,28.0,23,profiled_cz,alpha-stable-impulsive,0.0,47.0,3134,32.635416666666664,33.64427083333333,0.9666666666666667,9280,1653,26,26,26,4,0,true,false,4,16
red3:lane2:snr28.0:seed4:frame24,28.0,24,profiled_cz,alpha-stable-impulsive,0.0,47.0,3277,34.125,35.133854166666666,0.9666666666666667,9280,1653,27,27,27,4,0,true,false,4,16
red3:lane2:snr28.0:seed4:frame25,28.0,25,profiled_cz,alpha-stable-impulsive,0.0,47.0,3419,35.604166666666664,36.61302083333333,0.9666666666666667,9280,1653,28,28,28,4,0,true,false,4,16
red3:lane2:snr28.0:seed4:frame26,28.0,26,profiled_cz,alpha-stable-impulsive,0.0,47.0,3561,37.083333333333336,38.0921875,0.9666666666666667,9280,1653,29,29,29,4,0,true,false,4,16
red3:lane2:snr28.0:seed4:frame27,28.0,27,profiled_cz,alpha-stable-impulsive,0.0,47.0,3704,38.572916666666664,39.58177083333333,0.9666666666666667,9280,1653,30,30,30,4,0,true,false,4,16
red3:lane2:snr28.0:seed4:frame28,28.0,28,profiled_cz,alpha-stable-impulsive,0.0,47.0,3846,40.052083333333336,41.0609375,0.9666666666666667,9280,1653,31,31,31,4,0,true,false,4,16
red3:lane2:snr28.0:seed4:frame29,28.0,29,profiled_cz,alpha-stable-impulsive,0.0,47.0,3989,41.541666666666664,42.55052083333333,0.9666666666666667,9280,1653,32,32,32,4,0,true,false,4,16
red3:lane2:snr28.0:seed4:frame30,28.0,30,profiled_cz,alpha-stable-impulsive,0.0,47.0,4131,43.020833333333336,44.0296875,0.9666666666666667,9280,1653,33,33,33,4,0,true,false,4,16
red3:lane2:snr28.0:seed4:frame31,28.0,31,profiled_cz,alpha-stable-impulsive,0.0,47.0,4274,44.510416666666664,45.51927083333333,0.9666666666666667,9280,1653,34,34,34,4,0,true,false,4,16
red3:lane2:snr28.0:seed4:frame32,28.0,32,profiled_cz,alpha-stable-impulsive,0.0,47.0,4416,45.989583333333336,46.9984375,0.9666666666666667,9280,1653,35,35,35,4,0,true,false,4,16
red3:lane2:snr30.0:seed4:frame1,30.0,1,cwz_joint,alpha-stable-impulsive,0.0,47.0,1,0.0,1.0088541666666666,0.9666666666666667,9280,1653,4,4,4,4,0,true,false,4,16
red3:lane2:snr30.0:seed4:frame2,30.0,2,cwz_joint,alpha-stable-impulsive,0.0,47.0,143,1.4791666666666667,2.4880208333333336,0.9666666666666667,9280,1653,5,5,5,4,0,true,false,4,16
red3:lane2:snr30.0:seed4:frame3,30.0,3,cwz_joint,alpha-stable-impulsive,0.0,47.0,286,2.96875,3.9776041666666666,0.9666666666666667,9280,1653,6,6,6,4,0,true,false,4,16
red3:lane2:snr30.0:seed4:frame4,30.0,4,cwz_joint,alpha-stable-impulsive,0.0,47.0,428,4.447916666666667,5.456770833333334,0.9666666666666667,9280,1653,7,7,7,4,0,true,false,4,16
red3:lane2:snr30.0:seed4:frame5,30.0,5,cwz_joint,alpha-stable-impulsive,0.0,47.0,571,5.9375,6.946354166666667,0.9666666666666667,9280,1653,8,8,8,4,0,true,false,4,16
red3:lane2:snr30.0:seed4:frame6,30.0,6,cwz_joint,alpha-stable-impulsive,0.0,47.0,713,7.416666666666667,8.425520833333334,0.9666666666666667,9280,1653,9,9,9,4,5,false,false,4,16
red3:lane2:snr30.0:seed4:frame7,30.0,7,cwz_joint,alpha-stable-impulsive,0.0,47.0,856,8.90625,9.915104166666666,0.9666666666666667,9280,1653,10,10,10,4,0,true,false,4,16
red3:lane2:snr30.0:seed4:frame8,30.0,8,cwz_joint,alpha-stable-impulsive,0.0,47.0,998,10.385416666666666,11.394270833333334,0.9666666666666667,9280,1653,11,11,11,4,0,true,false,4,16
red3:lane2:snr30.0:seed4:frame9,30.0,9,cwz_joint,alpha-stable-impulsive,0.0,47.0,1140,11.864583333333334,12.873437500000001,0.9666666666666667,9280,1653,12,12,12,4,0,true,false,4,16
red3:lane2:snr30.0:seed4:frame10,30.0,10,cwz_joint,alpha-stable-impulsive,0.0,47.0,1283,13.354166666666666,14.363020833333334,0.9666666666666667,9280,1653,13,13,13,4,0,true,false,4,16
red3:lane2:snr30.0:seed4:frame11,30.0,11,cwz_joint,alpha-stable-impulsive,0.0,47.0,1425,14.833333333333334,15.842187500000001,0.9666666666666667,9280,1653,14,14,14,4,0,true,false,4,16
red3:lane2:snr30.0:seed4:frame12,30.0,12,cwz_joint,alpha-stable-impulsive,0.0,47.0,1568,16.322916666666668,17.331770833333334,0.9666666666666667,9280,1653,15,15,15,4,0,true,false,4,16
red3:lane2:snr30.0:seed4:frame13,30.0,13,cwz_joint,alpha-stable-impulsive,0.0,47.0,1710,17.802083333333332,18.810937499999998,0.9666666666666667,9280,1653,16,16,16,4,0,true,false,4,16
red3:lane2:snr30.0:seed4:frame14,30.0,14,cwz_joint,alpha-stable-impulsive,0.0,47.0,1852,19.28125,20.290104166666666,0.9666666666666667,9280,1653,17,17,17,4,0,true,false,4,16
red3:lane2:snr30.0:seed4:frame15,30.0,15,cwz_joint,alpha-stable-impulsive,0.0,47.0,1995,20.770833333333332,21.779687499999998,0.9666666666666667,9280,1653,18,18,18,4,0,true,false,4,16
red3:lane2:snr30.0:seed4:frame16,30.0,16,cwz_joint,alpha-stable-impulsive,0.0,47.0,2137,22.25,23.258854166666666,0.9666666666666667,9280,1653,19,19,19,4,0,true,false,4,16
red3:lane2:snr30.0:seed4:frame17,30.0,17,cwz_joint,alpha-stable-impulsive,0.0,47.0,2280,23.739583333333332,24.748437499999998,0.9666666666666667,9280,1653,20,20,20,4,0,true,false,4,16
red3:lane2:snr30.0:seed4:frame18,30.0,18,cwz_joint,alpha-stable-impulsive,0.0,47.0,2422,25.21875,26.227604166666666,0.9666666666666667,9280,1653,21,21,21,4,0,true,false,4,16
red3:lane2:snr30.0:seed4:frame19,30.0,19,cwz_joint,alpha-stable-impulsive,0.0,47.0,2565,26.708333333333332,27.717187499999998,0.9666666666666667,9280,1653,22,22,22,4,0,true,false,4,16
red3:lane2:snr30.0:seed4:frame20,30.0,20,cwz_joint,alpha-stable-impulsive,0.0,47.0,2707,28.1875,29.196354166666666,0.9666666666666667,9280,1653,23,23,23,4,47,false,false,4,16
red3:lane2:snr30.0:seed4:frame21,30.0,21,cwz_joint,alpha-stable-impulsive,0.0,47.0,2849,29.666666666666668,30.675520833333334,0.9666666666666667,9280,1653,24,24,24,4,0,true,false,4,16
red3:lane2:snr30.0:seed4:frame22,30.0,22,cwz_joint,alpha-stable-impulsive,0.0,47.0,2992,31.15625,32.165104166666666,0.9666666666666667,9280,1653,25,25,25,4,0,true,false,4,16
red3:lane2:snr30.0:seed4:frame23,30.0,23,cwz_joint,alpha-stable-impulsive,0.0,47.0,3134,32.635416666666664,33.64427083333333,0.9666666666666667,9280,1653,26,26,26,4,0,true,false,4,16
red3:lane2:snr30.0:seed4:frame24,30.0,24,cwz_joint,alpha-stable-impulsive,0.0,47.0,3277,34.125,35.133854166666666,0.9666666666666667,9280,1653,27,27,27,4,0,true,false,4,16
red3:lane2:snr30.0:seed4:frame25,30.0,25,cwz_joint,alpha-stable-impulsive,0.0,47.0,3419,35.604166666666664,36.61302083333333,0.9666666666666667,9280,1653,28,28,28,4,0,true,false,4,16
red3:lane2:snr30.0:seed4:frame26,30.0,26,cwz_joint,alpha-stable-impulsive,0.0,47.0,3561,37.083333333333336,38.0921875,0.9666666666666667,9280,1653,29,29,29,4,0,true,false,4,16
red3:lane2:snr30.0:seed4:frame27,30.0,27,cwz_joint,alpha-stable-impulsive,0.0,47.0,3704,38.572916666666664,39.58177083333333,0.9666666666666667,9280,1653,30,30,30,4,0,true,false,4,16
red3:lane2:snr30.0:seed4:frame28,30.0,28,cwz_joint,alpha-stable-impulsive,0.0,47.0,3846,40.052083333333336,41.0609375,0.9666666666666667,9280,1653,31,31,31,4,0,true,false,4,16
red3:lane2:snr30.0:seed4:frame29,30.0,29,cwz_joint,alpha-stable-impulsive,0.0,47.0,3989,41.541666666666664,42.55052083333333,0.9666666666666667,9280,1653,32,32,32,4,0,true,false,4,16
red3:lane2:snr30.0:seed4:frame30,30.0,30,cwz_joint,alpha-stable-impulsive,0.0,47.0,4131,43.020833333333336,44.0296875,0.9666666666666667,9280,1653,33,33,33,4,0,true,false,4,16
red3:lane2:snr30.0:seed4:frame31,30.0,31,cwz_joint,alpha-stable-impulsive,0.0,47.0,4274,44.510416666666664,45.51927083333333,0.9666666666666667,9280,1653,34,34,34,4,0,true,false,4,16
red3:lane2:snr30.0:seed4:frame32,30.0,32,cwz_joint,alpha-stable-impulsive,0.0,47.0,4416,45.989583333333336,46.9984375,0.9666666666666667,9280,1653,35,35,35,4,0,true,false,4,16
red3:lane2:snr30.0:seed4:frame1,30.0,1,lite,alpha-stable-impulsive,0.0,47.0,1,0.0,1.0088541666666666,0.9666666666666667,9280,1653,4,4,4,4,0,true,false,4,16
red3:lane2:snr30.0:seed4:frame2,30.0,2,lite,alpha-stable-impulsive,0.0,47.0,143,1.4791666666666667,2.4880208333333336,0.9666666666666667,9280,1653,5,5,5,4,0,true,false,4,16
red3:lane2:snr30.0:seed4:frame3,30.0,3,lite,alpha-stable-impulsive,0.0,47.0,286,2.96875,3.9776041666666666,0.9666666666666667,9280,1653,6,6,6,4,0,true,false,4,16
red3:lane2:snr30.0:seed4:frame4,30.0,4,lite,alpha-stable-impulsive,0.0,47.0,428,4.447916666666667,5.456770833333334,0.9666666666666667,9280,1653,7,7,7,4,0,true,false,4,16
red3:lane2:snr30.0:seed4:frame5,30.0,5,lite,alpha-stable-impulsive,0.0,47.0,571,5.9375,6.946354166666667,0.9666666666666667,9280,1653,8,8,8,4,0,true,false,4,16
red3:lane2:snr30.0:seed4:frame6,30.0,6,lite,alpha-stable-impulsive,0.0,47.0,713,7.416666666666667,8.425520833333334,0.9666666666666667,9280,1653,9,9,9,4,5,false,false,4,16
red3:lane2:snr30.0:seed4:frame7,30.0,7,lite,alpha-stable-impulsive,0.0,47.0,856,8.90625,9.915104166666666,0.9666666666666667,9280,1653,10,10,10,4,0,true,false,4,16
red3:lane2:snr30.0:seed4:frame8,30.0,8,lite,alpha-stable-impulsive,0.0,47.0,998,10.385416666666666,11.394270833333334,0.9666666666666667,9280,1653,11,11,11,4,0,true,false,4,16
red3:lane2:snr30.0:seed4:frame9,30.0,9,lite,alpha-stable-impulsive,0.0,47.0,1140,11.864583333333334,12.873437500000001,0.9666666666666667,9280,1653,12,12,12,4,0,true,false,4,16
red3:lane2:snr30.0:seed4:frame10,30.0,10,lite,alpha-stable-impulsive,0.0,47.0,1283,13.354166666666666,14.363020833333334,0.9666666666666667,9280,1653,13,13,13,4,0,true,false,4,16
red3:lane2:snr30.0:seed4:frame11,30.0,11,lite,alpha-stable-impulsive,0.0,47.0,1425,14.833333333333334,15.842187500000001,0.9666666666666667,9280,1653,14,14,14,4,0,true,false,4,16
red3:lane2:snr30.0:seed4:frame12,30.0,12,lite,alpha-stable-impulsive,0.0,47.0,1568,16.322916666666668,17.331770833333334,0.9666666666666667,9280,1653,15,15,15,4,0,true,false,4,16
red3:lane2:snr30.0:seed4:frame13,30.0,13,lite,alpha-stable-impulsive,0.0,47.0,1710,17.802083333333332,18.810937499999998,0.9666666666666667,9280,1653,16,16,16,4,0,true,false,4,16
red3:lane2:snr30.0:seed4:frame14,30.0,14,lite,alpha-stable-impulsive,0.0,47.0,1852,19.28125,20.290104166666666,0.9666666666666667,9280,1653,17,17,17,4,0,true,false,4,16
red3:lane2:snr30.0:seed4:frame15,30.0,15,lite,alpha-stable-impulsive,0.0,47.0,1995,20.770833333333332,21.779687499999998,0.9666666666666667,9280,1653,18,18,18,4,0,true,false,4,16
red3:lane2:snr30.0:seed4:frame16,30.0,16,lite,alpha-stable-impulsive,0.0,47.0,2137,22.25,23.258854166666666,0.9666666666666667,9280,1653,19,19,19,4,0,true,false,4,16
red3:lane2:snr30.0:seed4:frame17,30.0,17,lite,alpha-stable-impulsive,0.0,47.0,2280,23.739583333333332,24.748437499999998,0.9666666666666667,9280,1653,20,20,20,4,0,true,false,4,16
red3:lane2:snr30.0:seed4:frame18,30.0,18,lite,alpha-stable-impulsive,0.0,47.0,2422,25.21875,26.227604166666666,0.9666666666666667,9280,1653,21,21,21,4,0,true,false,4,16
red3:lane2:snr30.0:seed4:frame19,30.0,19,lite,alpha-stable-impulsive,0.0,47.0,2565,26.708333333333332,27.717187499999998,0.9666666666666667,9280,1653,22,22,22,4,0,true,false,4,16
red3:lane2:snr30.0:seed4:frame20,30.0,20,lite,alpha-stable-impulsive,0.0,47.0,2707,28.1875,29.196354166666666,0.9666666666666667,9280,1653,23,23,23,4,47,false,false,4,16
red3:lane2:snr30.0:seed4:frame21,30.0,21,lite,alpha-stable-impulsive,0.0,47.0,2849,29.666666666666668,30.675520833333334,0.9666666666666667,9280,1653,24,24,24,4,0,true,false,4,16
red3:lane2:snr30.0:seed4:frame22,30.0,22,lite,alpha-stable-impulsive,0.0,47.0,2992,31.15625,32.165104166666666,0.9666666666666667,9280,1653,25,25,25,4,0,true,false,4,16
red3:lane2:snr30.0:seed4:frame23,30.0,23,lite,alpha-stable-impulsive,0.0,47.0,3134,32.635416666666664,33.64427083333333,0.9666666666666667,9280,1653,26,26,26,4,0,true,false,4,16
red3:lane2:snr30.0:seed4:frame24,30.0,24,lite,alpha-stable-impulsive,0.0,47.0,3277,34.125,35.133854166666666,0.9666666666666667,9280,1653,27,27,27,4,0,true,false,4,16
red3:lane2:snr30.0:seed4:frame25,30.0,25,lite,alpha-stable-impulsive,0.0,47.0,3419,35.604166666666664,36.61302083333333,0.9666666666666667,9280,1653,28,28,28,4,0,true,false,4,16
red3:lane2:snr30.0:seed4:frame26,30.0,26,lite,alpha-stable-impulsive,0.0,47.0,3561,37.083333333333336,38.0921875,0.9666666666666667,9280,1653,29,29,29,4,0,true,false,4,16
red3:lane2:snr30.0:seed4:frame27,30.0,27,lite,alpha-stable-impulsive,0.0,47.0,3704,38.572916666666664,39.58177083333333,0.9666666666666667,9280,1653,30,30,30,4,0,true,false,4,16
red3:lane2:snr30.0:seed4:frame28,30.0,28,lite,alpha-stable-impulsive,0.0,47.0,3846,40.052083333333336,41.0609375,0.9666666666666667,9280,1653,31,31,31,4,0,true,false,4,16
red3:lane2:snr30.0:seed4:frame29,30.0,29,lite,alpha-stable-impulsive,0.0,47.0,3989,41.541666666666664,42.55052083333333,0.9666666666666667,9280,1653,32,32,32,4,0,true,false,4,16
red3:lane2:snr30.0:seed4:frame30,30.0,30,lite,alpha-stable-impulsive,0.0,47.0,4131,43.020833333333336,44.0296875,0.9666666666666667,9280,1653,33,33,33,4,0,true,false,4,16
red3:lane2:snr30.0:seed4:frame31,30.0,31,lite,alpha-stable-impulsive,0.0,47.0,4274,44.510416666666664,45.51927083333333,0.9666666666666667,9280,1653,34,34,34,4,0,true,false,4,16
red3:lane2:snr30.0:seed4:frame32,30.0,32,lite,alpha-stable-impulsive,0.0,47.0,4416,45.989583333333336,46.9984375,0.9666666666666667,9280,1653,35,35,35,4,0,true,false,4,16
red3:lane2:snr30.0:seed4:frame1,30.0,1,ofdm_fec,alpha-stable-impulsive,0.0,47.0,1,0.0,1.0088541666666666,0.9666666666666667,9280,1653,4,4,4,4,0,true,false,4,16
red3:lane2:snr30.0:seed4:frame2,30.0,2,ofdm_fec,alpha-stable-impulsive,0.0,47.0,143,1.4791666666666667,2.4880208333333336,0.9666666666666667,9280,1653,5,5,5,4,0,true,false,4,16
red3:lane2:snr30.0:seed4:frame3,30.0,3,ofdm_fec,alpha-stable-impulsive,0.0,47.0,286,2.96875,3.9776041666666666,0.9666666666666667,9280,1653,6,6,6,4,0,true,false,4,16
red3:lane2:snr30.0:seed4:frame4,30.0,4,ofdm_fec,alpha-stable-impulsive,0.0,47.0,428,4.447916666666667,5.456770833333334,0.9666666666666667,9280,1653,7,7,7,4,0,true,false,4,16
red3:lane2:snr30.0:seed4:frame5,30.0,5,ofdm_fec,alpha-stable-impulsive,0.0,47.0,571,5.9375,6.946354166666667,0.9666666666666667,9280,1653,8,8,8,4,0,true,false,4,16
red3:lane2:snr30.0:seed4:frame6,30.0,6,ofdm_fec,alpha-stable-impulsive,0.0,47.0,713,7.416666666666667,8.425520833333334,0.9666666666666667,9280,1653,9,9,9,4,0,true,false,4,16
red3:lane2:snr30.0:seed4:frame7,30.0,7,ofdm_fec,alpha-stable-impulsive,0.0,47.0,856,8.90625,9.915104166666666,0.9666666666666667,9280,1653,10,10,10,4,0,true,false,4,16
red3:lane2:snr30.0:seed4:frame8,30.0,8,ofdm_fec,alpha-stable-impulsive,0.0,47.0,998,10.385416666666666,11.394270833333334,0.9666666666666667,9280,1653,11,11,11,4,0,true,false,4,16
red3:lane2:snr30.0:seed4:frame9,30.0,9,ofdm_fec,alpha-stable-impulsive,0.0,47.0,1140,11.864583333333334,12.873437500000001,0.9666666666666667,9280,1653,12,12,12,4,0,true,false,4,16
red3:lane2:snr30.0:seed4:frame10,30.0,10,ofdm_fec,alpha-stable-impulsive,0.0,47.0,1283,13.354166666666666,14.363020833333334,0.9666666666666667,9280,1653,13,13,13,4,0,true,false,4,16
red3:lane2:snr30.0:seed4:frame11,30.0,11,ofdm_fec,alpha-stable-impulsive,0.0,47.0,1425,14.833333333333334,15.842187500000001,0.9666666666666667,9280,1653,14,14,14,4,0,true,false,4,16
red3:lane2:snr30.0:seed4:frame12,30.0,12,ofdm_fec,alpha-stable-impulsive,0.0,47.0,1568,16.322916666666668,17.331770833333334,0.9666666666666667,9280,1653,15,15,15,4,0,true,false,4,16
red3:lane2:snr30.0:seed4:frame13,30.0,13,ofdm_fec,alpha-stable-impulsive,0.0,47.0,1710,17.802083333333332,18.810937499999998,0.9666666666666667,9280,1653,16,16,16,4,0,true,false,4,16
red3:lane2:snr30.0:seed4:frame14,30.0,14,ofdm_fec,alpha-stable-impulsive,0.0,47.0,1852,19.28125,20.290104166666666,0.9666666666666667,9280,1653,17,17,17,4,0,true,false,4,16
red3:lane2:snr30.0:seed4:frame15,30.0,15,ofdm_fec,alpha-stable-impulsive,0.0,47.0,1995,20.770833333333332,21.779687499999998,0.9666666666666667,9280,1653,18,18,18,4,0,true,false,4,16
red3:lane2:snr30.0:seed4:frame16,30.0,16,ofdm_fec,alpha-stable-impulsive,0.0,47.0,2137,22.25,23.258854166666666,0.9666666666666667,9280,1653,19,19,19,4,0,true,false,4,16
red3:lane2:snr30.0:seed4:frame17,30.0,17,ofdm_fec,alpha-stable-impulsive,0.0,47.0,2280,23.739583333333332,24.748437499999998,0.9666666666666667,9280,1653,20,20,20,4,0,true,false,4,16
red3:lane2:snr30.0:seed4:frame18,30.0,18,ofdm_fec,alpha-stable-impulsive,0.0,47.0,2422,25.21875,26.227604166666666,0.9666666666666667,9280,1653,21,21,21,4,0,true,false,4,16
red3:lane2:snr30.0:seed4:frame19,30.0,19,ofdm_fec,alpha-stable-impulsive,0.0,47.0,2565,26.708333333333332,27.717187499999998,0.9666666666666667,9280,1653,22,22,22,4,0,true,false,4,16
red3:lane2:snr30.0:seed4:frame20,30.0,20,ofdm_fec,alpha-stable-impulsive,0.0,47.0,2707,28.1875,29.196354166666666,0.9666666666666667,9280,1653,23,23,23,4,0,true,false,4,16
red3:lane2:snr30.0:seed4:frame21,30.0,21,ofdm_fec,alpha-stable-impulsive,0.0,47.0,2849,29.666666666666668,30.675520833333334,0.9666666666666667,9280,1653,24,24,24,4,0,true,false,4,16
red3:lane2:snr30.0:seed4:frame22,30.0,22,ofdm_fec,alpha-stable-impulsive,0.0,47.0,2992,31.15625,32.165104166666666,0.9666666666666667,9280,1653,25,25,25,4,0,true,false,4,16
red3:lane2:snr30.0:seed4:frame23,30.0,23,ofdm_fec,alpha-stable-impulsive,0.0,47.0,3134,32.635416666666664,33.64427083333333,0.9666666666666667,9280,1653,26,26,26,4,0,true,false,4,16
red3:lane2:snr30.0:seed4:frame24,30.0,24,ofdm_fec,alpha-stable-impulsive,0.0,47.0,3277,34.125,35.133854166666666,0.9666666666666667,9280,1653,27,27,27,4,0,true,false,4,16
red3:lane2:snr30.0:seed4:frame25,30.0,25,ofdm_fec,alpha-stable-impulsive,0.0,47.0,3419,35.604166666666664,36.61302083333333,0.9666666666666667,9280,1653,28,28,28,4,0,true,false,4,16
red3:lane2:snr30.0:seed4:frame26,30.0,26,ofdm_fec,alpha-stable-impulsive,0.0,47.0,3561,37.083333333333336,38.0921875,0.9666666666666667,9280,1653,29,29,29,4,0,true,false,4,16
red3:lane2:snr30.0:seed4:frame27,30.0,27,ofdm_fec,alpha-stable-impulsive,0.0,47.0,3704,38.572916666666664,39.58177083333333,0.9666666666666667,9280,1653,30,30,30,4,0,true,false,4,16
red3:lane2:snr30.0:seed4:frame28,30.0,28,ofdm_fec,alpha-stable-impulsive,0.0,47.0,3846,40.052083333333336,41.0609375,0.9666666666666667,9280,1653,31,31,31,4,0,true,false,4,16
red3:lane2:snr30.0:seed4:frame29,30.0,29,ofdm_fec,alpha-stable-impulsive,0.0,47.0,3989,41.541666666666664,42.55052083333333,0.9666666666666667,9280,1653,32,32,32,4,0,true,false,4,16
red3:lane2:snr30.0:seed4:frame30,30.0,30,ofdm_fec,alpha-stable-impulsive,0.0,47.0,4131,43.020833333333336,44.0296875,0.9666666666666667,9280,1653,33,33,33,4,0,true,false,4,16
red3:lane2:snr30.0:seed4:frame31,30.0,31,ofdm_fec,alpha-stable-impulsive,0.0,47.0,4274,44.510416666666664,45.51927083333333,0.9666666666666667,9280,1653,34,34,34,4,0,true,false,4,16
red3:lane2:snr30.0:seed4:frame32,30.0,32,ofdm_fec,alpha-stable-impulsive,0.0,47.0,4416,45.989583333333336,46.9984375,0.9666666666666667,9280,1653,35,35,35,4,0,true,false,4,16
red3:lane2:snr30.0:seed4:frame1,30.0,1,pfft,alpha-stable-impulsive,0.0,47.0,1,0.0,1.0088541666666666,0.9666666666666667,9280,1653,4,4,4,4,553,false,false,4,16
red3:lane2:snr30.0:seed4:frame2,30.0,2,pfft,alpha-stable-impulsive,0.0,47.0,143,1.4791666666666667,2.4880208333333336,0.9666666666666667,9280,1653,5,5,5,4,461,false,false,4,16
red3:lane2:snr30.0:seed4:frame3,30.0,3,pfft,alpha-stable-impulsive,0.0,47.0,286,2.96875,3.9776041666666666,0.9666666666666667,9280,1653,6,6,6,4,483,false,false,4,16
red3:lane2:snr30.0:seed4:frame4,30.0,4,pfft,alpha-stable-impulsive,0.0,47.0,428,4.447916666666667,5.456770833333334,0.9666666666666667,9280,1653,7,7,7,4,482,false,false,4,16
red3:lane2:snr30.0:seed4:frame5,30.0,5,pfft,alpha-stable-impulsive,0.0,47.0,571,5.9375,6.946354166666667,0.9666666666666667,9280,1653,8,8,8,4,395,false,false,4,16
red3:lane2:snr30.0:seed4:frame6,30.0,6,pfft,alpha-stable-impulsive,0.0,47.0,713,7.416666666666667,8.425520833333334,0.9666666666666667,9280,1653,9,9,9,4,523,false,false,4,16
red3:lane2:snr30.0:seed4:frame7,30.0,7,pfft,alpha-stable-impulsive,0.0,47.0,856,8.90625,9.915104166666666,0.9666666666666667,9280,1653,10,10,10,4,518,false,false,4,16
red3:lane2:snr30.0:seed4:frame8,30.0,8,pfft,alpha-stable-impulsive,0.0,47.0,998,10.385416666666666,11.394270833333334,0.9666666666666667,9280,1653,11,11,11,4,432,false,false,4,16
red3:lane2:snr30.0:seed4:frame9,30.0,9,pfft,alpha-stable-impulsive,0.0,47.0,1140,11.864583333333334,12.873437500000001,0.9666666666666667,9280,1653,12,12,12,4,368,false,false,4,16
red3:lane2:snr30.0:seed4:frame10,30.0,10,pfft,alpha-stable-impulsive,0.0,47.0,1283,13.354166666666666,14.363020833333334,0.9666666666666667,9280,1653,13,13,13,4,538,false,false,4,16
red3:lane2:snr30.0:seed4:frame11,30.0,11,pfft,alpha-stable-impulsive,0.0,47.0,1425,14.833333333333334,15.842187500000001,0.9666666666666667,9280,1653,14,14,14,4,503,false,false,4,16
red3:lane2:snr30.0:seed4:frame12,30.0,12,pfft,alpha-stable-impulsive,0.0,47.0,1568,16.322916666666668,17.331770833333334,0.9666666666666667,9280,1653,15,15,15,4,542,false,false,4,16
red3:lane2:snr30.0:seed4:frame13,30.0,13,pfft,alpha-stable-impulsive,0.0,47.0,1710,17.802083333333332,18.810937499999998,0.9666666666666667,9280,1653,16,16,16,4,497,false,false,4,16
red3:lane2:snr30.0:seed4:frame14,30.0,14,pfft,alpha-stable-impulsive,0.0,47.0,1852,19.28125,20.290104166666666,0.9666666666666667,9280,1653,17,17,17,4,326,false,false,4,16
red3:lane2:snr30.0:seed4:frame15,30.0,15,pfft,alpha-stable-impulsive,0.0,47.0,1995,20.770833333333332,21.779687499999998,0.9666666666666667,9280,1653,18,18,18,4,472,false,false,4,16
red3:lane2:snr30.0:seed4:frame16,30.0,16,pfft,alpha-stable-impulsive,0.0,47.0,2137,22.25,23.258854166666666,0.9666666666666667,9280,1653,19,19,19,4,538,false,false,4,16
red3:lane2:snr30.0:seed4:frame17,30.0,17,pfft,alpha-stable-impulsive,0.0,47.0,2280,23.739583333333332,24.748437499999998,0.9666666666666667,9280,1653,20,20,20,4,493,false,false,4,16
red3:lane2:snr30.0:seed4:frame18,30.0,18,pfft,alpha-stable-impulsive,0.0,47.0,2422,25.21875,26.227604166666666,0.9666666666666667,9280,1653,21,21,21,4,495,false,false,4,16
red3:lane2:snr30.0:seed4:frame19,30.0,19,pfft,alpha-stable-impulsive,0.0,47.0,2565,26.708333333333332,27.717187499999998,0.9666666666666667,9280,1653,22,22,22,4,413,false,false,4,16
red3:lane2:snr30.0:seed4:frame20,30.0,20,pfft,alpha-stable-impulsive,0.0,47.0,2707,28.1875,29.196354166666666,0.9666666666666667,9280,1653,23,23,23,4,592,false,false,4,16
red3:lane2:snr30.0:seed4:frame21,30.0,21,pfft,alpha-stable-impulsive,0.0,47.0,2849,29.666666666666668,30.675520833333334,0.9666666666666667,9280,1653,24,24,24,4,487,false,false,4,16
red3:lane2:snr30.0:seed4:frame22,30.0,22,pfft,alpha-stable-impulsive,0.0,47.0,2992,31.15625,32.165104166666666,0.9666666666666667,9280,1653,25,25,25,4,314,false,false,4,16
red3:lane2:snr30.0:seed4:frame23,30.0,23,pfft,alpha-stable-impulsive,0.0,47.0,3134,32.635416666666664,33.64427083333333,0.9666666666666667,9280,1653,26,26,26,4,421,false,false,4,16
red3:lane2:snr30.0:seed4:frame24,30.0,24,pfft,alpha-stable-impulsive,0.0,47.0,3277,34.125,35.133854166666666,0.9666666666666667,9280,1653,27,27,27,4,476,false,false,4,16
red3:lane2:snr30.0:seed4:frame25,30.0,25,pfft,alpha-stable-impulsive,0.0,47.0,3419,35.604166666666664,36.61302083333333,0.9666666666666667,9280,1653,28,28,28,4,14,false,false,4,16
red3:lane2:snr30.0:seed4:frame26,30.0,26,pfft,alpha-stable-impulsive,0.0,47.0,3561,37.083333333333336,38.0921875,0.9666666666666667,9280,1653,29,29,29,4,453,false,false,4,16
red3:lane2:snr30.0:seed4:frame27,30.0,27,pfft,alpha-stable-impulsive,0.0,47.0,3704,38.572916666666664,39.58177083333333,0.9666666666666667,9280,1653,30,30,30,4,494,false,false,4,16
red3:lane2:snr30.0:seed4:frame28,30.0,28,pfft,alpha-stable-impulsive,0.0,47.0,3846,40.052083333333336,41.0609375,0.9666666666666667,9280,1653,31,31,31,4,405,false,false,4,16
red3:lane2:snr30.0:seed4:frame29,30.0,29,pfft,alpha-stable-impulsive,0.0,47.0,3989,41.541666666666664,42.55052083333333,0.9666666666666667,9280,1653,32,32,32,4,78,false,false,4,16
red3:lane2:snr30.0:seed4:frame30,30.0,30,pfft,alpha-stable-impulsive,0.0,47.0,4131,43.020833333333336,44.0296875,0.9666666666666667,9280,1653,33,33,33,4,441,false,false,4,16
red3:lane2:snr30.0:seed4:frame31,30.0,31,pfft,alpha-stable-impulsive,0.0,47.0,4274,44.510416666666664,45.51927083333333,0.9666666666666667,9280,1653,34,34,34,4,402,false,false,4,16
red3:lane2:snr30.0:seed4:frame32,30.0,32,pfft,alpha-stable-impulsive,0.0,47.0,4416,45.989583333333336,46.9984375,0.9666666666666667,9280,1653,35,35,35,4,461,false,false,4,16
red3:lane2:snr30.0:seed4:frame1,30.0,1,profiled_cz,alpha-stable-impulsive,0.0,47.0,1,0.0,1.0088541666666666,0.9666666666666667,9280,1653,4,4,4,4,0,true,false,4,16
red3:lane2:snr30.0:seed4:frame2,30.0,2,profiled_cz,alpha-stable-impulsive,0.0,47.0,143,1.4791666666666667,2.4880208333333336,0.9666666666666667,9280,1653,5,5,5,4,0,true,false,4,16
red3:lane2:snr30.0:seed4:frame3,30.0,3,profiled_cz,alpha-stable-impulsive,0.0,47.0,286,2.96875,3.9776041666666666,0.9666666666666667,9280,1653,6,6,6,4,0,true,false,4,16
red3:lane2:snr30.0:seed4:frame4,30.0,4,profiled_cz,alpha-stable-impulsive,0.0,47.0,428,4.447916666666667,5.456770833333334,0.9666666666666667,9280,1653,7,7,7,4,0,true,false,4,16
red3:lane2:snr30.0:seed4:frame5,30.0,5,profiled_cz,alpha-stable-impulsive,0.0,47.0,571,5.9375,6.946354166666667,0.9666666666666667,9280,1653,8,8,8,4,0,true,false,4,16
red3:lane2:snr30.0:seed4:frame6,30.0,6,profiled_cz,alpha-stable-impulsive,0.0,47.0,713,7.416666666666667,8.425520833333334,0.9666666666666667,9280,1653,9,9,9,4,5,false,false,4,16
red3:lane2:snr30.0:seed4:frame7,30.0,7,profiled_cz,alpha-stable-impulsive,0.0,47.0,856,8.90625,9.915104166666666,0.9666666666666667,9280,1653,10,10,10,4,0,true,false,4,16
red3:lane2:snr30.0:seed4:frame8,30.0,8,profiled_cz,alpha-stable-impulsive,0.0,47.0,998,10.385416666666666,11.394270833333334,0.9666666666666667,9280,1653,11,11,11,4,0,true,false,4,16
red3:lane2:snr30.0:seed4:frame9,30.0,9,profiled_cz,alpha-stable-impulsive,0.0,47.0,1140,11.864583333333334,12.873437500000001,0.9666666666666667,9280,1653,12,12,12,4,0,true,false,4,16
red3:lane2:snr30.0:seed4:frame10,30.0,10,profiled_cz,alpha-stable-impulsive,0.0,47.0,1283,13.354166666666666,14.363020833333334,0.9666666666666667,9280,1653,13,13,13,4,0,true,false,4,16
red3:lane2:snr30.0:seed4:frame11,30.0,11,profiled_cz,alpha-stable-impulsive,0.0,47.0,1425,14.833333333333334,15.842187500000001,0.9666666666666667,9280,1653,14,14,14,4,0,true,false,4,16
red3:lane2:snr30.0:seed4:frame12,30.0,12,profiled_cz,alpha-stable-impulsive,0.0,47.0,1568,16.322916666666668,17.331770833333334,0.9666666666666667,9280,1653,15,15,15,4,0,true,false,4,16
red3:lane2:snr30.0:seed4:frame13,30.0,13,profiled_cz,alpha-stable-impulsive,0.0,47.0,1710,17.802083333333332,18.810937499999998,0.9666666666666667,9280,1653,16,16,16,4,0,true,false,4,16
red3:lane2:snr30.0:seed4:frame14,30.0,14,profiled_cz,alpha-stable-impulsive,0.0,47.0,1852,19.28125,20.290104166666666,0.9666666666666667,9280,1653,17,17,17,4,0,true,false,4,16
red3:lane2:snr30.0:seed4:frame15,30.0,15,profiled_cz,alpha-stable-impulsive,0.0,47.0,1995,20.770833333333332,21.779687499999998,0.9666666666666667,9280,1653,18,18,18,4,0,true,false,4,16
red3:lane2:snr30.0:seed4:frame16,30.0,16,profiled_cz,alpha-stable-impulsive,0.0,47.0,2137,22.25,23.258854166666666,0.9666666666666667,9280,1653,19,19,19,4,0,true,false,4,16
red3:lane2:snr30.0:seed4:frame17,30.0,17,profiled_cz,alpha-stable-impulsive,0.0,47.0,2280,23.739583333333332,24.748437499999998,0.9666666666666667,9280,1653,20,20,20,4,0,true,false,4,16
red3:lane2:snr30.0:seed4:frame18,30.0,18,profiled_cz,alpha-stable-impulsive,0.0,47.0,2422,25.21875,26.227604166666666,0.9666666666666667,9280,1653,21,21,21,4,0,true,false,4,16
red3:lane2:snr30.0:seed4:frame19,30.0,19,profiled_cz,alpha-stable-impulsive,0.0,47.0,2565,26.708333333333332,27.717187499999998,0.9666666666666667,9280,1653,22,22,22,4,0,true,false,4,16
red3:lane2:snr30.0:seed4:frame20,30.0,20,profiled_cz,alpha-stable-impulsive,0.0,47.0,2707,28.1875,29.196354166666666,0.9666666666666667,9280,1653,23,23,23,4,47,false,false,4,16
red3:lane2:snr30.0:seed4:frame21,30.0,21,profiled_cz,alpha-stable-impulsive,0.0,47.0,2849,29.666666666666668,30.675520833333334,0.9666666666666667,9280,1653,24,24,24,4,0,true,false,4,16
red3:lane2:snr30.0:seed4:frame22,30.0,22,profiled_cz,alpha-stable-impulsive,0.0,47.0,2992,31.15625,32.165104166666666,0.9666666666666667,9280,1653,25,25,25,4,0,true,false,4,16
red3:lane2:snr30.0:seed4:frame23,30.0,23,profiled_cz,alpha-stable-impulsive,0.0,47.0,3134,32.635416666666664,33.64427083333333,0.9666666666666667,9280,1653,26,26,26,4,0,true,false,4,16
red3:lane2:snr30.0:seed4:frame24,30.0,24,profiled_cz,alpha-stable-impulsive,0.0,47.0,3277,34.125,35.133854166666666,0.9666666666666667,9280,1653,27,27,27,4,0,true,false,4,16
red3:lane2:snr30.0:seed4:frame25,30.0,25,profiled_cz,alpha-stable-impulsive,0.0,47.0,3419,35.604166666666664,36.61302083333333,0.9666666666666667,9280,1653,28,28,28,4,0,true,false,4,16
red3:lane2:snr30.0:seed4:frame26,30.0,26,profiled_cz,alpha-stable-impulsive,0.0,47.0,3561,37.083333333333336,38.0921875,0.9666666666666667,9280,1653,29,29,29,4,0,true,false,4,16
red3:lane2:snr30.0:seed4:frame27,30.0,27,profiled_cz,alpha-stable-impulsive,0.0,47.0,3704,38.572916666666664,39.58177083333333,0.9666666666666667,9280,1653,30,30,30,4,0,true,false,4,16
red3:lane2:snr30.0:seed4:frame28,30.0,28,profiled_cz,alpha-stable-impulsive,0.0,47.0,3846,40.052083333333336,41.0609375,0.9666666666666667,9280,1653,31,31,31,4,0,true,false,4,16
red3:lane2:snr30.0:seed4:frame29,30.0,29,profiled_cz,alpha-stable-impulsive,0.0,47.0,3989,41.541666666666664,42.55052083333333,0.9666666666666667,9280,1653,32,32,32,4,0,true,false,4,16
red3:lane2:snr30.0:seed4:frame30,30.0,30,profiled_cz,alpha-stable-impulsive,0.0,47.0,4131,43.020833333333336,44.0296875,0.9666666666666667,9280,1653,33,33,33,4,0,true,false,4,16
red3:lane2:snr30.0:seed4:frame31,30.0,31,profiled_cz,alpha-stable-impulsive,0.0,47.0,4274,44.510416666666664,45.51927083333333,0.9666666666666667,9280,1653,34,34,34,4,0,true,false,4,16
red3:lane2:snr30.0:seed4:frame32,30.0,32,profiled_cz,alpha-stable-impulsive,0.0,47.0,4416,45.989583333333336,46.9984375,0.9666666666666667,9280,1653,35,35,35,4,0,true,false,4,16
