channel,lane,snr_db,algorithm_id,seed,frames,objective,nfft,cp,code_rate,outer_spacing,inner_spacing,check_degree,horizon,partial_fft_parts,partial_fft_bands,payload_bits_per_frame,successful_frames,psr,payload_bits,bit_errors,ber,decode_failures,decode_seconds,effective_rate_bps
red1,1,0.0,cwz_joint,4,60,configuration,1024,16,0.5,3,5,6,0,1,16,2704,0,0.0,162240,70329,0.43348742603550294,0,0.29114457833333335,0.0
red1,1,0.0,lite,4,60,configuration,1024,16,0.5,3,5,6,0,1,16,2704,0,0.0,162240,68412,0.4216715976331361,0,0.08825695833333332,0.0
red1,1,0.0,ofdm_fec,4,60,configuration,1024,16,0.5,3,5,6,0,1,16,2704,0,0.0,162240,68243,0.42062993096646945,0,0.064983585,0.0
red1,1,0.0,pfft,4,60,configuration,1024,16,0.5,3,5,6,0,1,16,2704,0,0.0,162240,68290,0.4209196252465483,0,0.061188421666666666,0.0
red1,1,0.0,profiled_cz,4,60,configuration,1024,16,0.5,3,5,6,0,1,16,2704,0,0.0,162240,70445,0.43420241617357,0,0.3017541516666666,0.0
red1,1,2.0,cwz_joint,4,60,configuration,1024,16,0.5,3,5,6,0,1,16,2704,0,0.0,162240,66453,0.40959689349112427,0,0.27400376833333334,0.0
red1,1,2.0,lite,4,60,configuration,1024,16,0.5,3,5,6,0,1,16,2704,0,0.0,162240,64236,0.3959319526627219,0,0.09008684333333332,0.0
red1,1,2.0,ofdm_fec,4,60,configuration,1024,16,0.5,3,5,6,0,1,16,2704,0,0.0,162240,64180,0.39558678500986194,0,0.06288729666666668,0.0
red1,1,2.0,pfft,4,60,configuration,1024,16,0.5,3,5,6,0,1,16,2704,0,0.0,162240,64380,0.3968195266272189,0,0.061214128333333326,0.0
red1,1,2.0,profiled_cz,4,60,configuration,1024,16,0.5,3,5,6,0,1,16,2704,0,0.0,162240,66564,0.4102810650887574,0,0.29847706166666665,0.0
red1,1,4.0,cwz_joint,4,60,configuration,1024,16,0.5,3,5,6,0,1,16,2704,0,0.0,162240,62311,0.3840668145956608,0,0.29986880999999993,0.0
red1,1,4.0,lite,4,60,configuration,1024,16,0.5,3,5,6,0,1,16,2704,0,0.0,162240,59667,0.3677699704142012,0,0.09119362000000002,0.0
red1,1,4.0,ofdm_fec,4,60,configuration,1024,16,0.5,3,5,6,0,1,16,2704,0,0.0,162240,59502,0.36675295857988166,0,0.058826618333333344,0.0
red1,1,4.0,pfft,4,60,configuration,1024,16,0.5,3,5,6,0,1,16,2704,0,0.0,162240,59825,0.3687438362919132,0,0.05868234333333333,0.0
red1,1,4.0,profiled_cz,4,60,configuration,1024,16,0.5,3,5,6,0,1,16,2704,0,0.0,162240,62580,0.38572485207100593,0,0.32388992499999997,0.0
red1,1,6.0,cwz_joint,4,60,configuration,1024,16,0.5,3,5,6,0,1,16,2704,0,0.0,162240,57471,0.3542344674556213,0,0.2576822733333333,0.0
red1,1,6.0,lite,4,60,configuration,1024,16,0.5,3,5,6,0,1,16,2704,0,0.0,162240,54331,0.33488042406311636,0,0.10195092500000001,0.0
red1,1,6.0,ofdm_fec,4,60,configuration,1024,16,0.5,3,5,6,0,1,16,2704,0,0.0,162240,54648,0.33683431952662723,0,0.06729670166666667,0.0
red1,1,6.0,pfft,4,60,configuration,1024,16,0.5,3,5,6,0,1,16,2704,0,0.0,162240,54506,0.33595907297830374,0,0.06489465166666666,0.0
red1,1,6.0,profiled_cz,4,60,configuration,1024,16,0.5,3,5,6,0,1,16,2704,0,0.0,162240,58006,0.3575320512820513,0,0.29754131666666667,0.0
red1,1,8.0,cwz_joint,4,60,configuration,1024,16,0.5,3,5,6,0,1,16,2704,0,0.0,162240,52892,0.32601084812623277,0,0.2721067616666667,0.0
red1,1,8.0,lite,4,60,configuration,1024,16,0.5,3,5,6,0,1,16,2704,0,0.0,162240,49374,0.30432692307692305,0,0.08309618,0.0
red1,1,8.0,ofdm_fec,4,60,configuration,1024,16,0.5,3,5,6,0,1,16,2704,0,0.0,162240,49337,0.304098865877712,0,0.058627069999999996,0.0
red1,1,8.0,pfft,4,60,configuration,1024,16,0.5,3,5,6,0,1,16,2704,0,0.0,162240,49381,0.3043700690335306,0,0.056692216666666656,0.0
red1,1,8.0,profiled_cz,4,60,configuration,1024,16,0.5,3,5,6,0,1,16,2704,0,0.0,162240,53369,0.3289509368836292,0,0.3050528766666665,0.0
red1,1,10.0,cwz_joint,4,60,configuration,1024,16,0.5,3,5,6,0,1,16,2704,0,0.0,162240,46852,0.28878205128205126,0,0.2689666783333333,0.0
red1,1,10.0,lite,4,60,configuration,1024,16,0.5,3,5,6,0,1,16,2704,0,0.0,162240,43880,0.27046351084812625,0,0.08386540833333332,0.0
red1,1,10.0,ofdm_fec,4,60,configuration,1024,16,0.5,3,5,6,0,1,16,2704,0,0.0,162240,43967,0.27099975345167654,0,0.06660609833333334,0.0
red1,1,10.0,pfft,4,60,configuration,1024,16,0.5,3,5,6,0,1,16,2704,0,0.0,162240,43917,0.2706915680473373,0,0.05839946166666668,0.0
red1,1,10.0,profiled_cz,4,60,configuration,1024,16,0.5,3,5,6,0,1,16,2704,0,0.0,162240,47922,0.29537721893491126,0,0.2979411533333334,0.0
red1,1,12.0,cwz_joint,4,60,configuration,1024,16,0.5,3,5,6,0,1,16,2704,0,0.0,162240,41046,0.2529955621301775,0,0.2827142516666667,0.0
red1,1,12.0,lite,4,60,configuration,1024,16,0.5,3,5,6,0,1,16,2704,0,0.0,162240,38365,0.2364706607495069,0,0.08871128166666667,0.0
red1,1,12.0,ofdm_fec,4,60,configuration,1024,16,0.5,3,5,6,0,1,16,2704,0,0.0,162240,38350,0.23637820512820512,0,0.058341884999999996,0.0
red1,1,12.0,pfft,4,60,configuration,1024,16,0.5,3,5,6,0,1,16,2704,0,0.0,162240,38524,0.23745069033530572,0,0.059810448333333335,0.0
red1,1,12.0,profiled_cz,4,60,configuration,1024,16,0.5,3,5,6,0,1,16,2704,0,0.0,162240,42018,0.2589866863905325,0,0.30049038,0.0
red1,1,14.0,cwz_joint,4,60,configuration,1024,16,0.5,3,5,6,0,1,16,2704,0,0.0,162240,34493,0.21260478303747535,0,0.26090869166666675,0.0
red1,1,14.0,lite,4,60,configuration,1024,16,0.5,3,5,6,0,1,16,2704,0,0.0,162240,32707,0.20159640039447732,0,0.08601083833333331,0.0
red1,1,14.0,ofdm_fec,4,60,configuration,1024,16,0.5,3,5,6,0,1,16,2704,0,0.0,162240,32620,0.20106015779092704,0,0.06603875,0.0
red1,1,14.0,pfft,4,60,configuration,1024,16,0.5,3,5,6,0,1,16,2704,0,0.0,162240,32999,0.20339620315581855,0,0.05944441000000001,0.0
red1,1,14.0,profiled_cz,4,60,configuration,1024,16,0.5,3,5,6,0,1,16,2704,0,0.0,162240,35514,0.21889792899408284,0,0.30162890000000003,0.0
red1,1,16.0,cwz_joint,4,60,configuration,1024,16,0.5,3,5,6,0,1,16,2704,0,0.0,162240,26896,0.16577909270216962,0,0.28860916499999995,0.0
red1,1,16.0,lite,4,60,configuration,1024,16,0.5,3,5,6,0,1,16,2704,0,0.0,162240,26370,0.1625369822485207,0,0.08415749499999998,0.0
red1,1,16.0,ofdm_fec,4,60,configuration,1024,16,0.5,3,5,6,0,1,16,2704,0,0.0,162240,26436,0.1629437869822485,0,0.06278851333333332,0.0
red1,1,16.0,pfft,4,60,configuration,1024,16,0.5,3,5,6,0,1,16,2704,0,0.0,162240,26545,0.1636156311637081,0,0.06687348666666666,0.0
red1,1,16.0,profiled_cz,4,60,configuration,1024,16,0.5,3,5,6,0,1,16,2704,0,0.0,162240,27824,0.17149901380670612,0,0.32966660500000006,0.0
red1,1,18.0,cwz_joint,4,60,configuration,1024,16,0.5,3,5,6,0,1,16,2704,0,0.0,162240,20698,0.12757642998027613,0,0.2519684133333333,0.0
red1,1,18.0,lite,4,60,configuration,1024,16,0.5,3,5,6,0,1,16,2704,0,0.0,162240,20992,0.12938856015779093,0,0.08059810666666668,0.0
red1,1,18.0,ofdm_fec,4,60,configuration,1024,16,0.5,3,5,6,0,1,16,2704,0,0.0,162240,20923,0.12896326429980276,0,0.07008422333333335,0.0
red1,1,18.0,pfft,4,60,configuration,1024,16,0.5,3,5,6,0,1,16,2704,0,0.0,162240,21215,0.130763067061144,0,0.059524976666666674,0.0
red1,1,18.0,profiled_cz,4,60,configuration,1024,16,0.5,3,5,6,0,1,16,2704,0,0.0,162240,21626,0.13329635108481264,0,0.32898700000000003,0.0
red1,1,20.0,cwz_joint,4,60,configuration,1024,16,0.5,3,5,6,0,1,16,2704,0,0.0,162240,15080,0.09294871794871795,0,0.2555897283333333,0.0
red1,1,20.0,lite,4,60,configuration,1024,16,0.5,3,5,6,0,1,16,2704,0,0.0,162240,16069,0.09904462524654832,0,0.08991870833333333,0.0
red1,1,20.0,ofdm_fec,4,60,configuration,1024,16,0.5,3,5,6,0,1,16,2704,0,0.0,162240,15944,0.0982741617357002,0,0.060396748333333326,0.0
red1,1,20.0,pfft,4,60,configuration,1024,16,0.5,3,5,6,0,1,16,2704,0,0.0,162240,16155,0.09957470414201183,0,0.064455835,0.0
red1,1,20.0,profiled_cz,4,60,configuration,1024,16,0.5,3,5,6,0,1,16,2704,0,0.0,162240,15799,0.09738042406311637,0,0.32353500500000004,0.0
red1,1,22.0,cwz_joint,4,60,configuration,1024,16,0.5,3,5,6,0,1,16,2704,0,0.0,162240,11662,0.07188116370808678,0,0.25715733,0.0
red1,1,22.0,lite,4,60,configuration,1024,16,0.5,3,5,6,0,1,16,2704,0,0.0,162240,12428,0.07660256410256411,0,0.08115383166666668,0.0
red1,1,22.0,ofdm_fec,4,60,configuration,1024,16,0.5,3,5,6,0,1,16,2704,0,0.0,162240,12341,0.07606632149901381,0,0.07699041833333334,0.0
red1,1,22.0,pfft,4,60,configuration,1024,16,0.5,3,5,6,0,1,16,2704,0,0.0,162240,12605,0.07769354043392505,0,0.06149712833333334,0.0
red1,1,22.0,profiled_cz,4,60,configuration,1024,16,0.5,3,5,6,0,1,16,2704,0,0.0,162240,12135,0.07479659763313609,0,0.31110574500000004,0.0
red1,1,24.0,cwz_joint,4,60,configuration,1024,16,0.5,3,5,6,0,1,16,2704,3,0.05,162240,9508,0.05860453648915187,0,0.24676615833333332,139.62134251290877
red1,1,24.0,lite,4,60,configuration,1024,16,0.5,3,5,6,0,1,16,2704,4,0.06666666666666667,162240,10248,0.06316568047337279,0,0.09200316499999998,186.1617900172117
red1,1,24.0,ofdm_fec,4,60,configuration,1024,16,0.5,3,5,6,0,1,16,2704,4,0.06666666666666667,162240,9986,0.06155078895463511,0,0.06829097000000003,186.1617900172117
red1,1,24.0,pfft,4,60,configuration,1024,16,0.5,3,5,6,0,1,16,2704,4,0.06666666666666667,162240,10388,0.06402859960552268,0,0.06046620333333333,186.1617900172117
red1,1,24.0,profiled_cz,4,60,configuration,1024,16,0.5,3,5,6,0,1,16,2704,3,0.05,162240,9736,0.060009861932938856,0,0.29306250166666664,139.62134251290877
red1,1,26.0,cwz_joint,4,60,configuration,1024,16,0.5,3,5,6,0,1,16,2704,4,0.06666666666666667,162240,7825,0.0482310157790927,0,0.2501044250000001,186.1617900172117
red1,1,26.0,lite,4,60,configuration,1024,16,0.5,3,5,6,0,1,16,2704,4,0.06666666666666667,162240,8572,0.05283530571992111,0,0.09299469333333336,186.1617900172117
red1,1,26.0,ofdm_fec,4,60,configuration,1024,16,0.5,3,5,6,0,1,16,2704,4,0.06666666666666667,162240,8379,0.051645710059171596,0,0.06548536999999999,186.1617900172117
red1,1,26.0,pfft,4,60,configuration,1024,16,0.5,3,5,6,0,1,16,2704,4,0.06666666666666667,162240,8712,0.05369822485207101,0,0.06363587166666668,186.1617900172117
red1,1,26.0,profiled_cz,4,60,configuration,1024,16,0.5,3,5,6,0,1,16,2704,4,0.06666666666666667,162240,8117,0.050030818540433925,0,0.29450554333333334,186.1617900172117
red1,1,28.0,cwz_joint,4,60,configuration,1024,16,0.5,3,5,6,0,1,16,2704,4,0.06666666666666667,162240,6654,0.04101331360946746,0,0.22516507000000002,186.1617900172117
red1,1,28.0,lite,4,60,configuration,1024,16,0.5,3,5,6,0,1,16,2704,4,0.06666666666666667,162240,7507,0.04627095660749507,0,0.09159877666666666,186.1617900172117
red1,1,28.0,ofdm_fec,4,60,configuration,1024,16,0.5,3,5,6,0,1,16,2704,4,0.06666666666666667,162240,7298,0.044982741617357,0,0.06578952333333334,186.1617900172117
red1,1,28.0,pfft,4,60,configuration,1024,16,0.5,3,5,6,0,1,16,2704,4,0.06666666666666667,162240,7581,0.04672707100591716,0,0.06689504166666667,186.1617900172117
red1,1,28.0,profiled_cz,4,60,configuration,1024,16,0.5,3,5,6,0,1,16,2704,4,0.06666666666666667,162240,6866,0.04232001972386588,0,0.27547436333333336,186.1617900172117
red1,1,30.0,cwz_joint,4,60,configuration,1024,16,0.5,3,5,6,0,1,16,2704,5,0.08333333333333333,162240,5961,0.036741863905325446,0,0.2279917516666667,232.70223752151463
red1,1,30.0,lite,4,60,configuration,1024,16,0.5,3,5,6,0,1,16,2704,5,0.08333333333333333,162240,6831,0.042104289940828404,0,0.08408030666666666,232.70223752151463
red1,1,30.0,ofdm_fec,4,60,configuration,1024,16,0.5,3,5,6,0,1,16,2704,6,0.1,162240,6547,0.04035379684418146,0,0.05993272,279.24268502581754
red1,1,30.0,pfft,4,60,configuration,1024,16,0.5,3,5,6,0,1,16,2704,5,0.08333333333333333,162240,6909,0.04258505917159763,0,0.06085656166666665,232.70223752151463
red1,1,30.0,profiled_cz,4,60,configuration,1024,16,0.5,3,5,6,0,1,16,2704,5,0.08333333333333333,162240,6149,0.03790064102564102,0,0.28457354833333326,232.70223752151463
red1,2,0.0,cwz_joint,4,60,configuration,1024,16,0.5,3,5,6,0,1,16,2704,0,0.0,162240,69743,0.42987549309664697,0,0.2709120016666667,0.0
red1,2,0.0,lite,4,60,configuration,1024,16,0.5,3,5,6,0,1,16,2704,0,0.0,162240,67916,0.41861439842209075,0,0.08278272333333332,0.0
red1,2,0.0,ofdm_fec,4,60,configuration,1024,16,0.5,3,5,6,0,1,16,2704,0,0.0,162240,67637,0.4168947238658777,0,0.06028034500000001,0.0
red1,2,0.0,pfft,4,60,configuration,1024,16,0.5,3,5,6,0,1,16,2704,0,0.0,162240,68088,0.41967455621301775,0,0.06191634000000001,0.0
red1,2,0.0,profiled_cz,4,60,configuration,1024,16,0.5,3,5,6,0,1,16,2704,0,0.0,162240,70032,0.4316568047337278,0,0.29964606833333346,0.0
red1,2,2.0,cwz_joint,4,60,configuration,1024,16,0.5,3,5,6,0,1,16,2704,0,0.0,162240,65916,0.4062869822485207,0,0.271104015,0.0
red1,2,2.0,lite,4,60,configuration,1024,16,0.5,3,5,6,0,1,16,2704,0,0.0,162240,63237,0.38977440828402365,0,0.08754736333333336,0.0
red1,2,2.0,ofdm_fec,4,60,configuration,1024,16,0.5,3,5,6,0,1,16,2704,0,0.0,162240,63283,0.3900579388560158,0,0.06041537166666666,0.0
red1,2,2.0,pfft,4,60,configuration,1024,16,0.5,3,5,6,0,1,16,2704,0,0.0,162240,63265,0.38994699211045364,0,0.059471569999999994,0.0
red1,2,2.0,profiled_cz,4,60,configuration,1024,16,0.5,3,5,6,0,1,16,2704,0,0.0,162240,66181,0.4079203648915187,0,0.2993359966666667,0.0
red1,2,4.0,cwz_joint,4,60,configuration,1024,16,0.5,3,5,6,0,1,16,2704,0,0.0,162240,61141,0.3768552761341223,0,0.28188587333333326,0.0
red1,2,4.0,lite,4,60,configuration,1024,16,0.5,3,5,6,0,1,16,2704,0,0.0,162240,58340,0.35959072978303747,0,0.08662891166666667,0.0
red1,2,4.0,ofdm_fec,4,60,configuration,1024,16,0.5,3,5,6,0,1,16,2704,0,0.0,162240,58300,0.3593441814595661,0,0.062214230000000016,0.0
red1,2,4.0,pfft,4,60,configuration,1024,16,0.5,3,5,6,0,1,16,2704,0,0.0,162240,58275,0.35919008875739644,0,0.059445375,0.0
red1,2,4.0,profiled_cz,4,60,configuration,1024,16,0.5,3,5,6,0,1,16,2704,0,0.0,162240,61728,0.3804733727810651,0,0.30534563500000006,0.0
red1,2,6.0,cwz_joint,4,60,configuration,1024,16,0.5,3,5,6,0,1,16,2704,0,0.0,162240,56196,0.3463757396449704,0,0.28791286333333327,0.0
red1,2,6.0,lite,4,60,configuration,1024,16,0.5,3,5,6,0,1,16,2704,0,0.0,162240,53293,0.32848249506903354,0,0.08467084833333333,0.0
red1,2,6.0,ofdm_fec,4,60,configuration,1024,16,0.5,3,5,6,0,1,16,2704,0,0.0,162240,53092,0.32724358974358975,0,0.06090906666666667,0.0
red1,2,6.0,pfft,4,60,configuration,1024,16,0.5,3,5,6,0,1,16,2704,0,0.0,162240,53196,0.3278846153846154,0,0.06166401333333333,0.0
red1,2,6.0,profiled_cz,4,60,configuration,1024,16,0.5,3,5,6,0,1,16,2704,0,0.0,162240,56896,0.3506903353057199,0,0.31063535833333333,0.0
red1,2,8.0,cwz_joint,4,60,configuration,1024,16,0.5,3,5,6,0,1,16,2704,0,0.0,162240,50861,0.31349235700197237,0,0.28414358333333334,0.0
red1,2,8.0,lite,4,60,configuration,1024,16,0.5,3,5,6,0,1,16,2704,0,0.0,162240,47506,0.2928131163708087,0,0.08610143,0.0
red1,2,8.0,ofdm_fec,4,60,configuration,1024,16,0.5,3,5,6,0,1,16,2704,0,0.0,162240,47386,0.29207347140039447,0,0.065302475,0.0
red1,2,8.0,pfft,4,60,configuration,1024,16,0.5,3,5,6,0,1,16,2704,0,0.0,162240,47481,0.29265902366863905,0,0.06407749833333333,0.0
red1,2,8.0,profiled_cz,4,60,configuration,1024,16,0.5,3,5,6,0,1,16,2704,0,0.0,162240,51622,0.3181829388560158,0,0.30528428333333324,0.0
red1,2,10.0,cwz_joint,4,60,configuration,1024,16,0.5,3,5,6,0,1,16,2704,0,0.0,162240,45069,0.2777921597633136,0,0.290515245,0.0
red1,2,10.0,lite,4,60,configuration,1024,16,0.5,3,5,6,0,1,16,2704,0,0.0,162240,41924,0.25840729783037475,0,0.09343519833333333,0.0
red1,2,10.0,ofdm_fec,4,60,configuration,1024,16,0.5,3,5,6,0,1,16,2704,0,0.0,162240,41508,0.2558431952662722,0,0.060851196666666656,0.0
red1,2,10.0,pfft,4,60,configuration,1024,16,0.5,3,5,6,0,1,16,2704,0,0.0,162240,41942,0.25851824457593686,0,0.06424619000000001,0.0
red1,2,10.0,profiled_cz,4,60,configuration,1024,16,0.5,3,5,6,0,1,16,2704,0,0.0,162240,45947,0.2832038954635108,0,0.30622399000000006,0.0
red1,2,12.0,cwz_joint,4,60,configuration,1024,16,0.5,3,5,6,0,1,16,2704,0,0.0,162240,38558,0.2376602564102564,0,0.34026133999999997,0.0
red1,2,12.0,lite,4,60,configuration,1024,16,0.5,3,5,6,0,1,16,2704,0,0.0,162240,35901,0.22128328402366865,0,0.087198675,0.0
red1,2,12.0,ofdm_fec,4,60,configuration,1024,16,0.5,3,5,6,0,1,16,2704,0,0.0,162240,35832,0.22085798816568047,0,0.06185985333333334,0.0
red1,2,12.0,pfft,4,60,configuration,1024,16,0.5,3,5,6,0,1,16,2704,0,0.0,162240,36212,0.22320019723865878,0,0.059978059999999986,0.0
red1,2,12.0,profiled_cz,4,60,configuration,1024,16,0.5,3,5,6,0,1,16,2704,0,0.0,162240,39926,0.2460922090729783,0,0.3127838000000001,0.0
red1,2,14.0,cwz_joint,4,60,configuration,1024,16,0.5,3,5,6,0,1,16,2704,0,0.0,162240,30960,0.1908284023668639,0,0.2772099883333333,0.0
red1,2,14.0,lite,4,60,configuration,1024,16,0.5,3,5,6,0,1,16,2704,0,0.0,162240,30008,0.18496055226824457,0,0.08727510666666666,0.0
red1,2,14.0,ofdm_fec,4,60,configuration,1024,16,0.5,3,5,6,0,1,16,2704,0,0.0,162240,29934,0.18450443786982249,0,0.061794465000000014,0.0
red1,2,14.0,pfft,4,60,configuration,1024,16,0.5,3,5,6,0,1,16,2704,0,0.0,162240,30417,0.18748150887573964,0,0.06513552666666668,0.0
red1,2,14.0,profiled_cz,4,60,configuration,1024,16,0.5,3,5,6,0,1,16,2704,0,0.0,162240,32190,0.19840976331360946,0,0.30992194500000003,0.0
red1,2,16.0,cwz_joint,4,60,configuration,1024,16,0.5,3,5,6,0,1,16,2704,0,0.0,162240,23164,0.14277613412228796,0,0.29669246,0.0
red1,2,16.0,lite,4,60,configuration,1024,16,0.5,3,5,6,0,1,16,2704,0,0.0,162240,23577,0.14532174556213018,0,0.08654494833333333,0.0
red1,2,16.0,ofdm_fec,4,60,configuration,1024,16,0.5,3,5,6,0,1,16,2704,0,0.0,162240,23345,0.14389176528599606,0,0.06153964999999999,0.0
red1,2,16.0,pfft,4,60,configuration,1024,16,0.5,3,5,6,0,1,16,2704,0,0.0,162240,23882,0.1472016765285996,0,0.06034366166666667,0.0
red1,2,16.0,profiled_cz,4,60,configuration,1024,16,0.5,3,5,6,0,1,16,2704,0,0.0,162240,24240,0.14940828402366865,0,0.32178221,0.0
red1,2,18.0,cwz_joint,4,60,configuration,1024,16,0.5,3,5,6,0,1,16,2704,0,0.0,162240,16349,0.10077046351084813,0,0.28107234333333325,0.0
red1,2,18.0,lite,4,60,configuration,1024,16,0.5,3,5,6,0,1,16,2704,0,0.0,162240,17202,0.10602810650887574,0,0.08724208666666669,0.0
red1,2,18.0,ofdm_fec,4,60,configuration,1024,16,0.5,3,5,6,0,1,16,2704,0,0.0,162240,16990,0.10472140039447732,0,0.05980990166666666,0.0
red1,2,18.0,pfft,4,60,configuration,1024,16,0.5,3,5,6,0,1,16,2704,0,0.0,162240,17454,0.10758136094674556,0,0.07160773333333333,0.0
red1,2,18.0,profiled_cz,4,60,configuration,1024,16,0.5,3,5,6,0,1,16,2704,0,0.0,162240,17055,0.10512204142011834,0,0.2997040633333333,0.0
red1,2,20.0,cwz_joint,4,60,configuration,1024,16,0.5,3,5,6,0,1,16,2704,0,0.0,162240,11663,0.07188732741617357,0,0.2592026516666667,0.0
red1,2,20.0,lite,4,60,configuration,1024,16,0.5,3,5,6,0,1,16,2704,0,0.0,162240,12799,0.07888929980276134,0,0.08463555000000002,0.0
red1,2,20.0,ofdm_fec,4,60,configuration,1024,16,0.5,3,5,6,0,1,16,2704,0,0.0,162240,12230,0.07538214990138067,0,0.05811396333333334,0.0
red1,2,20.0,pfft,4,60,configuration,1024,16,0.5,3,5,6,0,1,16,2704,0,0.0,162240,12870,0.07932692307692307,0,0.06704780166666666,0.0
red1,2,20.0,profiled_cz,4,60,configuration,1024,16,0.5,3,5,6,0,1,16,2704,0,0.0,162240,12190,0.07513560157790927,0,0.3037341033333334,0.0
red1,2,22.0,cwz_joint,4,60,configuration,1024,16,0.5,3,5,6,0,1,16,2704,2,0.03333333333333333,162240,8458,0.05213264299802761,0,0.24179332166666667,93.08089500860585
red1,2,22.0,lite,4,60,configuration,1024,16,0.5,3,5,6,0,1,16,2704,0,0.0,162240,9454,0.058271696252465484,0,0.09462612999999999,0.0
red1,2,22.0,ofdm_fec,4,60,configuration,1024,16,0.5,3,5,6,0,1,16,2704,2,0.03333333333333333,162240,9123,0.05623150887573965,0,0.06532498833333335,93.08089500860585
red1,2,22.0,pfft,4,60,configuration,1024,16,0.5,3,5,6,0,1,16,2704,0,0.0,162240,9720,0.059911242603550297,0,0.062331733333333326,0.0
red1,2,22.0,profiled_cz,4,60,configuration,1024,16,0.5,3,5,6,0,1,16,2704,2,0.03333333333333333,162240,8765,0.05402490138067061,0,0.3010703250000001,93.08089500860585
red1,2,24.0,cwz_joint,4,60,configuration,1024,16,0.5,3,5,6,0,1,16,2704,3,0.05,162240,6787,0.04183308678500986,0,0.23535487499999996,139.62134251290877
red1,2,24.0,lite,4,60,configuration,1024,16,0.5,3,5,6,0,1,16,2704,2,0.03333333333333333,162240,7518,0.0463387573964497,0,0.09008885166666666,93.08089500860585
red1,2,24.0,ofdm_fec,4,60,configuration,1024,16,0.5,3,5,6,0,1,16,2704,3,0.05,162240,7104,0.04378698224852071,0,0.07717554666666664,139.62134251290877
red1,2,24.0,pfft,4,60,configuration,1024,16,0.5,3,5,6,0,1,16,2704,2,0.03333333333333333,162240,7673,0.04729413214990138,0,0.061829386666666666,93.08089500860585
red1,2,24.0,profiled_cz,4,60,configuration,1024,16,0.5,3,5,6,0,1,16,2704,2,0.03333333333333333,162240,6989,0.04307815581854044,0,0.2900296666666667,93.08089500860585
red1,2,26.0,cwz_joint,4,60,configuration,1024,16,0.5,3,5,6,0,1,16,2704,5,0.08333333333333333,162240,5731,0.035324211045364894,0,0.25180131333333333,232.70223752151463
red1,2,26.0,lite,4,60,configuration,1024,16,0.5,3,5,6,0,1,16,2704,6,0.1,162240,6305,0.03886217948717949,0,0.08823530666666664,279.24268502581754
red1,2,26.0,ofdm_fec,4,60,configuration,1024,16,0.5,3,5,6,0,1,16,2704,7,0.11666666666666667,162240,6010,0.03704388560157791,0,0.06544379000000002,325.7831325301205
red1,2,26.0,pfft,4,60,configuration,1024,16,0.5,3,5,6,0,1,16,2704,6,0.1,162240,6338,0.039065581854043394,0,0.06089484833333333,279.24268502581754
red1,2,26.0,profiled_cz,4,60,configuration,1024,16,0.5,3,5,6,0,1,16,2704,5,0.08333333333333333,162240,5984,0.0368836291913215,0,0.279388225,232.70223752151463
red1,2,28.0,cwz_joint,4,60,configuration,1024,16,0.5,3,5,6,0,1,16,2704,6,0.1,162240,5284,0.03256903353057199,0,0.24099357000000005,279.24268502581754
red1,2,28.0,lite,4,60,configuration,1024,16,0.5,3,5,6,0,1,16,2704,7,0.11666666666666667,162240,5740,0.03537968441814596,0,0.080187555,325.7831325301205
red1,2,28.0,ofdm_fec,4,60,configuration,1024,16,0.5,3,5,6,0,1,16,2704,8,0.13333333333333333,162240,5483,0.03379561143984221,0,0.07400985833333333,372.3235800344234
red1,2,28.0,pfft,4,60,configuration,1024,16,0.5,3,5,6,0,1,16,2704,7,0.11666666666666667,162240,5842,0.03600838264299803,0,0.06080945666666668,325.7831325301205
red1,2,28.0,profiled_cz,4,60,configuration,1024,16,0.5,3,5,6,0,1,16,2704,6,0.1,162240,5480,0.03377712031558185,0,0.28319982499999996,279.24268502581754
red1,2,30.0,cwz_joint,4,60,configuration,1024,16,0.5,3,5,6,0,1,16,2704,9,0.15,162240,5086,0.03134861932938856,0,0.23752676000000003,418.8640275387263
red1,2,30.0,lite,4,60,configuration,1024,16,0.5,3,5,6,0,1,16,2704,9,0.15,162240,5310,0.0327292899408284,0,0.09102833166666666,418.8640275387263
red1,2,30.0,ofdm_fec,4,60,configuration,1024,16,0.5,3,5,6,0,1,16,2704,10,0.16666666666666666,162240,5119,0.031552021696252465,0,0.06910790833333333,465.40447504302927
red1,2,30.0,pfft,4,60,configuration,1024,16,0.5,3,5,6,0,1,16,2704,9,0.15,162240,5454,0.03361686390532544,0,0.057953423333333344,418.8640275387263
red1,2,30.0,profiled_cz,4,60,configuration,1024,16,0.5,3,5,6,0,1,16,2704,9,0.15,162240,5248,0.03234714003944773,0,0.29222061166666663,418.8640275387263
red1,3,0.0,cwz_joint,4,60,configuration,1024,16,0.5,3,5,6,0,1,16,2704,0,0.0,162240,68949,0.42498150887573966,0,0.2981060616666666,0.0
red1,3,0.0,lite,4,60,configuration,1024,16,0.5,3,5,6,0,1,16,2704,0,0.0,162240,67063,0.41335675542406314,0,0.09280850500000001,0.0
red1,3,0.0,ofdm_fec,4,60,configuration,1024,16,0.5,3,5,6,0,1,16,2704,0,0.0,162240,66815,0.41182815581854043,0,0.06932313333333334,0.0
red1,3,0.0,pfft,4,60,configuration,1024,16,0.5,3,5,6,0,1,16,2704,0,0.0,162240,66955,0.41269107495069035,0,0.06564880000000001,0.0
red1,3,0.0,profiled_cz,4,60,configuration,1024,16,0.5,3,5,6,0,1,16,2704,0,0.0,162240,69165,0.42631286982248523,0,0.30857465500000003,0.0
red1,3,2.0,cwz_joint,4,60,configuration,1024,16,0.5,3,5,6,0,1,16,2704,0,0.0,162240,64581,0.3980584319526627,0,0.3026743099999999,0.0
red1,3,2.0,lite,4,60,configuration,1024,16,0.5,3,5,6,0,1,16,2704,0,0.0,162240,62219,0.38349975345167653,0,0.08644396166666665,0.0
red1,3,2.0,ofdm_fec,4,60,configuration,1024,16,0.5,3,5,6,0,1,16,2704,0,0.0,162240,62135,0.3829820019723866,0,0.05974168166666667,0.0
red1,3,2.0,pfft,4,60,configuration,1024,16,0.5,3,5,6,0,1,16,2704,0,0.0,162240,62210,0.38344428007889547,0,0.05929617333333335,0.0
red1,3,2.0,profiled_cz,4,60,configuration,1024,16,0.5,3,5,6,0,1,16,2704,0,0.0,162240,65050,0.4009492110453649,0,0.333374985,0.0
red1,3,4.0,cwz_joint,4,60,configuration,1024,16,0.5,3,5,6,0,1,16,2704,0,0.0,162240,59509,0.36679610453648914,0,0.2996703266666667,0.0
red1,3,4.0,lite,4,60,configuration,1024,16,0.5,3,5,6,0,1,16,2704,0,0.0,162240,56631,0.3490569526627219,0,0.08722451833333332,0.0
red1,3,4.0,ofdm_fec,4,60,configuration,1024,16,0.5,3,5,6,0,1,16,2704,0,0.0,162240,56681,0.34936513806706115,0,0.06217095666666667,0.0
red1,3,4.0,pfft,4,60,configuration,1024,16,0.5,3,5,6,0,1,16,2704,0,0.0,162240,56637,0.3490939349112426,0,0.07169989666666667,0.0
red1,3,4.0,profiled_cz,4,60,configuration,1024,16,0.5,3,5,6,0,1,16,2704,0,0.0,162240,60076,0.37029092702169625,0,0.3145039433333333,0.0
red1,3,6.0,cwz_joint,4,60,configuration,1024,16,0.5,3,5,6,0,1,16,2704,0,0.0,162240,54069,0.3332655325443787,0,0.298419795,0.0
red1,3,6.0,lite,4,60,configuration,1024,16,0.5,3,5,6,0,1,16,2704,0,0.0,162240,50908,0.3137820512820513,0,0.09170126333333334,0.0
red1,3,6.0,ofdm_fec,4,60,configuration,1024,16,0.5,3,5,6,0,1,16,2704,0,0.0,162240,50600,0.3118836291913215,0,0.06072954500000002,0.0
red1,3,6.0,pfft,4,60,configuration,1024,16,0.5,3,5,6,0,1,16,2704,0,0.0,162240,50830,0.31330128205128205,0,0.065608865,0.0
red1,3,6.0,profiled_cz,4,60,configuration,1024,16,0.5,3,5,6,0,1,16,2704,0,0.0,162240,54699,0.33714866863905324,0,0.32294449999999997,0.0
red1,3,8.0,cwz_joint,4,60,configuration,1024,16,0.5,3,5,6,0,1,16,2704,0,0.0,162240,47748,0.29430473372781063,0,0.27201285333333336,0.0
red1,3,8.0,lite,4,60,configuration,1024,16,0.5,3,5,6,0,1,16,2704,0,0.0,162240,44715,0.2756102071005917,0,0.08692204500000003,0.0
red1,3,8.0,ofdm_fec,4,60,configuration,1024,16,0.5,3,5,6,0,1,16,2704,0,0.0,162240,44436,0.2738905325443787,0,0.061251216666666664,0.0
red1,3,8.0,pfft,4,60,configuration,1024,16,0.5,3,5,6,0,1,16,2704,0,0.0,162240,44767,0.2759307199211045,0,0.0619482,0.0
red1,3,8.0,profiled_cz,4,60,configuration,1024,16,0.5,3,5,6,0,1,16,2704,0,0.0,162240,48625,0.2997103057199211,0,0.31315475,0.0
red1,3,10.0,cwz_joint,4,60,configuration,1024,16,0.5,3,5,6,0,1,16,2704,0,0.0,162240,40427,0.2491802268244576,0,0.29542927499999994,0.0
red1,3,10.0,lite,4,60,configuration,1024,16,0.5,3,5,6,0,1,16,2704,0,0.0,162240,37999,0.2342147435897436,0,0.08059066833333332,0.0
red1,3,10.0,ofdm_fec,4,60,configuration,1024,16,0.5,3,5,6,0,1,16,2704,0,0.0,162240,37928,0.23377712031558184,0,0.056279270000000006,0.0
red1,3,10.0,pfft,4,60,configuration,1024,16,0.5,3,5,6,0,1,16,2704,0,0.0,162240,38122,0.23497287968441816,0,0.06105437999999999,0.0
red1,3,10.0,profiled_cz,4,60,configuration,1024,16,0.5,3,5,6,0,1,16,2704,0,0.0,162240,41716,0.25712524654832347,0,0.31990094333333347,0.0
red1,3,12.0,cwz_joint,4,60,configuration,1024,16,0.5,3,5,6,0,1,16,2704,0,0.0,162240,32088,0.1977810650887574,0,0.2792263466666666,0.0
red1,3,12.0,lite,4,60,configuration,1024,16,0.5,3,5,6,0,1,16,2704,0,0.0,162240,30871,0.19027983234714005,0,0.08499148499999998,0.0
red1,3,12.0,ofdm_fec,4,60,configuration,1024,16,0.5,3,5,6,0,1,16,2704,0,0.0,162240,30821,0.18997164694280078,0,0.06185427166666667,0.0
red1,3,12.0,pfft,4,60,configuration,1024,16,0.5,3,5,6,0,1,16,2704,0,0.0,162240,31048,0.19137080867850098,0,0.06611331499999999,0.0
red1,3,12.0,profiled_cz,4,60,configuration,1024,16,0.5,3,5,6,0,1,16,2704,0,0.0,162240,33124,0.20416666666666666,0,0.3090451783333333,0.0
red1,3,14.0,cwz_joint,4,60,configuration,1024,16,0.5,3,5,6,0,1,16,2704,0,0.0,162240,22910,0.14121055226824458,0,0.26643317,0.0
red1,3,14.0,lite,4,60,configuration,1024,16,0.5,3,5,6,0,1,16,2704,0,0.0,162240,22737,0.14014423076923077,0,0.09006116666666668,0.0
red1,3,14.0,ofdm_fec,4,60,configuration,1024,16,0.5,3,5,6,0,1,16,2704,1,0.016666666666666666,162240,22542,0.1389423076923077,0,0.06709649166666667,46.540447504302925
red1,3,14.0,pfft,4,60,configuration,1024,16,0.5,3,5,6,0,1,16,2704,0,0.0,162240,22957,0.14150024654832347,0,0.0715873683333333,0.0
red1,3,14.0,profiled_cz,4,60,configuration,1024,16,0.5,3,5,6,0,1,16,2704,0,0.0,162240,23734,0.14628944773175542,0,0.30897439,0.0
red1,3,16.0,cwz_joint,4,60,configuration,1024,16,0.5,3,5,6,0,1,16,2704,2,0.03333333333333333,162240,14767,0.09101947731755423,0,0.26787595666666664,93.08089500860585
red1,3,16.0,lite,4,60,configuration,1024,16,0.5,3,5,6,0,1,16,2704,2,0.03333333333333333,162240,15578,0.09601824457593688,0,0.09322432666666666,93.08089500860585
red1,3,16.0,ofdm_fec,4,60,configuration,1024,16,0.5,3,5,6,0,1,16,2704,2,0.03333333333333333,162240,15294,0.09426775147928994,0,0.060948328333333336,93.08089500860585
red1,3,16.0,pfft,4,60,configuration,1024,16,0.5,3,5,6,0,1,16,2704,2,0.03333333333333333,162240,15689,0.09670241617357002,0,0.06850085499999999,93.08089500860585
red1,3,16.0,profiled_cz,4,60,configuration,1024,16,0.5,3,5,6,0,1,16,2704,2,0.03333333333333333,162240,15406,0.09495808678500986,0,0.33897831166666664,93.08089500860585
red1,3,18.0,cwz_joint,4,60,configuration,1024,16,0.5,3,5,6,0,1,16,2704,6,0.1,162240,9562,0.058937376725838264,0,0.2711594333333333,279.24268502581754
red1,3,18.0,lite,4,60,configuration,1024,16,0.5,3,5,6,0,1,16,2704,5,0.08333333333333333,162240,10097,0.062234960552268244,0,0.09313072833333332,232.70223752151463
red1,3,18.0,ofdm_fec,4,60,configuration,1024,16,0.5,3,5,6,0,1,16,2704,5,0.08333333333333333,162240,10001,0.06164324457593688,0,0.07647633666666667,232.70223752151463
red1,3,18.0,pfft,4,60,configuration,1024,16,0.5,3,5,6,0,1,16,2704,5,0.08333333333333333,162240,10193,0.0628266765285996,0,0.072684165,232.70223752151463
red1,3,18.0,profiled_cz,4,60,configuration,1024,16,0.5,3,5,6,0,1,16,2704,6,0.1,162240,9914,0.06110700197238659,0,0.31968818833333335,279.24268502581754
red1,3,20.0,cwz_joint,4,60,configuration,1024,16,0.5,3,5,6,0,1,16,2704,10,0.16666666666666666,162240,6363,0.039219674556213016,0,0.23672475499999998,465.40447504302927
red1,3,20.0,lite,4,60,configuration,1024,16,0.5,3,5,6,0,1,16,2704,9,0.15,162240,6884,0.04243096646942801,0,0.09783442166666666,418.8640275387263
red1,3,20.0,ofdm_fec,4,60,configuration,1024,16,0.5,3,5,6,0,1,16,2704,9,0.15,162240,6704,0.0413214990138067,0,0.06721121833333334,418.8640275387263
red1,3,20.0,pfft,4,60,configuration,1024,16,0.5,3,5,6,0,1,16,2704,9,0.15,162240,6960,0.042899408284023666,0,0.06788978666666666,418.8640275387263
red1,3,20.0,profiled_cz,4,60,configuration,1024,16,0.5,3,5,6,0,1,16,2704,9,0.15,162240,6557,0.04041543392504931,0,0.31074648499999996,418.8640275387263
red1,3,22.0,cwz_joint,4,60,configuration,1024,16,0.5,3,5,6,0,1,16,2704,12,0.2,162240,4201,0.025893737672583825,0,0.24585296666666664,558.4853700516351
red1,3,22.0,lite,4,60,configuration,1024,16,0.5,3,5,6,0,1,16,2704,11,0.18333333333333332,162240,4717,0.02907421104536489,0,0.08407662500000002,511.94492254733217
red1,3,22.0,ofdm_fec,4,60,configuration,1024,16,0.5,3,5,6,0,1,16,2704,12,0.2,162240,4665,0.028753698224852072,0,0.07174521833333333,558.4853700516351
red1,3,22.0,pfft,4,60,configuration,1024,16,0.5,3,5,6,0,1,16,2704,11,0.18333333333333332,162240,4797,0.02956730769230769,0,0.06782272333333333,511.94492254733217
red1,3,22.0,profiled_cz,4,60,configuration,1024,16,0.5,3,5,6,0,1,16,2704,11,0.18333333333333332,162240,4356,0.026849112426035503,0,0.2922062266666666,511.94492254733217
red1,3,24.0,cwz_joint,4,60,configuration,1024,16,0.5,3,5,6,0,1,16,2704,14,0.23333333333333334,162240,3300,0.020340236686390532,0,0.21992907666666667,651.566265060241
red1,3,24.0,lite,4,60,configuration,1024,16,0.5,3,5,6,0,1,16,2704,14,0.23333333333333334,162240,3400,0.020956607495069033,0,0.07967802666666665,651.566265060241
red1,3,24.0,ofdm_fec,4,60,configuration,1024,16,0.5,3,5,6,0,1,16,2704,14,0.23333333333333334,162240,3334,0.02054980276134122,0,0.06190657333333334,651.566265060241
red1,3,24.0,pfft,4,60,configuration,1024,16,0.5,3,5,6,0,1,16,2704,14,0.23333333333333334,162240,3466,0.021363412228796844,0,0.06207716833333334,651.566265060241
red1,3,24.0,profiled_cz,4,60,configuration,1024,16,0.5,3,5,6,0,1,16,2704,14,0.23333333333333334,162240,3380,0.020833333333333332,0,0.26663949833333334,651.566265060241
red1,3,26.0,cwz_joint,4,60,configuration,1024,16,0.5,3,5,6,0,1,16,2704,20,0.3333333333333333,162240,2954,0.01820759368836292,0,0.2089646033333333,930.8089500860585
red1,3,26.0,lite,4,60,configuration,1024,16,0.5,3,5,6,0,1,16,2704,19,0.31666666666666665,162240,3060,0.01886094674556213,0,0.07859557500000001,884.2685025817556
red1,3,26.0,ofdm_fec,4,60,configuration,1024,16,0.5,3,5,6,0,1,16,2704,19,0.31666666666666665,162240,2951,0.018189102564102565,0,0.06235928000000002,884.2685025817556
red1,3,26.0,pfft,4,60,configuration,1024,16,0.5,3,5,6,0,1,16,2704,19,0.31666666666666665,162240,3043,0.018756163708086786,0,0.06298228666666665,884.2685025817556
red1,3,26.0,profiled_cz,4,60,configuration,1024,16,0.5,3,5,6,0,1,16,2704,20,0.3333333333333333,162240,3080,0.01898422090729783,0,0.249646405,930.8089500860585
red1,3,28.0,cwz_joint,4,60,configuration,1024,16,0.5,3,5,6,0,1,16,2704,25,0.4166666666666667,162240,2748,0.016937869822485206,0,0.21888386500000007,1163.5111876075732
red1,3,28.0,lite,4,60,configuration,1024,16,0.5,3,5,6,0,1,16,2704,23,0.38333333333333336,162240,2791,0.017202909270216962,0,0.08117236333333334,1070.4302925989673
red1,3,28.0,ofdm_fec,4,60,configuration,1024,16,0.5,3,5,6,0,1,16,2704,24,0.4,162240,2804,0.017283037475345167,0,0.0733918116666667,1116.9707401032701
red1,3,28.0,pfft,4,60,configuration,1024,16,0.5,3,5,6,0,1,16,2704,23,0.38333333333333336,162240,2811,0.017326183431952663,0,0.06272338166666667,1070.4302925989673
red1,3,28.0,profiled_cz,4,60,configuration,1024,16,0.5,3,5,6,0,1,16,2704,25,0.4166666666666667,162240,2845,0.017535749506903352,0,0.23354203333333334,1163.5111876075732
red1,3,30.0,cwz_joint,4,60,configuration,1024,16,0.5,3,5,6,0,1,16,2704,26,0.43333333333333335,162240,2673,0.01647559171597633,0,0.2024786066666667,1210.051635111876
red1,3,30.0,lite,4,60,configuration,1024,16,0.5,3,5,6,0,1,16,2704,25,0.4166666666666667,162240,2712,0.016715976331360946,0,0.07873559999999996,1163.5111876075732
red1,3,30.0,ofdm_fec,4,60,configuration,1024,16,0.5,3,5,6,0,1,16,2704,25,0.4166666666666667,162240,2657,0.016376972386587772,0,0.06767655833333334,1163.5111876075732
red1,3,30.0,pfft,4,60,configuration,1024,16,0.5,3,5,6,0,1,16,2704,25,0.4166666666666667,162240,2730,0.016826923076923076,0,0.06464330833333333,1163.5111876075732
red1,3,30.0,profiled_cz,4,60,configuration,1024,16,0.5,3,5,6,0,1,16,2704,26,0.43333333333333335,162240,2821,0.017387820512820513,0,0.2340157066666667,1210.051635111876
red2,1,0.0,cwz_joint,4,60,configuration,1024,16,0.5,3,5,6,0,1,16,2704,0,0.0,162240,69965,0.4312438362919132,0,0.27701927833333334,0.0
red2,1,0.0,lite,4,60,configuration,1024,16,0.5,3,5,6,0,1,16,2704,0,0.0,162240,68282,0.42087031558185406,0,0.08542452666666665,0.0
red2,1,0.0,ofdm_fec,4,60,configuration,1024,16,0.5,3,5,6,0,1,16,2704,0,0.0,162240,68539,0.42245438856015777,0,0.06048366833333333,0.0
red2,1,0.0,pfft,4,60,configuration,1024,16,0.5,3,5,6,0,1,16,2704,0,0.0,162240,68434,0.42180719921104537,0,0.06220409333333334,0.0
red2,1,0.0,profiled_cz,4,60,configuration,1024,16,0.5,3,5,6,0,1,16,2704,0,0.0,162240,70127,0.4322423570019724,0,0.31505533333333324,0.0
red2,1,2.0,cwz_joint,4,60,configuration,1024,16,0.5,3,5,6,0,1,16,2704,0,0.0,162240,66536,0.4101084812623274,0,0.27635437500000004,0.0
red2,1,2.0,lite,4,60,configuration,1024,16,0.5,3,5,6,0,1,16,2704,0,0.0,162240,64344,0.3965976331360947,0,0.08527873333333334,0.0
red2,1,2.0,ofdm_fec,4,60,configuration,1024,16,0.5,3,5,6,0,1,16,2704,0,0.0,162240,64172,0.39553747534516764,0,0.05716474999999999,0.0
red2,1,2.0,pfft,4,60,configuration,1024,16,0.5,3,5,6,0,1,16,2704,0,0.0,162240,64294,0.39628944773175545,0,0.055828958333333324,0.0
red2,1,2.0,profiled_cz,4,60,configuration,1024,16,0.5,3,5,6,0,1,16,2704,0,0.0,162240,66715,0.41121178500986194,0,0.3084089599999999,0.0
red2,1,4.0,cwz_joint,4,60,configuration,1024,16,0.5,3,5,6,0,1,16,2704,0,0.0,162240,62383,0.3845106015779093,0,0.28770642166666666,0.0
red2,1,4.0,lite,4,60,configuration,1024,16,0.5,3,5,6,0,1,16,2704,0,0.0,162240,59681,0.3678562623274162,0,0.08872172166666666,0.0
red2,1,4.0,ofdm_fec,4,60,configuration,1024,16,0.5,3,5,6,0,1,16,2704,0,0.0,162240,59691,0.367917899408284,0,0.05779713499999999,0.0
red2,1,4.0,pfft,4,60,configuration,1024,16,0.5,3,5,6,0,1,16,2704,0,0.0,162240,59613,0.3674371301775148,0,0.05828003999999999,0.0
red2,1,4.0,profiled_cz,4,60,configuration,1024,16,0.5,3,5,6,0,1,16,2704,0,0.0,162240,62801,0.3870870315581854,0,0.31353577500000007,0.0
red2,1,6.0,cwz_joint,4,60,configuration,1024,16,0.5,3,5,6,0,1,16,2704,0,0.0,162240,57896,0.3568540433925049,0,0.2753975583333333,0.0
red2,1,6.0,lite,4,60,configuration,1024,16,0.5,3,5,6,0,1,16,2704,0,0.0,162240,54923,0.3385293392504931,0,0.09165403833333334,0.0
red2,1,6.0,ofdm_fec,4,60,configuration,1024,16,0.5,3,5,6,0,1,16,2704,0,0.0,162240,54720,0.33727810650887574,0,0.06005841166666668,0.0
red2,1,6.0,pfft,4,60,configuration,1024,16,0.5,3,5,6,0,1,16,2704,0,0.0,162240,55059,0.3393676035502959,0,0.06322862833333334,0.0
red2,1,6.0,profiled_cz,4,60,configuration,1024,16,0.5,3,5,6,0,1,16,2704,0,0.0,162240,58332,0.35954142011834317,0,0.3024192733333333,0.0
red2,1,8.0,cwz_joint,4,60,configuration,1024,16,0.5,3,5,6,0,1,16,2704,0,0.0,162240,52965,0.32646079881656803,0,0.26865666000000005,0.0
red2,1,8.0,lite,4,60,configuration,1024,16,0.5,3,5,6,0,1,16,2704,0,0.0,162240,49637,0.30594797830374754,0,0.09120834000000001,0.0
red2,1,8.0,ofdm_fec,4,60,configuration,1024,16,0.5,3,5,6,0,1,16,2704,0,0.0,162240,49565,0.30550419132149903,0,0.057809114999999994,0.0
red2,1,8.0,pfft,4,60,configuration,1024,16,0.5,3,5,6,0,1,16,2704,0,0.0,162240,49708,0.3063856015779093,0,0.05636251,0.0
red2,1,8.0,profiled_cz,4,60,configuration,1024,16,0.5,3,5,6,0,1,16,2704,0,0.0,162240,53651,0.33068910256410255,0,0.28390578333333333,0.0
red2,1,10.0,cwz_joint,4,60,configuration,1024,16,0.5,3,5,6,0,1,16,2704,0,0.0,162240,47488,0.29270216962524653,0,0.2747818633333333,0.0
red2,1,10.0,lite,4,60,configuration,1024,16,0.5,3,5,6,0,1,16,2704,0,0.0,162240,44433,0.27387204142011834,0,0.08614464833333332,0.0
red2,1,10.0,ofdm_fec,4,60,configuration,1024,16,0.5,3,5,6,0,1,16,2704,0,0.0,162240,44277,0.2729105029585799,0,0.05921973000000001,0.0
red2,1,10.0,pfft,4,60,configuration,1024,16,0.5,3,5,6,0,1,16,2704,0,0.0,162240,44492,0.27423570019723864,0,0.058276438333333326,0.0
red2,1,10.0,profiled_cz,4,60,configuration,1024,16,0.5,3,5,6,0,1,16,2704,0,0.0,162240,48383,0.29821868836291915,0,0.28636703166666666,0.0
red2,1,12.0,cwz_joint,4,60,configuration,1024,16,0.5,3,5,6,0,1,16,2704,0,0.0,162240,41736,0.25724852071005916,0,0.24734667500000002,0.0
red2,1,12.0,lite,4,60,configuration,1024,16,0.5,3,5,6,0,1,16,2704,0,0.0,162240,38921,0.23989768244575937,0,0.081325415,0.0
red2,1,12.0,ofdm_fec,4,60,configuration,1024,16,0.5,3,5,6,0,1,16,2704,0,0.0,162240,39036,0.24060650887573964,0,0.06028303499999999,0.0
red2,1,12.0,pfft,4,60,configuration,1024,16,0.5,3,5,6,0,1,16,2704,0,0.0,162240,39137,0.24122904339250492,0,0.06472075333333333,0.0
red2,1,12.0,profiled_cz,4,60,configuration,1024,16,0.5,3,5,6,0,1,16,2704,0,0.0,162240,42876,0.2642751479289941,0,0.28522584666666667,0.0
red2,1,14.0,cwz_joint,4,60,configuration,1024,16,0.5,3,5,6,0,1,16,2704,0,0.0,162240,35968,0.22169625246548325,0,0.24509941166666666,0.0
red2,1,14.0,lite,4,60,configuration,1024,16,0.5,3,5,6,0,1,16,2704,0,0.0,162240,33931,0.20914077909270218,0,0.08703405166666665,0.0
red2,1,14.0,ofdm_fec,4,60,configuration,1024,16,0.5,3,5,6,0,1,16,2704,0,0.0,162240,33530,0.20666913214990137,0,0.05897820666666666,0.0
red2,1,14.0,pfft,4,60,configuration,1024,16,0.5,3,5,6,0,1,16,2704,0,0.0,162240,34131,0.21037352071005916,0,0.068876785,0.0
red2,1,14.0,profiled_cz,4,60,configuration,1024,16,0.5,3,5,6,0,1,16,2704,0,0.0,162240,37038,0.2282914201183432,0,0.2826624716666667,0.0
red2,1,16.0,cwz_joint,4,60,configuration,1024,16,0.5,3,5,6,0,1,16,2704,0,0.0,162240,29446,0.1814965483234714,0,0.20964743,0.0
red2,1,16.0,lite,4,60,configuration,1024,16,0.5,3,5,6,0,1,16,2704,0,0.0,162240,29022,0.17888313609467454,0,0.07025014833333335,0.0
red2,1,16.0,ofdm_fec,4,60,configuration,1024,16,0.5,3,5,6,0,1,16,2704,0,0.0,162240,28344,0.17470414201183432,0,0.04866487500000002,0.0
red2,1,16.0,pfft,4,60,configuration,1024,16,0.5,3,5,6,0,1,16,2704,0,0.0,162240,29037,0.17897559171597632,0,0.04891703666666666,0.0
red2,1,16.0,profiled_cz,4,60,configuration,1024,16,0.5,3,5,6,0,1,16,2704,0,0.0,162240,30454,0.18770956607495068,0,0.22720831166666666,0.0
red2,1,18.0,cwz_joint,4,60,configuration,1024,16,0.5,3,5,6,0,1,16,2704,0,0.0,162240,23458,0.14458826429980276,0,0.196889875,0.0
red2,1,18.0,lite,4,60,configuration,1024,16,0.5,3,5,6,0,1,16,2704,0,0.0,162240,23215,0.14309048323471402,0,0.06494388666666667,0.0
red2,1,18.0,ofdm_fec,4,60,configuration,1024,16,0.5,3,5,6,0,1,16,2704,0,0.0,162240,22780,0.14040927021696253,0,0.045673755,0.0
red2,1,18.0,pfft,4,60,configuration,1024,16,0.5,3,5,6,0,1,16,2704,0,0.0,162240,23425,0.14438486193293887,0,0.044399631666666654,0.0
red2,1,18.0,profiled_cz,4,60,configuration,1024,16,0.5,3,5,6,0,1,16,2704,0,0.0,162240,24229,0.149340483234714,0,0.2230615883333333,0.0
red2,1,20.0,cwz_joint,4,60,configuration,1024,16,0.5,3,5,6,0,1,16,2704,0,0.0,162240,18082,0.11145216962524655,0,0.18666447333333336,0.0
red2,1,20.0,lite,4,60,configuration,1024,16,0.5,3,5,6,0,1,16,2704,0,0.0,162240,18476,0.11388067061143985,0,0.06397608166666667,0.0
red2,1,20.0,ofdm_fec,4,60,configuration,1024,16,0.5,3,5,6,0,1,16,2704,0,0.0,162240,18101,0.11156928007889547,0,0.04937936333333333,0.0
red2,1,20.0,pfft,4,60,configuration,1024,16,0.5,3,5,6,0,1,16,2704,0,0.0,162240,18929,0.11667283037475346,0,0.048699699999999985,0.0
red2,1,20.0,profiled_cz,4,60,configuration,1024,16,0.5,3,5,6,0,1,16,2704,0,0.0,162240,18935,0.11670981262327416,0,0.21422826166666661,0.0
red2,1,22.0,cwz_joint,4,60,configuration,1024,16,0.5,3,5,6,0,1,16,2704,0,0.0,162240,15010,0.09251725838264299,0,0.17887252000000006,0.0
red2,1,22.0,lite,4,60,configuration,1024,16,0.5,3,5,6,0,1,16,2704,1,0.016666666666666666,162240,15633,0.09635724852071006,0,0.06249248333333334,46.540447504302925
red2,1,22.0,ofdm_fec,4,60,configuration,1024,16,0.5,3,5,6,0,1,16,2704,0,0.0,162240,14957,0.0921905818540434,0,0.046552455000000006,0.0
red2,1,22.0,pfft,4,60,configuration,1024,16,0.5,3,5,6,0,1,16,2704,1,0.016666666666666666,162240,15779,0.09725714990138067,0,0.04768342166666666,46.540447504302925
red2,1,22.0,profiled_cz,4,60,configuration,1024,16,0.5,3,5,6,0,1,16,2704,0,0.0,162240,15574,0.09599358974358975,0,0.20768843999999995,0.0
red2,1,24.0,cwz_joint,4,60,configuration,1024,16,0.5,3,5,6,0,1,16,2704,1,0.016666666666666666,162240,12617,0.07776750493096647,0,0.22915466166666665,46.540447504302925
red2,1,24.0,lite,4,60,configuration,1024,16,0.5,3,5,6,0,1,16,2704,1,0.016666666666666666,162240,13260,0.08173076923076923,0,0.07405829333333332,46.540447504302925
red2,1,24.0,ofdm_fec,4,60,configuration,1024,16,0.5,3,5,6,0,1,16,2704,1,0.016666666666666666,162240,12678,0.07814349112426036,0,0.054999265000000006,46.540447504302925
red2,1,24.0,pfft,4,60,configuration,1024,16,0.5,3,5,6,0,1,16,2704,1,0.016666666666666666,162240,13398,0.08258136094674556,0,0.053737740000000006,46.540447504302925
red2,1,24.0,profiled_cz,4,60,configuration,1024,16,0.5,3,5,6,0,1,16,2704,1,0.016666666666666666,162240,13169,0.0811698717948718,0,0.2643651833333333,46.540447504302925
red2,1,26.0,cwz_joint,4,60,configuration,1024,16,0.5,3,5,6,0,1,16,2704,1,0.016666666666666666,162240,11445,0.07054363905325443,0,0.22020778166666666,46.540447504302925
red2,1,26.0,lite,4,60,configuration,1024,16,0.5,3,5,6,0,1,16,2704,1,0.016666666666666666,162240,12034,0.07417406311637081,0,0.07477464833333333,46.540447504302925
red2,1,26.0,ofdm_fec,4,60,configuration,1024,16,0.5,3,5,6,0,1,16,2704,1,0.016666666666666666,162240,11520,0.07100591715976332,0,0.059648173333333325,46.540447504302925
red2,1,26.0,pfft,4,60,configuration,1024,16,0.5,3,5,6,0,1,16,2704,1,0.016666666666666666,162240,12154,0.074913708086785,0,0.05614152833333334,46.540447504302925
red2,1,26.0,profiled_cz,4,60,configuration,1024,16,0.5,3,5,6,0,1,16,2704,1,0.016666666666666666,162240,11945,0.07362549309664694,0,0.2571927216666666,46.540447504302925
red2,1,28.0,cwz_joint,4,60,configuration,1024,16,0.5,3,5,6,0,1,16,2704,1,0.016666666666666666,162240,10429,0.06428131163708087,0,0.21415948500000004,46.540447504302925
red2,1,28.0,lite,4,60,configuration,1024,16,0.5,3,5,6,0,1,16,2704,1,0.016666666666666666,162240,10961,0.0675604043392505,0,0.0802121916666667,46.540447504302925
red2,1,28.0,ofdm_fec,4,60,configuration,1024,16,0.5,3,5,6,0,1,16,2704,1,0.016666666666666666,162240,10604,0.06535996055226824,0,0.055377619999999995,46.540447504302925
red2,1,28.0,pfft,4,60,configuration,1024,16,0.5,3,5,6,0,1,16,2704,1,0.016666666666666666,162240,11151,0.06873150887573964,0,0.057274981666666676,46.540447504302925
red2,1,28.0,profiled_cz,4,60,configuration,1024,16,0.5,3,5,6,0,1,16,2704,1,0.016666666666666666,162240,10921,0.06731385601577909,0,0.2703077883333334,46.540447504302925
red2,1,30.0,cwz_joint,4,60,configuration,1024,16,0.5,3,5,6,0,1,16,2704,1,0.016666666666666666,162240,9529,0.05873397435897436,0,0.20512461833333337,46.540447504302925
red2,1,30.0,lite,4,60,configuration,1024,16,0.5,3,5,6,0,1,16,2704,1,0.016666666666666666,162240,10197,0.06285133136094674,0,0.07629168666666665,46.540447504302925
red2,1,30.0,ofdm_fec,4,60,configuration,1024,16,0.5,3,5,6,0,1,16,2704,1,0.016666666666666666,162240,9891,0.060965236686390534,0,0.06166976833333333,46.540447504302925
red2,1,30.0,pfft,4,60,configuration,1024,16,0.5,3,5,6,0,1,16,2704,1,0.016666666666666666,162240,10344,0.06375739644970414,0,0.063330785,46.540447504302925
red2,1,30.0,profiled_cz,4,60,configuration,1024,16,0.5,3,5,6,0,1,16,2704,1,0.016666666666666666,162240,9956,0.06136587771203156,0,0.25763258666666666,46.540447504302925
red2,2,0.0,cwz_joint,4,60,configuration,1024,16,0.5,3,5,6,0,1,16,2704,0,0.0,162240,69593,0.4289509368836292,0,0.31839544999999986,0.0
red2,2,0.0,lite,4,60,configuration,1024,16,0.5,3,5,6,0,1,16,2704,0,0.0,162240,67683,0.4171782544378698,0,0.08824885666666667,0.0
red2,2,0.0,ofdm_fec,4,60,configuration,1024,16,0.5,3,5,6,0,1,16,2704,0,0.0,162240,67080,0.41346153846153844,0,0.06060572333333333,0.0
red2,2,0.0,pfft,4,60,configuration,1024,16,0.5,3,5,6,0,1,16,2704,0,0.0,162240,67631,0.416857741617357,0,0.061962736666666664,0.0
red2,2,0.0,profiled_cz,4,60,configuration,1024,16,0.5,3,5,6,0,1,16,2704,0,0.0,162240,69881,0.43072608481262326,0,0.3109689883333334,0.0
red2,2,2.0,cwz_joint,4,60,configuration,1024,16,0.5,3,5,6,0,1,16,2704,0,0.0,162240,65508,0.4037721893491124,0,0.29058316833333336,0.0
red2,2,2.0,lite,4,60,configuration,1024,16,0.5,3,5,6,0,1,16,2704,0,0.0,162240,63045,0.38859097633136097,0,0.08407312166666664,0.0
red2,2,2.0,ofdm_fec,4,60,configuration,1024,16,0.5,3,5,6,0,1,16,2704,0,0.0,162240,63086,0.38884368836291916,0,0.06398184333333333,0.0
red2,2,2.0,pfft,4,60,configuration,1024,16,0.5,3,5,6,0,1,16,2704,0,0.0,162240,63035,0.3885293392504931,0,0.059961163333333324,0.0
red2,2,2.0,profiled_cz,4,60,configuration,1024,16,0.5,3,5,6,0,1,16,2704,0,0.0,162240,65659,0.40470290927021696,0,0.3079754983333334,0.0
red2,2,4.0,cwz_joint,4,60,configuration,1024,16,0.5,3,5,6,0,1,16,2704,0,0.0,162240,60969,0.3757951183431953,0,0.283534105,0.0
red2,2,4.0,lite,4,60,configuration,1024,16,0.5,3,5,6,0,1,16,2704,0,0.0,162240,58272,0.3591715976331361,0,0.08800860666666668,0.0
red2,2,4.0,ofdm_fec,4,60,configuration,1024,16,0.5,3,5,6,0,1,16,2704,0,0.0,162240,58289,0.35927638067061146,0,0.061145719999999994,0.0
red2,2,4.0,pfft,4,60,configuration,1024,16,0.5,3,5,6,0,1,16,2704,0,0.0,162240,58237,0.35895586785009864,0,0.0644325,0.0
red2,2,4.0,profiled_cz,4,60,configuration,1024,16,0.5,3,5,6,0,1,16,2704,0,0.0,162240,61371,0.3782729289940828,0,0.30242181166666676,0.0
red2,2,6.0,cwz_joint,4,60,configuration,1024,16,0.5,3,5,6,0,1,16,2704,0,0.0,162240,55926,0.34471153846153846,0,0.2836355933333333,0.0
red2,2,6.0,lite,4,60,configuration,1024,16,0.5,3,5,6,0,1,16,2704,0,0.0,162240,52956,0.326405325443787,0,0.08185195166666667,0.0
red2,2,6.0,ofdm_fec,4,60,configuration,1024,16,0.5,3,5,6,0,1,16,2704,0,0.0,162240,52966,0.32646696252465485,0,0.057748813333333336,0.0
red2,2,6.0,pfft,4,60,configuration,1024,16,0.5,3,5,6,0,1,16,2704,0,0.0,162240,52969,0.3264854536489152,0,0.06622260333333334,0.0
red2,2,6.0,profiled_cz,4,60,configuration,1024,16,0.5,3,5,6,0,1,16,2704,0,0.0,162240,56503,0.34826799802761343,0,0.307350565,0.0
red2,2,8.0,cwz_joint,4,60,configuration,1024,16,0.5,3,5,6,0,1,16,2704,0,0.0,162240,50862,0.3134985207100592,0,0.3224238133333335,0.0
red2,2,8.0,lite,4,60,configuration,1024,16,0.5,3,5,6,0,1,16,2704,0,0.0,162240,47681,0.29389176528599603,0,0.08995934666666665,0.0
red2,2,8.0,ofdm_fec,4,60,configuration,1024,16,0.5,3,5,6,0,1,16,2704,0,0.0,162240,47538,0.2930103550295858,0,0.06531867833333332,0.0
red2,2,8.0,pfft,4,60,configuration,1024,16,0.5,3,5,6,0,1,16,2704,0,0.0,162240,47805,0.2946560650887574,0,0.06677162666666668,0.0
red2,2,8.0,profiled_cz,4,60,configuration,1024,16,0.5,3,5,6,0,1,16,2704,0,0.0,162240,51809,0.31933555226824456,0,0.3355216433333333,0.0
red2,2,10.0,cwz_joint,4,60,configuration,1024,16,0.5,3,5,6,0,1,16,2704,0,0.0,162240,45198,0.27858727810650885,0,0.2890558900000001,0.0
red2,2,10.0,lite,4,60,configuration,1024,16,0.5,3,5,6,0,1,16,2704,0,0.0,162240,42339,0.26096523668639054,0,0.09643471666666666,0.0
red2,2,10.0,ofdm_fec,4,60,configuration,1024,16,0.5,3,5,6,0,1,16,2704,0,0.0,162240,42107,0.25953525641025643,0,0.07193303833333334,0.0
red2,2,10.0,pfft,4,60,configuration,1024,16,0.5,3,5,6,0,1,16,2704,0,0.0,162240,42475,0.2618035009861933,0,0.06956302333333333,0.0
red2,2,10.0,profiled_cz,4,60,configuration,1024,16,0.5,3,5,6,0,1,16,2704,0,0.0,162240,46180,0.28464003944773175,0,0.32226079166666666,0.0
red2,2,12.0,cwz_joint,4,60,configuration,1024,16,0.5,3,5,6,0,1,16,2704,0,0.0,162240,39183,0.24151257396449705,0,0.3063569499999999,0.0
red2,2,12.0,lite,4,60,configuration,1024,16,0.5,3,5,6,0,1,16,2704,0,0.0,162240,36551,0.2252896942800789,0,0.08789828000000002,0.0
red2,2,12.0,ofdm_fec,4,60,configuration,1024,16,0.5,3,5,6,0,1,16,2704,0,0.0,162240,36618,0.2257026627218935,0,0.06731958166666667,0.0
red2,2,12.0,pfft,4,60,configuration,1024,16,0.5,3,5,6,0,1,16,2704,0,0.0,162240,36866,0.22723126232741617,0,0.06462319,0.0
red2,2,12.0,profiled_cz,4,60,configuration,1024,16,0.5,3,5,6,0,1,16,2704,0,0.0,162240,40115,0.24725714990138067,0,0.3348208433333334,0.0
red2,2,14.0,cwz_joint,4,60,configuration,1024,16,0.5,3,5,6,0,1,16,2704,0,0.0,162240,32042,0.1974975345167653,0,0.28961359666666653,0.0
red2,2,14.0,lite,4,60,configuration,1024,16,0.5,3,5,6,0,1,16,2704,0,0.0,162240,30831,0.19003328402366865,0,0.09667337666666667,0.0
red2,2,14.0,ofdm_fec,4,60,configuration,1024,16,0.5,3,5,6,0,1,16,2704,0,0.0,162240,30746,0.1895093688362919,0,0.06505976833333334,0.0
red2,2,14.0,pfft,4,60,configuration,1024,16,0.5,3,5,6,0,1,16,2704,0,0.0,162240,31109,0.19174679487179488,0,0.06423707833333332,0.0
red2,2,14.0,profiled_cz,4,60,configuration,1024,16,0.5,3,5,6,0,1,16,2704,0,0.0,162240,33134,0.2042283037475345,0,0.32980600666666665,0.0
red2,2,16.0,cwz_joint,4,60,configuration,1024,16,0.5,3,5,6,0,1,16,2704,0,0.0,162240,26223,0.16163091715976333,0,0.28138096833333326,0.0
red2,2,16.0,lite,4,60,configuration,1024,16,0.5,3,5,6,0,1,16,2704,0,0.0,162240,25625,0.15794501972386588,0,0.09203777666666668,0.0
red2,2,16.0,ofdm_fec,4,60,configuration,1024,16,0.5,3,5,6,0,1,16,2704,0,0.0,162240,25174,0.15516518737672583,0,0.06903058999999999,0.0
red2,2,16.0,pfft,4,60,configuration,1024,16,0.5,3,5,6,0,1,16,2704,0,0.0,162240,25773,0.15885724852071006,0,0.06510866,0.0
red2,2,16.0,profiled_cz,4,60,configuration,1024,16,0.5,3,5,6,0,1,16,2704,0,0.0,162240,27244,0.16792406311637081,0,0.3455687033333333,0.0
red2,2,18.0,cwz_joint,4,60,configuration,1024,16,0.5,3,5,6,0,1,16,2704,0,0.0,162240,20218,0.12461785009861932,0,0.2734376333333334,0.0
red2,2,18.0,lite,4,60,configuration,1024,16,0.5,3,5,6,0,1,16,2704,0,0.0,162240,20383,0.12563486193293885,0,0.08770921166666668,0.0
red2,2,18.0,ofdm_fec,4,60,configuration,1024,16,0.5,3,5,6,0,1,16,2704,0,0.0,162240,20017,0.12337894477317554,0,0.06768583833333335,0.0
red2,2,18.0,pfft,4,60,configuration,1024,16,0.5,3,5,6,0,1,16,2704,0,0.0,162240,20583,0.12686760355029586,0,0.07222191333333333,0.0
red2,2,18.0,profiled_cz,4,60,configuration,1024,16,0.5,3,5,6,0,1,16,2704,0,0.0,162240,20998,0.12942554240631163,0,0.31608053166666666,0.0
red2,2,20.0,cwz_joint,4,60,configuration,1024,16,0.5,3,5,6,0,1,16,2704,0,0.0,162240,16145,0.09951306706114399,0,0.2667590083333333,0.0
red2,2,20.0,lite,4,60,configuration,1024,16,0.5,3,5,6,0,1,16,2704,0,0.0,162240,16533,0.10190458579881657,0,0.08904256333333334,0.0
red2,2,20.0,ofdm_fec,4,60,configuration,1024,16,0.5,3,5,6,0,1,16,2704,0,0.0,162240,16052,0.09893984220907298,0,0.06642876333333333,0.0
red2,2,20.0,pfft,4,60,configuration,1024,16,0.5,3,5,6,0,1,16,2704,0,0.0,162240,16604,0.10234220907297831,0,0.07076511833333334,0.0
red2,2,20.0,profiled_cz,4,60,configuration,1024,16,0.5,3,5,6,0,1,16,2704,0,0.0,162240,16877,0.10402490138067061,0,0.3101887583333333,0.0
red2,2,22.0,cwz_joint,4,60,configuration,1024,16,0.5,3,5,6,0,1,16,2704,2,0.03333333333333333,162240,13613,0.08390655818540434,0,0.2469950883333333,93.08089500860585
red2,2,22.0,lite,4,60,configuration,1024,16,0.5,3,5,6,0,1,16,2704,2,0.03333333333333333,162240,13791,0.08500369822485207,0,0.09485285666666667,93.08089500860585
red2,2,22.0,ofdm_fec,4,60,configuration,1024,16,0.5,3,5,6,0,1,16,2704,4,0.06666666666666667,162240,13408,0.0826429980276134,0,0.07131343666666666,186.1617900172117
red2,2,22.0,pfft,4,60,configuration,1024,16,0.5,3,5,6,0,1,16,2704,2,0.03333333333333333,162240,14006,0.08632889546351084,0,0.07191853833333334,93.08089500860585
red2,2,22.0,profiled_cz,4,60,configuration,1024,16,0.5,3,5,6,0,1,16,2704,2,0.03333333333333333,162240,14180,0.08740138067061144,0,0.31165044999999997,93.08089500860585
red2,2,24.0,cwz_joint,4,60,configuration,1024,16,0.5,3,5,6,0,1,16,2704,2,0.03333333333333333,162240,11998,0.07395216962524655,0,0.2422841483333333,93.08089500860585
red2,2,24.0,lite,4,60,configuration,1024,16,0.5,3,5,6,0,1,16,2704,2,0.03333333333333333,162240,12204,0.07522189349112426,0,0.08458550666666666,93.08089500860585
red2,2,24.0,ofdm_fec,4,60,configuration,1024,16,0.5,3,5,6,0,1,16,2704,5,0.08333333333333333,162240,11732,0.07231262327416174,0,0.06344548833333333,232.70223752151463
red2,2,24.0,pfft,4,60,configuration,1024,16,0.5,3,5,6,0,1,16,2704,2,0.03333333333333333,162240,12324,0.07596153846153846,0,0.06787671166666667,93.08089500860585
red2,2,24.0,profiled_cz,4,60,configuration,1024,16,0.5,3,5,6,0,1,16,2704,2,0.03333333333333333,162240,12538,0.07728057199211046,0,0.29582998833333324,93.08089500860585
red2,2,26.0,cwz_joint,4,60,configuration,1024,16,0.5,3,5,6,0,1,16,2704,3,0.05,162240,10791,0.06651257396449704,0,0.2561841366666667,139.62134251290877
red2,2,26.0,lite,4,60,configuration,1024,16,0.5,3,5,6,0,1,16,2704,3,0.05,162240,11225,0.06918762327416174,0,0.088231775,139.62134251290877
red2,2,26.0,ofdm_fec,4,60,configuration,1024,16,0.5,3,5,6,0,1,16,2704,4,0.06666666666666667,162240,10883,0.06707963510848126,0,0.06654876333333333,186.1617900172117
red2,2,26.0,pfft,4,60,configuration,1024,16,0.5,3,5,6,0,1,16,2704,3,0.05,162240,11449,0.07056829388560158,0,0.06377911333333332,139.62134251290877
red2,2,26.0,profiled_cz,4,60,configuration,1024,16,0.5,3,5,6,0,1,16,2704,3,0.05,162240,11307,0.0696930473372781,0,0.284379915,139.62134251290877
red2,2,28.0,cwz_joint,4,60,configuration,1024,16,0.5,3,5,6,0,1,16,2704,4,0.06666666666666667,162240,10175,0.06271572978303748,0,0.2435568633333333,186.1617900172117
red2,2,28.0,lite,4,60,configuration,1024,16,0.5,3,5,6,0,1,16,2704,3,0.05,162240,10552,0.06503944773175542,0,0.089877875,139.62134251290877
red2,2,28.0,ofdm_fec,4,60,configuration,1024,16,0.5,3,5,6,0,1,16,2704,5,0.08333333333333333,162240,10158,0.06261094674556213,0,0.06683700666666666,232.70223752151463
red2,2,28.0,pfft,4,60,configuration,1024,16,0.5,3,5,6,0,1,16,2704,4,0.06666666666666667,162240,10784,0.06646942800788955,0,0.06380047333333334,186.1617900172117
red2,2,28.0,profiled_cz,4,60,configuration,1024,16,0.5,3,5,6,0,1,16,2704,4,0.06666666666666667,162240,10581,0.06521819526627219,0,0.3023969233333334,186.1617900172117
red2,2,30.0,cwz_joint,4,60,configuration,1024,16,0.5,3,5,6,0,1,16,2704,5,0.08333333333333333,162240,9744,0.06005917159763314,0,0.25886435,232.70223752151463
red2,2,30.0,lite,4,60,configuration,1024,16,0.5,3,5,6,0,1,16,2704,3,0.05,162240,10200,0.0628698224852071,0,0.09229207666666665,139.62134251290877
red2,2,30.0,ofdm_fec,4,60,configuration,1024,16,0.5,3,5,6,0,1,16,2704,5,0.08333333333333333,162240,9759,0.06015162721893491,0,0.06410010666666667,232.70223752151463
red2,2,30.0,pfft,4,60,configuration,1024,16,0.5,3,5,6,0,1,16,2704,3,0.05,162240,10250,0.06317800788954635,0,0.06606419166666666,139.62134251290877
red2,2,30.0,profiled_cz,4,60,configuration,1024,16,0.5,3,5,6,0,1,16,2704,5,0.08333333333333333,162240,10304,0.06351084812623274,0,0.29469463833333337,232.70223752151463
red2,3,0.0,cwz_joint,4,60,configuration,1024,16,0.5,3,5,6,0,1,16,2704,0,0.0,162240,69281,0.42702785996055226,0,0.2965287633333334,0.0
red2,3,0.0,lite,4,60,configuration,1024,16,0.5,3,5,6,0,1,16,2704,0,0.0,162240,67433,0.4156373274161736,0,0.08560741499999999,0.0
red2,3,0.0,ofdm_fec,4,60,configuration,1024,16,0.5,3,5,6,0,1,16,2704,0,0.0,162240,67189,0.41413338264299804,0,0.06320492,0.0
red2,3,0.0,pfft,4,60,configuration,1024,16,0.5,3,5,6,0,1,16,2704,0,0.0,162240,67440,0.4156804733727811,0,0.06230738666666666,0.0
red2,3,0.0,profiled_cz,4,60,configuration,1024,16,0.5,3,5,6,0,1,16,2704,0,0.0,162240,69584,0.4288954635108481,0,0.3085528683333333,0.0
red2,3,2.0,cwz_joint,4,60,configuration,1024,16,0.5,3,5,6,0,1,16,2704,0,0.0,162240,65451,0.4034208579881657,0,0.2758329466666666,0.0
red2,3,2.0,lite,4,60,configuration,1024,16,0.5,3,5,6,0,1,16,2704,0,0.0,162240,63120,0.3890532544378698,0,0.08816404500000002,0.0
red2,3,2.0,ofdm_fec,4,60,configuration,1024,16,0.5,3,5,6,0,1,16,2704,0,0.0,162240,62961,0.388073224852071,0,0.06570158333333334,0.0
red2,3,2.0,pfft,4,60,configuration,1024,16,0.5,3,5,6,0,1,16,2704,0,0.0,162240,63035,0.3885293392504931,0,0.06190273833333334,0.0
red2,3,2.0,profiled_cz,4,60,configuration,1024,16,0.5,3,5,6,0,1,16,2704,0,0.0,162240,65877,0.4060465976331361,0,0.31366452,0.0
red2,3,4.0,cwz_joint,4,60,configuration,1024,16,0.5,3,5,6,0,1,16,2704,0,0.0,162240,60955,0.37570882642998027,0,0.29785112333333347,0.0
red2,3,4.0,lite,4,60,configuration,1024,16,0.5,3,5,6,0,1,16,2704,0,0.0,162240,58414,0.36004684418145955,0,0.09223274333333335,0.0
red2,3,4.0,ofdm_fec,4,60,configuration,1024,16,0.5,3,5,6,0,1,16,2704,0,0.0,162240,58105,0.358142258382643,0,0.055567414999999995,0.0
red2,3,4.0,pfft,4,60,configuration,1024,16,0.5,3,5,6,0,1,16,2704,0,0.0,162240,58349,0.3596462031558185,0,0.06365791833333333,0.0
red2,3,4.0,profiled_cz,4,60,configuration,1024,16,0.5,3,5,6,0,1,16,2704,0,0.0,162240,61476,0.3789201183431953,0,0.31857884500000005,0.0
red2,3,6.0,cwz_joint,4,60,configuration,1024,16,0.5,3,5,6,0,1,16,2704,0,0.0,162240,56131,0.3459750986193294,0,0.28906493,0.0
red2,3,6.0,lite,4,60,configuration,1024,16,0.5,3,5,6,0,1,16,2704,0,0.0,162240,53099,0.32728673570019723,0,0.08906047166666667,0.0
red2,3,6.0,ofdm_fec,4,60,configuration,1024,16,0.5,3,5,6,0,1,16,2704,0,0.0,162240,52928,0.326232741617357,0,0.06401932666666667,0.0
red2,3,6.0,pfft,4,60,configuration,1024,16,0.5,3,5,6,0,1,16,2704,0,0.0,162240,53172,0.32773668639053255,0,0.05767655333333334,0.0
red2,3,6.0,profiled_cz,4,60,configuration,1024,16,0.5,3,5,6,0,1,16,2704,0,0.0,162240,56779,0.34996918145956607,0,0.30945116,0.0
red2,3,8.0,cwz_joint,4,60,configuration,1024,16,0.5,3,5,6,0,1,16,2704,0,0.0,162240,50711,0.31256780078895463,0,0.29646119833333334,0.0
red2,3,8.0,lite,4,60,configuration,1024,16,0.5,3,5,6,0,1,16,2704,0,0.0,162240,47666,0.29379930966469425,0,0.08411203333333335,0.0
red2,3,8.0,ofdm_fec,4,60,configuration,1024,16,0.5,3,5,6,0,1,16,2704,0,0.0,162240,47698,0.2939965483234714,0,0.06595221000000001,0.0
red2,3,8.0,pfft,4,60,configuration,1024,16,0.5,3,5,6,0,1,16,2704,0,0.0,162240,47758,0.2943663708086785,0,0.061996691666666666,0.0
red2,3,8.0,profiled_cz,4,60,configuration,1024,16,0.5,3,5,6,0,1,16,2704,0,0.0,162240,51638,0.3182815581854043,0,0.33398423333333327,0.0
red2,3,10.0,cwz_joint,4,60,configuration,1024,16,0.5,3,5,6,0,1,16,2704,0,0.0,162240,44649,0.2752034023668639,0,0.2837825366666667,0.0
red2,3,10.0,lite,4,60,configuration,1024,16,0.5,3,5,6,0,1,16,2704,0,0.0,162240,42013,0.2589558678500986,0,0.08588866499999998,0.0
red2,3,10.0,ofdm_fec,4,60,configuration,1024,16,0.5,3,5,6,0,1,16,2704,0,0.0,162240,41878,0.25812376725838265,0,0.06154514000000001,0.0
red2,3,10.0,pfft,4,60,configuration,1024,16,0.5,3,5,6,0,1,16,2704,0,0.0,162240,42254,0.26044132149901383,0,0.06395593166666666,0.0
red2,3,10.0,profiled_cz,4,60,configuration,1024,16,0.5,3,5,6,0,1,16,2704,0,0.0,162240,45582,0.28095414201183433,0,0.31824366833333334,0.0
red2,3,12.0,cwz_joint,4,60,configuration,1024,16,0.5,3,5,6,0,1,16,2704,0,0.0,162240,38182,0.23534270216962525,0,0.2925124216666667,0.0
red2,3,12.0,lite,4,60,configuration,1024,16,0.5,3,5,6,0,1,16,2704,0,0.0,162240,36203,0.22314472386587772,0,0.09150876333333333,0.0
red2,3,12.0,ofdm_fec,4,60,configuration,1024,16,0.5,3,5,6,0,1,16,2704,0,0.0,162240,35873,0.22111070019723866,0,0.05982457166666667,0.0
red2,3,12.0,pfft,4,60,configuration,1024,16,0.5,3,5,6,0,1,16,2704,0,0.0,162240,36362,0.22412475345167654,0,0.06454774666666666,0.0
red2,3,12.0,profiled_cz,4,60,configuration,1024,16,0.5,3,5,6,0,1,16,2704,0,0.0,162240,39037,0.24061267258382643,0,0.31879856666666667,0.0
red2,3,14.0,cwz_joint,4,60,configuration,1024,16,0.5,3,5,6,0,1,16,2704,0,0.0,162240,31139,0.19193170611439841,0,0.2925242666666667,0.0
red2,3,14.0,lite,4,60,configuration,1024,16,0.5,3,5,6,0,1,16,2704,0,0.0,162240,30018,0.18502218934911244,0,0.09460036166666667,0.0
red2,3,14.0,ofdm_fec,4,60,configuration,1024,16,0.5,3,5,6,0,1,16,2704,0,0.0,162240,29735,0.18327785996055226,0,0.06830961666666666,0.0
red2,3,14.0,pfft,4,60,configuration,1024,16,0.5,3,5,6,0,1,16,2704,0,0.0,162240,30289,0.18669255424063116,0,0.06228308166666666,0.0
red2,3,14.0,profiled_cz,4,60,configuration,1024,16,0.5,3,5,6,0,1,16,2704,0,0.0,162240,32158,0.19821252465483236,0,0.3335671733333332,0.0
red2,3,16.0,cwz_joint,4,60,configuration,1024,16,0.5,3,5,6,0,1,16,2704,0,0.0,162240,25410,0.1566198224852071,0,0.2960551783333333,0.0
red2,3,16.0,lite,4,60,configuration,1024,16,0.5,3,5,6,0,1,16,2704,0,0.0,162240,24826,0.15302021696252466,0,0.08352158666666668,0.0
red2,3,16.0,ofdm_fec,4,60,configuration,1024,16,0.5,3,5,6,0,1,16,2704,1,0.016666666666666666,162240,24284,0.14967948717948718,0,0.06637166166666666,46.540447504302925
red2,3,16.0,pfft,4,60,configuration,1024,16,0.5,3,5,6,0,1,16,2704,0,0.0,162240,25094,0.15467209072978302,0,0.05909005833333335,0.0
red2,3,16.0,profiled_cz,4,60,configuration,1024,16,0.5,3,5,6,0,1,16,2704,0,0.0,162240,26135,0.16108851084812623,0,0.33432455333333333,0.0
red2,3,18.0,cwz_joint,4,60,configuration,1024,16,0.5,3,5,6,0,1,16,2704,2,0.03333333333333333,162240,20451,0.12605399408284024,0,0.26843932833333334,93.08089500860585
red2,3,18.0,lite,4,60,configuration,1024,16,0.5,3,5,6,0,1,16,2704,0,0.0,162240,20419,0.1258567554240631,0,0.08396682500000001,0.0
red2,3,18.0,ofdm_fec,4,60,configuration,1024,16,0.5,3,5,6,0,1,16,2704,0,0.0,162240,19615,0.12090113412228796,0,0.06199562333333333,0.0
red2,3,18.0,pfft,4,60,configuration,1024,16,0.5,3,5,6,0,1,16,2704,0,0.0,162240,20429,0.12591839250493098,0,0.060800836666666684,0.0
red2,3,18.0,profiled_cz,4,60,configuration,1024,16,0.5,3,5,6,0,1,16,2704,2,0.03333333333333333,162240,21074,0.1298939842209073,0,0.31815992,93.08089500860585
red2,3,20.0,cwz_joint,4,60,configuration,1024,16,0.5,3,5,6,0,1,16,2704,4,0.06666666666666667,162240,16591,0.1022620808678501,0,0.2605110116666667,186.1617900172117
red2,3,20.0,lite,4,60,configuration,1024,16,0.5,3,5,6,0,1,16,2704,4,0.06666666666666667,162240,16713,0.10301405325443787,0,0.08461629166666665,186.1617900172117
red2,3,20.0,ofdm_fec,4,60,configuration,1024,16,0.5,3,5,6,0,1,16,2704,3,0.05,162240,16139,0.09947608481262328,0,0.06839667666666667,139.62134251290877
red2,3,20.0,pfft,4,60,configuration,1024,16,0.5,3,5,6,0,1,16,2704,4,0.06666666666666667,162240,16812,0.10362426035502958,0,0.06009705333333334,186.1617900172117
red2,3,20.0,profiled_cz,4,60,configuration,1024,16,0.5,3,5,6,0,1,16,2704,4,0.06666666666666667,162240,17146,0.10568293885601578,0,0.3074656466666667,186.1617900172117
red2,3,22.0,cwz_joint,4,60,configuration,1024,16,0.5,3,5,6,0,1,16,2704,7,0.11666666666666667,162240,14227,0.08769107495069034,0,0.24116678666666663,325.7831325301205
red2,3,22.0,lite,4,60,configuration,1024,16,0.5,3,5,6,0,1,16,2704,6,0.1,162240,14303,0.088159516765286,0,0.08702029333333333,279.24268502581754
red2,3,22.0,ofdm_fec,4,60,configuration,1024,16,0.5,3,5,6,0,1,16,2704,5,0.08333333333333333,162240,13814,0.08514546351084813,0,0.06302115999999999,232.70223752151463
red2,3,22.0,pfft,4,60,configuration,1024,16,0.5,3,5,6,0,1,16,2704,6,0.1,162240,14431,0.08894847140039448,0,0.07581447000000002,279.24268502581754
red2,3,22.0,profiled_cz,4,60,configuration,1024,16,0.5,3,5,6,0,1,16,2704,7,0.11666666666666667,162240,14778,0.09108727810650888,0,0.30371215333333335,325.7831325301205
red2,3,24.0,cwz_joint,4,60,configuration,1024,16,0.5,3,5,6,0,1,16,2704,8,0.13333333333333333,162240,12245,0.07547460552268244,0,0.25198962500000005,372.3235800344234
red2,3,24.0,lite,4,60,configuration,1024,16,0.5,3,5,6,0,1,16,2704,8,0.13333333333333333,162240,12541,0.0772990631163708,0,0.09902476333333333,372.3235800344234
red2,3,24.0,ofdm_fec,4,60,configuration,1024,16,0.5,3,5,6,0,1,16,2704,9,0.15,162240,12094,0.0745438856015779,0,0.06887480666666666,418.8640275387263
red2,3,24.0,pfft,4,60,configuration,1024,16,0.5,3,5,6,0,1,16,2704,7,0.11666666666666667,162240,12731,0.07847016765285995,0,0.06415792166666667,325.7831325301205
red2,3,24.0,profiled_cz,4,60,configuration,1024,16,0.5,3,5,6,0,1,16,2704,8,0.13333333333333333,162240,12601,0.0776688856015779,0,0.316599855,372.3235800344234
red2,3,26.0,cwz_joint,4,60,configuration,1024,16,0.5,3,5,6,0,1,16,2704,11,0.18333333333333332,162240,10932,0.06738165680473372,0,0.26515781833333335,511.94492254733217
red2,3,26.0,lite,4,60,configuration,1024,16,0.5,3,5,6,0,1,16,2704,9,0.15,162240,11284,0.06955128205128205,0,0.09463851,418.8640275387263
red2,3,26.0,ofdm_fec,4,60,configuration,1024,16,0.5,3,5,6,0,1,16,2704,11,0.18333333333333332,162240,10745,0.06622904339250493,0,0.07042905166666667,511.94492254733217
red2,3,26.0,pfft,4,60,configuration,1024,16,0.5,3,5,6,0,1,16,2704,9,0.15,162240,11481,0.0707655325443787,0,0.06624226,418.8640275387263
red2,3,26.0,profiled_cz,4,60,configuration,1024,16,0.5,3,5,6,0,1,16,2704,11,0.18333333333333332,162240,11387,0.0701861439842209,0,0.306417265,511.94492254733217
red2,3,28.0,cwz_joint,4,60,configuration,1024,16,0.5,3,5,6,0,1,16,2704,11,0.18333333333333332,162240,10159,0.06261711045364891,0,0.2623835366666667,511.94492254733217
red2,3,28.0,lite,4,60,configuration,1024,16,0.5,3,5,6,0,1,16,2704,10,0.16666666666666666,162240,10482,0.06460798816568047,0,0.09615044499999999,465.40447504302927
red2,3,28.0,ofdm_fec,4,60,configuration,1024,16,0.5,3,5,6,0,1,16,2704,11,0.18333333333333332,162240,9926,0.06118096646942801,0,0.07375526166666665,511.94492254733217
red2,3,28.0,pfft,4,60,configuration,1024,16,0.5,3,5,6,0,1,16,2704,10,0.16666666666666666,162240,10636,0.06555719921104536,0,0.06431941499999999,465.40447504302927
red2,3,28.0,profiled_cz,4,60,configuration,1024,16,0.5,3,5,6,0,1,16,2704,11,0.18333333333333332,162240,10561,0.06509492110453649,0,0.29965847333333345,511.94492254733217
red2,3,30.0,cwz_joint,4,60,configuration,1024,16,0.5,3,5,6,0,1,16,2704,12,0.2,162240,9788,0.060330374753451675,0,0.24829290833333334,558.4853700516351
red2,3,30.0,lite,4,60,configuration,1024,16,0.5,3,5,6,0,1,16,2704,12,0.2,162240,9951,0.061335059171597636,0,0.08658744666666666,558.4853700516351
red2,3,30.0,ofdm_fec,4,60,configuration,1024,16,0.5,3,5,6,0,1,16,2704,14,0.23333333333333334,162240,9573,0.0590051775147929,0,0.07907622833333333,651.566265060241
red2,3,30.0,pfft,4,60,configuration,1024,16,0.5,3,5,6,0,1,16,2704,12,0.2,162240,10091,0.062197978303747535,0,0.06486803499999999,558.4853700516351
red2,3,30.0,profiled_cz,4,60,configuration,1024,16,0.5,3,5,6,0,1,16,2704,12,0.2,162240,10217,0.06297460552268244,0,0.31216100999999996,558.4853700516351
red3,1,0.0,cwz_joint,4,60,configuration,1024,16,0.5,3,5,6,0,1,16,2704,0,0.0,162240,68766,0.423853550295858,0,0.282086895,0.0
red3,1,0.0,lite,4,60,configuration,1024,16,0.5,3,5,6,0,1,16,2704,0,0.0,162240,66883,0.4122472879684418,0,0.08102609499999999,0.0
red3,1,0.0,ofdm_fec,4,60,configuration,1024,16,0.5,3,5,6,0,1,16,2704,0,0.0,162240,66958,0.4127095660749507,0,0.06075190666666667,0.0
red3,1,0.0,pfft,4,60,configuration,1024,16,0.5,3,5,6,0,1,16,2704,0,0.0,162240,66947,0.41264176528599605,0,0.06247405166666666,0.0
red3,1,0.0,profiled_cz,4,60,configuration,1024,16,0.5,3,5,6,0,1,16,2704,0,0.0,162240,69189,0.42646079881656807,0,0.3130856366666668,0.0
red3,1,2.0,cwz_joint,4,60,configuration,1024,16,0.5,3,5,6,0,1,16,2704,0,0.0,162240,65095,0.40122657790927024,0,0.2913933116666667,0.0
red3,1,2.0,lite,4,60,configuration,1024,16,0.5,3,5,6,0,1,16,2704,0,0.0,162240,62772,0.3869082840236686,0,0.08145119833333332,0.0
red3,1,2.0,ofdm_fec,4,60,configuration,1024,16,0.5,3,5,6,0,1,16,2704,0,0.0,162240,62421,0.3847448224852071,0,0.058947063333333334,0.0
red3,1,2.0,pfft,4,60,configuration,1024,16,0.5,3,5,6,0,1,16,2704,0,0.0,162240,62780,0.3869575936883629,0,0.05880811166666667,0.0
red3,1,2.0,profiled_cz,4,60,configuration,1024,16,0.5,3,5,6,0,1,16,2704,0,0.0,162240,65509,0.4037783530571992,0,0.3147417950000001,0.0
red3,1,4.0,cwz_joint,4,60,configuration,1024,16,0.5,3,5,6,0,1,16,2704,0,0.0,162240,60505,0.372935157790927,0,0.2766465166666666,0.0
red3,1,4.0,lite,4,60,configuration,1024,16,0.5,3,5,6,0,1,16,2704,0,0.0,162240,57617,0.3551343688362919,0,0.08275497333333333,0.0
red3,1,4.0,ofdm_fec,4,60,configuration,1024,16,0.5,3,5,6,0,1,16,2704,0,0.0,162240,57630,0.3552144970414201,0,0.05903673,0.0
red3,1,4.0,pfft,4,60,configuration,1024,16,0.5,3,5,6,0,1,16,2704,0,0.0,162240,57651,0.3553439349112426,0,0.05847856333333333,0.0
red3,1,4.0,profiled_cz,4,60,configuration,1024,16,0.5,3,5,6,0,1,16,2704,0,0.0,162240,60936,0.37559171597633134,0,0.31971104833333336,0.0
red3,1,6.0,cwz_joint,4,60,configuration,1024,16,0.5,3,5,6,0,1,16,2704,0,0.0,162240,55232,0.34043392504930964,0,0.2690228816666666,0.0
red3,1,6.0,lite,4,60,configuration,1024,16,0.5,3,5,6,0,1,16,2704,0,0.0,162240,51981,0.3203957100591716,0,0.08783772666666664,0.0
red3,1,6.0,ofdm_fec,4,60,configuration,1024,16,0.5,3,5,6,0,1,16,2704,0,0.0,162240,52098,0.32111686390532546,0,0.06311407333333334,0.0
red3,1,6.0,pfft,4,60,configuration,1024,16,0.5,3,5,6,0,1,16,2704,0,0.0,162240,51932,0.3200936883629191,0,0.057143405,0.0
red3,1,6.0,profiled_cz,4,60,configuration,1024,16,0.5,3,5,6,0,1,16,2704,0,0.0,162240,55725,0.34347263313609466,0,0.3065179083333333,0.0
red3,1,8.0,cwz_joint,4,60,configuration,1024,16,0.5,3,5,6,0,1,16,2704,0,0.0,162240,49593,0.305676775147929,0,0.2967327716666667,0.0
red3,1,8.0,lite,4,60,configuration,1024,16,0.5,3,5,6,0,1,16,2704,0,0.0,162240,46242,0.28502218934911244,0,0.09829119166666664,0.0
red3,1,8.0,ofdm_fec,4,60,configuration,1024,16,0.5,3,5,6,0,1,16,2704,0,0.0,162240,46076,0.2839990138067061,0,0.06593531999999999,0.0
red3,1,8.0,pfft,4,60,configuration,1024,16,0.5,3,5,6,0,1,16,2704,0,0.0,162240,46536,0.28683431952662725,0,0.06992639999999999,0.0
red3,1,8.0,profiled_cz,4,60,configuration,1024,16,0.5,3,5,6,0,1,16,2704,0,0.0,162240,50296,0.31000986193293883,0,0.32082641500000003,0.0
red3,1,10.0,cwz_joint,4,60,configuration,1024,16,0.5,3,5,6,0,1,16,2704,0,0.0,162240,43183,0.2661674063116371,0,0.32145157833333343,0.0
red3,1,10.0,lite,4,60,configuration,1024,16,0.5,3,5,6,0,1,16,2704,0,0.0,162240,40240,0.2480276134122288,0,0.09618305833333335,0.0
red3,1,10.0,ofdm_fec,4,60,configuration,1024,16,0.5,3,5,6,0,1,16,2704,0,0.0,162240,40023,0.24669008875739645,0,0.063608155,0.0
red3,1,10.0,pfft,4,60,configuration,1024,16,0.5,3,5,6,0,1,16,2704,0,0.0,162240,40216,0.24787968441814595,0,0.06303842333333334,0.0
red3,1,10.0,profiled_cz,4,60,configuration,1024,16,0.5,3,5,6,0,1,16,2704,0,0.0,162240,44073,0.27165310650887575,0,0.3320242916666667,0.0
red3,1,12.0,cwz_joint,4,60,configuration,1024,16,0.5,3,5,6,0,1,16,2704,0,0.0,162240,36058,0.2222509861932939,0,0.28805527666666664,0.0
red3,1,12.0,lite,4,60,configuration,1024,16,0.5,3,5,6,0,1,16,2704,0,0.0,162240,34017,0.20967085798816568,0,0.08605588000000002,0.0
red3,1,12.0,ofdm_fec,4,60,configuration,1024,16,0.5,3,5,6,0,1,16,2704,0,0.0,162240,33657,0.2074519230769231,0,0.06915875166666666,0.0
red3,1,12.0,pfft,4,60,configuration,1024,16,0.5,3,5,6,0,1,16,2704,0,0.0,162240,34053,0.20989275147928993,0,0.06511225833333334,0.0
red3,1,12.0,profiled_cz,4,60,configuration,1024,16,0.5,3,5,6,0,1,16,2704,0,0.0,162240,37305,0.2299371301775148,0,0.3168489933333334,0.0
red3,1,14.0,cwz_joint,4,60,configuration,1024,16,0.5,3,5,6,0,1,16,2704,0,0.0,162240,27613,0.17019847140039449,0,0.28162836,0.0
red3,1,14.0,lite,4,60,configuration,1024,16,0.5,3,5,6,0,1,16,2704,0,0.0,162240,27069,0.16684541420118343,0,0.08974788499999999,0.0
red3,1,14.0,ofdm_fec,4,60,configuration,1024,16,0.5,3,5,6,0,1,16,2704,0,0.0,162240,26701,0.16457716962524654,0,0.06537276166666667,0.0
red3,1,14.0,pfft,4,60,configuration,1024,16,0.5,3,5,6,0,1,16,2704,0,0.0,162240,27176,0.16750493096646943,0,0.06117255666666667,0.0
red3,1,14.0,profiled_cz,4,60,configuration,1024,16,0.5,3,5,6,0,1,16,2704,0,0.0,162240,28524,0.1758136094674556,0,0.32799923500000006,0.0
red3,1,16.0,cwz_joint,4,60,configuration,1024,16,0.5,3,5,6,0,1,16,2704,0,0.0,162240,18761,0.11563732741617357,0,0.2960484166666667,0.0
red3,1,16.0,lite,4,60,configuration,1024,16,0.5,3,5,6,0,1,16,2704,0,0.0,162240,19627,0.12097509861932938,0,0.10671979999999999,0.0
red3,1,16.0,ofdm_fec,4,60,configuration,1024,16,0.5,3,5,6,0,1,16,2704,0,0.0,162240,19384,0.11947731755424063,0,0.07388847666666666,0.0
red3,1,16.0,pfft,4,60,configuration,1024,16,0.5,3,5,6,0,1,16,2704,0,0.0,162240,19853,0.1223680966469428,0,0.07310433500000002,0.0
red3,1,16.0,profiled_cz,4,60,configuration,1024,16,0.5,3,5,6,0,1,16,2704,0,0.0,162240,19577,0.12066691321499014,0,0.3513630616666666,0.0
red3,1,18.0,cwz_joint,4,60,configuration,1024,16,0.5,3,5,6,0,1,16,2704,0,0.0,162240,11264,0.06942800788954635,0,0.2787237283333333,0.0
red3,1,18.0,lite,4,60,configuration,1024,16,0.5,3,5,6,0,1,16,2704,0,0.0,162240,12969,0.07993713017751479,0,0.10048195666666665,0.0
red3,1,18.0,ofdm_fec,4,60,configuration,1024,16,0.5,3,5,6,0,1,16,2704,0,0.0,162240,12433,0.07663338264299803,0,0.06817459833333334,0.0
red3,1,18.0,pfft,4,60,configuration,1024,16,0.5,3,5,6,0,1,16,2704,0,0.0,162240,13138,0.08097879684418145,0,0.06907719833333334,0.0
red3,1,18.0,profiled_cz,4,60,configuration,1024,16,0.5,3,5,6,0,1,16,2704,0,0.0,162240,11742,0.07237426035502958,0,0.33664530333333337,0.0
red3,1,20.0,cwz_joint,4,60,configuration,1024,16,0.5,3,5,6,0,1,16,2704,0,0.0,162240,6257,0.03856632149901381,0,0.25950212999999994,0.0
red3,1,20.0,lite,4,60,configuration,1024,16,0.5,3,5,6,0,1,16,2704,0,0.0,162240,7168,0.04418145956607495,0,0.09182037833333333,0.0
red3,1,20.0,ofdm_fec,4,60,configuration,1024,16,0.5,3,5,6,0,1,16,2704,0,0.0,162240,6851,0.042227564102564105,0,0.06711096666666666,0.0
red3,1,20.0,pfft,4,60,configuration,1024,16,0.5,3,5,6,0,1,16,2704,0,0.0,162240,7390,0.04554980276134122,0,0.06840250166666668,0.0
red3,1,20.0,profiled_cz,4,60,configuration,1024,16,0.5,3,5,6,0,1,16,2704,0,0.0,162240,6511,0.0401319033530572,0,0.33687515833333337,0.0
red3,1,22.0,cwz_joint,4,60,configuration,1024,16,0.5,3,5,6,0,1,16,2704,3,0.05,162240,3656,0.022534516765285995,0,0.2540015199999999,139.62134251290877
red3,1,22.0,lite,4,60,configuration,1024,16,0.5,3,5,6,0,1,16,2704,4,0.06666666666666667,162240,4239,0.026127958579881656,0,0.09182499333333334,186.1617900172117
red3,1,22.0,ofdm_fec,4,60,configuration,1024,16,0.5,3,5,6,0,1,16,2704,4,0.06666666666666667,162240,4062,0.02503698224852071,0,0.06834687333333332,186.1617900172117
red3,1,22.0,pfft,4,60,configuration,1024,16,0.5,3,5,6,0,1,16,2704,4,0.06666666666666667,162240,4347,0.026793639053254437,0,0.07291506833333332,186.1617900172117
red3,1,22.0,profiled_cz,4,60,configuration,1024,16,0.5,3,5,6,0,1,16,2704,3,0.05,162240,3784,0.023323471400394476,0,0.32749094,139.62134251290877
red3,1,24.0,cwz_joint,4,60,configuration,1024,16,0.5,3,5,6,0,1,16,2704,8,0.13333333333333333,162240,2301,0.014182692307692308,0,0.22552655000000002,372.3235800344234
red3,1,24.0,lite,4,60,configuration,1024,16,0.5,3,5,6,0,1,16,2704,8,0.13333333333333333,162240,2780,0.017135108481262328,0,0.08594734333333333,372.3235800344234
red3,1,24.0,ofdm_fec,4,60,configuration,1024,16,0.5,3,5,6,0,1,16,2704,8,0.13333333333333333,162240,2634,0.016235207100591717,0,0.05799113333333332,372.3235800344234
red3,1,24.0,pfft,4,60,configuration,1024,16,0.5,3,5,6,0,1,16,2704,8,0.13333333333333333,162240,2799,0.017252218934911242,0,0.05774292666666668,372.3235800344234
red3,1,24.0,profiled_cz,4,60,configuration,1024,16,0.5,3,5,6,0,1,16,2704,8,0.13333333333333333,162240,2359,0.014540187376725838,0,0.27831535333333335,372.3235800344234
red3,1,26.0,cwz_joint,4,60,configuration,1024,16,0.5,3,5,6,0,1,16,2704,9,0.15,162240,1438,0.008863412228796844,0,0.20047905166666666,418.8640275387263
red3,1,26.0,lite,4,60,configuration,1024,16,0.5,3,5,6,0,1,16,2704,10,0.16666666666666666,162240,1741,0.010731015779092702,0,0.08179127333333334,465.40447504302927
red3,1,26.0,ofdm_fec,4,60,configuration,1024,16,0.5,3,5,6,0,1,16,2704,11,0.18333333333333332,162240,1623,0.010003698224852071,0,0.062765765,511.94492254733217
red3,1,26.0,pfft,4,60,configuration,1024,16,0.5,3,5,6,0,1,16,2704,10,0.16666666666666666,162240,1764,0.010872781065088757,0,0.06339158666666665,465.40447504302927
red3,1,26.0,profiled_cz,4,60,configuration,1024,16,0.5,3,5,6,0,1,16,2704,9,0.15,162240,1483,0.009140779092702169,0,0.2554446666666667,418.8640275387263
red3,1,28.0,cwz_joint,4,60,configuration,1024,16,0.5,3,5,6,0,1,16,2704,12,0.2,162240,1005,0.006194526627218935,0,0.21755777666666667,558.4853700516351
red3,1,28.0,lite,4,60,configuration,1024,16,0.5,3,5,6,0,1,16,2704,11,0.18333333333333332,162240,1242,0.007655325443786982,0,0.08972651333333334,511.94492254733217
red3,1,28.0,ofdm_fec,4,60,configuration,1024,16,0.5,3,5,6,0,1,16,2704,12,0.2,162240,1086,0.0066937869822485205,0,0.05613272833333333,558.4853700516351
red3,1,28.0,pfft,4,60,configuration,1024,16,0.5,3,5,6,0,1,16,2704,11,0.18333333333333332,162240,1227,0.007562869822485207,0,0.061036175000000005,511.94492254733217
red3,1,28.0,profiled_cz,4,60,configuration,1024,16,0.5,3,5,6,0,1,16,2704,11,0.18333333333333332,162240,1069,0.006589003944773176,0,0.26931721833333333,511.94492254733217
red3,1,30.0,cwz_joint,4,60,configuration,1024,16,0.5,3,5,6,0,1,16,2704,11,0.18333333333333332,162240,737,0.004542652859960552,0,0.20998611666666672,511.94492254733217
red3,1,30.0,lite,4,60,configuration,1024,16,0.5,3,5,6,0,1,16,2704,10,0.16666666666666666,162240,926,0.005707593688362919,0,0.07851717666666665,465.40447504302927
red3,1,30.0,ofdm_fec,4,60,configuration,1024,16,0.5,3,5,6,0,1,16,2704,11,0.18333333333333332,162240,793,0.004887820512820513,0,0.055324833333333316,511.94492254733217
red3,1,30.0,pfft,4,60,configuration,1024,16,0.5,3,5,6,0,1,16,2704,10,0.16666666666666666,162240,934,0.0057569033530572,0,0.06090647333333333,465.40447504302927
red3,1,30.0,profiled_cz,4,60,configuration,1024,16,0.5,3,5,6,0,1,16,2704,11,0.18333333333333332,162240,800,0.004930966469428008,0,0.2702122833333334,511.94492254733217
red3,2,0.0,cwz_joint,4,60,configuration,1024,16,0.5,3,5,6,0,1,16,2704,0,0.0,162240,67683,0.4171782544378698,0,0.28126168333333335,0.0
red3,2,0.0,lite,4,60,configuration,1024,16,0.5,3,5,6,0,1,16,2704,0,0.0,162240,65428,0.4032790927021696,0,0.09429303333333333,0.0
red3,2,0.0,ofdm_fec,4,60,configuration,1024,16,0.5,3,5,6,0,1,16,2704,0,0.0,162240,65324,0.40263806706114397,0,0.06796236333333332,0.0
red3,2,0.0,pfft,4,60,configuration,1024,16,0.5,3,5,6,0,1,16,2704,0,0.0,162240,65558,0.40408037475345165,0,0.06512662833333333,0.0
red3,2,0.0,profiled_cz,4,60,configuration,1024,16,0.5,3,5,6,0,1,16,2704,0,0.0,162240,67952,0.418836291913215,0,0.3205274266666666,0.0
red3,2,2.0,cwz_joint,4,60,configuration,1024,16,0.5,3,5,6,0,1,16,2704,0,0.0,162240,63439,0.39101947731755426,0,0.2995986016666666,0.0
red3,2,2.0,lite,4,60,configuration,1024,16,0.5,3,5,6,0,1,16,2704,0,0.0,162240,60785,0.37466099605522685,0,0.09373091666666666,0.0
red3,2,2.0,ofdm_fec,4,60,configuration,1024,16,0.5,3,5,6,0,1,16,2704,0,0.0,162240,61048,0.3762820512820513,0,0.06461436666666669,0.0
red3,2,2.0,pfft,4,60,configuration,1024,16,0.5,3,5,6,0,1,16,2704,0,0.0,162240,60869,0.37517874753451674,0,0.06323214833333334,0.0
red3,2,2.0,profiled_cz,4,60,configuration,1024,16,0.5,3,5,6,0,1,16,2704,0,0.0,162240,63889,0.39379314595660747,0,0.3106410983333333,0.0
red3,2,4.0,cwz_joint,4,60,configuration,1024,16,0.5,3,5,6,0,1,16,2704,0,0.0,162240,58481,0.36045981262327415,0,0.3135767366666666,0.0
red3,2,4.0,lite,4,60,configuration,1024,16,0.5,3,5,6,0,1,16,2704,0,0.0,162240,55365,0.3412536982248521,0,0.08813237666666666,0.0
red3,2,4.0,ofdm_fec,4,60,configuration,1024,16,0.5,3,5,6,0,1,16,2704,0,0.0,162240,55287,0.34077292899408285,0,0.06375507833333333,0.0
red3,2,4.0,pfft,4,60,configuration,1024,16,0.5,3,5,6,0,1,16,2704,0,0.0,162240,55315,0.34094551282051283,0,0.06478890666666666,0.0
red3,2,4.0,profiled_cz,4,60,configuration,1024,16,0.5,3,5,6,0,1,16,2704,0,0.0,162240,59061,0.36403476331360946,0,0.30843781000000003,0.0
red3,2,6.0,cwz_joint,4,60,configuration,1024,16,0.5,3,5,6,0,1,16,2704,0,0.0,162240,52795,0.3254129684418146,0,0.2815365416666667,0.0
red3,2,6.0,lite,4,60,configuration,1024,16,0.5,3,5,6,0,1,16,2704,0,0.0,162240,49360,0.3042406311637081,0,0.08543868499999999,0.0
red3,2,6.0,ofdm_fec,4,60,configuration,1024,16,0.5,3,5,6,0,1,16,2704,0,0.0,162240,49387,0.30440705128205126,0,0.058480293333333336,0.0
red3,2,6.0,pfft,4,60,configuration,1024,16,0.5,3,5,6,0,1,16,2704,0,0.0,162240,49288,0.3037968441814596,0,0.06941204166666667,0.0
red3,2,6.0,profiled_cz,4,60,configuration,1024,16,0.5,3,5,6,0,1,16,2704,0,0.0,162240,53302,0.3285379684418146,0,0.3240990733333335,0.0
red3,2,8.0,cwz_joint,4,60,configuration,1024,16,0.5,3,5,6,0,1,16,2704,0,0.0,162240,45897,0.2828957100591716,0,0.2745667466666667,0.0
red3,2,8.0,lite,4,60,configuration,1024,16,0.5,3,5,6,0,1,16,2704,0,0.0,162240,42733,0.26339373767258384,0,0.10224063666666666,0.0
red3,2,8.0,ofdm_fec,4,60,configuration,1024,16,0.5,3,5,6,0,1,16,2704,0,0.0,162240,42882,0.2643121301775148,0,0.066733615,0.0
red3,2,8.0,pfft,4,60,configuration,1024,16,0.5,3,5,6,0,1,16,2704,0,0.0,162240,42822,0.2639423076923077,0,0.06629687833333334,0.0
red3,2,8.0,profiled_cz,4,60,configuration,1024,16,0.5,3,5,6,0,1,16,2704,0,0.0,162240,46763,0.2882334812623274,0,0.30018486,0.0
red3,2,10.0,cwz_joint,4,60,configuration,1024,16,0.5,3,5,6,0,1,16,2704,0,0.0,162240,38737,0.23876356015779093,0,0.3029639966666666,0.0
red3,2,10.0,lite,4,60,configuration,1024,16,0.5,3,5,6,0,1,16,2704,0,0.0,162240,36225,0.22328032544378698,0,0.08882417999999999,0.0
red3,2,10.0,ofdm_fec,4,60,configuration,1024,16,0.5,3,5,6,0,1,16,2704,0,0.0,162240,36162,0.22289201183431953,0,0.06868400833333332,0.0
red3,2,10.0,pfft,4,60,configuration,1024,16,0.5,3,5,6,0,1,16,2704,0,0.0,162240,36551,0.2252896942800789,0,0.059398330000000006,0.0
red3,2,10.0,profiled_cz,4,60,configuration,1024,16,0.5,3,5,6,0,1,16,2704,0,0.0,162240,39831,0.24550665680473374,0,0.30286637000000005,0.0
red3,2,12.0,cwz_joint,4,60,configuration,1024,16,0.5,3,5,6,0,1,16,2704,0,0.0,162240,30030,0.18509615384615385,0,0.29387513833333334,0.0
red3,2,12.0,lite,4,60,configuration,1024,16,0.5,3,5,6,0,1,16,2704,0,0.0,162240,28893,0.17808801775147928,0,0.07860563333333334,0.0
red3,2,12.0,ofdm_fec,4,60,configuration,1024,16,0.5,3,5,6,0,1,16,2704,0,0.0,162240,28675,0.17674432938856016,0,0.06795100999999999,0.0
red3,2,12.0,pfft,4,60,configuration,1024,16,0.5,3,5,6,0,1,16,2704,0,0.0,162240,28937,0.17835922090729783,0,0.06648174333333334,0.0
red3,2,12.0,profiled_cz,4,60,configuration,1024,16,0.5,3,5,6,0,1,16,2704,0,0.0,162240,31191,0.19225221893491123,0,0.2980845600000001,0.0
red3,2,14.0,cwz_joint,4,60,configuration,1024,16,0.5,3,5,6,0,1,16,2704,0,0.0,162240,19919,0.12277490138067061,0,0.2825703583333334,0.0
red3,2,14.0,lite,4,60,configuration,1024,16,0.5,3,5,6,0,1,16,2704,0,0.0,162240,20528,0.12652859960552268,0,0.08263202499999998,0.0
red3,2,14.0,ofdm_fec,4,60,configuration,1024,16,0.5,3,5,6,0,1,16,2704,0,0.0,162240,20559,0.12671967455621302,0,0.06626253833333333,0.0
red3,2,14.0,pfft,4,60,configuration,1024,16,0.5,3,5,6,0,1,16,2704,0,0.0,162240,20721,0.12771819526627218,0,0.060319998333333354,0.0
red3,2,14.0,profiled_cz,4,60,configuration,1024,16,0.5,3,5,6,0,1,16,2704,0,0.0,162240,20939,0.12906188362919133,0,0.30269372,0.0
red3,2,16.0,cwz_joint,4,60,configuration,1024,16,0.5,3,5,6,0,1,16,2704,0,0.0,162240,10472,0.06454635108481262,0,0.27211011333333335,0.0
red3,2,16.0,lite,4,60,configuration,1024,16,0.5,3,5,6,0,1,16,2704,0,0.0,162240,11793,0.07268860946745562,0,0.08696271000000003,0.0
red3,2,16.0,ofdm_fec,4,60,configuration,1024,16,0.5,3,5,6,0,1,16,2704,0,0.0,162240,11650,0.07180719921104536,0,0.06318361833333334,0.0
red3,2,16.0,pfft,4,60,configuration,1024,16,0.5,3,5,6,0,1,16,2704,0,0.0,162240,12142,0.07483974358974359,0,0.06885646833333334,0.0
red3,2,16.0,profiled_cz,4,60,configuration,1024,16,0.5,3,5,6,0,1,16,2704,0,0.0,162240,10885,0.06709196252465484,0,0.3316592666666667,0.0
red3,2,18.0,cwz_joint,4,60,configuration,1024,16,0.5,3,5,6,0,1,16,2704,2,0.03333333333333333,162240,4679,0.02883999013806706,0,0.24476839166666667,93.08089500860585
red3,2,18.0,lite,4,60,configuration,1024,16,0.5,3,5,6,0,1,16,2704,2,0.03333333333333333,162240,5430,0.0334689349112426,0,0.09300525666666666,93.08089500860585
red3,2,18.0,ofdm_fec,4,60,configuration,1024,16,0.5,3,5,6,0,1,16,2704,1,0.016666666666666666,162240,5293,0.03262450690335306,0,0.060076975000000005,46.540447504302925
red3,2,18.0,pfft,4,60,configuration,1024,16,0.5,3,5,6,0,1,16,2704,2,0.03333333333333333,162240,5530,0.034085305719921105,0,0.06405271833333333,93.08089500860585
red3,2,18.0,profiled_cz,4,60,configuration,1024,16,0.5,3,5,6,0,1,16,2704,2,0.03333333333333333,162240,4863,0.029974112426035503,0,0.3094590883333334,93.08089500860585
red3,2,20.0,cwz_joint,4,60,configuration,1024,16,0.5,3,5,6,0,1,16,2704,7,0.11666666666666667,162240,2469,0.015218195266272189,0,0.22489608000000003,325.7831325301205
red3,2,20.0,lite,4,60,configuration,1024,16,0.5,3,5,6,0,1,16,2704,5,0.08333333333333333,162240,2815,0.0173508382642998,0,0.08426721833333334,232.70223752151463
red3,2,20.0,ofdm_fec,4,60,configuration,1024,16,0.5,3,5,6,0,1,16,2704,4,0.06666666666666667,162240,2538,0.015643491124260354,0,0.07007314333333334,186.1617900172117
red3,2,20.0,pfft,4,60,configuration,1024,16,0.5,3,5,6,0,1,16,2704,5,0.08333333333333333,162240,2837,0.017486439842209073,0,0.06948682333333332,232.70223752151463
red3,2,20.0,profiled_cz,4,60,configuration,1024,16,0.5,3,5,6,0,1,16,2704,7,0.11666666666666667,162240,2546,0.015692800788954634,0,0.29349723500000013,325.7831325301205
red3,2,22.0,cwz_joint,4,60,configuration,1024,16,0.5,3,5,6,0,1,16,2704,11,0.18333333333333332,162240,1440,0.008875739644970414,0,0.22126155666666672,511.94492254733217
red3,2,22.0,lite,4,60,configuration,1024,16,0.5,3,5,6,0,1,16,2704,10,0.16666666666666666,162240,1724,0.010626232741617357,0,0.08758087166666666,465.40447504302927
red3,2,22.0,ofdm_fec,4,60,configuration,1024,16,0.5,3,5,6,0,1,16,2704,12,0.2,162240,1545,0.00952292899408284,0,0.06761986999999998,558.4853700516351
red3,2,22.0,pfft,4,60,configuration,1024,16,0.5,3,5,6,0,1,16,2704,10,0.16666666666666666,162240,1744,0.010749506903353058,0,0.06505642833333333,465.40447504302927
red3,2,22.0,profiled_cz,4,60,configuration,1024,16,0.5,3,5,6,0,1,16,2704,11,0.18333333333333332,162240,1564,0.009640039447731756,0,0.2774131633333334,511.94492254733217
red3,2,24.0,cwz_joint,4,60,configuration,1024,16,0.5,3,5,6,0,1,16,2704,19,0.31666666666666665,162240,992,0.00611439842209073,0,0.22482845833333334,884.2685025817556
red3,2,24.0,lite,4,60,configuration,1024,16,0.5,3,5,6,0,1,16,2704,17,0.2833333333333333,162240,1142,0.0070389546351084815,0,0.08648909666666667,791.1876075731498
red3,2,24.0,ofdm_fec,4,60,configuration,1024,16,0.5,3,5,6,0,1,16,2704,18,0.3,162240,1096,0.006755424063116371,0,0.06347495833333333,837.7280550774526
red3,2,24.0,pfft,4,60,configuration,1024,16,0.5,3,5,6,0,1,16,2704,16,0.26666666666666666,162240,1203,0.007414940828402367,0,0.07053448333333331,744.6471600688468
red3,2,24.0,profiled_cz,4,60,configuration,1024,16,0.5,3,5,6,0,1,16,2704,19,0.31666666666666665,162240,1053,0.006490384615384616,0,0.2599046133333333,884.2685025817556
red3,2,26.0,cwz_joint,4,60,configuration,1024,16,0.5,3,5,6,0,1,16,2704,25,0.4166666666666667,162240,830,0.005115877712031558,0,0.21038296833333325,1163.5111876075732
red3,2,26.0,lite,4,60,configuration,1024,16,0.5,3,5,6,0,1,16,2704,24,0.4,162240,937,0.005775394477317554,0,0.08910114333333334,1116.9707401032701
red3,2,26.0,ofdm_fec,4,60,configuration,1024,16,0.5,3,5,6,0,1,16,2704,26,0.43333333333333335,162240,839,0.005171351084812623,0,0.06740851666666668,1210.051635111876
red3,2,26.0,pfft,4,60,configuration,1024,16,0.5,3,5,6,0,1,16,2704,23,0.38333333333333336,162240,948,0.005843195266272189,0,0.07355274333333334,1070.4302925989673
red3,2,26.0,profiled_cz,4,60,configuration,1024,16,0.5,3,5,6,0,1,16,2704,25,0.4166666666666667,162240,862,0.005313116370808679,0,0.2408060416666666,1163.5111876075732
red3,2,28.0,cwz_joint,4,60,configuration,1024,16,0.5,3,5,6,0,1,16,2704,28,0.4666666666666667,162240,617,0.0038030078895463513,0,0.19223581833333328,1303.132530120482
red3,2,28.0,lite,4,60,configuration,1024,16,0.5,3,5,6,0,1,16,2704,25,0.4166666666666667,162240,807,0.004974112426035503,0,0.08090073500000002,1163.5111876075732
red3,2,28.0,ofdm_fec,4,60,configuration,1024,16,0.5,3,5,6,0,1,16,2704,30,0.5,162240,691,0.004259122287968442,0,0.07961716166666669,1396.2134251290877
red3,2,28.0,pfft,4,60,configuration,1024,16,0.5,3,5,6,0,1,16,2704,24,0.4,162240,810,0.004992603550295858,0,0.06122971666666666,1116.9707401032701
red3,2,28.0,profiled_cz,4,60,configuration,1024,16,0.5,3,5,6,0,1,16,2704,28,0.4666666666666667,162240,641,0.003950936883629191,0,0.23009127833333334,1303.132530120482
red3,2,30.0,cwz_joint,4,60,configuration,1024,16,0.5,3,5,6,0,1,16,2704,29,0.48333333333333334,162240,504,0.003106508875739645,0,0.19032297666666667,1349.6729776247848
red3,2,30.0,lite,4,60,configuration,1024,16,0.5,3,5,6,0,1,16,2704,29,0.48333333333333334,162240,657,0.004049556213017751,0,0.07673431999999998,1349.6729776247848
red3,2,30.0,ofdm_fec,4,60,configuration,1024,16,0.5,3,5,6,0,1,16,2704,33,0.55,162240,601,0.003704388560157791,0,0.06628392666666667,1535.8347676419965
red3,2,30.0,pfft,4,60,configuration,1024,16,0.5,3,5,6,0,1,16,2704,28,0.4666666666666667,162240,655,0.004037228796844181,0,0.06657937500000001,1303.132530120482
red3,2,30.0,profiled_cz,4,60,configuration,1024,16,0.5,3,5,6,0,1,16,2704,29,0.48333333333333334,162240,510,0.003143491124260355,0,0.2384101866666666,1349.6729776247848
red3,3,0.0,cwz_joint,4,60,configuration,1024,16,0.5,3,5,6,0,1,16,2704,0,0.0,162240,67727,0.41744945759368834,0,0.2856461466666667,0.0
red3,3,0.0,lite,4,60,configuration,1024,16,0.5,3,5,6,0,1,16,2704,0,0.0,162240,65817,0.405676775147929,0,0.09112838333333333,0.0
red3,3,0.0,ofdm_fec,4,60,configuration,1024,16,0.5,3,5,6,0,1,16,2704,0,0.0,162240,65848,0.4058678500986193,0,0.06484264499999999,0.0
red3,3,0.0,pfft,4,60,configuration,1024,16,0.5,3,5,6,0,1,16,2704,0,0.0,162240,65859,0.40593565088757394,0,0.0667168,0.0
red3,3,0.0,profiled_cz,4,60,configuration,1024,16,0.5,3,5,6,0,1,16,2704,0,0.0,162240,68099,0.4197423570019724,0,0.3111751633333333,0.0
red3,3,2.0,cwz_joint,4,60,configuration,1024,16,0.5,3,5,6,0,1,16,2704,0,0.0,162240,63514,0.3914817554240631,0,0.28169212166666663,0.0
red3,3,2.0,lite,4,60,configuration,1024,16,0.5,3,5,6,0,1,16,2704,0,0.0,162240,61005,0.3760170118343195,0,0.08833356166666669,0.0
red3,3,2.0,ofdm_fec,4,60,configuration,1024,16,0.5,3,5,6,0,1,16,2704,0,0.0,162240,60864,0.37514792899408284,0,0.06602940999999998,0.0
red3,3,2.0,pfft,4,60,configuration,1024,16,0.5,3,5,6,0,1,16,2704,0,0.0,162240,60967,0.3757827909270217,0,0.06216522666666666,0.0
red3,3,2.0,profiled_cz,4,60,configuration,1024,16,0.5,3,5,6,0,1,16,2704,0,0.0,162240,63696,0.392603550295858,0,0.32717226333333344,0.0
red3,3,4.0,cwz_joint,4,60,configuration,1024,16,0.5,3,5,6,0,1,16,2704,0,0.0,162240,58763,0.36219797830374756,0,0.29498654333333335,0.0
red3,3,4.0,lite,4,60,configuration,1024,16,0.5,3,5,6,0,1,16,2704,0,0.0,162240,55807,0.34397805719921104,0,0.08901118333333334,0.0
red3,3,4.0,ofdm_fec,4,60,configuration,1024,16,0.5,3,5,6,0,1,16,2704,0,0.0,162240,55629,0.3428809171597633,0,0.06678588833333333,0.0
red3,3,4.0,pfft,4,60,configuration,1024,16,0.5,3,5,6,0,1,16,2704,0,0.0,162240,55780,0.34381163708086787,0,0.058060981666666664,0.0
red3,3,4.0,profiled_cz,4,60,configuration,1024,16,0.5,3,5,6,0,1,16,2704,0,0.0,162240,59304,0.3655325443786982,0,0.32021263166666675,0.0
red3,3,6.0,cwz_joint,4,60,configuration,1024,16,0.5,3,5,6,0,1,16,2704,0,0.0,162240,52671,0.32464866863905323,0,0.2885731066666667,0.0
red3,3,6.0,lite,4,60,configuration,1024,16,0.5,3,5,6,0,1,16,2704,0,0.0,162240,49267,0.3036674063116371,0,0.09101891499999999,0.0
red3,3,6.0,ofdm_fec,4,60,configuration,1024,16,0.5,3,5,6,0,1,16,2704,0,0.0,162240,49641,0.3059726331360947,0,0.06498616333333333,0.0
red3,3,6.0,pfft,4,60,configuration,1024,16,0.5,3,5,6,0,1,16,2704,0,0.0,162240,49565,0.30550419132149903,0,0.057660228333333334,0.0
red3,3,6.0,profiled_cz,4,60,configuration,1024,16,0.5,3,5,6,0,1,16,2704,0,0.0,162240,53317,0.3286304240631164,0,0.31271520333333336,0.0
red3,3,8.0,cwz_joint,4,60,configuration,1024,16,0.5,3,5,6,0,1,16,2704,0,0.0,162240,46000,0.28353057199211046,0,0.2736249233333333,0.0
red3,3,8.0,lite,4,60,configuration,1024,16,0.5,3,5,6,0,1,16,2704,0,0.0,162240,42989,0.2649716469428008,0,0.08254315666666666,0.0
red3,3,8.0,ofdm_fec,4,60,configuration,1024,16,0.5,3,5,6,0,1,16,2704,0,0.0,162240,43108,0.2657051282051282,0,0.065998815,0.0
red3,3,8.0,pfft,4,60,configuration,1024,16,0.5,3,5,6,0,1,16,2704,0,0.0,162240,43093,0.2656126725838264,0,0.059354743333333335,0.0
red3,3,8.0,profiled_cz,4,60,configuration,1024,16,0.5,3,5,6,0,1,16,2704,0,0.0,162240,46942,0.28933678500986193,0,0.3211461983333334,0.0
red3,3,10.0,cwz_joint,4,60,configuration,1024,16,0.5,3,5,6,0,1,16,2704,0,0.0,162240,38648,0.23821499013806707,0,0.2720134766666667,0.0
red3,3,10.0,lite,4,60,configuration,1024,16,0.5,3,5,6,0,1,16,2704,0,0.0,162240,36237,0.2233542899408284,0,0.08075957166666665,0.0
red3,3,10.0,ofdm_fec,4,60,configuration,1024,16,0.5,3,5,6,0,1,16,2704,0,0.0,162240,36175,0.22297214003944774,0,0.06929718333333332,0.0
red3,3,10.0,pfft,4,60,configuration,1024,16,0.5,3,5,6,0,1,16,2704,0,0.0,162240,36267,0.22353920118343196,0,0.05789240500000001,0.0
red3,3,10.0,profiled_cz,4,60,configuration,1024,16,0.5,3,5,6,0,1,16,2704,0,0.0,162240,39832,0.2455128205128205,0,0.32643213833333334,0.0
red3,3,12.0,cwz_joint,4,60,configuration,1024,16,0.5,3,5,6,0,1,16,2704,0,0.0,162240,29813,0.1837586291913215,0,0.28368342999999996,0.0
red3,3,12.0,lite,4,60,configuration,1024,16,0.5,3,5,6,0,1,16,2704,0,0.0,162240,29113,0.179444033530572,0,0.08112937999999997,0.0
red3,3,12.0,ofdm_fec,4,60,configuration,1024,16,0.5,3,5,6,0,1,16,2704,0,0.0,162240,28839,0.1777551775147929,0,0.06741588,0.0
red3,3,12.0,pfft,4,60,configuration,1024,16,0.5,3,5,6,0,1,16,2704,0,0.0,162240,29286,0.1805103550295858,0,0.06265800666666667,0.0
red3,3,12.0,profiled_cz,4,60,configuration,1024,16,0.5,3,5,6,0,1,16,2704,0,0.0,162240,30874,0.19029832347140038,0,0.32430214999999996,0.0
red3,3,14.0,cwz_joint,4,60,configuration,1024,16,0.5,3,5,6,0,1,16,2704,0,0.0,162240,19104,0.11775147928994083,0,0.2727888433333333,0.0
red3,3,14.0,lite,4,60,configuration,1024,16,0.5,3,5,6,0,1,16,2704,0,0.0,162240,20081,0.12377342209072978,0,0.10001842833333333,0.0
red3,3,14.0,ofdm_fec,4,60,configuration,1024,16,0.5,3,5,6,0,1,16,2704,0,0.0,162240,19765,0.12182569033530571,0,0.07414848500000001,0.0
red3,3,14.0,pfft,4,60,configuration,1024,16,0.5,3,5,6,0,1,16,2704,0,0.0,162240,20254,0.12483974358974359,0,0.06641646,0.0
red3,3,14.0,profiled_cz,4,60,configuration,1024,16,0.5,3,5,6,0,1,16,2704,0,0.0,162240,19947,0.1229474852071006,0,0.3123835133333333,0.0
red3,3,16.0,cwz_joint,4,60,configuration,1024,16,0.5,3,5,6,0,1,16,2704,1,0.016666666666666666,162240,10766,0.06635848126232742,0,0.2724759033333333,46.540447504302925
red3,3,16.0,lite,4,60,configuration,1024,16,0.5,3,5,6,0,1,16,2704,0,0.0,162240,11716,0.07221400394477318,0,0.09359155666666666,0.0
red3,3,16.0,ofdm_fec,4,60,configuration,1024,16,0.5,3,5,6,0,1,16,2704,1,0.016666666666666666,162240,11326,0.06981015779092702,0,0.07538092666666665,46.540447504302925
red3,3,16.0,pfft,4,60,configuration,1024,16,0.5,3,5,6,0,1,16,2704,0,0.0,162240,11909,0.07340359960552269,0,0.07392750666666666,0.0
red3,3,16.0,profiled_cz,4,60,configuration,1024,16,0.5,3,5,6,0,1,16,2704,1,0.016666666666666666,162240,11073,0.06825073964497042,0,0.3164878566666667,46.540447504302925
red3,3,18.0,cwz_joint,4,60,configuration,1024,16,0.5,3,5,6,0,1,16,2704,4,0.06666666666666667,162240,6270,0.038646449704142015,0,0.25753451499999996,186.1617900172117
red3,3,18.0,lite,4,60,configuration,1024,16,0.5,3,5,6,0,1,16,2704,4,0.06666666666666667,162240,6908,0.042578895463510846,0,0.08534563833333335,186.1617900172117
red3,3,18.0,ofdm_fec,4,60,configuration,1024,16,0.5,3,5,6,0,1,16,2704,4,0.06666666666666667,162240,6836,0.042135108481262326,0,0.06360016,186.1617900172117
red3,3,18.0,pfft,4,60,configuration,1024,16,0.5,3,5,6,0,1,16,2704,4,0.06666666666666667,162240,7133,0.04396572978303748,0,0.07094244,186.1617900172117
red3,3,18.0,profiled_cz,4,60,configuration,1024,16,0.5,3,5,6,0,1,16,2704,4,0.06666666666666667,162240,6555,0.04040310650887574,0,0.2940756000000001,186.1617900172117
red3,3,20.0,cwz_joint,4,60,configuration,1024,16,0.5,3,5,6,0,1,16,2704,12,0.2,162240,4228,0.026060157790927022,0,0.22717214999999996,558.4853700516351
red3,3,20.0,lite,4,60,configuration,1024,16,0.5,3,5,6,0,1,16,2704,11,0.18333333333333332,162240,4515,0.02782914201183432,0,0.08855388166666665,511.94492254733217
red3,3,20.0,ofdm_fec,4,60,configuration,1024,16,0.5,3,5,6,0,1,16,2704,14,0.23333333333333334,162240,4548,0.028032544378698225,0,0.06292037166666667,651.566265060241
red3,3,20.0,pfft,4,60,configuration,1024,16,0.5,3,5,6,0,1,16,2704,12,0.2,162240,4710,0.029031065088757396,0,0.06454050666666668,558.4853700516351
red3,3,20.0,profiled_cz,4,60,configuration,1024,16,0.5,3,5,6,0,1,16,2704,12,0.2,162240,4456,0.027465483234714004,0,0.2767358233333334,558.4853700516351
red3,3,22.0,cwz_joint,4,60,configuration,1024,16,0.5,3,5,6,0,1,16,2704,22,0.36666666666666664,162240,3285,0.020247781065088757,0,0.22351256166666664,1023.8898450946643
red3,3,22.0,lite,4,60,configuration,1024,16,0.5,3,5,6,0,1,16,2704,22,0.36666666666666664,162240,3448,0.021252465483234714,0,0.09531691166666668,1023.8898450946643
red3,3,22.0,ofdm_fec,4,60,configuration,1024,16,0.5,3,5,6,0,1,16,2704,24,0.4,162240,3352,0.02066074950690335,0,0.06789231166666666,1116.9707401032701
red3,3,22.0,pfft,4,60,configuration,1024,16,0.5,3,5,6,0,1,16,2704,21,0.35,162240,3491,0.02151750493096647,0,0.07220014333333333,977.3493975903614
red3,3,22.0,profiled_cz,4,60,configuration,1024,16,0.5,3,5,6,0,1,16,2704,22,0.36666666666666664,162240,3383,0.02085182445759369,0,0.2574257816666667,1023.8898450946643
red3,3,24.0,cwz_joint,4,60,configuration,1024,16,0.5,3,5,6,0,1,16,2704,29,0.48333333333333334,162240,2537,0.01563732741617357,0,0.20897601500000004,1349.6729776247848
red3,3,24.0,lite,4,60,configuration,1024,16,0.5,3,5,6,0,1,16,2704,29,0.48333333333333334,162240,2755,0.016981015779092702,0,0.07463025333333333,1349.6729776247848
red3,3,24.0,ofdm_fec,4,60,configuration,1024,16,0.5,3,5,6,0,1,16,2704,29,0.48333333333333334,162240,2578,0.015890039447731756,0,0.06552168833333333,1349.6729776247848
red3,3,24.0,pfft,4,60,configuration,1024,16,0.5,3,5,6,0,1,16,2704,29,0.48333333333333334,162240,2712,0.016715976331360946,0,0.05668875499999999,1349.6729776247848
red3,3,24.0,profiled_cz,4,60,configuration,1024,16,0.5,3,5,6,0,1,16,2704,29,0.48333333333333334,162240,2628,0.016198224852071005,0,0.23934435999999995,1349.6729776247848
red3,3,26.0,cwz_joint,4,60,configuration,1024,16,0.5,3,5,6,0,1,16,2704,30,0.5,162240,1762,0.010860453648915188,0,0.19722209166666665,1396.2134251290877
red3,3,26.0,lite,4,60,configuration,1024,16,0.5,3,5,6,0,1,16,2704,29,0.48333333333333334,162240,2037,0.012555473372781066,0,0.08605194000000001,1349.6729776247848
red3,3,26.0,ofdm_fec,4,60,configuration,1024,16,0.5,3,5,6,0,1,16,2704,30,0.5,162240,1890,0.01164940828402367,0,0.05966172166666666,1396.2134251290877
red3,3,26.0,pfft,4,60,configuration,1024,16,0.5,3,5,6,0,1,16,2704,29,0.48333333333333334,162240,2043,0.012592455621301775,0,0.06629743666666665,1349.6729776247848
red3,3,26.0,profiled_cz,4,60,configuration,1024,16,0.5,3,5,6,0,1,16,2704,30,0.5,162240,1874,0.011550788954635108,0,0.24441833666666662,1396.2134251290877
red3,3,28.0,cwz_joint,4,60,configuration,1024,16,0.5,3,5,6,0,1,16,2704,33,0.55,162240,1282,0.007901873767258382,0,0.19842970999999998,1535.8347676419965
red3,3,28.0,lite,4,60,configuration,1024,16,0.5,3,5,6,0,1,16,2704,34,0.5666666666666667,162240,1491,0.00919008875739645,0,0.07627875833333332,1582.3752151462995
red3,3,28.0,ofdm_fec,4,60,configuration,1024,16,0.5,3,5,6,0,1,16,2704,37,0.6166666666666667,162240,1398,0.008616863905325444,0,0.06433202333333334,1721.9965576592083
red3,3,28.0,pfft,4,60,configuration,1024,16,0.5,3,5,6,0,1,16,2704,33,0.55,162240,1578,0.009726331360946746,0,0.05988241833333334,1535.8347676419965
red3,3,28.0,profiled_cz,4,60,configuration,1024,16,0.5,3,5,6,0,1,16,2704,33,0.55,162240,1325,0.008166913214990138,0,0.24435589500000002,1535.8347676419965
red3,3,30.0,cwz_joint,4,60,configuration,1024,16,0.5,3,5,6,0,1,16,2704,39,0.65,162240,1053,0.006490384615384616,0,0.19842330000000002,1815.077452667814
red3,3,30.0,lite,4,60,configuration,1024,16,0.5,3,5,6,0,1,16,2704,38,0.6333333333333333,162240,1191,0.007340976331360946,0,0.08094273166666668,1768.5370051635111
red3,3,30.0,ofdm_fec,4,60,configuration,1024,16,0.5,3,5,6,0,1,16,2704,38,0.6333333333333333,162240,1152,0.007100591715976331,0,0.06511461333333332,1768.5370051635111
red3,3,30.0,pfft,4,60,configuration,1024,16,0.5,3,5,6,0,1,16,2704,37,0.6166666666666667,162240,1242,0.007655325443786982,0,0.061638835,1721.9965576592083
red3,3,30.0,profiled_cz,4,60,configuration,1024,16,0.5,3,5,6,0,1,16,2704,39,0.65,162240,1093,0.006736932938856016,0,0.2212411016666667,1815.077452667814
red4,1,0.0,cwz_joint,4,60,configuration,1024,16,0.5,3,5,6,0,1,16,2704,0,0.0,162240,67827,0.4180658284023669,0,0.3743282049999999,0.0
red4,1,0.0,lite,4,60,configuration,1024,16,0.5,3,5,6,0,1,16,2704,0,0.0,162240,65671,0.4047768737672584,0,0.11510486833333335,0.0
red4,1,0.0,ofdm_fec,4,60,configuration,1024,16,0.5,3,5,6,0,1,16,2704,0,0.0,162240,65899,0.40618219921104537,0,0.08283525,0.0
red4,1,0.0,pfft,4,60,configuration,1024,16,0.5,3,5,6,0,1,16,2704,0,0.0,162240,65628,0.40451183431952664,0,0.08344505166666667,0.0
red4,1,0.0,profiled_cz,4,60,configuration,1024,16,0.5,3,5,6,0,1,16,2704,0,0.0,162240,68074,0.4195882642998028,0,0.41174688,0.0
red4,1,2.0,cwz_joint,4,60,configuration,1024,16,0.5,3,5,6,0,1,16,2704,0,0.0,162240,63021,0.3884430473372781,0,0.4222072583333334,0.0
red4,1,2.0,lite,4,60,configuration,1024,16,0.5,3,5,6,0,1,16,2704,0,0.0,162240,60486,0.3728180473372781,0,0.13601668666666666,0.0
red4,1,2.0,ofdm_fec,4,60,configuration,1024,16,0.5,3,5,6,0,1,16,2704,0,0.0,162240,60528,0.3730769230769231,0,0.09962941166666667,0.0
red4,1,2.0,pfft,4,60,configuration,1024,16,0.5,3,5,6,0,1,16,2704,0,0.0,162240,60556,0.37324950690335307,0,0.09108064833333336,0.0
red4,1,2.0,profiled_cz,4,60,configuration,1024,16,0.5,3,5,6,0,1,16,2704,0,0.0,162240,63522,0.3915310650887574,0,0.50223746,0.0
red4,1,4.0,cwz_joint,4,60,configuration,1024,16,0.5,3,5,6,0,1,16,2704,0,0.0,162240,57233,0.3527675049309665,0,0.4367968616666667,0.0
red4,1,4.0,lite,4,60,configuration,1024,16,0.5,3,5,6,0,1,16,2704,0,0.0,162240,54447,0.33559541420118344,0,0.13069134333333335,0.0
red4,1,4.0,ofdm_fec,4,60,configuration,1024,16,0.5,3,5,6,0,1,16,2704,0,0.0,162240,54236,0.3342948717948718,0,0.11501694666666668,0.0
red4,1,4.0,pfft,4,60,configuration,1024,16,0.5,3,5,6,0,1,16,2704,0,0.0,162240,54380,0.33518244575936884,0,0.10011375833333333,0.0
red4,1,4.0,profiled_cz,4,60,configuration,1024,16,0.5,3,5,6,0,1,16,2704,0,0.0,162240,57760,0.35601577909270216,0,0.4650715633333332,0.0
red4,1,6.0,cwz_joint,4,60,configuration,1024,16,0.5,3,5,6,0,1,16,2704,0,0.0,162240,50968,0.3141518737672584,0,0.35624612166666664,0.0
red4,1,6.0,lite,4,60,configuration,1024,16,0.5,3,5,6,0,1,16,2704,0,0.0,162240,47952,0.2955621301775148,0,0.12647700666666667,0.0
red4,1,6.0,ofdm_fec,4,60,configuration,1024,16,0.5,3,5,6,0,1,16,2704,0,0.0,162240,47654,0.29372534516765286,0,0.08573268166666664,0.0
red4,1,6.0,pfft,4,60,configuration,1024,16,0.5,3,5,6,0,1,16,2704,0,0.0,162240,47777,0.29448348126232743,0,0.08119298666666666,0.0
red4,1,6.0,profiled_cz,4,60,configuration,1024,16,0.5,3,5,6,0,1,16,2704,0,0.0,162240,51587,0.3179672090729783,0,0.42386523666666664,0.0
red4,1,8.0,cwz_joint,4,60,configuration,1024,16,0.5,3,5,6,0,1,16,2704,0,0.0,162240,43092,0.26560650887573967,0,0.35210279333333333,0.0
red4,1,8.0,lite,4,60,configuration,1024,16,0.5,3,5,6,0,1,16,2704,0,0.0,162240,40604,0.2502712031558185,0,0.10670412166666667,0.0
red4,1,8.0,ofdm_fec,4,60,configuration,1024,16,0.5,3,5,6,0,1,16,2704,0,0.0,162240,40664,0.25064102564102564,0,0.07502950500000001,0.0
red4,1,8.0,pfft,4,60,configuration,1024,16,0.5,3,5,6,0,1,16,2704,0,0.0,162240,40766,0.2512697238658777,0,0.07057717333333333,0.0
red4,1,8.0,profiled_cz,4,60,configuration,1024,16,0.5,3,5,6,0,1,16,2704,0,0.0,162240,44346,0.27333579881656805,0,0.3873233700000001,0.0
red4,1,10.0,cwz_joint,4,60,configuration,1024,16,0.5,3,5,6,0,1,16,2704,0,0.0,162240,33864,0.20872781065088758,0,0.36011488166666655,0.0
red4,1,10.0,lite,4,60,configuration,1024,16,0.5,3,5,6,0,1,16,2704,0,0.0,162240,32499,0.20031434911242604,0,0.11426459500000001,0.0
red4,1,10.0,ofdm_fec,4,60,configuration,1024,16,0.5,3,5,6,0,1,16,2704,0,0.0,162240,32367,0.19950073964497042,0,0.08246370499999998,0.0
red4,1,10.0,pfft,4,60,configuration,1024,16,0.5,3,5,6,0,1,16,2704,0,0.0,162240,32506,0.20035749506903353,0,0.08196801666666666,0.0
red4,1,10.0,profiled_cz,4,60,configuration,1024,16,0.5,3,5,6,0,1,16,2704,0,0.0,162240,35010,0.2157914201183432,0,0.40528386,0.0
red4,1,12.0,cwz_joint,4,60,configuration,1024,16,0.5,3,5,6,0,1,16,2704,0,0.0,162240,23292,0.14356508875739646,0,0.34167322999999994,0.0
red4,1,12.0,lite,4,60,configuration,1024,16,0.5,3,5,6,0,1,16,2704,0,0.0,162240,23192,0.14294871794871794,0,0.11623777333333334,0.0
red4,1,12.0,ofdm_fec,4,60,configuration,1024,16,0.5,3,5,6,0,1,16,2704,0,0.0,162240,23216,0.14309664694280078,0,0.07402957499999999,0.0
red4,1,12.0,pfft,4,60,configuration,1024,16,0.5,3,5,6,0,1,16,2704,0,0.0,162240,23555,0.14518614398422092,0,0.08285941333333333,0.0
red4,1,12.0,profiled_cz,4,60,configuration,1024,16,0.5,3,5,6,0,1,16,2704,0,0.0,162240,24330,0.1499630177514793,0,0.40412933333333334,0.0
red4,1,14.0,cwz_joint,4,60,configuration,1024,16,0.5,3,5,6,0,1,16,2704,1,0.016666666666666666,162240,14045,0.08656928007889546,0,0.30643449499999986,46.540447504302925
red4,1,14.0,lite,4,60,configuration,1024,16,0.5,3,5,6,0,1,16,2704,1,0.016666666666666666,162240,14898,0.09182692307692308,0,0.09907614666666667,46.540447504302925
red4,1,14.0,ofdm_fec,4,60,configuration,1024,16,0.5,3,5,6,0,1,16,2704,1,0.016666666666666666,162240,14656,0.0903353057199211,0,0.08239986,46.540447504302925
red4,1,14.0,pfft,4,60,configuration,1024,16,0.5,3,5,6,0,1,16,2704,1,0.016666666666666666,162240,15024,0.09260355029585798,0,0.08378601999999999,46.540447504302925
red4,1,14.0,profiled_cz,4,60,configuration,1024,16,0.5,3,5,6,0,1,16,2704,1,0.016666666666666666,162240,14858,0.09158037475345168,0,0.3873725183333333,46.540447504302925
red4,1,16.0,cwz_joint,4,60,configuration,1024,16,0.5,3,5,6,0,1,16,2704,7,0.11666666666666667,162240,6390,0.03938609467455621,0,0.3030503349999999,325.7831325301205
red4,1,16.0,lite,4,60,configuration,1024,16,0.5,3,5,6,0,1,16,2704,6,0.1,162240,7901,0.048699457593688364,0,0.10693658666666668,279.24268502581754
red4,1,16.0,ofdm_fec,4,60,configuration,1024,16,0.5,3,5,6,0,1,16,2704,4,0.06666666666666667,162240,7621,0.04697361932938856,0,0.08137808333333332,186.1617900172117
red4,1,16.0,pfft,4,60,configuration,1024,16,0.5,3,5,6,0,1,16,2704,5,0.08333333333333333,162240,8142,0.05018491124260355,0,0.07555004333333333,232.70223752151463
red4,1,16.0,profiled_cz,4,60,configuration,1024,16,0.5,3,5,6,0,1,16,2704,7,0.11666666666666667,162240,6704,0.0413214990138067,0,0.38016627333333325,325.7831325301205
red4,1,18.0,cwz_joint,4,60,configuration,1024,16,0.5,3,5,6,0,1,16,2704,14,0.23333333333333334,162240,2041,0.012580128205128206,0,0.2832755433333333,651.566265060241
red4,1,18.0,lite,4,60,configuration,1024,16,0.5,3,5,6,0,1,16,2704,14,0.23333333333333334,162240,2478,0.015273668639053254,0,0.10253924999999998,651.566265060241
red4,1,18.0,ofdm_fec,4,60,configuration,1024,16,0.5,3,5,6,0,1,16,2704,15,0.25,162240,2404,0.014817554240631164,0,0.07542291666666666,698.1067125645438
red4,1,18.0,pfft,4,60,configuration,1024,16,0.5,3,5,6,0,1,16,2704,14,0.23333333333333334,162240,2587,0.01594551282051282,0,0.0760067483333333,651.566265060241
red4,1,18.0,profiled_cz,4,60,configuration,1024,16,0.5,3,5,6,0,1,16,2704,14,0.23333333333333334,162240,2086,0.01285749506903353,0,0.32864606999999996,651.566265060241
red4,1,20.0,cwz_joint,4,60,configuration,1024,16,0.5,3,5,6,0,1,16,2704,21,0.35,162240,1037,0.006391765285996056,0,0.258083385,977.3493975903614
red4,1,20.0,lite,4,60,configuration,1024,16,0.5,3,5,6,0,1,16,2704,21,0.35,162240,1109,0.006835552268244576,0,0.10750743666666668,977.3493975903614
red4,1,20.0,ofdm_fec,4,60,configuration,1024,16,0.5,3,5,6,0,1,16,2704,23,0.38333333333333336,162240,1049,0.006465729783037475,0,0.07608276333333336,1070.4302925989673
red4,1,20.0,pfft,4,60,configuration,1024,16,0.5,3,5,6,0,1,16,2704,21,0.35,162240,1141,0.007032790927021696,0,0.07966955833333332,977.3493975903614
red4,1,20.0,profiled_cz,4,60,configuration,1024,16,0.5,3,5,6,0,1,16,2704,22,0.36666666666666664,162240,1077,0.0066383136094674555,0,0.312114615,1023.8898450946643
red4,1,22.0,cwz_joint,4,60,configuration,1024,16,0.5,3,5,6,0,1,16,2704,23,0.38333333333333336,162240,659,0.004061883629191321,0,0.22677725666666668,1070.4302925989673
red4,1,22.0,lite,4,60,configuration,1024,16,0.5,3,5,6,0,1,16,2704,23,0.38333333333333336,162240,671,0.004135848126232741,0,0.09637693666666668,1070.4302925989673
red4,1,22.0,ofdm_fec,4,60,configuration,1024,16,0.5,3,5,6,0,1,16,2704,27,0.45,162240,709,0.004370069033530572,0,0.08186604166666665,1256.592082616179
red4,1,22.0,pfft,4,60,configuration,1024,16,0.5,3,5,6,0,1,16,2704,23,0.38333333333333336,162240,684,0.004215976331360947,0,0.07316413666666664,1070.4302925989673
red4,1,22.0,profiled_cz,4,60,configuration,1024,16,0.5,3,5,6,0,1,16,2704,24,0.4,162240,676,0.004166666666666667,0,0.28215720166666663,1116.9707401032701
red4,1,24.0,cwz_joint,4,60,configuration,1024,16,0.5,3,5,6,0,1,16,2704,30,0.5,162240,565,0.0034824950690335306,0,0.25096793999999994,1396.2134251290877
red4,1,24.0,lite,4,60,configuration,1024,16,0.5,3,5,6,0,1,16,2704,29,0.48333333333333334,162240,591,0.0036427514792899407,0,0.1002404,1349.6729776247848
red4,1,24.0,ofdm_fec,4,60,configuration,1024,16,0.5,3,5,6,0,1,16,2704,30,0.5,162240,566,0.0034886587771203155,0,0.06699375666666667,1396.2134251290877
red4,1,24.0,pfft,4,60,configuration,1024,16,0.5,3,5,6,0,1,16,2704,28,0.4666666666666667,162240,610,0.003759861932938856,0,0.06996991833333334,1303.132530120482
red4,1,24.0,profiled_cz,4,60,configuration,1024,16,0.5,3,5,6,0,1,16,2704,30,0.5,162240,579,0.003568786982248521,0,0.28454241166666666,1396.2134251290877
red4,1,26.0,cwz_joint,4,60,configuration,1024,16,0.5,3,5,6,0,1,16,2704,33,0.55,162240,325,0.002003205128205128,0,0.23183310666666665,1535.8347676419965
red4,1,26.0,lite,4,60,configuration,1024,16,0.5,3,5,6,0,1,16,2704,33,0.55,162240,407,0.002508629191321499,0,0.08572741833333332,1535.8347676419965
red4,1,26.0,ofdm_fec,4,60,configuration,1024,16,0.5,3,5,6,0,1,16,2704,34,0.5666666666666667,162240,429,0.0026442307692307694,0,0.07708990499999999,1582.3752151462995
red4,1,26.0,pfft,4,60,configuration,1024,16,0.5,3,5,6,0,1,16,2704,33,0.55,162240,426,0.002625739644970414,0,0.07436037000000001,1535.8347676419965
red4,1,26.0,profiled_cz,4,60,configuration,1024,16,0.5,3,5,6,0,1,16,2704,33,0.55,162240,353,0.0021757889546351085,0,0.27609645666666655,1535.8347676419965
red4,1,28.0,cwz_joint,4,60,configuration,1024,16,0.5,3,5,6,0,1,16,2704,33,0.55,162240,64,0.0003944773175542406,0,0.21921226833333335,1535.8347676419965
red4,1,28.0,lite,4,60,configuration,1024,16,0.5,3,5,6,0,1,16,2704,33,0.55,162240,207,0.001275887573964497,0,0.09219808166666668,1535.8347676419965
red4,1,28.0,ofdm_fec,4,60,configuration,1024,16,0.5,3,5,6,0,1,16,2704,35,0.5833333333333334,162240,174,0.0010724852071005916,0,0.06951522,1628.9156626506024
red4,1,28.0,pfft,4,60,configuration,1024,16,0.5,3,5,6,0,1,16,2704,34,0.5666666666666667,162240,222,0.0013683431952662723,0,0.07178031833333334,1582.3752151462995
red4,1,28.0,profiled_cz,4,60,configuration,1024,16,0.5,3,5,6,0,1,16,2704,34,0.5666666666666667,162240,63,0.0003883136094674556,0,0.2859686383333334,1582.3752151462995
red4,1,30.0,cwz_joint,4,60,configuration,1024,16,0.5,3,5,6,0,1,16,2704,36,0.6,162240,51,0.0003143491124260355,0,0.25458907000000003,1675.4561101549052
red4,1,30.0,lite,4,60,configuration,1024,16,0.5,3,5,6,0,1,16,2704,34,0.5666666666666667,162240,54,0.00033284023668639053,0,0.08899245833333333,1582.3752151462995
red4,1,30.0,ofdm_fec,4,60,configuration,1024,16,0.5,3,5,6,0,1,16,2704,35,0.5833333333333334,162240,47,0.00028969428007889547,0,0.07699828333333333,1628.9156626506024
red4,1,30.0,pfft,4,60,configuration,1024,16,0.5,3,5,6,0,1,16,2704,34,0.5666666666666667,162240,54,0.00033284023668639053,0,0.078707125,1582.3752151462995
red4,1,30.0,profiled_cz,4,60,configuration,1024,16,0.5,3,5,6,0,1,16,2704,35,0.5833333333333334,162240,51,0.0003143491124260355,0,0.2773235866666666,1628.9156626506024
red4,2,0.0,cwz_joint,4,60,configuration,1024,16,0.5,3,5,6,0,1,16,2704,0,0.0,162240,67068,0.41338757396449705,0,0.3250420500000001,0.0
red4,2,0.0,lite,4,60,configuration,1024,16,0.5,3,5,6,0,1,16,2704,0,0.0,162240,64721,0.39892135108481264,0,0.108945525,0.0
red4,2,0.0,ofdm_fec,4,60,configuration,1024,16,0.5,3,5,6,0,1,16,2704,0,0.0,162240,64717,0.3988966962524655,0,0.08505046,0.0
red4,2,0.0,pfft,4,60,configuration,1024,16,0.5,3,5,6,0,1,16,2704,0,0.0,162240,64647,0.39846523668639056,0,0.07648489499999998,0.0
red4,2,0.0,profiled_cz,4,60,configuration,1024,16,0.5,3,5,6,0,1,16,2704,0,0.0,162240,67435,0.4156496548323471,0,0.3838394966666666,0.0
red4,2,2.0,cwz_joint,4,60,configuration,1024,16,0.5,3,5,6,0,1,16,2704,0,0.0,162240,61866,0.3813239644970414,0,0.31170438,0.0
red4,2,2.0,lite,4,60,configuration,1024,16,0.5,3,5,6,0,1,16,2704,0,0.0,162240,59261,0.3652675049309665,0,0.09828003000000002,0.0
red4,2,2.0,ofdm_fec,4,60,configuration,1024,16,0.5,3,5,6,0,1,16,2704,0,0.0,162240,59102,0.36428747534516764,0,0.07273798499999999,0.0
red4,2,2.0,pfft,4,60,configuration,1024,16,0.5,3,5,6,0,1,16,2704,0,0.0,162240,59227,0.3650579388560158,0,0.06857109,0.0
red4,2,2.0,profiled_cz,4,60,configuration,1024,16,0.5,3,5,6,0,1,16,2704,0,0.0,162240,62471,0.38505300788954633,0,0.3411554633333333,0.0
red4,2,4.0,cwz_joint,4,60,configuration,1024,16,0.5,3,5,6,0,1,16,2704,0,0.0,162240,55852,0.3442554240631164,0,0.33573320833333337,0.0
red4,2,4.0,lite,4,60,configuration,1024,16,0.5,3,5,6,0,1,16,2704,0,0.0,162240,52540,0.3238412228796844,0,0.10002950166666665,0.0
red4,2,4.0,ofdm_fec,4,60,configuration,1024,16,0.5,3,5,6,0,1,16,2704,0,0.0,162240,52706,0.32486439842209075,0,0.07725257666666666,0.0
red4,2,4.0,pfft,4,60,configuration,1024,16,0.5,3,5,6,0,1,16,2704,0,0.0,162240,52587,0.32413091715976333,0,0.06791527166666667,0.0
red4,2,4.0,profiled_cz,4,60,configuration,1024,16,0.5,3,5,6,0,1,16,2704,0,0.0,162240,56406,0.3476701183431953,0,0.34571634833333337,0.0
red4,2,6.0,cwz_joint,4,60,configuration,1024,16,0.5,3,5,6,0,1,16,2704,0,0.0,162240,48915,0.30149778106508873,0,0.3281361533333333,0.0
red4,2,6.0,lite,4,60,configuration,1024,16,0.5,3,5,6,0,1,16,2704,0,0.0,162240,45756,0.2820266272189349,0,0.11028925166666667,0.0
red4,2,6.0,ofdm_fec,4,60,configuration,1024,16,0.5,3,5,6,0,1,16,2704,0,0.0,162240,45741,0.2819341715976331,0,0.07691421166666669,0.0
red4,2,6.0,pfft,4,60,configuration,1024,16,0.5,3,5,6,0,1,16,2704,0,0.0,162240,46073,0.2839805226824458,0,0.06789470833333335,0.0
red4,2,6.0,profiled_cz,4,60,configuration,1024,16,0.5,3,5,6,0,1,16,2704,0,0.0,162240,49857,0.30730399408284026,0,0.39218945499999996,0.0
red4,2,8.0,cwz_joint,4,60,configuration,1024,16,0.5,3,5,6,0,1,16,2704,0,0.0,162240,41056,0.25305719921104536,0,0.36217031333333327,0.0
red4,2,8.0,lite,4,60,configuration,1024,16,0.5,3,5,6,0,1,16,2704,0,0.0,162240,38327,0.23623643984220907,0,0.10774294166666666,0.0
red4,2,8.0,ofdm_fec,4,60,configuration,1024,16,0.5,3,5,6,0,1,16,2704,0,0.0,162240,38559,0.23766642011834319,0,0.08042432500000002,0.0
red4,2,8.0,pfft,4,60,configuration,1024,16,0.5,3,5,6,0,1,16,2704,0,0.0,162240,38548,0.23759861932938856,0,0.072003515,0.0
red4,2,8.0,profiled_cz,4,60,configuration,1024,16,0.5,3,5,6,0,1,16,2704,0,0.0,162240,42052,0.2591962524654832,0,0.390061685,0.0
red4,2,10.0,cwz_joint,4,60,configuration,1024,16,0.5,3,5,6,0,1,16,2704,0,0.0,162240,31278,0.19278846153846155,0,0.3466298666666666,0.0
red4,2,10.0,lite,4,60,configuration,1024,16,0.5,3,5,6,0,1,16,2704,0,0.0,162240,29961,0.18467085798816568,0,0.104147255,0.0
red4,2,10.0,ofdm_fec,4,60,configuration,1024,16,0.5,3,5,6,0,1,16,2704,0,0.0,162240,30078,0.18539201183431953,0,0.07606385333333332,0.0
red4,2,10.0,pfft,4,60,configuration,1024,16,0.5,3,5,6,0,1,16,2704,0,0.0,162240,30242,0.18640285996055228,0,0.06696738333333334,0.0
red4,2,10.0,profiled_cz,4,60,configuration,1024,16,0.5,3,5,6,0,1,16,2704,0,0.0,162240,32330,0.19927268244575938,0,0.3609100183333333,0.0
red4,2,12.0,cwz_joint,4,60,configuration,1024,16,0.5,3,5,6,0,1,16,2704,0,0.0,162240,19342,0.11921844181459566,0,0.29130010833333325,0.0
red4,2,12.0,lite,4,60,configuration,1024,16,0.5,3,5,6,0,1,16,2704,0,0.0,162240,19990,0.12321252465483234,0,0.09882402333333333,0.0
red4,2,12.0,ofdm_fec,4,60,configuration,1024,16,0.5,3,5,6,0,1,16,2704,0,0.0,162240,19659,0.12117233727810652,0,0.07241212833333335,0.0
red4,2,12.0,pfft,4,60,configuration,1024,16,0.5,3,5,6,0,1,16,2704,0,0.0,162240,20053,0.12360083826429981,0,0.08367193333333334,0.0
red4,2,12.0,profiled_cz,4,60,configuration,1024,16,0.5,3,5,6,0,1,16,2704,0,0.0,162240,20098,0.12387820512820513,0,0.37639505666666667,0.0
red4,2,14.0,cwz_joint,4,60,configuration,1024,16,0.5,3,5,6,0,1,16,2704,1,0.016666666666666666,162240,9352,0.05764299802761341,0,0.28902051,46.540447504302925
red4,2,14.0,lite,4,60,configuration,1024,16,0.5,3,5,6,0,1,16,2704,1,0.016666666666666666,162240,10715,0.06604413214990137,0,0.10228155333333337,46.540447504302925
red4,2,14.0,ofdm_fec,4,60,configuration,1024,16,0.5,3,5,6,0,1,16,2704,1,0.016666666666666666,162240,10407,0.06414571005917159,0,0.07349014166666666,46.540447504302925
red4,2,14.0,pfft,4,60,configuration,1024,16,0.5,3,5,6,0,1,16,2704,1,0.016666666666666666,162240,10812,0.06664201183431953,0,0.07185020166666664,46.540447504302925
red4,2,14.0,profiled_cz,4,60,configuration,1024,16,0.5,3,5,6,0,1,16,2704,1,0.016666666666666666,162240,9817,0.06050912228796844,0,0.36192671,46.540447504302925
red4,2,16.0,cwz_joint,4,60,configuration,1024,16,0.5,3,5,6,0,1,16,2704,9,0.15,162240,3834,0.02363165680473373,0,0.26264884999999993,418.8640275387263
red4,2,16.0,lite,4,60,configuration,1024,16,0.5,3,5,6,0,1,16,2704,9,0.15,162240,4510,0.027798323471400394,0,0.09842293833333333,418.8640275387263
red4,2,16.0,ofdm_fec,4,60,configuration,1024,16,0.5,3,5,6,0,1,16,2704,10,0.16666666666666666,162240,4214,0.02597386587771203,0,0.08502696666666669,465.40447504302927
red4,2,16.0,pfft,4,60,configuration,1024,16,0.5,3,5,6,0,1,16,2704,9,0.15,162240,4668,0.028772189349112427,0,0.07376811666666667,418.8640275387263
red4,2,16.0,profiled_cz,4,60,configuration,1024,16,0.5,3,5,6,0,1,16,2704,9,0.15,162240,4036,0.0248767258382643,0,0.33573082833333334,418.8640275387263
red4,2,18.0,cwz_joint,4,60,configuration,1024,16,0.5,3,5,6,0,1,16,2704,21,0.35,162240,1523,0.00938732741617357,0,0.23059840499999995,977.3493975903614
red4,2,18.0,lite,4,60,configuration,1024,16,0.5,3,5,6,0,1,16,2704,20,0.3333333333333333,162240,1883,0.011606262327416173,0,0.09206216000000003,930.8089500860585
red4,2,18.0,ofdm_fec,4,60,configuration,1024,16,0.5,3,5,6,0,1,16,2704,19,0.31666666666666665,162240,1804,0.011119329388560157,0,0.08300787333333334,884.2685025817556
red4,2,18.0,pfft,4,60,configuration,1024,16,0.5,3,5,6,0,1,16,2704,20,0.3333333333333333,162240,1891,0.011655571992110453,0,0.06677186166666665,930.8089500860585
red4,2,18.0,profiled_cz,4,60,configuration,1024,16,0.5,3,5,6,0,1,16,2704,21,0.35,162240,1555,0.00958456607495069,0,0.3067967933333333,977.3493975903614
red4,2,20.0,cwz_joint,4,60,configuration,1024,16,0.5,3,5,6,0,1,16,2704,25,0.4166666666666667,162240,738,0.004548816568047337,0,0.24996693333333334,1163.5111876075732
red4,2,20.0,lite,4,60,configuration,1024,16,0.5,3,5,6,0,1,16,2704,24,0.4,162240,936,0.0057692307692307696,0,0.09076358833333333,1116.9707401032701
red4,2,20.0,ofdm_fec,4,60,configuration,1024,16,0.5,3,5,6,0,1,16,2704,26,0.43333333333333335,162240,826,0.0050912228796844185,0,0.07334034000000002,1210.051635111876
red4,2,20.0,pfft,4,60,configuration,1024,16,0.5,3,5,6,0,1,16,2704,24,0.4,162240,946,0.005830867850098619,0,0.07189714666666665,1116.9707401032701
red4,2,20.0,profiled_cz,4,60,configuration,1024,16,0.5,3,5,6,0,1,16,2704,25,0.4166666666666667,162240,764,0.004709072978303748,0,0.27481708166666674,1163.5111876075732
red4,2,22.0,cwz_joint,4,60,configuration,1024,16,0.5,3,5,6,0,1,16,2704,30,0.5,162240,340,0.002095660749506903,0,0.22606492333333333,1396.2134251290877
red4,2,22.0,lite,4,60,configuration,1024,16,0.5,3,5,6,0,1,16,2704,31,0.5166666666666667,162240,388,0.0023915187376725836,0,0.09175569499999998,1442.7538726333908
red4,2,22.0,ofdm_fec,4,60,configuration,1024,16,0.5,3,5,6,0,1,16,2704,32,0.5333333333333333,162240,342,0.0021079881656804736,0,0.0669713,1489.2943201376936
red4,2,22.0,pfft,4,60,configuration,1024,16,0.5,3,5,6,0,1,16,2704,30,0.5,162240,402,0.002477810650887574,0,0.066944255,1396.2134251290877
red4,2,22.0,profiled_cz,4,60,configuration,1024,16,0.5,3,5,6,0,1,16,2704,30,0.5,162240,359,0.0022127712031558187,0,0.2833924166666667,1396.2134251290877
red4,2,24.0,cwz_joint,4,60,configuration,1024,16,0.5,3,5,6,0,1,16,2704,34,0.5666666666666667,162240,156,0.0009615384615384616,0,0.186220005,1582.3752151462995
red4,2,24.0,lite,4,60,configuration,1024,16,0.5,3,5,6,0,1,16,2704,33,0.55,162240,222,0.0013683431952662723,0,0.07913079166666666,1535.8347676419965
red4,2,24.0,ofdm_fec,4,60,configuration,1024,16,0.5,3,5,6,0,1,16,2704,37,0.6166666666666667,162240,193,0.0011895956607495069,0,0.06081438500000001,1721.9965576592083
red4,2,24.0,pfft,4,60,configuration,1024,16,0.5,3,5,6,0,1,16,2704,33,0.55,162240,216,0.0013313609467455621,0,0.06164966666666667,1535.8347676419965
red4,2,24.0,profiled_cz,4,60,configuration,1024,16,0.5,3,5,6,0,1,16,2704,34,0.5666666666666667,162240,155,0.0009553747534516765,0,0.2097889616666667,1582.3752151462995
red4,2,26.0,cwz_joint,4,60,configuration,1024,16,0.5,3,5,6,0,1,16,2704,39,0.65,162240,55,0.00033900394477317554,0,0.19201549500000004,1815.077452667814
red4,2,26.0,lite,4,60,configuration,1024,16,0.5,3,5,6,0,1,16,2704,37,0.6166666666666667,162240,68,0.00041913214990138065,0,0.08151781666666667,1721.9965576592083
red4,2,26.0,ofdm_fec,4,60,configuration,1024,16,0.5,3,5,6,0,1,16,2704,43,0.7166666666666667,162240,56,0.00034516765285996055,0,0.06048488833333335,2001.2392426850258
red4,2,26.0,pfft,4,60,configuration,1024,16,0.5,3,5,6,0,1,16,2704,37,0.6166666666666667,162240,68,0.00041913214990138065,0,0.06383410833333333,1721.9965576592083
red4,2,26.0,profiled_cz,4,60,configuration,1024,16,0.5,3,5,6,0,1,16,2704,39,0.65,162240,55,0.00033900394477317554,0,0.2159816933333333,1815.077452667814
red4,2,28.0,cwz_joint,4,60,configuration,1024,16,0.5,3,5,6,0,1,16,2704,42,0.7,162240,35,0.00021572978303747534,0,0.1942367866666667,1954.6987951807228
red4,2,28.0,lite,4,60,configuration,1024,16,0.5,3,5,6,0,1,16,2704,40,0.6666666666666666,162240,39,0.0002403846153846154,0,0.07453647000000001,1861.617900172117
red4,2,28.0,ofdm_fec,4,60,configuration,1024,16,0.5,3,5,6,0,1,16,2704,44,0.7333333333333333,162240,36,0.00022189349112426034,0,0.06530161333333334,2047.7796901893287
red4,2,28.0,pfft,4,60,configuration,1024,16,0.5,3,5,6,0,1,16,2704,40,0.6666666666666666,162240,39,0.0002403846153846154,0,0.07027130833333334,1861.617900172117
red4,2,28.0,profiled_cz,4,60,configuration,1024,16,0.5,3,5,6,0,1,16,2704,42,0.7,162240,35,0.00021572978303747534,0,0.2230211616666667,1954.6987951807228
red4,2,30.0,cwz_joint,4,60,configuration,1024,16,0.5,3,5,6,0,1,16,2704,43,0.7166666666666667,162240,31,0.0001910749506903353,0,0.18112367000000004,2001.2392426850258
red4,2,30.0,lite,4,60,configuration,1024,16,0.5,3,5,6,0,1,16,2704,42,0.7,162240,33,0.00020340236686390532,0,0.077254695,1954.6987951807228
red4,2,30.0,ofdm_fec,4,60,configuration,1024,16,0.5,3,5,6,0,1,16,2704,46,0.7666666666666667,162240,26,0.00016025641025641026,0,0.071326475,2140.8605851979346
red4,2,30.0,pfft,4,60,configuration,1024,16,0.5,3,5,6,0,1,16,2704,42,0.7,162240,33,0.00020340236686390532,0,0.06181631833333332,1954.6987951807228
red4,2,30.0,profiled_cz,4,60,configuration,1024,16,0.5,3,5,6,0,1,16,2704,43,0.7166666666666667,162240,31,0.0001910749506903353,0,0.21551637333333332,2001.2392426850258
red4,3,0.0,cwz_joint,4,60,configuration,1024,16,0.5,3,5,6,0,1,16,2704,0,0.0,162240,66948,0.4126479289940828,0,0.30961788,0.0
red4,3,0.0,lite,4,60,configuration,1024,16,0.5,3,5,6,0,1,16,2704,0,0.0,162240,64966,0.40043145956607495,0,0.08287911500000002,0.0
red4,3,0.0,ofdm_fec,4,60,configuration,1024,16,0.5,3,5,6,0,1,16,2704,0,0.0,162240,65183,0.4017689842209073,0,0.06291841666666667,0.0
red4,3,0.0,pfft,4,60,configuration,1024,16,0.5,3,5,6,0,1,16,2704,0,0.0,162240,65092,0.40120808678500985,0,0.058548561666666665,0.0
red4,3,0.0,profiled_cz,4,60,configuration,1024,16,0.5,3,5,6,0,1,16,2704,0,0.0,162240,67463,0.4158222386587771,0,0.32542902666666673,0.0
red4,3,2.0,cwz_joint,4,60,configuration,1024,16,0.5,3,5,6,0,1,16,2704,0,0.0,162240,62483,0.3851269723865878,0,0.31263683166666667,0.0
red4,3,2.0,lite,4,60,configuration,1024,16,0.5,3,5,6,0,1,16,2704,0,0.0,162240,59902,0.3692184418145957,0,0.08768921333333335,0.0
red4,3,2.0,ofdm_fec,4,60,configuration,1024,16,0.5,3,5,6,0,1,16,2704,0,0.0,162240,60134,0.3706484220907298,0,0.062068595,0.0
red4,3,2.0,pfft,4,60,configuration,1024,16,0.5,3,5,6,0,1,16,2704,0,0.0,162240,60082,0.37032790927021697,0,0.06299962666666666,0.0
red4,3,2.0,profiled_cz,4,60,configuration,1024,16,0.5,3,5,6,0,1,16,2704,0,0.0,162240,62989,0.388245808678501,0,0.33169626499999993,0.0
red4,3,4.0,cwz_joint,4,60,configuration,1024,16,0.5,3,5,6,0,1,16,2704,0,0.0,162240,57156,0.352292899408284,0,0.30153813333333335,0.0
red4,3,4.0,lite,4,60,configuration,1024,16,0.5,3,5,6,0,1,16,2704,0,0.0,162240,54075,0.3333025147928994,0,0.08893258166666665,0.0
red4,3,4.0,ofdm_fec,4,60,configuration,1024,16,0.5,3,5,6,0,1,16,2704,0,0.0,162240,54084,0.33335798816568046,0,0.07202813166666668,0.0
red4,3,4.0,pfft,4,60,configuration,1024,16,0.5,3,5,6,0,1,16,2704,0,0.0,162240,54177,0.33393121301775147,0,0.06376402833333332,0.0
red4,3,4.0,profiled_cz,4,60,configuration,1024,16,0.5,3,5,6,0,1,16,2704,0,0.0,162240,57634,0.35523915187376726,0,0.3226879733333333,0.0
red4,3,6.0,cwz_joint,4,60,configuration,1024,16,0.5,3,5,6,0,1,16,2704,0,0.0,162240,50868,0.3135355029585799,0,0.2973079366666667,0.0
red4,3,6.0,lite,4,60,configuration,1024,16,0.5,3,5,6,0,1,16,2704,0,0.0,162240,47374,0.2919995069033531,0,0.08563488833333337,0.0
red4,3,6.0,ofdm_fec,4,60,configuration,1024,16,0.5,3,5,6,0,1,16,2704,0,0.0,162240,47527,0.29294255424063115,0,0.060628486666666676,0.0
red4,3,6.0,pfft,4,60,configuration,1024,16,0.5,3,5,6,0,1,16,2704,0,0.0,162240,47431,0.2923508382642998,0,0.06569307666666667,0.0
red4,3,6.0,profiled_cz,4,60,configuration,1024,16,0.5,3,5,6,0,1,16,2704,0,0.0,162240,51525,0.31758505917159763,0,0.33106621666666675,0.0
red4,3,8.0,cwz_joint,4,60,configuration,1024,16,0.5,3,5,6,0,1,16,2704,0,0.0,162240,43485,0.26802884615384615,0,0.3210935416666667,0.0
red4,3,8.0,lite,4,60,configuration,1024,16,0.5,3,5,6,0,1,16,2704,0,0.0,162240,40835,0.2516950197238659,0,0.09375734333333335,0.0
red4,3,8.0,ofdm_fec,4,60,configuration,1024,16,0.5,3,5,6,0,1,16,2704,0,0.0,162240,40640,0.2504930966469428,0,0.07336196833333333,0.0
red4,3,8.0,pfft,4,60,configuration,1024,16,0.5,3,5,6,0,1,16,2704,0,0.0,162240,40800,0.2514792899408284,0,0.06683246666666666,0.0
red4,3,8.0,profiled_cz,4,60,configuration,1024,16,0.5,3,5,6,0,1,16,2704,0,0.0,162240,44685,0.27542529585798814,0,0.3541730966666667,0.0
red4,3,10.0,cwz_joint,4,60,configuration,1024,16,0.5,3,5,6,0,1,16,2704,0,0.0,162240,34593,0.21322115384615384,0,0.30824004499999985,0.0
red4,3,10.0,lite,4,60,configuration,1024,16,0.5,3,5,6,0,1,16,2704,0,0.0,162240,32881,0.20266888560157792,0,0.09389017666666664,0.0
red4,3,10.0,ofdm_fec,4,60,configuration,1024,16,0.5,3,5,6,0,1,16,2704,0,0.0,162240,32779,0.20204018737672583,0,0.06473263833333334,0.0
red4,3,10.0,pfft,4,60,configuration,1024,16,0.5,3,5,6,0,1,16,2704,0,0.0,162240,32969,0.203211291913215,0,0.07100581666666667,0.0
red4,3,10.0,profiled_cz,4,60,configuration,1024,16,0.5,3,5,6,0,1,16,2704,0,0.0,162240,35620,0.21955128205128205,0,0.331699335,0.0
red4,3,12.0,cwz_joint,4,60,configuration,1024,16,0.5,3,5,6,0,1,16,2704,0,0.0,162240,24528,0.15118343195266273,0,0.30887127333333336,0.0
red4,3,12.0,lite,4,60,configuration,1024,16,0.5,3,5,6,0,1,16,2704,0,0.0,162240,24080,0.14842209072978305,0,0.09984070666666667,0.0
red4,3,12.0,ofdm_fec,4,60,configuration,1024,16,0.5,3,5,6,0,1,16,2704,0,0.0,162240,24047,0.14821868836291913,0,0.06635517666666665,0.0
red4,3,12.0,pfft,4,60,configuration,1024,16,0.5,3,5,6,0,1,16,2704,0,0.0,162240,24416,0.1504930966469428,0,0.07408241000000002,0.0
red4,3,12.0,profiled_cz,4,60,configuration,1024,16,0.5,3,5,6,0,1,16,2704,0,0.0,162240,25463,0.1569464990138067,0,0.34406615999999995,0.0
red4,3,14.0,cwz_joint,4,60,configuration,1024,16,0.5,3,5,6,0,1,16,2704,1,0.016666666666666666,162240,16035,0.09883505917159763,0,0.2765870149999999,46.540447504302925
red4,3,14.0,lite,4,60,configuration,1024,16,0.5,3,5,6,0,1,16,2704,1,0.016666666666666666,162240,16469,0.10151010848126232,0,0.09739514,46.540447504302925
red4,3,14.0,ofdm_fec,4,60,configuration,1024,16,0.5,3,5,6,0,1,16,2704,1,0.016666666666666666,162240,16124,0.0993836291913215,0,0.06441657833333334,46.540447504302925
red4,3,14.0,pfft,4,60,configuration,1024,16,0.5,3,5,6,0,1,16,2704,1,0.016666666666666666,162240,16549,0.10200320512820513,0,0.06332424500000002,46.540447504302925
red4,3,14.0,profiled_cz,4,60,configuration,1024,16,0.5,3,5,6,0,1,16,2704,1,0.016666666666666666,162240,16711,0.1030017258382643,0,0.32408007166666675,46.540447504302925
red4,3,16.0,cwz_joint,4,60,configuration,1024,16,0.5,3,5,6,0,1,16,2704,5,0.08333333333333333,162240,9415,0.05803131163708087,0,0.23772918833333329,232.70223752151463
red4,3,16.0,lite,4,60,configuration,1024,16,0.5,3,5,6,0,1,16,2704,4,0.06666666666666667,162240,10332,0.06368343195266273,0,0.09432761166666666,186.1617900172117
red4,3,16.0,ofdm_fec,4,60,configuration,1024,16,0.5,3,5,6,0,1,16,2704,6,0.1,162240,10080,0.0621301775147929,0,0.07023315333333333,279.24268502581754
red4,3,16.0,pfft,4,60,configuration,1024,16,0.5,3,5,6,0,1,16,2704,4,0.06666666666666667,162240,10561,0.06509492110453649,0,0.068417275,186.1617900172117
red4,3,16.0,profiled_cz,4,60,configuration,1024,16,0.5,3,5,6,0,1,16,2704,5,0.08333333333333333,162240,9780,0.0602810650887574,0,0.3215372733333333,232.70223752151463
red4,3,18.0,cwz_joint,4,60,configuration,1024,16,0.5,3,5,6,0,1,16,2704,18,0.3,162240,5633,0.034720167652859964,0,0.2337047716666666,837.7280550774526
red4,3,18.0,lite,4,60,configuration,1024,16,0.5,3,5,6,0,1,16,2704,18,0.3,162240,6811,0.041981015779092704,0,0.09060109999999998,837.7280550774526
red4,3,18.0,ofdm_fec,4,60,configuration,1024,16,0.5,3,5,6,0,1,16,2704,17,0.2833333333333333,162240,6179,0.038085552268244574,0,0.06397753833333333,791.1876075731498
red4,3,18.0,pfft,4,60,configuration,1024,16,0.5,3,5,6,0,1,16,2704,18,0.3,162240,6948,0.04282544378698225,0,0.06824124833333332,837.7280550774526
red4,3,18.0,profiled_cz,4,60,configuration,1024,16,0.5,3,5,6,0,1,16,2704,18,0.3,162240,5885,0.036273422090729784,0,0.28607547166666664,837.7280550774526
red4,3,20.0,cwz_joint,4,60,configuration,1024,16,0.5,3,5,6,0,1,16,2704,24,0.4,162240,3651,0.02250369822485207,0,0.23863937166666668,1116.9707401032701
red4,3,20.0,lite,4,60,configuration,1024,16,0.5,3,5,6,0,1,16,2704,26,0.43333333333333335,162240,4329,0.026682692307692307,0,0.08812254833333337,1210.051635111876
red4,3,20.0,ofdm_fec,4,60,configuration,1024,16,0.5,3,5,6,0,1,16,2704,26,0.43333333333333335,162240,3879,0.023909023668639052,0,0.07181886333333334,1210.051635111876
red4,3,20.0,pfft,4,60,configuration,1024,16,0.5,3,5,6,0,1,16,2704,25,0.4166666666666667,162240,4376,0.026972386587771204,0,0.07012153666666668,1163.5111876075732
red4,3,20.0,profiled_cz,4,60,configuration,1024,16,0.5,3,5,6,0,1,16,2704,24,0.4,162240,3811,0.023489891518737673,0,0.27438062,1116.9707401032701
red4,3,22.0,cwz_joint,4,60,configuration,1024,16,0.5,3,5,6,0,1,16,2704,30,0.5,162240,2450,0.015101084812623275,0,0.20924723333333334,1396.2134251290877
red4,3,22.0,lite,4,60,configuration,1024,16,0.5,3,5,6,0,1,16,2704,31,0.5166666666666667,162240,2796,0.017233727810650887,0,0.08350553000000002,1442.7538726333908
red4,3,22.0,ofdm_fec,4,60,configuration,1024,16,0.5,3,5,6,0,1,16,2704,32,0.5333333333333333,162240,2607,0.01606878698224852,0,0.06445705166666667,1489.2943201376936
red4,3,22.0,pfft,4,60,configuration,1024,16,0.5,3,5,6,0,1,16,2704,31,0.5166666666666667,162240,2944,0.01814595660749507,0,0.07054970166666666,1442.7538726333908
red4,3,22.0,profiled_cz,4,60,configuration,1024,16,0.5,3,5,6,0,1,16,2704,30,0.5,162240,2529,0.01558801775147929,0,0.25114981,1396.2134251290877
red4,3,24.0,cwz_joint,4,60,configuration,1024,16,0.5,3,5,6,0,1,16,2704,32,0.5333333333333333,162240,1727,0.010644723865877712,0,0.2726956866666666,1489.2943201376936
red4,3,24.0,lite,4,60,configuration,1024,16,0.5,3,5,6,0,1,16,2704,32,0.5333333333333333,162240,2000,0.01232741617357002,0,0.10312102,1489.2943201376936
red4,3,24.0,ofdm_fec,4,60,configuration,1024,16,0.5,3,5,6,0,1,16,2704,35,0.5833333333333334,162240,1871,0.011532297830374754,0,114.36328898999999,1628.9156626506024
red4,3,24.0,pfft,4,60,configuration,1024,16,0.5,3,5,6,0,1,16,2704,32,0.5333333333333333,162240,2084,0.01284516765285996,0,0.07205082000000002,1489.2943201376936
red4,3,24.0,profiled_cz,4,60,configuration,1024,16,0.5,3,5,6,0,1,16,2704,32,0.5333333333333333,162240,1793,0.011051528599605523,0,0.34707288999999997,1489.2943201376936
red4,3,26.0,cwz_joint,4,60,configuration,1024,16,0.5,3,5,6,0,1,16,2704,32,0.5333333333333333,162240,1087,0.006699950690335306,0,0.24436484000000006,1489.2943201376936
red4,3,26.0,lite,4,60,configuration,1024,16,0.5,3,5,6,0,1,16,2704,32,0.5333333333333333,162240,1381,0.008512080867850099,0,0.11264329333333332,1489.2943201376936
red4,3,26.0,ofdm_fec,4,60,configuration,1024,16,0.5,3,5,6,0,1,16,2704,36,0.6,162240,1299,0.008006656804733728,0,0.08619531833333333,1675.4561101549052
red4,3,26.0,pfft,4,60,configuration,1024,16,0.5,3,5,6,0,1,16,2704,32,0.5333333333333333,162240,1432,0.008826429980276135,0,0.07580377333333334,1489.2943201376936
red4,3,26.0,profiled_cz,4,60,configuration,1024,16,0.5,3,5,6,0,1,16,2704,32,0.5333333333333333,162240,1161,0.007156065088757396,0,114.59949948833336,1489.2943201376936
red4,3,28.0,cwz_joint,4,60,configuration,1024,16,0.5,3,5,6,0,1,16,2704,33,0.55,162240,751,0.004628944773175542,0,0.2464588033333334,1535.8347676419965
red4,3,28.0,lite,4,60,configuration,1024,16,0.5,3,5,6,0,1,16,2704,33,0.55,162240,970,0.00597879684418146,0,0.09759667333333334,1535.8347676419965
red4,3,28.0,ofdm_fec,4,60,configuration,1024,16,0.5,3,5,6,0,1,16,2704,36,0.6,162240,921,0.005676775147928994,0,0.09022351333333332,1675.4561101549052
red4,3,28.0,pfft,4,60,configuration,1024,16,0.5,3,5,6,0,1,16,2704,33,0.55,162240,1029,0.006342455621301775,0,0.07402654333333335,1535.8347676419965
red4,3,28.0,profiled_cz,4,60,configuration,1024,16,0.5,3,5,6,0,1,16,2704,33,0.55,162240,805,0.004961785009861933,0,0.3228799116666667,1535.8347676419965
red4,3,30.0,cwz_joint,4,60,configuration,1024,16,0.5,3,5,6,0,1,16,2704,34,0.5666666666666667,162240,545,0.00335922090729783,0,0.24629472333333333,1582.3752151462995
red4,3,30.0,lite,4,60,configuration,1024,16,0.5,3,5,6,0,1,16,2704,34,0.5666666666666667,162240,750,0.004622781065088758,0,0.10545391166666664,1582.3752151462995
red4,3,30.0,ofdm_fec,4,60,configuration,1024,16,0.5,3,5,6,0,1,16,2704,36,0.6,162240,713,0.004394723865877712,0,0.07149793,1675.4561101549052
red4,3,30.0,pfft,4,60,configuration,1024,16,0.5,3,5,6,0,1,16,2704,34,0.5666666666666667,162240,783,0.004826183431952662,0,0.0875687516666667,1582.3752151462995
red4,3,30.0,profiled_cz,4,60,configuration,1024,16,0.5,3,5,6,0,1,16,2704,33,0.55,162240,580,0.0035749506903353058,0,0.29413607333333336,1535.8347676419965
