workload_id,snr_db,frame,algorithm_id,noise_model,capture_start_seconds,capture_stop_seconds,snapshot_index,snapshot_seconds,replay_support_end_seconds,frame_duration_seconds,bit_errors,success,decode_failure,selected_source,selection_reason,standard_crc_valid,rescue_executed,rescue_is_gradient,rescue_crc_valid,gradient_checkpoints,selected_iteration,optimized_variables,partial_fft_parts,partial_fft_bands
blue4:lane2:snr0.0:seed4:frame1,0.0,1,cwz_joint,awgn,0.0,47.0,1,0.0,0.9816064,0.9445376,402,false,false,standard,standard_fallback,false,true,true,false,8,0,C+W+z,4,16
blue4:lane2:snr0.0:seed4:frame2,0.0,2,cwz_joint,awgn,0.0,47.0,73,1.47456,2.4561664,0.9445376,476,false,false,standard,standard_fallback,false,true,true,false,8,0,C+W+z,4,16
blue4:lane2:snr0.0:seed4:frame3,0.0,3,cwz_joint,awgn,0.0,47.0,146,2.9696,3.9512064,0.9445376,424,false,false,standard,standard_fallback,false,true,true,false,8,0,C+W+z,4,16
blue4:lane2:snr0.0:seed4:frame4,0.0,4,cwz_joint,awgn,0.0,47.0,218,4.44416,5.4257664000000005,0.9445376,432,false,false,standard,standard_fallback,false,true,true,false,8,0,C+W+z,4,16
blue4:lane2:snr0.0:seed4:frame5,0.0,5,cwz_joint,awgn,0.0,47.0,291,5.9392,6.9208064,0.9445376,459,false,false,standard,standard_fallback,false,true,true,false,8,0,C+W+z,4,16
blue4:lane2:snr0.0:seed4:frame6,0.0,6,cwz_joint,awgn,0.0,47.0,363,7.41376,8.3953664,0.9445376,416,false,false,standard,standard_fallback,false,true,true,false,8,0,C+W+z,4,16
blue4:lane2:snr0.0:seed4:frame7,0.0,7,cwz_joint,awgn,0.0,47.0,436,8.9088,9.8904064,0.9445376,429,false,false,standard,standard_fallback,false,true,true,false,8,0,C+W+z,4,16
blue4:lane2:snr0.0:seed4:frame8,0.0,8,cwz_joint,awgn,0.0,47.0,508,10.38336,11.3649664,0.9445376,423,false,false,standard,standard_fallback,false,true,true,false,8,0,C+W+z,4,16
blue4:lane2:snr0.0:seed4:frame9,0.0,9,cwz_joint,awgn,0.0,47.0,581,11.8784,12.8600064,0.9445376,386,false,false,standard,standard_fallback,false,true,true,false,8,0,C+W+z,4,16
blue4:lane2:snr0.0:seed4:frame10,0.0,10,cwz_joint,awgn,0.0,47.0,653,13.35296,14.3345664,0.9445376,405,false,false,standard,standard_fallback,false,true,true,false,8,0,C+W+z,4,16
blue4:lane2:snr0.0:seed4:frame11,0.0,11,cwz_joint,awgn,0.0,47.0,726,14.848,15.829606400000001,0.9445376,449,false,false,standard,standard_fallback,false,true,true,false,8,0,C+W+z,4,16
blue4:lane2:snr0.0:seed4:frame12,0.0,12,cwz_joint,awgn,0.0,47.0,798,16.32256,17.3041664,0.9445376,462,false,false,standard,standard_fallback,false,true,true,false,8,0,C+W+z,4,16
blue4:lane2:snr0.0:seed4:frame13,0.0,13,cwz_joint,awgn,0.0,47.0,870,17.79712,18.7787264,0.9445376,487,false,false,standard,standard_fallback,false,true,true,false,8,0,C+W+z,4,16
blue4:lane2:snr0.0:seed4:frame14,0.0,14,cwz_joint,awgn,0.0,47.0,943,19.29216,20.2737664,0.9445376,456,false,false,standard,standard_fallback,false,true,true,false,8,0,C+W+z,4,16
blue4:lane2:snr0.0:seed4:frame15,0.0,15,cwz_joint,awgn,0.0,47.0,1015,20.76672,21.7483264,0.9445376,422,false,false,standard,standard_fallback,false,true,true,false,8,0,C+W+z,4,16
blue4:lane2:snr0.0:seed4:frame16,0.0,16,cwz_joint,awgn,0.0,47.0,1088,22.26176,23.2433664,0.9445376,490,false,false,standard,standard_fallback,false,true,true,false,8,0,C+W+z,4,16
blue4:lane2:snr0.0:seed4:frame17,0.0,17,cwz_joint,awgn,0.0,47.0,1160,23.73632,24.7179264,0.9445376,469,false,false,standard,standard_fallback,false,true,true,false,8,0,C+W+z,4,16
blue4:lane2:snr0.0:seed4:frame18,0.0,18,cwz_joint,awgn,0.0,47.0,1233,25.23136,26.2129664,0.9445376,472,false,false,standard,standard_fallback,false,true,true,false,8,0,C+W+z,4,16
blue4:lane2:snr0.0:seed4:frame19,0.0,19,cwz_joint,awgn,0.0,47.0,1305,26.70592,27.6875264,0.9445376,404,false,false,standard,standard_fallback,false,true,true,false,8,0,C+W+z,4,16
blue4:lane2:snr0.0:seed4:frame20,0.0,20,cwz_joint,awgn,0.0,47.0,1378,28.20096,29.1825664,0.9445376,408,false,false,standard,standard_fallback,false,true,true,false,8,0,C+W+z,4,16
blue4:lane2:snr0.0:seed4:frame21,0.0,21,cwz_joint,awgn,0.0,47.0,1450,29.67552,30.6571264,0.9445376,434,false,false,standard,standard_fallback,false,true,true,false,8,0,C+W+z,4,16
blue4:lane2:snr0.0:seed4:frame22,0.0,22,cwz_joint,awgn,0.0,47.0,1522,31.15008,32.1316864,0.9445376,441,false,false,standard,standard_fallback,false,true,true,false,8,0,C+W+z,4,16
blue4:lane2:snr0.0:seed4:frame23,0.0,23,cwz_joint,awgn,0.0,47.0,1595,32.64512,33.626726399999995,0.9445376,481,false,false,standard,standard_fallback,false,true,true,false,8,0,C+W+z,4,16
blue4:lane2:snr0.0:seed4:frame24,0.0,24,cwz_joint,awgn,0.0,47.0,1667,34.11968,35.1012864,0.9445376,345,false,false,standard,standard_fallback,false,true,true,false,8,0,C+W+z,4,16
blue4:lane2:snr0.0:seed4:frame25,0.0,25,cwz_joint,awgn,0.0,47.0,1740,35.61472,36.596326399999995,0.9445376,444,false,false,standard,standard_fallback,false,true,true,false,8,0,C+W+z,4,16
blue4:lane2:snr0.0:seed4:frame26,0.0,26,cwz_joint,awgn,0.0,47.0,1812,37.08928,38.0708864,0.9445376,404,false,false,standard,standard_fallback,false,true,true,false,8,0,C+W+z,4,16
blue4:lane2:snr0.0:seed4:frame27,0.0,27,cwz_joint,awgn,0.0,47.0,1885,38.58432,39.565926399999995,0.9445376,444,false,false,standard,standard_fallback,false,true,true,false,8,0,C+W+z,4,16
blue4:lane2:snr0.0:seed4:frame28,0.0,28,cwz_joint,awgn,0.0,47.0,1957,40.05888,41.0404864,0.9445376,424,false,false,standard,standard_fallback,false,true,true,false,8,0,C+W+z,4,16
blue4:lane2:snr0.0:seed4:frame29,0.0,29,cwz_joint,awgn,0.0,47.0,2030,41.55392,42.535526399999995,0.9445376,458,false,false,standard,standard_fallback,false,true,true,false,8,0,C+W+z,4,16
blue4:lane2:snr0.0:seed4:frame30,0.0,30,cwz_joint,awgn,0.0,47.0,2102,43.02848,44.0100864,0.9445376,483,false,false,standard,standard_fallback,false,true,true,false,8,0,C+W+z,4,16
blue4:lane2:snr0.0:seed4:frame31,0.0,31,cwz_joint,awgn,0.0,47.0,2175,44.52352,45.505126399999995,0.9445376,451,false,false,standard,standard_fallback,false,true,true,false,8,0,C+W+z,4,16
blue4:lane2:snr0.0:seed4:frame32,0.0,32,cwz_joint,awgn,0.0,47.0,2247,45.99808,46.9796864,0.9445376,438,false,false,standard,standard_fallback,false,true,true,false,8,0,C+W+z,4,16
blue4:lane2:snr0.0:seed4:frame1,0.0,1,profiled_cz,awgn,0.0,47.0,1,0.0,0.9816064,0.9445376,402,false,false,standard,standard_fallback,false,true,true,false,8,0,C+z,4,16
blue4:lane2:snr0.0:seed4:frame2,0.0,2,profiled_cz,awgn,0.0,47.0,73,1.47456,2.4561664,0.9445376,476,false,false,standard,standard_fallback,false,true,true,false,8,0,C+z,4,16
blue4:lane2:snr0.0:seed4:frame3,0.0,3,profiled_cz,awgn,0.0,47.0,146,2.9696,3.9512064,0.9445376,424,false,false,standard,standard_fallback,false,true,true,false,8,0,C+z,4,16
blue4:lane2:snr0.0:seed4:frame4,0.0,4,profiled_cz,awgn,0.0,47.0,218,4.44416,5.4257664000000005,0.9445376,432,false,false,standard,standard_fallback,false,true,true,false,8,0,C+z,4,16
blue4:lane2:snr0.0:seed4:frame5,0.0,5,profiled_cz,awgn,0.0,47.0,291,5.9392,6.9208064,0.9445376,459,false,false,standard,standard_fallback,false,true,true,false,8,0,C+z,4,16
blue4:lane2:snr0.0:seed4:frame6,0.0,6,profiled_cz,awgn,0.0,47.0,363,7.41376,8.3953664,0.9445376,416,false,false,standard,standard_fallback,false,true,true,false,8,0,C+z,4,16
blue4:lane2:snr0.0:seed4:frame7,0.0,7,profiled_cz,awgn,0.0,47.0,436,8.9088,9.8904064,0.9445376,429,false,false,standard,standard_fallback,false,true,true,false,8,0,C+z,4,16
blue4:lane2:snr0.0:seed4:frame8,0.0,8,profiled_cz,awgn,0.0,47.0,508,10.38336,11.3649664,0.9445376,423,false,false,standard,standard_fallback,false,true,true,false,8,0,C+z,4,16
blue4:lane2:snr0.0:seed4:frame9,0.0,9,profiled_cz,awgn,0.0,47.0,581,11.8784,12.8600064,0.9445376,386,false,false,standard,standard_fallback,false,true,true,false,8,0,C+z,4,16
blue4:lane2:snr0.0:seed4:frame10,0.0,10,profiled_cz,awgn,0.0,47.0,653,13.35296,14.3345664,0.9445376,405,false,false,standard,standard_fallback,false,true,true,false,8,0,C+z,4,16
blue4:lane2:snr0.0:seed4:frame11,0.0,11,profiled_cz,awgn,0.0,47.0,726,14.848,15.829606400000001,0.9445376,449,false,false,standard,standard_fallback,false,true,true,false,8,0,C+z,4,16
blue4:lane2:snr0.0:seed4:frame12,0.0,12,profiled_cz,awgn,0.0,47.0,798,16.32256,17.3041664,0.9445376,462,false,false,standard,standard_fallback,false,true,true,false,8,0,C+z,4,16
blue4:lane2:snr0.0:seed4:frame13,0.0,13,profiled_cz,awgn,0.0,47.0,870,17.79712,18.7787264,0.9445376,487,false,false,standard,standard_fallback,false,true,true,false,8,0,C+z,4,16
blue4:lane2:snr0.0:seed4:frame14,0.0,14,profiled_cz,awgn,0.0,47.0,943,19.29216,20.2737664,0.9445376,456,false,false,standard,standard_fallback,false,true,true,false,8,0,C+z,4,16
blue4:lane2:snr0.0:seed4:frame15,0.0,15,profiled_cz,awgn,0.0,47.0,1015,20.76672,21.7483264,0.9445376,422,false,false,standard,standard_fallback,false,true,true,false,8,0,C+z,4,16
blue4:lane2:snr0.0:seed4:frame16,0.0,16,profiled_cz,awgn,0.0,47.0,1088,22.26176,23.2433664,0.9445376,490,false,false,standard,standard_fallback,false,true,true,false,8,0,C+z,4,16
blue4:lane2:snr0.0:seed4:frame17,0.0,17,profiled_cz,awgn,0.0,47.0,1160,23.73632,24.7179264,0.9445376,469,false,false,standard,standard_fallback,false,true,true,false,8,0,C+z,4,16
blue4:lane2:snr0.0:seed4:frame18,0.0,18,profiled_cz,awgn,0.0,47.0,1233,25.23136,26.2129664,0.9445376,472,false,false,standard,standard_fallback,false,true,true,false,8,0,C+z,4,16
blue4:lane2:snr0.0:seed4:frame19,0.0,19,profiled_cz,awgn,0.0,47.0,1305,26.70592,27.6875264,0.9445376,404,false,false,standard,standard_fallback,false,true,true,false,8,0,C+z,4,16
blue4:lane2:snr0.0:seed4:frame20,0.0,20,profiled_cz,awgn,0.0,47.0,1378,28.20096,29.1825664,0.9445376,408,false,false,standard,standard_fallback,false,true,true,false,8,0,C+z,4,16
blue4:lane2:snr0.0:seed4:frame21,0.0,21,profiled_cz,awgn,0.0,47.0,1450,29.67552,30.6571264,0.9445376,434,false,false,standard,standard_fallback,false,true,true,false,8,0,C+z,4,16
blue4:lane2:snr0.0:seed4:frame22,0.0,22,profiled_cz,awgn,0.0,47.0,1522,31.15008,32.1316864,0.9445376,441,false,false,standard,standard_fallback,false,true,true,false,8,0,C+z,4,16
blue4:lane2:snr0.0:seed4:frame23,0.0,23,profiled_cz,awgn,0.0,47.0,1595,32.64512,33.626726399999995,0.9445376,481,false,false,standard,standard_fallback,false,true,true,false,8,0,C+z,4,16
blue4:lane2:snr0.0:seed4:frame24,0.0,24,profiled_cz,awgn,0.0,47.0,1667,34.11968,35.1012864,0.9445376,345,false,false,standard,standard_fallback,false,true,true,false,8,0,C+z,4,16
blue4:lane2:snr0.0:seed4:frame25,0.0,25,profiled_cz,awgn,0.0,47.0,1740,35.61472,36.596326399999995,0.9445376,444,false,false,standard,standard_fallback,false,true,true,false,8,0,C+z,4,16
blue4:lane2:snr0.0:seed4:frame26,0.0,26,profiled_cz,awgn,0.0,47.0,1812,37.08928,38.0708864,0.9445376,404,false,false,standard,standard_fallback,false,true,true,false,8,0,C+z,4,16
blue4:lane2:snr0.0:seed4:frame27,0.0,27,profiled_cz,awgn,0.0,47.0,1885,38.58432,39.565926399999995,0.9445376,444,false,false,standard,standard_fallback,false,true,true,false,8,0,C+z,4,16
blue4:lane2:snr0.0:seed4:frame28,0.0,28,profiled_cz,awgn,0.0,47.0,1957,40.05888,41.0404864,0.9445376,424,false,false,standard,standard_fallback,false,true,true,false,8,0,C+z,4,16
blue4:lane2:snr0.0:seed4:frame29,0.0,29,profiled_cz,awgn,0.0,47.0,2030,41.55392,42.535526399999995,0.9445376,458,false,false,standard,standard_fallback,false,true,true,false,8,0,C+z,4,16
blue4:lane2:snr0.0:seed4:frame30,0.0,30,profiled_cz,awgn,0.0,47.0,2102,43.02848,44.0100864,0.9445376,483,false,false,standard,standard_fallback,false,true,true,false,8,0,C+z,4,16
blue4:lane2:snr0.0:seed4:frame31,0.0,31,profiled_cz,awgn,0.0,47.0,2175,44.52352,45.505126399999995,0.9445376,451,false,false,standard,standard_fallback,false,true,true,false,8,0,C+z,4,16
blue4:lane2:snr0.0:seed4:frame32,0.0,32,profiled_cz,awgn,0.0,47.0,2247,45.99808,46.9796864,0.9445376,438,false,false,standard,standard_fallback,false,true,true,false,8,0,C+z,4,16
blue4:lane2:snr2.0:seed4:frame1,2.0,1,cwz_joint,awgn,0.0,47.0,1,0.0,0.9816064,0.9445376,400,false,false,standard,standard_fallback,false,true,true,false,8,0,C+W+z,4,16
blue4:lane2:snr2.0:seed4:frame2,2.0,2,cwz_joint,awgn,0.0,47.0,73,1.47456,2.4561664,0.9445376,502,false,false,standard,standard_fallback,false,true,true,false,8,0,C+W+z,4,16
blue4:lane2:snr2.0:seed4:frame3,2.0,3,cwz_joint,awgn,0.0,47.0,146,2.9696,3.9512064,0.9445376,403,false,false,standard,standard_fallback,false,true,true,false,8,0,C+W+z,4,16
blue4:lane2:snr2.0:seed4:frame4,2.0,4,cwz_joint,awgn,0.0,47.0,218,4.44416,5.4257664000000005,0.9445376,410,false,false,standard,standard_fallback,false,true,true,false,8,0,C+W+z,4,16
blue4:lane2:snr2.0:seed4:frame5,2.0,5,cwz_joint,awgn,0.0,47.0,291,5.9392,6.9208064,0.9445376,362,false,false,standard,standard_fallback,false,true,true,false,8,0,C+W+z,4,16
blue4:lane2:snr2.0:seed4:frame6,2.0,6,cwz_joint,awgn,0.0,47.0,363,7.41376,8.3953664,0.9445376,412,false,false,standard,standard_fallback,false,true,true,false,8,0,C+W+z,4,16
blue4:lane2:snr2.0:seed4:frame7,2.0,7,cwz_joint,awgn,0.0,47.0,436,8.9088,9.8904064,0.9445376,357,false,false,standard,standard_fallback,false,true,true,false,8,0,C+W+z,4,16
blue4:lane2:snr2.0:seed4:frame8,2.0,8,cwz_joint,awgn,0.0,47.0,508,10.38336,11.3649664,0.9445376,405,false,false,standard,standard_fallback,false,true,true,false,8,0,C+W+z,4,16
blue4:lane2:snr2.0:seed4:frame9,2.0,9,cwz_joint,awgn,0.0,47.0,581,11.8784,12.8600064,0.9445376,429,false,false,standard,standard_fallback,false,true,true,false,8,0,C+W+z,4,16
blue4:lane2:snr2.0:seed4:frame10,2.0,10,cwz_joint,awgn,0.0,47.0,653,13.35296,14.3345664,0.9445376,380,false,false,standard,standard_fallback,false,true,true,false,8,0,C+W+z,4,16
blue4:lane2:snr2.0:seed4:frame11,2.0,11,cwz_joint,awgn,0.0,47.0,726,14.848,15.829606400000001,0.9445376,394,false,false,standard,standard_fallback,false,true,true,false,8,0,C+W+z,4,16
blue4:lane2:snr2.0:seed4:frame12,2.0,12,cwz_joint,awgn,0.0,47.0,798,16.32256,17.3041664,0.9445376,475,false,false,standard,standard_fallback,false,true,true,false,8,0,C+W+z,4,16
blue4:lane2:snr2.0:seed4:frame13,2.0,13,cwz_joint,awgn,0.0,47.0,870,17.79712,18.7787264,0.9445376,457,false,false,standard,standard_fallback,false,true,true,false,8,0,C+W+z,4,16
blue4:lane2:snr2.0:seed4:frame14,2.0,14,cwz_joint,awgn,0.0,47.0,943,19.29216,20.2737664,0.9445376,462,false,false,standard,standard_fallback,false,true,true,false,8,0,C+W+z,4,16
blue4:lane2:snr2.0:seed4:frame15,2.0,15,cwz_joint,awgn,0.0,47.0,1015,20.76672,21.7483264,0.9445376,451,false,false,standard,standard_fallback,false,true,true,false,8,0,C+W+z,4,16
blue4:lane2:snr2.0:seed4:frame16,2.0,16,cwz_joint,awgn,0.0,47.0,1088,22.26176,23.2433664,0.9445376,455,false,false,standard,standard_fallback,false,true,true,false,8,0,C+W+z,4,16
blue4:lane2:snr2.0:seed4:frame17,2.0,17,cwz_joint,awgn,0.0,47.0,1160,23.73632,24.7179264,0.9445376,449,false,false,standard,standard_fallback,false,true,true,false,8,0,C+W+z,4,16
blue4:lane2:snr2.0:seed4:frame18,2.0,18,cwz_joint,awgn,0.0,47.0,1233,25.23136,26.2129664,0.9445376,457,false,false,standard,standard_fallback,false,true,true,false,8,0,C+W+z,4,16
blue4:lane2:snr2.0:seed4:frame19,2.0,19,cwz_joint,awgn,0.0,47.0,1305,26.70592,27.6875264,0.9445376,389,false,false,standard,standard_fallback,false,true,true,false,8,0,C+W+z,4,16
blue4:lane2:snr2.0:seed4:frame20,2.0,20,cwz_joint,awgn,0.0,47.0,1378,28.20096,29.1825664,0.9445376,362,false,false,standard,standard_fallback,false,true,true,false,8,0,C+W+z,4,16
blue4:lane2:snr2.0:seed4:frame21,2.0,21,cwz_joint,awgn,0.0,47.0,1450,29.67552,30.6571264,0.9445376,429,false,false,standard,standard_fallback,false,true,true,false,8,0,C+W+z,4,16
blue4:lane2:snr2.0:seed4:frame22,2.0,22,cwz_joint,awgn,0.0,47.0,1522,31.15008,32.1316864,0.9445376,462,false,false,standard,standard_fallback,false,true,true,false,8,0,C+W+z,4,16
blue4:lane2:snr2.0:seed4:frame23,2.0,23,cwz_joint,awgn,0.0,47.0,1595,32.64512,33.626726399999995,0.9445376,410,false,false,standard,standard_fallback,false,true,true,false,8,0,C+W+z,4,16
blue4:lane2:snr2.0:seed4:frame24,2.0,24,cwz_joint,awgn,0.0,47.0,1667,34.11968,35.1012864,0.9445376,354,false,false,standard,standard_fallback,false,true,true,false,8,0,C+W+z,4,16
blue4:lane2:snr2.0:seed4:frame25,2.0,25,cwz_joint,awgn,0.0,47.0,1740,35.61472,36.596326399999995,0.9445376,430,false,false,standard,standard_fallback,false,true,true,false,8,0,C+W+z,4,16
blue4:lane2:snr2.0:seed4:frame26,2.0,26,cwz_joint,awgn,0.0,47.0,1812,37.08928,38.0708864,0.9445376,353,false,false,standard,standard_fallback,false,true,true,false,8,0,C+W+z,4,16
blue4:lane2:snr2.0:seed4:frame27,2.0,27,cwz_joint,awgn,0.0,47.0,1885,38.58432,39.565926399999995,0.9445376,393,false,false,standard,standard_fallback,false,true,true,false,8,0,C+W+z,4,16
blue4:lane2:snr2.0:seed4:frame28,2.0,28,cwz_joint,awgn,0.0,47.0,1957,40.05888,41.0404864,0.9445376,411,false,false,standard,standard_fallback,false,true,true,false,8,0,C+W+z,4,16
blue4:lane2:snr2.0:seed4:frame29,2.0,29,cwz_joint,awgn,0.0,47.0,2030,41.55392,42.535526399999995,0.9445376,464,false,false,standard,standard_fallback,false,true,true,false,8,0,C+W+z,4,16
blue4:lane2:snr2.0:seed4:frame30,2.0,30,cwz_joint,awgn,0.0,47.0,2102,43.02848,44.0100864,0.9445376,479,false,false,standard,standard_fallback,false,true,true,false,8,0,C+W+z,4,16
blue4:lane2:snr2.0:seed4:frame31,2.0,31,cwz_joint,awgn,0.0,47.0,2175,44.52352,45.505126399999995,0.9445376,478,false,false,standard,standard_fallback,false,true,true,false,8,0,C+W+z,4,16
blue4:lane2:snr2.0:seed4:frame32,2.0,32,cwz_joint,awgn,0.0,47.0,2247,45.99808,46.9796864,0.9445376,313,false,false,standard,standard_fallback,false,true,true,false,8,0,C+W+z,4,16
blue4:lane2:snr2.0:seed4:frame1,2.0,1,profiled_cz,awgn,0.0,47.0,1,0.0,0.9816064,0.9445376,400,false,false,standard,standard_fallback,false,true,true,false,8,0,C+z,4,16
blue4:lane2:snr2.0:seed4:frame2,2.0,2,profiled_cz,awgn,0.0,47.0,73,1.47456,2.4561664,0.9445376,502,false,false,standard,standard_fallback,false,true,true,false,8,0,C+z,4,16
blue4:lane2:snr2.0:seed4:frame3,2.0,3,profiled_cz,awgn,0.0,47.0,146,2.9696,3.9512064,0.9445376,403,false,false,standard,standard_fallback,false,true,true,false,8,0,C+z,4,16
blue4:lane2:snr2.0:seed4:frame4,2.0,4,profiled_cz,awgn,0.0,47.0,218,4.44416,5.4257664000000005,0.9445376,410,false,false,standard,standard_fallback,false,true,true,false,8,0,C+z,4,16
blue4:lane2:snr2.0:seed4:frame5,2.0,5,profiled_cz,awgn,0.0,47.0,291,5.9392,6.9208064,0.9445376,362,false,false,standard,standard_fallback,false,true,true,false,8,0,C+z,4,16
blue4:lane2:snr2.0:seed4:frame6,2.0,6,profiled_cz,awgn,0.0,47.0,363,7.41376,8.3953664,0.9445376,412,false,false,standard,standard_fallback,false,true,true,false,8,0,C+z,4,16
blue4:lane2:snr2.0:seed4:frame7,2.0,7,profiled_cz,awgn,0.0,47.0,436,8.9088,9.8904064,0.9445376,357,false,false,standard,standard_fallback,false,true,true,false,8,0,C+z,4,16
blue4:lane2:snr2.0:seed4:frame8,2.0,8,profiled_cz,awgn,0.0,47.0,508,10.38336,11.3649664,0.9445376,405,false,false,standard,standard_fallback,false,true,true,false,8,0,C+z,4,16
blue4:lane2:snr2.0:seed4:frame9,2.0,9,profiled_cz,awgn,0.0,47.0,581,11.8784,12.8600064,0.9445376,429,false,false,standard,standard_fallback,false,true,true,false,8,0,C+z,4,16
blue4:lane2:snr2.0:seed4:frame10,2.0,10,profiled_cz,awgn,0.0,47.0,653,13.35296,14.3345664,0.9445376,380,false,false,standard,standard_fallback,false,true,true,false,8,0,C+z,4,16
blue4:lane2:snr2.0:seed4:frame11,2.0,11,profiled_cz,awgn,0.0,47.0,726,14.848,15.829606400000001,0.9445376,394,false,false,standard,standard_fallback,false,true,true,false,8,0,C+z,4,16
blue4:lane2:snr2.0:seed4:frame12,2.0,12,profiled_cz,awgn,0.0,47.0,798,16.32256,17.3041664,0.9445376,475,false,false,standard,standard_fallback,false,true,true,false,8,0,C+z,4,16
blue4:lane2:snr2.0:seed4:frame13,2.0,13,profiled_cz,awgn,0.0,47.0,870,17.79712,18.7787264,0.9445376,457,false,false,standard,standard_fallback,false,true,true,false,8,0,C+z,4,16
blue4:lane2:snr2.0:seed4:frame14,2.0,14,profiled_cz,awgn,0.0,47.0,943,19.29216,20.2737664,0.9445376,462,false,false,standard,standard_fallback,false,true,true,false,8,0,C+z,4,16
blue4:lane2:snr2.0:seed4:frame15,2.0,15,profiled_cz,awgn,0.0,47.0,1015,20.76672,21.7483264,0.9445376,451,false,false,standard,standard_fallback,false,true,true,false,8,0,C+z,4,16
blue4:lane2:snr2.0:seed4:frame16,2.0,16,profiled_cz,awgn,0.0,47.0,1088,22.26176,23.2433664,0.9445376,455,false,false,standard,standard_fallback,false,true,true,false,8,0,C+z,4,16
blue4:lane2:snr2.0:seed4:frame17,2.0,17,profiled_cz,awgn,0.0,47.0,1160,23.73632,24.7179264,0.9445376,449,false,false,standard,standard_fallback,false,true,true,false,8,0,C+z,4,16
blue4:lane2:snr2.0:seed4:frame18,2.0,18,profiled_cz,awgn,0.0,47.0,1233,25.23136,26.2129664,0.9445376,457,false,false,standard,standard_fallback,false,true,true,false,8,0,C+z,4,16
blue4:lane2:snr2.0:seed4:frame19,2.0,19,profiled_cz,awgn,0.0,47.0,1305,26.70592,27.6875264,0.9445376,389,false,false,standard,standard_fallback,false,true,true,false,8,0,C+z,4,16
blue4:lane2:snr2.0:seed4:frame20,2.0,20,profiled_cz,awgn,0.0,47.0,1378,28.20096,29.1825664,0.9445376,362,false,false,standard,standard_fallback,false,true,true,false,8,0,C+z,4,16
blue4:lane2:snr2.0:seed4:frame21,2.0,21,profiled_cz,awgn,0.0,47.0,1450,29.67552,30.6571264,0.9445376,429,false,false,standard,standard_fallback,false,true,true,false,8,0,C+z,4,16
blue4:lane2:snr2.0:seed4:frame22,2.0,22,profiled_cz,awgn,0.0,47.0,1522,31.15008,32.1316864,0.9445376,462,false,false,standard,standard_fallback,false,true,true,false,8,0,C+z,4,16
blue4:lane2:snr2.0:seed4:frame23,2.0,23,profiled_cz,awgn,0.0,47.0,1595,32.64512,33.626726399999995,0.9445376,410,false,false,standard,standard_fallback,false,true,true,false,8,0,C+z,4,16
blue4:lane2:snr2.0:seed4:frame24,2.0,24,profiled_cz,awgn,0.0,47.0,1667,34.11968,35.1012864,0.9445376,354,false,false,standard,standard_fallback,false,true,true,false,8,0,C+z,4,16
blue4:lane2:snr2.0:seed4:frame25,2.0,25,profiled_cz,awgn,0.0,47.0,1740,35.61472,36.596326399999995,0.9445376,430,false,false,standard,standard_fallback,false,true,true,false,8,0,C+z,4,16
blue4:lane2:snr2.0:seed4:frame26,2.0,26,profiled_cz,awgn,0.0,47.0,1812,37.08928,38.0708864,0.9445376,353,false,false,standard,standard_fallback,false,true,true,false,8,0,C+z,4,16
blue4:lane2:snr2.0:seed4:frame27,2.0,27,profiled_cz,awgn,0.0,47.0,1885,38.58432,39.565926399999995,0.9445376,393,false,false,standard,standard_fallback,false,true,true,false,8,0,C+z,4,16
blue4:lane2:snr2.0:seed4:frame28,2.0,28,profiled_cz,awgn,0.0,47.0,1957,40.05888,41.0404864,0.9445376,411,false,false,standard,standard_fallback,false,true,true,false,8,0,C+z,4,16
blue4:lane2:snr2.0:seed4:frame29,2.0,29,profiled_cz,awgn,0.0,47.0,2030,41.55392,42.535526399999995,0.9445376,464,false,false,standard,standard_fallback,false,true,true,false,8,0,C+z,4,16
blue4:lane2:snr2.0:seed4:frame30,2.0,30,profiled_cz,awgn,0.0,47.0,2102,43.02848,44.0100864,0.9445376,479,false,false,standard,standard_fallback,false,true,true,false,8,0,C+z,4,16
blue4:lane2:snr2.0:seed4:frame31,2.0,31,profiled_cz,awgn,0.0,47.0,2175,44.52352,45.505126399999995,0.9445376,478,false,false,standard,standard_fallback,false,true,true,false,8,0,C+z,4,16
blue4:lane2:snr2.0:seed4:frame32,2.0,32,profiled_cz,awgn,0.0,47.0,2247,45.99808,46.9796864,0.9445376,313,false,false,standard,standard_fallback,false,true,true,false,8,0,C+z,4,16
blue4:lane2:snr4.0:seed4:frame1,4.0,1,cwz_joint,awgn,0.0,47.0,1,0.0,0.9816064,0.9445376,355,false,false,standard,standard_fallback,false,true,true,false,8,0,C+W+z,4,16
blue4:lane2:snr4.0:seed4:frame2,4.0,2,cwz_joint,awgn,0.0,47.0,73,1.47456,2.4561664,0.9445376,461,false,false,standard,standard_fallback,false,true,true,false,8,0,C+W+z,4,16
blue4:lane2:snr4.0:seed4:frame3,4.0,3,cwz_joint,awgn,0.0,47.0,146,2.9696,3.9512064,0.9445376,384,false,false,standard,standard_fallback,false,true,true,false,8,0,C+W+z,4,16
blue4:lane2:snr4.0:seed4:frame4,4.0,4,cwz_joint,awgn,0.0,47.0,218,4.44416,5.4257664000000005,0.9445376,360,false,false,standard,standard_fallback,false,true,true,false,8,0,C+W+z,4,16
blue4:lane2:snr4.0:seed4:frame5,4.0,5,cwz_joint,awgn,0.0,47.0,291,5.9392,6.9208064,0.9445376,356,false,false,standard,standard_fallback,false,true,true,false,8,0,C+W+z,4,16
blue4:lane2:snr4.0:seed4:frame6,4.0,6,cwz_joint,awgn,0.0,47.0,363,7.41376,8.3953664,0.9445376,400,false,false,standard,standard_fallback,false,true,true,false,8,0,C+W+z,4,16
blue4:lane2:snr4.0:seed4:frame7,4.0,7,cwz_joint,awgn,0.0,47.0,436,8.9088,9.8904064,0.9445376,350,false,false,standard,standard_fallback,false,true,true,false,8,0,C+W+z,4,16
blue4:lane2:snr4.0:seed4:frame8,4.0,8,cwz_joint,awgn,0.0,47.0,508,10.38336,11.3649664,0.9445376,362,false,false,standard,standard_fallback,false,true,true,false,8,0,C+W+z,4,16
blue4:lane2:snr4.0:seed4:frame9,4.0,9,cwz_joint,awgn,0.0,47.0,581,11.8784,12.8600064,0.9445376,355,false,false,standard,standard_fallback,false,true,true,false,8,0,C+W+z,4,16
blue4:lane2:snr4.0:seed4:frame10,4.0,10,cwz_joint,awgn,0.0,47.0,653,13.35296,14.3345664,0.9445376,346,false,false,standard,standard_fallback,false,true,true,false,8,0,C+W+z,4,16
blue4:lane2:snr4.0:seed4:frame11,4.0,11,cwz_joint,awgn,0.0,47.0,726,14.848,15.829606400000001,0.9445376,393,false,false,standard,standard_fallback,false,true,true,false,8,0,C+W+z,4,16
blue4:lane2:snr4.0:seed4:frame12,4.0,12,cwz_joint,awgn,0.0,47.0,798,16.32256,17.3041664,0.9445376,419,false,false,standard,standard_fallback,false,true,true,false,8,0,C+W+z,4,16
blue4:lane2:snr4.0:seed4:frame13,4.0,13,cwz_joint,awgn,0.0,47.0,870,17.79712,18.7787264,0.9445376,422,false,false,standard,standard_fallback,false,true,true,false,8,0,C+W+z,4,16
blue4:lane2:snr4.0:seed4:frame14,4.0,14,cwz_joint,awgn,0.0,47.0,943,19.29216,20.2737664,0.9445376,408,false,false,standard,standard_fallback,false,true,true,false,8,0,C+W+z,4,16
blue4:lane2:snr4.0:seed4:frame15,4.0,15,cwz_joint,awgn,0.0,47.0,1015,20.76672,21.7483264,0.9445376,445,false,false,standard,standard_fallback,false,true,true,false,8,0,C+W+z,4,16
blue4:lane2:snr4.0:seed4:frame16,4.0,16,cwz_joint,awgn,0.0,47.0,1088,22.26176,23.2433664,0.9445376,387,false,false,standard,standard_fallback,false,true,true,false,8,0,C+W+z,4,16
blue4:lane2:snr4.0:seed4:frame17,4.0,17,cwz_joint,awgn,0.0,47.0,1160,23.73632,24.7179264,0.9445376,394,false,false,standard,standard_fallback,false,true,true,false,8,0,C+W+z,4,16
blue4:lane2:snr4.0:seed4:frame18,4.0,18,cwz_joint,awgn,0.0,47.0,1233,25.23136,26.2129664,0.9445376,419,false,false,standard,standard_fallback,false,true,true,false,8,0,C+W+z,4,16
blue4:lane2:snr4.0:seed4:frame19,4.0,19,cwz_joint,awgn,0.0,47.0,1305,26.70592,27.6875264,0.9445376,339,false,false,standard,standard_fallback,false,true,true,false,8,0,C+W+z,4,16
blue4:lane2:snr4.0:seed4:frame20,4.0,20,cwz_joint,awgn,0.0,47.0,1378,28.20096,29.1825664,0.9445376,336,false,false,standard,standard_fallback,false,true,true,false,8,0,C+W+z,4,16
blue4:lane2:snr4.0:seed4:frame21,4.0,21,cwz_joint,awgn,0.0,47.0,1450,29.67552,30.6571264,0.9445376,394,false,false,standard,standard_fallback,false,true,true,false,8,0,C+W+z,4,16
blue4:lane2:snr4.0:seed4:frame22,4.0,22,cwz_joint,awgn,0.0,47.0,1522,31.15008,32.1316864,0.9445376,346,false,false,standard,standard_fallback,false,true,true,false,8,0,C+W+z,4,16
blue4:lane2:snr4.0:seed4:frame23,4.0,23,cwz_joint,awgn,0.0,47.0,1595,32.64512,33.626726399999995,0.9445376,311,false,false,standard,standard_fallback,false,true,true,false,8,0,C+W+z,4,16
blue4:lane2:snr4.0:seed4:frame24,4.0,24,cwz_joint,awgn,0.0,47.0,1667,34.11968,35.1012864,0.9445376,348,false,false,standard,standard_fallback,false,true,true,false,8,0,C+W+z,4,16
blue4:lane2:snr4.0:seed4:frame25,4.0,25,cwz_joint,awgn,0.0,47.0,1740,35.61472,36.596326399999995,0.9445376,437,false,false,standard,standard_fallback,false,true,true,false,8,0,C+W+z,4,16
blue4:lane2:snr4.0:seed4:frame26,4.0,26,cwz_joint,awgn,0.0,47.0,1812,37.08928,38.0708864,0.9445376,362,false,false,standard,standard_fallback,false,true,true,false,8,0,C+W+z,4,16
blue4:lane2:snr4.0:seed4:frame27,4.0,27,cwz_joint,awgn,0.0,47.0,1885,38.58432,39.565926399999995,0.9445376,360,false,false,standard,standard_fallback,false,true,true,false,8,0,C+W+z,4,16
blue4:lane2:snr4.0:seed4:frame28,4.0,28,cwz_joint,awgn,0.0,47.0,1957,40.05888,41.0404864,0.9445376,405,false,false,standard,standard_fallback,false,true,true,false,8,0,C+W+z,4,16
blue4:lane2:snr4.0:seed4:frame29,4.0,29,cwz_joint,awgn,0.0,47.0,2030,41.55392,42.535526399999995,0.9445376,455,false,false,standard,standard_fallback,false,true,true,false,8,0,C+W+z,4,16
blue4:lane2:snr4.0:seed4:frame30,4.0,30,cwz_joint,awgn,0.0,47.0,2102,43.02848,44.0100864,0.9445376,412,false,false,standard,standard_fallback,false,true,true,false,8,0,C+W+z,4,16
blue4:lane2:snr4.0:seed4:frame31,4.0,31,cwz_joint,awgn,0.0,47.0,2175,44.52352,45.505126399999995,0.9445376,471,false,false,standard,standard_fallback,false,true,true,false,8,0,C+W+z,4,16
blue4:lane2:snr4.0:seed4:frame32,4.0,32,cwz_joint,awgn,0.0,47.0,2247,45.99808,46.9796864,0.9445376,271,false,false,standard,standard_fallback,false,true,true,false,8,0,C+W+z,4,16
blue4:lane2:snr4.0:seed4:frame1,4.0,1,profiled_cz,awgn,0.0,47.0,1,0.0,0.9816064,0.9445376,355,false,false,standard,standard_fallback,false,true,true,false,8,0,C+z,4,16
blue4:lane2:snr4.0:seed4:frame2,4.0,2,profiled_cz,awgn,0.0,47.0,73,1.47456,2.4561664,0.9445376,461,false,false,standard,standard_fallback,false,true,true,false,8,0,C+z,4,16
blue4:lane2:snr4.0:seed4:frame3,4.0,3,profiled_cz,awgn,0.0,47.0,146,2.9696,3.9512064,0.9445376,384,false,false,standard,standard_fallback,false,true,true,false,8,0,C+z,4,16
blue4:lane2:snr4.0:seed4:frame4,4.0,4,profiled_cz,awgn,0.0,47.0,218,4.44416,5.4257664000000005,0.9445376,360,false,false,standard,standard_fallback,false,true,true,false,8,0,C+z,4,16
blue4:lane2:snr4.0:seed4:frame5,4.0,5,profiled_cz,awgn,0.0,47.0,291,5.9392,6.9208064,0.9445376,356,false,false,standard,standard_fallback,false,true,true,false,8,0,C+z,4,16
blue4:lane2:snr4.0:seed4:frame6,4.0,6,profiled_cz,awgn,0.0,47.0,363,7.41376,8.3953664,0.9445376,400,false,false,standard,standard_fallback,false,true,true,false,8,0,C+z,4,16
blue4:lane2:snr4.0:seed4:frame7,4.0,7,profiled_cz,awgn,0.0,47.0,436,8.9088,9.8904064,0.9445376,350,false,false,standard,standard_fallback,false,true,true,false,8,0,C+z,4,16
blue4:lane2:snr4.0:seed4:frame8,4.0,8,profiled_cz,awgn,0.0,47.0,508,10.38336,11.3649664,0.9445376,362,false,false,standard,standard_fallback,false,true,true,false,8,0,C+z,4,16
blue4:lane2:snr4.0:seed4:frame9,4.0,9,profiled_cz,awgn,0.0,47.0,581,11.8784,12.8600064,0.9445376,355,false,false,standard,standard_fallback,false,true,true,false,8,0,C+z,4,16
blue4:lane2:snr4.0:seed4:frame10,4.0,10,profiled_cz,awgn,0.0,47.0,653,13.35296,14.3345664,0.9445376,346,false,false,standard,standard_fallback,false,true,true,false,8,0,C+z,4,16
blue4:lane2:snr4.0:seed4:frame11,4.0,11,profiled_cz,awgn,0.0,47.0,726,14.848,15.829606400000001,0.9445376,393,false,false,standard,standard_fallback,false,true,true,false,8,0,C+z,4,16
blue4:lane2:snr4.0:seed4:frame12,4.0,12,profiled_cz,awgn,0.0,47.0,798,16.32256,17.3041664,0.9445376,419,false,false,standard,standard_fallback,false,true,true,false,8,0,C+z,4,16
blue4:lane2:snr4.0:seed4:frame13,4.0,13,profiled_cz,awgn,0.0,47.0,870,17.79712,18.7787264,0.9445376,422,false,false,standard,standard_fallback,false,true,true,false,8,0,C+z,4,16
blue4:lane2:snr4.0:seed4:frame14,4.0,14,profiled_cz,awgn,0.0,47.0,943,19.29216,20.2737664,0.9445376,408,false,false,standard,standard_fallback,false,true,true,false,8,0,C+z,4,16
blue4:lane2:snr4.0:seed4:frame15,4.0,15,profiled_cz,awgn,0.0,47.0,1015,20.76672,21.7483264,0.9445376,445,false,false,standard,standard_fallback,false,true,true,false,8,0,C+z,4,16
blue4:lane2:snr4.0:seed4:frame16,4.0,16,profiled_cz,awgn,0.0,47.0,1088,22.26176,23.2433664,0.9445376,387,false,false,standard,standard_fallback,false,true,true,false,8,0,C+z,4,16
blue4:lane2:snr4.0:seed4:frame17,4.0,17,profiled_cz,awgn,0.0,47.0,1160,23.73632,24.7179264,0.9445376,394,false,false,standard,standard_fallback,false,true,true,false,8,0,C+z,4,16
blue4:lane2:snr4.0:seed4:frame18,4.0,18,profiled_cz,awgn,0.0,47.0,1233,25.23136,26.2129664,0.9445376,419,false,false,standard,standard_fallback,false,true,true,false,8,0,C+z,4,16
blue4:lane2:snr4.0:seed4:frame19,4.0,19,profiled_cz,awgn,0.0,47.0,1305,26.70592,27.6875264,0.9445376,339,false,false,standard,standard_fallback,false,true,true,false,8,0,C+z,4,16
blue4:lane2:snr4.0:seed4:frame20,4.0,20,profiled_cz,awgn,0.0,47.0,1378,28.20096,29.1825664,0.9445376,336,false,false,standard,standard_fallback,false,true,true,false,8,0,C+z,4,16
blue4:lane2:snr4.0:seed4:frame21,4.0,21,profiled_cz,awgn,0.0,47.0,1450,29.67552,30.6571264,0.9445376,394,false,false,standard,standard_fallback,false,true,true,false,8,0,C+z,4,16
blue4:lane2:snr4.0:seed4:frame22,4.0,22,profiled_cz,awgn,0.0,47.0,1522,31.15008,32.1316864,0.9445376,346,false,false,standard,standard_fallback,false,true,true,false,8,0,C+z,4,16
blue4:lane2:snr4.0:seed4:frame23,4.0,23,profiled_cz,awgn,0.0,47.0,1595,32.64512,33.626726399999995,0.9445376,311,false,false,standard,standard_fallback,false,true,true,false,8,0,C+z,4,16
blue4:lane2:snr4.0:seed4:frame24,4.0,24,profiled_cz,awgn,0.0,47.0,1667,34.11968,35.1012864,0.9445376,348,false,false,standard,standard_fallback,false,true,true,false,8,0,C+z,4,16
blue4:lane2:snr4.0:seed4:frame25,4.0,25,profiled_cz,awgn,0.0,47.0,1740,35.61472,36.596326399999995,0.9445376,437,false,false,standard,standard_fallback,false,true,true,false,8,0,C+z,4,16
blue4:lane2:snr4.0:seed4:frame26,4.0,26,profiled_cz,awgn,0.0,47.0,1812,37.08928,38.0708864,0.9445376,362,false,false,standard,standard_fallback,false,true,true,false,8,0,C+z,4,16
blue4:lane2:snr4.0:seed4:frame27,4.0,27,profiled_cz,awgn,0.0,47.0,1885,38.58432,39.565926399999995,0.9445376,360,false,false,standard,standard_fallback,false,true,true,false,8,0,C+z,4,16
blue4:lane2:snr4.0:seed4:frame28,4.0,28,profiled_cz,awgn,0.0,47.0,1957,40.05888,41.0404864,0.9445376,405,false,false,standard,standard_fallback,false,true,true,false,8,0,C+z,4,16
blue4:lane2:snr4.0:seed4:frame29,4.0,29,profiled_cz,awgn,0.0,47.0,2030,41.55392,42.535526399999995,0.9445376,455,false,false,standard,standard_fallback,false,true,true,false,8,0,C+z,4,16
blue4:lane2:snr4.0:seed4:frame30,4.0,30,profiled_cz,awgn,0.0,47.0,2102,43.02848,44.0100864,0.9445376,412,false,false,standard,standard_fallback,false,true,true,false,8,0,C+z,4,16
blue4:lane2:snr4.0:seed4:frame31,4.0,31,profiled_cz,awgn,0.0,47.0,2175,44.52352,45.505126399999995,0.9445376,471,false,false,standard,standard_fallback,false,true,true,false,8,0,C+z,4,16
blue4:lane2:snr4.0:seed4:frame32,4.0,32,profiled_cz,awgn,0.0,47.0,2247,45.99808,46.9796864,0.9445376,271,false,false,standard,standard_fallback,false,true,true,false,8,0,C+z,4,16
blue4:lane2:snr6.0:seed4:frame1,6.0,1,cwz_joint,awgn,0.0,47.0,1,0.0,0.9816064,0.9445376,336,false,false,standard,standard_fallback,false,true,true,false,8,0,C+W+z,4,16
blue4:lane2:snr6.0:seed4:frame2,6.0,2,cwz_joint,awgn,0.0,47.0,73,1.47456,2.4561664,0.9445376,356,false,false,standard,standard_fallback,false,true,true,false,8,0,C+W+z,4,16
blue4:lane2:snr6.0:seed4:frame3,6.0,3,cwz_joint,awgn,0.0,47.0,146,2.9696,3.9512064,0.9445376,348,false,false,standard,standard_fallback,false,true,true,false,8,0,C+W+z,4,16
blue4:lane2:snr6.0:seed4:frame4,6.0,4,cwz_joint,awgn,0.0,47.0,218,4.44416,5.4257664000000005,0.9445376,344,false,false,standard,standard_fallback,false,true,true,false,8,0,C+W+z,4,16
blue4:lane2:snr6.0:seed4:frame5,6.0,5,cwz_joint,awgn,0.0,47.0,291,5.9392,6.9208064,0.9445376,311,false,false,standard,standard_fallback,false,true,true,false,8,0,C+W+z,4,16
blue4:lane2:snr6.0:seed4:frame6,6.0,6,cwz_joint,awgn,0.0,47.0,363,7.41376,8.3953664,0.9445376,404,false,false,standard,standard_fallback,false,true,true,false,8,0,C+W+z,4,16
blue4:lane2:snr6.0:seed4:frame7,6.0,7,cwz_joint,awgn,0.0,47.0,436,8.9088,9.8904064,0.9445376,304,false,false,standard,standard_fallback,false,true,true,false,8,0,C+W+z,4,16
blue4:lane2:snr6.0:seed4:frame8,6.0,8,cwz_joint,awgn,0.0,47.0,508,10.38336,11.3649664,0.9445376,323,false,false,standard,standard_fallback,false,true,true,false,8,0,C+W+z,4,16
blue4:lane2:snr6.0:seed4:frame9,6.0,9,cwz_joint,awgn,0.0,47.0,581,11.8784,12.8600064,0.9445376,332,false,false,standard,standard_fallback,false,true,true,false,8,0,C+W+z,4,16
blue4:lane2:snr6.0:seed4:frame10,6.0,10,cwz_joint,awgn,0.0,47.0,653,13.35296,14.3345664,0.9445376,273,false,false,standard,standard_fallback,false,true,true,false,8,0,C+W+z,4,16
blue4:lane2:snr6.0:seed4:frame11,6.0,11,cwz_joint,awgn,0.0,47.0,726,14.848,15.829606400000001,0.9445376,314,false,false,standard,standard_fallback,false,true,true,false,8,0,C+W+z,4,16
blue4:lane2:snr6.0:seed4:frame12,6.0,12,cwz_joint,awgn,0.0,47.0,798,16.32256,17.3041664,0.9445376,372,false,false,standard,standard_fallback,false,true,true,false,8,0,C+W+z,4,16
blue4:lane2:snr6.0:seed4:frame13,6.0,13,cwz_joint,awgn,0.0,47.0,870,17.79712,18.7787264,0.9445376,439,false,false,standard,standard_fallback,false,true,true,false,8,0,C+W+z,4,16
blue4:lane2:snr6.0:seed4:frame14,6.0,14,cwz_joint,awgn,0.0,47.0,943,19.29216,20.2737664,0.9445376,397,false,false,standard,standard_fallback,false,true,true,false,8,0,C+W+z,4,16
blue4:lane2:snr6.0:seed4:frame15,6.0,15,cwz_joint,awgn,0.0,47.0,1015,20.76672,21.7483264,0.9445376,342,false,false,standard,standard_fallback,false,true,true,false,8,0,C+W+z,4,16
blue4:lane2:snr6.0:seed4:frame16,6.0,16,cwz_joint,awgn,0.0,47.0,1088,22.26176,23.2433664,0.9445376,385,false,false,standard,standard_fallback,false,true,true,false,8,0,C+W+z,4,16
blue4:lane2:snr6.0:seed4:frame17,6.0,17,cwz_joint,awgn,0.0,47.0,1160,23.73632,24.7179264,0.9445376,437,false,false,standard,standard_fallback,false,true,true,false,8,0,C+W+z,4,16
blue4:lane2:snr6.0:seed4:frame18,6.0,18,cwz_joint,awgn,0.0,47.0,1233,25.23136,26.2129664,0.9445376,380,false,false,standard,standard_fallback,false,true,true,false,8,0,C+W+z,4,16
blue4:lane2:snr6.0:seed4:frame19,6.0,19,cwz_joint,awgn,0.0,47.0,1305,26.70592,27.6875264,0.9445376,262,false,false,standard,standard_fallback,false,true,true,false,8,0,C+W+z,4,16
blue4:lane2:snr6.0:seed4:frame20,6.0,20,cwz_joint,awgn,0.0,47.0,1378,28.20096,29.1825664,0.9445376,248,false,false,standard,standard_fallback,false,true,true,false,8,0,C+W+z,4,16
blue4:lane2:snr6.0:seed4:frame21,6.0,21,cwz_joint,awgn,0.0,47.0,1450,29.67552,30.6571264,0.9445376,306,false,false,standard,standard_fallback,false,true,true,false,8,0,C+W+z,4,16
blue4:lane2:snr6.0:seed4:frame22,6.0,22,cwz_joint,awgn,0.0,47.0,1522,31.15008,32.1316864,0.9445376,5,false,false,standard,standard_fallback,false,true,true,false,8,0,C+W+z,4,16
blue4:lane2:snr6.0:seed4:frame23,6.0,23,cwz_joint,awgn,0.0,47.0,1595,32.64512,33.626726399999995,0.9445376,1,false,false,standard,standard_fallback,false,true,true,false,8,0,C+W+z,4,16
blue4:lane2:snr6.0:seed4:frame24,6.0,24,cwz_joint,awgn,0.0,47.0,1667,34.11968,35.1012864,0.9445376,278,false,false,standard,standard_fallback,false,true,true,false,8,0,C+W+z,4,16
blue4:lane2:snr6.0:seed4:frame25,6.0,25,cwz_joint,awgn,0.0,47.0,1740,35.61472,36.596326399999995,0.9445376,337,false,false,standard,standard_fallback,false,true,true,false,8,0,C+W+z,4,16
blue4:lane2:snr6.0:seed4:frame26,6.0,26,cwz_joint,awgn,0.0,47.0,1812,37.08928,38.0708864,0.9445376,296,false,false,standard,standard_fallback,false,true,true,false,8,0,C+W+z,4,16
blue4:lane2:snr6.0:seed4:frame27,6.0,27,cwz_joint,awgn,0.0,47.0,1885,38.58432,39.565926399999995,0.9445376,345,false,false,standard,standard_fallback,false,true,true,false,8,0,C+W+z,4,16
blue4:lane2:snr6.0:seed4:frame28,6.0,28,cwz_joint,awgn,0.0,47.0,1957,40.05888,41.0404864,0.9445376,303,false,false,standard,standard_fallback,false,true,true,false,8,0,C+W+z,4,16
blue4:lane2:snr6.0:seed4:frame29,6.0,29,cwz_joint,awgn,0.0,47.0,2030,41.55392,42.535526399999995,0.9445376,293,false,false,standard,standard_fallback,false,true,true,false,8,0,C+W+z,4,16
blue4:lane2:snr6.0:seed4:frame30,6.0,30,cwz_joint,awgn,0.0,47.0,2102,43.02848,44.0100864,0.9445376,304,false,false,standard,standard_fallback,false,true,true,false,8,0,C+W+z,4,16
blue4:lane2:snr6.0:seed4:frame31,6.0,31,cwz_joint,awgn,0.0,47.0,2175,44.52352,45.505126399999995,0.9445376,426,false,false,standard,standard_fallback,false,true,true,false,8,0,C+W+z,4,16
blue4:lane2:snr6.0:seed4:frame32,6.0,32,cwz_joint,awgn,0.0,47.0,2247,45.99808,46.9796864,0.9445376,0,true,false,standard,standard_crc_valid,true,false,false,false,0,0,C+W+z,4,16
blue4:lane2:snr6.0:seed4:frame1,6.0,1,profiled_cz,awgn,0.0,47.0,1,0.0,0.9816064,0.9445376,336,false,false,standard,standard_fallback,false,true,true,false,8,0,C+z,4,16
blue4:lane2:snr6.0:seed4:frame2,6.0,2,profiled_cz,awgn,0.0,47.0,73,1.47456,2.4561664,0.9445376,356,false,false,standard,standard_fallback,false,true,true,false,8,0,C+z,4,16
blue4:lane2:snr6.0:seed4:frame3,6.0,3,profiled_cz,awgn,0.0,47.0,146,2.9696,3.9512064,0.9445376,348,false,false,standard,standard_fallback,false,true,true,false,8,0,C+z,4,16
blue4:lane2:snr6.0:seed4:frame4,6.0,4,profiled_cz,awgn,0.0,47.0,218,4.44416,5.4257664000000005,0.9445376,344,false,false,standard,standard_fallback,false,true,true,false,8,0,C+z,4,16
blue4:lane2:snr6.0:seed4:frame5,6.0,5,profiled_cz,awgn,0.0,47.0,291,5.9392,6.9208064,0.9445376,311,false,false,standard,standard_fallback,false,true,true,false,8,0,C+z,4,16
blue4:lane2:snr6.0:seed4:frame6,6.0,6,profiled_cz,awgn,0.0,47.0,363,7.41376,8.3953664,0.9445376,404,false,false,standard,standard_fallback,false,true,true,false,8,0,C+z,4,16
blue4:lane2:snr6.0:seed4:frame7,6.0,7,profiled_cz,awgn,0.0,47.0,436,8.9088,9.8904064,0.9445376,304,false,false,standard,standard_fallback,false,true,true,false,8,0,C+z,4,16
blue4:lane2:snr6.0:seed4:frame8,6.0,8,profiled_cz,awgn,0.0,47.0,508,10.38336,11.3649664,0.9445376,323,false,false,standard,standard_fallback,false,true,true,false,8,0,C+z,4,16
blue4:lane2:snr6.0:seed4:frame9,6.0,9,profiled_cz,awgn,0.0,47.0,581,11.8784,12.8600064,0.9445376,332,false,false,standard,standard_fallback,false,true,true,false,8,0,C+z,4,16
blue4:lane2:snr6.0:seed4:frame10,6.0,10,profiled_cz,awgn,0.0,47.0,653,13.35296,14.3345664,0.9445376,273,false,false,standard,standard_fallback,false,true,true,false,8,0,C+z,4,16
blue4:lane2:snr6.0:seed4:frame11,6.0,11,profiled_cz,awgn,0.0,47.0,726,14.848,15.829606400000001,0.9445376,314,false,false,standard,standard_fallback,false,true,true,false,8,0,C+z,4,16
blue4:lane2:snr6.0:seed4:frame12,6.0,12,profiled_cz,awgn,0.0,47.0,798,16.32256,17.3041664,0.9445376,372,false,false,standard,standard_fallback,false,true,true,false,8,0,C+z,4,16
blue4:lane2:snr6.0:seed4:frame13,6.0,13,profiled_cz,awgn,0.0,47.0,870,17.79712,18.7787264,0.9445376,439,false,false,standard,standard_fallback,false,true,true,false,8,0,C+z,4,16
blue4:lane2:snr6.0:seed4:frame14,6.0,14,profiled_cz,awgn,0.0,47.0,943,19.29216,20.2737664,0.9445376,397,false,false,standard,standard_fallback,false,true,true,false,8,0,C+z,4,16
blue4:lane2:snr6.0:seed4:frame15,6.0,15,profiled_cz,awgn,0.0,47.0,1015,20.76672,21.7483264,0.9445376,342,false,false,standard,standard_fallback,false,true,true,false,8,0,C+z,4,16
blue4:lane2:snr6.0:seed4:frame16,6.0,16,profiled_cz,awgn,0.0,47.0,1088,22.26176,23.2433664,0.9445376,385,false,false,standard,standard_fallback,false,true,true,false,8,0,C+z,4,16
blue4:lane2:snr6.0:seed4:frame17,6.0,17,profiled_cz,awgn,0.0,47.0,1160,23.73632,24.7179264,0.9445376,437,false,false,standard,standard_fallback,false,true,true,false,8,0,C+z,4,16
blue4:lane2:snr6.0:seed4:frame18,6.0,18,profiled_cz,awgn,0.0,47.0,1233,25.23136,26.2129664,0.9445376,380,false,false,standard,standard_fallback,false,true,true,false,8,0,C+z,4,16
blue4:lane2:snr6.0:seed4:frame19,6.0,19,profiled_cz,awgn,0.0,47.0,1305,26.70592,27.6875264,0.9445376,262,false,false,standard,standard_fallback,false,true,true,false,8,0,C+z,4,16
blue4:lane2:snr6.0:seed4:frame20,6.0,20,profiled_cz,awgn,0.0,47.0,1378,28.20096,29.1825664,0.9445376,248,false,false,standard,standard_fallback,false,true,true,false,8,0,C+z,4,16
blue4:lane2:snr6.0:seed4:frame21,6.0,21,profiled_cz,awgn,0.0,47.0,1450,29.67552,30.6571264,0.9445376,306,false,false,standard,standard_fallback,false,true,true,false,8,0,C+z,4,16
blue4:lane2:snr6.0:seed4:frame22,6.0,22,profiled_cz,awgn,0.0,47.0,1522,31.15008,32.1316864,0.9445376,5,false,false,standard,standard_fallback,false,true,true,false,8,0,C+z,4,16
blue4:lane2:snr6.0:seed4:frame23,6.0,23,profiled_cz,awgn,0.0,47.0,1595,32.64512,33.626726399999995,0.9445376,1,false,false,standard,standard_fallback,false,true,true,false,8,0,C+z,4,16
blue4:lane2:snr6.0:seed4:frame24,6.0,24,profiled_cz,awgn,0.0,47.0,1667,34.11968,35.1012864,0.9445376,278,false,false,standard,standard_fallback,false,true,true,false,8,0,C+z,4,16
blue4:lane2:snr6.0:seed4:frame25,6.0,25,profiled_cz,awgn,0.0,47.0,1740,35.61472,36.596326399999995,0.9445376,337,false,false,standard,standard_fallback,false,true,true,false,8,0,C+z,4,16
blue4:lane2:snr6.0:seed4:frame26,6.0,26,profiled_cz,awgn,0.0,47.0,1812,37.08928,38.0708864,0.9445376,296,false,false,standard,standard_fallback,false,true,true,false,8,0,C+z,4,16
blue4:lane2:snr6.0:seed4:frame27,6.0,27,profiled_cz,awgn,0.0,47.0,1885,38.58432,39.565926399999995,0.9445376,345,false,false,standard,standard_fallback,false,true,true,false,8,0,C+z,4,16
blue4:lane2:snr6.0:seed4:frame28,6.0,28,profiled_cz,awgn,0.0,47.0,1957,40.05888,41.0404864,0.9445376,303,false,false,standard,standard_fallback,false,true,true,false,8,0,C+z,4,16
blue4:lane2:snr6.0:seed4:frame29,6.0,29,profiled_cz,awgn,0.0,47.0,2030,41.55392,42.535526399999995,0.9445376,293,false,false,standard,standard_fallback,false,true,true,false,8,0,C+z,4,16
blue4:lane2:snr6.0:seed4:frame30,6.0,30,profiled_cz,awgn,0.0,47.0,2102,43.02848,44.0100864,0.9445376,304,false,false,standard,standard_fallback,false,true,true,false,8,0,C+z,4,16
blue4:lane2:snr6.0:seed4:frame31,6.0,31,profiled_cz,awgn,0.0,47.0,2175,44.52352,45.505126399999995,0.9445376,426,false,false,standard,standard_fallback,false,true,true,false,8,0,C+z,4,16
blue4:lane2:snr6.0:seed4:frame32,6.0,32,profiled_cz,awgn,0.0,47.0,2247,45.99808,46.9796864,0.9445376,0,true,false,standard,standard_crc_valid,true,false,false,false,0,0,C+z,4,16
blue4:lane2:snr8.0:seed4:frame1,8.0,1,cwz_joint,awgn,0.0,47.0,1,0.0,0.9816064,0.9445376,289,false,false,standard,standard_fallback,false,true,true,false,8,0,C+W+z,4,16
blue4:lane2:snr8.0:seed4:frame2,8.0,2,cwz_joint,awgn,0.0,47.0,73,1.47456,2.4561664,0.9445376,246,false,false,standard,standard_fallback,false,true,true,false,8,0,C+W+z,4,16
blue4:lane2:snr8.0:seed4:frame3,8.0,3,cwz_joint,awgn,0.0,47.0,146,2.9696,3.9512064,0.9445376,335,false,false,standard,standard_fallback,false,true,true,false,8,0,C+W+z,4,16
blue4:lane2:snr8.0:seed4:frame4,8.0,4,cwz_joint,awgn,0.0,47.0,218,4.44416,5.4257664000000005,0.9445376,329,false,false,standard,standard_fallback,false,true,true,false,8,0,C+W+z,4,16
blue4:lane2:snr8.0:seed4:frame5,8.0,5,cwz_joint,awgn,0.0,47.0,291,5.9392,6.9208064,0.9445376,306,false,false,standard,standard_fallback,false,true,true,false,8,0,C+W+z,4,16
blue4:lane2:snr8.0:seed4:frame6,8.0,6,cwz_joint,awgn,0.0,47.0,363,7.41376,8.3953664,0.9445376,387,false,false,standard,standard_fallback,false,true,true,false,8,0,C+W+z,4,16
blue4:lane2:snr8.0:seed4:frame7,8.0,7,cwz_joint,awgn,0.0,47.0,436,8.9088,9.8904064,0.9445376,300,false,false,standard,standard_fallback,false,true,true,false,8,0,C+W+z,4,16
blue4:lane2:snr8.0:seed4:frame8,8.0,8,cwz_joint,awgn,0.0,47.0,508,10.38336,11.3649664,0.9445376,319,false,false,standard,standard_fallback,false,true,true,false,8,0,C+W+z,4,16
blue4:lane2:snr8.0:seed4:frame9,8.0,9,cwz_joint,awgn,0.0,47.0,581,11.8784,12.8600064,0.9445376,257,false,false,standard,standard_fallback,false,true,true,false,8,0,C+W+z,4,16
blue4:lane2:snr8.0:seed4:frame10,8.0,10,cwz_joint,awgn,0.0,47.0,653,13.35296,14.3345664,0.9445376,0,true,false,standard,standard_crc_valid,true,false,false,false,0,0,C+W+z,4,16
blue4:lane2:snr8.0:seed4:frame11,8.0,11,cwz_joint,awgn,0.0,47.0,726,14.848,15.829606400000001,0.9445376,298,false,false,standard,standard_fallback,false,true,true,false,8,0,C+W+z,4,16
blue4:lane2:snr8.0:seed4:frame12,8.0,12,cwz_joint,awgn,0.0,47.0,798,16.32256,17.3041664,0.9445376,347,false,false,standard,standard_fallback,false,true,true,false,8,0,C+W+z,4,16
blue4:lane2:snr8.0:seed4:frame13,8.0,13,cwz_joint,awgn,0.0,47.0,870,17.79712,18.7787264,0.9445376,394,false,false,standard,standard_fallback,false,true,true,false,8,0,C+W+z,4,16
blue4:lane2:snr8.0:seed4:frame14,8.0,14,cwz_joint,awgn,0.0,47.0,943,19.29216,20.2737664,0.9445376,382,false,false,standard,standard_fallback,false,true,true,false,8,0,C+W+z,4,16
blue4:lane2:snr8.0:seed4:frame15,8.0,15,cwz_joint,awgn,0.0,47.0,1015,20.76672,21.7483264,0.9445376,331,false,false,standard,standard_fallback,false,true,true,false,8,0,C+W+z,4,16
blue4:lane2:snr8.0:seed4:frame16,8.0,16,cwz_joint,awgn,0.0,47.0,1088,22.26176,23.2433664,0.9445376,347,false,false,standard,standard_fallback,false,true,true,false,8,0,C+W+z,4,16
blue4:lane2:snr8.0:seed4:frame17,8.0,17,cwz_joint,awgn,0.0,47.0,1160,23.73632,24.7179264,0.9445376,345,false,false,standard,standard_fallback,false,true,true,false,8,0,C+W+z,4,16
blue4:lane2:snr8.0:seed4:frame18,8.0,18,cwz_joint,awgn,0.0,47.0,1233,25.23136,26.2129664,0.9445376,364,false,false,standard,standard_fallback,false,true,true,false,8,0,C+W+z,4,16
blue4:lane2:snr8.0:seed4:frame19,8.0,19,cwz_joint,awgn,0.0,47.0,1305,26.70592,27.6875264,0.9445376,222,false,false,standard,standard_fallback,false,true,true,false,8,0,C+W+z,4,16
blue4:lane2:snr8.0:seed4:frame20,8.0,20,cwz_joint,awgn,0.0,47.0,1378,28.20096,29.1825664,0.9445376,3,false,false,standard,standard_fallback,false,true,true,false,8,0,C+W+z,4,16
blue4:lane2:snr8.0:seed4:frame21,8.0,21,cwz_joint,awgn,0.0,47.0,1450,29.67552,30.6571264,0.9445376,236,false,false,standard,standard_fallback,false,true,true,false,8,0,C+W+z,4,16
blue4:lane2:snr8.0:seed4:frame22,8.0,22,cwz_joint,awgn,0.0,47.0,1522,31.15008,32.1316864,0.9445376,0,true,false,standard,standard_crc_valid,true,false,false,false,0,0,C+W+z,4,16
blue4:lane2:snr8.0:seed4:frame23,8.0,23,cwz_joint,awgn,0.0,47.0,1595,32.64512,33.626726399999995,0.9445376,0,true,false,standard,standard_crc_valid,true,false,false,false,0,0,C+W+z,4,16
blue4:lane2:snr8.0:seed4:frame24,8.0,24,cwz_joint,awgn,0.0,47.0,1667,34.11968,35.1012864,0.9445376,3,false,false,standard,standard_fallback,false,true,true,false,8,0,C+W+z,4,16
blue4:lane2:snr8.0:seed4:frame25,8.0,25,cwz_joint,awgn,0.0,47.0,1740,35.61472,36.596326399999995,0.9445376,320,false,false,standard,standard_fallback,false,true,true,false,8,0,C+W+z,4,16
blue4:lane2:snr8.0:seed4:frame26,8.0,26,cwz_joint,awgn,0.0,47.0,1812,37.08928,38.0708864,0.9445376,222,false,false,standard,standard_fallback,false,true,true,false,8,0,C+W+z,4,16
blue4:lane2:snr8.0:seed4:frame27,8.0,27,cwz_joint,awgn,0.0,47.0,1885,38.58432,39.565926399999995,0.9445376,321,false,false,standard,standard_fallback,false,true,true,false,8,0,C+W+z,4,16
blue4:lane2:snr8.0:seed4:frame28,8.0,28,cwz_joint,awgn,0.0,47.0,1957,40.05888,41.0404864,0.9445376,211,false,false,standard,standard_fallback,false,true,true,false,8,0,C+W+z,4,16
blue4:lane2:snr8.0:seed4:frame29,8.0,29,cwz_joint,awgn,0.0,47.0,2030,41.55392,42.535526399999995,0.9445376,277,false,false,standard,standard_fallback,false,true,true,false,8,0,C+W+z,4,16
blue4:lane2:snr8.0:seed4:frame30,8.0,30,cwz_joint,awgn,0.0,47.0,2102,43.02848,44.0100864,0.9445376,292,false,false,standard,standard_fallback,false,true,true,false,8,0,C+W+z,4,16
blue4:lane2:snr8.0:seed4:frame31,8.0,31,cwz_joint,awgn,0.0,47.0,2175,44.52352,45.505126399999995,0.9445376,379,false,false,standard,standard_fallback,false,true,true,false,8,0,C+W+z,4,16
blue4:lane2:snr8.0:seed4:frame32,8.0,32,cwz_joint,awgn,0.0,47.0,2247,45.99808,46.9796864,0.9445376,0,true,false,standard,standard_crc_valid,true,false,false,false,0,0,C+W+z,4,16
blue4:lane2:snr8.0:seed4:frame1,8.0,1,profiled_cz,awgn,0.0,47.0,1,0.0,0.9816064,0.9445376,289,false,false,standard,standard_fallback,false,true,true,false,8,0,C+z,4,16
blue4:lane2:snr8.0:seed4:frame2,8.0,2,profiled_cz,awgn,0.0,47.0,73,1.47456,2.4561664,0.9445376,246,false,false,standard,standard_fallback,false,true,true,false,8,0,C+z,4,16
blue4:lane2:snr8.0:seed4:frame3,8.0,3,profiled_cz,awgn,0.0,47.0,146,2.9696,3.9512064,0.9445376,335,false,false,standard,standard_fallback,false,true,true,false,8,0,C+z,4,16
blue4:lane2:snr8.0:seed4:frame4,8.0,4,profiled_cz,awgn,0.0,47.0,218,4.44416,5.4257664000000005,0.9445376,329,false,false,standard,standard_fallback,false,true,true,false,8,0,C+z,4,16
blue4:lane2:snr8.0:seed4:frame5,8.0,5,profiled_cz,awgn,0.0,47.0,291,5.9392,6.9208064,0.9445376,306,false,false,standard,standard_fallback,false,true,true,false,8,0,C+z,4,16
blue4:lane2:snr8.0:seed4:frame6,8.0,6,profiled_cz,awgn,0.0,47.0,363,7.41376,8.3953664,0.9445376,387,false,false,standard,standard_fallback,false,true,true,false,8,0,C+z,4,16
blue4:lane2:snr8.0:seed4:frame7,8.0,7,profiled_cz,awgn,0.0,47.0,436,8.9088,9.8904064,0.9445376,300,false,false,standard,standard_fallback,false,true,true,false,8,0,C+z,4,16
blue4:lane2:snr8.0:seed4:frame8,8.0,8,profiled_cz,awgn,0.0,47.0,508,10.38336,11.3649664,0.9445376,319,false,false,standard,standard_fallback,false,true,true,false,8,0,C+z,4,16
blue4:lane2:snr8.0:seed4:frame9,8.0,9,profiled_cz,awgn,0.0,47.0,581,11.8784,12.8600064,0.9445376,257,false,false,standard,standard_fallback,false,true,true,false,8,0,C+z,4,16
blue4:lane2:snr8.0:seed4:frame10,8.0,10,profiled_cz,awgn,0.0,47.0,653,13.35296,14.3345664,0.9445376,0,true,false,standard,standard_crc_valid,true,false,false,false,0,0,C+z,4,16
blue4:lane2:snr8.0:seed4:frame11,8.0,11,profiled_cz,awgn,0.0,47.0,726,14.848,15.829606400000001,0.9445376,298,false,false,standard,standard_fallback,false,true,true,false,8,0,C+z,4,16
blue4:lane2:snr8.0:seed4:frame12,8.0,12,profiled_cz,awgn,0.0,47.0,798,16.32256,17.3041664,0.9445376,347,false,false,standard,standard_fallback,false,true,true,false,8,0,C+z,4,16
blue4:lane2:snr8.0:seed4:frame13,8.0,13,profiled_cz,awgn,0.0,47.0,870,17.79712,18.7787264,0.9445376,394,false,false,standard,standard_fallback,false,true,true,false,8,0,C+z,4,16
blue4:lane2:snr8.0:seed4:frame14,8.0,14,profiled_cz,awgn,0.0,47.0,943,19.29216,20.2737664,0.9445376,382,false,false,standard,standard_fallback,false,true,true,false,8,0,C+z,4,16
blue4:lane2:snr8.0:seed4:frame15,8.0,15,profiled_cz,awgn,0.0,47.0,1015,20.76672,21.7483264,0.9445376,331,false,false,standard,standard_fallback,false,true,true,false,8,0,C+z,4,16
blue4:lane2:snr8.0:seed4:frame16,8.0,16,profiled_cz,awgn,0.0,47.0,1088,22.26176,23.2433664,0.9445376,347,false,false,standard,standard_fallback,false,true,true,false,8,0,C+z,4,16
blue4:lane2:snr8.0:seed4:frame17,8.0,17,profiled_cz,awgn,0.0,47.0,1160,23.73632,24.7179264,0.9445376,345,false,false,standard,standard_fallback,false,true,true,false,8,0,C+z,4,16
blue4:lane2:snr8.0:seed4:frame18,8.0,18,profiled_cz,awgn,0.0,47.0,1233,25.23136,26.2129664,0.9445376,364,false,false,standard,standard_fallback,false,true,true,false,8,0,C+z,4,16
blue4:lane2:snr8.0:seed4:frame19,8.0,19,profiled_cz,awgn,0.0,47.0,1305,26.70592,27.6875264,0.9445376,222,false,false,standard,standard_fallback,false,true,true,false,8,0,C+z,4,16
blue4:lane2:snr8.0:seed4:frame20,8.0,20,profiled_cz,awgn,0.0,47.0,1378,28.20096,29.1825664,0.9445376,3,false,false,standard,standard_fallback,false,true,true,false,8,0,C+z,4,16
blue4:lane2:snr8.0:seed4:frame21,8.0,21,profiled_cz,awgn,0.0,47.0,1450,29.67552,30.6571264,0.9445376,236,false,false,standard,standard_fallback,false,true,true,false,8,0,C+z,4,16
blue4:lane2:snr8.0:seed4:frame22,8.0,22,profiled_cz,awgn,0.0,47.0,1522,31.15008,32.1316864,0.9445376,0,true,false,standard,standard_crc_valid,true,false,false,false,0,0,C+z,4,16
blue4:lane2:snr8.0:seed4:frame23,8.0,23,profiled_cz,awgn,0.0,47.0,1595,32.64512,33.626726399999995,0.9445376,0,true,false,standard,standard_crc_valid,true,false,false,false,0,0,C+z,4,16
blue4:lane2:snr8.0:seed4:frame24,8.0,24,profiled_cz,awgn,0.0,47.0,1667,34.11968,35.1012864,0.9445376,3,false,false,standard,standard_fallback,false,true,true,false,8,0,C+z,4,16
blue4:lane2:snr8.0:seed4:frame25,8.0,25,profiled_cz,awgn,0.0,47.0,1740,35.61472,36.596326399999995,0.9445376,320,false,false,standard,standard_fallback,false,true,true,false,8,0,C+z,4,16
blue4:lane2:snr8.0:seed4:frame26,8.0,26,profiled_cz,awgn,0.0,47.0,1812,37.08928,38.0708864,0.9445376,222,false,false,standard,standard_fallback,false,true,true,false,8,0,C+z,4,16
blue4:lane2:snr8.0:seed4:frame27,8.0,27,profiled_cz,awgn,0.0,47.0,1885,38.58432,39.565926399999995,0.9445376,321,false,false,standard,standard_fallback,false,true,true,false,8,0,C+z,4,16
blue4:lane2:snr8.0:seed4:frame28,8.0,28,profiled_cz,awgn,0.0,47.0,1957,40.05888,41.0404864,0.9445376,211,false,false,standard,standard_fallback,false,true,true,false,8,0,C+z,4,16
blue4:lane2:snr8.0:seed4:frame29,8.0,29,profiled_cz,awgn,0.0,47.0,2030,41.55392,42.535526399999995,0.9445376,277,false,false,standard,standard_fallback,false,true,true,false,8,0,C+z,4,16
blue4:lane2:snr8.0:seed4:frame30,8.0,30,profiled_cz,awgn,0.0,47.0,2102,43.02848,44.0100864,0.9445376,292,false,false,standard,standard_fallback,false,true,true,false,8,0,C+z,4,16
blue4:lane2:snr8.0:seed4:frame31,8.0,31,profiled_cz,awgn,0.0,47.0,2175,44.52352,45.505126399999995,0.9445376,379,false,false,standard,standard_fallback,false,true,true,false,8,0,C+z,4,16
blue4:lane2:snr8.0:seed4:frame32,8.0,32,profiled_cz,awgn,0.0,47.0,2247,45.99808,46.9796864,0.9445376,0,true,false,standard,standard_crc_valid,true,false,false,false,0,0,C+z,4,16
blue4:lane2:snr10.0:seed4:frame1,10.0,1,cwz_joint,awgn,0.0,47.0,1,0.0,0.9816064,0.9445376,0,true,false,standard,standard_crc_valid,true,false,false,false,0,0,C+W+z,4,16
blue4:lane2:snr10.0:seed4:frame2,10.0,2,cwz_joint,awgn,0.0,47.0,73,1.47456,2.4561664,0.9445376,157,false,false,standard,standard_fallback,false,true,true,false,8,0,C+W+z,4,16
blue4:lane2:snr10.0:seed4:frame3,10.0,3,cwz_joint,awgn,0.0,47.0,146,2.9696,3.9512064,0.9445376,339,false,false,standard,standard_fallback,false,true,true,false,8,0,C+W+z,4,16
blue4:lane2:snr10.0:seed4:frame4,10.0,4,cwz_joint,awgn,0.0,47.0,218,4.44416,5.4257664000000005,0.9445376,326,false,false,standard,standard_fallback,false,true,true,false,8,0,C+W+z,4,16
blue4:lane2:snr10.0:seed4:frame5,10.0,5,cwz_joint,awgn,0.0,47.0,291,5.9392,6.9208064,0.9445376,290,false,false,standard,standard_fallback,false,true,true,false,8,0,C+W+z,4,16
blue4:lane2:snr10.0:seed4:frame6,10.0,6,cwz_joint,awgn,0.0,47.0,363,7.41376,8.3953664,0.9445376,352,false,false,standard,standard_fallback,false,true,true,false,8,0,C+W+z,4,16
blue4:lane2:snr10.0:seed4:frame7,10.0,7,cwz_joint,awgn,0.0,47.0,436,8.9088,9.8904064,0.9445376,0,true,false,standard,standard_crc_valid,true,false,false,false,0,0,C+W+z,4,16
blue4:lane2:snr10.0:seed4:frame8,10.0,8,cwz_joint,awgn,0.0,47.0,508,10.38336,11.3649664,0.9445376,117,false,false,standard,standard_fallback,false,true,true,false,8,0,C+W+z,4,16
blue4:lane2:snr10.0:seed4:frame9,10.0,9,cwz_joint,awgn,0.0,47.0,581,11.8784,12.8600064,0.9445376,249,false,false,standard,standard_fallback,false,true,true,false,8,0,C+W+z,4,16
blue4:lane2:snr10.0:seed4:frame10,10.0,10,cwz_joint,awgn,0.0,47.0,653,13.35296,14.3345664,0.9445376,0,true,false,standard,standard_crc_valid,true,false,false,false,0,0,C+W+z,4,16
blue4:lane2:snr10.0:seed4:frame11,10.0,11,cwz_joint,awgn,0.0,47.0,726,14.848,15.829606400000001,0.9445376,0,true,false,standard,standard_crc_valid,true,false,false,false,0,0,C+W+z,4,16
blue4:lane2:snr10.0:seed4:frame12,10.0,12,cwz_joint,awgn,0.0,47.0,798,16.32256,17.3041664,0.9445376,366,false,false,standard,standard_fallback,false,true,true,false,8,0,C+W+z,4,16
blue4:lane2:snr10.0:seed4:frame13,10.0,13,cwz_joint,awgn,0.0,47.0,870,17.79712,18.7787264,0.9445376,408,false,false,standard,standard_fallback,false,true,true,false,8,0,C+W+z,4,16
blue4:lane2:snr10.0:seed4:frame14,10.0,14,cwz_joint,awgn,0.0,47.0,943,19.29216,20.2737664,0.9445376,329,false,false,standard,standard_fallback,false,true,true,false,8,0,C+W+z,4,16
blue4:lane2:snr10.0:seed4:frame15,10.0,15,cwz_joint,awgn,0.0,47.0,1015,20.76672,21.7483264,0.9445376,323,false,false,standard,standard_fallback,false,true,true,false,8,0,C+W+z,4,16
blue4:lane2:snr10.0:seed4:frame16,10.0,16,cwz_joint,awgn,0.0,47.0,1088,22.26176,23.2433664,0.9445376,297,false,false,standard,standard_fallback,false,true,true,false,8,0,C+W+z,4,16
blue4:lane2:snr10.0:seed4:frame17,10.0,17,cwz_joint,awgn,0.0,47.0,1160,23.73632,24.7179264,0.9445376,301,false,false,standard,standard_fallback,false,true,true,false,8,0,C+W+z,4,16
blue4:lane2:snr10.0:seed4:frame18,10.0,18,cwz_joint,awgn,0.0,47.0,1233,25.23136,26.2129664,0.9445376,267,false,false,standard,standard_fallback,false,true,true,false,8,0,C+W+z,4,16
blue4:lane2:snr10.0:seed4:frame19,10.0,19,cwz_joint,awgn,0.0,47.0,1305,26.70592,27.6875264,0.9445376,1,false,false,standard,standard_fallback,false,true,true,false,8,0,C+W+z,4,16
blue4:lane2:snr10.0:seed4:frame20,10.0,20,cwz_joint,awgn,0.0,47.0,1378,28.20096,29.1825664,0.9445376,0,true,false,standard,standard_crc_valid,true,false,false,false,0,0,C+W+z,4,16
blue4:lane2:snr10.0:seed4:frame21,10.0,21,cwz_joint,awgn,0.0,47.0,1450,29.67552,30.6571264,0.9445376,0,true,false,standard,standard_crc_valid,true,false,false,false,0,0,C+W+z,4,16
blue4:lane2:snr10.0:seed4:frame22,10.0,22,cwz_joint,awgn,0.0,47.0,1522,31.15008,32.1316864,0.9445376,0,true,false,standard,standard_crc_valid,true,false,false,false,0,0,C+W+z,4,16
blue4:lane2:snr10.0:seed4:frame23,10.0,23,cwz_joint,awgn,0.0,47.0,1595,32.64512,33.626726399999995,0.9445376,0,true,false,standard,standard_crc_valid,true,false,false,false,0,0,C+W+z,4,16
blue4:lane2:snr10.0:seed4:frame24,10.0,24,cwz_joint,awgn,0.0,47.0,1667,34.11968,35.1012864,0.9445376,0,true,false,standard,standard_crc_valid,true,false,false,false,0,0,C+W+z,4,16
blue4:lane2:snr10.0:seed4:frame25,10.0,25,cwz_joint,awgn,0.0,47.0,1740,35.61472,36.596326399999995,0.9445376,1,false,false,standard,standard_fallback,false,true,true,false,8,0,C+W+z,4,16
blue4:lane2:snr10.0:seed4:frame26,10.0,26,cwz_joint,awgn,0.0,47.0,1812,37.08928,38.0708864,0.9445376,0,true,false,standard,standard_crc_valid,true,false,false,false,0,0,C+W+z,4,16
blue4:lane2:snr10.0:seed4:frame27,10.0,27,cwz_joint,awgn,0.0,47.0,1885,38.58432,39.565926399999995,0.9445376,1,false,false,standard,standard_fallback,false,true,true,false,8,0,C+W+z,4,16
blue4:lane2:snr10.0:seed4:frame28,10.0,28,cwz_joint,awgn,0.0,47.0,1957,40.05888,41.0404864,0.9445376,3,false,false,standard,standard_fallback,false,true,true,false,8,0,C+W+z,4,16
blue4:lane2:snr10.0:seed4:frame29,10.0,29,cwz_joint,awgn,0.0,47.0,2030,41.55392,42.535526399999995,0.9445376,0,true,false,standard,standard_crc_valid,true,false,false,false,0,0,C+W+z,4,16
blue4:lane2:snr10.0:seed4:frame30,10.0,30,cwz_joint,awgn,0.0,47.0,2102,43.02848,44.0100864,0.9445376,0,true,false,standard,standard_crc_valid,true,false,false,false,0,0,C+W+z,4,16
blue4:lane2:snr10.0:seed4:frame31,10.0,31,cwz_joint,awgn,0.0,47.0,2175,44.52352,45.505126399999995,0.9445376,337,false,false,standard,standard_fallback,false,true,true,false,8,0,C+W+z,4,16
blue4:lane2:snr10.0:seed4:frame32,10.0,32,cwz_joint,awgn,0.0,47.0,2247,45.99808,46.9796864,0.9445376,0,true,false,standard,standard_crc_valid,true,false,false,false,0,0,C+W+z,4,16
blue4:lane2:snr10.0:seed4:frame1,10.0,1,profiled_cz,awgn,0.0,47.0,1,0.0,0.9816064,0.9445376,0,true,false,standard,standard_crc_valid,true,false,false,false,0,0,C+z,4,16
blue4:lane2:snr10.0:seed4:frame2,10.0,2,profiled_cz,awgn,0.0,47.0,73,1.47456,2.4561664,0.9445376,157,false,false,standard,standard_fallback,false,true,true,false,8,0,C+z,4,16
blue4:lane2:snr10.0:seed4:frame3,10.0,3,profiled_cz,awgn,0.0,47.0,146,2.9696,3.9512064,0.9445376,339,false,false,standard,standard_fallback,false,true,true,false,8,0,C+z,4,16
blue4:lane2:snr10.0:seed4:frame4,10.0,4,profiled_cz,awgn,0.0,47.0,218,4.44416,5.4257664000000005,0.9445376,326,false,false,standard,standard_fallback,false,true,true,false,8,0,C+z,4,16
blue4:lane2:snr10.0:seed4:frame5,10.0,5,profiled_cz,awgn,0.0,47.0,291,5.9392,6.9208064,0.9445376,290,false,false,standard,standard_fallback,false,true,true,false,8,0,C+z,4,16
blue4:lane2:snr10.0:seed4:frame6,10.0,6,profiled_cz,awgn,0.0,47.0,363,7.41376,8.3953664,0.9445376,352,false,false,standard,standard_fallback,false,true,true,false,8,0,C+z,4,16
blue4:lane2:snr10.0:seed4:frame7,10.0,7,profiled_cz,awgn,0.0,47.0,436,8.9088,9.8904064,0.9445376,0,true,false,standard,standard_crc_valid,true,false,false,false,0,0,C+z,4,16
blue4:lane2:snr10.0:seed4:frame8,10.0,8,profiled_cz,awgn,0.0,47.0,508,10.38336,11.3649664,0.9445376,117,false,false,standard,standard_fallback,false,true,true,false,8,0,C+z,4,16
blue4:lane2:snr10.0:seed4:frame9,10.0,9,profiled_cz,awgn,0.0,47.0,581,11.8784,12.8600064,0.9445376,249,false,false,standard,standard_fallback,false,true,true,false,8,0,C+z,4,16
blue4:lane2:snr10.0:seed4:frame10,10.0,10,profiled_cz,awgn,0.0,47.0,653,13.35296,14.3345664,0.9445376,0,true,false,standard,standard_crc_valid,true,false,false,false,0,0,C+z,4,16
blue4:lane2:snr10.0:seed4:frame11,10.0,11,profiled_cz,awgn,0.0,47.0,726,14.848,15.829606400000001,0.9445376,0,true,false,standard,standard_crc_valid,true,false,false,false,0,0,C+z,4,16
blue4:lane2:snr10.0:seed4:frame12,10.0,12,profiled_cz,awgn,0.0,47.0,798,16.32256,17.3041664,0.9445376,366,false,false,standard,standard_fallback,false,true,true,false,8,0,C+z,4,16
blue4:lane2:snr10.0:seed4:frame13,10.0,13,profiled_cz,awgn,0.0,47.0,870,17.79712,18.7787264,0.9445376,408,false,false,standard,standard_fallback,false,true,true,false,8,0,C+z,4,16
blue4:lane2:snr10.0:seed4:frame14,10.0,14,profiled_cz,awgn,0.0,47.0,943,19.29216,20.2737664,0.9445376,329,false,false,standard,standard_fallback,false,true,true,false,8,0,C+z,4,16
blue4:lane2:snr10.0:seed4:frame15,10.0,15,profiled_cz,awgn,0.0,47.0,1015,20.76672,21.7483264,0.9445376,323,false,false,standard,standard_fallback,false,true,true,false,8,0,C+z,4,16
blue4:lane2:snr10.0:seed4:frame16,10.0,16,profiled_cz,awgn,0.0,47.0,1088,22.26176,23.2433664,0.9445376,297,false,false,standard,standard_fallback,false,true,true,false,8,0,C+z,4,16
blue4:lane2:snr10.0:seed4:frame17,10.0,17,profiled_cz,awgn,0.0,47.0,1160,23.73632,24.7179264,0.9445376,301,false,false,standard,standard_fallback,false,true,true,false,8,0,C+z,4,16
blue4:lane2:snr10.0:seed4:frame18,10.0,18,profiled_cz,awgn,0.0,47.0,1233,25.23136,26.2129664,0.9445376,267,false,false,standard,standard_fallback,false,true,true,false,8,0,C+z,4,16
blue4:lane2:snr10.0:seed4:frame19,10.0,19,profiled_cz,awgn,0.0,47.0,1305,26.70592,27.6875264,0.9445376,1,false,false,standard,standard_fallback,false,true,true,false,8,0,C+z,4,16
blue4:lane2:snr10.0:seed4:frame20,10.0,20,profiled_cz,awgn,0.0,47.0,1378,28.20096,29.1825664,0.9445376,0,true,false,standard,standard_crc_valid,true,false,false,false,0,0,C+z,4,16
blue4:lane2:snr10.0:seed4:frame21,10.0,21,profiled_cz,awgn,0.0,47.0,1450,29.67552,30.6571264,0.9445376,0,true,false,standard,standard_crc_valid,true,false,false,false,0,0,C+z,4,16
blue4:lane2:snr10.0:seed4:frame22,10.0,22,profiled_cz,awgn,0.0,47.0,1522,31.15008,32.1316864,0.9445376,0,true,false,standard,standard_crc_valid,true,false,false,false,0,0,C+z,4,16
blue4:lane2:snr10.0:seed4:frame23,10.0,23,profiled_cz,awgn,0.0,47.0,1595,32.64512,33.626726399999995,0.9445376,0,true,false,standard,standard_crc_valid,true,false,false,false,0,0,C+z,4,16
blue4:lane2:snr10.0:seed4:frame24,10.0,24,profiled_cz,awgn,0.0,47.0,1667,34.11968,35.1012864,0.9445376,0,true,false,standard,standard_crc_valid,true,false,false,false,0,0,C+z,4,16
blue4:lane2:snr10.0:seed4:frame25,10.0,25,profiled_cz,awgn,0.0,47.0,1740,35.61472,36.596326399999995,0.9445376,1,false,false,standard,standard_fallback,false,true,true,false,8,0,C+z,4,16
blue4:lane2:snr10.0:seed4:frame26,10.0,26,profiled_cz,awgn,0.0,47.0,1812,37.08928,38.0708864,0.9445376,0,true,false,standard,standard_crc_valid,true,false,false,false,0,0,C+z,4,16
blue4:lane2:snr10.0:seed4:frame27,10.0,27,profiled_cz,awgn,0.0,47.0,1885,38.58432,39.565926399999995,0.9445376,1,false,false,standard,standard_fallback,false,true,true,false,8,0,C+z,4,16
blue4:lane2:snr10.0:seed4:frame28,10.0,28,profiled_cz,awgn,0.0,47.0,1957,40.05888,41.0404864,0.9445376,3,false,false,standard,standard_fallback,false,true,true,false,8,0,C+z,4,16
blue4:lane2:snr10.0:seed4:frame29,10.0,29,profiled_cz,awgn,0.0,47.0,2030,41.55392,42.535526399999995,0.9445376,0,true,false,standard,standard_crc_valid,true,false,false,false,0,0,C+z,4,16
blue4:lane2:snr10.0:seed4:frame30,10.0,30,profiled_cz,awgn,0.0,47.0,2102,43.02848,44.0100864,0.9445376,0,true,false,standard,standard_crc_valid,true,false,false,false,0,0,C+z,4,16
blue4:lane2:snr10.0:seed4:frame31,10.0,31,profiled_cz,awgn,0.0,47.0,2175,44.52352,45.505126399999995,0.9445376,337,false,false,standard,standard_fallback,false,true,true,false,8,0,C+z,4,16
blue4:lane2:snr10.0:seed4:frame32,10.0,32,profiled_cz,awgn,0.0,47.0,2247,45.99808,46.9796864,0.9445376,0,true,false,standard,standard_crc_valid,true,false,false,false,0,0,C+z,4,16
blue4:lane2:snr12.0:seed4:frame1,12.0,1,cwz_joint,awgn,0.0,47.0,1,0.0,0.9816064,0.9445376,0,true,false,standard,standard_crc_valid,true,false,false,false,0,0,C+W+z,4,16
blue4:lane2:snr12.0:seed4:frame2,12.0,2,cwz_joint,awgn,0.0,47.0,73,1.47456,2.4561664,0.9445376,0,true,false,standard,standard_crc_valid,true,false,false,false,0,0,C+W+z,4,16
blue4:lane2:snr12.0:seed4:frame3,12.0,3,cwz_joint,awgn,0.0,47.0,146,2.9696,3.9512064,0.9445376,282,false,false,standard,standard_fallback,false,true,true,false,8,0,C+W+z,4,16
blue4:lane2:snr12.0:seed4:frame4,12.0,4,cwz_joint,awgn,0.0,47.0,218,4.44416,5.4257664000000005,0.9445376,304,false,false,standard,standard_fallback,false,true,true,false,8,0,C+W+z,4,16
blue4:lane2:snr12.0:seed4:frame5,12.0,5,cwz_joint,awgn,0.0,47.0,291,5.9392,6.9208064,0.9445376,279,false,false,standard,standard_fallback,false,true,true,false,8,0,C+W+z,4,16
blue4:lane2:snr12.0:seed4:frame6,12.0,6,cwz_joint,awgn,0.0,47.0,363,7.41376,8.3953664,0.9445376,259,false,false,standard,standard_fallback,false,true,true,false,8,0,C+W+z,4,16
blue4:lane2:snr12.0:seed4:frame7,12.0,7,cwz_joint,awgn,0.0,47.0,436,8.9088,9.8904064,0.9445376,0,true,false,standard,standard_crc_valid,true,false,false,false,0,0,C+W+z,4,16
blue4:lane2:snr12.0:seed4:frame8,12.0,8,cwz_joint,awgn,0.0,47.0,508,10.38336,11.3649664,0.9445376,0,true,false,standard,standard_crc_valid,true,false,false,false,0,0,C+W+z,4,16
blue4:lane2:snr12.0:seed4:frame9,12.0,9,cwz_joint,awgn,0.0,47.0,581,11.8784,12.8600064,0.9445376,0,true,false,standard,standard_crc_valid,true,false,false,false,0,0,C+W+z,4,16
blue4:lane2:snr12.0:seed4:frame10,12.0,10,cwz_joint,awgn,0.0,47.0,653,13.35296,14.3345664,0.9445376,0,true,false,standard,standard_crc_valid,true,false,false,false,0,0,C+W+z,4,16
blue4:lane2:snr12.0:seed4:frame11,12.0,11,cwz_joint,awgn,0.0,47.0,726,14.848,15.829606400000001,0.9445376,0,true,false,standard,standard_crc_valid,true,false,false,false,0,0,C+W+z,4,16
blue4:lane2:snr12.0:seed4:frame12,12.0,12,cwz_joint,awgn,0.0,47.0,798,16.32256,17.3041664,0.9445376,336,false,false,standard,standard_fallback,false,true,true,false,8,0,C+W+z,4,16
blue4:lane2:snr12.0:seed4:frame13,12.0,13,cwz_joint,awgn,0.0,47.0,870,17.79712,18.7787264,0.9445376,276,false,false,standard,standard_fallback,false,true,true,false,8,0,C+W+z,4,16
blue4:lane2:snr12.0:seed4:frame14,12.0,14,cwz_joint,awgn,0.0,47.0,943,19.29216,20.2737664,0.9445376,328,false,false,standard,standard_fallback,false,true,true,false,8,0,C+W+z,4,16
blue4:lane2:snr12.0:seed4:frame15,12.0,15,cwz_joint,awgn,0.0,47.0,1015,20.76672,21.7483264,0.9445376,269,false,false,standard,standard_fallback,false,true,true,false,8,0,C+W+z,4,16
blue4:lane2:snr12.0:seed4:frame16,12.0,16,cwz_joint,awgn,0.0,47.0,1088,22.26176,23.2433664,0.9445376,184,false,false,standard,standard_fallback,false,true,true,false,8,0,C+W+z,4,16
blue4:lane2:snr12.0:seed4:frame17,12.0,17,cwz_joint,awgn,0.0,47.0,1160,23.73632,24.7179264,0.9445376,325,false,false,standard,standard_fallback,false,true,true,false,8,0,C+W+z,4,16
blue4:lane2:snr12.0:seed4:frame18,12.0,18,cwz_joint,awgn,0.0,47.0,1233,25.23136,26.2129664,0.9445376,0,true,false,standard,standard_crc_valid,true,false,false,false,0,0,C+W+z,4,16
blue4:lane2:snr12.0:seed4:frame19,12.0,19,cwz_joint,awgn,0.0,47.0,1305,26.70592,27.6875264,0.9445376,0,true,false,standard,standard_crc_valid,true,false,false,false,0,0,C+W+z,4,16
blue4:lane2:snr12.0:seed4:frame20,12.0,20,cwz_joint,awgn,0.0,47.0,1378,28.20096,29.1825664,0.9445376,0,true,false,standard,standard_crc_valid,true,false,false,false,0,0,C+W+z,4,16
blue4:lane2:snr12.0:seed4:frame21,12.0,21,cwz_joint,awgn,0.0,47.0,1450,29.67552,30.6571264,0.9445376,0,true,false,standard,standard_crc_valid,true,false,false,false,0,0,C+W+z,4,16
blue4:lane2:snr12.0:seed4:frame22,12.0,22,cwz_joint,awgn,0.0,47.0,1522,31.15008,32.1316864,0.9445376,0,true,false,standard,standard_crc_valid,true,false,false,false,0,0,C+W+z,4,16
blue4:lane2:snr12.0:seed4:frame23,12.0,23,cwz_joint,awgn,0.0,47.0,1595,32.64512,33.626726399999995,0.9445376,0,true,false,standard,standard_crc_valid,true,false,false,false,0,0,C+W+z,4,16
blue4:lane2:snr12.0:seed4:frame24,12.0,24,cwz_joint,awgn,0.0,47.0,1667,34.11968,35.1012864,0.9445376,0,true,false,standard,standard_crc_valid,true,false,false,false,0,0,C+W+z,4,16
blue4:lane2:snr12.0:seed4:frame25,12.0,25,cwz_joint,awgn,0.0,47.0,1740,35.61472,36.596326399999995,0.9445376,0,true,false,standard,standard_crc_valid,true,false,false,false,0,0,C+W+z,4,16
blue4:lane2:snr12.0:seed4:frame26,12.0,26,cwz_joint,awgn,0.0,47.0,1812,37.08928,38.0708864,0.9445376,0,true,false,standard,standard_crc_valid,true,false,false,false,0,0,C+W+z,4,16
blue4:lane2:snr12.0:seed4:frame27,12.0,27,cwz_joint,awgn,0.0,47.0,1885,38.58432,39.565926399999995,0.9445376,0,true,false,standard,standard_crc_valid,true,false,false,false,0,0,C+W+z,4,16
blue4:lane2:snr12.0:seed4:frame28,12.0,28,cwz_joint,awgn,0.0,47.0,1957,40.05888,41.0404864,0.9445376,0,true,false,standard,standard_crc_valid,true,false,false,false,0,0,C+W+z,4,16
blue4:lane2:snr12.0:seed4:frame29,12.0,29,cwz_joint,awgn,0.0,47.0,2030,41.55392,42.535526399999995,0.9445376,0,true,false,standard,standard_crc_valid,true,false,false,false,0,0,C+W+z,4,16
blue4:lane2:snr12.0:seed4:frame30,12.0,30,cwz_joint,awgn,0.0,47.0,2102,43.02848,44.0100864,0.9445376,0,true,false,standard,standard_crc_valid,true,false,false,false,0,0,C+W+z,4,16
blue4:lane2:snr12.0:seed4:frame31,12.0,31,cwz_joint,awgn,0.0,47.0,2175,44.52352,45.505126399999995,0.9445376,0,true,false,standard,standard_crc_valid,true,false,false,false,0,0,C+W+z,4,16
blue4:lane2:snr12.0:seed4:frame32,12.0,32,cwz_joint,awgn,0.0,47.0,2247,45.99808,46.9796864,0.9445376,0,true,false,standard,standard_crc_valid,true,false,false,false,0,0,C+W+z,4,16
blue4:lane2:snr12.0:seed4:frame1,12.0,1,profiled_cz,awgn,0.0,47.0,1,0.0,0.9816064,0.9445376,0,true,false,standard,standard_crc_valid,true,false,false,false,0,0,C+z,4,16
blue4:lane2:snr12.0:seed4:frame2,12.0,2,profiled_cz,awgn,0.0,47.0,73,1.47456,2.4561664,0.9445376,0,true,false,standard,standard_crc_valid,true,false,false,false,0,0,C+z,4,16
blue4:lane2:snr12.0:seed4:frame3,12.0,3,profiled_cz,awgn,0.0,47.0,146,2.9696,3.9512064,0.9445376,282,false,false,standard,standard_fallback,false,true,true,false,8,0,C+z,4,16
blue4:lane2:snr12.0:seed4:frame4,12.0,4,profiled_cz,awgn,0.0,47.0,218,4.44416,5.4257664000000005,0.9445376,304,false,false,standard,standard_fallback,false,true,true,false,8,0,C+z,4,16
blue4:lane2:snr12.0:seed4:frame5,12.0,5,profiled_cz,awgn,0.0,47.0,291,5.9392,6.9208064,0.9445376,279,false,false,standard,standard_fallback,false,true,true,false,8,0,C+z,4,16
blue4:lane2:snr12.0:seed4:frame6,12.0,6,profiled_cz,awgn,0.0,47.0,363,7.41376,8.3953664,0.9445376,259,false,false,standard,standard_fallback,false,true,true,false,8,0,C+z,4,16
blue4:lane2:snr12.0:seed4:frame7,12.0,7,profiled_cz,awgn,0.0,47.0,436,8.9088,9.8904064,0.9445376,0,true,false,standard,standard_crc_valid,true,false,false,false,0,0,C+z,4,16
blue4:lane2:snr12.0:seed4:frame8,12.0,8,profiled_cz,awgn,0.0,47.0,508,10.38336,11.3649664,0.9445376,0,true,false,standard,standard_crc_valid,true,false,false,false,0,0,C+z,4,16
blue4:lane2:snr12.0:seed4:frame9,12.0,9,profiled_cz,awgn,0.0,47.0,581,11.8784,12.8600064,0.9445376,0,true,false,standard,standard_crc_valid,true,false,false,false,0,0,C+z,4,16
blue4:lane2:snr12.0:seed4:frame10,12.0,10,profiled_cz,awgn,0.0,47.0,653,13.35296,14.3345664,0.9445376,0,true,false,standard,standard_crc_valid,true,false,false,false,0,0,C+z,4,16
blue4:lane2:snr12.0:seed4:frame11,12.0,11,profiled_cz,awgn,0.0,47.0,726,14.848,15.829606400000001,0.9445376,0,true,false,standard,standard_crc_valid,true,false,false,false,0,0,C+z,4,16
blue4:lane2:snr12.0:seed4:frame12,12.0,12,profiled_cz,awgn,0.0,47.0,798,16.32256,17.3041664,0.9445376,336,false,false,standard,standard_fallback,false,true,true,false,8,0,C+z,4,16
blue4:lane2:snr12.0:seed4:frame13,12.0,13,profiled_cz,awgn,0.0,47.0,870,17.79712,18.7787264,0.9445376,276,false,false,standard,standard_fallback,false,true,true,false,8,0,C+z,4,16
blue4:lane2:snr12.0:seed4:frame14,12.0,14,profiled_cz,awgn,0.0,47.0,943,19.29216,20.2737664,0.9445376,328,false,false,standard,standard_fallback,false,true,true,false,8,0,C+z,4,16
blue4:lane2:snr12.0:seed4:frame15,12.0,15,profiled_cz,awgn,0.0,47.0,1015,20.76672,21.7483264,0.9445376,269,false,false,standard,standard_fallback,false,true,true,false,8,0,C+z,4,16
blue4:lane2:snr12.0:seed4:frame16,12.0,16,profiled_cz,awgn,0.0,47.0,1088,22.26176,23.2433664,0.9445376,184,false,false,standard,standard_fallback,false,true,true,false,8,0,C+z,4,16
blue4:lane2:snr12.0:seed4:frame17,12.0,17,profiled_cz,awgn,0.0,47.0,1160,23.73632,24.7179264,0.9445376,325,false,false,standard,standard_fallback,false,true,true,false,8,0,C+z,4,16
blue4:lane2:snr12.0:seed4:frame18,12.0,18,profiled_cz,awgn,0.0,47.0,1233,25.23136,26.2129664,0.9445376,0,true,false,standard,standard_crc_valid,true,false,false,false,0,0,C+z,4,16
blue4:lane2:snr12.0:seed4:frame19,12.0,19,profiled_cz,awgn,0.0,47.0,1305,26.70592,27.6875264,0.9445376,0,true,false,standard,standard_crc_valid,true,false,false,false,0,0,C+z,4,16
blue4:lane2:snr12.0:seed4:frame20,12.0,20,profiled_cz,awgn,0.0,47.0,1378,28.20096,29.1825664,0.9445376,0,true,false,standard,standard_crc_valid,true,false,false,false,0,0,C+z,4,16
blue4:lane2:snr12.0:seed4:frame21,12.0,21,profiled_cz,awgn,0.0,47.0,1450,29.67552,30.6571264,0.9445376,0,true,false,standard,standard_crc_valid,true,false,false,false,0,0,C+z,4,16
blue4:lane2:snr12.0:seed4:frame22,12.0,22,profiled_cz,awgn,0.0,47.0,1522,31.15008,32.1316864,0.9445376,0,true,false,standard,standard_crc_valid,true,false,false,false,0,0,C+z,4,16
blue4:lane2:snr12.0:seed4:frame23,12.0,23,profiled_cz,awgn,0.0,47.0,1595,32.64512,33.626726399999995,0.9445376,0,true,false,standard,standard_crc_valid,true,false,false,false,0,0,C+z,4,16
blue4:lane2:snr12.0:seed4:frame24,12.0,24,profiled_cz,awgn,0.0,47.0,1667,34.11968,35.1012864,0.9445376,0,true,false,standard,standard_crc_valid,true,false,false,false,0,0,C+z,4,16
blue4:lane2:snr12.0:seed4:frame25,12.0,25,profiled_cz,awgn,0.0,47.0,1740,35.61472,36.596326399999995,0.9445376,0,true,false,standard,standard_crc_valid,true,false,false,false,0,0,C+z,4,16
blue4:lane2:snr12.0:seed4:frame26,12.0,26,profiled_cz,awgn,0.0,47.0,1812,37.08928,38.0708864,0.9445376,0,true,false,standard,standard_crc_valid,true,false,false,false,0,0,C+z,4,16
blue4:lane2:snr12.0:seed4:frame27,12.0,27,profiled_cz,awgn,0.0,47.0,1885,38.58432,39.565926399999995,0.9445376,0,true,false,standard,standard_crc_valid,true,false,false,false,0,0,C+z,4,16
blue4:lane2:snr12.0:seed4:frame28,12.0,28,profiled_cz,awgn,0.0,47.0,1957,40.05888,41.0404864,0.9445376,0,true,false,standard,standard_crc_valid,true,false,false,false,0,0,C+z,4,16
blue4:lane2:snr12.0:seed4:frame29,12.0,29,profiled_cz,awgn,0.0,47.0,2030,41.55392,42.535526399999995,0.9445376,0,true,false,standard,standard_crc_valid,true,false,false,false,0,0,C+z,4,16
blue4:lane2:snr12.0:seed4:frame30,12.0,30,profiled_cz,awgn,0.0,47.0,2102,43.02848,44.0100864,0.9445376,0,true,false,standard,standard_crc_valid,true,false,false,false,0,0,C+z,4,16
blue4:lane2:snr12.0:seed4:frame31,12.0,31,profiled_cz,awgn,0.0,47.0,2175,44.52352,45.505126399999995,0.9445376,0,true,false,standard,standard_crc_valid,true,false,false,false,0,0,C+z,4,16
blue4:lane2:snr12.0:seed4:frame32,12.0,32,profiled_cz,awgn,0.0,47.0,2247,45.99808,46.9796864,0.9445376,0,true,false,standard,standard_crc_valid,true,false,false,false,0,0,C+z,4,16
blue4:lane2:snr14.0:seed4:frame1,14.0,1,cwz_joint,awgn,0.0,47.0,1,0.0,0.9816064,0.9445376,0,true,false,standard,standard_crc_valid,true,false,false,false,0,0,C+W+z,4,16
blue4:lane2:snr14.0:seed4:frame2,14.0,2,cwz_joint,awgn,0.0,47.0,73,1.47456,2.4561664,0.9445376,0,true,false,standard,standard_crc_valid,true,false,false,false,0,0,C+W+z,4,16
blue4:lane2:snr14.0:seed4:frame3,14.0,3,cwz_joint,awgn,0.0,47.0,146,2.9696,3.9512064,0.9445376,284,false,false,standard,standard_fallback,false,true,true,false,8,0,C+W+z,4,16
blue4:lane2:snr14.0:seed4:frame4,14.0,4,cwz_joint,awgn,0.0,47.0,218,4.44416,5.4257664000000005,0.9445376,338,false,false,standard,standard_fallback,false,true,true,false,8,0,C+W+z,4,16
blue4:lane2:snr14.0:seed4:frame5,14.0,5,cwz_joint,awgn,0.0,47.0,291,5.9392,6.9208064,0.9445376,0,true,false,standard,standard_crc_valid,true,false,false,false,0,0,C+W+z,4,16
blue4:lane2:snr14.0:seed4:frame6,14.0,6,cwz_joint,awgn,0.0,47.0,363,7.41376,8.3953664,0.9445376,362,false,false,standard,standard_fallback,false,true,true,false,8,0,C+W+z,4,16
blue4:lane2:snr14.0:seed4:frame7,14.0,7,cwz_joint,awgn,0.0,47.0,436,8.9088,9.8904064,0.9445376,0,true,false,standard,standard_crc_valid,true,false,false,false,0,0,C+W+z,4,16
blue4:lane2:snr14.0:seed4:frame8,14.0,8,cwz_joint,awgn,0.0,47.0,508,10.38336,11.3649664,0.9445376,0,true,false,standard,standard_crc_valid,true,false,false,false,0,0,C+W+z,4,16
blue4:lane2:snr14.0:seed4:frame9,14.0,9,cwz_joint,awgn,0.0,47.0,581,11.8784,12.8600064,0.9445376,0,true,false,standard,standard_crc_valid,true,false,false,false,0,0,C+W+z,4,16
blue4:lane2:snr14.0:seed4:frame10,14.0,10,cwz_joint,awgn,0.0,47.0,653,13.35296,14.3345664,0.9445376,0,true,false,standard,standard_crc_valid,true,false,false,false,0,0,C+W+z,4,16
blue4:lane2:snr14.0:seed4:frame11,14.0,11,cwz_joint,awgn,0.0,47.0,726,14.848,15.829606400000001,0.9445376,0,true,false,standard,standard_crc_valid,true,false,false,false,0,0,C+W+z,4,16
blue4:lane2:snr14.0:seed4:frame12,14.0,12,cwz_joint,awgn,0.0,47.0,798,16.32256,17.3041664,0.9445376,304,false,false,standard,standard_fallback,false,true,true,false,8,0,C+W+z,4,16
blue4:lane2:snr14.0:seed4:frame13,14.0,13,cwz_joint,awgn,0.0,47.0,870,17.79712,18.7787264,0.9445376,320,false,false,standard,standard_fallback,false,true,true,false,8,0,C+W+z,4,16
blue4:lane2:snr14.0:seed4:frame14,14.0,14,cwz_joint,awgn,0.0,47.0,943,19.29216,20.2737664,0.9445376,331,false,false,standard,standard_fallback,false,true,true,false,8,0,C+W+z,4,16
blue4:lane2:snr14.0:seed4:frame15,14.0,15,cwz_joint,awgn,0.0,47.0,1015,20.76672,21.7483264,0.9445376,199,false,false,standard,standard_fallback,false,true,true,false,8,0,C+W+z,4,16
blue4:lane2:snr14.0:seed4:frame16,14.0,16,cwz_joint,awgn,0.0,47.0,1088,22.26176,23.2433664,0.9445376,0,true,false,gradient,crc_rescue,false,true,true,true,8,8,C+W+z,4,16
blue4:lane2:snr14.0:seed4:frame17,14.0,17,cwz_joint,awgn,0.0,47.0,1160,23.73632,24.7179264,0.9445376,0,true,false,standard,standard_crc_valid,true,false,false,false,0,0,C+W+z,4,16
blue4:lane2:snr14.0:seed4:frame18,14.0,18,cwz_joint,awgn,0.0,47.0,1233,25.23136,26.2129664,0.9445376,0,true,false,standard,standard_crc_valid,true,false,false,false,0,0,C+W+z,4,16
blue4:lane2:snr14.0:seed4:frame19,14.0,19,cwz_joint,awgn,0.0,47.0,1305,26.70592,27.6875264,0.9445376,0,true,false,standard,standard_crc_valid,true,false,false,false,0,0,C+W+z,4,16
blue4:lane2:snr14.0:seed4:frame20,14.0,20,cwz_joint,awgn,0.0,47.0,1378,28.20096,29.1825664,0.9445376,0,true,false,standard,standard_crc_valid,true,false,false,false,0,0,C+W+z,4,16
blue4:lane2:snr14.0:seed4:frame21,14.0,21,cwz_joint,awgn,0.0,47.0,1450,29.67552,30.6571264,0.9445376,0,true,false,standard,standard_crc_valid,true,false,false,false,0,0,C+W+z,4,16
blue4:lane2:snr14.0:seed4:frame22,14.0,22,cwz_joint,awgn,0.0,47.0,1522,31.15008,32.1316864,0.9445376,0,true,false,standard,standard_crc_valid,true,false,false,false,0,0,C+W+z,4,16
blue4:lane2:snr14.0:seed4:frame23,14.0,23,cwz_joint,awgn,0.0,47.0,1595,32.64512,33.626726399999995,0.9445376,0,true,false,standard,standard_crc_valid,true,false,false,false,0,0,C+W+z,4,16
blue4:lane2:snr14.0:seed4:frame24,14.0,24,cwz_joint,awgn,0.0,47.0,1667,34.11968,35.1012864,0.9445376,0,true,false,standard,standard_crc_valid,true,false,false,false,0,0,C+W+z,4,16
blue4:lane2:snr14.0:seed4:frame25,14.0,25,cwz_joint,awgn,0.0,47.0,1740,35.61472,36.596326399999995,0.9445376,0,true,false,standard,standard_crc_valid,true,false,false,false,0,0,C+W+z,4,16
blue4:lane2:snr14.0:seed4:frame26,14.0,26,cwz_joint,awgn,0.0,47.0,1812,37.08928,38.0708864,0.9445376,0,true,false,standard,standard_crc_valid,true,false,false,false,0,0,C+W+z,4,16
blue4:lane2:snr14.0:seed4:frame27,14.0,27,cwz_joint,awgn,0.0,47.0,1885,38.58432,39.565926399999995,0.9445376,0,true,false,standard,standard_crc_valid,true,false,false,false,0,0,C+W+z,4,16
blue4:lane2:snr14.0:seed4:frame28,14.0,28,cwz_joint,awgn,0.0,47.0,1957,40.05888,41.0404864,0.9445376,0,true,false,standard,standard_crc_valid,true,false,false,false,0,0,C+W+z,4,16
blue4:lane2:snr14.0:seed4:frame29,14.0,29,cwz_joint,awgn,0.0,47.0,2030,41.55392,42.535526399999995,0.9445376,0,true,false,standard,standard_crc_valid,true,false,false,false,0,0,C+W+z,4,16
blue4:lane2:snr14.0:seed4:frame30,14.0,30,cwz_joint,awgn,0.0,47.0,2102,43.02848,44.0100864,0.9445376,0,true,false,standard,standard_crc_valid,true,false,false,false,0,0,C+W+z,4,16
blue4:lane2:snr14.0:seed4:frame31,14.0,31,cwz_joint,awgn,0.0,47.0,2175,44.52352,45.505126399999995,0.9445376,0,true,false,standard,standard_crc_valid,true,false,false,false,0,0,C+W+z,4,16
blue4:lane2:snr14.0:seed4:frame32,14.0,32,cwz_joint,awgn,0.0,47.0,2247,45.99808,46.9796864,0.9445376,0,true,false,standard,standard_crc_valid,true,false,false,false,0,0,C+W+z,4,16
blue4:lane2:snr14.0:seed4:frame1,14.0,1,profiled_cz,awgn,0.0,47.0,1,0.0,0.9816064,0.9445376,0,true,false,standard,standard_crc_valid,true,false,false,false,0,0,C+z,4,16
blue4:lane2:snr14.0:seed4:frame2,14.0,2,profiled_cz,awgn,0.0,47.0,73,1.47456,2.4561664,0.9445376,0,true,false,standard,standard_crc_valid,true,false,false,false,0,0,C+z,4,16
blue4:lane2:snr14.0:seed4:frame3,14.0,3,profiled_cz,awgn,0.0,47.0,146,2.9696,3.9512064,0.9445376,284,false,false,standard,standard_fallback,false,true,true,false,8,0,C+z,4,16
blue4:lane2:snr14.0:seed4:frame4,14.0,4,profiled_cz,awgn,0.0,47.0,218,4.44416,5.4257664000000005,0.9445376,338,false,false,standard,standard_fallback,false,true,true,false,8,0,C+z,4,16
blue4:lane2:snr14.0:seed4:frame5,14.0,5,profiled_cz,awgn,0.0,47.0,291,5.9392,6.9208064,0.9445376,0,true,false,standard,standard_crc_valid,true,false,false,false,0,0,C+z,4,16
blue4:lane2:snr14.0:seed4:frame6,14.0,6,profiled_cz,awgn,0.0,47.0,363,7.41376,8.3953664,0.9445376,362,false,false,standard,standard_fallback,false,true,true,false,8,0,C+z,4,16
blue4:lane2:snr14.0:seed4:frame7,14.0,7,profiled_cz,awgn,0.0,47.0,436,8.9088,9.8904064,0.9445376,0,true,false,standard,standard_crc_valid,true,false,false,false,0,0,C+z,4,16
blue4:lane2:snr14.0:seed4:frame8,14.0,8,profiled_cz,awgn,0.0,47.0,508,10.38336,11.3649664,0.9445376,0,true,false,standard,standard_crc_valid,true,false,false,false,0,0,C+z,4,16
blue4:lane2:snr14.0:seed4:frame9,14.0,9,profiled_cz,awgn,0.0,47.0,581,11.8784,12.8600064,0.9445376,0,true,false,standard,standard_crc_valid,true,false,false,false,0,0,C+z,4,16
blue4:lane2:snr14.0:seed4:frame10,14.0,10,profiled_cz,awgn,0.0,47.0,653,13.35296,14.3345664,0.9445376,0,true,false,standard,standard_crc_valid,true,false,false,false,0,0,C+z,4,16
blue4:lane2:snr14.0:seed4:frame11,14.0,11,profiled_cz,awgn,0.0,47.0,726,14.848,15.829606400000001,0.9445376,0,true,false,standard,standard_crc_valid,true,false,false,false,0,0,C+z,4,16
blue4:lane2:snr14.0:seed4:frame12,14.0,12,profiled_cz,awgn,0.0,47.0,798,16.32256,17.3041664,0.9445376,304,false,false,standard,standard_fallback,false,true,true,false,8,0,C+z,4,16
blue4:lane2:snr14.0:seed4:frame13,14.0,13,profiled_cz,awgn,0.0,47.0,870,17.79712,18.7787264,0.9445376,320,false,false,standard,standard_fallback,false,true,true,false,8,0,C+z,4,16
blue4:lane2:snr14.0:seed4:frame14,14.0,14,profiled_cz,awgn,0.0,47.0,943,19.29216,20.2737664,0.9445376,331,false,false,standard,standard_fallback,false,true,true,false,8,0,C+z,4,16
blue4:lane2:snr14.0:seed4:frame15,14.0,15,profiled_cz,awgn,0.0,47.0,1015,20.76672,21.7483264,0.9445376,199,false,false,standard,standard_fallback,false,true,true,false,8,0,C+z,4,16
blue4:lane2:snr14.0:seed4:frame16,14.0,16,profiled_cz,awgn,0.0,47.0,1088,22.26176,23.2433664,0.9445376,135,false,false,standard,standard_fallback,false,true,true,false,8,0,C+z,4,16
blue4:lane2:snr14.0:seed4:frame17,14.0,17,profiled_cz,awgn,0.0,47.0,1160,23.73632,24.7179264,0.9445376,0,true,false,standard,standard_crc_valid,true,false,false,false,0,0,C+z,4,16
blue4:lane2:snr14.0:seed4:frame18,14.0,18,profiled_cz,awgn,0.0,47.0,1233,25.23136,26.2129664,0.9445376,0,true,false,standard,standard_crc_valid,true,false,false,false,0,0,C+z,4,16
blue4:lane2:snr14.0:seed4:frame19,14.0,19,profiled_cz,awgn,0.0,47.0,1305,26.70592,27.6875264,0.9445376,0,true,false,standard,standard_crc_valid,true,false,false,false,0,0,C+z,4,16
blue4:lane2:snr14.0:seed4:frame20,14.0,20,profiled_cz,awgn,0.0,47.0,1378,28.20096,29.1825664,0.9445376,0,true,false,standard,standard_crc_valid,true,false,false,false,0,0,C+z,4,16
blue4:lane2:snr14.0:seed4:frame21,14.0,21,profiled_cz,awgn,0.0,47.0,1450,29.67552,30.6571264,0.9445376,0,true,false,standard,standard_crc_valid,true,false,false,false,0,0,C+z,4,16
blue4:lane2:snr14.0:seed4:frame22,14.0,22,profiled_cz,awgn,0.0,47.0,1522,31.15008,32.1316864,0.9445376,0,true,false,standard,standard_crc_valid,true,false,false,false,0,0,C+z,4,16
blue4:lane2:snr14.0:seed4:frame23,14.0,23,profiled_cz,awgn,0.0,47.0,1595,32.64512,33.626726399999995,0.9445376,0,true,false,standard,standard_crc_valid,true,false,false,false,0,0,C+z,4,16
blue4:lane2:snr14.0:seed4:frame24,14.0,24,profiled_cz,awgn,0.0,47.0,1667,34.11968,35.1012864,0.9445376,0,true,false,standard,standard_crc_valid,true,false,false,false,0,0,C+z,4,16
blue4:lane2:snr14.0:seed4:frame25,14.0,25,profiled_cz,awgn,0.0,47.0,1740,35.61472,36.596326399999995,0.9445376,0,true,false,standard,standard_crc_valid,true,false,false,false,0,0,C+z,4,16
blue4:lane2:snr14.0:seed4:frame26,14.0,26,profiled_cz,awgn,0.0,47.0,1812,37.08928,38.0708864,0.9445376,0,true,false,standard,standard_crc_valid,true,false,false,false,0,0,C+z,4,16
blue4:lane2:snr14.0:seed4:frame27,14.0,27,profiled_cz,awgn,0.0,47.0,1885,38.58432,39.565926399999995,0.9445376,0,true,false,standard,standard_crc_valid,true,false,false,false,0,0,C+z,4,16
blue4:lane2:snr14.0:seed4:frame28,14.0,28,profiled_cz,awgn,0.0,47.0,1957,40.05888,41.0404864,0.9445376,0,true,false,standard,standard_crc_valid,true,false,false,false,0,0,C+z,4,16
blue4:lane2:snr14.0:seed4:frame29,14.0,29,profiled_cz,awgn,0.0,47.0,2030,41.55392,42.535526399999995,0.9445376,0,true,false,standard,standard_crc_valid,true,false,false,false,0,0,C+z,4,16
blue4:lane2:snr14.0:seed4:frame30,14.0,30,profiled_cz,awgn,0.0,47.0,2102,43.02848,44.0100864,0.9445376,0,true,false,standard,standard_crc_valid,true,false,false,false,0,0,C+z,4,16
blue4:lane2:snr14.0:seed4:frame31,14.0,31,profiled_cz,awgn,0.0,47.0,2175,44.52352,45.505126399999995,0.9445376,0,true,false,standard,standard_crc_valid,true,false,false,false,0,0,C+z,4,16
blue4:lane2:snr14.0:seed4:frame32,14.0,32,profiled_cz,awgn,0.0,47.0,2247,45.99808,46.9796864,0.9445376,0,true,false,standard,standard_crc_valid,true,false,false,false,0,0,C+z,4,16
blue4:lane2:snr16.0:seed4:frame1,16.0,1,cwz_joint,awgn,0.0,47.0,1,0.0,0.9816064,0.9445376,0,true,false,standard,standard_crc_valid,true,false,false,false,0,0,C+W+z,4,16
blue4:lane2:snr16.0:seed4:frame2,16.0,2,cwz_joint,awgn,0.0,47.0,73,1.47456,2.4561664,0.9445376,0,true,false,standard,standard_crc_valid,true,false,false,false,0,0,C+W+z,4,16
blue4:lane2:snr16.0:seed4:frame3,16.0,3,cwz_joint,awgn,0.0,47.0,146,2.9696,3.9512064,0.9445376,296,false,false,standard,standard_fallback,false,true,true,false,8,0,C+W+z,4,16
blue4:lane2:snr16.0:seed4:frame4,16.0,4,cwz_joint,awgn,0.0,47.0,218,4.44416,5.4257664000000005,0.9445376,243,false,false,standard,standard_fallback,false,true,true,false,8,0,C+W+z,4,16
blue4:lane2:snr16.0:seed4:frame5,16.0,5,cwz_joint,awgn,0.0,47.0,291,5.9392,6.9208064,0.9445376,0,true,false,standard,standard_crc_valid,true,false,false,false,0,0,C+W+z,4,16
blue4:lane2:snr16.0:seed4:frame6,16.0,6,cwz_joint,awgn,0.0,47.0,363,7.41376,8.3953664,0.9445376,355,false,false,standard,standard_fallback,false,true,true,false,8,0,C+W+z,4,16
blue4:lane2:snr16.0:seed4:frame7,16.0,7,cwz_joint,awgn,0.0,47.0,436,8.9088,9.8904064,0.9445376,0,true,false,standard,standard_crc_valid,true,false,false,false,0,0,C+W+z,4,16
blue4:lane2:snr16.0:seed4:frame8,16.0,8,cwz_joint,awgn,0.0,47.0,508,10.38336,11.3649664,0.9445376,0,true,false,standard,standard_crc_valid,true,false,false,false,0,0,C+W+z,4,16
blue4:lane2:snr16.0:seed4:frame9,16.0,9,cwz_joint,awgn,0.0,47.0,581,11.8784,12.8600064,0.9445376,0,true,false,standard,standard_crc_valid,true,false,false,false,0,0,C+W+z,4,16
blue4:lane2:snr16.0:seed4:frame10,16.0,10,cwz_joint,awgn,0.0,47.0,653,13.35296,14.3345664,0.9445376,0,true,false,standard,standard_crc_valid,true,false,false,false,0,0,C+W+z,4,16
blue4:lane2:snr16.0:seed4:frame11,16.0,11,cwz_joint,awgn,0.0,47.0,726,14.848,15.829606400000001,0.9445376,0,true,false,standard,standard_crc_valid,true,false,false,false,0,0,C+W+z,4,16
blue4:lane2:snr16.0:seed4:frame12,16.0,12,cwz_joint,awgn,0.0,47.0,798,16.32256,17.3041664,0.9445376,38,false,false,standard,standard_fallback,false,true,true,false,8,0,C+W+z,4,16
blue4:lane2:snr16.0:seed4:frame13,16.0,13,cwz_joint,awgn,0.0,47.0,870,17.79712,18.7787264,0.9445376,215,false,false,standard,standard_fallback,false,true,true,false,8,0,C+W+z,4,16
blue4:lane2:snr16.0:seed4:frame14,16.0,14,cwz_joint,awgn,0.0,47.0,943,19.29216,20.2737664,0.9445376,294,false,false,standard,standard_fallback,false,true,true,false,8,0,C+W+z,4,16
blue4:lane2:snr16.0:seed4:frame15,16.0,15,cwz_joint,awgn,0.0,47.0,1015,20.76672,21.7483264,0.9445376,0,true,false,standard,standard_crc_valid,true,false,false,false,0,0,C+W+z,4,16
blue4:lane2:snr16.0:seed4:frame16,16.0,16,cwz_joint,awgn,0.0,47.0,1088,22.26176,23.2433664,0.9445376,1,false,false,standard,standard_fallback,false,true,true,false,8,0,C+W+z,4,16
blue4:lane2:snr16.0:seed4:frame17,16.0,17,cwz_joint,awgn,0.0,47.0,1160,23.73632,24.7179264,0.9445376,0,true,false,standard,standard_crc_valid,true,false,false,false,0,0,C+W+z,4,16
blue4:lane2:snr16.0:seed4:frame18,16.0,18,cwz_joint,awgn,0.0,47.0,1233,25.23136,26.2129664,0.9445376,0,true,false,standard,standard_crc_valid,true,false,false,false,0,0,C+W+z,4,16
blue4:lane2:snr16.0:seed4:frame19,16.0,19,cwz_joint,awgn,0.0,47.0,1305,26.70592,27.6875264,0.9445376,0,true,false,standard,standard_crc_valid,true,false,false,false,0,0,C+W+z,4,16
blue4:lane2:snr16.0:seed4:frame20,16.0,20,cwz_joint,awgn,0.0,47.0,1378,28.20096,29.1825664,0.9445376,0,true,false,standard,standard_crc_valid,true,false,false,false,0,0,C+W+z,4,16
blue4:lane2:snr16.0:seed4:frame21,16.0,21,cwz_joint,awgn,0.0,47.0,1450,29.67552,30.6571264,0.9445376,0,true,false,standard,standard_crc_valid,true,false,false,false,0,0,C+W+z,4,16
blue4:lane2:snr16.0:seed4:frame22,16.0,22,cwz_joint,awgn,0.0,47.0,1522,31.15008,32.1316864,0.9445376,0,true,false,standard,standard_crc_valid,true,false,false,false,0,0,C+W+z,4,16
blue4:lane2:snr16.0:seed4:frame23,16.0,23,cwz_joint,awgn,0.0,47.0,1595,32.64512,33.626726399999995,0.9445376,0,true,false,standard,standard_crc_valid,true,false,false,false,0,0,C+W+z,4,16
blue4:lane2:snr16.0:seed4:frame24,16.0,24,cwz_joint,awgn,0.0,47.0,1667,34.11968,35.1012864,0.9445376,0,true,false,standard,standard_crc_valid,true,false,false,false,0,0,C+W+z,4,16
blue4:lane2:snr16.0:seed4:frame25,16.0,25,cwz_joint,awgn,0.0,47.0,1740,35.61472,36.596326399999995,0.9445376,0,true,false,standard,standard_crc_valid,true,false,false,false,0,0,C+W+z,4,16
blue4:lane2:snr16.0:seed4:frame26,16.0,26,cwz_joint,awgn,0.0,47.0,1812,37.08928,38.0708864,0.9445376,0,true,false,standard,standard_crc_valid,true,false,false,false,0,0,C+W+z,4,16
blue4:lane2:snr16.0:seed4:frame27,16.0,27,cwz_joint,awgn,0.0,47.0,1885,38.58432,39.565926399999995,0.9445376,0,true,false,standard,standard_crc_valid,true,false,false,false,0,0,C+W+z,4,16
blue4:lane2:snr16.0:seed4:frame28,16.0,28,cwz_joint,awgn,0.0,47.0,1957,40.05888,41.0404864,0.9445376,0,true,false,standard,standard_crc_valid,true,false,false,false,0,0,C+W+z,4,16
blue4:lane2:snr16.0:seed4:frame29,16.0,29,cwz_joint,awgn,0.0,47.0,2030,41.55392,42.535526399999995,0.9445376,0,true,false,standard,standard_crc_valid,true,false,false,false,0,0,C+W+z,4,16
blue4:lane2:snr16.0:seed4:frame30,16.0,30,cwz_joint,awgn,0.0,47.0,2102,43.02848,44.0100864,0.9445376,0,true,false,standard,standard_crc_valid,true,false,false,false,0,0,C+W+z,4,16
blue4:lane2:snr16.0:seed4:frame31,16.0,31,cwz_joint,awgn,0.0,47.0,2175,44.52352,45.505126399999995,0.9445376,0,true,false,standard,standard_crc_valid,true,false,false,false,0,0,C+W+z,4,16
blue4:lane2:snr16.0:seed4:frame32,16.0,32,cwz_joint,awgn,0.0,47.0,2247,45.99808,46.9796864,0.9445376,0,true,false,standard,standard_crc_valid,true,false,false,false,0,0,C+W+z,4,16
blue4:lane2:snr16.0:seed4:frame1,16.0,1,profiled_cz,awgn,0.0,47.0,1,0.0,0.9816064,0.9445376,0,true,false,standard,standard_crc_valid,true,false,false,false,0,0,C+z,4,16
blue4:lane2:snr16.0:seed4:frame2,16.0,2,profiled_cz,awgn,0.0,47.0,73,1.47456,2.4561664,0.9445376,0,true,false,standard,standard_crc_valid,true,false,false,false,0,0,C+z,4,16
blue4:lane2:snr16.0:seed4:frame3,16.0,3,profiled_cz,awgn,0.0,47.0,146,2.9696,3.9512064,0.9445376,296,false,false,standard,standard_fallback,false,true,true,false,8,0,C+z,4,16
blue4:lane2:snr16.0:seed4:frame4,16.0,4,profiled_cz,awgn,0.0,47.0,218,4.44416,5.4257664000000005,0.9445376,243,false,false,standard,standard_fallback,false,true,true,false,8,0,C+z,4,16
blue4:lane2:snr16.0:seed4:frame5,16.0,5,profiled_cz,awgn,0.0,47.0,291,5.9392,6.9208064,0.9445376,0,true,false,standard,standard_crc_valid,true,false,false,false,0,0,C+z,4,16
blue4:lane2:snr16.0:seed4:frame6,16.0,6,profiled_cz,awgn,0.0,47.0,363,7.41376,8.3953664,0.9445376,355,false,false,standard,standard_fallback,false,true,true,false,8,0,C+z,4,16
blue4:lane2:snr16.0:seed4:frame7,16.0,7,profiled_cz,awgn,0.0,47.0,436,8.9088,9.8904064,0.9445376,0,true,false,standard,standard_crc_valid,true,false,false,false,0,0,C+z,4,16
blue4:lane2:snr16.0:seed4:frame8,16.0,8,profiled_cz,awgn,0.0,47.0,508,10.38336,11.3649664,0.9445376,0,true,false,standard,standard_crc_valid,true,false,false,false,0,0,C+z,4,16
blue4:lane2:snr16.0:seed4:frame9,16.0,9,profiled_cz,awgn,0.0,47.0,581,11.8784,12.8600064,0.9445376,0,true,false,standard,standard_crc_valid,true,false,false,false,0,0,C+z,4,16
blue4:lane2:snr16.0:seed4:frame10,16.0,10,profiled_cz,awgn,0.0,47.0,653,13.35296,14.3345664,0.9445376,0,true,false,standard,standard_crc_valid,true,false,false,false,0,0,C+z,4,16
blue4:lane2:snr16.0:seed4:frame11,16.0,11,profiled_cz,awgn,0.0,47.0,726,14.848,15.829606400000001,0.9445376,0,true,false,standard,standard_crc_valid,true,false,false,false,0,0,C+z,4,16
blue4:lane2:snr16.0:seed4:frame12,16.0,12,profiled_cz,awgn,0.0,47.0,798,16.32256,17.3041664,0.9445376,38,false,false,standard,standard_fallback,false,true,true,false,8,0,C+z,4,16
blue4:lane2:snr16.0:seed4:frame13,16.0,13,profiled_cz,awgn,0.0,47.0,870,17.79712,18.7787264,0.9445376,215,false,false,standard,standard_fallback,false,true,true,false,8,0,C+z,4,16
blue4:lane2:snr16.0:seed4:frame14,16.0,14,profiled_cz,awgn,0.0,47.0,943,19.29216,20.2737664,0.9445376,294,false,false,standard,standard_fallback,false,true,true,false,8,0,C+z,4,16
blue4:lane2:snr16.0:seed4:frame15,16.0,15,profiled_cz,awgn,0.0,47.0,1015,20.76672,21.7483264,0.9445376,0,true,false,standard,standard_crc_valid,true,false,false,false,0,0,C+z,4,16
blue4:lane2:snr16.0:seed4:frame16,16.0,16,profiled_cz,awgn,0.0,47.0,1088,22.26176,23.2433664,0.9445376,1,false,false,standard,standard_fallback,false,true,true,false,8,0,C+z,4,16
blue4:lane2:snr16.0:seed4:frame17,16.0,17,profiled_cz,awgn,0.0,47.0,1160,23.73632,24.7179264,0.9445376,0,true,false,standard,standard_crc_valid,true,false,false,false,0,0,C+z,4,16
blue4:lane2:snr16.0:seed4:frame18,16.0,18,profiled_cz,awgn,0.0,47.0,1233,25.23136,26.2129664,0.9445376,0,true,false,standard,standard_crc_valid,true,false,false,false,0,0,C+z,4,16
blue4:lane2:snr16.0:seed4:frame19,16.0,19,profiled_cz,awgn,0.0,47.0,1305,26.70592,27.6875264,0.9445376,0,true,false,standard,standard_crc_valid,true,false,false,false,0,0,C+z,4,16
blue4:lane2:snr16.0:seed4:frame20,16.0,20,profiled_cz,awgn,0.0,47.0,1378,28.20096,29.1825664,0.9445376,0,true,false,standard,standard_crc_valid,true,false,false,false,0,0,C+z,4,16
blue4:lane2:snr16.0:seed4:frame21,16.0,21,profiled_cz,awgn,0.0,47.0,1450,29.67552,30.6571264,0.9445376,0,true,false,standard,standard_crc_valid,true,false,false,false,0,0,C+z,4,16
blue4:lane2:snr16.0:seed4:frame22,16.0,22,profiled_cz,awgn,0.0,47.0,1522,31.15008,32.1316864,0.9445376,0,true,false,standard,standard_crc_valid,true,false,false,false,0,0,C+z,4,16
blue4:lane2:snr16.0:seed4:frame23,16.0,23,profiled_cz,awgn,0.0,47.0,1595,32.64512,33.626726399999995,0.9445376,0,true,false,standard,standard_crc_valid,true,false,false,false,0,0,C+z,4,16
blue4:lane2:snr16.0:seed4:frame24,16.0,24,profiled_cz,awgn,0.0,47.0,1667,34.11968,35.1012864,0.9445376,0,true,false,standard,standard_crc_valid,true,false,false,false,0,0,C+z,4,16
blue4:lane2:snr16.0:seed4:frame25,16.0,25,profiled_cz,awgn,0.0,47.0,1740,35.61472,36.596326399999995,0.9445376,0,true,false,standard,standard_crc_valid,true,false,false,false,0,0,C+z,4,16
blue4:lane2:snr16.0:seed4:frame26,16.0,26,profiled_cz,awgn,0.0,47.0,1812,37.08928,38.0708864,0.9445376,0,true,false,standard,standard_crc_valid,true,false,false,false,0,0,C+z,4,16
blue4:lane2:snr16.0:seed4:frame27,16.0,27,profiled_cz,awgn,0.0,47.0,1885,38.58432,39.565926399999995,0.9445376,0,true,false,standard,standard_crc_valid,true,false,false,false,0,0,C+z,4,16
blue4:lane2:snr16.0:seed4:frame28,16.0,28,profiled_cz,awgn,0.0,47.0,1957,40.05888,41.0404864,0.9445376,0,true,false,standard,standard_crc_valid,true,false,false,false,0,0,C+z,4,16
blue4:lane2:snr16.0:seed4:frame29,16.0,29,profiled_cz,awgn,0.0,47.0,2030,41.55392,42.535526399999995,0.9445376,0,true,false,standard,standard_crc_valid,true,false,false,false,0,0,C+z,4,16
blue4:lane2:snr16.0:seed4:frame30,16.0,30,profiled_cz,awgn,0.0,47.0,2102,43.02848,44.0100864,0.9445376,0,true,false,standard,standard_crc_valid,true,false,false,false,0,0,C+z,4,16
blue4:lane2:snr16.0:seed4:frame31,16.0,31,profiled_cz,awgn,0.0,47.0,2175,44.52352,45.505126399999995,0.9445376,0,true,false,standard,standard_crc_valid,true,false,false,false,0,0,C+z,4,16
blue4:lane2:snr16.0:seed4:frame32,16.0,32,profiled_cz,awgn,0.0,47.0,2247,45.99808,46.9796864,0.9445376,0,true,false,standard,standard_crc_valid,true,false,false,false,0,0,C+z,4,16
blue4:lane2:snr18.0:seed4:frame1,18.0,1,cwz_joint,awgn,0.0,47.0,1,0.0,0.9816064,0.9445376,0,true,false,standard,standard_crc_valid,true,false,false,false,0,0,C+W+z,4,16
blue4:lane2:snr18.0:seed4:frame2,18.0,2,cwz_joint,awgn,0.0,47.0,73,1.47456,2.4561664,0.9445376,0,true,false,standard,standard_crc_valid,true,false,false,false,0,0,C+W+z,4,16
blue4:lane2:snr18.0:seed4:frame3,18.0,3,cwz_joint,awgn,0.0,47.0,146,2.9696,3.9512064,0.9445376,179,false,false,standard,standard_fallback,false,true,true,false,8,0,C+W+z,4,16
blue4:lane2:snr18.0:seed4:frame4,18.0,4,cwz_joint,awgn,0.0,47.0,218,4.44416,5.4257664000000005,0.9445376,324,false,false,standard,standard_fallback,false,true,true,false,8,0,C+W+z,4,16
blue4:lane2:snr18.0:seed4:frame5,18.0,5,cwz_joint,awgn,0.0,47.0,291,5.9392,6.9208064,0.9445376,0,true,false,standard,standard_crc_valid,true,false,false,false,0,0,C+W+z,4,16
blue4:lane2:snr18.0:seed4:frame6,18.0,6,cwz_joint,awgn,0.0,47.0,363,7.41376,8.3953664,0.9445376,372,false,false,standard,standard_fallback,false,true,true,false,8,0,C+W+z,4,16
blue4:lane2:snr18.0:seed4:frame7,18.0,7,cwz_joint,awgn,0.0,47.0,436,8.9088,9.8904064,0.9445376,0,true,false,standard,standard_crc_valid,true,false,false,false,0,0,C+W+z,4,16
blue4:lane2:snr18.0:seed4:frame8,18.0,8,cwz_joint,awgn,0.0,47.0,508,10.38336,11.3649664,0.9445376,0,true,false,standard,standard_crc_valid,true,false,false,false,0,0,C+W+z,4,16
blue4:lane2:snr18.0:seed4:frame9,18.0,9,cwz_joint,awgn,0.0,47.0,581,11.8784,12.8600064,0.9445376,0,true,false,standard,standard_crc_valid,true,false,false,false,0,0,C+W+z,4,16
blue4:lane2:snr18.0:seed4:frame10,18.0,10,cwz_joint,awgn,0.0,47.0,653,13.35296,14.3345664,0.9445376,0,true,false,standard,standard_crc_valid,true,false,false,false,0,0,C+W+z,4,16
blue4:lane2:snr18.0:seed4:frame11,18.0,11,cwz_joint,awgn,0.0,47.0,726,14.848,15.829606400000001,0.9445376,0,true,false,standard,standard_crc_valid,true,false,false,false,0,0,C+W+z,4,16
blue4:lane2:snr18.0:seed4:frame12,18.0,12,cwz_joint,awgn,0.0,47.0,798,16.32256,17.3041664,0.9445376,1,false,false,standard,standard_fallback,false,true,true,false,8,0,C+W+z,4,16
blue4:lane2:snr18.0:seed4:frame13,18.0,13,cwz_joint,awgn,0.0,47.0,870,17.79712,18.7787264,0.9445376,323,false,false,standard,standard_fallback,false,true,true,false,8,0,C+W+z,4,16
blue4:lane2:snr18.0:seed4:frame14,18.0,14,cwz_joint,awgn,0.0,47.0,943,19.29216,20.2737664,0.9445376,316,false,false,standard,standard_fallback,false,true,true,false,8,0,C+W+z,4,16
blue4:lane2:snr18.0:seed4:frame15,18.0,15,cwz_joint,awgn,0.0,47.0,1015,20.76672,21.7483264,0.9445376,0,true,false,standard,standard_crc_valid,true,false,false,false,0,0,C+W+z,4,16
blue4:lane2:snr18.0:seed4:frame16,18.0,16,cwz_joint,awgn,0.0,47.0,1088,22.26176,23.2433664,0.9445376,0,true,false,standard,standard_crc_valid,true,false,false,false,0,0,C+W+z,4,16
blue4:lane2:snr18.0:seed4:frame17,18.0,17,cwz_joint,awgn,0.0,47.0,1160,23.73632,24.7179264,0.9445376,0,true,false,standard,standard_crc_valid,true,false,false,false,0,0,C+W+z,4,16
blue4:lane2:snr18.0:seed4:frame18,18.0,18,cwz_joint,awgn,0.0,47.0,1233,25.23136,26.2129664,0.9445376,0,true,false,standard,standard_crc_valid,true,false,false,false,0,0,C+W+z,4,16
blue4:lane2:snr18.0:seed4:frame19,18.0,19,cwz_joint,awgn,0.0,47.0,1305,26.70592,27.6875264,0.9445376,0,true,false,standard,standard_crc_valid,true,false,false,false,0,0,C+W+z,4,16
blue4:lane2:snr18.0:seed4:frame20,18.0,20,cwz_joint,awgn,0.0,47.0,1378,28.20096,29.1825664,0.9445376,0,true,false,standard,standard_crc_valid,true,false,false,false,0,0,C+W+z,4,16
blue4:lane2:snr18.0:seed4:frame21,18.0,21,cwz_joint,awgn,0.0,47.0,1450,29.67552,30.6571264,0.9445376,0,true,false,standard,standard_crc_valid,true,false,false,false,0,0,C+W+z,4,16
blue4:lane2:snr18.0:seed4:frame22,18.0,22,cwz_joint,awgn,0.0,47.0,1522,31.15008,32.1316864,0.9445376,0,true,false,standard,standard_crc_valid,true,false,false,false,0,0,C+W+z,4,16
blue4:lane2:snr18.0:seed4:frame23,18.0,23,cwz_joint,awgn,0.0,47.0,1595,32.64512,33.626726399999995,0.9445376,0,true,false,standard,standard_crc_valid,true,false,false,false,0,0,C+W+z,4,16
blue4:lane2:snr18.0:seed4:frame24,18.0,24,cwz_joint,awgn,0.0,47.0,1667,34.11968,35.1012864,0.9445376,0,true,false,standard,standard_crc_valid,true,false,false,false,0,0,C+W+z,4,16
blue4:lane2:snr18.0:seed4:frame25,18.0,25,cwz_joint,awgn,0.0,47.0,1740,35.61472,36.596326399999995,0.9445376,0,true,false,standard,standard_crc_valid,true,false,false,false,0,0,C+W+z,4,16
blue4:lane2:snr18.0:seed4:frame26,18.0,26,cwz_joint,awgn,0.0,47.0,1812,37.08928,38.0708864,0.9445376,0,true,false,standard,standard_crc_valid,true,false,false,false,0,0,C+W+z,4,16
blue4:lane2:snr18.0:seed4:frame27,18.0,27,cwz_joint,awgn,0.0,47.0,1885,38.58432,39.565926399999995,0.9445376,0,true,false,standard,standard_crc_valid,true,false,false,false,0,0,C+W+z,4,16
blue4:lane2:snr18.0:seed4:frame28,18.0,28,cwz_joint,awgn,0.0,47.0,1957,40.05888,41.0404864,0.9445376,0,true,false,standard,standard_crc_valid,true,false,false,false,0,0,C+W+z,4,16
blue4:lane2:snr18.0:seed4:frame29,18.0,29,cwz_joint,awgn,0.0,47.0,2030,41.55392,42.535526399999995,0.9445376,0,true,false,standard,standard_crc_valid,true,false,false,false,0,0,C+W+z,4,16
blue4:lane2:snr18.0:seed4:frame30,18.0,30,cwz_joint,awgn,0.0,47.0,2102,43.02848,44.0100864,0.9445376,0,true,false,standard,standard_crc_valid,true,false,false,false,0,0,C+W+z,4,16
blue4:lane2:snr18.0:seed4:frame31,18.0,31,cwz_joint,awgn,0.0,47.0,2175,44.52352,45.505126399999995,0.9445376,0,true,false,standard,standard_crc_valid,true,false,false,false,0,0,C+W+z,4,16
blue4:lane2:snr18.0:seed4:frame32,18.0,32,cwz_joint,awgn,0.0,47.0,2247,45.99808,46.9796864,0.9445376,0,true,false,standard,standard_crc_valid,true,false,false,false,0,0,C+W+z,4,16
blue4:lane2:snr18.0:seed4:frame1,18.0,1,profiled_cz,awgn,0.0,47.0,1,0.0,0.9816064,0.9445376,0,true,false,standard,standard_crc_valid,true,false,false,false,0,0,C+z,4,16
blue4:lane2:snr18.0:seed4:frame2,18.0,2,profiled_cz,awgn,0.0,47.0,73,1.47456,2.4561664,0.9445376,0,true,false,standard,standard_crc_valid,true,false,false,false,0,0,C+z,4,16
blue4:lane2:snr18.0:seed4:frame3,18.0,3,profiled_cz,awgn,0.0,47.0,146,2.9696,3.9512064,0.9445376,179,false,false,standard,standard_fallback,false,true,true,false,8,0,C+z,4,16
blue4:lane2:snr18.0:seed4:frame4,18.0,4,profiled_cz,awgn,0.0,47.0,218,4.44416,5.4257664000000005,0.9445376,324,false,false,standard,standard_fallback,false,true,true,false,8,0,C+z,4,16
blue4:lane2:snr18.0:seed4:frame5,18.0,5,profiled_cz,awgn,0.0,47.0,291,5.9392,6.9208064,0.9445376,0,true,false,standard,standard_crc_valid,true,false,false,false,0,0,C+z,4,16
blue4:lane2:snr18.0:seed4:frame6,18.0,6,profiled_cz,awgn,0.0,47.0,363,7.41376,8.3953664,0.9445376,372,false,false,standard,standard_fallback,false,true,true,false,8,0,C+z,4,16
blue4:lane2:snr18.0:seed4:frame7,18.0,7,profiled_cz,awgn,0.0,47.0,436,8.9088,9.8904064,0.9445376,0,true,false,standard,standard_crc_valid,true,false,false,false,0,0,C+z,4,16
blue4:lane2:snr18.0:seed4:frame8,18.0,8,profiled_cz,awgn,0.0,47.0,508,10.38336,11.3649664,0.9445376,0,true,false,standard,standard_crc_valid,true,false,false,false,0,0,C+z,4,16
blue4:lane2:snr18.0:seed4:frame9,18.0,9,profiled_cz,awgn,0.0,47.0,581,11.8784,12.8600064,0.9445376,0,true,false,standard,standard_crc_valid,true,false,false,false,0,0,C+z,4,16
blue4:lane2:snr18.0:seed4:frame10,18.0,10,profiled_cz,awgn,0.0,47.0,653,13.35296,14.3345664,0.9445376,0,true,false,standard,standard_crc_valid,true,false,false,false,0,0,C+z,4,16
blue4:lane2:snr18.0:seed4:frame11,18.0,11,profiled_cz,awgn,0.0,47.0,726,14.848,15.829606400000001,0.9445376,0,true,false,standard,standard_crc_valid,true,false,false,false,0,0,C+z,4,16
blue4:lane2:snr18.0:seed4:frame12,18.0,12,profiled_cz,awgn,0.0,47.0,798,16.32256,17.3041664,0.9445376,1,false,false,standard,standard_fallback,false,true,true,false,8,0,C+z,4,16
blue4:lane2:snr18.0:seed4:frame13,18.0,13,profiled_cz,awgn,0.0,47.0,870,17.79712,18.7787264,0.9445376,323,false,false,standard,standard_fallback,false,true,true,false,8,0,C+z,4,16
blue4:lane2:snr18.0:seed4:frame14,18.0,14,profiled_cz,awgn,0.0,47.0,943,19.29216,20.2737664,0.9445376,316,false,false,standard,standard_fallback,false,true,true,false,8,0,C+z,4,16
blue4:lane2:snr18.0:seed4:frame15,18.0,15,profiled_cz,awgn,0.0,47.0,1015,20.76672,21.7483264,0.9445376,0,true,false,standard,standard_crc_valid,true,false,false,false,0,0,C+z,4,16
blue4:lane2:snr18.0:seed4:frame16,18.0,16,profiled_cz,awgn,0.0,47.0,1088,22.26176,23.2433664,0.9445376,0,true,false,standard,standard_crc_valid,true,false,false,false,0,0,C+z,4,16
blue4:lane2:snr18.0:seed4:frame17,18.0,17,profiled_cz,awgn,0.0,47.0,1160,23.73632,24.7179264,0.9445376,0,true,false,standard,standard_crc_valid,true,false,false,false,0,0,C+z,4,16
blue4:lane2:snr18.0:seed4:frame18,18.0,18,profiled_cz,awgn,0.0,47.0,1233,25.23136,26.2129664,0.9445376,0,true,false,standard,standard_crc_valid,true,false,false,false,0,0,C+z,4,16
blue4:lane2:snr18.0:seed4:frame19,18.0,19,profiled_cz,awgn,0.0,47.0,1305,26.70592,27.6875264,0.9445376,0,true,false,standard,standard_crc_valid,true,false,false,false,0,0,C+z,4,16
blue4:lane2:snr18.0:seed4:frame20,18.0,20,profiled_cz,awgn,0.0,47.0,1378,28.20096,29.1825664,0.9445376,0,true,false,standard,standard_crc_valid,true,false,false,false,0,0,C+z,4,16
blue4:lane2:snr18.0:seed4:frame21,18.0,21,profiled_cz,awgn,0.0,47.0,1450,29.67552,30.6571264,0.9445376,0,true,false,standard,standard_crc_valid,true,false,false,false,0,0,C+z,4,16
blue4:lane2:snr18.0:seed4:frame22,18.0,22,profiled_cz,awgn,0.0,47.0,1522,31.15008,32.1316864,0.9445376,0,true,false,standard,standard_crc_valid,true,false,false,false,0,0,C+z,4,16
blue4:lane2:snr18.0:seed4:frame23,18.0,23,profiled_cz,awgn,0.0,47.0,1595,32.64512,33.626726399999995,0.9445376,0,true,false,standard,standard_crc_valid,true,false,false,false,0,0,C+z,4,16
blue4:lane2:snr18.0:seed4:frame24,18.0,24,profiled_cz,awgn,0.0,47.0,1667,34.11968,35.1012864,0.9445376,0,true,false,standard,standard_crc_valid,true,false,false,false,0,0,C+z,4,16
blue4:lane2:snr18.0:seed4:frame25,18.0,25,profiled_cz,awgn,0.0,47.0,1740,35.61472,36.596326399999995,0.9445376,0,true,false,standard,standard_crc_valid,true,false,false,false,0,0,C+z,4,16
blue4:lane2:snr18.0:seed4:frame26,18.0,26,profiled_cz,awgn,0.0,47.0,1812,37.08928,38.0708864,0.9445376,0,true,false,standard,standard_crc_valid,true,false,false,false,0,0,C+z,4,16
blue4:lane2:snr18.0:seed4:frame27,18.0,27,profiled_cz,awgn,0.0,47.0,1885,38.58432,39.565926399999995,0.9445376,0,true,false,standard,standard_crc_valid,true,false,false,false,0,0,C+z,4,16
blue4:lane2:snr18.0:seed4:frame28,18.0,28,profiled_cz,awgn,0.0,47.0,1957,40.05888,41.0404864,0.9445376,0,true,false,standard,standard_crc_valid,true,false,false,false,0,0,C+z,4,16
blue4:lane2:snr18.0:seed4:frame29,18.0,29,profiled_cz,awgn,0.0,47.0,2030,41.55392,42.535526399999995,0.9445376,0,true,false,standard,standard_crc_valid,true,false,false,false,0,0,C+z,4,16
blue4:lane2:snr18.0:seed4:frame30,18.0,30,profiled_cz,awgn,0.0,47.0,2102,43.02848,44.0100864,0.9445376,0,true,false,standard,standard_crc_valid,true,false,false,false,0,0,C+z,4,16
blue4:lane2:snr18.0:seed4:frame31,18.0,31,profiled_cz,awgn,0.0,47.0,2175,44.52352,45.505126399999995,0.9445376,0,true,false,standard,standard_crc_valid,true,false,false,false,0,0,C+z,4,16
blue4:lane2:snr18.0:seed4:frame32,18.0,32,profiled_cz,awgn,0.0,47.0,2247,45.99808,46.9796864,0.9445376,0,true,false,standard,standard_crc_valid,true,false,false,false,0,0,C+z,4,16
blue4:lane2:snr20.0:seed4:frame1,20.0,1,cwz_joint,awgn,0.0,47.0,1,0.0,0.9816064,0.9445376,0,true,false,standard,standard_crc_valid,true,false,false,false,0,0,C+W+z,4,16
blue4:lane2:snr20.0:seed4:frame2,20.0,2,cwz_joint,awgn,0.0,47.0,73,1.47456,2.4561664,0.9445376,0,true,false,standard,standard_crc_valid,true,false,false,false,0,0,C+W+z,4,16
blue4:lane2:snr20.0:seed4:frame3,20.0,3,cwz_joint,awgn,0.0,47.0,146,2.9696,3.9512064,0.9445376,90,false,false,standard,standard_fallback,false,true,true,false,8,0,C+W+z,4,16
blue4:lane2:snr20.0:seed4:frame4,20.0,4,cwz_joint,awgn,0.0,47.0,218,4.44416,5.4257664000000005,0.9445376,6,false,false,standard,standard_fallback,false,true,true,false,8,0,C+W+z,4,16
blue4:lane2:snr20.0:seed4:frame5,20.0,5,cwz_joint,awgn,0.0,47.0,291,5.9392,6.9208064,0.9445376,0,true,false,standard,standard_crc_valid,true,false,false,false,0,0,C+W+z,4,16
blue4:lane2:snr20.0:seed4:frame6,20.0,6,cwz_joint,awgn,0.0,47.0,363,7.41376,8.3953664,0.9445376,396,false,false,standard,standard_fallback,false,true,true,false,8,0,C+W+z,4,16
blue4:lane2:snr20.0:seed4:frame7,20.0,7,cwz_joint,awgn,0.0,47.0,436,8.9088,9.8904064,0.9445376,0,true,false,standard,standard_crc_valid,true,false,false,false,0,0,C+W+z,4,16
blue4:lane2:snr20.0:seed4:frame8,20.0,8,cwz_joint,awgn,0.0,47.0,508,10.38336,11.3649664,0.9445376,0,true,false,standard,standard_crc_valid,true,false,false,false,0,0,C+W+z,4,16
blue4:lane2:snr20.0:seed4:frame9,20.0,9,cwz_joint,awgn,0.0,47.0,581,11.8784,12.8600064,0.9445376,0,true,false,standard,standard_crc_valid,true,false,false,false,0,0,C+W+z,4,16
blue4:lane2:snr20.0:seed4:frame10,20.0,10,cwz_joint,awgn,0.0,47.0,653,13.35296,14.3345664,0.9445376,0,true,false,standard,standard_crc_valid,true,false,false,false,0,0,C+W+z,4,16
blue4:lane2:snr20.0:seed4:frame11,20.0,11,cwz_joint,awgn,0.0,47.0,726,14.848,15.829606400000001,0.9445376,0,true,false,standard,standard_crc_valid,true,false,false,false,0,0,C+W+z,4,16
blue4:lane2:snr20.0:seed4:frame12,20.0,12,cwz_joint,awgn,0.0,47.0,798,16.32256,17.3041664,0.9445376,7,false,false,standard,standard_fallback,false,true,true,false,8,0,C+W+z,4,16
blue4:lane2:snr20.0:seed4:frame13,20.0,13,cwz_joint,awgn,0.0,47.0,870,17.79712,18.7787264,0.9445376,172,false,false,standard,standard_fallback,false,true,true,false,8,0,C+W+z,4,16
blue4:lane2:snr20.0:seed4:frame14,20.0,14,cwz_joint,awgn,0.0,47.0,943,19.29216,20.2737664,0.9445376,312,false,false,standard,standard_fallback,false,true,true,false,8,0,C+W+z,4,16
blue4:lane2:snr20.0:seed4:frame15,20.0,15,cwz_joint,awgn,0.0,47.0,1015,20.76672,21.7483264,0.9445376,0,true,false,standard,standard_crc_valid,true,false,false,false,0,0,C+W+z,4,16
blue4:lane2:snr20.0:seed4:frame16,20.0,16,cwz_joint,awgn,0.0,47.0,1088,22.26176,23.2433664,0.9445376,0,true,false,standard,standard_crc_valid,true,false,false,false,0,0,C+W+z,4,16
blue4:lane2:snr20.0:seed4:frame17,20.0,17,cwz_joint,awgn,0.0,47.0,1160,23.73632,24.7179264,0.9445376,0,true,false,standard,standard_crc_valid,true,false,false,false,0,0,C+W+z,4,16
blue4:lane2:snr20.0:seed4:frame18,20.0,18,cwz_joint,awgn,0.0,47.0,1233,25.23136,26.2129664,0.9445376,0,true,false,standard,standard_crc_valid,true,false,false,false,0,0,C+W+z,4,16
blue4:lane2:snr20.0:seed4:frame19,20.0,19,cwz_joint,awgn,0.0,47.0,1305,26.70592,27.6875264,0.9445376,0,true,false,standard,standard_crc_valid,true,false,false,false,0,0,C+W+z,4,16
blue4:lane2:snr20.0:seed4:frame20,20.0,20,cwz_joint,awgn,0.0,47.0,1378,28.20096,29.1825664,0.9445376,0,true,false,standard,standard_crc_valid,true,false,false,false,0,0,C+W+z,4,16
blue4:lane2:snr20.0:seed4:frame21,20.0,21,cwz_joint,awgn,0.0,47.0,1450,29.67552,30.6571264,0.9445376,0,true,false,standard,standard_crc_valid,true,false,false,false,0,0,C+W+z,4,16
blue4:lane2:snr20.0:seed4:frame22,20.0,22,cwz_joint,awgn,0.0,47.0,1522,31.15008,32.1316864,0.9445376,0,true,false,standard,standard_crc_valid,true,false,false,false,0,0,C+W+z,4,16
blue4:lane2:snr20.0:seed4:frame23,20.0,23,cwz_joint,awgn,0.0,47.0,1595,32.64512,33.626726399999995,0.9445376,0,true,false,standard,standard_crc_valid,true,false,false,false,0,0,C+W+z,4,16
blue4:lane2:snr20.0:seed4:frame24,20.0,24,cwz_joint,awgn,0.0,47.0,1667,34.11968,35.1012864,0.9445376,0,true,false,standard,standard_crc_valid,true,false,false,false,0,0,C+W+z,4,16
blue4:lane2:snr20.0:seed4:frame25,20.0,25,cwz_joint,awgn,0.0,47.0,1740,35.61472,36.596326399999995,0.9445376,0,true,false,standard,standard_crc_valid,true,false,false,false,0,0,C+W+z,4,16
blue4:lane2:snr20.0:seed4:frame26,20.0,26,cwz_joint,awgn,0.0,47.0,1812,37.08928,38.0708864,0.9445376,0,true,false,standard,standard_crc_valid,true,false,false,false,0,0,C+W+z,4,16
blue4:lane2:snr20.0:seed4:frame27,20.0,27,cwz_joint,awgn,0.0,47.0,1885,38.58432,39.565926399999995,0.9445376,0,true,false,standard,standard_crc_valid,true,false,false,false,0,0,C+W+z,4,16
blue4:lane2:snr20.0:seed4:frame28,20.0,28,cwz_joint,awgn,0.0,47.0,1957,40.05888,41.0404864,0.9445376,0,true,false,standard,standard_crc_valid,true,false,false,false,0,0,C+W+z,4,16
blue4:lane2:snr20.0:seed4:frame29,20.0,29,cwz_joint,awgn,0.0,47.0,2030,41.55392,42.535526399999995,0.9445376,0,true,false,standard,standard_crc_valid,true,false,false,false,0,0,C+W+z,4,16
blue4:lane2:snr20.0:seed4:frame30,20.0,30,cwz_joint,awgn,0.0,47.0,2102,43.02848,44.0100864,0.9445376,0,true,false,standard,standard_crc_valid,true,false,false,false,0,0,C+W+z,4,16
blue4:lane2:snr20.0:seed4:frame31,20.0,31,cwz_joint,awgn,0.0,47.0,2175,44.52352,45.505126399999995,0.9445376,0,true,false,standard,standard_crc_valid,true,false,false,false,0,0,C+W+z,4,16
blue4:lane2:snr20.0:seed4:frame32,20.0,32,cwz_joint,awgn,0.0,47.0,2247,45.99808,46.9796864,0.9445376,0,true,false,standard,standard_crc_valid,true,false,false,false,0,0,C+W+z,4,16
blue4:lane2:snr20.0:seed4:frame1,20.0,1,profiled_cz,awgn,0.0,47.0,1,0.0,0.9816064,0.9445376,0,true,false,standard,standard_crc_valid,true,false,false,false,0,0,C+z,4,16
blue4:lane2:snr20.0:seed4:frame2,20.0,2,profiled_cz,awgn,0.0,47.0,73,1.47456,2.4561664,0.9445376,0,true,false,standard,standard_crc_valid,true,false,false,false,0,0,C+z,4,16
blue4:lane2:snr20.0:seed4:frame3,20.0,3,profiled_cz,awgn,0.0,47.0,146,2.9696,3.9512064,0.9445376,90,false,false,standard,standard_fallback,false,true,true,false,8,0,C+z,4,16
blue4:lane2:snr20.0:seed4:frame4,20.0,4,profiled_cz,awgn,0.0,47.0,218,4.44416,5.4257664000000005,0.9445376,6,false,false,standard,standard_fallback,false,true,true,false,8,0,C+z,4,16
blue4:lane2:snr20.0:seed4:frame5,20.0,5,profiled_cz,awgn,0.0,47.0,291,5.9392,6.9208064,0.9445376,0,true,false,standard,standard_crc_valid,true,false,false,false,0,0,C+z,4,16
blue4:lane2:snr20.0:seed4:frame6,20.0,6,profiled_cz,awgn,0.0,47.0,363,7.41376,8.3953664,0.9445376,396,false,false,standard,standard_fallback,false,true,true,false,8,0,C+z,4,16
blue4:lane2:snr20.0:seed4:frame7,20.0,7,profiled_cz,awgn,0.0,47.0,436,8.9088,9.8904064,0.9445376,0,true,false,standard,standard_crc_valid,true,false,false,false,0,0,C+z,4,16
blue4:lane2:snr20.0:seed4:frame8,20.0,8,profiled_cz,awgn,0.0,47.0,508,10.38336,11.3649664,0.9445376,0,true,false,standard,standard_crc_valid,true,false,false,false,0,0,C+z,4,16
blue4:lane2:snr20.0:seed4:frame9,20.0,9,profiled_cz,awgn,0.0,47.0,581,11.8784,12.8600064,0.9445376,0,true,false,standard,standard_crc_valid,true,false,false,false,0,0,C+z,4,16
blue4:lane2:snr20.0:seed4:frame10,20.0,10,profiled_cz,awgn,0.0,47.0,653,13.35296,14.3345664,0.9445376,0,true,false,standard,standard_crc_valid,true,false,false,false,0,0,C+z,4,16
blue4:lane2:snr20.0:seed4:frame11,20.0,11,profiled_cz,awgn,0.0,47.0,726,14.848,15.829606400000001,0.9445376,0,true,false,standard,standard_crc_valid,true,false,false,false,0,0,C+z,4,16
blue4:lane2:snr20.0:seed4:frame12,20.0,12,profiled_cz,awgn,0.0,47.0,798,16.32256,17.3041664,0.9445376,7,false,false,standard,standard_fallback,false,true,true,false,8,0,C+z,4,16
blue4:lane2:snr20.0:seed4:frame13,20.0,13,profiled_cz,awgn,0.0,47.0,870,17.79712,18.7787264,0.9445376,172,false,false,standard,standard_fallback,false,true,true,false,8,0,C+z,4,16
blue4:lane2:snr20.0:seed4:frame14,20.0,14,profiled_cz,awgn,0.0,47.0,943,19.29216,20.2737664,0.9445376,312,false,false,standard,standard_fallback,false,true,true,false,8,0,C+z,4,16
blue4:lane2:snr20.0:seed4:frame15,20.0,15,profiled_cz,awgn,0.0,47.0,1015,20.76672,21.7483264,0.9445376,0,true,false,standard,standard_crc_valid,true,false,false,false,0,0,C+z,4,16
blue4:lane2:snr20.0:seed4:frame16,20.0,16,profiled_cz,awgn,0.0,47.0,1088,22.26176,23.2433664,0.9445376,0,true,false,standard,standard_crc_valid,true,false,false,false,0,0,C+z,4,16
blue4:lane2:snr20.0:seed4:frame17,20.0,17,profiled_cz,awgn,0.0,47.0,1160,23.73632,24.7179264,0.9445376,0,true,false,standard,standard_crc_valid,true,false,false,false,0,0,C+z,4,16
blue4:lane2:snr20.0:seed4:frame18,20.0,18,profiled_cz,awgn,0.0,47.0,1233,25.23136,26.2129664,0.9445376,0,true,false,standard,standard_crc_valid,true,false,false,false,0,0,C+z,4,16
blue4:lane2:snr20.0:seed4:frame19,20.0,19,profiled_cz,awgn,0.0,47.0,1305,26.70592,27.6875264,0.9445376,0,true,false,standard,standard_crc_valid,true,false,false,false,0,0,C+z,4,16
blue4:lane2:snr20.0:seed4:frame20,20.0,20,profiled_cz,awgn,0.0,47.0,1378,28.20096,29.1825664,0.9445376,0,true,false,standard,standard_crc_valid,true,false,false,false,0,0,C+z,4,16
blue4:lane2:snr20.0:seed4:frame21,20.0,21,profiled_cz,awgn,0.0,47.0,1450,29.67552,30.6571264,0.9445376,0,true,false,standard,standard_crc_valid,true,false,false,false,0,0,C+z,4,16
blue4:lane2:snr20.0:seed4:frame22,20.0,22,profiled_cz,awgn,0.0,47.0,1522,31.15008,32.1316864,0.9445376,0,true,false,standard,standard_crc_valid,true,false,false,false,0,0,C+z,4,16
blue4:lane2:snr20.0:seed4:frame23,20.0,23,profiled_cz,awgn,0.0,47.0,1595,32.64512,33.626726399999995,0.9445376,0,true,false,standard,standard_crc_valid,true,false,false,false,0,0,C+z,4,16
blue4:lane2:snr20.0:seed4:frame24,20.0,24,profiled_cz,awgn,0.0,47.0,1667,34.11968,35.1012864,0.9445376,0,true,false,standard,standard_crc_valid,true,false,false,false,0,0,C+z,4,16
blue4:lane2:snr20.0:seed4:frame25,20.0,25,profiled_cz,awgn,0.0,47.0,1740,35.61472,36.596326399999995,0.9445376,0,true,false,standard,standard_crc_valid,true,false,false,false,0,0,C+z,4,16
blue4:lane2:snr20.0:seed4:frame26,20.0,26,profiled_cz,awgn,0.0,47.0,1812,37.08928,38.0708864,0.9445376,0,true,false,standard,standard_crc_valid,true,false,false,false,0,0,C+z,4,16
blue4:lane2:snr20.0:seed4:frame27,20.0,27,profiled_cz,awgn,0.0,47.0,1885,38.58432,39.565926399999995,0.9445376,0,true,false,standard,standard_crc_valid,true,false,false,false,0,0,C+z,4,16
blue4:lane2:snr20.0:seed4:frame28,20.0,28,profiled_cz,awgn,0.0,47.0,1957,40.05888,41.0404864,0.9445376,0,true,false,standard,standard_crc_valid,true,false,false,false,0,0,C+z,4,16
blue4:lane2:snr20.0:seed4:frame29,20.0,29,profiled_cz,awgn,0.0,47.0,2030,41.55392,42.535526399999995,0.9445376,0,true,false,standard,standard_crc_valid,true,false,false,false,0,0,C+z,4,16
blue4:lane2:snr20.0:seed4:frame30,20.0,30,profiled_cz,awgn,0.0,47.0,2102,43.02848,44.0100864,0.9445376,0,true,false,standard,standard_crc_valid,true,false,false,false,0,0,C+z,4,16
blue4:lane2:snr20.0:seed4:frame31,20.0,31,profiled_cz,awgn,0.0,47.0,2175,44.52352,45.505126399999995,0.9445376,0,true,false,standard,standard_crc_valid,true,false,false,false,0,0,C+z,4,16
blue4:lane2:snr20.0:seed4:frame32,20.0,32,profiled_cz,awgn,0.0,47.0,2247,45.99808,46.9796864,0.9445376,0,true,false,standard,standard_crc_valid,true,false,false,false,0,0,C+z,4,16
blue4:lane2:snr22.0:seed4:frame1,22.0,1,cwz_joint,awgn,0.0,47.0,1,0.0,0.9816064,0.9445376,0,true,false,standard,standard_crc_valid,true,false,false,false,0,0,C+W+z,4,16
blue4:lane2:snr22.0:seed4:frame2,22.0,2,cwz_joint,awgn,0.0,47.0,73,1.47456,2.4561664,0.9445376,0,true,false,standard,standard_crc_valid,true,false,false,false,0,0,C+W+z,4,16
blue4:lane2:snr22.0:seed4:frame3,22.0,3,cwz_joint,awgn,0.0,47.0,146,2.9696,3.9512064,0.9445376,241,false,false,standard,standard_fallback,false,true,true,false,8,0,C+W+z,4,16
blue4:lane2:snr22.0:seed4:frame4,22.0,4,cwz_joint,awgn,0.0,47.0,218,4.44416,5.4257664000000005,0.9445376,191,false,false,standard,standard_fallback,false,true,true,false,8,0,C+W+z,4,16
blue4:lane2:snr22.0:seed4:frame5,22.0,5,cwz_joint,awgn,0.0,47.0,291,5.9392,6.9208064,0.9445376,0,true,false,standard,standard_crc_valid,true,false,false,false,0,0,C+W+z,4,16
blue4:lane2:snr22.0:seed4:frame6,22.0,6,cwz_joint,awgn,0.0,47.0,363,7.41376,8.3953664,0.9445376,406,false,false,standard,standard_fallback,false,true,true,false,8,0,C+W+z,4,16
blue4:lane2:snr22.0:seed4:frame7,22.0,7,cwz_joint,awgn,0.0,47.0,436,8.9088,9.8904064,0.9445376,0,true,false,standard,standard_crc_valid,true,false,false,false,0,0,C+W+z,4,16
blue4:lane2:snr22.0:seed4:frame8,22.0,8,cwz_joint,awgn,0.0,47.0,508,10.38336,11.3649664,0.9445376,0,true,false,standard,standard_crc_valid,true,false,false,false,0,0,C+W+z,4,16
blue4:lane2:snr22.0:seed4:frame9,22.0,9,cwz_joint,awgn,0.0,47.0,581,11.8784,12.8600064,0.9445376,0,true,false,standard,standard_crc_valid,true,false,false,false,0,0,C+W+z,4,16
blue4:lane2:snr22.0:seed4:frame10,22.0,10,cwz_joint,awgn,0.0,47.0,653,13.35296,14.3345664,0.9445376,0,true,false,standard,standard_crc_valid,true,false,false,false,0,0,C+W+z,4,16
blue4:lane2:snr22.0:seed4:frame11,22.0,11,cwz_joint,awgn,0.0,47.0,726,14.848,15.829606400000001,0.9445376,0,true,false,standard,standard_crc_valid,true,false,false,false,0,0,C+W+z,4,16
blue4:lane2:snr22.0:seed4:frame12,22.0,12,cwz_joint,awgn,0.0,47.0,798,16.32256,17.3041664,0.9445376,1,false,false,standard,standard_fallback,false,true,true,false,8,0,C+W+z,4,16
blue4:lane2:snr22.0:seed4:frame13,22.0,13,cwz_joint,awgn,0.0,47.0,870,17.79712,18.7787264,0.9445376,160,false,false,standard,standard_fallback,false,true,true,false,8,0,C+W+z,4,16
blue4:lane2:snr22.0:seed4:frame14,22.0,14,cwz_joint,awgn,0.0,47.0,943,19.29216,20.2737664,0.9445376,174,false,false,standard,standard_fallback,false,true,true,false,8,0,C+W+z,4,16
blue4:lane2:snr22.0:seed4:frame15,22.0,15,cwz_joint,awgn,0.0,47.0,1015,20.76672,21.7483264,0.9445376,0,true,false,standard,standard_crc_valid,true,false,false,false,0,0,C+W+z,4,16
blue4:lane2:snr22.0:seed4:frame16,22.0,16,cwz_joint,awgn,0.0,47.0,1088,22.26176,23.2433664,0.9445376,0,true,false,standard,standard_crc_valid,true,false,false,false,0,0,C+W+z,4,16
blue4:lane2:snr22.0:seed4:frame17,22.0,17,cwz_joint,awgn,0.0,47.0,1160,23.73632,24.7179264,0.9445376,0,true,false,standard,standard_crc_valid,true,false,false,false,0,0,C+W+z,4,16
blue4:lane2:snr22.0:seed4:frame18,22.0,18,cwz_joint,awgn,0.0,47.0,1233,25.23136,26.2129664,0.9445376,0,true,false,standard,standard_crc_valid,true,false,false,false,0,0,C+W+z,4,16
blue4:lane2:snr22.0:seed4:frame19,22.0,19,cwz_joint,awgn,0.0,47.0,1305,26.70592,27.6875264,0.9445376,0,true,false,standard,standard_crc_valid,true,false,false,false,0,0,C+W+z,4,16
blue4:lane2:snr22.0:seed4:frame20,22.0,20,cwz_joint,awgn,0.0,47.0,1378,28.20096,29.1825664,0.9445376,0,true,false,standard,standard_crc_valid,true,false,false,false,0,0,C+W+z,4,16
blue4:lane2:snr22.0:seed4:frame21,22.0,21,cwz_joint,awgn,0.0,47.0,1450,29.67552,30.6571264,0.9445376,0,true,false,standard,standard_crc_valid,true,false,false,false,0,0,C+W+z,4,16
blue4:lane2:snr22.0:seed4:frame22,22.0,22,cwz_joint,awgn,0.0,47.0,1522,31.15008,32.1316864,0.9445376,0,true,false,standard,standard_crc_valid,true,false,false,false,0,0,C+W+z,4,16
blue4:lane2:snr22.0:seed4:frame23,22.0,23,cwz_joint,awgn,0.0,47.0,1595,32.64512,33.626726399999995,0.9445376,0,true,false,standard,standard_crc_valid,true,false,false,false,0,0,C+W+z,4,16
blue4:lane2:snr22.0:seed4:frame24,22.0,24,cwz_joint,awgn,0.0,47.0,1667,34.11968,35.1012864,0.9445376,0,true,false,standard,standard_crc_valid,true,false,false,false,0,0,C+W+z,4,16
blue4:lane2:snr22.0:seed4:frame25,22.0,25,cwz_joint,awgn,0.0,47.0,1740,35.61472,36.596326399999995,0.9445376,0,true,false,standard,standard_crc_valid,true,false,false,false,0,0,C+W+z,4,16
blue4:lane2:snr22.0:seed4:frame26,22.0,26,cwz_joint,awgn,0.0,47.0,1812,37.08928,38.0708864,0.9445376,0,true,false,standard,standard_crc_valid,true,false,false,false,0,0,C+W+z,4,16
blue4:lane2:snr22.0:seed4:frame27,22.0,27,cwz_joint,awgn,0.0,47.0,1885,38.58432,39.565926399999995,0.9445376,0,true,false,standard,standard_crc_valid,true,false,false,false,0,0,C+W+z,4,16
blue4:lane2:snr22.0:seed4:frame28,22.0,28,cwz_joint,awgn,0.0,47.0,1957,40.05888,41.0404864,0.9445376,0,true,false,standard,standard_crc_valid,true,false,false,false,0,0,C+W+z,4,16
blue4:lane2:snr22.0:seed4:frame29,22.0,29,cwz_joint,awgn,0.0,47.0,2030,41.55392,42.535526399999995,0.9445376,0,true,false,standard,standard_crc_valid,true,false,false,false,0,0,C+W+z,4,16
blue4:lane2:snr22.0:seed4:frame30,22.0,30,cwz_joint,awgn,0.0,47.0,2102,43.02848,44.0100864,0.9445376,0,true,false,standard,standard_crc_valid,true,false,false,false,0,0,C+W+z,4,16
blue4:lane2:snr22.0:seed4:frame31,22.0,31,cwz_joint,awgn,0.0,47.0,2175,44.52352,45.505126399999995,0.9445376,0,true,false,standard,standard_crc_valid,true,false,false,false,0,0,C+W+z,4,16
blue4:lane2:snr22.0:seed4:frame32,22.0,32,cwz_joint,awgn,0.0,47.0,2247,45.99808,46.9796864,0.9445376,0,true,false,standard,standard_crc_valid,true,false,false,false,0,0,C+W+z,4,16
blue4:lane2:snr22.0:seed4:frame1,22.0,1,profiled_cz,awgn,0.0,47.0,1,0.0,0.9816064,0.9445376,0,true,false,standard,standard_crc_valid,true,false,false,false,0,0,C+z,4,16
blue4:lane2:snr22.0:seed4:frame2,22.0,2,profiled_cz,awgn,0.0,47.0,73,1.47456,2.4561664,0.9445376,0,true,false,standard,standard_crc_valid,true,false,false,false,0,0,C+z,4,16
blue4:lane2:snr22.0:seed4:frame3,22.0,3,profiled_cz,awgn,0.0,47.0,146,2.9696,3.9512064,0.9445376,241,false,false,standard,standard_fallback,false,true,true,false,8,0,C+z,4,16
blue4:lane2:snr22.0:seed4:frame4,22.0,4,profiled_cz,awgn,0.0,47.0,218,4.44416,5.4257664000000005,0.9445376,191,false,false,standard,standard_fallback,false,true,true,false,8,0,C+z,4,16
blue4:lane2:snr22.0:seed4:frame5,22.0,5,profiled_cz,awgn,0.0,47.0,291,5.9392,6.9208064,0.9445376,0,true,false,standard,standard_crc_valid,true,false,false,false,0,0,C+z,4,16
blue4:lane2:snr22.0:seed4:frame6,22.0,6,profiled_cz,awgn,0.0,47.0,363,7.41376,8.3953664,0.9445376,406,false,false,standard,standard_fallback,false,true,true,false,8,0,C+z,4,16
blue4:lane2:snr22.0:seed4:frame7,22.0,7,profiled_cz,awgn,0.0,47.0,436,8.9088,9.8904064,0.9445376,0,true,false,standard,standard_crc_valid,true,false,false,false,0,0,C+z,4,16
blue4:lane2:snr22.0:seed4:frame8,22.0,8,profiled_cz,awgn,0.0,47.0,508,10.38336,11.3649664,0.9445376,0,true,false,standard,standard_crc_valid,true,false,false,false,0,0,C+z,4,16
blue4:lane2:snr22.0:seed4:frame9,22.0,9,profiled_cz,awgn,0.0,47.0,581,11.8784,12.8600064,0.9445376,0,true,false,standard,standard_crc_valid,true,false,false,false,0,0,C+z,4,16
blue4:lane2:snr22.0:seed4:frame10,22.0,10,profiled_cz,awgn,0.0,47.0,653,13.35296,14.3345664,0.9445376,0,true,false,standard,standard_crc_valid,true,false,false,false,0,0,C+z,4,16
blue4:lane2:snr22.0:seed4:frame11,22.0,11,profiled_cz,awgn,0.0,47.0,726,14.848,15.829606400000001,0.9445376,0,true,false,standard,standard_crc_valid,true,false,false,false,0,0,C+z,4,16
blue4:lane2:snr22.0:seed4:frame12,22.0,12,profiled_cz,awgn,0.0,47.0,798,16.32256,17.3041664,0.9445376,1,false,false,standard,standard_fallback,false,true,true,false,8,0,C+z,4,16
blue4:lane2:snr22.0:seed4:frame13,22.0,13,profiled_cz,awgn,0.0,47.0,870,17.79712,18.7787264,0.9445376,160,false,false,standard,standard_fallback,false,true,true,false,8,0,C+z,4,16
blue4:lane2:snr22.0:seed4:frame14,22.0,14,profiled_cz,awgn,0.0,47.0,943,19.29216,20.2737664,0.9445376,174,false,false,standard,standard_fallback,false,true,true,false,8,0,C+z,4,16
blue4:lane2:snr22.0:seed4:frame15,22.0,15,profiled_cz,awgn,0.0,47.0,1015,20.76672,21.7483264,0.9445376,0,true,false,standard,standard_crc_valid,true,false,false,false,0,0,C+z,4,16
blue4:lane2:snr22.0:seed4:frame16,22.0,16,profiled_cz,awgn,0.0,47.0,1088,22.26176,23.2433664,0.9445376,0,true,false,standard,standard_crc_valid,true,false,false,false,0,0,C+z,4,16
blue4:lane2:snr22.0:seed4:frame17,22.0,17,profiled_cz,awgn,0.0,47.0,1160,23.73632,24.7179264,0.9445376,0,true,false,standard,standard_crc_valid,true,false,false,false,0,0,C+z,4,16
blue4:lane2:snr22.0:seed4:frame18,22.0,18,profiled_cz,awgn,0.0,47.0,1233,25.23136,26.2129664,0.9445376,0,true,false,standard,standard_crc_valid,true,false,false,false,0,0,C+z,4,16
blue4:lane2:snr22.0:seed4:frame19,22.0,19,profiled_cz,awgn,0.0,47.0,1305,26.70592,27.6875264,0.9445376,0,true,false,standard,standard_crc_valid,true,false,false,false,0,0,C+z,4,16
blue4:lane2:snr22.0:seed4:frame20,22.0,20,profiled_cz,awgn,0.0,47.0,1378,28.20096,29.1825664,0.9445376,0,true,false,standard,standard_crc_valid,true,false,false,false,0,0,C+z,4,16
blue4:lane2:snr22.0:seed4:frame21,22.0,21,profiled_cz,awgn,0.0,47.0,1450,29.67552,30.6571264,0.9445376,0,true,false,standard,standard_crc_valid,true,false,false,false,0,0,C+z,4,16
blue4:lane2:snr22.0:seed4:frame22,22.0,22,profiled_cz,awgn,0.0,47.0,1522,31.15008,32.1316864,0.9445376,0,true,false,standard,standard_crc_valid,true,false,false,false,0,0,C+z,4,16
blue4:lane2:snr22.0:seed4:frame23,22.0,23,profiled_cz,awgn,0.0,47.0,1595,32.64512,33.626726399999995,0.9445376,0,true,false,standard,standard_crc_valid,true,false,false,false,0,0,C+z,4,16
blue4:lane2:snr22.0:seed4:frame24,22.0,24,profiled_cz,awgn,0.0,47.0,1667,34.11968,35.1012864,0.9445376,0,true,false,standard,standard_crc_valid,true,false,false,false,0,0,C+z,4,16
blue4:lane2:snr22.0:seed4:frame25,22.0,25,profiled_cz,awgn,0.0,47.0,1740,35.61472,36.596326399999995,0.9445376,0,true,false,standard,standard_crc_valid,true,false,false,false,0,0,C+z,4,16
blue4:lane2:snr22.0:seed4:frame26,22.0,26,profiled_cz,awgn,0.0,47.0,1812,37.08928,38.0708864,0.9445376,0,true,false,standard,standard_crc_valid,true,false,false,false,0,0,C+z,4,16
blue4:lane2:snr22.0:seed4:frame27,22.0,27,profiled_cz,awgn,0.0,47.0,1885,38.58432,39.565926399999995,0.9445376,0,true,false,standard,standard_crc_valid,true,false,false,false,0,0,C+z,4,16
blue4:lane2:snr22.0:seed4:frame28,22.0,28,profiled_cz,awgn,0.0,47.0,1957,40.05888,41.0404864,0.9445376,0,true,false,standard,standard_crc_valid,true,false,false,false,0,0,C+z,4,16
blue4:lane2:snr22.0:seed4:frame29,22.0,29,profiled_cz,awgn,0.0,47.0,2030,41.55392,42.535526399999995,0.9445376,0,true,false,standard,standard_crc_valid,true,false,false,false,0,0,C+z,4,16
blue4:lane2:snr22.0:seed4:frame30,22.0,30,profiled_cz,awgn,0.0,47.0,2102,43.02848,44.0100864,0.9445376,0,true,false,standard,standard_crc_valid,true,false,false,false,0,0,C+z,4,16
blue4:lane2:snr22.0:seed4:frame31,22.0,31,profiled_cz,awgn,0.0,47.0,2175,44.52352,45.505126399999995,0.9445376,0,true,false,standard,standard_crc_valid,true,false,false,false,0,0,C+z,4,16
blue4:lane2:snr22.0:seed4:frame32,22.0,32,profiled_cz,awgn,0.0,47.0,2247,45.99808,46.9796864,0.9445376,0,true,false,standard,standard_crc_valid,true,false,false,false,0,0,C+z,4,16
blue4:lane2:snr24.0:seed4:frame1,24.0,1,cwz_joint,awgn,0.0,47.0,1,0.0,0.9816064,0.9445376,0,true,false,standard,standard_crc_valid,true,false,false,false,0,0,C+W+z,4,16
blue4:lane2:snr24.0:seed4:frame2,24.0,2,cwz_joint,awgn,0.0,47.0,73,1.47456,2.4561664,0.9445376,0,true,false,standard,standard_crc_valid,true,false,false,false,0,0,C+W+z,4,16
blue4:lane2:snr24.0:seed4:frame3,24.0,3,cwz_joint,awgn,0.0,47.0,146,2.9696,3.9512064,0.9445376,54,false,false,standard,standard_fallback,false,true,true,false,8,0,C+W+z,4,16
blue4:lane2:snr24.0:seed4:frame4,24.0,4,cwz_joint,awgn,0.0,47.0,218,4.44416,5.4257664000000005,0.9445376,92,false,false,standard,standard_fallback,false,true,true,false,8,0,C+W+z,4,16
blue4:lane2:snr24.0:seed4:frame5,24.0,5,cwz_joint,awgn,0.0,47.0,291,5.9392,6.9208064,0.9445376,0,true,false,standard,standard_crc_valid,true,false,false,false,0,0,C+W+z,4,16
blue4:lane2:snr24.0:seed4:frame6,24.0,6,cwz_joint,awgn,0.0,47.0,363,7.41376,8.3953664,0.9445376,382,false,false,standard,standard_fallback,false,true,true,false,8,0,C+W+z,4,16
blue4:lane2:snr24.0:seed4:frame7,24.0,7,cwz_joint,awgn,0.0,47.0,436,8.9088,9.8904064,0.9445376,0,true,false,standard,standard_crc_valid,true,false,false,false,0,0,C+W+z,4,16
blue4:lane2:snr24.0:seed4:frame8,24.0,8,cwz_joint,awgn,0.0,47.0,508,10.38336,11.3649664,0.9445376,0,true,false,standard,standard_crc_valid,true,false,false,false,0,0,C+W+z,4,16
blue4:lane2:snr24.0:seed4:frame9,24.0,9,cwz_joint,awgn,0.0,47.0,581,11.8784,12.8600064,0.9445376,0,true,false,standard,standard_crc_valid,true,false,false,false,0,0,C+W+z,4,16
blue4:lane2:snr24.0:seed4:frame10,24.0,10,cwz_joint,awgn,0.0,47.0,653,13.35296,14.3345664,0.9445376,0,true,false,standard,standard_crc_valid,true,false,false,false,0,0,C+W+z,4,16
blue4:lane2:snr24.0:seed4:frame11,24.0,11,cwz_joint,awgn,0.0,47.0,726,14.848,15.829606400000001,0.9445376,0,true,false,standard,standard_crc_valid,true,false,false,false,0,0,C+W+z,4,16
blue4:lane2:snr24.0:seed4:frame12,24.0,12,cwz_joint,awgn,0.0,47.0,798,16.32256,17.3041664,0.9445376,0,true,false,standard,standard_crc_valid,true,false,false,false,0,0,C+W+z,4,16
blue4:lane2:snr24.0:seed4:frame13,24.0,13,cwz_joint,awgn,0.0,47.0,870,17.79712,18.7787264,0.9445376,170,false,false,standard,standard_fallback,false,true,true,false,8,0,C+W+z,4,16
blue4:lane2:snr24.0:seed4:frame14,24.0,14,cwz_joint,awgn,0.0,47.0,943,19.29216,20.2737664,0.9445376,14,false,false,standard,standard_fallback,false,true,true,false,8,0,C+W+z,4,16
blue4:lane2:snr24.0:seed4:frame15,24.0,15,cwz_joint,awgn,0.0,47.0,1015,20.76672,21.7483264,0.9445376,0,true,false,standard,standard_crc_valid,true,false,false,false,0,0,C+W+z,4,16
blue4:lane2:snr24.0:seed4:frame16,24.0,16,cwz_joint,awgn,0.0,47.0,1088,22.26176,23.2433664,0.9445376,0,true,false,standard,standard_crc_valid,true,false,false,false,0,0,C+W+z,4,16
blue4:lane2:snr24.0:seed4:frame17,24.0,17,cwz_joint,awgn,0.0,47.0,1160,23.73632,24.7179264,0.9445376,0,true,false,standard,standard_crc_valid,true,false,false,false,0,0,C+W+z,4,16
blue4:lane2:snr24.0:seed4:frame18,24.0,18,cwz_joint,awgn,0.0,47.0,1233,25.23136,26.2129664,0.9445376,0,true,false,standard,standard_crc_valid,true,false,false,false,0,0,C+W+z,4,16
blue4:lane2:snr24.0:seed4:frame19,24.0,19,cwz_joint,awgn,0.0,47.0,1305,26.70592,27.6875264,0.9445376,0,true,false,standard,standard_crc_valid,true,false,false,false,0,0,C+W+z,4,16
blue4:lane2:snr24.0:seed4:frame20,24.0,20,cwz_joint,awgn,0.0,47.0,1378,28.20096,29.1825664,0.9445376,0,true,false,standard,standard_crc_valid,true,false,false,false,0,0,C+W+z,4,16
blue4:lane2:snr24.0:seed4:frame21,24.0,21,cwz_joint,awgn,0.0,47.0,1450,29.67552,30.6571264,0.9445376,0,true,false,standard,standard_crc_valid,true,false,false,false,0,0,C+W+z,4,16
blue4:lane2:snr24.0:seed4:frame22,24.0,22,cwz_joint,awgn,0.0,47.0,1522,31.15008,32.1316864,0.9445376,0,true,false,standard,standard_crc_valid,true,false,false,false,0,0,C+W+z,4,16
blue4:lane2:snr24.0:seed4:frame23,24.0,23,cwz_joint,awgn,0.0,47.0,1595,32.64512,33.626726399999995,0.9445376,0,true,false,standard,standard_crc_valid,true,false,false,false,0,0,C+W+z,4,16
blue4:lane2:snr24.0:seed4:frame24,24.0,24,cwz_joint,awgn,0.0,47.0,1667,34.11968,35.1012864,0.9445376,0,true,false,standard,standard_crc_valid,true,false,false,false,0,0,C+W+z,4,16
blue4:lane2:snr24.0:seed4:frame25,24.0,25,cwz_joint,awgn,0.0,47.0,1740,35.61472,36.596326399999995,0.9445376,0,true,false,standard,standard_crc_valid,true,false,false,false,0,0,C+W+z,4,16
blue4:lane2:snr24.0:seed4:frame26,24.0,26,cwz_joint,awgn,0.0,47.0,1812,37.08928,38.0708864,0.9445376,0,true,false,standard,standard_crc_valid,true,false,false,false,0,0,C+W+z,4,16
blue4:lane2:snr24.0:seed4:frame27,24.0,27,cwz_joint,awgn,0.0,47.0,1885,38.58432,39.565926399999995,0.9445376,0,true,false,standard,standard_crc_valid,true,false,false,false,0,0,C+W+z,4,16
blue4:lane2:snr24.0:seed4:frame28,24.0,28,cwz_joint,awgn,0.0,47.0,1957,40.05888,41.0404864,0.9445376,0,true,false,standard,standard_crc_valid,true,false,false,false,0,0,C+W+z,4,16
blue4:lane2:snr24.0:seed4:frame29,24.0,29,cwz_joint,awgn,0.0,47.0,2030,41.55392,42.535526399999995,0.9445376,0,true,false,standard,standard_crc_valid,true,false,false,false,0,0,C+W+z,4,16
blue4:lane2:snr24.0:seed4:frame30,24.0,30,cwz_joint,awgn,0.0,47.0,2102,43.02848,44.0100864,0.9445376,0,true,false,standard,standard_crc_valid,true,false,false,false,0,0,C+W+z,4,16
blue4:lane2:snr24.0:seed4:frame31,24.0,31,cwz_joint,awgn,0.0,47.0,2175,44.52352,45.505126399999995,0.9445376,0,true,false,standard,standard_crc_valid,true,false,false,false,0,0,C+W+z,4,16
blue4:lane2:snr24.0:seed4:frame32,24.0,32,cwz_joint,awgn,0.0,47.0,2247,45.99808,46.9796864,0.9445376,0,true,false,standard,standard_crc_valid,true,false,false,false,0,0,C+W+z,4,16
blue4:lane2:snr24.0:seed4:frame1,24.0,1,profiled_cz,awgn,0.0,47.0,1,0.0,0.9816064,0.9445376,0,true,false,standard,standard_crc_valid,true,false,false,false,0,0,C+z,4,16
blue4:lane2:snr24.0:seed4:frame2,24.0,2,profiled_cz,awgn,0.0,47.0,73,1.47456,2.4561664,0.9445376,0,true,false,standard,standard_crc_valid,true,false,false,false,0,0,C+z,4,16
blue4:lane2:snr24.0:seed4:frame3,24.0,3,profiled_cz,awgn,0.0,47.0,146,2.9696,3.9512064,0.9445376,54,false,false,standard,standard_fallback,false,true,true,false,8,0,C+z,4,16
blue4:lane2:snr24.0:seed4:frame4,24.0,4,profiled_cz,awgn,0.0,47.0,218,4.44416,5.4257664000000005,0.9445376,92,false,false,standard,standard_fallback,false,true,true,false,8,0,C+z,4,16
blue4:lane2:snr24.0:seed4:frame5,24.0,5,profiled_cz,awgn,0.0,47.0,291,5.9392,6.9208064,0.9445376,0,true,false,standard,standard_crc_valid,true,false,false,false,0,0,C+z,4,16
blue4:lane2:snr24.0:seed4:frame6,24.0,6,profiled_cz,awgn,0.0,47.0,363,7.41376,8.3953664,0.9445376,382,false,false,standard,standard_fallback,false,true,true,false,8,0,C+z,4,16
blue4:lane2:snr24.0:seed4:frame7,24.0,7,profiled_cz,awgn,0.0,47.0,436,8.9088,9.8904064,0.9445376,0,true,false,standard,standard_crc_valid,true,false,false,false,0,0,C+z,4,16
blue4:lane2:snr24.0:seed4:frame8,24.0,8,profiled_cz,awgn,0.0,47.0,508,10.38336,11.3649664,0.9445376,0,true,false,standard,standard_crc_valid,true,false,false,false,0,0,C+z,4,16
blue4:lane2:snr24.0:seed4:frame9,24.0,9,profiled_cz,awgn,0.0,47.0,581,11.8784,12.8600064,0.9445376,0,true,false,standard,standard_crc_valid,true,false,false,false,0,0,C+z,4,16
blue4:lane2:snr24.0:seed4:frame10,24.0,10,profiled_cz,awgn,0.0,47.0,653,13.35296,14.3345664,0.9445376,0,true,false,standard,standard_crc_valid,true,false,false,false,0,0,C+z,4,16
blue4:lane2:snr24.0:seed4:frame11,24.0,11,profiled_cz,awgn,0.0,47.0,726,14.848,15.829606400000001,0.9445376,0,true,false,standard,standard_crc_valid,true,false,false,false,0,0,C+z,4,16
blue4:lane2:snr24.0:seed4:frame12,24.0,12,profiled_cz,awgn,0.0,47.0,798,16.32256,17.3041664,0.9445376,0,true,false,standard,standard_crc_valid,true,false,false,false,0,0,C+z,4,16
blue4:lane2:snr24.0:seed4:frame13,24.0,13,profiled_cz,awgn,0.0,47.0,870,17.79712,18.7787264,0.9445376,170,false,false,standard,standard_fallback,false,true,true,false,8,0,C+z,4,16
blue4:lane2:snr24.0:seed4:frame14,24.0,14,profiled_cz,awgn,0.0,47.0,943,19.29216,20.2737664,0.9445376,14,false,false,standard,standard_fallback,false,true,true,false,8,0,C+z,4,16
blue4:lane2:snr24.0:seed4:frame15,24.0,15,profiled_cz,awgn,0.0,47.0,1015,20.76672,21.7483264,0.9445376,0,true,false,standard,standard_crc_valid,true,false,false,false,0,0,C+z,4,16
blue4:lane2:snr24.0:seed4:frame16,24.0,16,profiled_cz,awgn,0.0,47.0,1088,22.26176,23.2433664,0.9445376,0,true,false,standard,standard_crc_valid,true,false,false,false,0,0,C+z,4,16
blue4:lane2:snr24.0:seed4:frame17,24.0,17,profiled_cz,awgn,0.0,47.0,1160,23.73632,24.7179264,0.9445376,0,true,false,standard,standard_crc_valid,true,false,false,false,0,0,C+z,4,16
blue4:lane2:snr24.0:seed4:frame18,24.0,18,profiled_cz,awgn,0.0,47.0,1233,25.23136,26.2129664,0.9445376,0,true,false,standard,standard_crc_valid,true,false,false,false,0,0,C+z,4,16
blue4:lane2:snr24.0:seed4:frame19,24.0,19,profiled_cz,awgn,0.0,47.0,1305,26.70592,27.6875264,0.9445376,0,true,false,standard,standard_crc_valid,true,false,false,false,0,0,C+z,4,16
blue4:lane2:snr24.0:seed4:frame20,24.0,20,profiled_cz,awgn,0.0,47.0,1378,28.20096,29.1825664,0.9445376,0,true,false,standard,standard_crc_valid,true,false,false,false,0,0,C+z,4,16
blue4:lane2:snr24.0:seed4:frame21,24.0,21,profiled_cz,awgn,0.0,47.0,1450,29.67552,30.6571264,0.9445376,0,true,false,standard,standard_crc_valid,true,false,false,false,0,0,C+z,4,16
blue4:lane2:snr24.0:seed4:frame22,24.0,22,profiled_cz,awgn,0.0,47.0,1522,31.15008,32.1316864,0.9445376,0,true,false,standard,standard_crc_valid,true,false,false,false,0,0,C+z,4,16
blue4:lane2:snr24.0:seed4:frame23,24.0,23,profiled_cz,awgn,0.0,47.0,1595,32.64512,33.626726399999995,0.9445376,0,true,false,standard,standard_crc_valid,true,false,false,false,0,0,C+z,4,16
blue4:lane2:snr24.0:seed4:frame24,24.0,24,profiled_cz,awgn,0.0,47.0,1667,34.11968,35.1012864,0.9445376,0,true,false,standard,standard_crc_valid,true,false,false,false,0,0,C+z,4,16
blue4:lane2:snr24.0:seed4:frame25,24.0,25,profiled_cz,awgn,0.0,47.0,1740,35.61472,36.596326399999995,0.9445376,0,true,false,standard,standard_crc_valid,true,false,false,false,0,0,C+z,4,16
blue4:lane2:snr24.0:seed4:frame26,24.0,26,profiled_cz,awgn,0.0,47.0,1812,37.08928,38.0708864,0.9445376,0,true,false,standard,standard_crc_valid,true,false,false,false,0,0,C+z,4,16
blue4:lane2:snr24.0:seed4:frame27,24.0,27,profiled_cz,awgn,0.0,47.0,1885,38.58432,39.565926399999995,0.9445376,0,true,false,standard,standard_crc_valid,true,false,false,false,0,0,C+z,4,16
blue4:lane2:snr24.0:seed4:frame28,24.0,28,profiled_cz,awgn,0.0,47.0,1957,40.05888,41.0404864,0.9445376,0,true,false,standard,standard_crc_valid,true,false,false,false,0,0,C+z,4,16
blue4:lane2:snr24.0:seed4:frame29,24.0,29,profiled_cz,awgn,0.0,47.0,2030,41.55392,42.535526399999995,0.9445376,0,true,false,standard,standard_crc_valid,true,false,false,false,0,0,C+z,4,16
blue4:lane2:snr24.0:seed4:frame30,24.0,30,profiled_cz,awgn,0.0,47.0,2102,43.02848,44.0100864,0.9445376,0,true,false,standard,standard_crc_valid,true,false,false,false,0,0,C+z,4,16
blue4:lane2:snr24.0:seed4:frame31,24.0,31,profiled_cz,awgn,0.0,47.0,2175,44.52352,45.505126399999995,0.9445376,0,true,false,standard,standard_crc_valid,true,false,false,false,0,0,C+z,4,16
blue4:lane2:snr24.0:seed4:frame32,24.0,32,profiled_cz,awgn,0.0,47.0,2247,45.99808,46.9796864,0.9445376,0,true,false,standard,standard_crc_valid,true,false,false,false,0,0,C+z,4,16
blue4:lane2:snr26.0:seed4:frame1,26.0,1,cwz_joint,awgn,0.0,47.0,1,0.0,0.9816064,0.9445376,0,true,false,standard,standard_crc_valid,true,false,false,false,0,0,C+W+z,4,16
blue4:lane2:snr26.0:seed4:frame2,26.0,2,cwz_joint,awgn,0.0,47.0,73,1.47456,2.4561664,0.9445376,0,true,false,standard,standard_crc_valid,true,false,false,false,0,0,C+W+z,4,16
blue4:lane2:snr26.0:seed4:frame3,26.0,3,cwz_joint,awgn,0.0,47.0,146,2.9696,3.9512064,0.9445376,215,false,false,standard,standard_fallback,false,true,true,false,8,0,C+W+z,4,16
blue4:lane2:snr26.0:seed4:frame4,26.0,4,cwz_joint,awgn,0.0,47.0,218,4.44416,5.4257664000000005,0.9445376,316,false,false,standard,standard_fallback,false,true,true,false,8,0,C+W+z,4,16
blue4:lane2:snr26.0:seed4:frame5,26.0,5,cwz_joint,awgn,0.0,47.0,291,5.9392,6.9208064,0.9445376,0,true,false,standard,standard_crc_valid,true,false,false,false,0,0,C+W+z,4,16
blue4:lane2:snr26.0:seed4:frame6,26.0,6,cwz_joint,awgn,0.0,47.0,363,7.41376,8.3953664,0.9445376,393,false,false,standard,standard_fallback,false,true,true,false,8,0,C+W+z,4,16
blue4:lane2:snr26.0:seed4:frame7,26.0,7,cwz_joint,awgn,0.0,47.0,436,8.9088,9.8904064,0.9445376,0,true,false,standard,standard_crc_valid,true,false,false,false,0,0,C+W+z,4,16
blue4:lane2:snr26.0:seed4:frame8,26.0,8,cwz_joint,awgn,0.0,47.0,508,10.38336,11.3649664,0.9445376,0,true,false,standard,standard_crc_valid,true,false,false,false,0,0,C+W+z,4,16
blue4:lane2:snr26.0:seed4:frame9,26.0,9,cwz_joint,awgn,0.0,47.0,581,11.8784,12.8600064,0.9445376,0,true,false,standard,standard_crc_valid,true,false,false,false,0,0,C+W+z,4,16
blue4:lane2:snr26.0:seed4:frame10,26.0,10,cwz_joint,awgn,0.0,47.0,653,13.35296,14.3345664,0.9445376,0,true,false,standard,standard_crc_valid,true,false,false,false,0,0,C+W+z,4,16
blue4:lane2:snr26.0:seed4:frame11,26.0,11,cwz_joint,awgn,0.0,47.0,726,14.848,15.829606400000001,0.9445376,0,true,false,standard,standard_crc_valid,true,false,false,false,0,0,C+W+z,4,16
blue4:lane2:snr26.0:seed4:frame12,26.0,12,cwz_joint,awgn,0.0,47.0,798,16.32256,17.3041664,0.9445376,0,true,false,standard,standard_crc_valid,true,false,false,false,0,0,C+W+z,4,16
blue4:lane2:snr26.0:seed4:frame13,26.0,13,cwz_joint,awgn,0.0,47.0,870,17.79712,18.7787264,0.9445376,264,false,false,standard,standard_fallback,false,true,true,false,8,0,C+W+z,4,16
blue4:lane2:snr26.0:seed4:frame14,26.0,14,cwz_joint,awgn,0.0,47.0,943,19.29216,20.2737664,0.9445376,236,false,false,standard,standard_fallback,false,true,true,false,8,0,C+W+z,4,16
blue4:lane2:snr26.0:seed4:frame15,26.0,15,cwz_joint,awgn,0.0,47.0,1015,20.76672,21.7483264,0.9445376,0,true,false,standard,standard_crc_valid,true,false,false,false,0,0,C+W+z,4,16
blue4:lane2:snr26.0:seed4:frame16,26.0,16,cwz_joint,awgn,0.0,47.0,1088,22.26176,23.2433664,0.9445376,0,true,false,standard,standard_crc_valid,true,false,false,false,0,0,C+W+z,4,16
blue4:lane2:snr26.0:seed4:frame17,26.0,17,cwz_joint,awgn,0.0,47.0,1160,23.73632,24.7179264,0.9445376,0,true,false,standard,standard_crc_valid,true,false,false,false,0,0,C+W+z,4,16
blue4:lane2:snr26.0:seed4:frame18,26.0,18,cwz_joint,awgn,0.0,47.0,1233,25.23136,26.2129664,0.9445376,0,true,false,standard,standard_crc_valid,true,false,false,false,0,0,C+W+z,4,16
blue4:lane2:snr26.0:seed4:frame19,26.0,19,cwz_joint,awgn,0.0,47.0,1305,26.70592,27.6875264,0.9445376,0,true,false,standard,standard_crc_valid,true,false,false,false,0,0,C+W+z,4,16
blue4:lane2:snr26.0:seed4:frame20,26.0,20,cwz_joint,awgn,0.0,47.0,1378,28.20096,29.1825664,0.9445376,0,true,false,standard,standard_crc_valid,true,false,false,false,0,0,C+W+z,4,16
blue4:lane2:snr26.0:seed4:frame21,26.0,21,cwz_joint,awgn,0.0,47.0,1450,29.67552,30.6571264,0.9445376,0,true,false,standard,standard_crc_valid,true,false,false,false,0,0,C+W+z,4,16
blue4:lane2:snr26.0:seed4:frame22,26.0,22,cwz_joint,awgn,0.0,47.0,1522,31.15008,32.1316864,0.9445376,0,true,false,standard,standard_crc_valid,true,false,false,false,0,0,C+W+z,4,16
blue4:lane2:snr26.0:seed4:frame23,26.0,23,cwz_joint,awgn,0.0,47.0,1595,32.64512,33.626726399999995,0.9445376,0,true,false,standard,standard_crc_valid,true,false,false,false,0,0,C+W+z,4,16
blue4:lane2:snr26.0:seed4:frame24,26.0,24,cwz_joint,awgn,0.0,47.0,1667,34.11968,35.1012864,0.9445376,0,true,false,standard,standard_crc_valid,true,false,false,false,0,0,C+W+z,4,16
blue4:lane2:snr26.0:seed4:frame25,26.0,25,cwz_joint,awgn,0.0,47.0,1740,35.61472,36.596326399999995,0.9445376,0,true,false,standard,standard_crc_valid,true,false,false,false,0,0,C+W+z,4,16
blue4:lane2:snr26.0:seed4:frame26,26.0,26,cwz_joint,awgn,0.0,47.0,1812,37.08928,38.0708864,0.9445376,0,true,false,standard,standard_crc_valid,true,false,false,false,0,0,C+W+z,4,16
blue4:lane2:snr26.0:seed4:frame27,26.0,27,cwz_joint,awgn,0.0,47.0,1885,38.58432,39.565926399999995,0.9445376,0,true,false,standard,standard_crc_valid,true,false,false,false,0,0,C+W+z,4,16
blue4:lane2:snr26.0:seed4:frame28,26.0,28,cwz_joint,awgn,0.0,47.0,1957,40.05888,41.0404864,0.9445376,0,true,false,standard,standard_crc_valid,true,false,false,false,0,0,C+W+z,4,16
blue4:lane2:snr26.0:seed4:frame29,26.0,29,cwz_joint,awgn,0.0,47.0,2030,41.55392,42.535526399999995,0.9445376,0,true,false,standard,standard_crc_valid,true,false,false,false,0,0,C+W+z,4,16
blue4:lane2:snr26.0:seed4:frame30,26.0,30,cwz_joint,awgn,0.0,47.0,2102,43.02848,44.0100864,0.9445376,0,true,false,standard,standard_crc_valid,true,false,false,false,0,0,C+W+z,4,16
blue4:lane2:snr26.0:seed4:frame31,26.0,31,cwz_joint,awgn,0.0,47.0,2175,44.52352,45.505126399999995,0.9445376,0,true,false,standard,standard_crc_valid,true,false,false,false,0,0,C+W+z,4,16
blue4:lane2:snr26.0:seed4:frame32,26.0,32,cwz_joint,awgn,0.0,47.0,2247,45.99808,46.9796864,0.9445376,0,true,false,standard,standard_crc_valid,true,false,false,false,0,0,C+W+z,4,16
blue4:lane2:snr26.0:seed4:frame1,26.0,1,profiled_cz,awgn,0.0,47.0,1,0.0,0.9816064,0.9445376,0,true,false,standard,standard_crc_valid,true,false,false,false,0,0,C+z,4,16
blue4:lane2:snr26.0:seed4:frame2,26.0,2,profiled_cz,awgn,0.0,47.0,73,1.47456,2.4561664,0.9445376,0,true,false,standard,standard_crc_valid,true,false,false,false,0,0,C+z,4,16
blue4:lane2:snr26.0:seed4:frame3,26.0,3,profiled_cz,awgn,0.0,47.0,146,2.9696,3.9512064,0.9445376,215,false,false,standard,standard_fallback,false,true,true,false,8,0,C+z,4,16
blue4:lane2:snr26.0:seed4:frame4,26.0,4,profiled_cz,awgn,0.0,47.0,218,4.44416,5.4257664000000005,0.9445376,316,false,false,standard,standard_fallback,false,true,true,false,8,0,C+z,4,16
blue4:lane2:snr26.0:seed4:frame5,26.0,5,profiled_cz,awgn,0.0,47.0,291,5.9392,6.9208064,0.9445376,0,true,false,standard,standard_crc_valid,true,false,false,false,0,0,C+z,4,16
blue4:lane2:snr26.0:seed4:frame6,26.0,6,profiled_cz,awgn,0.0,47.0,363,7.41376,8.3953664,0.9445376,393,false,false,standard,standard_fallback,false,true,true,false,8,0,C+z,4,16
blue4:lane2:snr26.0:seed4:frame7,26.0,7,profiled_cz,awgn,0.0,47.0,436,8.9088,9.8904064,0.9445376,0,true,false,standard,standard_crc_valid,true,false,false,false,0,0,C+z,4,16
blue4:lane2:snr26.0:seed4:frame8,26.0,8,profiled_cz,awgn,0.0,47.0,508,10.38336,11.3649664,0.9445376,0,true,false,standard,standard_crc_valid,true,false,false,false,0,0,C+z,4,16
blue4:lane2:snr26.0:seed4:frame9,26.0,9,profiled_cz,awgn,0.0,47.0,581,11.8784,12.8600064,0.9445376,0,true,false,standard,standard_crc_valid,true,false,false,false,0,0,C+z,4,16
blue4:lane2:snr26.0:seed4:frame10,26.0,10,profiled_cz,awgn,0.0,47.0,653,13.35296,14.3345664,0.9445376,0,true,false,standard,standard_crc_valid,true,false,false,false,0,0,C+z,4,16
blue4:lane2:snr26.0:seed4:frame11,26.0,11,profiled_cz,awgn,0.0,47.0,726,14.848,15.829606400000001,0.9445376,0,true,false,standard,standard_crc_valid,true,false,false,false,0,0,C+z,4,16
blue4:lane2:snr26.0:seed4:frame12,26.0,12,profiled_cz,awgn,0.0,47.0,798,16.32256,17.3041664,0.9445376,0,true,false,standard,standard_crc_valid,true,false,false,false,0,0,C+z,4,16
blue4:lane2:snr26.0:seed4:frame13,26.0,13,profiled_cz,awgn,0.0,47.0,870,17.79712,18.7787264,0.9445376,264,false,false,standard,standard_fallback,false,true,true,false,8,0,C+z,4,16
blue4:lane2:snr26.0:seed4:frame14,26.0,14,profiled_cz,awgn,0.0,47.0,943,19.29216,20.2737664,0.9445376,236,false,false,standard,standard_fallback,false,true,true,false,8,0,C+z,4,16
blue4:lane2:snr26.0:seed4:frame15,26.0,15,profiled_cz,awgn,0.0,47.0,1015,20.76672,21.7483264,0.9445376,0,true,false,standard,standard_crc_valid,true,false,false,false,0,0,C+z,4,16
blue4:lane2:snr26.0:seed4:frame16,26.0,16,profiled_cz,awgn,0.0,47.0,1088,22.26176,23.2433664,0.9445376,0,true,false,standard,standard_crc_valid,true,false,false,false,0,0,C+z,4,16
blue4:lane2:snr26.0:seed4:frame17,26.0,17,profiled_cz,awgn,0.0,47.0,1160,23.73632,24.7179264,0.9445376,0,true,false,standard,standard_crc_valid,true,false,false,false,0,0,C+z,4,16
blue4:lane2:snr26.0:seed4:frame18,26.0,18,profiled_cz,awgn,0.0,47.0,1233,25.23136,26.2129664,0.9445376,0,true,false,standard,standard_crc_valid,true,false,false,false,0,0,C+z,4,16
blue4:lane2:snr26.0:seed4:frame19,26.0,19,profiled_cz,awgn,0.0,47.0,1305,26.70592,27.6875264,0.9445376,0,true,false,standard,standard_crc_valid,true,false,false,false,0,0,C+z,4,16
blue4:lane2:snr26.0:seed4:frame20,26.0,20,profiled_cz,awgn,0.0,47.0,1378,28.20096,29.1825664,0.9445376,0,true,false,standard,standard_crc_valid,true,false,false,false,0,0,C+z,4,16
blue4:lane2:snr26.0:seed4:frame21,26.0,21,profiled_cz,awgn,0.0,47.0,1450,29.67552,30.6571264,0.9445376,0,true,false,standard,standard_crc_valid,true,false,false,false,0,0,C+z,4,16
blue4:lane2:snr26.0:seed4:frame22,26.0,22,profiled_cz,awgn,0.0,47.0,1522,31.15008,32.1316864,0.9445376,0,true,false,standard,standard_crc_valid,true,false,false,false,0,0,C+z,4,16
blue4:lane2:snr26.0:seed4:frame23,26.0,23,profiled_cz,awgn,0.0,47.0,1595,32.64512,33.626726399999995,0.9445376,0,true,false,standard,standard_crc_valid,true,false,false,false,0,0,C+z,4,16
blue4:lane2:snr26.0:seed4:frame24,26.0,24,profiled_cz,awgn,0.0,47.0,1667,34.11968,35.1012864,0.9445376,0,true,false,standard,standard_crc_valid,true,false,false,false,0,0,C+z,4,16
blue4:lane2:snr26.0:seed4:frame25,26.0,25,profiled_cz,awgn,0.0,47.0,1740,35.61472,36.596326399999995,0.9445376,0,true,false,standard,standard_crc_valid,true,false,false,false,0,0,C+z,4,16
blue4:lane2:snr26.0:seed4:frame26,26.0,26,profiled_cz,awgn,0.0,47.0,1812,37.08928,38.0708864,0.9445376,0,true,false,standard,standard_crc_valid,true,false,false,false,0,0,C+z,4,16
blue4:lane2:snr26.0:seed4:frame27,26.0,27,profiled_cz,awgn,0.0,47.0,1885,38.58432,39.565926399999995,0.9445376,0,true,false,standard,standard_crc_valid,true,false,false,false,0,0,C+z,4,16
blue4:lane2:snr26.0:seed4:frame28,26.0,28,profiled_cz,awgn,0.0,47.0,1957,40.05888,41.0404864,0.9445376,0,true,false,standard,standard_crc_valid,true,false,false,false,0,0,C+z,4,16
blue4:lane2:snr26.0:seed4:frame29,26.0,29,profiled_cz,awgn,0.0,47.0,2030,41.55392,42.535526399999995,0.9445376,0,true,false,standard,standard_crc_valid,true,false,false,false,0,0,C+z,4,16
blue4:lane2:snr26.0:seed4:frame30,26.0,30,profiled_cz,awgn,0.0,47.0,2102,43.02848,44.0100864,0.9445376,0,true,false,standard,standard_crc_valid,true,false,false,false,0,0,C+z,4,16
blue4:lane2:snr26.0:seed4:frame31,26.0,31,profiled_cz,awgn,0.0,47.0,2175,44.52352,45.505126399999995,0.9445376,0,true,false,standard,standard_crc_valid,true,false,false,false,0,0,C+z,4,16
blue4:lane2:snr26.0:seed4:frame32,26.0,32,profiled_cz,awgn,0.0,47.0,2247,45.99808,46.9796864,0.9445376,0,true,false,standard,standard_crc_valid,true,false,false,false,0,0,C+z,4,16
blue4:lane2:snr28.0:seed4:frame1,28.0,1,cwz_joint,awgn,0.0,47.0,1,0.0,0.9816064,0.9445376,0,true,false,standard,standard_crc_valid,true,false,false,false,0,0,C+W+z,4,16
blue4:lane2:snr28.0:seed4:frame2,28.0,2,cwz_joint,awgn,0.0,47.0,73,1.47456,2.4561664,0.9445376,0,true,false,standard,standard_crc_valid,true,false,false,false,0,0,C+W+z,4,16
blue4:lane2:snr28.0:seed4:frame3,28.0,3,cwz_joint,awgn,0.0,47.0,146,2.9696,3.9512064,0.9445376,46,false,false,standard,standard_fallback,false,true,true,false,8,0,C+W+z,4,16
blue4:lane2:snr28.0:seed4:frame4,28.0,4,cwz_joint,awgn,0.0,47.0,218,4.44416,5.4257664000000005,0.9445376,3,false,false,standard,standard_fallback,false,true,true,false,8,0,C+W+z,4,16
blue4:lane2:snr28.0:seed4:frame5,28.0,5,cwz_joint,awgn,0.0,47.0,291,5.9392,6.9208064,0.9445376,0,true,false,standard,standard_crc_valid,true,false,false,false,0,0,C+W+z,4,16
blue4:lane2:snr28.0:seed4:frame6,28.0,6,cwz_joint,awgn,0.0,47.0,363,7.41376,8.3953664,0.9445376,376,false,false,standard,standard_fallback,false,true,true,false,8,0,C+W+z,4,16
blue4:lane2:snr28.0:seed4:frame7,28.0,7,cwz_joint,awgn,0.0,47.0,436,8.9088,9.8904064,0.9445376,0,true,false,standard,standard_crc_valid,true,false,false,false,0,0,C+W+z,4,16
blue4:lane2:snr28.0:seed4:frame8,28.0,8,cwz_joint,awgn,0.0,47.0,508,10.38336,11.3649664,0.9445376,0,true,false,standard,standard_crc_valid,true,false,false,false,0,0,C+W+z,4,16
blue4:lane2:snr28.0:seed4:frame9,28.0,9,cwz_joint,awgn,0.0,47.0,581,11.8784,12.8600064,0.9445376,0,true,false,standard,standard_crc_valid,true,false,false,false,0,0,C+W+z,4,16
blue4:lane2:snr28.0:seed4:frame10,28.0,10,cwz_joint,awgn,0.0,47.0,653,13.35296,14.3345664,0.9445376,0,true,false,standard,standard_crc_valid,true,false,false,false,0,0,C+W+z,4,16
blue4:lane2:snr28.0:seed4:frame11,28.0,11,cwz_joint,awgn,0.0,47.0,726,14.848,15.829606400000001,0.9445376,0,true,false,standard,standard_crc_valid,true,false,false,false,0,0,C+W+z,4,16
blue4:lane2:snr28.0:seed4:frame12,28.0,12,cwz_joint,awgn,0.0,47.0,798,16.32256,17.3041664,0.9445376,0,true,false,standard,standard_crc_valid,true,false,false,false,0,0,C+W+z,4,16
blue4:lane2:snr28.0:seed4:frame13,28.0,13,cwz_joint,awgn,0.0,47.0,870,17.79712,18.7787264,0.9445376,48,false,false,standard,standard_fallback,false,true,true,false,8,0,C+W+z,4,16
blue4:lane2:snr28.0:seed4:frame14,28.0,14,cwz_joint,awgn,0.0,47.0,943,19.29216,20.2737664,0.9445376,308,false,false,standard,standard_fallback,false,true,true,false,8,0,C+W+z,4,16
blue4:lane2:snr28.0:seed4:frame15,28.0,15,cwz_joint,awgn,0.0,47.0,1015,20.76672,21.7483264,0.9445376,0,true,false,standard,standard_crc_valid,true,false,false,false,0,0,C+W+z,4,16
blue4:lane2:snr28.0:seed4:frame16,28.0,16,cwz_joint,awgn,0.0,47.0,1088,22.26176,23.2433664,0.9445376,0,true,false,standard,standard_crc_valid,true,false,false,false,0,0,C+W+z,4,16
blue4:lane2:snr28.0:seed4:frame17,28.0,17,cwz_joint,awgn,0.0,47.0,1160,23.73632,24.7179264,0.9445376,0,true,false,standard,standard_crc_valid,true,false,false,false,0,0,C+W+z,4,16
blue4:lane2:snr28.0:seed4:frame18,28.0,18,cwz_joint,awgn,0.0,47.0,1233,25.23136,26.2129664,0.9445376,0,true,false,standard,standard_crc_valid,true,false,false,false,0,0,C+W+z,4,16
blue4:lane2:snr28.0:seed4:frame19,28.0,19,cwz_joint,awgn,0.0,47.0,1305,26.70592,27.6875264,0.9445376,0,true,false,standard,standard_crc_valid,true,false,false,false,0,0,C+W+z,4,16
blue4:lane2:snr28.0:seed4:frame20,28.0,20,cwz_joint,awgn,0.0,47.0,1378,28.20096,29.1825664,0.9445376,0,true,false,standard,standard_crc_valid,true,false,false,false,0,0,C+W+z,4,16
blue4:lane2:snr28.0:seed4:frame21,28.0,21,cwz_joint,awgn,0.0,47.0,1450,29.67552,30.6571264,0.9445376,0,true,false,standard,standard_crc_valid,true,false,false,false,0,0,C+W+z,4,16
blue4:lane2:snr28.0:seed4:frame22,28.0,22,cwz_joint,awgn,0.0,47.0,1522,31.15008,32.1316864,0.9445376,0,true,false,standard,standard_crc_valid,true,false,false,false,0,0,C+W+z,4,16
blue4:lane2:snr28.0:seed4:frame23,28.0,23,cwz_joint,awgn,0.0,47.0,1595,32.64512,33.626726399999995,0.9445376,0,true,false,standard,standard_crc_valid,true,false,false,false,0,0,C+W+z,4,16
blue4:lane2:snr28.0:seed4:frame24,28.0,24,cwz_joint,awgn,0.0,47.0,1667,34.11968,35.1012864,0.9445376,0,true,false,standard,standard_crc_valid,true,false,false,false,0,0,C+W+z,4,16
blue4:lane2:snr28.0:seed4:frame25,28.0,25,cwz_joint,awgn,0.0,47.0,1740,35.61472,36.596326399999995,0.9445376,0,true,false,standard,standard_crc_valid,true,false,false,false,0,0,C+W+z,4,16
blue4:lane2:snr28.0:seed4:frame26,28.0,26,cwz_joint,awgn,0.0,47.0,1812,37.08928,38.0708864,0.9445376,0,true,false,standard,standard_crc_valid,true,false,false,false,0,0,C+W+z,4,16
blue4:lane2:snr28.0:seed4:frame27,28.0,27,cwz_joint,awgn,0.0,47.0,1885,38.58432,39.565926399999995,0.9445376,0,true,false,standard,standard_crc_valid,true,false,false,false,0,0,C+W+z,4,16
blue4:lane2:snr28.0:seed4:frame28,28.0,28,cwz_joint,awgn,0.0,47.0,1957,40.05888,41.0404864,0.9445376,0,true,false,standard,standard_crc_valid,true,false,false,false,0,0,C+W+z,4,16
blue4:lane2:snr28.0:seed4:frame29,28.0,29,cwz_joint,awgn,0.0,47.0,2030,41.55392,42.535526399999995,0.9445376,0,true,false,standard,standard_crc_valid,true,false,false,false,0,0,C+W+z,4,16
blue4:lane2:snr28.0:seed4:frame30,28.0,30,cwz_joint,awgn,0.0,47.0,2102,43.02848,44.0100864,0.9445376,0,true,false,standard,standard_crc_valid,true,false,false,false,0,0,C+W+z,4,16
blue4:lane2:snr28.0:seed4:frame31,28.0,31,cwz_joint,awgn,0.0,47.0,2175,44.52352,45.505126399999995,0.9445376,0,true,false,standard,standard_crc_valid,true,false,false,false,0,0,C+W+z,4,16
blue4:lane2:snr28.0:seed4:frame32,28.0,32,cwz_joint,awgn,0.0,47.0,2247,45.99808,46.9796864,0.9445376,0,true,false,standard,standard_crc_valid,true,false,false,false,0,0,C+W+z,4,16
blue4:lane2:snr28.0:seed4:frame1,28.0,1,profiled_cz,awgn,0.0,47.0,1,0.0,0.9816064,0.9445376,0,true,false,standard,standard_crc_valid,true,false,false,false,0,0,C+z,4,16
blue4:lane2:snr28.0:seed4:frame2,28.0,2,profiled_cz,awgn,0.0,47.0,73,1.47456,2.4561664,0.9445376,0,true,false,standard,standard_crc_valid,true,false,false,false,0,0,C+z,4,16
blue4:lane2:snr28.0:seed4:frame3,28.0,3,profiled_cz,awgn,0.0,47.0,146,2.9696,3.9512064,0.9445376,46,false,false,standard,standard_fallback,false,true,true,false,8,0,C+z,4,16
blue4:lane2:snr28.0:seed4:frame4,28.0,4,profiled_cz,awgn,0.0,47.0,218,4.44416,5.4257664000000005,0.9445376,3,false,false,standard,standard_fallback,false,true,true,false,8,0,C+z,4,16
blue4:lane2:snr28.0:seed4:frame5,28.0,5,profiled_cz,awgn,0.0,47.0,291,5.9392,6.9208064,0.9445376,0,true,false,standard,standard_crc_valid,true,false,false,false,0,0,C+z,4,16
blue4:lane2:snr28.0:seed4:frame6,28.0,6,profiled_cz,awgn,0.0,47.0,363,7.41376,8.3953664,0.9445376,376,false,false,standard,standard_fallback,false,true,true,false,8,0,C+z,4,16
blue4:lane2:snr28.0:seed4:frame7,28.0,7,profiled_cz,awgn,0.0,47.0,436,8.9088,9.8904064,0.9445376,0,true,false,standard,standard_crc_valid,true,false,false,false,0,0,C+z,4,16
blue4:lane2:snr28.0:seed4:frame8,28.0,8,profiled_cz,awgn,0.0,47.0,508,10.38336,11.3649664,0.9445376,0,true,false,standard,standard_crc_valid,true,false,false,false,0,0,C+z,4,16
blue4:lane2:snr28.0:seed4:frame9,28.0,9,profiled_cz,awgn,0.0,47.0,581,11.8784,12.8600064,0.9445376,0,true,false,standard,standard_crc_valid,true,false,false,false,0,0,C+z,4,16
blue4:lane2:snr28.0:seed4:frame10,28.0,10,profiled_cz,awgn,0.0,47.0,653,13.35296,14.3345664,0.9445376,0,true,false,standard,standard_crc_valid,true,false,false,false,0,0,C+z,4,16
blue4:lane2:snr28.0:seed4:frame11,28.0,11,profiled_cz,awgn,0.0,47.0,726,14.848,15.829606400000001,0.9445376,0,true,false,standard,standard_crc_valid,true,false,false,false,0,0,C+z,4,16
blue4:lane2:snr28.0:seed4:frame12,28.0,12,profiled_cz,awgn,0.0,47.0,798,16.32256,17.3041664,0.9445376,0,true,false,standard,standard_crc_valid,true,false,false,false,0,0,C+z,4,16
blue4:lane2:snr28.0:seed4:frame13,28.0,13,profiled_cz,awgn,0.0,47.0,870,17.79712,18.7787264,0.9445376,48,false,false,standard,standard_fallback,false,true,true,false,8,0,C+z,4,16
blue4:lane2:snr28.0:seed4:frame14,28.0,14,profiled_cz,awgn,0.0,47.0,943,19.29216,20.2737664,0.9445376,308,false,false,standard,standard_fallback,false,true,true,false,8,0,C+z,4,16
blue4:lane2:snr28.0:seed4:frame15,28.0,15,profiled_cz,awgn,0.0,47.0,1015,20.76672,21.7483264,0.9445376,0,true,false,standard,standard_crc_valid,true,false,false,false,0,0,C+z,4,16
blue4:lane2:snr28.0:seed4:frame16,28.0,16,profiled_cz,awgn,0.0,47.0,1088,22.26176,23.2433664,0.9445376,0,true,false,standard,standard_crc_valid,true,false,false,false,0,0,C+z,4,16
blue4:lane2:snr28.0:seed4:frame17,28.0,17,profiled_cz,awgn,0.0,47.0,1160,23.73632,24.7179264,0.9445376,0,true,false,standard,standard_crc_valid,true,false,false,false,0,0,C+z,4,16
blue4:lane2:snr28.0:seed4:frame18,28.0,18,profiled_cz,awgn,0.0,47.0,1233,25.23136,26.2129664,0.9445376,0,true,false,standard,standard_crc_valid,true,false,false,false,0,0,C+z,4,16
blue4:lane2:snr28.0:seed4:frame19,28.0,19,profiled_cz,awgn,0.0,47.0,1305,26.70592,27.6875264,0.9445376,0,true,false,standard,standard_crc_valid,true,false,false,false,0,0,C+z,4,16
blue4:lane2:snr28.0:seed4:frame20,28.0,20,profiled_cz,awgn,0.0,47.0,1378,28.20096,29.1825664,0.9445376,0,true,false,standard,standard_crc_valid,true,false,false,false,0,0,C+z,4,16
blue4:lane2:snr28.0:seed4:frame21,28.0,21,profiled_cz,awgn,0.0,47.0,1450,29.67552,30.6571264,0.9445376,0,true,false,standard,standard_crc_valid,true,false,false,false,0,0,C+z,4,16
blue4:lane2:snr28.0:seed4:frame22,28.0,22,profiled_cz,awgn,0.0,47.0,1522,31.15008,32.1316864,0.9445376,0,true,false,standard,standard_crc_valid,true,false,false,false,0,0,C+z,4,16
blue4:lane2:snr28.0:seed4:frame23,28.0,23,profiled_cz,awgn,0.0,47.0,1595,32.64512,33.626726399999995,0.9445376,0,true,false,standard,standard_crc_valid,true,false,false,false,0,0,C+z,4,16
blue4:lane2:snr28.0:seed4:frame24,28.0,24,profiled_cz,awgn,0.0,47.0,1667,34.11968,35.1012864,0.9445376,0,true,false,standard,standard_crc_valid,true,false,false,false,0,0,C+z,4,16
blue4:lane2:snr28.0:seed4:frame25,28.0,25,profiled_cz,awgn,0.0,47.0,1740,35.61472,36.596326399999995,0.9445376,0,true,false,standard,standard_crc_valid,true,false,false,false,0,0,C+z,4,16
blue4:lane2:snr28.0:seed4:frame26,28.0,26,profiled_cz,awgn,0.0,47.0,1812,37.08928,38.0708864,0.9445376,0,true,false,standard,standard_crc_valid,true,false,false,false,0,0,C+z,4,16
blue4:lane2:snr28.0:seed4:frame27,28.0,27,profiled_cz,awgn,0.0,47.0,1885,38.58432,39.565926399999995,0.9445376,0,true,false,standard,standard_crc_valid,true,false,false,false,0,0,C+z,4,16
blue4:lane2:snr28.0:seed4:frame28,28.0,28,profiled_cz,awgn,0.0,47.0,1957,40.05888,41.0404864,0.9445376,0,true,false,standard,standard_crc_valid,true,false,false,false,0,0,C+z,4,16
blue4:lane2:snr28.0:seed4:frame29,28.0,29,profiled_cz,awgn,0.0,47.0,2030,41.55392,42.535526399999995,0.9445376,0,true,false,standard,standard_crc_valid,true,false,false,false,0,0,C+z,4,16
blue4:lane2:snr28.0:seed4:frame30,28.0,30,profiled_cz,awgn,0.0,47.0,2102,43.02848,44.0100864,0.9445376,0,true,false,standard,standard_crc_valid,true,false,false,false,0,0,C+z,4,16
blue4:lane2:snr28.0:seed4:frame31,28.0,31,profiled_cz,awgn,0.0,47.0,2175,44.52352,45.505126399999995,0.9445376,0,true,false,standard,standard_crc_valid,true,false,false,false,0,0,C+z,4,16
blue4:lane2:snr28.0:seed4:frame32,28.0,32,profiled_cz,awgn,0.0,47.0,2247,45.99808,46.9796864,0.9445376,0,true,false,standard,standard_crc_valid,true,false,false,false,0,0,C+z,4,16
blue4:lane2:snr30.0:seed4:frame1,30.0,1,cwz_joint,awgn,0.0,47.0,1,0.0,0.9816064,0.9445376,0,true,false,standard,standard_crc_valid,true,false,false,false,0,0,C+W+z,4,16
blue4:lane2:snr30.0:seed4:frame2,30.0,2,cwz_joint,awgn,0.0,47.0,73,1.47456,2.4561664,0.9445376,0,true,false,standard,standard_crc_valid,true,false,false,false,0,0,C+W+z,4,16
blue4:lane2:snr30.0:seed4:frame3,30.0,3,cwz_joint,awgn,0.0,47.0,146,2.9696,3.9512064,0.9445376,253,false,false,standard,standard_fallback,false,true,true,false,8,0,C+W+z,4,16
blue4:lane2:snr30.0:seed4:frame4,30.0,4,cwz_joint,awgn,0.0,47.0,218,4.44416,5.4257664000000005,0.9445376,275,false,false,standard,standard_fallback,false,true,true,false,8,0,C+W+z,4,16
blue4:lane2:snr30.0:seed4:frame5,30.0,5,cwz_joint,awgn,0.0,47.0,291,5.9392,6.9208064,0.9445376,0,true,false,standard,standard_crc_valid,true,false,false,false,0,0,C+W+z,4,16
blue4:lane2:snr30.0:seed4:frame6,30.0,6,cwz_joint,awgn,0.0,47.0,363,7.41376,8.3953664,0.9445376,370,false,false,standard,standard_fallback,false,true,true,false,8,0,C+W+z,4,16
blue4:lane2:snr30.0:seed4:frame7,30.0,7,cwz_joint,awgn,0.0,47.0,436,8.9088,9.8904064,0.9445376,0,true,false,standard,standard_crc_valid,true,false,false,false,0,0,C+W+z,4,16
blue4:lane2:snr30.0:seed4:frame8,30.0,8,cwz_joint,awgn,0.0,47.0,508,10.38336,11.3649664,0.9445376,0,true,false,standard,standard_crc_valid,true,false,false,false,0,0,C+W+z,4,16
blue4:lane2:snr30.0:seed4:frame9,30.0,9,cwz_joint,awgn,0.0,47.0,581,11.8784,12.8600064,0.9445376,0,true,false,standard,standard_crc_valid,true,false,false,false,0,0,C+W+z,4,16
blue4:lane2:snr30.0:seed4:frame10,30.0,10,cwz_joint,awgn,0.0,47.0,653,13.35296,14.3345664,0.9445376,0,true,false,standard,standard_crc_valid,true,false,false,false,0,0,C+W+z,4,16
blue4:lane2:snr30.0:seed4:frame11,30.0,11,cwz_joint,awgn,0.0,47.0,726,14.848,15.829606400000001,0.9445376,0,true,false,standard,standard_crc_valid,true,false,false,false,0,0,C+W+z,4,16
blue4:lane2:snr30.0:seed4:frame12,30.0,12,cwz_joint,awgn,0.0,47.0,798,16.32256,17.3041664,0.9445376,0,true,false,standard,standard_crc_valid,true,false,false,false,0,0,C+W+z,4,16
blue4:lane2:snr30.0:seed4:frame13,30.0,13,cwz_joint,awgn,0.0,47.0,870,17.79712,18.7787264,0.9445376,198,false,false,standard,standard_fallback,false,true,true,false,8,0,C+W+z,4,16
blue4:lane2:snr30.0:seed4:frame14,30.0,14,cwz_joint,awgn,0.0,47.0,943,19.29216,20.2737664,0.9445376,224,false,false,standard,standard_fallback,false,true,true,false,8,0,C+W+z,4,16
blue4:lane2:snr30.0:seed4:frame15,30.0,15,cwz_joint,awgn,0.0,47.0,1015,20.76672,21.7483264,0.9445376,0,true,false,standard,standard_crc_valid,true,false,false,false,0,0,C+W+z,4,16
blue4:lane2:snr30.0:seed4:frame16,30.0,16,cwz_joint,awgn,0.0,47.0,1088,22.26176,23.2433664,0.9445376,0,true,false,standard,standard_crc_valid,true,false,false,false,0,0,C+W+z,4,16
blue4:lane2:snr30.0:seed4:frame17,30.0,17,cwz_joint,awgn,0.0,47.0,1160,23.73632,24.7179264,0.9445376,0,true,false,standard,standard_crc_valid,true,false,false,false,0,0,C+W+z,4,16
blue4:lane2:snr30.0:seed4:frame18,30.0,18,cwz_joint,awgn,0.0,47.0,1233,25.23136,26.2129664,0.9445376,0,true,false,standard,standard_crc_valid,true,false,false,false,0,0,C+W+z,4,16
blue4:lane2:snr30.0:seed4:frame19,30.0,19,cwz_joint,awgn,0.0,47.0,1305,26.70592,27.6875264,0.9445376,0,true,false,standard,standard_crc_valid,true,false,false,false,0,0,C+W+z,4,16
blue4:lane2:snr30.0:seed4:frame20,30.0,20,cwz_joint,awgn,0.0,47.0,1378,28.20096,29.1825664,0.9445376,0,true,false,standard,standard_crc_valid,true,false,false,false,0,0,C+W+z,4,16
blue4:lane2:snr30.0:seed4:frame21,30.0,21,cwz_joint,awgn,0.0,47.0,1450,29.67552,30.6571264,0.9445376,0,true,false,standard,standard_crc_valid,true,false,false,false,0,0,C+W+z,4,16
blue4:lane2:snr30.0:seed4:frame22,30.0,22,cwz_joint,awgn,0.0,47.0,1522,31.15008,32.1316864,0.9445376,0,true,false,standard,standard_crc_valid,true,false,false,false,0,0,C+W+z,4,16
blue4:lane2:snr30.0:seed4:frame23,30.0,23,cwz_joint,awgn,0.0,47.0,1595,32.64512,33.626726399999995,0.9445376,0,true,false,standard,standard_crc_valid,true,false,false,false,0,0,C+W+z,4,16
blue4:lane2:snr30.0:seed4:frame24,30.0,24,cwz_joint,awgn,0.0,47.0,1667,34.11968,35.1012864,0.9445376,0,true,false,standard,standard_crc_valid,true,false,false,false,0,0,C+W+z,4,16
blue4:lane2:snr30.0:seed4:frame25,30.0,25,cwz_joint,awgn,0.0,47.0,1740,35.61472,36.596326399999995,0.9445376,0,true,false,standard,standard_crc_valid,true,false,false,false,0,0,C+W+z,4,16
blue4:lane2:snr30.0:seed4:frame26,30.0,26,cwz_joint,awgn,0.0,47.0,1812,37.08928,38.0708864,0.9445376,0,true,false,standard,standard_crc_valid,true,false,false,false,0,0,C+W+z,4,16
blue4:lane2:snr30.0:seed4:frame27,30.0,27,cwz_joint,awgn,0.0,47.0,1885,38.58432,39.565926399999995,0.9445376,0,true,false,standard,standard_crc_valid,true,false,false,false,0,0,C+W+z,4,16
blue4:lane2:snr30.0:seed4:frame28,30.0,28,cwz_joint,awgn,0.0,47.0,1957,40.05888,41.0404864,0.9445376,0,true,false,standard,standard_crc_valid,true,false,false,false,0,0,C+W+z,4,16
blue4:lane2:snr30.0:seed4:frame29,30.0,29,cwz_joint,awgn,0.0,47.0,2030,41.55392,42.535526399999995,0.9445376,0,true,false,standard,standard_crc_valid,true,false,false,false,0,0,C+W+z,4,16
blue4:lane2:snr30.0:seed4:frame30,30.0,30,cwz_joint,awgn,0.0,47.0,2102,43.02848,44.0100864,0.9445376,0,true,false,standard,standard_crc_valid,true,false,false,false,0,0,C+W+z,4,16
blue4:lane2:snr30.0:seed4:frame31,30.0,31,cwz_joint,awgn,0.0,47.0,2175,44.52352,45.505126399999995,0.9445376,0,true,false,standard,standard_crc_valid,true,false,false,false,0,0,C+W+z,4,16
blue4:lane2:snr30.0:seed4:frame32,30.0,32,cwz_joint,awgn,0.0,47.0,2247,45.99808,46.9796864,0.9445376,0,true,false,standard,standard_crc_valid,true,false,false,false,0,0,C+W+z,4,16
blue4:lane2:snr30.0:seed4:frame1,30.0,1,profiled_cz,awgn,0.0,47.0,1,0.0,0.9816064,0.9445376,0,true,false,standard,standard_crc_valid,true,false,false,false,0,0,C+z,4,16
blue4:lane2:snr30.0:seed4:frame2,30.0,2,profiled_cz,awgn,0.0,47.0,73,1.47456,2.4561664,0.9445376,0,true,false,standard,standard_crc_valid,true,false,false,false,0,0,C+z,4,16
blue4:lane2:snr30.0:seed4:frame3,30.0,3,profiled_cz,awgn,0.0,47.0,146,2.9696,3.9512064,0.9445376,253,false,false,standard,standard_fallback,false,true,true,false,8,0,C+z,4,16
blue4:lane2:snr30.0:seed4:frame4,30.0,4,profiled_cz,awgn,0.0,47.0,218,4.44416,5.4257664000000005,0.9445376,275,false,false,standard,standard_fallback,false,true,true,false,8,0,C+z,4,16
blue4:lane2:snr30.0:seed4:frame5,30.0,5,profiled_cz,awgn,0.0,47.0,291,5.9392,6.9208064,0.9445376,0,true,false,standard,standard_crc_valid,true,false,false,false,0,0,C+z,4,16
blue4:lane2:snr30.0:seed4:frame6,30.0,6,profiled_cz,awgn,0.0,47.0,363,7.41376,8.3953664,0.9445376,370,false,false,standard,standard_fallback,false,true,true,false,8,0,C+z,4,16
blue4:lane2:snr30.0:seed4:frame7,30.0,7,profiled_cz,awgn,0.0,47.0,436,8.9088,9.8904064,0.9445376,0,true,false,standard,standard_crc_valid,true,false,false,false,0,0,C+z,4,16
blue4:lane2:snr30.0:seed4:frame8,30.0,8,profiled_cz,awgn,0.0,47.0,508,10.38336,11.3649664,0.9445376,0,true,false,standard,standard_crc_valid,true,false,false,false,0,0,C+z,4,16
blue4:lane2:snr30.0:seed4:frame9,30.0,9,profiled_cz,awgn,0.0,47.0,581,11.8784,12.8600064,0.9445376,0,true,false,standard,standard_crc_valid,true,false,false,false,0,0,C+z,4,16
blue4:lane2:snr30.0:seed4:frame10,30.0,10,profiled_cz,awgn,0.0,47.0,653,13.35296,14.3345664,0.9445376,0,true,false,standard,standard_crc_valid,true,false,false,false,0,0,C+z,4,16
blue4:lane2:snr30.0:seed4:frame11,30.0,11,profiled_cz,awgn,0.0,47.0,726,14.848,15.829606400000001,0.9445376,0,true,false,standard,standard_crc_valid,true,false,false,false,0,0,C+z,4,16
blue4:lane2:snr30.0:seed4:frame12,30.0,12,profiled_cz,awgn,0.0,47.0,798,16.32256,17.3041664,0.9445376,0,true,false,standard,standard_crc_valid,true,false,false,false,0,0,C+z,4,16
blue4:lane2:snr30.0:seed4:frame13,30.0,13,profiled_cz,awgn,0.0,47.0,870,17.79712,18.7787264,0.9445376,198,false,false,standard,standard_fallback,false,true,true,false,8,0,C+z,4,16
blue4:lane2:snr30.0:seed4:frame14,30.0,14,profiled_cz,awgn,0.0,47.0,943,19.29216,20.2737664,0.9445376,224,false,false,standard,standard_fallback,false,true,true,false,8,0,C+z,4,16
blue4:lane2:snr30.0:seed4:frame15,30.0,15,profiled_cz,awgn,0.0,47.0,1015,20.76672,21.7483264,0.9445376,0,true,false,standard,standard_crc_valid,true,false,false,false,0,0,C+z,4,16
blue4:lane2:snr30.0:seed4:frame16,30.0,16,profiled_cz,awgn,0.0,47.0,1088,22.26176,23.2433664,0.9445376,0,true,false,standard,standard_crc_valid,true,false,false,false,0,0,C+z,4,16
blue4:lane2:snr30.0:seed4:frame17,30.0,17,profiled_cz,awgn,0.0,47.0,1160,23.73632,24.7179264,0.9445376,0,true,false,standard,standard_crc_valid,true,false,false,false,0,0,C+z,4,16
blue4:lane2:snr30.0:seed4:frame18,30.0,18,profiled_cz,awgn,0.0,47.0,1233,25.23136,26.2129664,0.9445376,0,true,false,standard,standard_crc_valid,true,false,false,false,0,0,C+z,4,16
blue4:lane2:snr30.0:seed4:frame19,30.0,19,profiled_cz,awgn,0.0,47.0,1305,26.70592,27.6875264,0.9445376,0,true,false,standard,standard_crc_valid,true,false,false,false,0,0,C+z,4,16
blue4:lane2:snr30.0:seed4:frame20,30.0,20,profiled_cz,awgn,0.0,47.0,1378,28.20096,29.1825664,0.9445376,0,true,false,standard,standard_crc_valid,true,false,false,false,0,0,C+z,4,16
blue4:lane2:snr30.0:seed4:frame21,30.0,21,profiled_cz,awgn,0.0,47.0,1450,29.67552,30.6571264,0.9445376,0,true,false,standard,standard_crc_valid,true,false,false,false,0,0,C+z,4,16
blue4:lane2:snr30.0:seed4:frame22,30.0,22,profiled_cz,awgn,0.0,47.0,1522,31.15008,32.1316864,0.9445376,0,true,false,standard,standard_crc_valid,true,false,false,false,0,0,C+z,4,16
blue4:lane2:snr30.0:seed4:frame23,30.0,23,profiled_cz,awgn,0.0,47.0,1595,32.64512,33.626726399999995,0.9445376,0,true,false,standard,standard_crc_valid,true,false,false,false,0,0,C+z,4,16
blue4:lane2:snr30.0:seed4:frame24,30.0,24,profiled_cz,awgn,0.0,47.0,1667,34.11968,35.1012864,0.9445376,0,true,false,standard,standard_crc_valid,true,false,false,false,0,0,C+z,4,16
blue4:lane2:snr30.0:seed4:frame25,30.0,25,profiled_cz,awgn,0.0,47.0,1740,35.61472,36.596326399999995,0.9445376,0,true,false,standard,standard_crc_valid,true,false,false,false,0,0,C+z,4,16
blue4:lane2:snr30.0:seed4:frame26,30.0,26,profiled_cz,awgn,0.0,47.0,1812,37.08928,38.0708864,0.9445376,0,true,false,standard,standard_crc_valid,true,false,false,false,0,0,C+z,4,16
blue4:lane2:snr30.0:seed4:frame27,30.0,27,profiled_cz,awgn,0.0,47.0,1885,38.58432,39.565926399999995,0.9445376,0,true,false,standard,standard_crc_valid,true,false,false,false,0,0,C+z,4,16
blue4:lane2:snr30.0:seed4:frame28,30.0,28,profiled_cz,awgn,0.0,47.0,1957,40.05888,41.0404864,0.9445376,0,true,false,standard,standard_crc_valid,true,false,false,false,0,0,C+z,4,16
blue4:lane2:snr30.0:seed4:frame29,30.0,29,profiled_cz,awgn,0.0,47.0,2030,41.55392,42.535526399999995,0.9445376,0,true,false,standard,standard_crc_valid,true,false,false,false,0,0,C+z,4,16
blue4:lane2:snr30.0:seed4:frame30,30.0,30,profiled_cz,awgn,0.0,47.0,2102,43.02848,44.0100864,0.9445376,0,true,false,standard,standard_crc_valid,true,false,false,false,0,0,C+z,4,16
blue4:lane2:snr30.0:seed4:frame31,30.0,31,profiled_cz,awgn,0.0,47.0,2175,44.52352,45.505126399999995,0.9445376,0,true,false,standard,standard_crc_valid,true,false,false,false,0,0,C+z,4,16
blue4:lane2:snr30.0:seed4:frame32,30.0,32,profiled_cz,awgn,0.0,47.0,2247,45.99808,46.9796864,0.9445376,0,true,false,standard,standard_crc_valid,true,false,false,false,0,0,C+z,4,16
