workload_id,snr_db,frame,algorithm_id,bit_errors,success,decode_failure,decoder_valid,crc_valid,baseline_valid,accepted_update,selection_reason,selected_iteration,partial_fft_parts,partial_fft_bands,lite_syndrome,gradient_syndrome,lite_score,gradient_score,selected_mean_abs_lpost
red3:lane1:snr0.0:seed4:frame1,0.0,1,cwz_joint,1277,false,false,false,missing,false,true,gradient_only,8,1,16,1598,1296,5.636338933659503,112.30416741148358,missing
red3:lane1:snr0.0:seed4:frame2,0.0,2,cwz_joint,1235,false,false,false,missing,false,true,gradient_only,8,1,16,1558,1339,1.5424632494138744,445.7258458162488,missing
red3:lane1:snr0.0:seed4:frame3,0.0,3,cwz_joint,1288,false,false,false,missing,false,true,gradient_only,8,1,16,1590,1340,11.134393040757287,965.2204379246191,missing
red3:lane1:snr0.0:seed4:frame4,0.0,4,cwz_joint,1329,false,false,false,missing,false,true,gradient_only,8,1,16,1601,1281,3.104661368129758,998.1551233927631,missing
red3:lane1:snr0.0:seed4:frame5,0.0,5,cwz_joint,1230,false,false,false,missing,false,true,gradient_only,8,1,16,1544,1287,1.8678275189538738,491.92383278898905,missing
red3:lane1:snr0.0:seed4:frame6,0.0,6,cwz_joint,1296,false,false,false,missing,false,true,gradient_only,6,1,16,1545,1297,2.1268281390691643,259.0385105011325,missing
red3:lane1:snr0.0:seed4:frame7,0.0,7,cwz_joint,1259,false,false,false,missing,false,true,gradient_only,8,1,16,1581,1391,5.952565047180047,349.3760598999287,missing
red3:lane1:snr0.0:seed4:frame8,0.0,8,cwz_joint,1257,false,false,false,missing,false,true,gradient_only,8,1,16,1563,1280,12.692813153775061,3480.3358516883195,missing
red3:lane1:snr0.0:seed4:frame9,0.0,9,cwz_joint,1354,false,false,false,missing,false,true,gradient_only,7,1,16,1590,1324,10.633868362274747,170.1102074377629,missing
red3:lane1:snr0.0:seed4:frame10,0.0,10,cwz_joint,1404,false,false,false,missing,false,true,gradient_only,7,1,16,1555,1334,2.301773458270117,354.3647408293693,missing
red3:lane1:snr0.0:seed4:frame11,0.0,11,cwz_joint,1314,false,false,false,missing,false,true,gradient_only,8,1,16,1557,1351,2.313954377599201,1707.6746403352188,missing
red3:lane1:snr0.0:seed4:frame12,0.0,12,cwz_joint,1294,false,false,false,missing,false,true,gradient_only,8,1,16,1591,1369,1.9874560187223895,490.902168627213,missing
red3:lane1:snr0.0:seed4:frame13,0.0,13,cwz_joint,1343,false,false,false,missing,false,true,gradient_only,8,1,16,1552,1314,1.7388609081206643,1177.038125719276,missing
red3:lane1:snr0.0:seed4:frame14,0.0,14,cwz_joint,1405,false,false,false,missing,false,true,gradient_only,8,1,16,1612,1282,2.1468676706655403,621.8344461658353,missing
red3:lane1:snr0.0:seed4:frame15,0.0,15,cwz_joint,1324,false,false,false,missing,false,true,gradient_only,8,1,16,1554,1427,16.328588081412615,1946.8623651686728,missing
red3:lane1:snr0.0:seed4:frame16,0.0,16,cwz_joint,1295,false,false,false,missing,false,true,gradient_only,8,1,16,1582,1307,1.663561793073452,280.5453469819656,missing
red3:lane1:snr0.0:seed4:frame17,0.0,17,cwz_joint,1331,false,false,false,missing,false,true,gradient_only,8,1,16,1609,1403,2.2131152023723017,372.8486514455984,missing
red3:lane1:snr0.0:seed4:frame18,0.0,18,cwz_joint,1263,false,false,false,missing,false,true,gradient_only,8,1,16,1556,1336,1.237355425347336,424.9670687339731,missing
red3:lane1:snr0.0:seed4:frame19,0.0,19,cwz_joint,1378,false,false,false,missing,false,true,gradient_only,8,1,16,1597,1386,2.326413455756512,141.037438415306,missing
red3:lane1:snr0.0:seed4:frame20,0.0,20,cwz_joint,1382,false,false,false,missing,false,true,gradient_only,7,1,16,1558,1351,1.6214061562157587,173.7421117334876,missing
red3:lane1:snr0.0:seed4:frame21,0.0,21,cwz_joint,1323,false,false,false,missing,false,true,gradient_only,8,1,16,1540,1247,2.230056230824956,341.6757489840001,missing
red3:lane1:snr0.0:seed4:frame22,0.0,22,cwz_joint,1469,false,false,false,missing,false,true,gradient_only,8,1,16,1608,1363,1.9433033203281311,478.86480642368275,missing
red3:lane1:snr0.0:seed4:frame23,0.0,23,cwz_joint,1312,false,false,false,missing,false,true,gradient_only,8,1,16,1553,1288,3.238076072221937,122.05467527045077,missing
red3:lane1:snr0.0:seed4:frame24,0.0,24,cwz_joint,1329,false,false,false,missing,false,true,gradient_only,8,1,16,1596,1366,1.5669477358799537,136.8888592437375,missing
red3:lane1:snr0.0:seed4:frame25,0.0,25,cwz_joint,1264,false,false,false,missing,false,true,gradient_only,7,1,16,1588,1349,4.424339815998093,104.20232170937582,missing
red3:lane1:snr0.0:seed4:frame26,0.0,26,cwz_joint,1295,false,false,false,missing,false,true,gradient_only,8,1,16,1530,1396,3.5665073955144564,123.99811612667645,missing
red3:lane1:snr0.0:seed4:frame27,0.0,27,cwz_joint,1355,false,false,false,missing,false,true,gradient_only,8,1,16,1572,1342,2.4885673246109445,510.1527193842266,missing
red3:lane1:snr0.0:seed4:frame28,0.0,28,cwz_joint,1313,false,false,false,missing,false,true,gradient_only,8,1,16,1552,1323,2.162639708350157,133.11863709408146,missing
red3:lane1:snr0.0:seed4:frame29,0.0,29,cwz_joint,1342,false,false,false,missing,false,true,gradient_only,8,1,16,1600,1337,2.9654560463760253,261.9528366847259,missing
red3:lane1:snr0.0:seed4:frame30,0.0,30,cwz_joint,1326,false,false,false,missing,false,true,gradient_only,8,1,16,1556,1382,1.8286478766824426,2444.7005041926814,missing
red3:lane1:snr0.0:seed4:frame31,0.0,31,cwz_joint,1312,false,false,false,missing,false,true,gradient_only,8,1,16,1537,1430,2.055948416743457,144.67995795375657,missing
red3:lane1:snr0.0:seed4:frame32,0.0,32,cwz_joint,1407,false,false,false,missing,false,true,gradient_only,8,1,16,1542,1284,2.290833429172299,655.7527836056904,missing
red3:lane1:snr0.0:seed4:frame33,0.0,33,cwz_joint,1336,false,false,false,missing,false,true,gradient_only,7,1,16,1577,1368,4.14728197820595,850.6146619302242,missing
red3:lane1:snr0.0:seed4:frame34,0.0,34,cwz_joint,1179,false,false,false,missing,false,true,gradient_only,7,1,16,1631,1250,1.9257383245824864,117.05321314473503,missing
red3:lane1:snr0.0:seed4:frame35,0.0,35,cwz_joint,1386,false,false,false,missing,false,true,gradient_only,8,1,16,1562,1230,3.581874012365777,384.7071285317482,missing
red3:lane1:snr0.0:seed4:frame36,0.0,36,cwz_joint,1291,false,false,false,missing,false,true,gradient_only,8,1,16,1561,1270,3.0714638097510565,214.81007576127018,missing
red3:lane1:snr0.0:seed4:frame37,0.0,37,cwz_joint,1210,false,false,false,missing,false,true,gradient_only,8,1,16,1634,1374,1.973220363310494,443.34069754329744,missing
red3:lane1:snr0.0:seed4:frame38,0.0,38,cwz_joint,1304,false,false,false,missing,false,true,gradient_only,8,1,16,1582,1300,1.774411963772724,666.5972785785411,missing
red3:lane1:snr0.0:seed4:frame39,0.0,39,cwz_joint,1306,false,false,false,missing,false,true,gradient_only,6,1,16,1600,1442,1.788761078973231,486.2513926338279,missing
red3:lane1:snr0.0:seed4:frame40,0.0,40,cwz_joint,1312,false,false,false,missing,false,true,gradient_only,8,1,16,1589,1383,3.724226039186738,458.78196014034853,missing
red3:lane1:snr0.0:seed4:frame41,0.0,41,cwz_joint,1416,false,false,false,missing,false,true,gradient_only,8,1,16,1587,1414,1.9215621485571597,258.83794143064387,missing
red3:lane1:snr0.0:seed4:frame42,0.0,42,cwz_joint,1227,false,false,false,missing,false,true,gradient_only,8,1,16,1592,1330,2.631742289479237,3497.237754545511,missing
red3:lane1:snr0.0:seed4:frame43,0.0,43,cwz_joint,1427,false,false,false,missing,false,true,gradient_only,7,1,16,1576,1258,1.398597044685871,1204.491549932715,missing
red3:lane1:snr0.0:seed4:frame44,0.0,44,cwz_joint,1249,false,false,false,missing,false,true,gradient_only,6,1,16,1568,1443,2.7085179947482887,539.5051605516891,missing
red3:lane1:snr0.0:seed4:frame45,0.0,45,cwz_joint,1304,false,false,false,missing,false,true,gradient_only,8,1,16,1602,1311,1.9820989213982791,1693.8840306682644,missing
red3:lane1:snr0.0:seed4:frame46,0.0,46,cwz_joint,1357,false,false,false,missing,false,true,gradient_only,7,1,16,1631,1423,1.2781780822604554,7175.7530085536655,missing
red3:lane1:snr0.0:seed4:frame47,0.0,47,cwz_joint,1418,false,false,false,missing,false,true,gradient_only,8,1,16,1541,1347,4.508896307567109,566.7236098383048,missing
red3:lane1:snr0.0:seed4:frame48,0.0,48,cwz_joint,1377,false,false,false,missing,false,true,gradient_only,8,1,16,1587,1385,1.7680562048556219,139.19561432971145,missing
red3:lane1:snr0.0:seed4:frame49,0.0,49,cwz_joint,1345,false,false,false,missing,false,true,gradient_only,8,1,16,1599,1316,1.9524865630817292,134.342401142265,missing
red3:lane1:snr0.0:seed4:frame50,0.0,50,cwz_joint,1326,false,false,false,missing,false,true,gradient_only,5,1,16,1553,1309,1.3963881053439504,195.37928510575387,missing
red3:lane1:snr0.0:seed4:frame51,0.0,51,cwz_joint,1377,false,false,false,missing,false,true,gradient_only,8,1,16,1559,1306,2.0722202929053353,159.7049421948599,missing
red3:lane1:snr0.0:seed4:frame52,0.0,52,cwz_joint,1309,false,false,false,missing,false,true,gradient_only,8,1,16,1606,1434,4.220181481647842,160.8337783111598,missing
red3:lane1:snr0.0:seed4:frame53,0.0,53,cwz_joint,1304,false,false,false,missing,false,true,gradient_only,7,1,16,1567,1412,231.19388357955108,149.31570271561222,missing
red3:lane1:snr0.0:seed4:frame54,0.0,54,cwz_joint,1363,false,false,false,missing,false,true,gradient_only,7,1,16,1554,1420,1.7172302636822145,230.34552344105674,missing
red3:lane1:snr0.0:seed4:frame55,0.0,55,cwz_joint,1318,false,false,false,missing,false,true,gradient_only,8,1,16,1575,1390,5.940392693860934,89.88565962991782,missing
red3:lane1:snr0.0:seed4:frame56,0.0,56,cwz_joint,1316,false,false,false,missing,false,true,gradient_only,8,1,16,1547,1349,3.93974369699567,90.00157917084657,missing
red3:lane1:snr0.0:seed4:frame57,0.0,57,cwz_joint,1316,false,false,false,missing,false,true,gradient_only,8,1,16,1592,1257,1.9201894813039933,109.5211974900276,missing
red3:lane1:snr0.0:seed4:frame58,0.0,58,cwz_joint,1279,false,false,false,missing,false,true,gradient_only,8,1,16,1597,1306,7.617773235909178,289.8677218501775,missing
red3:lane1:snr0.0:seed4:frame59,0.0,59,cwz_joint,1257,false,false,false,missing,false,true,gradient_only,8,1,16,1590,1358,2.9954368571335634,1850.4413995398522,missing
red3:lane1:snr0.0:seed4:frame60,0.0,60,cwz_joint,1357,false,false,false,missing,false,true,gradient_only,8,1,16,1584,1301,2.396653959418369,191.68149775353777,missing
red3:lane1:snr0.0:seed4:frame1,0.0,1,profiled_cz,1220,false,false,false,missing,false,true,gradient_only,3,1,16,1598,1529,5.636338933659503,21.91753292054972,missing
red3:lane1:snr0.0:seed4:frame2,0.0,2,profiled_cz,1200,false,false,false,missing,false,true,gradient_only,2,1,16,1558,1508,1.5424632494138744,45.876651454498266,missing
red3:lane1:snr0.0:seed4:frame3,0.0,3,profiled_cz,1272,false,false,false,missing,false,true,gradient_only,7,1,16,1590,1524,11.134393040757287,56.158911192229674,missing
red3:lane1:snr0.0:seed4:frame4,0.0,4,profiled_cz,1289,false,false,false,missing,false,true,gradient_only,1,1,16,1601,1525,3.104661368129758,47.542628668439576,missing
red3:lane1:snr0.0:seed4:frame5,0.0,5,profiled_cz,1122,false,false,false,missing,false,true,gradient_only,0,1,16,1544,1544,1.8678275189538738,1.8678275189538738,missing
red3:lane1:snr0.0:seed4:frame6,0.0,6,profiled_cz,1312,false,false,false,missing,false,true,gradient_only,4,1,16,1545,1512,2.1268281390691643,23.881279485461747,missing
red3:lane1:snr0.0:seed4:frame7,0.0,7,profiled_cz,1264,false,false,false,missing,false,true,gradient_only,7,1,16,1581,1559,5.952565047180047,78.2148375796034,missing
red3:lane1:snr0.0:seed4:frame8,0.0,8,profiled_cz,1232,false,false,false,missing,false,true,gradient_only,1,1,16,1563,1543,12.692813153775061,49.0350504951244,missing
red3:lane1:snr0.0:seed4:frame9,0.0,9,profiled_cz,1335,false,false,false,missing,false,true,gradient_only,2,1,16,1590,1524,10.633868362274747,18.603909941569878,missing
red3:lane1:snr0.0:seed4:frame10,0.0,10,profiled_cz,1419,false,false,false,missing,false,true,gradient_only,6,1,16,1555,1481,2.301773458270117,164.45788654808186,missing
red3:lane1:snr0.0:seed4:frame11,0.0,11,profiled_cz,1306,false,false,false,missing,false,true,gradient_only,3,1,16,1557,1537,2.313954377599201,2200.2331124395837,missing
red3:lane1:snr0.0:seed4:frame12,0.0,12,profiled_cz,1217,false,false,false,missing,false,true,gradient_only,8,1,16,1591,1485,1.9874560187223895,52.543499760784,missing
red3:lane1:snr0.0:seed4:frame13,0.0,13,profiled_cz,1319,false,false,false,missing,false,true,gradient_only,5,1,16,1552,1523,1.7388609081206643,25.791476314550632,missing
red3:lane1:snr0.0:seed4:frame14,0.0,14,profiled_cz,1315,false,false,false,missing,false,true,gradient_only,5,1,16,1612,1498,2.1468676706655403,171.03967981394572,missing
red3:lane1:snr0.0:seed4:frame15,0.0,15,profiled_cz,1302,false,false,false,missing,false,true,gradient_only,7,1,16,1554,1466,16.328588081412615,31.427263913357475,missing
red3:lane1:snr0.0:seed4:frame16,0.0,16,profiled_cz,1284,false,false,false,missing,false,true,gradient_only,1,1,16,1582,1563,1.663561793073452,70.58916023496708,missing
red3:lane1:snr0.0:seed4:frame17,0.0,17,profiled_cz,1249,false,false,false,missing,false,true,gradient_only,1,1,16,1609,1533,2.2131152023723017,81.54449110113129,missing
red3:lane1:snr0.0:seed4:frame18,0.0,18,profiled_cz,1228,false,false,false,missing,false,true,gradient_only,6,1,16,1556,1498,1.237355425347336,49.256940274334745,missing
red3:lane1:snr0.0:seed4:frame19,0.0,19,profiled_cz,1366,false,false,false,missing,false,true,gradient_only,4,1,16,1597,1526,2.326413455756512,35.653664768087545,missing
red3:lane1:snr0.0:seed4:frame20,0.0,20,profiled_cz,1325,false,false,false,missing,false,true,gradient_only,5,1,16,1558,1513,1.6214061562157587,51.8006100315854,missing
red3:lane1:snr0.0:seed4:frame21,0.0,21,profiled_cz,1306,false,false,false,missing,false,true,gradient_only,7,1,16,1540,1516,2.230056230824956,29.592134801845276,missing
red3:lane1:snr0.0:seed4:frame22,0.0,22,profiled_cz,1438,false,false,false,missing,false,true,gradient_only,1,1,16,1608,1524,1.9433033203281311,189.5700708792173,missing
red3:lane1:snr0.0:seed4:frame23,0.0,23,profiled_cz,1266,false,false,false,missing,false,true,gradient_only,2,1,16,1553,1483,3.238076072221937,39.228266044604055,missing
red3:lane1:snr0.0:seed4:frame24,0.0,24,profiled_cz,1243,false,false,false,missing,false,true,gradient_only,8,1,16,1596,1472,1.5669477358799537,65.95720290203361,missing
red3:lane1:snr0.0:seed4:frame25,0.0,25,profiled_cz,1155,false,false,false,missing,false,true,gradient_only,7,1,16,1588,1515,4.424339815998093,20.69322304817892,missing
red3:lane1:snr0.0:seed4:frame26,0.0,26,profiled_cz,1258,false,false,false,missing,false,true,gradient_only,1,1,16,1530,1527,3.5665073955144564,156.4123736949481,missing
red3:lane1:snr0.0:seed4:frame27,0.0,27,profiled_cz,1271,false,false,false,missing,false,true,gradient_only,3,1,16,1572,1455,2.4885673246109445,84.26675219993774,missing
red3:lane1:snr0.0:seed4:frame28,0.0,28,profiled_cz,1301,false,false,false,missing,false,true,gradient_only,2,1,16,1552,1483,2.162639708350157,28.72274635350156,missing
red3:lane1:snr0.0:seed4:frame29,0.0,29,profiled_cz,1352,false,false,false,missing,false,true,gradient_only,2,1,16,1600,1546,2.9654560463760253,66.69933269410764,missing
red3:lane1:snr0.0:seed4:frame30,0.0,30,profiled_cz,1324,false,false,false,missing,false,true,gradient_only,6,1,16,1556,1509,1.8286478766824426,72.54757771129812,missing
red3:lane1:snr0.0:seed4:frame31,0.0,31,profiled_cz,1317,false,false,false,missing,false,true,gradient_only,6,1,16,1537,1500,2.055948416743457,32.30792516408745,missing
red3:lane1:snr0.0:seed4:frame32,0.0,32,profiled_cz,1381,false,false,false,missing,false,true,gradient_only,0,1,16,1542,1542,2.290833429172299,2.290833429172299,missing
red3:lane1:snr0.0:seed4:frame33,0.0,33,profiled_cz,1234,false,false,false,missing,false,true,gradient_only,7,1,16,1577,1534,4.14728197820595,137.54055635172446,missing
red3:lane1:snr0.0:seed4:frame34,0.0,34,profiled_cz,1161,false,false,false,missing,false,true,gradient_only,7,1,16,1631,1474,1.9257383245824864,30.548299521456084,missing
red3:lane1:snr0.0:seed4:frame35,0.0,35,profiled_cz,1358,false,false,false,missing,false,true,gradient_only,4,1,16,1562,1475,3.581874012365777,59.33484514142122,missing
red3:lane1:snr0.0:seed4:frame36,0.0,36,profiled_cz,1265,false,false,false,missing,false,true,gradient_only,5,1,16,1561,1509,3.0714638097510565,40.51516779375912,missing
red3:lane1:snr0.0:seed4:frame37,0.0,37,profiled_cz,1155,false,false,false,missing,false,true,gradient_only,1,1,16,1634,1536,1.973220363310494,58.10806147716575,missing
red3:lane1:snr0.0:seed4:frame38,0.0,38,profiled_cz,1280,false,false,false,missing,false,true,gradient_only,4,1,16,1582,1506,1.774411963772724,65.4108882050374,missing
red3:lane1:snr0.0:seed4:frame39,0.0,39,profiled_cz,1282,false,false,false,missing,false,true,gradient_only,8,1,16,1600,1476,1.788761078973231,31.213446548807326,missing
red3:lane1:snr0.0:seed4:frame40,0.0,40,profiled_cz,1325,false,false,false,missing,false,true,gradient_only,6,1,16,1589,1542,3.724226039186738,43.858501166256794,missing
red3:lane1:snr0.0:seed4:frame41,0.0,41,profiled_cz,1390,false,false,false,missing,false,true,gradient_only,8,1,16,1587,1513,1.9215621485571597,60.165133154038756,missing
red3:lane1:snr0.0:seed4:frame42,0.0,42,profiled_cz,1215,false,false,false,missing,false,true,gradient_only,8,1,16,1592,1583,2.631742289479237,45.51176184900183,missing
red3:lane1:snr0.0:seed4:frame43,0.0,43,profiled_cz,1415,false,false,false,missing,false,true,gradient_only,6,1,16,1576,1493,1.398597044685871,1371.8159011981013,missing
red3:lane1:snr0.0:seed4:frame44,0.0,44,profiled_cz,1187,false,false,false,missing,false,true,gradient_only,1,1,16,1568,1533,2.7085179947482887,87.91708668588258,missing
red3:lane1:snr0.0:seed4:frame45,0.0,45,profiled_cz,1267,false,false,false,missing,false,true,gradient_only,1,1,16,1602,1539,1.9820989213982791,25.622453720393775,missing
red3:lane1:snr0.0:seed4:frame46,0.0,46,profiled_cz,1296,false,false,false,missing,false,true,gradient_only,7,1,16,1631,1539,1.2781780822604554,101.55414350410133,missing
red3:lane1:snr0.0:seed4:frame47,0.0,47,profiled_cz,1400,false,false,false,missing,false,true,gradient_only,6,1,16,1541,1537,4.508896307567109,148.21491364574595,missing
red3:lane1:snr0.0:seed4:frame48,0.0,48,profiled_cz,1363,false,false,false,missing,false,true,gradient_only,1,1,16,1587,1502,1.7680562048556219,44.40624504188711,missing
red3:lane1:snr0.0:seed4:frame49,0.0,49,profiled_cz,1317,false,false,false,missing,false,true,gradient_only,6,1,16,1599,1555,1.9524865630817292,42.741118784371984,missing
red3:lane1:snr0.0:seed4:frame50,0.0,50,profiled_cz,1348,false,false,false,missing,false,true,gradient_only,4,1,16,1553,1542,1.3963881053439504,60.011697980753574,missing
red3:lane1:snr0.0:seed4:frame51,0.0,51,profiled_cz,1318,false,false,false,missing,false,true,gradient_only,3,1,16,1559,1489,2.0722202929053353,29.8374167691832,missing
red3:lane1:snr0.0:seed4:frame52,0.0,52,profiled_cz,1258,false,false,false,missing,false,true,gradient_only,3,1,16,1606,1558,4.220181481647842,88.65329888185357,missing
red3:lane1:snr0.0:seed4:frame53,0.0,53,profiled_cz,1289,false,false,false,missing,false,true,gradient_only,7,1,16,1567,1525,231.19388357955108,74.9991139316188,missing
red3:lane1:snr0.0:seed4:frame54,0.0,54,profiled_cz,1355,false,false,false,missing,false,true,gradient_only,6,1,16,1554,1456,1.7172302636822145,71.623287122761,missing
red3:lane1:snr0.0:seed4:frame55,0.0,55,profiled_cz,1332,false,false,false,missing,false,true,gradient_only,7,1,16,1575,1557,5.940392693860934,26.487831974904676,missing
red3:lane1:snr0.0:seed4:frame56,0.0,56,profiled_cz,1269,false,false,false,missing,false,true,gradient_only,2,1,16,1547,1521,3.93974369699567,17.868782038832663,missing
red3:lane1:snr0.0:seed4:frame57,0.0,57,profiled_cz,1266,false,false,false,missing,false,true,gradient_only,2,1,16,1592,1532,1.9201894813039933,35.957012425459,missing
red3:lane1:snr0.0:seed4:frame58,0.0,58,profiled_cz,1243,false,false,false,missing,false,true,gradient_only,2,1,16,1597,1517,7.617773235909178,25.654484048219242,missing
red3:lane1:snr0.0:seed4:frame59,0.0,59,profiled_cz,1229,false,false,false,missing,false,true,gradient_only,7,1,16,1590,1564,2.9954368571335634,71.96980522187457,missing
red3:lane1:snr0.0:seed4:frame60,0.0,60,profiled_cz,1336,false,false,false,missing,false,true,gradient_only,1,1,16,1584,1541,2.396653959418369,36.899454023557404,missing
red3:lane1:snr2.0:seed4:frame1,2.0,1,cwz_joint,1158,false,false,false,missing,false,true,gradient_only,8,1,16,1565,1221,3.2919139219186224,76.38836831762976,missing
red3:lane1:snr2.0:seed4:frame2,2.0,2,cwz_joint,1200,false,false,false,missing,false,true,gradient_only,8,1,16,1541,1325,2.2516924557137123,678.1457066631091,missing
red3:lane1:snr2.0:seed4:frame3,2.0,3,cwz_joint,1226,false,false,false,missing,false,true,gradient_only,8,1,16,1584,1389,2.924132602120113,384.1904515155457,missing
red3:lane1:snr2.0:seed4:frame4,2.0,4,cwz_joint,1287,false,false,false,missing,false,true,gradient_only,8,1,16,1558,1330,1.7489145151771066,578.3500978703712,missing
red3:lane1:snr2.0:seed4:frame5,2.0,5,cwz_joint,1166,false,false,false,missing,false,true,gradient_only,8,1,16,1592,1389,2.0334375924794132,811.9304928681827,missing
red3:lane1:snr2.0:seed4:frame6,2.0,6,cwz_joint,1271,false,false,false,missing,false,true,gradient_only,8,1,16,1574,1350,25.445485853328975,159.86293717747245,missing
red3:lane1:snr2.0:seed4:frame7,2.0,7,cwz_joint,1168,false,false,false,missing,false,true,gradient_only,8,1,16,1526,1313,5.972963696738124,633.185414207713,missing
red3:lane1:snr2.0:seed4:frame8,2.0,8,cwz_joint,1239,false,false,false,missing,false,true,gradient_only,8,1,16,1570,1272,2.040629010529082,344.0062602349123,missing
red3:lane1:snr2.0:seed4:frame9,2.0,9,cwz_joint,1296,false,false,false,missing,false,true,gradient_only,8,1,16,1586,1264,2.68199633918541,111.18312142920674,missing
red3:lane1:snr2.0:seed4:frame10,2.0,10,cwz_joint,1386,false,false,false,missing,false,true,gradient_only,6,1,16,1589,1406,1.765843499562966,229.1558114301572,missing
red3:lane1:snr2.0:seed4:frame11,2.0,11,cwz_joint,1269,false,false,false,missing,false,true,gradient_only,8,1,16,1561,1306,35.52457022505746,1102.068057844072,missing
red3:lane1:snr2.0:seed4:frame12,2.0,12,cwz_joint,1176,false,false,false,missing,false,true,gradient_only,8,1,16,1579,1289,2.36888117177156,759.4575248155444,missing
red3:lane1:snr2.0:seed4:frame13,2.0,13,cwz_joint,1264,false,false,false,missing,false,true,gradient_only,8,1,16,1602,1304,2.0535459696605365,134.66581428306327,missing
red3:lane1:snr2.0:seed4:frame14,2.0,14,cwz_joint,1354,false,false,false,missing,false,true,gradient_only,6,1,16,1566,1384,1.5501055453953525,333.7490142214998,missing
red3:lane1:snr2.0:seed4:frame15,2.0,15,cwz_joint,1258,false,false,false,missing,false,true,gradient_only,8,1,16,1596,1409,2.799812806766846,151.31850575539968,missing
red3:lane1:snr2.0:seed4:frame16,2.0,16,cwz_joint,1242,false,false,false,missing,false,true,gradient_only,8,1,16,1578,1377,1.8055890104164183,226.31488780651387,missing
red3:lane1:snr2.0:seed4:frame17,2.0,17,cwz_joint,1169,false,false,false,missing,false,true,gradient_only,8,1,16,1594,1359,2.1056333437539525,368.4910605924745,missing
red3:lane1:snr2.0:seed4:frame18,2.0,18,cwz_joint,1136,false,false,false,missing,false,true,gradient_only,8,1,16,1509,1323,1.1941366315905957,1045.065493925827,missing
red3:lane1:snr2.0:seed4:frame19,2.0,19,cwz_joint,1384,false,false,false,missing,false,true,gradient_only,8,1,16,1564,1342,1.7940475932983118,163.0306575361506,missing
red3:lane1:snr2.0:seed4:frame20,2.0,20,cwz_joint,1276,false,false,false,missing,false,true,gradient_only,8,1,16,1590,1279,1.3911077270410466,100.59295960090714,missing
red3:lane1:snr2.0:seed4:frame21,2.0,21,cwz_joint,1278,false,false,false,missing,false,true,gradient_only,7,1,16,1627,1411,6.005554482579037,171.91184332440588,missing
red3:lane1:snr2.0:seed4:frame22,2.0,22,cwz_joint,1429,false,false,false,missing,false,true,gradient_only,8,1,16,1599,1211,4.697551813247465,335.7461980802432,missing
red3:lane1:snr2.0:seed4:frame23,2.0,23,cwz_joint,1193,false,false,false,missing,false,true,gradient_only,8,1,16,1591,1436,2.147055816753528,93.30933405733501,missing
red3:lane1:snr2.0:seed4:frame24,2.0,24,cwz_joint,1248,false,false,false,missing,false,true,gradient_only,7,1,16,1555,1356,2.0451321070825994,129.59775881472888,missing
red3:lane1:snr2.0:seed4:frame25,2.0,25,cwz_joint,1127,false,false,false,missing,false,true,gradient_only,7,1,16,1593,1351,1.6990505966511806,70.73233302369204,missing
red3:lane1:snr2.0:seed4:frame26,2.0,26,cwz_joint,1253,false,false,false,missing,false,true,gradient_only,6,1,16,1575,1379,4.1390669241048865,144.140576618394,missing
red3:lane1:snr2.0:seed4:frame27,2.0,27,cwz_joint,1281,false,false,false,missing,false,true,gradient_only,8,1,16,1557,1327,2.3536692551488105,287.9603026128028,missing
red3:lane1:snr2.0:seed4:frame28,2.0,28,cwz_joint,1299,false,false,false,missing,false,true,gradient_only,8,1,16,1599,1393,4.31785609504558,95.60273372156618,missing
red3:lane1:snr2.0:seed4:frame29,2.0,29,cwz_joint,1325,false,false,false,missing,false,true,gradient_only,7,1,16,1582,1344,1.3173363756811958,1105.5971444667234,missing
red3:lane1:snr2.0:seed4:frame30,2.0,30,cwz_joint,1318,false,false,false,missing,false,true,gradient_only,8,1,16,1615,1309,1.4320610920266157,229.86358384306322,missing
red3:lane1:snr2.0:seed4:frame31,2.0,31,cwz_joint,1305,false,false,false,missing,false,true,gradient_only,6,1,16,1578,1407,20.346058153484268,133.62968524536006,missing
red3:lane1:snr2.0:seed4:frame32,2.0,32,cwz_joint,1376,false,false,false,missing,false,true,gradient_only,7,1,16,1574,1300,1.9654504611759918,283.71178305149925,missing
red3:lane1:snr2.0:seed4:frame33,2.0,33,cwz_joint,1205,false,false,false,missing,false,true,gradient_only,8,1,16,1530,1346,1.7376671200196345,473.21358704536016,missing
red3:lane1:snr2.0:seed4:frame34,2.0,34,cwz_joint,1155,false,false,false,missing,false,true,gradient_only,8,1,16,1559,1376,2.154418780055363,87.04847736781929,missing
red3:lane1:snr2.0:seed4:frame35,2.0,35,cwz_joint,1325,false,false,false,missing,false,true,gradient_only,8,1,16,1599,1421,2.2610931092528164,188.9995773296074,missing
red3:lane1:snr2.0:seed4:frame36,2.0,36,cwz_joint,1227,false,false,false,missing,false,true,gradient_only,8,1,16,1596,1373,1.411449092624339,129.50378532229138,missing
red3:lane1:snr2.0:seed4:frame37,2.0,37,cwz_joint,1166,false,false,false,missing,false,true,gradient_only,8,1,16,1571,1407,2.1192814311851875,177.17251572168294,missing
red3:lane1:snr2.0:seed4:frame38,2.0,38,cwz_joint,1259,false,false,false,missing,false,true,gradient_only,7,1,16,1579,1406,38.112749445720844,344.5821946385805,missing
red3:lane1:snr2.0:seed4:frame39,2.0,39,cwz_joint,1233,false,false,false,missing,false,true,gradient_only,8,1,16,1596,1387,3.806131121117197,127.2012723811045,missing
red3:lane1:snr2.0:seed4:frame40,2.0,40,cwz_joint,1296,false,false,false,missing,false,true,gradient_only,8,1,16,1538,1380,2.9065263825708283,333.1933925905831,missing
red3:lane1:snr2.0:seed4:frame41,2.0,41,cwz_joint,1390,false,false,false,missing,false,true,gradient_only,8,1,16,1631,1293,2.092939590063327,237.45340554726255,missing
red3:lane1:snr2.0:seed4:frame42,2.0,42,cwz_joint,1162,false,false,false,missing,false,true,gradient_only,8,1,16,1615,1312,1.8703044352193552,1309.8105309164812,missing
red3:lane1:snr2.0:seed4:frame43,2.0,43,cwz_joint,1399,false,false,false,missing,false,true,gradient_only,8,1,16,1501,1316,2.5102668131805825,376.9617131640725,missing
red3:lane1:snr2.0:seed4:frame44,2.0,44,cwz_joint,1106,false,false,false,missing,false,true,gradient_only,7,1,16,1516,1294,1.9446855783717638,154.2474364467363,missing
red3:lane1:snr2.0:seed4:frame45,2.0,45,cwz_joint,1177,false,false,false,missing,false,true,gradient_only,8,1,16,1606,1251,2.1698439605608377,778.1743377179773,missing
red3:lane1:snr2.0:seed4:frame46,2.0,46,cwz_joint,1281,false,false,false,missing,false,true,gradient_only,7,1,16,1597,1323,1.6836415663521784,991.8053868545702,missing
red3:lane1:snr2.0:seed4:frame47,2.0,47,cwz_joint,1379,false,false,false,missing,false,true,gradient_only,8,1,16,1566,1280,2.8038335584858847,1220.8631587553207,missing
red3:lane1:snr2.0:seed4:frame48,2.0,48,cwz_joint,1282,false,false,false,missing,false,true,gradient_only,7,1,16,1599,1398,6.735112961037326,130.4218000437028,missing
red3:lane1:snr2.0:seed4:frame49,2.0,49,cwz_joint,1319,false,false,false,missing,false,true,gradient_only,8,1,16,1570,1425,1.8995181740457316,110.70822630007342,missing
red3:lane1:snr2.0:seed4:frame50,2.0,50,cwz_joint,1298,false,false,false,missing,false,true,gradient_only,8,1,16,1516,1345,1.3244988985308817,129.94122410957957,missing
red3:lane1:snr2.0:seed4:frame51,2.0,51,cwz_joint,1319,false,false,false,missing,false,true,gradient_only,7,1,16,1617,1403,2.158354300171842,137.83399115310132,missing
red3:lane1:snr2.0:seed4:frame52,2.0,52,cwz_joint,1196,false,false,false,missing,false,true,gradient_only,8,1,16,1587,1351,1.7590362588533945,569.6095023742237,missing
red3:lane1:snr2.0:seed4:frame53,2.0,53,cwz_joint,1193,false,false,false,missing,false,true,gradient_only,8,1,16,1546,1370,1.5367201821180585,115.30661413152822,missing
red3:lane1:snr2.0:seed4:frame54,2.0,54,cwz_joint,1272,false,false,false,missing,false,true,gradient_only,7,1,16,1581,1270,15.451162859653445,144.43058797037492,missing
red3:lane1:snr2.0:seed4:frame55,2.0,55,cwz_joint,1272,false,false,false,missing,false,true,gradient_only,7,1,16,1569,1364,2.5862364636975492,93.80848774355873,missing
red3:lane1:snr2.0:seed4:frame56,2.0,56,cwz_joint,1209,false,false,false,missing,false,true,gradient_only,7,1,16,1574,1315,34.889202117582876,74.02464256704422,missing
red3:lane1:snr2.0:seed4:frame57,2.0,57,cwz_joint,1207,false,false,false,missing,false,true,gradient_only,7,1,16,1651,1377,1.953601064665623,87.45433825064201,missing
red3:lane1:snr2.0:seed4:frame58,2.0,58,cwz_joint,1210,false,false,false,missing,false,true,gradient_only,7,1,16,1512,1344,3.25370141690318,219.48712477624534,missing
red3:lane1:snr2.0:seed4:frame59,2.0,59,cwz_joint,1167,false,false,false,missing,false,true,gradient_only,7,1,16,1572,1368,2.957281762038821,226.03027579683126,missing
red3:lane1:snr2.0:seed4:frame60,2.0,60,cwz_joint,1293,false,false,false,missing,false,true,gradient_only,8,1,16,1571,1354,2.3298980682411186,102.11118777581785,missing
red3:lane1:snr2.0:seed4:frame1,2.0,1,profiled_cz,1108,false,false,false,missing,false,true,gradient_only,2,1,16,1565,1490,3.2919139219186224,14.300577000543402,missing
red3:lane1:snr2.0:seed4:frame2,2.0,2,profiled_cz,1152,false,false,false,missing,false,true,gradient_only,8,1,16,1541,1493,2.2516924557137123,23.527105886404442,missing
red3:lane1:snr2.0:seed4:frame3,2.0,3,profiled_cz,1192,false,false,false,missing,false,true,gradient_only,7,1,16,1584,1534,2.924132602120113,34.55864392106035,missing
red3:lane1:snr2.0:seed4:frame4,2.0,4,profiled_cz,1260,false,false,false,missing,false,true,gradient_only,5,1,16,1558,1536,1.7489145151771066,36.02422909710217,missing
red3:lane1:snr2.0:seed4:frame5,2.0,5,profiled_cz,1119,false,false,false,missing,false,true,gradient_only,6,1,16,1592,1524,2.0334375924794132,27.880522805892504,missing
red3:lane1:snr2.0:seed4:frame6,2.0,6,profiled_cz,1224,false,false,false,missing,false,true,gradient_only,4,1,16,1574,1525,25.445485853328975,20.82175220766409,missing
red3:lane1:snr2.0:seed4:frame7,2.0,7,profiled_cz,1091,false,false,false,missing,false,true,gradient_only,0,1,16,1526,1526,5.972963696738124,5.972963696738124,missing
red3:lane1:snr2.0:seed4:frame8,2.0,8,profiled_cz,1176,false,false,false,missing,false,true,gradient_only,3,1,16,1570,1526,2.040629010529082,54.24838943624962,missing
red3:lane1:snr2.0:seed4:frame9,2.0,9,profiled_cz,1241,false,false,false,missing,false,true,gradient_only,5,1,16,1586,1521,2.68199633918541,13.667096426440404,missing
red3:lane1:snr2.0:seed4:frame10,2.0,10,profiled_cz,1387,false,false,false,missing,false,true,gradient_only,5,1,16,1589,1560,1.765843499562966,57.61356240946323,missing
red3:lane1:snr2.0:seed4:frame11,2.0,11,profiled_cz,1253,false,false,false,missing,false,true,gradient_only,1,1,16,1561,1489,35.52457022505746,66.09975349101973,missing
red3:lane1:snr2.0:seed4:frame12,2.0,12,profiled_cz,1132,false,false,false,missing,false,true,gradient_only,3,1,16,1579,1557,2.36888117177156,100.87203446374193,missing
red3:lane1:snr2.0:seed4:frame13,2.0,13,profiled_cz,1269,false,false,false,missing,false,true,gradient_only,7,1,16,1602,1540,2.0535459696605365,26.187595852699957,missing
red3:lane1:snr2.0:seed4:frame14,2.0,14,profiled_cz,1307,false,false,false,missing,false,true,gradient_only,5,1,16,1566,1523,1.5501055453953525,105.58928345487658,missing
red3:lane1:snr2.0:seed4:frame15,2.0,15,profiled_cz,1224,false,false,false,missing,false,true,gradient_only,6,1,16,1596,1521,2.799812806766846,100.81088291750561,missing
red3:lane1:snr2.0:seed4:frame16,2.0,16,profiled_cz,1230,false,false,false,missing,false,true,gradient_only,8,1,16,1578,1473,1.8055890104164183,41.264334560539595,missing
red3:lane1:snr2.0:seed4:frame17,2.0,17,profiled_cz,1141,false,false,false,missing,false,true,gradient_only,3,1,16,1594,1476,2.1056333437539525,42.35987007066548,missing
red3:lane1:snr2.0:seed4:frame18,2.0,18,profiled_cz,1028,false,false,false,missing,false,true,gradient_only,0,1,16,1509,1509,1.1941366315905957,1.1941366315905957,missing
red3:lane1:snr2.0:seed4:frame19,2.0,19,profiled_cz,1355,false,false,false,missing,false,true,gradient_only,7,1,16,1564,1510,1.7940475932983118,50.668530278732135,missing
red3:lane1:snr2.0:seed4:frame20,2.0,20,profiled_cz,1270,false,false,false,missing,false,true,gradient_only,7,1,16,1590,1563,1.3911077270410466,32.45162233443495,missing
red3:lane1:snr2.0:seed4:frame21,2.0,21,profiled_cz,1219,false,false,false,missing,false,true,gradient_only,7,1,16,1627,1533,6.005554482579037,29.801294794423765,missing
red3:lane1:snr2.0:seed4:frame22,2.0,22,profiled_cz,1435,false,false,false,missing,false,true,gradient_only,2,1,16,1599,1467,4.697551813247465,107.01763787074995,missing
red3:lane1:snr2.0:seed4:frame23,2.0,23,profiled_cz,1185,false,false,false,missing,false,true,gradient_only,5,1,16,1591,1503,2.147055816753528,22.250804212604766,missing
red3:lane1:snr2.0:seed4:frame24,2.0,24,profiled_cz,1209,false,false,false,missing,false,true,gradient_only,2,1,16,1555,1526,2.0451321070825994,110.40570550388016,missing
red3:lane1:snr2.0:seed4:frame25,2.0,25,profiled_cz,1069,false,false,false,missing,false,true,gradient_only,1,1,16,1593,1532,1.6990505966511806,20.95783998520985,missing
red3:lane1:snr2.0:seed4:frame26,2.0,26,profiled_cz,1214,false,false,false,missing,false,true,gradient_only,7,1,16,1575,1549,4.1390669241048865,27.057041516647846,missing
red3:lane1:snr2.0:seed4:frame27,2.0,27,profiled_cz,1244,false,false,false,missing,false,true,gradient_only,7,1,16,1557,1550,2.3536692551488105,38.027303955746895,missing
red3:lane1:snr2.0:seed4:frame28,2.0,28,profiled_cz,1247,false,false,false,missing,false,true,gradient_only,8,1,16,1599,1507,4.31785609504558,15.77496657365083,missing
red3:lane1:snr2.0:seed4:frame29,2.0,29,profiled_cz,1295,false,false,false,missing,false,true,gradient_only,1,1,16,1582,1523,1.3173363756811958,1309.679705036973,missing
red3:lane1:snr2.0:seed4:frame30,2.0,30,profiled_cz,1241,false,false,false,missing,false,true,gradient_only,6,1,16,1615,1538,1.4320610920266157,38.80609226035183,missing
red3:lane1:snr2.0:seed4:frame31,2.0,31,profiled_cz,1274,false,false,false,missing,false,true,gradient_only,6,1,16,1578,1555,20.346058153484268,112.4825323572727,missing
red3:lane1:snr2.0:seed4:frame32,2.0,32,profiled_cz,1366,false,false,false,missing,false,true,gradient_only,7,1,16,1574,1540,1.9654504611759918,27.98173329447201,missing
red3:lane1:snr2.0:seed4:frame33,2.0,33,profiled_cz,1086,false,false,false,missing,false,true,gradient_only,0,1,16,1530,1530,1.7376671200196345,1.7376671200196345,missing
red3:lane1:snr2.0:seed4:frame34,2.0,34,profiled_cz,1031,false,false,false,missing,false,true,gradient_only,7,1,16,1559,1529,2.154418780055363,26.114000859441216,missing
red3:lane1:snr2.0:seed4:frame35,2.0,35,profiled_cz,1295,false,false,false,missing,false,true,gradient_only,5,1,16,1599,1524,2.2610931092528164,51.382074228706784,missing
red3:lane1:snr2.0:seed4:frame36,2.0,36,profiled_cz,1149,false,false,false,missing,false,true,gradient_only,3,1,16,1596,1527,1.411449092624339,27.732214480384346,missing
red3:lane1:snr2.0:seed4:frame37,2.0,37,profiled_cz,1107,false,false,false,missing,false,true,gradient_only,4,1,16,1571,1530,2.1192814311851875,32.68965076005867,missing
red3:lane1:snr2.0:seed4:frame38,2.0,38,profiled_cz,1242,false,false,false,missing,false,true,gradient_only,8,1,16,1579,1523,38.112749445720844,55.392876038888765,missing
red3:lane1:snr2.0:seed4:frame39,2.0,39,profiled_cz,1193,false,false,false,missing,false,true,gradient_only,5,1,16,1596,1547,3.806131121117197,38.23711325204545,missing
red3:lane1:snr2.0:seed4:frame40,2.0,40,profiled_cz,1227,false,false,false,missing,false,true,gradient_only,0,1,16,1538,1538,2.9065263825708283,2.9065263825708283,missing
red3:lane1:snr2.0:seed4:frame41,2.0,41,profiled_cz,1353,false,false,false,missing,false,true,gradient_only,6,1,16,1631,1529,2.092939590063327,34.52772164287943,missing
red3:lane1:snr2.0:seed4:frame42,2.0,42,profiled_cz,1097,false,false,false,missing,false,true,gradient_only,6,1,16,1615,1575,1.8703044352193552,326.45063214510526,missing
red3:lane1:snr2.0:seed4:frame43,2.0,43,profiled_cz,1343,false,false,false,missing,false,true,gradient_only,0,1,16,1501,1501,2.5102668131805825,2.5102668131805825,missing
red3:lane1:snr2.0:seed4:frame44,2.0,44,profiled_cz,1015,false,false,false,missing,false,true,gradient_only,0,1,16,1516,1516,1.9446855783717638,1.9446855783717638,missing
red3:lane1:snr2.0:seed4:frame45,2.0,45,profiled_cz,1163,false,false,false,missing,false,true,gradient_only,3,1,16,1606,1515,2.1698439605608377,18.893014298418077,missing
red3:lane1:snr2.0:seed4:frame46,2.0,46,profiled_cz,1232,false,false,false,missing,false,true,gradient_only,1,1,16,1597,1552,1.6836415663521784,90.26349162355032,missing
red3:lane1:snr2.0:seed4:frame47,2.0,47,profiled_cz,1350,false,false,false,missing,false,true,gradient_only,6,1,16,1566,1515,2.8038335584858847,46.21457807278205,missing
red3:lane1:snr2.0:seed4:frame48,2.0,48,profiled_cz,1260,false,false,false,missing,false,true,gradient_only,5,1,16,1599,1528,6.735112961037326,24.749108753801618,missing
red3:lane1:snr2.0:seed4:frame49,2.0,49,profiled_cz,1247,false,false,false,missing,false,true,gradient_only,2,1,16,1570,1548,1.8995181740457316,26.40417171151589,missing
red3:lane1:snr2.0:seed4:frame50,2.0,50,profiled_cz,1235,false,false,false,missing,false,true,gradient_only,5,1,16,1516,1491,1.3244988985308817,83.23303199024052,missing
red3:lane1:snr2.0:seed4:frame51,2.0,51,profiled_cz,1289,false,false,false,missing,false,true,gradient_only,4,1,16,1617,1517,2.158354300171842,28.583783085749292,missing
red3:lane1:snr2.0:seed4:frame52,2.0,52,profiled_cz,1168,false,false,false,missing,false,true,gradient_only,3,1,16,1587,1510,1.7590362588533945,33.67248532554431,missing
red3:lane1:snr2.0:seed4:frame53,2.0,53,profiled_cz,1129,false,false,false,missing,false,true,gradient_only,0,1,16,1546,1546,1.5367201821180585,1.5367201821180585,missing
red3:lane1:snr2.0:seed4:frame54,2.0,54,profiled_cz,1263,false,false,false,missing,false,true,gradient_only,4,1,16,1581,1532,15.451162859653445,48.609065250618166,missing
red3:lane1:snr2.0:seed4:frame55,2.0,55,profiled_cz,1262,false,false,false,missing,false,true,gradient_only,8,1,16,1569,1480,2.5862364636975492,23.27048161393799,missing
red3:lane1:snr2.0:seed4:frame56,2.0,56,profiled_cz,1140,false,false,false,missing,false,true,gradient_only,1,1,16,1574,1515,34.889202117582876,11.460703788410314,missing
red3:lane1:snr2.0:seed4:frame57,2.0,57,profiled_cz,1201,false,false,false,missing,false,true,gradient_only,8,1,16,1651,1550,1.953601064665623,30.71140994644531,missing
red3:lane1:snr2.0:seed4:frame58,2.0,58,profiled_cz,1152,false,false,false,missing,false,true,gradient_only,5,1,16,1512,1502,3.25370141690318,24.740247055703698,missing
red3:lane1:snr2.0:seed4:frame59,2.0,59,profiled_cz,1093,false,false,false,missing,false,true,gradient_only,3,1,16,1572,1487,2.957281762038821,32.14117824503421,missing
red3:lane1:snr2.0:seed4:frame60,2.0,60,profiled_cz,1247,false,false,false,missing,false,true,gradient_only,1,1,16,1571,1534,2.3298980682411186,37.97005343455232,missing
red3:lane1:snr4.0:seed4:frame1,4.0,1,cwz_joint,1081,false,false,false,missing,false,true,gradient_only,8,1,16,1564,1244,3.8708831727295574,62.04127391544288,missing
red3:lane1:snr4.0:seed4:frame2,4.0,2,cwz_joint,1133,false,false,false,missing,false,true,gradient_only,7,1,16,1594,1382,3.810611469538453,265.76876488895914,missing
red3:lane1:snr4.0:seed4:frame3,4.0,3,cwz_joint,1226,false,false,false,missing,false,true,gradient_only,8,1,16,1634,1456,3.26525871037699,166.5600375551427,missing
red3:lane1:snr4.0:seed4:frame4,4.0,4,cwz_joint,1249,false,false,false,missing,false,true,gradient_only,8,1,16,1551,1423,1.5174059281413883,221.0605997817699,missing
red3:lane1:snr4.0:seed4:frame5,4.0,5,cwz_joint,1086,false,false,false,missing,false,true,gradient_only,8,1,16,1552,1251,13.08165061995761,299.81462143495685,missing
red3:lane1:snr4.0:seed4:frame6,4.0,6,cwz_joint,1140,false,false,false,missing,false,true,gradient_only,7,1,16,1593,1295,1.3280450604864786,105.29706707472323,missing
red3:lane1:snr4.0:seed4:frame7,4.0,7,cwz_joint,1112,false,false,false,missing,false,true,gradient_only,8,1,16,1582,1330,1.8121296049462796,1841.2381314927218,missing
red3:lane1:snr4.0:seed4:frame8,4.0,8,cwz_joint,1151,false,false,false,missing,false,true,gradient_only,8,1,16,1564,1348,2.53053459328297,192.98276178046933,missing
red3:lane1:snr4.0:seed4:frame9,4.0,9,cwz_joint,1243,false,false,false,missing,false,true,gradient_only,8,1,16,1609,1388,4.576088214572016,79.7101704534478,missing
red3:lane1:snr4.0:seed4:frame10,4.0,10,cwz_joint,1323,false,false,false,missing,false,true,gradient_only,7,1,16,1596,1421,1.7756260892203137,155.37508100535518,missing
red3:lane1:snr4.0:seed4:frame11,4.0,11,cwz_joint,1192,false,false,false,missing,false,true,gradient_only,6,1,16,1550,1320,2.5447877486202586,298.0360336304285,missing
red3:lane1:snr4.0:seed4:frame12,4.0,12,cwz_joint,1099,false,false,false,missing,false,true,gradient_only,8,1,16,1551,1354,4.810620692887686,1449.979949290622,missing
red3:lane1:snr4.0:seed4:frame13,4.0,13,cwz_joint,1243,false,false,false,missing,false,true,gradient_only,8,1,16,1636,1345,1.7015997320725864,139.65754418140963,missing
red3:lane1:snr4.0:seed4:frame14,4.0,14,cwz_joint,1290,false,false,false,missing,false,true,gradient_only,8,1,16,1581,1293,1.3244594955039644,319.75392576258184,missing
red3:lane1:snr4.0:seed4:frame15,4.0,15,cwz_joint,1196,false,false,false,missing,false,true,gradient_only,8,1,16,1613,1404,1.813821402770958,75.10851067574704,missing
red3:lane1:snr4.0:seed4:frame16,4.0,16,cwz_joint,1216,false,false,false,missing,false,true,gradient_only,8,1,16,1525,1234,2.8994468035770224,192.8473860908372,missing
red3:lane1:snr4.0:seed4:frame17,4.0,17,cwz_joint,1132,false,false,false,missing,false,true,gradient_only,8,1,16,1557,1263,3.388543811496065,339.475182147142,missing
red3:lane1:snr4.0:seed4:frame18,4.0,18,cwz_joint,1063,false,false,false,missing,false,true,gradient_only,8,1,16,1575,1208,0.8736659895539651,537.8587753976694,missing
red3:lane1:snr4.0:seed4:frame19,4.0,19,cwz_joint,1291,false,false,false,missing,false,true,gradient_only,8,1,16,1603,1366,2.835856872440685,80.72758681519623,missing
red3:lane1:snr4.0:seed4:frame20,4.0,20,cwz_joint,1198,false,false,false,missing,false,true,gradient_only,7,1,16,1571,1310,8.846841805301775,79.23166266298463,missing
red3:lane1:snr4.0:seed4:frame21,4.0,21,cwz_joint,1159,false,false,false,missing,false,true,gradient_only,8,1,16,1566,1338,1.7587576131370244,109.94902351420764,missing
red3:lane1:snr4.0:seed4:frame22,4.0,22,cwz_joint,1374,false,false,false,missing,false,true,gradient_only,8,1,16,1602,1334,1.5196052538828746,207.62059457527167,missing
red3:lane1:snr4.0:seed4:frame23,4.0,23,cwz_joint,1136,false,false,false,missing,false,true,gradient_only,8,1,16,1592,1389,2.160618227036747,64.0303363633092,missing
red3:lane1:snr4.0:seed4:frame24,4.0,24,cwz_joint,1184,false,false,false,missing,false,true,gradient_only,8,1,16,1592,1398,1.4933851216470049,161.7316880601705,missing
red3:lane1:snr4.0:seed4:frame25,4.0,25,cwz_joint,1030,false,false,false,missing,false,true,gradient_only,6,1,16,1594,1355,1.8962252474339092,56.20519344894804,missing
red3:lane1:snr4.0:seed4:frame26,4.0,26,cwz_joint,1152,false,false,false,missing,false,true,gradient_only,8,1,16,1565,1334,2.2899242915735,805.4911649411787,missing
red3:lane1:snr4.0:seed4:frame27,4.0,27,cwz_joint,1253,false,false,false,missing,false,true,gradient_only,8,1,16,1553,1343,2.753151719923215,176.20897236242192,missing
red3:lane1:snr4.0:seed4:frame28,4.0,28,cwz_joint,1191,false,false,false,missing,false,true,gradient_only,8,1,16,1576,1300,1.4646398153901798,69.2055534569897,missing
red3:lane1:snr4.0:seed4:frame29,4.0,29,cwz_joint,1228,false,false,false,missing,false,true,gradient_only,8,1,16,1576,1387,2.764132549029137,368.27309660449714,missing
red3:lane1:snr4.0:seed4:frame30,4.0,30,cwz_joint,1263,false,false,false,missing,false,true,gradient_only,8,1,16,1599,1384,0.965217025723524,94.49526494596452,missing
red3:lane1:snr4.0:seed4:frame31,4.0,31,cwz_joint,1200,false,false,false,missing,false,true,gradient_only,8,1,16,1523,1294,5.495474099301327,87.9972446300639,missing
red3:lane1:snr4.0:seed4:frame32,4.0,32,cwz_joint,1323,false,false,false,missing,false,true,gradient_only,8,1,16,1558,1195,1.5477032037101932,169.00866669943275,missing
red3:lane1:snr4.0:seed4:frame33,4.0,33,cwz_joint,1092,false,false,false,missing,false,true,gradient_only,6,1,16,1596,1438,26.093001726716945,494.1919126564779,missing
red3:lane1:snr4.0:seed4:frame34,4.0,34,cwz_joint,984,false,false,false,missing,false,true,gradient_only,7,1,16,1589,1363,3.096355571391612,78.0631346467658,missing
red3:lane1:snr4.0:seed4:frame35,4.0,35,cwz_joint,1237,false,false,false,missing,false,true,gradient_only,8,1,16,1626,1329,2.367313489121821,113.76625990458528,missing
red3:lane1:snr4.0:seed4:frame36,4.0,36,cwz_joint,1187,false,false,false,missing,false,true,gradient_only,8,1,16,1598,1379,0.9379626129050913,95.13891648595703,missing
red3:lane1:snr4.0:seed4:frame37,4.0,37,cwz_joint,1062,false,false,false,missing,false,true,gradient_only,8,1,16,1568,1410,1.220942801607083,273.0228555314073,missing
red3:lane1:snr4.0:seed4:frame38,4.0,38,cwz_joint,1225,false,false,false,missing,false,true,gradient_only,8,1,16,1593,1364,1.3025261034729365,275.116314978499,missing
red3:lane1:snr4.0:seed4:frame39,4.0,39,cwz_joint,1196,false,false,false,missing,false,true,gradient_only,8,1,16,1580,1407,2.0602392890431442,132.67552850073008,missing
red3:lane1:snr4.0:seed4:frame40,4.0,40,cwz_joint,1238,false,false,false,missing,false,true,gradient_only,8,1,16,1600,1342,2.0468957696622896,1052.0374674307864,missing
red3:lane1:snr4.0:seed4:frame41,4.0,41,cwz_joint,1281,false,false,false,missing,false,true,gradient_only,8,1,16,1596,1341,2.343894643332084,228.77019118222697,missing
red3:lane1:snr4.0:seed4:frame42,4.0,42,cwz_joint,1114,false,false,false,missing,false,true,gradient_only,7,1,16,1645,1334,2.9801692964331306,393.54085195171206,missing
red3:lane1:snr4.0:seed4:frame43,4.0,43,cwz_joint,1327,false,false,false,missing,false,true,gradient_only,8,1,16,1514,1314,1.7167500305771395,392.6881331955278,missing
red3:lane1:snr4.0:seed4:frame44,4.0,44,cwz_joint,1054,false,false,false,missing,false,true,gradient_only,8,1,16,1560,1218,1.9044036691987967,86.95965529857581,missing
red3:lane1:snr4.0:seed4:frame45,4.0,45,cwz_joint,1120,false,false,false,missing,false,true,gradient_only,8,1,16,1589,1363,1.987120411129802,294.54446651826595,missing
red3:lane1:snr4.0:seed4:frame46,4.0,46,cwz_joint,1261,false,false,false,missing,false,true,gradient_only,8,1,16,1604,1327,1.3780434240320578,420.2095937651909,missing
red3:lane1:snr4.0:seed4:frame47,4.0,47,cwz_joint,1306,false,false,false,missing,false,true,gradient_only,8,1,16,1562,1250,2.377778263588319,496.9457340479696,missing
red3:lane1:snr4.0:seed4:frame48,4.0,48,cwz_joint,1271,false,false,false,missing,false,true,gradient_only,6,1,16,1594,1415,2.382432387373565,111.07353308409269,missing
red3:lane1:snr4.0:seed4:frame49,4.0,49,cwz_joint,1212,false,false,false,missing,false,true,gradient_only,8,1,16,1579,1227,1.4536975413520064,86.05632704443691,missing
red3:lane1:snr4.0:seed4:frame50,4.0,50,cwz_joint,1214,false,false,false,missing,false,true,gradient_only,8,1,16,1553,1376,1.1763063697491736,127.6511711252432,missing
red3:lane1:snr4.0:seed4:frame51,4.0,51,cwz_joint,1245,false,false,false,missing,false,true,gradient_only,7,1,16,1619,1377,1.4311196898615515,97.79522386342798,missing
red3:lane1:snr4.0:seed4:frame52,4.0,52,cwz_joint,1154,false,false,false,missing,false,true,gradient_only,8,1,16,1520,1386,1.6111046055642435,68.24987383958,missing
red3:lane1:snr4.0:seed4:frame53,4.0,53,cwz_joint,1208,false,false,false,missing,false,true,gradient_only,8,1,16,1621,1416,1.8588267196734514,231.35900080153485,missing
red3:lane1:snr4.0:seed4:frame54,4.0,54,cwz_joint,1229,false,false,false,missing,false,true,gradient_only,8,1,16,1573,1434,1.3694028084088379,118.82537634226018,missing
red3:lane1:snr4.0:seed4:frame55,4.0,55,cwz_joint,1246,false,false,false,missing,false,true,gradient_only,7,1,16,1541,1417,5.997755481757311,189.87325541793183,missing
red3:lane1:snr4.0:seed4:frame56,4.0,56,cwz_joint,1119,false,false,false,missing,false,true,gradient_only,7,1,16,1516,1356,1.8416429446704439,65.51279077427516,missing
red3:lane1:snr4.0:seed4:frame57,4.0,57,cwz_joint,1188,false,false,false,missing,false,true,gradient_only,8,1,16,1607,1388,1.1949640970600939,71.50004701141243,missing
red3:lane1:snr4.0:seed4:frame58,4.0,58,cwz_joint,1145,false,false,false,missing,false,true,gradient_only,8,1,16,1556,1311,13.262294021376274,180.6409823367404,missing
red3:lane1:snr4.0:seed4:frame59,4.0,59,cwz_joint,1084,false,false,false,missing,false,true,gradient_only,8,1,16,1562,1288,1.7140898750758078,145.24338380491463,missing
red3:lane1:snr4.0:seed4:frame60,4.0,60,cwz_joint,1167,false,false,false,missing,false,true,gradient_only,6,1,16,1566,1408,2.5595669775730365,89.39337123205075,missing
red3:lane1:snr4.0:seed4:frame1,4.0,1,profiled_cz,1007,false,false,false,missing,false,true,gradient_only,4,1,16,1564,1538,3.8708831727295574,10.36228947941587,missing
red3:lane1:snr4.0:seed4:frame2,4.0,2,profiled_cz,1042,false,false,false,missing,false,true,gradient_only,4,1,16,1594,1543,3.810611469538453,15.097781958937857,missing
red3:lane1:snr4.0:seed4:frame3,4.0,3,profiled_cz,1147,false,false,false,missing,false,true,gradient_only,5,1,16,1634,1546,3.26525871037699,28.663091948050074,missing
red3:lane1:snr4.0:seed4:frame4,4.0,4,profiled_cz,1163,false,false,false,missing,false,true,gradient_only,1,1,16,1551,1511,1.5174059281413883,78.99653260139694,missing
red3:lane1:snr4.0:seed4:frame5,4.0,5,profiled_cz,1070,false,false,false,missing,false,true,gradient_only,5,1,16,1552,1488,13.08165061995761,35.264615903123214,missing
red3:lane1:snr4.0:seed4:frame6,4.0,6,profiled_cz,1085,false,false,false,missing,false,true,gradient_only,5,1,16,1593,1515,1.3280450604864786,13.809320688356305,missing
red3:lane1:snr4.0:seed4:frame7,4.0,7,profiled_cz,1085,false,false,false,missing,false,true,gradient_only,7,1,16,1582,1553,1.8121296049462796,13.363866544763587,missing
red3:lane1:snr4.0:seed4:frame8,4.0,8,profiled_cz,1093,false,false,false,missing,false,true,gradient_only,1,1,16,1564,1545,2.53053459328297,28.142612365460543,missing
red3:lane1:snr4.0:seed4:frame9,4.0,9,profiled_cz,1183,false,false,false,missing,false,true,gradient_only,4,1,16,1609,1539,4.576088214572016,20.332021333036682,missing
red3:lane1:snr4.0:seed4:frame10,4.0,10,profiled_cz,1295,false,false,false,missing,false,true,gradient_only,7,1,16,1596,1541,1.7756260892203137,61.403633863066695,missing
red3:lane1:snr4.0:seed4:frame11,4.0,11,profiled_cz,1192,false,false,false,missing,false,true,gradient_only,4,1,16,1550,1508,2.5447877486202586,102.11384635521597,missing
red3:lane1:snr4.0:seed4:frame12,4.0,12,profiled_cz,1013,false,false,false,missing,false,true,gradient_only,3,1,16,1551,1533,4.810620692887686,271.98915036484215,missing
red3:lane1:snr4.0:seed4:frame13,4.0,13,profiled_cz,1199,false,false,false,missing,false,true,gradient_only,2,1,16,1636,1550,1.7015997320725864,44.2785492836733,missing
red3:lane1:snr4.0:seed4:frame14,4.0,14,profiled_cz,1222,false,false,false,missing,false,true,gradient_only,1,1,16,1581,1525,1.3244594955039644,115.87983607189126,missing
red3:lane1:snr4.0:seed4:frame15,4.0,15,profiled_cz,1154,false,false,false,missing,false,true,gradient_only,4,1,16,1613,1529,1.813821402770958,14.085355241225006,missing
red3:lane1:snr4.0:seed4:frame16,4.0,16,profiled_cz,1086,false,false,false,missing,false,true,gradient_only,0,1,16,1525,1525,2.8994468035770224,2.8994468035770224,missing
red3:lane1:snr4.0:seed4:frame17,4.0,17,profiled_cz,1076,false,false,false,missing,false,true,gradient_only,7,1,16,1557,1522,3.388543811496065,21.78867589059228,missing
red3:lane1:snr4.0:seed4:frame18,4.0,18,profiled_cz,1025,false,false,false,missing,false,true,gradient_only,2,1,16,1575,1484,0.8736659895539651,282.44388637963095,missing
red3:lane1:snr4.0:seed4:frame19,4.0,19,profiled_cz,1254,false,false,false,missing,false,true,gradient_only,1,1,16,1603,1482,2.835856872440685,37.22062084046175,missing
red3:lane1:snr4.0:seed4:frame20,4.0,20,profiled_cz,1171,false,false,false,missing,false,true,gradient_only,4,1,16,1571,1534,8.846841805301775,21.99149454301362,missing
red3:lane1:snr4.0:seed4:frame21,4.0,21,profiled_cz,1092,false,false,false,missing,false,true,gradient_only,4,1,16,1566,1512,1.7587576131370244,14.35263574173504,missing
red3:lane1:snr4.0:seed4:frame22,4.0,22,profiled_cz,1325,false,false,false,missing,false,true,gradient_only,3,1,16,1602,1568,1.5196052538828746,49.609998272642194,missing
red3:lane1:snr4.0:seed4:frame23,4.0,23,profiled_cz,1098,false,false,false,missing,false,true,gradient_only,3,1,16,1592,1505,2.160618227036747,10.085816369312592,missing
red3:lane1:snr4.0:seed4:frame24,4.0,24,profiled_cz,1133,false,false,false,missing,false,true,gradient_only,5,1,16,1592,1533,1.4933851216470049,27.611897093771987,missing
red3:lane1:snr4.0:seed4:frame25,4.0,25,profiled_cz,970,false,false,false,missing,false,true,gradient_only,3,1,16,1594,1532,1.8962252474339092,9.521703605507415,missing
red3:lane1:snr4.0:seed4:frame26,4.0,26,profiled_cz,1106,false,false,false,missing,false,true,gradient_only,4,1,16,1565,1499,2.2899242915735,27.852544824613386,missing
red3:lane1:snr4.0:seed4:frame27,4.0,27,profiled_cz,1205,false,false,false,missing,false,true,gradient_only,3,1,16,1553,1519,2.753151719923215,25.17230899716231,missing
red3:lane1:snr4.0:seed4:frame28,4.0,28,profiled_cz,1142,false,false,false,missing,false,true,gradient_only,4,1,16,1576,1524,1.4646398153901798,12.959106231015872,missing
red3:lane1:snr4.0:seed4:frame29,4.0,29,profiled_cz,1209,false,false,false,missing,false,true,gradient_only,4,1,16,1576,1524,2.764132549029137,51.79685578791618,missing
red3:lane1:snr4.0:seed4:frame30,4.0,30,profiled_cz,1204,false,false,false,missing,false,true,gradient_only,6,1,16,1599,1533,0.965217025723524,37.956727785324624,missing
red3:lane1:snr4.0:seed4:frame31,4.0,31,profiled_cz,1136,false,false,false,missing,false,true,gradient_only,2,1,16,1523,1504,5.495474099301327,35.544354475562606,missing
red3:lane1:snr4.0:seed4:frame32,4.0,32,profiled_cz,1293,false,false,false,missing,false,true,gradient_only,5,1,16,1558,1524,1.5477032037101932,26.425728938285992,missing
red3:lane1:snr4.0:seed4:frame33,4.0,33,profiled_cz,1036,false,false,false,missing,false,true,gradient_only,7,1,16,1596,1508,26.093001726716945,59.205749239502595,missing
red3:lane1:snr4.0:seed4:frame34,4.0,34,profiled_cz,946,false,false,false,missing,false,true,gradient_only,5,1,16,1589,1519,3.096355571391612,12.963755767745578,missing
red3:lane1:snr4.0:seed4:frame35,4.0,35,profiled_cz,1226,false,false,false,missing,false,true,gradient_only,6,1,16,1626,1531,2.367313489121821,55.01252347775402,missing
red3:lane1:snr4.0:seed4:frame36,4.0,36,profiled_cz,1129,false,false,false,missing,false,true,gradient_only,5,1,16,1598,1545,0.9379626129050913,16.26995451034634,missing
red3:lane1:snr4.0:seed4:frame37,4.0,37,profiled_cz,901,false,false,false,missing,false,true,gradient_only,0,1,16,1568,1568,1.220942801607083,1.220942801607083,missing
red3:lane1:snr4.0:seed4:frame38,4.0,38,profiled_cz,1173,false,false,false,missing,false,true,gradient_only,4,1,16,1593,1524,1.3025261034729365,113.05163458374697,missing
red3:lane1:snr4.0:seed4:frame39,4.0,39,profiled_cz,1124,false,false,false,missing,false,true,gradient_only,7,1,16,1580,1532,2.0602392890431442,26.024884936715345,missing
red3:lane1:snr4.0:seed4:frame40,4.0,40,profiled_cz,1210,false,false,false,missing,false,true,gradient_only,3,1,16,1600,1508,2.0468957696622896,31.504211570832858,missing
red3:lane1:snr4.0:seed4:frame41,4.0,41,profiled_cz,1230,false,false,false,missing,false,true,gradient_only,7,1,16,1596,1528,2.343894643332084,21.090384112432027,missing
red3:lane1:snr4.0:seed4:frame42,4.0,42,profiled_cz,1016,false,false,false,missing,false,true,gradient_only,3,1,16,1645,1572,2.9801692964331306,32.225945469880706,missing
red3:lane1:snr4.0:seed4:frame43,4.0,43,profiled_cz,1277,false,false,false,missing,false,true,gradient_only,0,1,16,1514,1514,1.7167500305771395,1.7167500305771395,missing
red3:lane1:snr4.0:seed4:frame44,4.0,44,profiled_cz,987,false,false,false,missing,false,true,gradient_only,6,1,16,1560,1531,1.9044036691987967,29.764901367062464,missing
red3:lane1:snr4.0:seed4:frame45,4.0,45,profiled_cz,1030,false,false,false,missing,false,true,gradient_only,7,1,16,1589,1515,1.987120411129802,12.199881806207792,missing
red3:lane1:snr4.0:seed4:frame46,4.0,46,profiled_cz,1182,false,false,false,missing,false,true,gradient_only,2,1,16,1604,1556,1.3780434240320578,150.57606898952832,missing
red3:lane1:snr4.0:seed4:frame47,4.0,47,profiled_cz,1280,false,false,false,missing,false,true,gradient_only,5,1,16,1562,1464,2.377778263588319,45.12021497218156,missing
red3:lane1:snr4.0:seed4:frame48,4.0,48,profiled_cz,1170,false,false,false,missing,false,true,gradient_only,4,1,16,1594,1489,2.382432387373565,23.129166307807314,missing
red3:lane1:snr4.0:seed4:frame49,4.0,49,profiled_cz,1172,false,false,false,missing,false,true,gradient_only,6,1,16,1579,1476,1.4536975413520064,18.50024150306188,missing
red3:lane1:snr4.0:seed4:frame50,4.0,50,profiled_cz,1158,false,false,false,missing,false,true,gradient_only,1,1,16,1553,1511,1.1763063697491736,26.626069185035586,missing
red3:lane1:snr4.0:seed4:frame51,4.0,51,profiled_cz,1200,false,false,false,missing,false,true,gradient_only,3,1,16,1619,1523,1.4311196898615515,15.596251746968177,missing
red3:lane1:snr4.0:seed4:frame52,4.0,52,profiled_cz,982,false,false,false,missing,false,true,gradient_only,0,1,16,1520,1520,1.6111046055642435,1.6111046055642435,missing
red3:lane1:snr4.0:seed4:frame53,4.0,53,profiled_cz,1161,false,false,false,missing,false,true,gradient_only,8,1,16,1621,1547,1.8588267196734514,23.6644845834842,missing
red3:lane1:snr4.0:seed4:frame54,4.0,54,profiled_cz,1215,false,false,false,missing,false,true,gradient_only,4,1,16,1573,1509,1.3694028084088379,34.883862896232436,missing
red3:lane1:snr4.0:seed4:frame55,4.0,55,profiled_cz,1116,false,false,false,missing,false,true,gradient_only,0,1,16,1541,1541,5.997755481757311,5.997755481757311,missing
red3:lane1:snr4.0:seed4:frame56,4.0,56,profiled_cz,1053,false,false,false,missing,false,true,gradient_only,5,1,16,1516,1491,1.8416429446704439,11.485411509123043,missing
red3:lane1:snr4.0:seed4:frame57,4.0,57,profiled_cz,1080,false,false,false,missing,false,true,gradient_only,2,1,16,1607,1542,1.1949640970600939,124.75076801141982,missing
red3:lane1:snr4.0:seed4:frame58,4.0,58,profiled_cz,1084,false,false,false,missing,false,true,gradient_only,8,1,16,1556,1491,13.262294021376274,22.361342125454296,missing
red3:lane1:snr4.0:seed4:frame59,4.0,59,profiled_cz,1035,false,false,false,missing,false,true,gradient_only,1,1,16,1562,1526,1.7140898750758078,47.21745123062889,missing
red3:lane1:snr4.0:seed4:frame60,4.0,60,profiled_cz,1139,false,false,false,missing,false,true,gradient_only,2,1,16,1566,1529,2.5595669775730365,38.12275742976446,missing
red3:lane1:snr6.0:seed4:frame1,6.0,1,cwz_joint,1018,false,false,false,missing,false,true,gradient_only,8,1,16,1586,1332,1.3644534027470898,53.40349048762559,missing
red3:lane1:snr6.0:seed4:frame2,6.0,2,cwz_joint,1044,false,false,false,missing,false,true,gradient_only,8,1,16,1534,1419,0.9937505876376406,112.9397418659871,missing
red3:lane1:snr6.0:seed4:frame3,6.0,3,cwz_joint,1092,false,false,false,missing,false,true,gradient_only,8,1,16,1552,1239,2.387176435130508,99.1850067221483,missing
red3:lane1:snr6.0:seed4:frame4,6.0,4,cwz_joint,1161,false,false,false,missing,false,true,gradient_only,7,1,16,1617,1365,8.83923226539673,161.141994433862,missing
red3:lane1:snr6.0:seed4:frame5,6.0,5,cwz_joint,929,false,false,false,missing,false,true,gradient_only,8,1,16,1578,1272,1.9020290907414745,140.59728052406336,missing
red3:lane1:snr6.0:seed4:frame6,6.0,6,cwz_joint,1086,false,false,false,missing,false,true,gradient_only,8,1,16,1526,1317,1.3825203819088687,66.45147036374031,missing
red3:lane1:snr6.0:seed4:frame7,6.0,7,cwz_joint,1033,false,false,false,missing,false,true,gradient_only,8,1,16,1555,1376,2.0528300505053196,113.9929773110989,missing
red3:lane1:snr6.0:seed4:frame8,6.0,8,cwz_joint,1023,false,false,false,missing,false,true,gradient_only,8,1,16,1535,1356,3.7907135415488864,216.36165666478215,missing
red3:lane1:snr6.0:seed4:frame9,6.0,9,cwz_joint,1123,false,false,false,missing,false,true,gradient_only,5,1,16,1573,1400,10.514624264155152,65.35199527992802,missing
red3:lane1:snr6.0:seed4:frame10,6.0,10,cwz_joint,1244,false,false,false,missing,false,true,gradient_only,8,1,16,1559,1356,3.64728856147377,128.22241182262462,missing
red3:lane1:snr6.0:seed4:frame11,6.0,11,cwz_joint,1191,false,false,false,missing,false,true,gradient_only,8,1,16,1546,1298,1.0355850607711832,124.1758832735673,missing
red3:lane1:snr6.0:seed4:frame12,6.0,12,cwz_joint,967,false,false,false,missing,false,true,gradient_only,7,1,16,1559,1431,1.6145806909472833,472.9969888783493,missing
red3:lane1:snr6.0:seed4:frame13,6.0,13,cwz_joint,1175,false,false,false,missing,false,true,gradient_only,8,1,16,1588,1414,6.672863421863279,199.89608933092612,missing
red3:lane1:snr6.0:seed4:frame14,6.0,14,cwz_joint,1222,false,false,false,missing,false,true,gradient_only,8,1,16,1518,1293,3.0702508426841417,625.4290573143987,missing
red3:lane1:snr6.0:seed4:frame15,6.0,15,cwz_joint,1111,false,false,false,missing,false,true,gradient_only,8,1,16,1598,1330,1.5164335399219944,49.4862789833375,missing
red3:lane1:snr6.0:seed4:frame16,6.0,16,cwz_joint,1141,false,false,false,missing,false,true,gradient_only,8,1,16,1555,1396,1.3550538093383777,173.73795629915531,missing
red3:lane1:snr6.0:seed4:frame17,6.0,17,cwz_joint,1033,false,false,false,missing,false,true,gradient_only,7,1,16,1590,1324,1.3716555304558788,409.63215834702777,missing
red3:lane1:snr6.0:seed4:frame18,6.0,18,cwz_joint,1019,false,false,false,missing,false,true,gradient_only,8,1,16,1592,1280,1.3509644499032851,314.9028019889401,missing
red3:lane1:snr6.0:seed4:frame19,6.0,19,cwz_joint,1189,false,false,false,missing,false,true,gradient_only,8,1,16,1611,1277,3.368089845229287,41.6982723917625,missing
red3:lane1:snr6.0:seed4:frame20,6.0,20,cwz_joint,1170,false,false,false,missing,false,true,gradient_only,8,1,16,1559,1258,1.4859032920580613,56.82207645708645,missing
red3:lane1:snr6.0:seed4:frame21,6.0,21,cwz_joint,1068,false,false,false,missing,false,true,gradient_only,7,1,16,1571,1241,1.2618831845091771,89.01464302716097,missing
red3:lane1:snr6.0:seed4:frame22,6.0,22,cwz_joint,1307,false,false,false,missing,false,true,gradient_only,8,1,16,1641,1290,1.259361984201262,140.58565415573224,missing
red3:lane1:snr6.0:seed4:frame23,6.0,23,cwz_joint,1086,false,false,false,missing,false,true,gradient_only,7,1,16,1606,1403,1.1513144919400489,62.25509150804619,missing
red3:lane1:snr6.0:seed4:frame24,6.0,24,cwz_joint,1157,false,false,false,missing,false,true,gradient_only,8,1,16,1560,1412,3.9302135874835322,85.50139044707872,missing
red3:lane1:snr6.0:seed4:frame25,6.0,25,cwz_joint,970,false,false,false,missing,false,true,gradient_only,8,1,16,1572,1317,1.756820946894448,38.637826505054036,missing
red3:lane1:snr6.0:seed4:frame26,6.0,26,cwz_joint,1043,false,false,false,missing,false,true,gradient_only,8,1,16,1537,1332,1.7758187739559583,92.65155359470366,missing
red3:lane1:snr6.0:seed4:frame27,6.0,27,cwz_joint,1173,false,false,false,missing,false,true,gradient_only,6,1,16,1594,1359,2.1078789325232092,126.42037201222286,missing
red3:lane1:snr6.0:seed4:frame28,6.0,28,cwz_joint,1181,false,false,false,missing,false,true,gradient_only,8,1,16,1509,1448,3.008536113014547,50.66813780691167,missing
red3:lane1:snr6.0:seed4:frame29,6.0,29,cwz_joint,1165,false,false,false,missing,false,true,gradient_only,8,1,16,1567,1342,1.1399863231631724,364.25601177095706,missing
red3:lane1:snr6.0:seed4:frame30,6.0,30,cwz_joint,1158,false,false,false,missing,false,true,gradient_only,7,1,16,1528,1295,1.24250059485892,64.49768927612175,missing
red3:lane1:snr6.0:seed4:frame31,6.0,31,cwz_joint,1158,false,false,false,missing,false,true,gradient_only,8,1,16,1567,1402,1.5880675236344903,63.47193782546277,missing
red3:lane1:snr6.0:seed4:frame32,6.0,32,cwz_joint,1288,false,false,false,missing,false,true,gradient_only,6,1,16,1559,1462,1.4676903148969414,96.18151472779188,missing
red3:lane1:snr6.0:seed4:frame33,6.0,33,cwz_joint,1073,false,false,false,missing,false,true,gradient_only,8,1,16,1573,1296,8.467062328764968,272.4158857646457,missing
red3:lane1:snr6.0:seed4:frame34,6.0,34,cwz_joint,985,false,false,false,missing,false,true,gradient_only,8,1,16,1554,1295,5.645325261309657,65.11256941350688,missing
red3:lane1:snr6.0:seed4:frame35,6.0,35,cwz_joint,1169,false,false,false,missing,false,true,gradient_only,8,1,16,1590,1346,20.08528539214949,80.46475569950411,missing
red3:lane1:snr6.0:seed4:frame36,6.0,36,cwz_joint,1119,false,false,false,missing,false,true,gradient_only,7,1,16,1619,1371,3.3315658151814036,85.25573961083279,missing
red3:lane1:snr6.0:seed4:frame37,6.0,37,cwz_joint,1025,false,false,false,missing,false,true,gradient_only,5,1,16,1562,1377,1.7914432903454613,96.68856508762995,missing
red3:lane1:snr6.0:seed4:frame38,6.0,38,cwz_joint,1129,false,false,false,missing,false,true,gradient_only,8,1,16,1574,1383,1.9098518742432489,291.2996624852631,missing
red3:lane1:snr6.0:seed4:frame39,6.0,39,cwz_joint,1116,false,false,false,missing,false,true,gradient_only,8,1,16,1553,1276,1.4471870889674205,188.14093743418326,missing
red3:lane1:snr6.0:seed4:frame40,6.0,40,cwz_joint,1183,false,false,false,missing,false,true,gradient_only,8,1,16,1594,1331,2.135436553518391,197.77742855741408,missing
red3:lane1:snr6.0:seed4:frame41,6.0,41,cwz_joint,1169,false,false,false,missing,false,true,gradient_only,5,1,16,1562,1323,4.494198689484692,206.4816418394565,missing
red3:lane1:snr6.0:seed4:frame42,6.0,42,cwz_joint,988,false,false,false,missing,false,true,gradient_only,8,1,16,1536,1227,3.4407852284066065,170.46034958358626,missing
red3:lane1:snr6.0:seed4:frame43,6.0,43,cwz_joint,1298,false,false,false,missing,false,true,gradient_only,8,1,16,1593,1358,0.7993976771519983,397.4023976473261,missing
red3:lane1:snr6.0:seed4:frame44,6.0,44,cwz_joint,988,false,false,false,missing,false,true,gradient_only,8,1,16,1504,1388,1.2202561898119328,69.2690774254334,missing
red3:lane1:snr6.0:seed4:frame45,6.0,45,cwz_joint,1012,false,false,false,missing,false,true,gradient_only,8,1,16,1566,1313,1.3272078476487985,142.53489590268546,missing
red3:lane1:snr6.0:seed4:frame46,6.0,46,cwz_joint,1222,false,false,false,missing,false,true,gradient_only,7,1,16,1605,1383,2.2801157419718945,368.1128591757721,missing
red3:lane1:snr6.0:seed4:frame47,6.0,47,cwz_joint,1212,false,false,false,missing,false,true,gradient_only,8,1,16,1547,1261,1.8777325723616993,394.63601706144914,missing
red3:lane1:snr6.0:seed4:frame48,6.0,48,cwz_joint,1183,false,false,false,missing,false,true,gradient_only,8,1,16,1567,1331,11.182597611866404,98.8050975021832,missing
red3:lane1:snr6.0:seed4:frame49,6.0,49,cwz_joint,1165,false,false,false,missing,false,true,gradient_only,8,1,16,1528,1413,1.7277011761318424,63.80490185599777,missing
red3:lane1:snr6.0:seed4:frame50,6.0,50,cwz_joint,1152,false,false,false,missing,false,true,gradient_only,8,1,16,1613,1393,1.0166907165388261,79.18478064808154,missing
red3:lane1:snr6.0:seed4:frame51,6.0,51,cwz_joint,1169,false,false,false,missing,false,true,gradient_only,8,1,16,1565,1320,2.1740537026936995,92.22703654229733,missing
red3:lane1:snr6.0:seed4:frame52,6.0,52,cwz_joint,1069,false,false,false,missing,false,true,gradient_only,8,1,16,1565,1267,1.6632972713236542,52.37306040777439,missing
red3:lane1:snr6.0:seed4:frame53,6.0,53,cwz_joint,1113,false,false,false,missing,false,true,gradient_only,8,1,16,1617,1436,1.3859125958429028,98.83410756735272,missing
red3:lane1:snr6.0:seed4:frame54,6.0,54,cwz_joint,1165,false,false,false,missing,false,true,gradient_only,7,1,16,1556,1397,1.1061636997848463,126.40666857836428,missing
red3:lane1:snr6.0:seed4:frame55,6.0,55,cwz_joint,1156,false,false,false,missing,false,true,gradient_only,8,1,16,1551,1295,2.385040611295957,61.17410471301367,missing
red3:lane1:snr6.0:seed4:frame56,6.0,56,cwz_joint,1026,false,false,false,missing,false,true,gradient_only,8,1,16,1579,1331,1.54061838126595,61.16352423064253,missing
red3:lane1:snr6.0:seed4:frame57,6.0,57,cwz_joint,1135,false,false,false,missing,false,true,gradient_only,8,1,16,1580,1354,1.0085804211093932,66.791480259515,missing
red3:lane1:snr6.0:seed4:frame58,6.0,58,cwz_joint,1065,false,false,false,missing,false,true,gradient_only,7,1,16,1613,1255,2.4411963007529565,172.27508815994022,missing
red3:lane1:snr6.0:seed4:frame59,6.0,59,cwz_joint,1079,false,false,false,missing,false,true,gradient_only,7,1,16,1622,1318,1.771902963280281,120.36792474970562,missing
red3:lane1:snr6.0:seed4:frame60,6.0,60,cwz_joint,1120,false,false,false,missing,false,true,gradient_only,8,1,16,1570,1216,1.855062099721699,105.08465763111747,missing
red3:lane1:snr6.0:seed4:frame1,6.0,1,profiled_cz,939,false,false,false,missing,false,true,gradient_only,2,1,16,1586,1504,1.3644534027470898,13.485982336449425,missing
red3:lane1:snr6.0:seed4:frame2,6.0,2,profiled_cz,971,false,false,false,missing,false,true,gradient_only,1,1,16,1534,1476,0.9937505876376406,10.564225019361688,missing
red3:lane1:snr6.0:seed4:frame3,6.0,3,profiled_cz,1056,false,false,false,missing,false,true,gradient_only,2,1,16,1552,1534,2.387176435130508,19.306328015612202,missing
red3:lane1:snr6.0:seed4:frame4,6.0,4,profiled_cz,1116,false,false,false,missing,false,true,gradient_only,4,1,16,1617,1568,8.83923226539673,23.452040836153344,missing
red3:lane1:snr6.0:seed4:frame5,6.0,5,profiled_cz,884,false,false,false,missing,false,true,gradient_only,2,1,16,1578,1471,1.9020290907414745,19.177908693426744,missing
red3:lane1:snr6.0:seed4:frame6,6.0,6,profiled_cz,965,false,false,false,missing,false,true,gradient_only,6,1,16,1526,1461,1.3825203819088687,46.17792852058475,missing
red3:lane1:snr6.0:seed4:frame7,6.0,7,profiled_cz,878,false,false,false,missing,false,true,gradient_only,0,1,16,1555,1555,2.0528300505053196,2.0528300505053196,missing
red3:lane1:snr6.0:seed4:frame8,6.0,8,profiled_cz,837,false,false,false,missing,false,true,gradient_only,0,1,16,1535,1535,3.7907135415488864,3.7907135415488864,missing
red3:lane1:snr6.0:seed4:frame9,6.0,9,profiled_cz,1100,false,false,false,missing,false,true,gradient_only,8,1,16,1573,1516,10.514624264155152,7.616250378856032,missing
red3:lane1:snr6.0:seed4:frame10,6.0,10,profiled_cz,1208,false,false,false,missing,false,true,gradient_only,8,1,16,1559,1526,3.64728856147377,143.4711922168242,missing
red3:lane1:snr6.0:seed4:frame11,6.0,11,profiled_cz,1119,false,false,false,missing,false,true,gradient_only,4,1,16,1546,1542,1.0355850607711832,30.890532588742662,missing
red3:lane1:snr6.0:seed4:frame12,6.0,12,profiled_cz,822,false,false,false,missing,false,true,gradient_only,0,1,16,1559,1559,1.6145806909472833,1.6145806909472833,missing
red3:lane1:snr6.0:seed4:frame13,6.0,13,profiled_cz,1100,false,false,false,missing,false,true,gradient_only,2,1,16,1588,1527,6.672863421863279,193.49086174615576,missing
red3:lane1:snr6.0:seed4:frame14,6.0,14,profiled_cz,1129,false,false,false,missing,false,true,gradient_only,0,1,16,1518,1518,3.0702508426841417,3.0702508426841417,missing
red3:lane1:snr6.0:seed4:frame15,6.0,15,profiled_cz,1025,false,false,false,missing,false,true,gradient_only,8,1,16,1598,1525,1.5164335399219944,8.882824997671861,missing
red3:lane1:snr6.0:seed4:frame16,6.0,16,profiled_cz,984,false,false,false,missing,false,true,gradient_only,0,1,16,1555,1555,1.3550538093383777,1.3550538093383777,missing
red3:lane1:snr6.0:seed4:frame17,6.0,17,profiled_cz,930,false,false,false,missing,false,true,gradient_only,3,1,16,1590,1530,1.3716555304558788,38.28841316628493,missing
red3:lane1:snr6.0:seed4:frame18,6.0,18,profiled_cz,911,false,false,false,missing,false,true,gradient_only,5,1,16,1592,1544,1.3509644499032851,110.1654355659942,missing
red3:lane1:snr6.0:seed4:frame19,6.0,19,profiled_cz,1126,false,false,false,missing,false,true,gradient_only,5,1,16,1611,1550,3.368089845229287,8.949241465572783,missing
red3:lane1:snr6.0:seed4:frame20,6.0,20,profiled_cz,1092,false,false,false,missing,false,true,gradient_only,4,1,16,1559,1522,1.4859032920580613,30.141392751153845,missing
red3:lane1:snr6.0:seed4:frame21,6.0,21,profiled_cz,1028,false,false,false,missing,false,true,gradient_only,1,1,16,1571,1513,1.2618831845091771,10.296933203440581,missing
red3:lane1:snr6.0:seed4:frame22,6.0,22,profiled_cz,1270,false,false,false,missing,false,true,gradient_only,8,1,16,1641,1518,1.259361984201262,46.184205671926584,missing
red3:lane1:snr6.0:seed4:frame23,6.0,23,profiled_cz,1005,false,false,false,missing,false,true,gradient_only,3,1,16,1606,1520,1.1513144919400489,8.344240338880656,missing
red3:lane1:snr6.0:seed4:frame24,6.0,24,profiled_cz,977,false,false,false,missing,false,true,gradient_only,0,1,16,1560,1560,3.9302135874835322,3.9302135874835322,missing
red3:lane1:snr6.0:seed4:frame25,6.0,25,profiled_cz,874,false,false,false,missing,false,true,gradient_only,8,1,16,1572,1523,1.756820946894448,6.260802644214992,missing
red3:lane1:snr6.0:seed4:frame26,6.0,26,profiled_cz,1005,false,false,false,missing,false,true,gradient_only,8,1,16,1537,1504,1.7758187739559583,11.801094981676052,missing
red3:lane1:snr6.0:seed4:frame27,6.0,27,profiled_cz,1092,false,false,false,missing,false,true,gradient_only,2,1,16,1594,1540,2.1078789325232092,50.54862952961429,missing
red3:lane1:snr6.0:seed4:frame28,6.0,28,profiled_cz,1141,false,false,false,missing,false,true,gradient_only,3,1,16,1509,1508,3.008536113014547,12.194044150455515,missing
red3:lane1:snr6.0:seed4:frame29,6.0,29,profiled_cz,1115,false,false,false,missing,false,true,gradient_only,1,1,16,1567,1514,1.1399863231631724,39.03621024205511,missing
red3:lane1:snr6.0:seed4:frame30,6.0,30,profiled_cz,1083,false,false,false,missing,false,true,gradient_only,6,1,16,1528,1448,1.24250059485892,76.17990205796944,missing
red3:lane1:snr6.0:seed4:frame31,6.0,31,profiled_cz,1059,false,false,false,missing,false,true,gradient_only,3,1,16,1567,1541,1.5880675236344903,13.70616276242953,missing
red3:lane1:snr6.0:seed4:frame32,6.0,32,profiled_cz,1192,false,false,false,missing,false,true,gradient_only,4,1,16,1559,1503,1.4676903148969414,17.642711397780968,missing
red3:lane1:snr6.0:seed4:frame33,6.0,33,profiled_cz,959,false,false,false,missing,false,true,gradient_only,2,1,16,1573,1559,8.467062328764968,30.515737969719574,missing
red3:lane1:snr6.0:seed4:frame34,6.0,34,profiled_cz,877,false,false,false,missing,false,true,gradient_only,1,1,16,1554,1539,5.645325261309657,6.346378760696906,missing
red3:lane1:snr6.0:seed4:frame35,6.0,35,profiled_cz,1110,false,false,false,missing,false,true,gradient_only,1,1,16,1590,1560,20.08528539214949,150.57377773476335,missing
red3:lane1:snr6.0:seed4:frame36,6.0,36,profiled_cz,1055,false,false,false,missing,false,true,gradient_only,6,1,16,1619,1565,3.3315658151814036,11.87758654333621,missing
red3:lane1:snr6.0:seed4:frame37,6.0,37,profiled_cz,958,false,false,false,missing,false,true,gradient_only,2,1,16,1562,1506,1.7914432903454613,40.648954185801344,missing
red3:lane1:snr6.0:seed4:frame38,6.0,38,profiled_cz,1062,false,false,false,missing,false,true,gradient_only,4,1,16,1574,1541,1.9098518742432489,34.29986157186762,missing
red3:lane1:snr6.0:seed4:frame39,6.0,39,profiled_cz,1066,false,false,false,missing,false,true,gradient_only,4,1,16,1553,1512,1.4471870889674205,17.696599314023686,missing
red3:lane1:snr6.0:seed4:frame40,6.0,40,profiled_cz,1140,false,false,false,missing,false,true,gradient_only,4,1,16,1594,1511,2.135436553518391,31.304879072875192,missing
red3:lane1:snr6.0:seed4:frame41,6.0,41,profiled_cz,1138,false,false,false,missing,false,true,gradient_only,1,1,16,1562,1538,4.494198689484692,21.58390321968383,missing
red3:lane1:snr6.0:seed4:frame42,6.0,42,profiled_cz,918,false,false,false,missing,false,true,gradient_only,3,1,16,1536,1517,3.4407852284066065,18.55600822050061,missing
red3:lane1:snr6.0:seed4:frame43,6.0,43,profiled_cz,1296,false,false,false,missing,false,true,gradient_only,3,1,16,1593,1529,0.7993976771519983,306.70320114214564,missing
red3:lane1:snr6.0:seed4:frame44,6.0,44,profiled_cz,803,false,false,false,missing,false,true,gradient_only,0,1,16,1504,1504,1.2202561898119328,1.2202561898119328,missing
red3:lane1:snr6.0:seed4:frame45,6.0,45,profiled_cz,960,false,false,false,missing,false,true,gradient_only,7,1,16,1566,1548,1.3272078476487985,11.128222630488077,missing
red3:lane1:snr6.0:seed4:frame46,6.0,46,profiled_cz,1143,false,false,false,missing,false,true,gradient_only,3,1,16,1605,1582,2.2801157419718945,70.63110382251448,missing
red3:lane1:snr6.0:seed4:frame47,6.0,47,profiled_cz,1166,false,false,false,missing,false,true,gradient_only,7,1,16,1547,1523,1.8777325723616993,24.659971657985675,missing
red3:lane1:snr6.0:seed4:frame48,6.0,48,profiled_cz,1095,false,false,false,missing,false,true,gradient_only,3,1,16,1567,1527,11.182597611866404,27.246677563511266,missing
red3:lane1:snr6.0:seed4:frame49,6.0,49,profiled_cz,1024,false,false,false,missing,false,true,gradient_only,0,1,16,1528,1528,1.7277011761318424,1.7277011761318424,missing
red3:lane1:snr6.0:seed4:frame50,6.0,50,profiled_cz,1029,false,false,false,missing,false,true,gradient_only,2,1,16,1613,1526,1.0166907165388261,25.595787831110133,missing
red3:lane1:snr6.0:seed4:frame51,6.0,51,profiled_cz,1133,false,false,false,missing,false,true,gradient_only,1,1,16,1565,1544,2.1740537026936995,18.68571738720811,missing
red3:lane1:snr6.0:seed4:frame52,6.0,52,profiled_cz,1008,false,false,false,missing,false,true,gradient_only,5,1,16,1565,1541,1.6632972713236542,44.589709800591166,missing
red3:lane1:snr6.0:seed4:frame53,6.0,53,profiled_cz,1044,false,false,false,missing,false,true,gradient_only,5,1,16,1617,1512,1.3859125958429028,21.52039911037569,missing
red3:lane1:snr6.0:seed4:frame54,6.0,54,profiled_cz,1062,false,false,false,missing,false,true,gradient_only,2,1,16,1556,1506,1.1061636997848463,146.60696165481446,missing
red3:lane1:snr6.0:seed4:frame55,6.0,55,profiled_cz,1113,false,false,false,missing,false,true,gradient_only,5,1,16,1551,1548,2.385040611295957,11.407503842199965,missing
red3:lane1:snr6.0:seed4:frame56,6.0,56,profiled_cz,1005,false,false,false,missing,false,true,gradient_only,2,1,16,1579,1539,1.54061838126595,7.35653292030866,missing
red3:lane1:snr6.0:seed4:frame57,6.0,57,profiled_cz,1032,false,false,false,missing,false,true,gradient_only,3,1,16,1580,1482,1.0085804211093932,58.56897281287038,missing
red3:lane1:snr6.0:seed4:frame58,6.0,58,profiled_cz,938,false,false,false,missing,false,true,gradient_only,6,1,16,1613,1547,2.4411963007529565,47.60305966808697,missing
red3:lane1:snr6.0:seed4:frame59,6.0,59,profiled_cz,978,false,false,false,missing,false,true,gradient_only,6,1,16,1622,1557,1.771902963280281,25.79597035598655,missing
red3:lane1:snr6.0:seed4:frame60,6.0,60,profiled_cz,1023,false,false,false,missing,false,true,gradient_only,8,1,16,1570,1542,1.855062099721699,14.281429999040945,missing
red3:lane1:snr8.0:seed4:frame1,8.0,1,cwz_joint,936,false,false,false,missing,false,true,gradient_only,8,1,16,1550,1330,1.1074132336498204,47.65045235553011,missing
red3:lane1:snr8.0:seed4:frame2,8.0,2,cwz_joint,954,false,false,false,missing,false,true,gradient_only,8,1,16,1568,1268,1.2401394460954713,66.12343635150748,missing
red3:lane1:snr8.0:seed4:frame3,8.0,3,cwz_joint,1041,false,false,false,missing,false,true,gradient_only,7,1,16,1543,1385,1.6538419218589202,80.01863045612097,missing
red3:lane1:snr8.0:seed4:frame4,8.0,4,cwz_joint,1099,false,false,false,missing,false,true,gradient_only,8,1,16,1591,1403,1.1103231098664101,136.3297108575764,missing
red3:lane1:snr8.0:seed4:frame5,8.0,5,cwz_joint,918,false,false,false,missing,false,true,gradient_only,8,1,16,1557,1332,3.3211237916149625,76.40681905314639,missing
red3:lane1:snr8.0:seed4:frame6,8.0,6,cwz_joint,1009,false,false,false,missing,false,true,gradient_only,7,1,16,1626,1421,1.1792614701805222,54.0319254244366,missing
red3:lane1:snr8.0:seed4:frame7,8.0,7,cwz_joint,940,false,false,false,missing,false,true,gradient_only,8,1,16,1540,1349,0.8630691105265671,76.49850542192556,missing
red3:lane1:snr8.0:seed4:frame8,8.0,8,cwz_joint,995,false,false,false,missing,false,true,gradient_only,8,1,16,1577,1352,1.2052304608364428,545.149279271453,missing
red3:lane1:snr8.0:seed4:frame9,8.0,9,cwz_joint,1076,false,false,false,missing,false,true,gradient_only,8,1,16,1588,1290,5.331891150692736,42.38808530003637,missing
red3:lane1:snr8.0:seed4:frame10,8.0,10,cwz_joint,1193,false,false,false,missing,false,true,gradient_only,8,1,16,1556,1288,1.6868278927399376,122.80897271657373,missing
red3:lane1:snr8.0:seed4:frame11,8.0,11,cwz_joint,1153,false,false,false,missing,false,true,gradient_only,8,1,16,1556,1331,1.7726322467608866,74.12501129924372,missing
red3:lane1:snr8.0:seed4:frame12,8.0,12,cwz_joint,901,false,false,false,missing,false,true,gradient_only,8,1,16,1522,1366,0.8307996092319407,531.5528063660847,missing
red3:lane1:snr8.0:seed4:frame13,8.0,13,cwz_joint,1090,false,false,false,missing,false,true,gradient_only,8,1,16,1549,1306,1.417721950933833,45.22980611324221,missing
red3:lane1:snr8.0:seed4:frame14,8.0,14,cwz_joint,1143,false,false,false,missing,false,true,gradient_only,8,1,16,1542,1245,0.9643569587628755,381.40038782101186,missing
red3:lane1:snr8.0:seed4:frame15,8.0,15,cwz_joint,1061,false,false,false,missing,false,true,gradient_only,8,1,16,1605,1349,1.1885446857525328,35.6341851704711,missing
red3:lane1:snr8.0:seed4:frame16,8.0,16,cwz_joint,1053,false,false,false,missing,false,true,gradient_only,7,1,16,1581,1409,1.6876086028541404,180.65021472583658,missing
red3:lane1:snr8.0:seed4:frame17,8.0,17,cwz_joint,932,false,false,false,missing,false,true,gradient_only,8,1,16,1583,1368,1.121421808259814,533.372071910143,missing
red3:lane1:snr8.0:seed4:frame18,8.0,18,cwz_joint,901,false,false,false,missing,false,true,gradient_only,8,1,16,1542,1309,1.9981210140403358,115.96586040034542,missing
red3:lane1:snr8.0:seed4:frame19,8.0,19,cwz_joint,1085,false,false,false,missing,false,true,gradient_only,8,1,16,1611,1349,1.1320804083551423,27.700250174666454,missing
red3:lane1:snr8.0:seed4:frame20,8.0,20,cwz_joint,1097,false,false,false,missing,false,true,gradient_only,8,1,16,1593,1362,1.3624793320289137,43.93007326152537,missing
red3:lane1:snr8.0:seed4:frame21,8.0,21,cwz_joint,1015,false,false,false,missing,false,true,gradient_only,8,1,16,1579,1425,17.960093329379927,71.41949119318875,missing
red3:lane1:snr8.0:seed4:frame22,8.0,22,cwz_joint,1256,false,false,false,missing,false,true,gradient_only,7,1,16,1623,1274,1.0200270749974418,109.59685096311684,missing
red3:lane1:snr8.0:seed4:frame23,8.0,23,cwz_joint,999,false,false,false,missing,false,true,gradient_only,8,1,16,1569,1305,1.5427714730967088,60.507675757082126,missing
red3:lane1:snr8.0:seed4:frame24,8.0,24,cwz_joint,1060,false,false,false,missing,false,true,gradient_only,8,1,16,1572,1384,1.5876931144648716,42.00461072366547,missing
red3:lane1:snr8.0:seed4:frame25,8.0,25,cwz_joint,916,false,false,false,missing,false,true,gradient_only,7,1,16,1541,1339,2.0128052313965314,33.619210833068095,missing
red3:lane1:snr8.0:seed4:frame26,8.0,26,cwz_joint,987,false,false,false,missing,false,true,gradient_only,6,1,16,1557,1277,7.529442588830798,83.00394436233815,missing
red3:lane1:snr8.0:seed4:frame27,8.0,27,cwz_joint,1124,false,false,false,missing,false,true,gradient_only,7,1,16,1622,1427,2.3191888340073104,86.97305882778399,missing
red3:lane1:snr8.0:seed4:frame28,8.0,28,cwz_joint,1064,false,false,false,missing,false,true,gradient_only,8,1,16,1549,1297,3.2814399630783293,39.438865158798315,missing
red3:lane1:snr8.0:seed4:frame29,8.0,29,cwz_joint,1092,false,false,false,missing,false,true,gradient_only,8,1,16,1506,1270,1.4619299406393604,313.08817273590387,missing
red3:lane1:snr8.0:seed4:frame30,8.0,30,cwz_joint,1110,false,false,false,missing,false,true,gradient_only,8,1,16,1616,1249,2.910598749111644,64.09213331372719,missing
red3:lane1:snr8.0:seed4:frame31,8.0,31,cwz_joint,1048,false,false,false,missing,false,true,gradient_only,8,1,16,1618,1355,1.354368104473569,45.09669691601303,missing
red3:lane1:snr8.0:seed4:frame32,8.0,32,cwz_joint,1175,false,false,false,missing,false,true,gradient_only,6,1,16,1591,1320,2.9436271707191106,64.38504864688882,missing
red3:lane1:snr8.0:seed4:frame33,8.0,33,cwz_joint,1000,false,false,false,missing,false,true,gradient_only,8,1,16,1541,1269,1.4654199499455363,189.62690360159658,missing
red3:lane1:snr8.0:seed4:frame34,8.0,34,cwz_joint,955,false,false,false,missing,false,true,gradient_only,6,1,16,1574,1428,26.587032471482868,64.064189307384,missing
red3:lane1:snr8.0:seed4:frame35,8.0,35,cwz_joint,1049,false,false,false,missing,false,true,gradient_only,6,1,16,1540,1423,1.42429945645706,73.970602017096,missing
red3:lane1:snr8.0:seed4:frame36,8.0,36,cwz_joint,1034,false,false,false,missing,false,true,gradient_only,8,1,16,1566,1318,1.3905503529975882,82.34521399549452,missing
red3:lane1:snr8.0:seed4:frame37,8.0,37,cwz_joint,947,false,false,false,missing,false,true,gradient_only,8,1,16,1557,1362,1.6300774496023853,44.615019130464354,missing
red3:lane1:snr8.0:seed4:frame38,8.0,38,cwz_joint,1060,false,false,false,missing,false,true,gradient_only,7,1,16,1611,1322,1.8277571447648626,145.4949105095663,missing
red3:lane1:snr8.0:seed4:frame39,8.0,39,cwz_joint,1039,false,false,false,missing,false,true,gradient_only,7,1,16,1546,1399,1.4472894488658468,196.64433455785627,missing
red3:lane1:snr8.0:seed4:frame40,8.0,40,cwz_joint,1063,false,false,false,missing,false,true,gradient_only,5,1,16,1550,1289,1.8620484815400413,145.5418198763897,missing
red3:lane1:snr8.0:seed4:frame41,8.0,41,cwz_joint,1138,false,false,false,missing,false,true,gradient_only,7,1,16,1592,1366,1.7954195448399974,276.80966675625376,missing
red3:lane1:snr8.0:seed4:frame42,8.0,42,cwz_joint,904,false,false,false,missing,false,true,gradient_only,7,1,16,1553,1388,3.4371951737524857,104.01549173001376,missing
red3:lane1:snr8.0:seed4:frame43,8.0,43,cwz_joint,1245,false,false,false,missing,false,true,gradient_only,8,1,16,1562,1388,6.83740354642443,392.4812965438432,missing
red3:lane1:snr8.0:seed4:frame44,8.0,44,cwz_joint,914,false,false,false,missing,false,true,gradient_only,8,1,16,1609,1314,0.9784137542817585,83.18224507514805,missing
red3:lane1:snr8.0:seed4:frame45,8.0,45,cwz_joint,998,false,false,false,missing,false,true,gradient_only,8,1,16,1593,1391,1.1844579352195364,83.17715565491409,missing
red3:lane1:snr8.0:seed4:frame46,8.0,46,cwz_joint,1164,false,false,false,missing,false,true,gradient_only,8,1,16,1607,1361,2.081354056993391,285.26309202347176,missing
red3:lane1:snr8.0:seed4:frame47,8.0,47,cwz_joint,1159,false,false,false,missing,false,true,gradient_only,8,1,16,1579,1409,1.6271433897030567,339.0316377876786,missing
red3:lane1:snr8.0:seed4:frame48,8.0,48,cwz_joint,1058,false,false,false,missing,false,true,gradient_only,8,1,16,1578,1313,1.7186392665936523,94.42237216246062,missing
red3:lane1:snr8.0:seed4:frame49,8.0,49,cwz_joint,1075,false,false,false,missing,false,true,gradient_only,8,1,16,1559,1295,1.6989542880315034,47.737218694320816,missing
red3:lane1:snr8.0:seed4:frame50,8.0,50,cwz_joint,1015,false,false,false,missing,false,true,gradient_only,8,1,16,1591,1212,1.0606266877330877,59.39310122813692,missing
red3:lane1:snr8.0:seed4:frame51,8.0,51,cwz_joint,1067,false,false,false,missing,false,true,gradient_only,7,1,16,1636,1294,1.9271404763680715,59.62047755813823,missing
red3:lane1:snr8.0:seed4:frame52,8.0,52,cwz_joint,1030,false,false,false,missing,false,true,gradient_only,8,1,16,1598,1429,0.9581371576178692,64.03084543032942,missing
red3:lane1:snr8.0:seed4:frame53,8.0,53,cwz_joint,1031,false,false,false,missing,false,true,gradient_only,8,1,16,1614,1394,1.2336057202035928,49.35484723865067,missing
red3:lane1:snr8.0:seed4:frame54,8.0,54,cwz_joint,1099,false,false,false,missing,false,true,gradient_only,8,1,16,1527,1324,1.5368458680505062,148.94929048813555,missing
red3:lane1:snr8.0:seed4:frame55,8.0,55,cwz_joint,1071,false,false,false,missing,false,true,gradient_only,7,1,16,1604,1327,6.407018495815337,43.46376681774194,missing
red3:lane1:snr8.0:seed4:frame56,8.0,56,cwz_joint,965,false,false,false,missing,false,true,gradient_only,8,1,16,1570,1284,1.5412190231988632,60.754953569857186,missing
red3:lane1:snr8.0:seed4:frame57,8.0,57,cwz_joint,1114,false,false,false,missing,false,true,gradient_only,8,1,16,1628,1456,0.8447836130629246,61.36987878544673,missing
red3:lane1:snr8.0:seed4:frame58,8.0,58,cwz_joint,990,false,false,false,missing,false,true,gradient_only,8,1,16,1570,1409,1.0790398817193136,83.5349218437861,missing
red3:lane1:snr8.0:seed4:frame59,8.0,59,cwz_joint,951,false,false,false,missing,false,true,gradient_only,8,1,16,1617,1301,1.4996700101788332,82.92123268394596,missing
red3:lane1:snr8.0:seed4:frame60,8.0,60,cwz_joint,1037,false,false,false,missing,false,true,gradient_only,8,1,16,1546,1319,1.3942524691888363,69.77618710117846,missing
red3:lane1:snr8.0:seed4:frame1,8.0,1,profiled_cz,852,false,false,false,missing,false,true,gradient_only,2,1,16,1550,1526,1.1074132336498204,7.186609152559119,missing
red3:lane1:snr8.0:seed4:frame2,8.0,2,profiled_cz,889,false,false,false,missing,false,true,gradient_only,2,1,16,1568,1534,1.2401394460954713,63.14335731452258,missing
red3:lane1:snr8.0:seed4:frame3,8.0,3,profiled_cz,864,false,false,false,missing,false,true,gradient_only,0,1,16,1543,1543,1.6538419218589202,1.6538419218589202,missing
red3:lane1:snr8.0:seed4:frame4,8.0,4,profiled_cz,1022,false,false,false,missing,false,true,gradient_only,2,1,16,1591,1561,1.1103231098664101,21.4973612304971,missing
red3:lane1:snr8.0:seed4:frame5,8.0,5,profiled_cz,806,false,false,false,missing,false,true,gradient_only,2,1,16,1557,1508,3.3211237916149625,14.790740102681108,missing
red3:lane1:snr8.0:seed4:frame6,8.0,6,profiled_cz,927,false,false,false,missing,false,true,gradient_only,1,1,16,1626,1541,1.1792614701805222,9.741639307606402,missing
red3:lane1:snr8.0:seed4:frame7,8.0,7,profiled_cz,826,false,false,false,missing,false,true,gradient_only,4,1,16,1540,1511,0.8630691105265671,8.489567831038173,missing
red3:lane1:snr8.0:seed4:frame8,8.0,8,profiled_cz,893,false,false,false,missing,false,true,gradient_only,4,1,16,1577,1532,1.2052304608364428,17.04204933674028,missing
red3:lane1:snr8.0:seed4:frame9,8.0,9,profiled_cz,959,false,false,false,missing,false,true,gradient_only,4,1,16,1588,1529,5.331891150692736,6.670351958298106,missing
red3:lane1:snr8.0:seed4:frame10,8.0,10,profiled_cz,1166,false,false,false,missing,false,true,gradient_only,1,1,16,1556,1508,1.6868278927399376,40.959220678473216,missing
red3:lane1:snr8.0:seed4:frame11,8.0,11,profiled_cz,1064,false,false,false,missing,false,true,gradient_only,2,1,16,1556,1510,1.7726322467608866,26.467247759878457,missing
red3:lane1:snr8.0:seed4:frame12,8.0,12,profiled_cz,790,false,false,false,missing,false,true,gradient_only,4,1,16,1522,1491,0.8307996092319407,16.08790765147295,missing
red3:lane1:snr8.0:seed4:frame13,8.0,13,profiled_cz,996,false,false,false,missing,false,true,gradient_only,4,1,16,1549,1513,1.417721950933833,11.557704341283863,missing
red3:lane1:snr8.0:seed4:frame14,8.0,14,profiled_cz,1145,false,false,false,missing,false,true,gradient_only,1,1,16,1542,1518,0.9643569587628755,29.038282523458356,missing
red3:lane1:snr8.0:seed4:frame15,8.0,15,profiled_cz,999,false,false,false,missing,false,true,gradient_only,7,1,16,1605,1521,1.1885446857525328,6.265726140691439,missing
red3:lane1:snr8.0:seed4:frame16,8.0,16,profiled_cz,1000,false,false,false,missing,false,true,gradient_only,7,1,16,1581,1488,1.6876086028541404,22.007451991196444,missing
red3:lane1:snr8.0:seed4:frame17,8.0,17,profiled_cz,835,false,false,false,missing,false,true,gradient_only,7,1,16,1583,1528,1.121421808259814,14.388832859332785,missing
red3:lane1:snr8.0:seed4:frame18,8.0,18,profiled_cz,676,false,false,false,missing,false,true,gradient_only,0,1,16,1542,1542,1.9981210140403358,1.9981210140403358,missing
red3:lane1:snr8.0:seed4:frame19,8.0,19,profiled_cz,1034,false,false,false,missing,false,true,gradient_only,6,1,16,1611,1582,1.1320804083551423,5.869769717447461,missing
red3:lane1:snr8.0:seed4:frame20,8.0,20,profiled_cz,1043,false,false,false,missing,false,true,gradient_only,1,1,16,1593,1501,1.3624793320289137,22.89121986212173,missing
red3:lane1:snr8.0:seed4:frame21,8.0,21,profiled_cz,954,false,false,false,missing,false,true,gradient_only,2,1,16,1579,1568,17.960093329379927,8.874784065600226,missing
red3:lane1:snr8.0:seed4:frame22,8.0,22,profiled_cz,1225,false,false,false,missing,false,true,gradient_only,3,1,16,1623,1521,1.0200270749974418,47.56096057040804,missing
red3:lane1:snr8.0:seed4:frame23,8.0,23,profiled_cz,905,false,false,false,missing,false,true,gradient_only,8,1,16,1569,1547,1.5427714730967088,7.149557262673782,missing
red3:lane1:snr8.0:seed4:frame24,8.0,24,profiled_cz,941,false,false,false,missing,false,true,gradient_only,2,1,16,1572,1515,1.5876931144648716,8.807203687346199,missing
red3:lane1:snr8.0:seed4:frame25,8.0,25,profiled_cz,838,false,false,false,missing,false,true,gradient_only,7,1,16,1541,1477,2.0128052313965314,5.175426610988821,missing
red3:lane1:snr8.0:seed4:frame26,8.0,26,profiled_cz,953,false,false,false,missing,false,true,gradient_only,7,1,16,1557,1533,7.529442588830798,9.328204198605,missing
red3:lane1:snr8.0:seed4:frame27,8.0,27,profiled_cz,1052,false,false,false,missing,false,true,gradient_only,7,1,16,1622,1567,2.3191888340073104,18.274733158007052,missing
red3:lane1:snr8.0:seed4:frame28,8.0,28,profiled_cz,1001,false,false,false,missing,false,true,gradient_only,8,1,16,1549,1513,3.2814399630783293,9.876700055458771,missing
red3:lane1:snr8.0:seed4:frame29,8.0,29,profiled_cz,1060,false,false,false,missing,false,true,gradient_only,4,1,16,1506,1493,1.4619299406393604,50.0009946313435,missing
red3:lane1:snr8.0:seed4:frame30,8.0,30,profiled_cz,1059,false,false,false,missing,false,true,gradient_only,5,1,16,1616,1555,2.910598749111644,14.52530587795307,missing
red3:lane1:snr8.0:seed4:frame31,8.0,31,profiled_cz,997,false,false,false,missing,false,true,gradient_only,1,1,16,1618,1543,1.354368104473569,47.2212050018759,missing
red3:lane1:snr8.0:seed4:frame32,8.0,32,profiled_cz,1158,false,false,false,missing,false,true,gradient_only,6,1,16,1591,1491,2.9436271707191106,9.472436196361869,missing
red3:lane1:snr8.0:seed4:frame33,8.0,33,profiled_cz,925,false,false,false,missing,false,true,gradient_only,2,1,16,1541,1518,1.4654199499455363,20.08422170383928,missing
red3:lane1:snr8.0:seed4:frame34,8.0,34,profiled_cz,835,false,false,false,missing,false,true,gradient_only,7,1,16,1574,1542,26.587032471482868,10.155577231905859,missing
red3:lane1:snr8.0:seed4:frame35,8.0,35,profiled_cz,1048,false,false,false,missing,false,true,gradient_only,4,1,16,1540,1514,1.42429945645706,11.760137271792875,missing
red3:lane1:snr8.0:seed4:frame36,8.0,36,profiled_cz,929,false,false,false,missing,false,true,gradient_only,6,1,16,1566,1521,1.3905503529975882,39.15678352450332,missing
red3:lane1:snr8.0:seed4:frame37,8.0,37,profiled_cz,856,false,false,false,missing,false,true,gradient_only,7,1,16,1557,1506,1.6300774496023853,13.253755746257323,missing
red3:lane1:snr8.0:seed4:frame38,8.0,38,profiled_cz,1040,false,false,false,missing,false,true,gradient_only,8,1,16,1611,1564,1.8277571447648626,51.646943813048075,missing
red3:lane1:snr8.0:seed4:frame39,8.0,39,profiled_cz,991,false,false,false,missing,false,true,gradient_only,8,1,16,1546,1499,1.4472894488658468,14.145977877946365,missing
red3:lane1:snr8.0:seed4:frame40,8.0,40,profiled_cz,983,false,false,false,missing,false,true,gradient_only,2,1,16,1550,1544,1.8620484815400413,55.76076987923103,missing
red3:lane1:snr8.0:seed4:frame41,8.0,41,profiled_cz,1103,false,false,false,missing,false,true,gradient_only,4,1,16,1592,1557,1.7954195448399974,12.919674794735771,missing
red3:lane1:snr8.0:seed4:frame42,8.0,42,profiled_cz,842,false,false,false,missing,false,true,gradient_only,6,1,16,1553,1528,3.4371951737524857,14.773421257673672,missing
red3:lane1:snr8.0:seed4:frame43,8.0,43,profiled_cz,1115,false,false,false,missing,false,true,gradient_only,0,1,16,1562,1562,6.83740354642443,6.83740354642443,missing
red3:lane1:snr8.0:seed4:frame44,8.0,44,profiled_cz,839,false,false,false,missing,false,true,gradient_only,1,1,16,1609,1507,0.9784137542817585,6.638480770790062,missing
red3:lane1:snr8.0:seed4:frame45,8.0,45,profiled_cz,902,false,false,false,missing,false,true,gradient_only,6,1,16,1593,1539,1.1844579352195364,6.430449287957535,missing
red3:lane1:snr8.0:seed4:frame46,8.0,46,profiled_cz,1079,false,false,false,missing,false,true,gradient_only,8,1,16,1607,1529,2.081354056993391,27.867999958777272,missing
red3:lane1:snr8.0:seed4:frame47,8.0,47,profiled_cz,1104,false,false,false,missing,false,true,gradient_only,6,1,16,1579,1526,1.6271433897030567,22.46589217056474,missing
red3:lane1:snr8.0:seed4:frame48,8.0,48,profiled_cz,1009,false,false,false,missing,false,true,gradient_only,1,1,16,1578,1490,1.7186392665936523,12.369111798021796,missing
red3:lane1:snr8.0:seed4:frame49,8.0,49,profiled_cz,1001,false,false,false,missing,false,true,gradient_only,1,1,16,1559,1507,1.6989542880315034,15.325730402882419,missing
red3:lane1:snr8.0:seed4:frame50,8.0,50,profiled_cz,937,false,false,false,missing,false,true,gradient_only,8,1,16,1591,1533,1.0606266877330877,28.434799246202928,missing
red3:lane1:snr8.0:seed4:frame51,8.0,51,profiled_cz,1060,false,false,false,missing,false,true,gradient_only,8,1,16,1636,1526,1.9271404763680715,10.2442711460738,missing
red3:lane1:snr8.0:seed4:frame52,8.0,52,profiled_cz,965,false,false,false,missing,false,true,gradient_only,8,1,16,1598,1542,0.9581371576178692,24.248064846305258,missing
red3:lane1:snr8.0:seed4:frame53,8.0,53,profiled_cz,940,false,false,false,missing,false,true,gradient_only,5,1,16,1614,1542,1.2336057202035928,17.289667658059507,missing
red3:lane1:snr8.0:seed4:frame54,8.0,54,profiled_cz,1008,false,false,false,missing,false,true,gradient_only,1,1,16,1527,1477,1.5368458680505062,45.79064971066727,missing
red3:lane1:snr8.0:seed4:frame55,8.0,55,profiled_cz,1010,false,false,false,missing,false,true,gradient_only,2,1,16,1604,1521,6.407018495815337,8.717512359307104,missing
red3:lane1:snr8.0:seed4:frame56,8.0,56,profiled_cz,935,false,false,false,missing,false,true,gradient_only,6,1,16,1570,1541,1.5412190231988632,8.458869453220565,missing
red3:lane1:snr8.0:seed4:frame57,8.0,57,profiled_cz,991,false,false,false,missing,false,true,gradient_only,7,1,16,1628,1514,0.8447836130629246,36.75253552982104,missing
red3:lane1:snr8.0:seed4:frame58,8.0,58,profiled_cz,964,false,false,false,missing,false,true,gradient_only,4,1,16,1570,1498,1.0790398817193136,10.279325729575826,missing
red3:lane1:snr8.0:seed4:frame59,8.0,59,profiled_cz,902,false,false,false,missing,false,true,gradient_only,4,1,16,1617,1503,1.4996700101788332,30.615207361572434,missing
red3:lane1:snr8.0:seed4:frame60,8.0,60,profiled_cz,972,false,false,false,missing,false,true,gradient_only,2,1,16,1546,1487,1.3942524691888363,10.541648810285231,missing
red3:lane1:snr10.0:seed4:frame1,10.0,1,cwz_joint,868,false,false,false,missing,false,true,gradient_only,8,1,16,1557,1292,1.6878279540007364,43.36465506888254,missing
red3:lane1:snr10.0:seed4:frame2,10.0,2,cwz_joint,841,false,false,false,missing,false,true,gradient_only,7,1,16,1565,1409,0.756434803798508,48.22126060400438,missing
red3:lane1:snr10.0:seed4:frame3,10.0,3,cwz_joint,1007,false,false,false,missing,false,true,gradient_only,8,1,16,1570,1328,1.3515699375185017,85.59440580975718,missing
red3:lane1:snr10.0:seed4:frame4,10.0,4,cwz_joint,1048,false,false,false,missing,false,true,gradient_only,8,1,16,1586,1369,1.9280048186470793,145.18087781433573,missing
red3:lane1:snr10.0:seed4:frame5,10.0,5,cwz_joint,863,false,false,false,missing,false,true,gradient_only,8,1,16,1525,1415,0.8762271334923806,46.94008106728756,missing
red3:lane1:snr10.0:seed4:frame6,10.0,6,cwz_joint,903,false,false,false,missing,false,true,gradient_only,6,1,16,1599,1403,1.6106716545625028,62.099323102481364,missing
red3:lane1:snr10.0:seed4:frame7,10.0,7,cwz_joint,870,false,false,false,missing,false,true,gradient_only,7,1,16,1625,1345,0.7829491869310788,54.19348752366073,missing
red3:lane1:snr10.0:seed4:frame8,10.0,8,cwz_joint,892,false,false,false,missing,false,true,gradient_only,8,1,16,1514,1245,5.327674221817886,589.4364870666956,missing
red3:lane1:snr10.0:seed4:frame9,10.0,9,cwz_joint,984,false,false,false,missing,false,true,gradient_only,8,1,16,1539,1427,2.4343546207837834,33.41295012663973,missing
red3:lane1:snr10.0:seed4:frame10,10.0,10,cwz_joint,1163,false,false,false,missing,false,true,gradient_only,8,1,16,1544,1307,0.9285933135934143,110.93649425564865,missing
red3:lane1:snr10.0:seed4:frame11,10.0,11,cwz_joint,1084,false,false,false,missing,false,true,gradient_only,8,1,16,1554,1371,1.2697262210759248,51.39776999132105,missing
red3:lane1:snr10.0:seed4:frame12,10.0,12,cwz_joint,873,false,false,false,missing,false,true,gradient_only,6,1,16,1581,1407,2.1430410123538186,689.0878103020603,missing
red3:lane1:snr10.0:seed4:frame13,10.0,13,cwz_joint,1046,false,false,false,missing,false,true,gradient_only,7,1,16,1585,1250,6.532765902579538,34.5838669037585,missing
red3:lane1:snr10.0:seed4:frame14,10.0,14,cwz_joint,1087,false,false,false,missing,false,true,gradient_only,8,1,16,1553,1302,2.0390182600687,221.79748482933996,missing
red3:lane1:snr10.0:seed4:frame15,10.0,15,cwz_joint,992,false,false,false,missing,false,true,gradient_only,8,1,16,1553,1332,1.090589617123306,26.87184455108543,missing
red3:lane1:snr10.0:seed4:frame16,10.0,16,cwz_joint,1031,false,false,false,missing,false,true,gradient_only,8,1,16,1600,1369,1.5685330035755105,275.0587996077695,missing
red3:lane1:snr10.0:seed4:frame17,10.0,17,cwz_joint,866,false,false,false,missing,false,true,gradient_only,7,1,16,1579,1334,0.8187573976383632,493.88158471281224,missing
red3:lane1:snr10.0:seed4:frame18,10.0,18,cwz_joint,898,false,false,false,missing,false,true,gradient_only,8,1,16,1596,1326,1.025514099553204,81.66177114188294,missing
red3:lane1:snr10.0:seed4:frame19,10.0,19,cwz_joint,970,false,false,false,missing,false,true,gradient_only,8,1,16,1609,1261,2.8721713116645793,20.765152314401746,missing
red3:lane1:snr10.0:seed4:frame20,10.0,20,cwz_joint,1023,false,false,false,missing,false,true,gradient_only,8,1,16,1558,1344,1.277070985872209,35.488710086081646,missing
red3:lane1:snr10.0:seed4:frame21,10.0,21,cwz_joint,1002,false,false,false,missing,false,true,gradient_only,7,1,16,1632,1361,1.3427091206567026,67.33063259116481,missing
red3:lane1:snr10.0:seed4:frame22,10.0,22,cwz_joint,1175,false,false,false,missing,false,true,gradient_only,6,1,16,1591,1316,0.9770185986925325,93.255609568678,missing
red3:lane1:snr10.0:seed4:frame23,10.0,23,cwz_joint,921,false,false,false,missing,false,true,gradient_only,8,1,16,1573,1314,1.9748294739615329,62.205593726160274,missing
red3:lane1:snr10.0:seed4:frame24,10.0,24,cwz_joint,947,false,false,false,missing,false,true,gradient_only,6,1,16,1527,1340,1.8285814349224,31.444885615788476,missing
red3:lane1:snr10.0:seed4:frame25,10.0,25,cwz_joint,829,false,false,false,missing,false,true,gradient_only,8,1,16,1596,1359,1.0698555686339617,26.44910549845793,missing
red3:lane1:snr10.0:seed4:frame26,10.0,26,cwz_joint,904,false,false,false,missing,false,true,gradient_only,8,1,16,1555,1337,4.039708799186042,86.44753944257296,missing
red3:lane1:snr10.0:seed4:frame27,10.0,27,cwz_joint,1074,false,false,false,missing,false,true,gradient_only,8,1,16,1570,1275,1.4477579292272533,65.36135784200684,missing
red3:lane1:snr10.0:seed4:frame28,10.0,28,cwz_joint,1022,false,false,false,missing,false,true,gradient_only,8,1,16,1576,1372,1.1011362315823003,33.036876293407296,missing
red3:lane1:snr10.0:seed4:frame29,10.0,29,cwz_joint,1040,false,false,false,missing,false,true,gradient_only,8,1,16,1538,1297,1.247728340903075,214.4641225508781,missing
red3:lane1:snr10.0:seed4:frame30,10.0,30,cwz_joint,1073,false,false,false,missing,false,true,gradient_only,7,1,16,1570,1279,1.387362367287511,334.5440621287153,missing
red3:lane1:snr10.0:seed4:frame31,10.0,31,cwz_joint,962,false,false,false,missing,false,true,gradient_only,8,1,16,1574,1375,0.9451394098605622,31.958492288510747,missing
red3:lane1:snr10.0:seed4:frame32,10.0,32,cwz_joint,1151,false,false,false,missing,false,true,gradient_only,8,1,16,1562,1371,1.569766571233249,44.41537563788948,missing
red3:lane1:snr10.0:seed4:frame33,10.0,33,cwz_joint,921,false,false,false,missing,false,true,gradient_only,8,1,16,1573,1236,0.9542270840546867,233.3198551817361,missing
red3:lane1:snr10.0:seed4:frame34,10.0,34,cwz_joint,862,false,false,false,missing,false,true,gradient_only,8,1,16,1608,1371,4.236800797042901,55.87492236378941,missing
red3:lane1:snr10.0:seed4:frame35,10.0,35,cwz_joint,973,false,false,false,missing,false,true,gradient_only,8,1,16,1534,1423,1.4032217654067745,57.28258270748594,missing
red3:lane1:snr10.0:seed4:frame36,10.0,36,cwz_joint,905,false,false,false,missing,false,true,gradient_only,8,1,16,1519,1231,1.33235131646686,122.22517908043622,missing
red3:lane1:snr10.0:seed4:frame37,10.0,37,cwz_joint,853,false,false,false,missing,false,true,gradient_only,8,1,16,1562,1331,0.9278717210038511,30.743067849010227,missing
red3:lane1:snr10.0:seed4:frame38,10.0,38,cwz_joint,988,false,false,false,missing,false,true,gradient_only,7,1,16,1579,1346,2.053995613527908,106.17874328398332,missing
red3:lane1:snr10.0:seed4:frame39,10.0,39,cwz_joint,959,false,false,false,missing,false,true,gradient_only,8,1,16,1574,1382,3.6787558025055005,135.21562618687796,missing
red3:lane1:snr10.0:seed4:frame40,10.0,40,cwz_joint,1006,false,false,false,missing,false,true,gradient_only,8,1,16,1528,1390,3.6174156438763325,123.76587306569951,missing
red3:lane1:snr10.0:seed4:frame41,10.0,41,cwz_joint,1121,false,false,false,missing,false,true,gradient_only,8,1,16,1616,1345,14.117346837760644,220.08231732290764,missing
red3:lane1:snr10.0:seed4:frame42,10.0,42,cwz_joint,926,false,false,false,missing,false,true,gradient_only,8,1,16,1592,1320,1.3948335872206565,65.59068602550428,missing
red3:lane1:snr10.0:seed4:frame43,10.0,43,cwz_joint,1182,false,false,false,missing,false,true,gradient_only,8,1,16,1574,1291,0.6915953021956979,387.62101146335715,missing
red3:lane1:snr10.0:seed4:frame44,10.0,44,cwz_joint,866,false,false,false,missing,false,true,gradient_only,7,1,16,1561,1370,1.2659301788510882,146.05653485490245,missing
red3:lane1:snr10.0:seed4:frame45,10.0,45,cwz_joint,832,false,false,false,missing,false,true,gradient_only,7,1,16,1512,1288,21.361802739829873,56.88234763505147,missing
red3:lane1:snr10.0:seed4:frame46,10.0,46,cwz_joint,1093,false,false,false,missing,false,true,gradient_only,8,1,16,1518,1362,1.6458029673723429,147.14874415743708,missing
red3:lane1:snr10.0:seed4:frame47,10.0,47,cwz_joint,1126,false,false,false,missing,false,true,gradient_only,8,1,16,1584,1328,2.2797719716629428,177.36008010869668,missing
red3:lane1:snr10.0:seed4:frame48,10.0,48,cwz_joint,1057,false,false,false,missing,false,true,gradient_only,8,1,16,1627,1298,1.1127210733830408,57.79794739033872,missing
red3:lane1:snr10.0:seed4:frame49,10.0,49,cwz_joint,1035,false,false,false,missing,false,true,gradient_only,8,1,16,1577,1360,1.165058901432991,35.764458178147436,missing
red3:lane1:snr10.0:seed4:frame50,10.0,50,cwz_joint,1041,false,false,false,missing,false,true,gradient_only,8,1,16,1584,1385,1.2661144025312272,57.91830668379342,missing
red3:lane1:snr10.0:seed4:frame51,10.0,51,cwz_joint,1003,false,false,false,missing,false,true,gradient_only,6,1,16,1621,1420,1.4794594506258985,39.05835784481156,missing
red3:lane1:snr10.0:seed4:frame52,10.0,52,cwz_joint,926,false,false,false,missing,false,true,gradient_only,7,1,16,1613,1422,0.9079553446796108,75.14055952416281,missing
red3:lane1:snr10.0:seed4:frame53,10.0,53,cwz_joint,986,false,false,false,missing,false,true,gradient_only,8,1,16,1552,1296,0.982047476559741,36.46227454023704,missing
red3:lane1:snr10.0:seed4:frame54,10.0,54,cwz_joint,1045,false,false,false,missing,false,true,gradient_only,8,1,16,1612,1313,2.5355034063397897,193.36010990798476,missing
red3:lane1:snr10.0:seed4:frame55,10.0,55,cwz_joint,1053,false,false,false,missing,false,true,gradient_only,8,1,16,1559,1392,1.6522555928848366,30.166104486732078,missing
red3:lane1:snr10.0:seed4:frame56,10.0,56,cwz_joint,885,false,false,false,missing,false,true,gradient_only,8,1,16,1594,1302,4.693086738409405,58.2570368941748,missing
red3:lane1:snr10.0:seed4:frame57,10.0,57,cwz_joint,989,false,false,false,missing,false,true,gradient_only,7,1,16,1567,1404,1.0062547474813834,54.776249326814245,missing
red3:lane1:snr10.0:seed4:frame58,10.0,58,cwz_joint,963,false,false,false,missing,false,true,gradient_only,8,1,16,1541,1396,2.021607961746033,49.467039355854354,missing
red3:lane1:snr10.0:seed4:frame59,10.0,59,cwz_joint,931,false,false,false,missing,false,true,gradient_only,7,1,16,1566,1388,0.8782925052209289,65.13093890154481,missing
red3:lane1:snr10.0:seed4:frame60,10.0,60,cwz_joint,1007,false,false,false,missing,false,true,gradient_only,8,1,16,1587,1422,2.302393364964933,39.512254332501946,missing
red3:lane1:snr10.0:seed4:frame1,10.0,1,profiled_cz,802,false,false,false,missing,false,true,gradient_only,7,1,16,1557,1521,1.6878279540007364,7.957244226912586,missing
red3:lane1:snr10.0:seed4:frame2,10.0,2,profiled_cz,783,false,false,false,missing,false,true,gradient_only,6,1,16,1565,1546,0.756434803798508,58.02072598213326,missing
red3:lane1:snr10.0:seed4:frame3,10.0,3,profiled_cz,866,false,false,false,missing,false,true,gradient_only,4,1,16,1570,1557,1.3515699375185017,19.277238428398256,missing
red3:lane1:snr10.0:seed4:frame4,10.0,4,profiled_cz,841,false,false,false,missing,false,true,gradient_only,0,1,16,1586,1586,1.9280048186470793,1.9280048186470793,missing
red3:lane1:snr10.0:seed4:frame5,10.0,5,profiled_cz,623,false,false,false,missing,false,true,gradient_only,0,1,16,1525,1525,0.8762271334923806,0.8762271334923806,missing
red3:lane1:snr10.0:seed4:frame6,10.0,6,profiled_cz,811,false,false,false,missing,false,true,gradient_only,6,1,16,1599,1541,1.6106716545625028,38.47387342746976,missing
red3:lane1:snr10.0:seed4:frame7,10.0,7,profiled_cz,794,false,false,false,missing,false,true,gradient_only,6,1,16,1625,1545,0.7829491869310788,9.40738040778372,missing
red3:lane1:snr10.0:seed4:frame8,10.0,8,profiled_cz,668,false,false,false,missing,false,true,gradient_only,0,1,16,1514,1514,5.327674221817886,5.327674221817886,missing
red3:lane1:snr10.0:seed4:frame9,10.0,9,profiled_cz,865,false,false,false,missing,false,true,gradient_only,1,1,16,1539,1518,2.4343546207837834,5.4926657214809165,missing
red3:lane1:snr10.0:seed4:frame10,10.0,10,profiled_cz,1130,false,false,false,missing,false,true,gradient_only,5,1,16,1544,1498,0.9285933135934143,29.33977750718948,missing
red3:lane1:snr10.0:seed4:frame11,10.0,11,profiled_cz,1014,false,false,false,missing,false,true,gradient_only,8,1,16,1554,1539,1.2697262210759248,19.248954765636654,missing
red3:lane1:snr10.0:seed4:frame12,10.0,12,profiled_cz,782,false,false,false,missing,false,true,gradient_only,1,1,16,1581,1530,2.1430410123538186,31.80077879321857,missing
red3:lane1:snr10.0:seed4:frame13,10.0,13,profiled_cz,1014,false,false,false,missing,false,true,gradient_only,6,1,16,1585,1520,6.532765902579538,7.132879207012772,missing
red3:lane1:snr10.0:seed4:frame14,10.0,14,profiled_cz,1066,false,false,false,missing,false,true,gradient_only,2,1,16,1553,1515,2.0390182600687,13.256007286647414,missing
red3:lane1:snr10.0:seed4:frame15,10.0,15,profiled_cz,899,false,false,false,missing,false,true,gradient_only,5,1,16,1553,1536,1.090589617123306,4.28228173117324,missing
red3:lane1:snr10.0:seed4:frame16,10.0,16,profiled_cz,908,false,false,false,missing,false,true,gradient_only,3,1,16,1600,1513,1.5685330035755105,27.325391435312856,missing
red3:lane1:snr10.0:seed4:frame17,10.0,17,profiled_cz,823,false,false,false,missing,false,true,gradient_only,2,1,16,1579,1495,0.8187573976383632,9.220925508455913,missing
red3:lane1:snr10.0:seed4:frame18,10.0,18,profiled_cz,769,false,false,false,missing,false,true,gradient_only,8,1,16,1596,1503,1.025514099553204,4577.917446946261,missing
red3:lane1:snr10.0:seed4:frame19,10.0,19,profiled_cz,917,false,false,false,missing,false,true,gradient_only,6,1,16,1609,1557,2.8721713116645793,4.526296497578559,missing
red3:lane1:snr10.0:seed4:frame20,10.0,20,profiled_cz,952,false,false,false,missing,false,true,gradient_only,5,1,16,1558,1540,1.277070985872209,16.468981436060993,missing
red3:lane1:snr10.0:seed4:frame21,10.0,21,profiled_cz,893,false,false,false,missing,false,true,gradient_only,6,1,16,1632,1510,1.3427091206567026,6.316004033398311,missing
red3:lane1:snr10.0:seed4:frame22,10.0,22,profiled_cz,1151,false,false,false,missing,false,true,gradient_only,6,1,16,1591,1485,0.9770185986925325,100.12983615503319,missing
red3:lane1:snr10.0:seed4:frame23,10.0,23,profiled_cz,809,false,false,false,missing,false,true,gradient_only,5,1,16,1573,1496,1.9748294739615329,6.629931127397668,missing
red3:lane1:snr10.0:seed4:frame24,10.0,24,profiled_cz,885,false,false,false,missing,false,true,gradient_only,1,1,16,1527,1501,1.8285814349224,9.109872018531942,missing
red3:lane1:snr10.0:seed4:frame25,10.0,25,profiled_cz,769,false,false,false,missing,false,true,gradient_only,1,1,16,1596,1509,1.0698555686339617,4.348969817197921,missing
red3:lane1:snr10.0:seed4:frame26,10.0,26,profiled_cz,836,false,false,false,missing,false,true,gradient_only,4,1,16,1555,1545,4.039708799186042,9.04176687352266,missing
red3:lane1:snr10.0:seed4:frame27,10.0,27,profiled_cz,1010,false,false,false,missing,false,true,gradient_only,8,1,16,1570,1552,1.4477579292272533,14.06899814377905,missing
red3:lane1:snr10.0:seed4:frame28,10.0,28,profiled_cz,956,false,false,false,missing,false,true,gradient_only,1,1,16,1576,1518,1.1011362315823003,5.758992732700634,missing
red3:lane1:snr10.0:seed4:frame29,10.0,29,profiled_cz,958,false,false,false,missing,false,true,gradient_only,2,1,16,1538,1520,1.247728340903075,27.60083342412528,missing
red3:lane1:snr10.0:seed4:frame30,10.0,30,profiled_cz,982,false,false,false,missing,false,true,gradient_only,2,1,16,1570,1528,1.387362367287511,10.445197165451113,missing
red3:lane1:snr10.0:seed4:frame31,10.0,31,profiled_cz,904,false,false,false,missing,false,true,gradient_only,8,1,16,1574,1481,0.9451394098605622,6.384712224243071,missing
red3:lane1:snr10.0:seed4:frame32,10.0,32,profiled_cz,1062,false,false,false,missing,false,true,gradient_only,1,1,16,1562,1525,1.569766571233249,8.964370184699467,missing
red3:lane1:snr10.0:seed4:frame33,10.0,33,profiled_cz,811,false,false,false,missing,false,true,gradient_only,7,1,16,1573,1500,0.9542270840546867,93.42913913928678,missing
red3:lane1:snr10.0:seed4:frame34,10.0,34,profiled_cz,731,false,false,false,missing,false,true,gradient_only,2,1,16,1608,1554,4.236800797042901,7.0097106355642635,missing
red3:lane1:snr10.0:seed4:frame35,10.0,35,profiled_cz,782,false,false,false,missing,false,true,gradient_only,0,1,16,1534,1534,1.4032217654067745,1.4032217654067745,missing
red3:lane1:snr10.0:seed4:frame36,10.0,36,profiled_cz,856,false,false,false,missing,false,true,gradient_only,2,1,16,1519,1493,1.33235131646686,12.718418062695397,missing
red3:lane1:snr10.0:seed4:frame37,10.0,37,profiled_cz,627,false,false,false,missing,false,true,gradient_only,0,1,16,1562,1562,0.9278717210038511,0.9278717210038511,missing
red3:lane1:snr10.0:seed4:frame38,10.0,38,profiled_cz,908,false,false,false,missing,false,true,gradient_only,6,1,16,1579,1525,2.053995613527908,16.76203694171079,missing
red3:lane1:snr10.0:seed4:frame39,10.0,39,profiled_cz,863,false,false,false,missing,false,true,gradient_only,8,1,16,1574,1534,3.6787558025055005,9.33634022632996,missing
red3:lane1:snr10.0:seed4:frame40,10.0,40,profiled_cz,800,false,false,false,missing,false,true,gradient_only,0,1,16,1528,1528,3.6174156438763325,3.6174156438763325,missing
red3:lane1:snr10.0:seed4:frame41,10.0,41,profiled_cz,1058,false,false,false,missing,false,true,gradient_only,3,1,16,1616,1546,14.117346837760644,14.287662907008324,missing
red3:lane1:snr10.0:seed4:frame42,10.0,42,profiled_cz,868,false,false,false,missing,false,true,gradient_only,2,1,16,1592,1532,1.3948335872206565,16.995051549092814,missing
red3:lane1:snr10.0:seed4:frame43,10.0,43,profiled_cz,1169,false,false,false,missing,false,true,gradient_only,7,1,16,1574,1542,0.6915953021956979,1194.2275087900755,missing
red3:lane1:snr10.0:seed4:frame44,10.0,44,profiled_cz,791,false,false,false,missing,false,true,gradient_only,1,1,16,1561,1560,1.2659301788510882,6.277357509784991,missing
red3:lane1:snr10.0:seed4:frame45,10.0,45,profiled_cz,677,false,false,false,missing,false,true,gradient_only,0,1,16,1512,1512,21.361802739829873,21.361802739829873,missing
red3:lane1:snr10.0:seed4:frame46,10.0,46,profiled_cz,905,false,false,false,missing,false,true,gradient_only,0,1,16,1518,1518,1.6458029673723429,1.6458029673723429,missing
red3:lane1:snr10.0:seed4:frame47,10.0,47,profiled_cz,1061,false,false,false,missing,false,true,gradient_only,5,1,16,1584,1495,2.2797719716629428,18.058242878779367,missing
red3:lane1:snr10.0:seed4:frame48,10.0,48,profiled_cz,988,false,false,false,missing,false,true,gradient_only,6,1,16,1627,1500,1.1127210733830408,9.853133059815583,missing
red3:lane1:snr10.0:seed4:frame49,10.0,49,profiled_cz,951,false,false,false,missing,false,true,gradient_only,5,1,16,1577,1513,1.165058901432991,18.27288062168004,missing
red3:lane1:snr10.0:seed4:frame50,10.0,50,profiled_cz,929,false,false,false,missing,false,true,gradient_only,3,1,16,1584,1521,1.2661144025312272,24.015321936755804,missing
red3:lane1:snr10.0:seed4:frame51,10.0,51,profiled_cz,958,false,false,false,missing,false,true,gradient_only,4,1,16,1621,1508,1.4794594506258985,6.541838507145407,missing
red3:lane1:snr10.0:seed4:frame52,10.0,52,profiled_cz,825,false,false,false,missing,false,true,gradient_only,8,1,16,1613,1496,0.9079553446796108,26.627201586338803,missing
red3:lane1:snr10.0:seed4:frame53,10.0,53,profiled_cz,859,false,false,false,missing,false,true,gradient_only,2,1,16,1552,1531,0.982047476559741,8.936882867297694,missing
red3:lane1:snr10.0:seed4:frame54,10.0,54,profiled_cz,936,false,false,false,missing,false,true,gradient_only,7,1,16,1612,1521,2.5355034063397897,63.593275323271925,missing
red3:lane1:snr10.0:seed4:frame55,10.0,55,profiled_cz,891,false,false,false,missing,false,true,gradient_only,2,1,16,1559,1484,1.6522555928848366,9.47011119614349,missing
red3:lane1:snr10.0:seed4:frame56,10.0,56,profiled_cz,817,false,false,false,missing,false,true,gradient_only,7,1,16,1594,1487,4.693086738409405,5.811390215330483,missing
red3:lane1:snr10.0:seed4:frame57,10.0,57,profiled_cz,912,false,false,false,missing,false,true,gradient_only,2,1,16,1567,1515,1.0062547474813834,12.478530155359445,missing
red3:lane1:snr10.0:seed4:frame58,10.0,58,profiled_cz,714,false,false,false,missing,false,true,gradient_only,0,1,16,1541,1541,2.021607961746033,2.021607961746033,missing
red3:lane1:snr10.0:seed4:frame59,10.0,59,profiled_cz,878,false,false,false,missing,false,true,gradient_only,8,1,16,1566,1521,0.8782925052209289,24.51864094873502,missing
red3:lane1:snr10.0:seed4:frame60,10.0,60,profiled_cz,924,false,false,false,missing,false,true,gradient_only,1,1,16,1587,1541,2.302393364964933,9.525533046863833,missing
red3:lane1:snr12.0:seed4:frame1,12.0,1,cwz_joint,829,false,false,false,missing,false,true,gradient_only,8,1,16,1518,1376,1.1847742675119568,40.57214844034147,missing
red3:lane1:snr12.0:seed4:frame2,12.0,2,cwz_joint,805,false,false,false,missing,false,true,gradient_only,8,1,16,1571,1291,0.5368227672219863,35.950958729608644,missing
red3:lane1:snr12.0:seed4:frame3,12.0,3,cwz_joint,899,false,false,false,missing,false,true,gradient_only,8,1,16,1552,1329,0.8357539844482712,145.99955851009736,missing
red3:lane1:snr12.0:seed4:frame4,12.0,4,cwz_joint,963,false,false,false,missing,false,true,gradient_only,8,1,16,1605,1308,0.8087528550267917,165.43275875732797,missing
red3:lane1:snr12.0:seed4:frame5,12.0,5,cwz_joint,794,false,false,false,missing,false,true,gradient_only,8,1,16,1604,1334,1.155391583717223,34.833627749828324,missing
red3:lane1:snr12.0:seed4:frame6,12.0,6,cwz_joint,931,false,false,false,missing,false,true,gradient_only,8,1,16,1587,1402,0.6796287506443361,40.4578489499875,missing
red3:lane1:snr12.0:seed4:frame7,12.0,7,cwz_joint,849,false,false,false,missing,false,true,gradient_only,8,1,16,1595,1361,0.764019579453691,40.2201322543661,missing
red3:lane1:snr12.0:seed4:frame8,12.0,8,cwz_joint,875,false,false,false,missing,false,true,gradient_only,7,1,16,1548,1417,1.0853283534702758,173.92339849879113,missing
red3:lane1:snr12.0:seed4:frame9,12.0,9,cwz_joint,838,false,false,false,missing,false,true,gradient_only,7,1,16,1536,1279,1.3187889780279693,27.676841597957655,missing
red3:lane1:snr12.0:seed4:frame10,12.0,10,cwz_joint,1093,false,false,false,missing,false,true,gradient_only,7,1,16,1583,1406,0.4567573998748799,84.71637300736703,missing
red3:lane1:snr12.0:seed4:frame11,12.0,11,cwz_joint,988,false,false,false,missing,false,true,gradient_only,8,1,16,1615,1355,1.6688027563408354,39.4893699034875,missing
red3:lane1:snr12.0:seed4:frame12,12.0,12,cwz_joint,828,false,false,false,missing,false,true,gradient_only,8,1,16,1555,1409,0.8144179249171416,589.4513937377184,missing
red3:lane1:snr12.0:seed4:frame13,12.0,13,cwz_joint,981,false,false,false,missing,false,true,gradient_only,7,1,16,1554,1414,0.7577231423635006,28.1574581653552,missing
red3:lane1:snr12.0:seed4:frame14,12.0,14,cwz_joint,1034,false,false,false,missing,false,true,gradient_only,8,1,16,1562,1345,3.1809472996142376,106.93167003282815,missing
red3:lane1:snr12.0:seed4:frame15,12.0,15,cwz_joint,912,false,false,false,missing,false,true,gradient_only,8,1,16,1602,1271,0.8591845226682375,21.65138661535078,missing
red3:lane1:snr12.0:seed4:frame16,12.0,16,cwz_joint,906,false,false,false,missing,false,true,gradient_only,8,1,16,1548,1364,0.8094844334870529,236.0810777454923,missing
red3:lane1:snr12.0:seed4:frame17,12.0,17,cwz_joint,797,false,false,false,missing,false,true,gradient_only,7,1,16,1542,1338,0.6821445916434853,452.66158587712755,missing
red3:lane1:snr12.0:seed4:frame18,12.0,18,cwz_joint,754,false,false,false,missing,false,true,gradient_only,8,1,16,1577,1156,1.6756483904271995,57.52439970905642,missing
red3:lane1:snr12.0:seed4:frame19,12.0,19,cwz_joint,938,false,false,false,missing,false,true,gradient_only,8,1,16,1574,1383,0.667976415514299,16.838072509388745,missing
red3:lane1:snr12.0:seed4:frame20,12.0,20,cwz_joint,969,false,false,false,missing,false,true,gradient_only,8,1,16,1505,1324,1.017190143796245,30.469120788869226,missing
red3:lane1:snr12.0:seed4:frame21,12.0,21,cwz_joint,905,false,false,false,missing,false,true,gradient_only,8,1,16,1564,1313,1.3609076258560602,61.96974013083172,missing
red3:lane1:snr12.0:seed4:frame22,12.0,22,cwz_joint,1057,false,false,false,missing,false,true,gradient_only,8,1,16,1598,1294,2.1066681824956524,76.16772629048724,missing
red3:lane1:snr12.0:seed4:frame23,12.0,23,cwz_joint,830,false,false,false,missing,false,true,gradient_only,8,1,16,1581,1394,0.8255835309823962,61.06285905881204,missing
red3:lane1:snr12.0:seed4:frame24,12.0,24,cwz_joint,878,false,false,false,missing,false,true,gradient_only,7,1,16,1537,1386,4.213218729181348,22.385635800094505,missing
red3:lane1:snr12.0:seed4:frame25,12.0,25,cwz_joint,731,false,false,false,missing,false,true,gradient_only,8,1,16,1515,1294,0.6755586555504626,23.078062414157298,missing
red3:lane1:snr12.0:seed4:frame26,12.0,26,cwz_joint,864,false,false,false,missing,false,true,gradient_only,8,1,16,1560,1370,0.9856114269877935,124.33026727346515,missing
red3:lane1:snr12.0:seed4:frame27,12.0,27,cwz_joint,1021,false,false,false,missing,false,true,gradient_only,7,1,16,1574,1286,1.2210498869868187,58.77711762728082,missing
red3:lane1:snr12.0:seed4:frame28,12.0,28,cwz_joint,1000,false,false,false,missing,false,true,gradient_only,8,1,16,1612,1360,0.7458400999792206,29.566172713093266,missing
red3:lane1:snr12.0:seed4:frame29,12.0,29,cwz_joint,954,false,false,false,missing,false,true,gradient_only,7,1,16,1571,1271,0.6331397752212099,144.72299280071445,missing
red3:lane1:snr12.0:seed4:frame30,12.0,30,cwz_joint,1075,false,false,false,missing,false,true,gradient_only,8,1,16,1611,1420,0.7620715883589003,55.50714785799569,missing
red3:lane1:snr12.0:seed4:frame31,12.0,31,cwz_joint,883,false,false,false,missing,false,true,gradient_only,8,1,16,1528,1301,1.607821781866542,23.961039765405022,missing
red3:lane1:snr12.0:seed4:frame32,12.0,32,cwz_joint,1069,false,false,false,missing,false,true,gradient_only,8,1,16,1578,1277,0.8804877293842959,36.55056365692651,missing
red3:lane1:snr12.0:seed4:frame33,12.0,33,cwz_joint,827,false,false,false,missing,false,true,gradient_only,8,1,16,1520,1367,0.813625820202287,221.66635633095981,missing
red3:lane1:snr12.0:seed4:frame34,12.0,34,cwz_joint,763,false,false,false,missing,false,true,gradient_only,7,1,16,1550,1349,1.4077590156948991,62.84292106924448,missing
red3:lane1:snr12.0:seed4:frame35,12.0,35,cwz_joint,980,false,false,false,missing,false,true,gradient_only,8,1,16,1556,1384,1.1092982558495676,41.918790072835485,missing
red3:lane1:snr12.0:seed4:frame36,12.0,36,cwz_joint,833,false,false,false,missing,false,true,gradient_only,7,1,16,1566,1323,0.7841045867943499,148.99324966295703,missing
red3:lane1:snr12.0:seed4:frame37,12.0,37,cwz_joint,795,false,false,false,missing,false,true,gradient_only,8,1,16,1550,1334,2.5191243165428543,24.377708361499966,missing
red3:lane1:snr12.0:seed4:frame38,12.0,38,cwz_joint,958,false,false,false,missing,false,true,gradient_only,8,1,16,1555,1331,1.044297699826199,74.99229364773126,missing
red3:lane1:snr12.0:seed4:frame39,12.0,39,cwz_joint,906,false,false,false,missing,false,true,gradient_only,8,1,16,1527,1314,3.6781347037621512,96.50719731938662,missing
red3:lane1:snr12.0:seed4:frame40,12.0,40,cwz_joint,930,false,false,false,missing,false,true,gradient_only,6,1,16,1565,1433,0.8678165221406166,111.8120532092671,missing
red3:lane1:snr12.0:seed4:frame41,12.0,41,cwz_joint,1061,false,false,false,missing,false,true,gradient_only,6,1,16,1583,1400,1.1103928168462143,113.26476137914332,missing
red3:lane1:snr12.0:seed4:frame42,12.0,42,cwz_joint,824,false,false,false,missing,false,true,gradient_only,8,1,16,1575,1319,1.0794759160685339,54.62915898272523,missing
red3:lane1:snr12.0:seed4:frame43,12.0,43,cwz_joint,1127,false,false,false,missing,false,true,gradient_only,8,1,16,1588,1348,0.5136043621709414,335.17912878786353,missing
red3:lane1:snr12.0:seed4:frame44,12.0,44,cwz_joint,807,false,false,false,missing,false,true,gradient_only,8,1,16,1563,1370,6.3890361803704065,177.0351333828784,missing
red3:lane1:snr12.0:seed4:frame45,12.0,45,cwz_joint,837,false,false,false,missing,false,true,gradient_only,8,1,16,1556,1357,1.1927365362599387,40.39041195304249,missing
red3:lane1:snr12.0:seed4:frame46,12.0,46,cwz_joint,1083,false,false,false,missing,false,true,gradient_only,7,1,16,1568,1370,1.400087206718277,87.4813797983684,missing
red3:lane1:snr12.0:seed4:frame47,12.0,47,cwz_joint,1046,false,false,false,missing,false,true,gradient_only,7,1,16,1589,1307,12.88417573601523,113.56219021100817,missing
red3:lane1:snr12.0:seed4:frame48,12.0,48,cwz_joint,1022,false,false,false,missing,false,true,gradient_only,8,1,16,1608,1459,0.9532083167475958,42.94547034281901,missing
red3:lane1:snr12.0:seed4:frame49,12.0,49,cwz_joint,962,false,false,false,missing,false,true,gradient_only,8,1,16,1570,1193,0.9396149481011357,27.150436747416208,missing
red3:lane1:snr12.0:seed4:frame50,12.0,50,cwz_joint,880,false,false,false,missing,false,true,gradient_only,8,1,16,1600,1379,0.7154088557488226,72.71398287512486,missing
red3:lane1:snr12.0:seed4:frame51,12.0,51,cwz_joint,851,false,false,false,missing,false,true,gradient_only,7,1,16,1575,1311,1.8735430723525217,28.147029861489806,missing
red3:lane1:snr12.0:seed4:frame52,12.0,52,cwz_joint,881,false,false,false,missing,false,true,gradient_only,8,1,16,1606,1343,1.5098863452711873,56.12004114019774,missing
red3:lane1:snr12.0:seed4:frame53,12.0,53,cwz_joint,928,false,false,false,missing,false,true,gradient_only,8,1,16,1592,1475,1.0772359008921795,29.616212067887908,missing
red3:lane1:snr12.0:seed4:frame54,12.0,54,cwz_joint,942,false,false,false,missing,false,true,gradient_only,8,1,16,1574,1275,2.233185975508071,278.1984395269137,missing
red3:lane1:snr12.0:seed4:frame55,12.0,55,cwz_joint,957,false,false,false,missing,false,true,gradient_only,8,1,16,1597,1365,6.5314963969730275,23.833104060832504,missing
red3:lane1:snr12.0:seed4:frame56,12.0,56,cwz_joint,821,false,false,false,missing,false,true,gradient_only,5,1,16,1592,1373,0.9309246947193478,57.944698815094476,missing
red3:lane1:snr12.0:seed4:frame57,12.0,57,cwz_joint,1003,false,false,false,missing,false,true,gradient_only,8,1,16,1597,1350,1.8437539387462314,45.49803522909195,missing
red3:lane1:snr12.0:seed4:frame58,12.0,58,cwz_joint,895,false,false,false,missing,false,true,gradient_only,8,1,16,1603,1411,1.1226525904449118,34.76880300086107,missing
red3:lane1:snr12.0:seed4:frame59,12.0,59,cwz_joint,947,false,false,false,missing,false,true,gradient_only,7,1,16,1545,1443,0.7875043379421404,52.5246423799681,missing
red3:lane1:snr12.0:seed4:frame60,12.0,60,cwz_joint,982,false,false,false,missing,false,true,gradient_only,8,1,16,1580,1336,0.8334377365721869,28.94883604297462,missing
red3:lane1:snr12.0:seed4:frame1,12.0,1,profiled_cz,552,false,false,false,missing,false,true,gradient_only,0,1,16,1518,1518,1.1847742675119568,1.1847742675119568,missing
red3:lane1:snr12.0:seed4:frame2,12.0,2,profiled_cz,720,false,false,false,missing,false,true,gradient_only,7,1,16,1571,1517,0.5368227672219863,7.942211411190762,missing
red3:lane1:snr12.0:seed4:frame3,12.0,3,profiled_cz,782,false,false,false,missing,false,true,gradient_only,2,1,16,1552,1537,0.8357539844482712,79.74309571057607,missing
red3:lane1:snr12.0:seed4:frame4,12.0,4,profiled_cz,943,false,false,false,missing,false,true,gradient_only,2,1,16,1605,1539,0.8087528550267917,18.616224760070033,missing
red3:lane1:snr12.0:seed4:frame5,12.0,5,profiled_cz,722,false,false,false,missing,false,true,gradient_only,1,1,16,1604,1512,1.155391583717223,7.079355710093353,missing
red3:lane1:snr12.0:seed4:frame6,12.0,6,profiled_cz,825,false,false,false,missing,false,true,gradient_only,6,1,16,1587,1533,0.6796287506443361,9.502037963752574,missing
red3:lane1:snr12.0:seed4:frame7,12.0,7,profiled_cz,761,false,false,false,missing,false,true,gradient_only,3,1,16,1595,1487,0.764019579453691,6.0355429651672825,missing
red3:lane1:snr12.0:seed4:frame8,12.0,8,profiled_cz,748,false,false,false,missing,false,true,gradient_only,5,1,16,1548,1478,1.0853283534702758,11.673247288053002,missing
red3:lane1:snr12.0:seed4:frame9,12.0,9,profiled_cz,796,false,false,false,missing,false,true,gradient_only,4,1,16,1536,1488,1.3187889780279693,4.077801790201793,missing
red3:lane1:snr12.0:seed4:frame10,12.0,10,profiled_cz,1021,false,false,false,missing,false,true,gradient_only,5,1,16,1583,1524,0.4567573998748799,21.996334432576823,missing
red3:lane1:snr12.0:seed4:frame11,12.0,11,profiled_cz,935,false,false,false,missing,false,true,gradient_only,1,1,16,1615,1549,1.6688027563408354,9.097898972990478,missing
red3:lane1:snr12.0:seed4:frame12,12.0,12,profiled_cz,535,false,false,false,missing,false,true,gradient_only,0,1,16,1555,1555,0.8144179249171416,0.8144179249171416,missing
red3:lane1:snr12.0:seed4:frame13,12.0,13,profiled_cz,851,false,false,false,missing,false,true,gradient_only,6,1,16,1554,1478,0.7577231423635006,4.483580818745249,missing
red3:lane1:snr12.0:seed4:frame14,12.0,14,profiled_cz,937,false,false,false,missing,false,true,gradient_only,2,1,16,1562,1516,3.1809472996142376,11.41461858890704,missing
red3:lane1:snr12.0:seed4:frame15,12.0,15,profiled_cz,835,false,false,false,missing,false,true,gradient_only,4,1,16,1602,1527,0.8591845226682375,3.658385794736015,missing
red3:lane1:snr12.0:seed4:frame16,12.0,16,profiled_cz,785,false,false,false,missing,false,true,gradient_only,2,1,16,1548,1542,0.8094844334870529,19.87776572341546,missing
red3:lane1:snr12.0:seed4:frame17,12.0,17,profiled_cz,712,false,false,false,missing,false,true,gradient_only,5,1,16,1542,1539,0.6821445916434853,8.081135437997562,missing
red3:lane1:snr12.0:seed4:frame18,12.0,18,profiled_cz,699,false,false,false,missing,false,true,gradient_only,7,1,16,1577,1539,1.6756483904271995,12.533594469451376,missing
red3:lane1:snr12.0:seed4:frame19,12.0,19,profiled_cz,840,false,false,false,missing,false,true,gradient_only,2,1,16,1574,1436,0.667976415514299,3.499678131290764,missing
red3:lane1:snr12.0:seed4:frame20,12.0,20,profiled_cz,736,false,false,false,missing,false,true,gradient_only,0,1,16,1505,1505,1.017190143796245,1.017190143796245,missing
red3:lane1:snr12.0:seed4:frame21,12.0,21,profiled_cz,816,false,false,false,missing,false,true,gradient_only,6,1,16,1564,1529,1.3609076258560602,6.043842752619498,missing
red3:lane1:snr12.0:seed4:frame22,12.0,22,profiled_cz,1046,false,false,false,missing,false,true,gradient_only,3,1,16,1598,1523,2.1066681824956524,18.363563694241705,missing
red3:lane1:snr12.0:seed4:frame23,12.0,23,profiled_cz,752,false,false,false,missing,false,true,gradient_only,1,1,16,1581,1550,0.8255835309823962,4.720838603041144,missing
red3:lane1:snr12.0:seed4:frame24,12.0,24,profiled_cz,776,false,false,false,missing,false,true,gradient_only,4,1,16,1537,1496,4.213218729181348,8.423498066278684,missing
red3:lane1:snr12.0:seed4:frame25,12.0,25,profiled_cz,494,false,false,false,missing,false,true,gradient_only,0,1,16,1515,1515,0.6755586555504626,0.6755586555504626,missing
red3:lane1:snr12.0:seed4:frame26,12.0,26,profiled_cz,718,false,false,false,missing,false,true,gradient_only,5,1,16,1560,1513,0.9856114269877935,11.973051045721133,missing
red3:lane1:snr12.0:seed4:frame27,12.0,27,profiled_cz,931,false,false,false,missing,false,true,gradient_only,3,1,16,1574,1499,1.2210498869868187,20.762539702385098,missing
red3:lane1:snr12.0:seed4:frame28,12.0,28,profiled_cz,874,false,false,false,missing,false,true,gradient_only,7,1,16,1612,1535,0.7458400999792206,4.587393047921557,missing
red3:lane1:snr12.0:seed4:frame29,12.0,29,profiled_cz,884,false,false,false,missing,false,true,gradient_only,2,1,16,1571,1453,0.6331397752212099,22.772689563416126,missing
red3:lane1:snr12.0:seed4:frame30,12.0,30,profiled_cz,908,false,false,false,missing,false,true,gradient_only,1,1,16,1611,1567,0.7620715883589003,5.401171827662065,missing
red3:lane1:snr12.0:seed4:frame31,12.0,31,profiled_cz,817,false,false,false,missing,false,true,gradient_only,6,1,16,1528,1520,1.607821781866542,5.912128082028645,missing
red3:lane1:snr12.0:seed4:frame32,12.0,32,profiled_cz,966,false,false,false,missing,false,true,gradient_only,6,1,16,1578,1545,0.8804877293842959,7.07719807436452,missing
red3:lane1:snr12.0:seed4:frame33,12.0,33,profiled_cz,731,false,false,false,missing,false,true,gradient_only,8,1,16,1520,1465,0.813625820202287,71.92175884755459,missing
red3:lane1:snr12.0:seed4:frame34,12.0,34,profiled_cz,674,false,false,false,missing,false,true,gradient_only,6,1,16,1550,1535,1.4077590156948991,8.730649730653688,missing
red3:lane1:snr12.0:seed4:frame35,12.0,35,profiled_cz,860,false,false,false,missing,false,true,gradient_only,2,1,16,1556,1530,1.1092982558495676,6.612966834501978,missing
red3:lane1:snr12.0:seed4:frame36,12.0,36,profiled_cz,742,false,false,false,missing,false,true,gradient_only,8,1,16,1566,1486,0.7841045867943499,12.134847700590411,missing
red3:lane1:snr12.0:seed4:frame37,12.0,37,profiled_cz,663,false,false,false,missing,false,true,gradient_only,4,1,16,1550,1540,2.5191243165428543,5.220867425982439,missing
red3:lane1:snr12.0:seed4:frame38,12.0,38,profiled_cz,835,false,false,false,missing,false,true,gradient_only,3,1,16,1555,1525,1.044297699826199,317.8822039999036,missing
red3:lane1:snr12.0:seed4:frame39,12.0,39,profiled_cz,697,false,false,false,missing,false,true,gradient_only,0,1,16,1527,1527,3.6781347037621512,3.6781347037621512,missing
red3:lane1:snr12.0:seed4:frame40,12.0,40,profiled_cz,873,false,false,false,missing,false,true,gradient_only,5,1,16,1565,1504,0.8678165221406166,31.776818862896373,missing
red3:lane1:snr12.0:seed4:frame41,12.0,41,profiled_cz,925,false,false,false,missing,false,true,gradient_only,7,1,16,1583,1547,1.1103928168462143,9.548319297797688,missing
red3:lane1:snr12.0:seed4:frame42,12.0,42,profiled_cz,731,false,false,false,missing,false,true,gradient_only,3,1,16,1575,1553,1.0794759160685339,21.0417846387628,missing
red3:lane1:snr12.0:seed4:frame43,12.0,43,profiled_cz,1076,false,false,false,missing,false,true,gradient_only,2,1,16,1588,1490,0.5136043621709414,204.84724497491172,missing
red3:lane1:snr12.0:seed4:frame44,12.0,44,profiled_cz,696,false,false,false,missing,false,true,gradient_only,3,1,16,1563,1521,6.3890361803704065,5.583096378652345,missing
red3:lane1:snr12.0:seed4:frame45,12.0,45,profiled_cz,735,false,false,false,missing,false,true,gradient_only,8,1,16,1556,1539,1.1927365362599387,6.160250336805691,missing
red3:lane1:snr12.0:seed4:frame46,12.0,46,profiled_cz,1037,false,false,false,missing,false,true,gradient_only,1,1,16,1568,1524,1.400087206718277,19.01016997020035,missing
red3:lane1:snr12.0:seed4:frame47,12.0,47,profiled_cz,990,false,false,false,missing,false,true,gradient_only,3,1,16,1589,1532,12.88417573601523,10.87598593661281,missing
red3:lane1:snr12.0:seed4:frame48,12.0,48,profiled_cz,871,false,false,false,missing,false,true,gradient_only,7,1,16,1608,1473,0.9532083167475958,7.375159648844227,missing
red3:lane1:snr12.0:seed4:frame49,12.0,49,profiled_cz,882,false,false,false,missing,false,true,gradient_only,2,1,16,1570,1483,0.9396149481011357,7.432765450927707,missing
red3:lane1:snr12.0:seed4:frame50,12.0,50,profiled_cz,793,false,false,false,missing,false,true,gradient_only,1,1,16,1600,1515,0.7154088557488226,6.91652349008266,missing
red3:lane1:snr12.0:seed4:frame51,12.0,51,profiled_cz,812,false,false,false,missing,false,true,gradient_only,6,1,16,1575,1491,1.8735430723525217,5.395268320323967,missing
red3:lane1:snr12.0:seed4:frame52,12.0,52,profiled_cz,759,false,false,false,missing,false,true,gradient_only,6,1,16,1606,1521,1.5098863452711873,7.142723951968911,missing
red3:lane1:snr12.0:seed4:frame53,12.0,53,profiled_cz,795,false,false,false,missing,false,true,gradient_only,2,1,16,1592,1547,1.0772359008921795,6.302429684425223,missing
red3:lane1:snr12.0:seed4:frame54,12.0,54,profiled_cz,854,false,false,false,missing,false,true,gradient_only,3,1,16,1574,1513,2.233185975508071,952.1782083906331,missing
red3:lane1:snr12.0:seed4:frame55,12.0,55,profiled_cz,851,false,false,false,missing,false,true,gradient_only,3,1,16,1597,1461,6.5314963969730275,8.751281349964994,missing
red3:lane1:snr12.0:seed4:frame56,12.0,56,profiled_cz,769,false,false,false,missing,false,true,gradient_only,7,1,16,1592,1562,0.9309246947193478,6.3895578337652035,missing
red3:lane1:snr12.0:seed4:frame57,12.0,57,profiled_cz,842,false,false,false,missing,false,true,gradient_only,1,1,16,1597,1524,1.8437539387462314,9.464543713094658,missing
red3:lane1:snr12.0:seed4:frame58,12.0,58,profiled_cz,762,false,false,false,missing,false,true,gradient_only,5,1,16,1603,1537,1.1226525904449118,4.917791623249501,missing
red3:lane1:snr12.0:seed4:frame59,12.0,59,profiled_cz,810,false,false,false,missing,false,true,gradient_only,1,1,16,1545,1538,0.7875043379421404,16.24828726197331,missing
red3:lane1:snr12.0:seed4:frame60,12.0,60,profiled_cz,843,false,false,false,missing,false,true,gradient_only,4,1,16,1580,1494,0.8334377365721869,7.121466175122891,missing
red3:lane1:snr14.0:seed4:frame1,14.0,1,cwz_joint,765,false,false,false,missing,false,true,gradient_only,8,1,16,1523,1415,0.831803687546068,38.63167771471768,missing
red3:lane1:snr14.0:seed4:frame2,14.0,2,cwz_joint,755,false,false,false,missing,false,true,gradient_only,6,1,16,1560,1380,0.4764880181823898,33.36834095933524,missing
red3:lane1:snr14.0:seed4:frame3,14.0,3,cwz_joint,901,false,false,false,missing,false,true,gradient_only,8,1,16,1533,1337,0.6681290819831762,277.743849757405,missing
red3:lane1:snr14.0:seed4:frame4,14.0,4,cwz_joint,945,false,false,false,missing,false,true,gradient_only,8,1,16,1531,1381,0.7008562446891966,170.1943612382865,missing
red3:lane1:snr14.0:seed4:frame5,14.0,5,cwz_joint,765,false,false,false,missing,false,true,gradient_only,8,1,16,1533,1229,0.717588433347957,28.94287495660451,missing
red3:lane1:snr14.0:seed4:frame6,14.0,6,cwz_joint,797,false,false,false,missing,false,true,gradient_only,5,1,16,1559,1398,0.8771830820523031,28.85085143240999,missing
red3:lane1:snr14.0:seed4:frame7,14.0,7,cwz_joint,705,false,false,false,missing,false,true,gradient_only,8,1,16,1480,1224,0.9224670048663399,32.87808921949472,missing
red3:lane1:snr14.0:seed4:frame8,14.0,8,cwz_joint,745,false,false,false,missing,false,true,gradient_only,7,1,16,1550,1294,1.000276297232516,93.98931377397835,missing
red3:lane1:snr14.0:seed4:frame9,14.0,9,cwz_joint,820,false,false,false,missing,false,true,gradient_only,8,1,16,1541,1332,1.1742369802511958,21.697161512976667,missing
red3:lane1:snr14.0:seed4:frame10,14.0,10,cwz_joint,964,false,false,false,missing,false,true,gradient_only,8,1,16,1598,1226,0.5550496003368952,60.76767231329205,missing
red3:lane1:snr14.0:seed4:frame11,14.0,11,cwz_joint,944,false,false,false,missing,false,true,gradient_only,7,1,16,1574,1415,0.8135515852671967,33.911212945203495,missing
red3:lane1:snr14.0:seed4:frame12,14.0,12,cwz_joint,737,false,false,false,missing,false,true,gradient_only,8,1,16,1518,1322,1.612302088855697,471.2125661115795,missing
red3:lane1:snr14.0:seed4:frame13,14.0,13,cwz_joint,904,false,false,false,missing,false,true,gradient_only,8,1,16,1562,1325,1.8544223363982417,21.481591713651007,missing
red3:lane1:snr14.0:seed4:frame14,14.0,14,cwz_joint,977,false,false,false,missing,false,true,gradient_only,8,1,16,1571,1238,11.899046365667173,60.15752271523852,missing
red3:lane1:snr14.0:seed4:frame15,14.0,15,cwz_joint,801,false,false,false,missing,false,true,gradient_only,8,1,16,1531,1277,0.7564629001572319,18.25238130472396,missing
red3:lane1:snr14.0:seed4:frame16,14.0,16,cwz_joint,880,false,false,false,missing,false,true,gradient_only,8,1,16,1575,1351,0.6781318500738792,144.3267543604565,missing
red3:lane1:snr14.0:seed4:frame17,14.0,17,cwz_joint,779,false,false,false,missing,false,true,gradient_only,8,1,16,1504,1380,0.9910953304041049,131.60326183022443,missing
red3:lane1:snr14.0:seed4:frame18,14.0,18,cwz_joint,730,false,false,false,missing,false,true,gradient_only,8,1,16,1569,1318,0.7159162737022481,40.86059180888432,missing
red3:lane1:snr14.0:seed4:frame19,14.0,19,cwz_joint,915,false,false,false,missing,false,true,gradient_only,8,1,16,1581,1340,0.6054643836212936,14.51213068790975,missing
red3:lane1:snr14.0:seed4:frame20,14.0,20,cwz_joint,921,false,false,false,missing,false,true,gradient_only,8,1,16,1619,1444,0.747167064264905,27.323145795936792,missing
red3:lane1:snr14.0:seed4:frame21,14.0,21,cwz_joint,828,false,false,false,missing,false,true,gradient_only,8,1,16,1538,1254,0.8261572889023152,61.674227214109784,missing
red3:lane1:snr14.0:seed4:frame22,14.0,22,cwz_joint,1052,false,false,false,missing,false,true,gradient_only,8,1,16,1597,1379,0.7380996430689593,72.12731711357289,missing
red3:lane1:snr14.0:seed4:frame23,14.0,23,cwz_joint,776,false,false,false,missing,false,true,gradient_only,8,1,16,1529,1278,1.9405628026846933,53.40307993790562,missing
red3:lane1:snr14.0:seed4:frame24,14.0,24,cwz_joint,854,false,false,false,missing,false,true,gradient_only,8,1,16,1579,1304,1.0376692497686617,17.155394399020974,missing
red3:lane1:snr14.0:seed4:frame25,14.0,25,cwz_joint,687,false,false,false,missing,false,true,gradient_only,8,1,16,1499,1282,0.5425647775478835,20.811262332298654,missing
red3:lane1:snr14.0:seed4:frame26,14.0,26,cwz_joint,817,false,false,false,missing,false,true,gradient_only,7,1,16,1561,1377,1.0613478255079418,145.6354621091585,missing
red3:lane1:snr14.0:seed4:frame27,14.0,27,cwz_joint,988,false,false,false,missing,false,true,gradient_only,7,1,16,1579,1352,1.4841199028176257,54.77345580919176,missing
red3:lane1:snr14.0:seed4:frame28,14.0,28,cwz_joint,838,false,false,false,missing,false,true,gradient_only,8,1,16,1549,1233,1.103450588229298,28.294224006238895,missing
red3:lane1:snr14.0:seed4:frame29,14.0,29,cwz_joint,895,false,false,false,missing,false,true,gradient_only,7,1,16,1519,1288,1.8092436433589565,101.44072109142977,missing
red3:lane1:snr14.0:seed4:frame30,14.0,30,cwz_joint,931,false,false,false,missing,false,true,gradient_only,8,1,16,1555,1369,1.0045719667768578,28.29212041502219,missing
red3:lane1:snr14.0:seed4:frame31,14.0,31,cwz_joint,878,false,false,false,missing,false,true,gradient_only,8,1,16,1602,1301,2.2167848790692957,17.77977105365442,missing
red3:lane1:snr14.0:seed4:frame32,14.0,32,cwz_joint,968,false,false,false,missing,false,true,gradient_only,8,1,16,1573,1310,5.8876048900573394,31.154762026528935,missing
red3:lane1:snr14.0:seed4:frame33,14.0,33,cwz_joint,796,false,false,false,missing,false,true,gradient_only,8,1,16,1577,1341,0.8585388001653036,120.67646162368446,missing
red3:lane1:snr14.0:seed4:frame34,14.0,34,cwz_joint,657,false,false,false,missing,false,true,gradient_only,8,1,16,1545,1194,0.8605063322293727,77.31960809355938,missing
red3:lane1:snr14.0:seed4:frame35,14.0,35,cwz_joint,851,false,false,false,missing,false,true,gradient_only,8,1,16,1547,1181,1.7782953872413845,32.016671333995376,missing
red3:lane1:snr14.0:seed4:frame36,14.0,36,cwz_joint,857,false,false,false,missing,false,true,gradient_only,8,1,16,1545,1403,0.4874151379551812,208.80004774382112,missing
red3:lane1:snr14.0:seed4:frame37,14.0,37,cwz_joint,744,false,false,false,missing,false,true,gradient_only,8,1,16,1517,1340,0.5581792608463755,21.046242830480125,missing
red3:lane1:snr14.0:seed4:frame38,14.0,38,cwz_joint,831,false,false,false,missing,false,true,gradient_only,7,1,16,1542,1391,1.1994260428083579,59.39826781340362,missing
red3:lane1:snr14.0:seed4:frame39,14.0,39,cwz_joint,832,false,false,false,missing,false,true,gradient_only,8,1,16,1567,1359,0.8798260488309392,65.08649977316098,missing
red3:lane1:snr14.0:seed4:frame40,14.0,40,cwz_joint,796,false,false,false,missing,false,true,gradient_only,7,1,16,1506,1347,0.8045221519279188,92.44062001090096,missing
red3:lane1:snr14.0:seed4:frame41,14.0,41,cwz_joint,944,false,false,false,missing,false,true,gradient_only,8,1,16,1556,1254,0.8085406554113017,55.96553068565932,missing
red3:lane1:snr14.0:seed4:frame42,14.0,42,cwz_joint,734,false,false,false,missing,false,true,gradient_only,6,1,16,1536,1276,0.9351245786323233,51.86485693090687,missing
red3:lane1:snr14.0:seed4:frame43,14.0,43,cwz_joint,1106,false,false,false,missing,false,true,gradient_only,6,1,16,1577,1409,0.9525373490075416,273.87219748264425,missing
red3:lane1:snr14.0:seed4:frame44,14.0,44,cwz_joint,757,false,false,false,missing,false,true,gradient_only,8,1,16,1556,1423,0.6443883713066323,113.53128936017816,missing
red3:lane1:snr14.0:seed4:frame45,14.0,45,cwz_joint,812,false,false,false,missing,false,true,gradient_only,8,1,16,1492,1374,0.6534715275055991,32.388268654972904,missing
red3:lane1:snr14.0:seed4:frame46,14.0,46,cwz_joint,992,false,false,false,missing,false,true,gradient_only,8,1,16,1559,1384,0.9363174707745721,38.456743382884646,missing
red3:lane1:snr14.0:seed4:frame47,14.0,47,cwz_joint,971,false,false,false,missing,false,true,gradient_only,7,1,16,1561,1334,11.525504459986228,86.82910383675109,missing
red3:lane1:snr14.0:seed4:frame48,14.0,48,cwz_joint,874,false,false,false,missing,false,true,gradient_only,8,1,16,1549,1334,1.4732464990218952,36.63850581160226,missing
red3:lane1:snr14.0:seed4:frame49,14.0,49,cwz_joint,913,false,false,false,missing,false,true,gradient_only,8,1,16,1563,1328,1.1521032785231209,21.498087044879856,missing
red3:lane1:snr14.0:seed4:frame50,14.0,50,cwz_joint,898,false,false,false,missing,false,true,gradient_only,8,1,16,1588,1458,3.1126451159006105,179.10162607067673,missing
red3:lane1:snr14.0:seed4:frame51,14.0,51,cwz_joint,849,false,false,false,missing,false,true,gradient_only,8,1,16,1559,1313,0.710243553707058,20.902603024754345,missing
red3:lane1:snr14.0:seed4:frame52,14.0,52,cwz_joint,808,false,false,false,missing,false,true,gradient_only,8,1,16,1560,1316,0.8029417302525323,45.482991469002265,missing
red3:lane1:snr14.0:seed4:frame53,14.0,53,cwz_joint,809,false,false,false,missing,false,true,gradient_only,8,1,16,1556,1272,0.7697991468033245,25.309593134054143,missing
red3:lane1:snr14.0:seed4:frame54,14.0,54,cwz_joint,876,false,false,false,missing,false,true,gradient_only,6,1,16,1554,1428,0.6764133959265486,245.24752459601223,missing
red3:lane1:snr14.0:seed4:frame55,14.0,55,cwz_joint,868,false,false,false,missing,false,true,gradient_only,7,1,16,1625,1323,0.8534627118683954,21.475316877197326,missing
red3:lane1:snr14.0:seed4:frame56,14.0,56,cwz_joint,777,false,false,false,missing,false,true,gradient_only,7,1,16,1511,1269,1.029177727354418,47.398347915366706,missing
red3:lane1:snr14.0:seed4:frame57,14.0,57,cwz_joint,909,false,false,false,missing,false,true,gradient_only,8,1,16,1546,1373,0.5738395048412678,41.551017579124625,missing
red3:lane1:snr14.0:seed4:frame58,14.0,58,cwz_joint,859,false,false,false,missing,false,true,gradient_only,7,1,16,1564,1365,5.0970677794512715,28.700922951146897,missing
red3:lane1:snr14.0:seed4:frame59,14.0,59,cwz_joint,840,false,false,false,missing,false,true,gradient_only,8,1,16,1548,1293,0.8288192224064476,42.358647659553,missing
red3:lane1:snr14.0:seed4:frame60,14.0,60,cwz_joint,910,false,false,false,missing,false,true,gradient_only,8,1,16,1584,1392,3.361847134563705,23.78400161891126,missing
red3:lane1:snr14.0:seed4:frame1,14.0,1,profiled_cz,615,false,false,false,missing,false,true,gradient_only,5,1,16,1523,1461,0.831803687546068,6.891180968040348,missing
red3:lane1:snr14.0:seed4:frame2,14.0,2,profiled_cz,655,false,false,false,missing,false,true,gradient_only,5,1,16,1560,1519,0.4764880181823898,7.0868678783046475,missing
red3:lane1:snr14.0:seed4:frame3,14.0,3,profiled_cz,711,false,false,false,missing,false,true,gradient_only,8,1,16,1533,1473,0.6681290819831762,18.66317715531427,missing
red3:lane1:snr14.0:seed4:frame4,14.0,4,profiled_cz,861,false,false,false,missing,false,true,gradient_only,3,1,16,1531,1496,0.7008562446891966,16.34861316132345,missing
red3:lane1:snr14.0:seed4:frame5,14.0,5,profiled_cz,657,false,false,false,missing,false,true,gradient_only,7,1,16,1533,1469,0.717588433347957,5.228208528817783,missing
red3:lane1:snr14.0:seed4:frame6,14.0,6,profiled_cz,708,false,false,false,missing,false,true,gradient_only,2,1,16,1559,1505,0.8771830820523031,4.731454537887729,missing
red3:lane1:snr14.0:seed4:frame7,14.0,7,profiled_cz,515,false,false,false,missing,false,true,gradient_only,0,1,16,1480,1480,0.9224670048663399,0.9224670048663399,missing
red3:lane1:snr14.0:seed4:frame8,14.0,8,profiled_cz,685,false,false,false,missing,false,true,gradient_only,8,1,16,1550,1514,1.000276297232516,14.080865995598385,missing
red3:lane1:snr14.0:seed4:frame9,14.0,9,profiled_cz,733,false,false,false,missing,false,true,gradient_only,3,1,16,1541,1521,1.1742369802511958,3.8113985077387396,missing
red3:lane1:snr14.0:seed4:frame10,14.0,10,profiled_cz,913,false,false,false,missing,false,true,gradient_only,5,1,16,1598,1503,0.5550496003368952,32.74702973659623,missing
red3:lane1:snr14.0:seed4:frame11,14.0,11,profiled_cz,857,false,false,false,missing,false,true,gradient_only,2,1,16,1574,1534,0.8135515852671967,5.815240898491012,missing
red3:lane1:snr14.0:seed4:frame12,14.0,12,profiled_cz,631,false,false,false,missing,false,true,gradient_only,4,1,16,1518,1484,1.612302088855697,14.90108219536326,missing
red3:lane1:snr14.0:seed4:frame13,14.0,13,profiled_cz,817,false,false,false,missing,false,true,gradient_only,4,1,16,1562,1511,1.8544223363982417,4.1761215176580695,missing
red3:lane1:snr14.0:seed4:frame14,14.0,14,profiled_cz,920,false,false,false,missing,false,true,gradient_only,6,1,16,1571,1498,11.899046365667173,11.97274364462016,missing
red3:lane1:snr14.0:seed4:frame15,14.0,15,profiled_cz,779,false,false,false,missing,false,true,gradient_only,7,1,16,1531,1524,0.7564629001572319,3.4878197113302996,missing
red3:lane1:snr14.0:seed4:frame16,14.0,16,profiled_cz,767,false,false,false,missing,false,true,gradient_only,7,1,16,1575,1533,0.6781318500738792,14.639773397292402,missing
red3:lane1:snr14.0:seed4:frame17,14.0,17,profiled_cz,500,false,false,false,missing,false,true,gradient_only,0,1,16,1504,1504,0.9910953304041049,0.9910953304041049,missing
red3:lane1:snr14.0:seed4:frame18,14.0,18,profiled_cz,609,false,false,false,missing,false,true,gradient_only,7,1,16,1569,1465,0.7159162737022481,44.794655083929676,missing
red3:lane1:snr14.0:seed4:frame19,14.0,19,profiled_cz,833,false,false,false,missing,false,true,gradient_only,8,1,16,1581,1496,0.6054643836212936,3.1412862351357678,missing
red3:lane1:snr14.0:seed4:frame20,14.0,20,profiled_cz,845,false,false,false,missing,false,true,gradient_only,6,1,16,1619,1546,0.747167064264905,12.884659352820146,missing
red3:lane1:snr14.0:seed4:frame21,14.0,21,profiled_cz,609,false,false,false,missing,false,true,gradient_only,0,1,16,1538,1538,0.8261572889023152,0.8261572889023152,missing
red3:lane1:snr14.0:seed4:frame22,14.0,22,profiled_cz,944,false,false,false,missing,false,true,gradient_only,3,1,16,1597,1496,0.7380996430689593,6.11891313655571,missing
red3:lane1:snr14.0:seed4:frame23,14.0,23,profiled_cz,687,false,false,false,missing,false,true,gradient_only,8,1,16,1529,1465,1.9405628026846933,3.878604786278279,missing
red3:lane1:snr14.0:seed4:frame24,14.0,24,profiled_cz,709,false,false,false,missing,false,true,gradient_only,8,1,16,1579,1482,1.0376692497686617,4.760673074853469,missing
red3:lane1:snr14.0:seed4:frame25,14.0,25,profiled_cz,444,false,false,false,missing,false,true,gradient_only,0,1,16,1499,1499,0.5425647775478835,0.5425647775478835,missing
red3:lane1:snr14.0:seed4:frame26,14.0,26,profiled_cz,740,false,false,false,missing,false,true,gradient_only,2,1,16,1561,1524,1.0613478255079418,31.4541088052444,missing
red3:lane1:snr14.0:seed4:frame27,14.0,27,profiled_cz,919,false,false,false,missing,false,true,gradient_only,5,1,16,1579,1537,1.4841199028176257,16.59468826414663,missing
red3:lane1:snr14.0:seed4:frame28,14.0,28,profiled_cz,797,false,false,false,missing,false,true,gradient_only,8,1,16,1549,1520,1.103450588229298,4.939639521057462,missing
red3:lane1:snr14.0:seed4:frame29,14.0,29,profiled_cz,839,false,false,false,missing,false,true,gradient_only,8,1,16,1519,1503,1.8092436433589565,20.605763431629896,missing
red3:lane1:snr14.0:seed4:frame30,14.0,30,profiled_cz,842,false,false,false,missing,false,true,gradient_only,8,1,16,1555,1491,1.0045719667768578,4.1658211841580925,missing
red3:lane1:snr14.0:seed4:frame31,14.0,31,profiled_cz,778,false,false,false,missing,false,true,gradient_only,1,1,16,1602,1541,2.2167848790692957,4.858702968177464,missing
red3:lane1:snr14.0:seed4:frame32,14.0,32,profiled_cz,881,false,false,false,missing,false,true,gradient_only,5,1,16,1573,1541,5.8876048900573394,5.506763263665324,missing
red3:lane1:snr14.0:seed4:frame33,14.0,33,profiled_cz,680,false,false,false,missing,false,true,gradient_only,1,1,16,1577,1507,0.8585388001653036,123.28238824474833,missing
red3:lane1:snr14.0:seed4:frame34,14.0,34,profiled_cz,636,false,false,false,missing,false,true,gradient_only,4,1,16,1545,1471,0.8605063322293727,8.592852705958721,missing
red3:lane1:snr14.0:seed4:frame35,14.0,35,profiled_cz,770,false,false,false,missing,false,true,gradient_only,3,1,16,1547,1540,1.7782953872413845,6.223496313275926,missing
red3:lane1:snr14.0:seed4:frame36,14.0,36,profiled_cz,747,false,false,false,missing,false,true,gradient_only,6,1,16,1545,1495,0.4874151379551812,17.437326720645856,missing
red3:lane1:snr14.0:seed4:frame37,14.0,37,profiled_cz,456,false,false,false,missing,false,true,gradient_only,0,1,16,1517,1517,0.5581792608463755,0.5581792608463755,missing
red3:lane1:snr14.0:seed4:frame38,14.0,38,profiled_cz,785,false,false,false,missing,false,true,gradient_only,4,1,16,1542,1524,1.1994260428083579,12.324218411625724,missing
red3:lane1:snr14.0:seed4:frame39,14.0,39,profiled_cz,708,false,false,false,missing,false,true,gradient_only,4,1,16,1567,1526,0.8798260488309392,47.300549158006,missing
red3:lane1:snr14.0:seed4:frame40,14.0,40,profiled_cz,750,false,false,false,missing,false,true,gradient_only,4,1,16,1506,1473,0.8045221519279188,37.590891526184784,missing
red3:lane1:snr14.0:seed4:frame41,14.0,41,profiled_cz,837,false,false,false,missing,false,true,gradient_only,5,1,16,1556,1488,0.8085406554113017,6.195062996981425,missing
red3:lane1:snr14.0:seed4:frame42,14.0,42,profiled_cz,661,false,false,false,missing,false,true,gradient_only,3,1,16,1536,1492,0.9351245786323233,19.783671112045713,missing
red3:lane1:snr14.0:seed4:frame43,14.0,43,profiled_cz,1056,false,false,false,missing,false,true,gradient_only,3,1,16,1577,1475,0.9525373490075416,378.765493726338,missing
red3:lane1:snr14.0:seed4:frame44,14.0,44,profiled_cz,646,false,false,false,missing,false,true,gradient_only,7,1,16,1556,1544,0.6443883713066323,6.790124300292252,missing
red3:lane1:snr14.0:seed4:frame45,14.0,45,profiled_cz,536,false,false,false,missing,false,true,gradient_only,0,1,16,1492,1492,0.6534715275055991,0.6534715275055991,missing
red3:lane1:snr14.0:seed4:frame46,14.0,46,profiled_cz,898,false,false,false,missing,false,true,gradient_only,4,1,16,1559,1517,0.9363174707745721,7.778688153348317,missing
red3:lane1:snr14.0:seed4:frame47,14.0,47,profiled_cz,892,false,false,false,missing,false,true,gradient_only,7,1,16,1561,1539,11.525504459986228,9.56233565260122,missing
red3:lane1:snr14.0:seed4:frame48,14.0,48,profiled_cz,769,false,false,false,missing,false,true,gradient_only,1,1,16,1549,1523,1.4732464990218952,9.18001730835066,missing
red3:lane1:snr14.0:seed4:frame49,14.0,49,profiled_cz,823,false,false,false,missing,false,true,gradient_only,3,1,16,1563,1499,1.1521032785231209,9.08334440107782,missing
red3:lane1:snr14.0:seed4:frame50,14.0,50,profiled_cz,752,false,false,false,missing,false,true,gradient_only,4,1,16,1588,1541,3.1126451159006105,7.096420097972017,missing
red3:lane1:snr14.0:seed4:frame51,14.0,51,profiled_cz,773,false,false,false,missing,false,true,gradient_only,7,1,16,1559,1532,0.710243553707058,5.710959697397943,missing
red3:lane1:snr14.0:seed4:frame52,14.0,52,profiled_cz,717,false,false,false,missing,false,true,gradient_only,3,1,16,1560,1533,0.8029417302525323,10.630533153849434,missing
red3:lane1:snr14.0:seed4:frame53,14.0,53,profiled_cz,720,false,false,false,missing,false,true,gradient_only,3,1,16,1556,1523,0.7697991468033245,5.011457809731951,missing
red3:lane1:snr14.0:seed4:frame54,14.0,54,profiled_cz,792,false,false,false,missing,false,true,gradient_only,3,1,16,1554,1529,0.6764133959265486,69.28453944438989,missing
red3:lane1:snr14.0:seed4:frame55,14.0,55,profiled_cz,788,false,false,false,missing,false,true,gradient_only,8,1,16,1625,1533,0.8534627118683954,6.353786489361919,missing
red3:lane1:snr14.0:seed4:frame56,14.0,56,profiled_cz,536,false,false,false,missing,false,true,gradient_only,0,1,16,1511,1511,1.029177727354418,1.029177727354418,missing
red3:lane1:snr14.0:seed4:frame57,14.0,57,profiled_cz,838,false,false,false,missing,false,true,gradient_only,4,1,16,1546,1510,0.5738395048412678,18.882660080524165,missing
red3:lane1:snr14.0:seed4:frame58,14.0,58,profiled_cz,708,false,false,false,missing,false,true,gradient_only,5,1,16,1564,1505,5.0970677794512715,3.9411152081598275,missing
red3:lane1:snr14.0:seed4:frame59,14.0,59,profiled_cz,710,false,false,false,missing,false,true,gradient_only,6,1,16,1548,1493,0.8288192224064476,11.912780095117098,missing
red3:lane1:snr14.0:seed4:frame60,14.0,60,profiled_cz,767,false,false,false,missing,false,true,gradient_only,6,1,16,1584,1480,3.361847134563705,5.68790475802698,missing
red3:lane1:snr16.0:seed4:frame1,16.0,1,cwz_joint,622,false,false,false,missing,false,true,gradient_only,8,1,16,1458,1249,0.48232906166854905,37.43023491905617,missing
red3:lane1:snr16.0:seed4:frame2,16.0,2,cwz_joint,723,false,false,false,missing,false,true,gradient_only,8,1,16,1521,1377,0.4228615009045308,26.701126700131955,missing
red3:lane1:snr16.0:seed4:frame3,16.0,3,cwz_joint,808,false,false,false,missing,false,true,gradient_only,8,1,16,1561,1314,0.464544975366066,198.60493702120024,missing
red3:lane1:snr16.0:seed4:frame4,16.0,4,cwz_joint,878,false,false,false,missing,false,true,gradient_only,8,1,16,1549,1306,44.24711790276064,181.35079294290279,missing
red3:lane1:snr16.0:seed4:frame5,16.0,5,cwz_joint,660,false,false,false,missing,false,true,gradient_only,8,1,16,1530,1266,0.7132850590176782,25.429127355623987,missing
red3:lane1:snr16.0:seed4:frame6,16.0,6,cwz_joint,798,false,false,false,missing,false,true,gradient_only,8,1,16,1529,1259,0.5558489412948495,18.388843513027073,missing
red3:lane1:snr16.0:seed4:frame7,16.0,7,cwz_joint,721,false,false,false,missing,false,true,gradient_only,8,1,16,1477,1302,0.45132768858839906,27.558441433563257,missing
red3:lane1:snr16.0:seed4:frame8,16.0,8,cwz_joint,623,false,false,false,missing,false,true,gradient_only,7,1,16,1499,1262,0.8159856532035384,69.97758027770583,missing
red3:lane1:snr16.0:seed4:frame9,16.0,9,cwz_joint,772,false,false,false,missing,false,true,gradient_only,8,1,16,1539,1361,1.0507913660036563,19.35650815329201,missing
red3:lane1:snr16.0:seed4:frame10,16.0,10,cwz_joint,941,false,false,false,missing,false,true,gradient_only,8,1,16,1552,1297,0.5915465363608632,46.47746336041991,missing
red3:lane1:snr16.0:seed4:frame11,16.0,11,cwz_joint,840,false,false,false,missing,false,true,gradient_only,8,1,16,1508,1315,0.4449231552801983,27.711192462790567,missing
red3:lane1:snr16.0:seed4:frame12,16.0,12,cwz_joint,709,false,false,false,missing,false,true,gradient_only,8,1,16,1453,1362,0.5737039741501897,352.5135531009244,missing
red3:lane1:snr16.0:seed4:frame13,16.0,13,cwz_joint,799,false,false,false,missing,false,true,gradient_only,8,1,16,1572,1266,1.6376016840836614,18.154459938932003,missing
red3:lane1:snr16.0:seed4:frame14,16.0,14,cwz_joint,932,false,false,false,missing,false,true,gradient_only,6,1,16,1545,1378,1.0310849223747205,41.90230494540544,missing
red3:lane1:snr16.0:seed4:frame15,16.0,15,cwz_joint,822,false,false,false,missing,false,true,gradient_only,8,1,16,1592,1135,0.6167824765530804,16.212594322917322,missing
red3:lane1:snr16.0:seed4:frame16,16.0,16,cwz_joint,812,false,false,false,missing,false,true,gradient_only,7,1,16,1596,1312,1.0676941233714476,129.85963395567939,missing
red3:lane1:snr16.0:seed4:frame17,16.0,17,cwz_joint,666,false,false,false,missing,false,true,gradient_only,7,1,16,1559,1315,0.5101641843327018,322.38513031859003,missing
red3:lane1:snr16.0:seed4:frame18,16.0,18,cwz_joint,715,false,false,false,missing,false,true,gradient_only,8,1,16,1544,1344,7.456661947774616,30.013158533538455,missing
red3:lane1:snr16.0:seed4:frame19,16.0,19,cwz_joint,790,false,false,false,missing,false,true,gradient_only,8,1,16,1543,1364,0.5131568241799617,13.030082308721154,missing
red3:lane1:snr16.0:seed4:frame20,16.0,20,cwz_joint,829,false,false,false,missing,false,true,gradient_only,7,1,16,1575,1268,0.9971430905477728,26.57256834683188,missing
red3:lane1:snr16.0:seed4:frame21,16.0,21,cwz_joint,784,false,false,false,missing,false,true,gradient_only,7,1,16,1513,1271,84.01989972514161,64.15685135985298,missing
red3:lane1:snr16.0:seed4:frame22,16.0,22,cwz_joint,907,false,false,false,missing,false,true,gradient_only,8,1,16,1558,1287,1.2600610534085752,70.1044873247434,missing
red3:lane1:snr16.0:seed4:frame23,16.0,23,cwz_joint,713,false,false,false,missing,false,true,gradient_only,8,1,16,1517,1376,1.1123407042040063,44.261776903702206,missing
red3:lane1:snr16.0:seed4:frame24,16.0,24,cwz_joint,718,false,false,false,missing,false,true,gradient_only,8,1,16,1547,1245,0.9293396752547919,15.081092524761843,missing
red3:lane1:snr16.0:seed4:frame25,16.0,25,cwz_joint,610,false,false,false,missing,false,true,gradient_only,8,1,16,1468,1260,6.026443952863619,19.39970013965676,missing
red3:lane1:snr16.0:seed4:frame26,16.0,26,cwz_joint,800,false,false,false,missing,false,true,gradient_only,8,1,16,1539,1396,0.8530812836301495,119.43944606031165,missing
red3:lane1:snr16.0:seed4:frame27,16.0,27,cwz_joint,896,false,false,false,missing,false,true,gradient_only,8,1,16,1601,1258,0.8899788084789125,52.12610159780399,missing
red3:lane1:snr16.0:seed4:frame28,16.0,28,cwz_joint,824,false,false,false,missing,false,true,gradient_only,7,1,16,1598,1216,0.45636468536834646,29.660319657546673,missing
red3:lane1:snr16.0:seed4:frame29,16.0,29,cwz_joint,928,false,false,false,missing,false,true,gradient_only,8,1,16,1594,1360,0.49368012662087274,73.0474775540179,missing
red3:lane1:snr16.0:seed4:frame30,16.0,30,cwz_joint,854,false,false,false,missing,false,true,gradient_only,8,1,16,1550,1398,0.5557599444696354,20.987246207201785,missing
red3:lane1:snr16.0:seed4:frame31,16.0,31,cwz_joint,818,false,false,false,missing,false,true,gradient_only,8,1,16,1605,1357,1.244080130736682,15.509809105381064,missing
red3:lane1:snr16.0:seed4:frame32,16.0,32,cwz_joint,935,false,false,false,missing,false,true,gradient_only,8,1,16,1607,1399,0.6196096081613414,27.18832746196644,missing
red3:lane1:snr16.0:seed4:frame33,16.0,33,cwz_joint,792,false,false,false,missing,false,true,gradient_only,8,1,16,1497,1335,0.928101785617665,82.25192085801334,missing
red3:lane1:snr16.0:seed4:frame34,16.0,34,cwz_joint,568,false,false,false,missing,false,true,gradient_only,6,1,16,1481,1293,0.5095247404979386,119.89358144333828,missing
red3:lane1:snr16.0:seed4:frame35,16.0,35,cwz_joint,800,false,false,false,missing,false,true,gradient_only,8,1,16,1561,1383,1.6708836498398283,26.177259194751144,missing
red3:lane1:snr16.0:seed4:frame36,16.0,36,cwz_joint,774,false,false,false,missing,false,true,gradient_only,8,1,16,1536,1243,0.4761945227852595,460.66334897060176,missing
red3:lane1:snr16.0:seed4:frame37,16.0,37,cwz_joint,666,false,false,false,missing,false,true,gradient_only,7,1,16,1562,1355,0.727860268287607,20.799134170399537,missing
red3:lane1:snr16.0:seed4:frame38,16.0,38,cwz_joint,830,false,false,false,missing,false,true,gradient_only,8,1,16,1574,1328,0.8304023830083667,44.00846616590463,missing
red3:lane1:snr16.0:seed4:frame39,16.0,39,cwz_joint,727,false,false,false,missing,false,true,gradient_only,8,1,16,1541,1139,0.5581577688867171,49.031953248940916,missing
red3:lane1:snr16.0:seed4:frame40,16.0,40,cwz_joint,786,false,false,false,missing,false,true,gradient_only,8,1,16,1528,1377,0.5031411704072953,75.81325947712224,missing
red3:lane1:snr16.0:seed4:frame41,16.0,41,cwz_joint,858,false,false,false,missing,false,true,gradient_only,8,1,16,1556,1362,0.6069170349564136,35.40111006728979,missing
red3:lane1:snr16.0:seed4:frame42,16.0,42,cwz_joint,716,false,false,false,missing,false,true,gradient_only,7,1,16,1525,1370,1.0227590570068301,32.16657093877433,missing
red3:lane1:snr16.0:seed4:frame43,16.0,43,cwz_joint,1053,false,false,false,missing,false,true,gradient_only,7,1,16,1579,1328,0.927203599399401,184.41166709334902,missing
red3:lane1:snr16.0:seed4:frame44,16.0,44,cwz_joint,662,false,false,false,missing,false,true,gradient_only,8,1,16,1537,1289,0.5642342318835296,71.23712872089078,missing
red3:lane1:snr16.0:seed4:frame45,16.0,45,cwz_joint,730,false,false,false,missing,false,true,gradient_only,6,1,16,1552,1333,0.5320196737222338,30.26943180674585,missing
red3:lane1:snr16.0:seed4:frame46,16.0,46,cwz_joint,1021,false,false,false,missing,false,true,gradient_only,7,1,16,1595,1405,0.8365786252344629,32.651401077742904,missing
red3:lane1:snr16.0:seed4:frame47,16.0,47,cwz_joint,931,false,false,false,missing,false,true,gradient_only,7,1,16,1579,1411,0.8761818746782382,73.78875026646668,missing
red3:lane1:snr16.0:seed4:frame48,16.0,48,cwz_joint,812,false,false,false,missing,false,true,gradient_only,6,1,16,1544,1389,0.46889601071379255,36.139571012227,missing
red3:lane1:snr16.0:seed4:frame49,16.0,49,cwz_joint,873,false,false,false,missing,false,true,gradient_only,8,1,16,1519,1385,0.4839857319404886,17.971178840734208,missing
red3:lane1:snr16.0:seed4:frame50,16.0,50,cwz_joint,798,false,false,false,missing,false,true,gradient_only,8,1,16,1547,1403,0.6957542887423095,589.2411899885102,missing
red3:lane1:snr16.0:seed4:frame51,16.0,51,cwz_joint,765,false,false,false,missing,false,true,gradient_only,8,1,16,1568,1224,0.7454287119229323,17.10981432806646,missing
red3:lane1:snr16.0:seed4:frame52,16.0,52,cwz_joint,774,false,false,false,missing,false,true,gradient_only,8,1,16,1509,1256,1.6527148387069446,35.48072088815846,missing
red3:lane1:snr16.0:seed4:frame53,16.0,53,cwz_joint,848,false,false,false,missing,false,true,gradient_only,8,1,16,1515,1362,0.904194746843744,22.612545074623075,missing
red3:lane1:snr16.0:seed4:frame54,16.0,54,cwz_joint,821,false,false,false,missing,false,true,gradient_only,7,1,16,1579,1305,0.7258633694464285,135.164067294871,missing
red3:lane1:snr16.0:seed4:frame55,16.0,55,cwz_joint,815,false,false,false,missing,false,true,gradient_only,8,1,16,1553,1272,0.775834003540709,17.901780757977246,missing
red3:lane1:snr16.0:seed4:frame56,16.0,56,cwz_joint,724,false,false,false,missing,false,true,gradient_only,8,1,16,1595,1290,1.3437975346425037,40.49790254253933,missing
red3:lane1:snr16.0:seed4:frame57,16.0,57,cwz_joint,816,false,false,false,missing,false,true,gradient_only,7,1,16,1557,1276,5.409357118101651,42.1275048048852,missing
red3:lane1:snr16.0:seed4:frame58,16.0,58,cwz_joint,805,false,false,false,missing,false,true,gradient_only,8,1,16,1554,1337,3.124700108903665,22.89624753512504,missing
red3:lane1:snr16.0:seed4:frame59,16.0,59,cwz_joint,744,false,false,false,missing,false,true,gradient_only,6,1,16,1577,1272,0.7593261773341927,43.092230608916026,missing
red3:lane1:snr16.0:seed4:frame60,16.0,60,cwz_joint,730,false,false,false,missing,false,true,gradient_only,7,1,16,1501,1254,0.5614740764770859,19.12042095090342,missing
red3:lane1:snr16.0:seed4:frame1,16.0,1,profiled_cz,396,false,false,false,missing,false,true,gradient_only,0,1,16,1458,1458,0.48232906166854905,0.48232906166854905,missing
red3:lane1:snr16.0:seed4:frame2,16.0,2,profiled_cz,592,false,false,false,missing,false,true,gradient_only,4,1,16,1521,1497,0.4228615009045308,5.72137112011237,missing
red3:lane1:snr16.0:seed4:frame3,16.0,3,profiled_cz,723,false,false,false,missing,false,true,gradient_only,4,1,16,1561,1541,0.464544975366066,12.966533560769037,missing
red3:lane1:snr16.0:seed4:frame4,16.0,4,profiled_cz,791,false,false,false,missing,false,true,gradient_only,2,1,16,1549,1475,44.24711790276064,9.055494452908984,missing
red3:lane1:snr16.0:seed4:frame5,16.0,5,profiled_cz,541,false,false,false,missing,false,true,gradient_only,3,1,16,1530,1479,0.7132850590176782,34.90416625388656,missing
red3:lane1:snr16.0:seed4:frame6,16.0,6,profiled_cz,700,false,false,false,missing,false,true,gradient_only,1,1,16,1529,1504,0.5558489412948495,3.018000744016226,missing
red3:lane1:snr16.0:seed4:frame7,16.0,7,profiled_cz,480,false,false,false,missing,false,true,gradient_only,0,1,16,1477,1477,0.45132768858839906,0.45132768858839906,missing
red3:lane1:snr16.0:seed4:frame8,16.0,8,profiled_cz,425,false,false,false,missing,false,true,gradient_only,0,1,16,1499,1499,0.8159856532035384,0.8159856532035384,missing
red3:lane1:snr16.0:seed4:frame9,16.0,9,profiled_cz,628,false,false,false,missing,false,true,gradient_only,4,1,16,1539,1505,1.0507913660036563,3.6621290567259352,missing
red3:lane1:snr16.0:seed4:frame10,16.0,10,profiled_cz,797,false,false,false,missing,false,true,gradient_only,1,1,16,1552,1546,0.5915465363608632,19.790679889503927,missing
red3:lane1:snr16.0:seed4:frame11,16.0,11,profiled_cz,671,false,false,false,missing,false,true,gradient_only,0,1,16,1508,1508,0.4449231552801983,0.4449231552801983,missing
red3:lane1:snr16.0:seed4:frame12,16.0,12,profiled_cz,403,false,false,false,missing,false,true,gradient_only,0,1,16,1453,1453,0.5737039741501897,0.5737039741501897,missing
red3:lane1:snr16.0:seed4:frame13,16.0,13,profiled_cz,698,false,false,false,missing,false,true,gradient_only,3,1,16,1572,1479,1.6376016840836614,3.0291454233796067,missing
red3:lane1:snr16.0:seed4:frame14,16.0,14,profiled_cz,729,false,false,false,missing,false,true,gradient_only,0,1,16,1545,1545,1.0310849223747205,1.0310849223747205,missing
red3:lane1:snr16.0:seed4:frame15,16.0,15,profiled_cz,703,false,false,false,missing,false,true,gradient_only,3,1,16,1592,1451,0.6167824765530804,3.113523209670365,missing
red3:lane1:snr16.0:seed4:frame16,16.0,16,profiled_cz,699,false,false,false,missing,false,true,gradient_only,1,1,16,1596,1542,1.0676941233714476,68.93569062764468,missing
red3:lane1:snr16.0:seed4:frame17,16.0,17,profiled_cz,542,false,false,false,missing,false,true,gradient_only,8,1,16,1559,1485,0.5101641843327018,11.506658262916702,missing
red3:lane1:snr16.0:seed4:frame18,16.0,18,profiled_cz,608,false,false,false,missing,false,true,gradient_only,7,1,16,1544,1507,7.456661947774616,15.871599897610274,missing
red3:lane1:snr16.0:seed4:frame19,16.0,19,profiled_cz,743,false,false,false,missing,false,true,gradient_only,4,1,16,1543,1505,0.5131568241799617,2.7432447935808404,missing
red3:lane1:snr16.0:seed4:frame20,16.0,20,profiled_cz,813,false,false,false,missing,false,true,gradient_only,1,1,16,1575,1529,0.9971430905477728,4.937101286502377,missing
red3:lane1:snr16.0:seed4:frame21,16.0,21,profiled_cz,522,false,false,false,missing,false,true,gradient_only,0,1,16,1513,1513,84.01989972514161,84.01989972514161,missing
red3:lane1:snr16.0:seed4:frame22,16.0,22,profiled_cz,829,false,false,false,missing,false,true,gradient_only,2,1,16,1558,1473,1.2600610534085752,4.714601880600703,missing
red3:lane1:snr16.0:seed4:frame23,16.0,23,profiled_cz,574,false,false,false,missing,false,true,gradient_only,5,1,16,1517,1490,1.1123407042040063,3.2017906215055723,missing
red3:lane1:snr16.0:seed4:frame24,16.0,24,profiled_cz,688,false,false,false,missing,false,true,gradient_only,5,1,16,1547,1535,0.9293396752547919,4.422869268846093,missing
red3:lane1:snr16.0:seed4:frame25,16.0,25,profiled_cz,368,false,false,false,missing,false,true,gradient_only,0,1,16,1468,1468,6.026443952863619,6.026443952863619,missing
red3:lane1:snr16.0:seed4:frame26,16.0,26,profiled_cz,691,false,false,false,missing,false,true,gradient_only,6,1,16,1539,1487,0.8530812836301495,30.46165517292903,missing
red3:lane1:snr16.0:seed4:frame27,16.0,27,profiled_cz,812,false,false,false,missing,false,true,gradient_only,8,1,16,1601,1570,0.8899788084789125,29.25985520427882,missing
red3:lane1:snr16.0:seed4:frame28,16.0,28,profiled_cz,782,false,false,false,missing,false,true,gradient_only,1,1,16,1598,1562,0.45636468536834646,4.417534944125021,missing
red3:lane1:snr16.0:seed4:frame29,16.0,29,profiled_cz,809,false,false,false,missing,false,true,gradient_only,1,1,16,1594,1536,0.49368012662087274,10.948572018686129,missing
red3:lane1:snr16.0:seed4:frame30,16.0,30,profiled_cz,778,false,false,false,missing,false,true,gradient_only,3,1,16,1550,1542,0.5557599444696354,3.54151962295291,missing
red3:lane1:snr16.0:seed4:frame31,16.0,31,profiled_cz,731,false,false,false,missing,false,true,gradient_only,6,1,16,1605,1542,1.244080130736682,3.9085092756999598,missing
red3:lane1:snr16.0:seed4:frame32,16.0,32,profiled_cz,880,false,false,false,missing,false,true,gradient_only,6,1,16,1607,1554,0.6196096081613414,6.951419210144702,missing
red3:lane1:snr16.0:seed4:frame33,16.0,33,profiled_cz,555,false,false,false,missing,false,true,gradient_only,0,1,16,1497,1497,0.928101785617665,0.928101785617665,missing
red3:lane1:snr16.0:seed4:frame34,16.0,34,profiled_cz,531,false,false,false,missing,false,true,gradient_only,2,1,16,1481,1412,0.5095247404979386,8.812001850358037,missing
red3:lane1:snr16.0:seed4:frame35,16.0,35,profiled_cz,661,false,false,false,missing,false,true,gradient_only,1,1,16,1561,1518,1.6708836498398283,5.06995778073508,missing
red3:lane1:snr16.0:seed4:frame36,16.0,36,profiled_cz,701,false,false,false,missing,false,true,gradient_only,8,1,16,1536,1527,0.4761945227852595,48.594074527702425,missing
red3:lane1:snr16.0:seed4:frame37,16.0,37,profiled_cz,577,false,false,false,missing,false,true,gradient_only,4,1,16,1562,1462,0.727860268287607,3.820365293420511,missing
red3:lane1:snr16.0:seed4:frame38,16.0,38,profiled_cz,746,false,false,false,missing,false,true,gradient_only,8,1,16,1574,1521,0.8304023830083667,10.195788519234359,missing
red3:lane1:snr16.0:seed4:frame39,16.0,39,profiled_cz,665,false,false,false,missing,false,true,gradient_only,5,1,16,1541,1522,0.5581577688867171,22.319471336901533,missing
red3:lane1:snr16.0:seed4:frame40,16.0,40,profiled_cz,709,false,false,false,missing,false,true,gradient_only,4,1,16,1528,1519,0.5031411704072953,53.1183809667346,missing
red3:lane1:snr16.0:seed4:frame41,16.0,41,profiled_cz,792,false,false,false,missing,false,true,gradient_only,1,1,16,1556,1510,0.6069170349564136,5.601591748792867,missing
red3:lane1:snr16.0:seed4:frame42,16.0,42,profiled_cz,638,false,false,false,missing,false,true,gradient_only,1,1,16,1525,1524,1.0227590570068301,22.47542541223482,missing
red3:lane1:snr16.0:seed4:frame43,16.0,43,profiled_cz,1012,false,false,false,missing,false,true,gradient_only,7,1,16,1579,1526,0.927203599399401,237.17576446891766,missing
red3:lane1:snr16.0:seed4:frame44,16.0,44,profiled_cz,586,false,false,false,missing,false,true,gradient_only,1,1,16,1537,1496,0.5642342318835296,7.726657217969815,missing
red3:lane1:snr16.0:seed4:frame45,16.0,45,profiled_cz,654,false,false,false,missing,false,true,gradient_only,2,1,16,1552,1497,0.5320196737222338,4.496709132811832,missing
red3:lane1:snr16.0:seed4:frame46,16.0,46,profiled_cz,898,false,false,false,missing,false,true,gradient_only,7,1,16,1595,1494,0.8365786252344629,7.896573453968154,missing
red3:lane1:snr16.0:seed4:frame47,16.0,47,profiled_cz,743,false,false,false,missing,false,true,gradient_only,3,1,16,1579,1510,0.8761818746782382,7.673366388606113,missing
red3:lane1:snr16.0:seed4:frame48,16.0,48,profiled_cz,611,false,false,false,missing,false,true,gradient_only,0,1,16,1544,1544,0.46889601071379255,0.46889601071379255,missing
red3:lane1:snr16.0:seed4:frame49,16.0,49,profiled_cz,619,false,false,false,missing,false,true,gradient_only,0,1,16,1519,1519,0.4839857319404886,0.4839857319404886,missing
red3:lane1:snr16.0:seed4:frame50,16.0,50,profiled_cz,701,false,false,false,missing,false,true,gradient_only,5,1,16,1547,1513,0.6957542887423095,4.3064279952264455,missing
red3:lane1:snr16.0:seed4:frame51,16.0,51,profiled_cz,698,false,false,false,missing,false,true,gradient_only,2,1,16,1568,1536,0.7454287119229323,3.6473358945998218,missing
red3:lane1:snr16.0:seed4:frame52,16.0,52,profiled_cz,659,false,false,false,missing,false,true,gradient_only,5,1,16,1509,1507,1.6527148387069446,5.227601743982243,missing
red3:lane1:snr16.0:seed4:frame53,16.0,53,profiled_cz,542,false,false,false,missing,false,true,gradient_only,0,1,16,1515,1515,0.904194746843744,0.904194746843744,missing
red3:lane1:snr16.0:seed4:frame54,16.0,54,profiled_cz,758,false,false,false,missing,false,true,gradient_only,2,1,16,1579,1544,0.7258633694464285,16.410334605225113,missing
red3:lane1:snr16.0:seed4:frame55,16.0,55,profiled_cz,762,false,false,false,missing,false,true,gradient_only,1,1,16,1553,1510,0.775834003540709,4.516301511561755,missing
red3:lane1:snr16.0:seed4:frame56,16.0,56,profiled_cz,621,false,false,false,missing,false,true,gradient_only,3,1,16,1595,1474,1.3437975346425037,6.113346878689741,missing
red3:lane1:snr16.0:seed4:frame57,16.0,57,profiled_cz,779,false,false,false,missing,false,true,gradient_only,8,1,16,1557,1548,5.409357118101651,8.782005655793679,missing
red3:lane1:snr16.0:seed4:frame58,16.0,58,profiled_cz,741,false,false,false,missing,false,true,gradient_only,8,1,16,1554,1528,3.124700108903665,3.9134242277586577,missing
red3:lane1:snr16.0:seed4:frame59,16.0,59,profiled_cz,692,false,false,false,missing,false,true,gradient_only,7,1,16,1577,1541,0.7593261773341927,13.729758613910885,missing
red3:lane1:snr16.0:seed4:frame60,16.0,60,profiled_cz,512,false,false,false,missing,false,true,gradient_only,0,1,16,1501,1501,0.5614740764770859,0.5614740764770859,missing
red3:lane1:snr18.0:seed4:frame1,18.0,1,cwz_joint,545,false,false,false,missing,false,true,gradient_only,6,1,16,1413,1281,0.5116959417351405,40.46379841056411,missing
red3:lane1:snr18.0:seed4:frame2,18.0,2,cwz_joint,720,false,false,false,missing,false,true,gradient_only,8,1,16,1525,1372,0.7405404208658728,24.51303839031928,missing
red3:lane1:snr18.0:seed4:frame3,18.0,3,cwz_joint,736,false,false,false,missing,false,true,gradient_only,8,1,16,1573,1372,0.4552244529761863,122.35174428803113,missing
red3:lane1:snr18.0:seed4:frame4,18.0,4,cwz_joint,788,false,false,false,missing,false,true,gradient_only,8,1,16,1534,1200,0.8109936523804273,195.04472256070878,missing
red3:lane1:snr18.0:seed4:frame5,18.0,5,cwz_joint,564,false,false,false,missing,false,true,gradient_only,8,1,16,1493,1199,1.1208796340484737,22.832086592881858,missing
red3:lane1:snr18.0:seed4:frame6,18.0,6,cwz_joint,644,false,false,false,missing,false,true,gradient_only,8,1,16,1540,1314,0.4563754633332724,15.296738646570446,missing
red3:lane1:snr18.0:seed4:frame7,18.0,7,cwz_joint,649,false,false,false,missing,false,true,gradient_only,8,1,16,1437,1341,1.0065730797708172,23.893268792443465,missing
red3:lane1:snr18.0:seed4:frame8,18.0,8,cwz_joint,567,false,false,false,missing,false,true,gradient_only,8,1,16,1458,1188,0.47766663383643615,61.414002591950904,missing
red3:lane1:snr18.0:seed4:frame9,18.0,9,cwz_joint,667,false,false,false,missing,false,true,gradient_only,8,1,16,1441,1254,2.662887507277045,17.97845542394953,missing
red3:lane1:snr18.0:seed4:frame10,18.0,10,cwz_joint,812,false,false,false,missing,false,true,gradient_only,8,1,16,1555,1337,0.8901612237398362,38.72239363732883,missing
red3:lane1:snr18.0:seed4:frame11,18.0,11,cwz_joint,799,false,false,false,missing,false,true,gradient_only,6,1,16,1532,1365,0.6907965264610592,27.462180169146805,missing
red3:lane1:snr18.0:seed4:frame12,18.0,12,cwz_joint,667,false,false,false,missing,false,true,gradient_only,6,1,16,1467,1407,1.1787654386927102,277.33090363557255,missing
red3:lane1:snr18.0:seed4:frame13,18.0,13,cwz_joint,772,false,false,false,missing,false,true,gradient_only,8,1,16,1535,1263,1.2461584420756475,15.778197970375171,missing
red3:lane1:snr18.0:seed4:frame14,18.0,14,cwz_joint,878,false,false,false,missing,false,true,gradient_only,8,1,16,1516,1230,1.0861681864903314,28.21426621183771,missing
red3:lane1:snr18.0:seed4:frame15,18.0,15,cwz_joint,808,false,false,false,missing,false,true,gradient_only,8,1,16,1542,1364,0.8247337245671211,14.910500882291142,missing
red3:lane1:snr18.0:seed4:frame16,18.0,16,cwz_joint,795,false,false,false,missing,false,true,gradient_only,8,1,16,1533,1288,0.837109619130384,119.52998932635766,missing
red3:lane1:snr18.0:seed4:frame17,18.0,17,cwz_joint,658,false,false,false,missing,false,true,gradient_only,8,1,16,1520,1322,0.6819240554944466,281.9693728926721,missing
red3:lane1:snr18.0:seed4:frame18,18.0,18,cwz_joint,618,false,false,false,missing,false,true,gradient_only,8,1,16,1469,1217,0.9175966038773143,23.382548073389636,missing
red3:lane1:snr18.0:seed4:frame19,18.0,19,cwz_joint,718,false,false,false,missing,false,true,gradient_only,8,1,16,1544,1265,0.49786450667153187,12.12281222112635,missing
red3:lane1:snr18.0:seed4:frame20,18.0,20,cwz_joint,800,false,false,false,missing,false,true,gradient_only,8,1,16,1516,1351,0.6509697228379034,23.956977826386215,missing
red3:lane1:snr18.0:seed4:frame21,18.0,21,cwz_joint,757,false,false,false,missing,false,true,gradient_only,8,1,16,1564,1324,0.5242543260552759,61.8600396364488,missing
red3:lane1:snr18.0:seed4:frame22,18.0,22,cwz_joint,913,false,false,false,missing,false,true,gradient_only,8,1,16,1519,1358,1.3044483762427739,69.40969047804808,missing
red3:lane1:snr18.0:seed4:frame23,18.0,23,cwz_joint,771,false,false,false,missing,false,true,gradient_only,7,1,16,1494,1395,0.6364264842169491,38.119896968835185,missing
red3:lane1:snr18.0:seed4:frame24,18.0,24,cwz_joint,674,false,false,false,missing,false,true,gradient_only,8,1,16,1522,1322,0.4992844352265937,13.841976692095196,missing
red3:lane1:snr18.0:seed4:frame25,18.0,25,cwz_joint,624,false,false,false,missing,false,true,gradient_only,6,1,16,1484,1349,0.5339998484827108,21.02062483197068,missing
red3:lane1:snr18.0:seed4:frame26,18.0,26,cwz_joint,717,false,false,false,missing,false,true,gradient_only,7,1,16,1542,1237,0.5959557932524544,89.76773921431011,missing
red3:lane1:snr18.0:seed4:frame27,18.0,27,cwz_joint,857,false,false,false,missing,false,true,gradient_only,8,1,16,1545,1380,0.8200054844807245,54.30169729772968,missing
red3:lane1:snr18.0:seed4:frame28,18.0,28,cwz_joint,798,false,false,false,missing,false,true,gradient_only,8,1,16,1549,1354,0.9223974917450163,29.84684594994158,missing
red3:lane1:snr18.0:seed4:frame29,18.0,29,cwz_joint,871,false,false,false,missing,false,true,gradient_only,7,1,16,1580,1401,0.4140703031192556,60.45398383299998,missing
red3:lane1:snr18.0:seed4:frame30,18.0,30,cwz_joint,776,false,false,false,missing,false,true,gradient_only,8,1,16,1608,1247,0.42680191115959176,17.76579161759402,missing
red3:lane1:snr18.0:seed4:frame31,18.0,31,cwz_joint,761,false,false,false,missing,false,true,gradient_only,8,1,16,1594,1276,0.8982645365414949,14.222627833296967,missing
red3:lane1:snr18.0:seed4:frame32,18.0,32,cwz_joint,897,false,false,false,missing,false,true,gradient_only,8,1,16,1558,1409,1.2290669244090486,24.596254498557137,missing
red3:lane1:snr18.0:seed4:frame33,18.0,33,cwz_joint,742,false,false,false,missing,false,true,gradient_only,7,1,16,1554,1441,0.6377974298885171,68.54861930825803,missing
red3:lane1:snr18.0:seed4:frame34,18.0,34,cwz_joint,509,false,false,false,missing,false,true,gradient_only,7,1,16,1462,1298,0.46057031974085855,161.04579248881376,missing
red3:lane1:snr18.0:seed4:frame35,18.0,35,cwz_joint,705,false,false,false,missing,false,true,gradient_only,8,1,16,1537,1419,0.5555636982231186,22.707020362136,missing
red3:lane1:snr18.0:seed4:frame36,18.0,36,cwz_joint,734,false,false,false,missing,false,true,gradient_only,7,1,16,1519,1344,0.6152424594423084,600.4452325503648,missing
red3:lane1:snr18.0:seed4:frame37,18.0,37,cwz_joint,558,false,false,false,missing,false,true,gradient_only,7,1,16,1453,1284,0.466812829523961,20.0075188184403,missing
red3:lane1:snr18.0:seed4:frame38,18.0,38,cwz_joint,796,false,false,false,missing,false,true,gradient_only,8,1,16,1506,1416,8.4774724712555,36.15408747558006,missing
red3:lane1:snr18.0:seed4:frame39,18.0,39,cwz_joint,691,false,false,false,missing,false,true,gradient_only,8,1,16,1527,1348,0.3737799648693823,41.31923807413954,missing
red3:lane1:snr18.0:seed4:frame40,18.0,40,cwz_joint,707,false,false,false,missing,false,true,gradient_only,8,1,16,1515,1193,0.4759174307863309,64.51906380522001,missing
red3:lane1:snr18.0:seed4:frame41,18.0,41,cwz_joint,784,false,false,false,missing,false,true,gradient_only,8,1,16,1519,1300,0.7203745846904189,26.290505762985877,missing
red3:lane1:snr18.0:seed4:frame42,18.0,42,cwz_joint,722,false,false,false,missing,false,true,gradient_only,8,1,16,1500,1353,0.49081635456208267,20.972543545511073,missing
red3:lane1:snr18.0:seed4:frame43,18.0,43,cwz_joint,1076,false,false,false,missing,false,true,gradient_only,8,1,16,1562,1362,5.120833471478386,124.64008476713195,missing
red3:lane1:snr18.0:seed4:frame44,18.0,44,cwz_joint,619,false,false,false,missing,false,true,gradient_only,8,1,16,1505,1396,0.4320071515789677,51.06679378939717,missing
red3:lane1:snr18.0:seed4:frame45,18.0,45,cwz_joint,713,false,false,false,missing,false,true,gradient_only,7,1,16,1566,1392,1.2416341804929898,26.046421439670336,missing
red3:lane1:snr18.0:seed4:frame46,18.0,46,cwz_joint,871,false,false,false,missing,false,true,gradient_only,7,1,16,1580,1313,0.6547884452708332,27.75347601896072,missing
red3:lane1:snr18.0:seed4:frame47,18.0,47,cwz_joint,874,false,false,false,missing,false,true,gradient_only,8,1,16,1575,1306,4.762927446208919,63.563659585502194,missing
red3:lane1:snr18.0:seed4:frame48,18.0,48,cwz_joint,754,false,false,false,missing,false,true,gradient_only,8,1,16,1558,1303,0.6877612781361448,31.722157442948443,missing
red3:lane1:snr18.0:seed4:frame49,18.0,49,cwz_joint,858,false,false,false,missing,false,true,gradient_only,8,1,16,1550,1380,0.41299460048536674,15.856000081485261,missing
red3:lane1:snr18.0:seed4:frame50,18.0,50,cwz_joint,739,false,false,false,missing,false,true,gradient_only,8,1,16,1533,1312,0.3871005822979741,129.851868346587,missing
red3:lane1:snr18.0:seed4:frame51,18.0,51,cwz_joint,722,false,false,false,missing,false,true,gradient_only,7,1,16,1520,1341,0.3930505280331849,15.865398420248754,missing
red3:lane1:snr18.0:seed4:frame52,18.0,52,cwz_joint,720,false,false,false,missing,false,true,gradient_only,7,1,16,1576,1353,0.5928989656105524,30.681481632861452,missing
red3:lane1:snr18.0:seed4:frame53,18.0,53,cwz_joint,722,false,false,false,missing,false,true,gradient_only,8,1,16,1489,1335,0.7500223981806693,20.894816817829838,missing
red3:lane1:snr18.0:seed4:frame54,18.0,54,cwz_joint,779,false,false,false,missing,false,true,gradient_only,8,1,16,1544,1299,1.3287966071210309,102.57524077731264,missing
red3:lane1:snr18.0:seed4:frame55,18.0,55,cwz_joint,773,false,false,false,missing,false,true,gradient_only,8,1,16,1585,1229,0.8115783277694654,16.529140236629644,missing
red3:lane1:snr18.0:seed4:frame56,18.0,56,cwz_joint,760,false,false,false,missing,false,true,gradient_only,8,1,16,1523,1419,0.6061947209816414,37.01933620846683,missing
red3:lane1:snr18.0:seed4:frame57,18.0,57,cwz_joint,845,false,false,false,missing,false,true,gradient_only,7,1,16,1589,1255,0.6439266765034432,43.159551516765056,missing
red3:lane1:snr18.0:seed4:frame58,18.0,58,cwz_joint,768,false,false,false,missing,false,true,gradient_only,8,1,16,1512,1289,0.5672842175009901,20.322634708162035,missing
red3:lane1:snr18.0:seed4:frame59,18.0,59,cwz_joint,751,false,false,false,missing,false,true,gradient_only,8,1,16,1525,1350,0.5909239903455891,36.505669724067666,missing
red3:lane1:snr18.0:seed4:frame60,18.0,60,cwz_joint,726,false,false,false,missing,false,true,gradient_only,8,1,16,1574,1375,0.562875304888989,15.944898898992335,missing
red3:lane1:snr18.0:seed4:frame1,18.0,1,profiled_cz,307,false,false,false,missing,false,true,gradient_only,0,1,16,1413,1413,0.5116959417351405,0.5116959417351405,missing
red3:lane1:snr18.0:seed4:frame2,18.0,2,profiled_cz,561,false,false,false,missing,false,true,gradient_only,1,1,16,1525,1470,0.7405404208658728,5.367873079057775,missing
red3:lane1:snr18.0:seed4:frame3,18.0,3,profiled_cz,676,false,false,false,missing,false,true,gradient_only,6,1,16,1573,1509,0.4552244529761863,14.693361213549277,missing
red3:lane1:snr18.0:seed4:frame4,18.0,4,profiled_cz,706,false,false,false,missing,false,true,gradient_only,2,1,16,1534,1500,0.8109936523804273,8.180542513578168,missing
red3:lane1:snr18.0:seed4:frame5,18.0,5,profiled_cz,343,false,false,false,missing,false,true,gradient_only,0,1,16,1493,1493,1.1208796340484737,1.1208796340484737,missing
red3:lane1:snr18.0:seed4:frame6,18.0,6,profiled_cz,604,false,false,false,missing,false,true,gradient_only,3,1,16,1540,1517,0.4563754633332724,3.0927948113157844,missing
red3:lane1:snr18.0:seed4:frame7,18.0,7,profiled_cz,403,false,false,false,missing,false,true,gradient_only,0,1,16,1437,1437,1.0065730797708172,1.0065730797708172,missing
red3:lane1:snr18.0:seed4:frame8,18.0,8,profiled_cz,551,false,false,false,missing,false,true,gradient_only,1,1,16,1458,1429,0.47766663383643615,25.108003872383236,missing
red3:lane1:snr18.0:seed4:frame9,18.0,9,profiled_cz,436,false,false,false,missing,false,true,gradient_only,0,1,16,1441,1441,2.662887507277045,2.662887507277045,missing
red3:lane1:snr18.0:seed4:frame10,18.0,10,profiled_cz,601,false,false,false,missing,false,true,gradient_only,0,1,16,1555,1555,0.8901612237398362,0.8901612237398362,missing
red3:lane1:snr18.0:seed4:frame11,18.0,11,profiled_cz,696,false,false,false,missing,false,true,gradient_only,5,1,16,1532,1501,0.6907965264610592,4.694035483229853,missing
red3:lane1:snr18.0:seed4:frame12,18.0,12,profiled_cz,392,false,false,false,missing,false,true,gradient_only,0,1,16,1467,1467,1.1787654386927102,1.1787654386927102,missing
red3:lane1:snr18.0:seed4:frame13,18.0,13,profiled_cz,663,false,false,false,missing,false,true,gradient_only,4,1,16,1535,1499,1.2461584420756475,2.907930574087503,missing
red3:lane1:snr18.0:seed4:frame14,18.0,14,profiled_cz,805,false,false,false,missing,false,true,gradient_only,7,1,16,1516,1507,1.0861681864903314,5.6134323754652335,missing
red3:lane1:snr18.0:seed4:frame15,18.0,15,profiled_cz,686,false,false,false,missing,false,true,gradient_only,2,1,16,1542,1471,0.8247337245671211,2.932636072165852,missing
red3:lane1:snr18.0:seed4:frame16,18.0,16,profiled_cz,666,false,false,false,missing,false,true,gradient_only,1,1,16,1533,1487,0.837109619130384,115.98982030411487,missing
red3:lane1:snr18.0:seed4:frame17,18.0,17,profiled_cz,554,false,false,false,missing,false,true,gradient_only,1,1,16,1520,1515,0.6819240554944466,18.85697331748563,missing
red3:lane1:snr18.0:seed4:frame18,18.0,18,profiled_cz,358,false,false,false,missing,false,true,gradient_only,0,1,16,1469,1469,0.9175966038773143,0.9175966038773143,missing
red3:lane1:snr18.0:seed4:frame19,18.0,19,profiled_cz,677,false,false,false,missing,false,true,gradient_only,7,1,16,1544,1485,0.49786450667153187,2.5732930665890033,missing
red3:lane1:snr18.0:seed4:frame20,18.0,20,profiled_cz,685,false,false,false,missing,false,true,gradient_only,3,1,16,1516,1498,0.6509697228379034,4.686510219851976,missing
red3:lane1:snr18.0:seed4:frame21,18.0,21,profiled_cz,644,false,false,false,missing,false,true,gradient_only,8,1,16,1564,1501,0.5242543260552759,8.242625922182626,missing
red3:lane1:snr18.0:seed4:frame22,18.0,22,profiled_cz,771,false,false,false,missing,false,true,gradient_only,8,1,16,1519,1508,1.3044483762427739,4.859844672663608,missing
red3:lane1:snr18.0:seed4:frame23,18.0,23,profiled_cz,480,false,false,false,missing,false,true,gradient_only,0,1,16,1494,1494,0.6364264842169491,0.6364264842169491,missing
red3:lane1:snr18.0:seed4:frame24,18.0,24,profiled_cz,591,false,false,false,missing,false,true,gradient_only,2,1,16,1522,1450,0.4992844352265937,3.829150347986565,missing
red3:lane1:snr18.0:seed4:frame25,18.0,25,profiled_cz,515,false,false,false,missing,false,true,gradient_only,5,1,16,1484,1466,0.5339998484827108,2.42677707435752,missing
red3:lane1:snr18.0:seed4:frame26,18.0,26,profiled_cz,638,false,false,false,missing,false,true,gradient_only,3,1,16,1542,1485,0.5959557932524544,15.379104244449444,missing
red3:lane1:snr18.0:seed4:frame27,18.0,27,profiled_cz,725,false,false,false,missing,false,true,gradient_only,2,1,16,1545,1522,0.8200054844807245,11.663617401418756,missing
red3:lane1:snr18.0:seed4:frame28,18.0,28,profiled_cz,693,false,false,false,missing,false,true,gradient_only,4,1,16,1549,1476,0.9223974917450163,4.044081312777581,missing
red3:lane1:snr18.0:seed4:frame29,18.0,29,profiled_cz,759,false,false,false,missing,false,true,gradient_only,8,1,16,1580,1530,0.4140703031192556,7.367414979313974,missing
red3:lane1:snr18.0:seed4:frame30,18.0,30,profiled_cz,705,false,false,false,missing,false,true,gradient_only,4,1,16,1608,1574,0.42680191115959176,3.035274833381537,missing
red3:lane1:snr18.0:seed4:frame31,18.0,31,profiled_cz,642,false,false,false,missing,false,true,gradient_only,3,1,16,1594,1527,0.8982645365414949,3.888242168872365,missing
red3:lane1:snr18.0:seed4:frame32,18.0,32,profiled_cz,823,false,false,false,missing,false,true,gradient_only,4,1,16,1558,1524,1.2290669244090486,3.871256796438403,missing
red3:lane1:snr18.0:seed4:frame33,18.0,33,profiled_cz,610,false,false,false,missing,false,true,gradient_only,8,1,16,1554,1496,0.6377974298885171,47.61744067419373,missing
red3:lane1:snr18.0:seed4:frame34,18.0,34,profiled_cz,325,false,false,false,missing,false,true,gradient_only,0,1,16,1462,1462,0.46057031974085855,0.46057031974085855,missing
red3:lane1:snr18.0:seed4:frame35,18.0,35,profiled_cz,436,false,false,false,missing,false,true,gradient_only,0,1,16,1537,1537,0.5555636982231186,0.5555636982231186,missing
red3:lane1:snr18.0:seed4:frame36,18.0,36,profiled_cz,664,false,false,false,missing,false,true,gradient_only,6,1,16,1519,1483,0.6152424594423084,18.672638533467513,missing
red3:lane1:snr18.0:seed4:frame37,18.0,37,profiled_cz,352,false,false,false,missing,false,true,gradient_only,0,1,16,1453,1453,0.466812829523961,0.466812829523961,missing
red3:lane1:snr18.0:seed4:frame38,18.0,38,profiled_cz,673,false,false,false,missing,false,true,gradient_only,6,1,16,1506,1505,8.4774724712555,5.057200942151691,missing
red3:lane1:snr18.0:seed4:frame39,18.0,39,profiled_cz,649,false,false,false,missing,false,true,gradient_only,2,1,16,1527,1469,0.3737799648693823,13.921027398866032,missing
red3:lane1:snr18.0:seed4:frame40,18.0,40,profiled_cz,635,false,false,false,missing,false,true,gradient_only,1,1,16,1515,1493,0.4759174307863309,21.205295898916926,missing
red3:lane1:snr18.0:seed4:frame41,18.0,41,profiled_cz,542,false,false,false,missing,false,true,gradient_only,0,1,16,1519,1519,0.7203745846904189,0.7203745846904189,missing
red3:lane1:snr18.0:seed4:frame42,18.0,42,profiled_cz,626,false,false,false,missing,false,true,gradient_only,4,1,16,1500,1430,0.49081635456208267,5.462750378784564,missing
red3:lane1:snr18.0:seed4:frame43,18.0,43,profiled_cz,978,false,false,false,missing,false,true,gradient_only,7,1,16,1562,1552,5.120833471478386,124.82046288570982,missing
red3:lane1:snr18.0:seed4:frame44,18.0,44,profiled_cz,534,false,false,false,missing,false,true,gradient_only,8,1,16,1505,1496,0.4320071515789677,5.80748391966338,missing
red3:lane1:snr18.0:seed4:frame45,18.0,45,profiled_cz,605,false,false,false,missing,false,true,gradient_only,5,1,16,1566,1518,1.2416341804929898,3.8243052506133446,missing
red3:lane1:snr18.0:seed4:frame46,18.0,46,profiled_cz,756,false,false,false,missing,false,true,gradient_only,7,1,16,1580,1518,0.6547884452708332,6.2954431618826,missing
red3:lane1:snr18.0:seed4:frame47,18.0,47,profiled_cz,737,false,false,false,missing,false,true,gradient_only,1,1,16,1575,1522,4.762927446208919,8.131748110980329,missing
red3:lane1:snr18.0:seed4:frame48,18.0,48,profiled_cz,684,false,false,false,missing,false,true,gradient_only,8,1,16,1558,1530,0.6877612781361448,12.149318454414963,missing
red3:lane1:snr18.0:seed4:frame49,18.0,49,profiled_cz,700,false,false,false,missing,false,true,gradient_only,3,1,16,1550,1538,0.41299460048536674,5.580521853864373,missing
red3:lane1:snr18.0:seed4:frame50,18.0,50,profiled_cz,487,false,false,false,missing,false,true,gradient_only,0,1,16,1533,1533,0.3871005822979741,0.3871005822979741,missing
red3:lane1:snr18.0:seed4:frame51,18.0,51,profiled_cz,591,false,false,false,missing,false,true,gradient_only,2,1,16,1520,1513,0.3930505280331849,3.1739026959624104,missing
red3:lane1:snr18.0:seed4:frame52,18.0,52,profiled_cz,648,false,false,false,missing,false,true,gradient_only,8,1,16,1576,1495,0.5928989656105524,5.598196846603055,missing
red3:lane1:snr18.0:seed4:frame53,18.0,53,profiled_cz,600,false,false,false,missing,false,true,gradient_only,6,1,16,1489,1464,0.7500223981806693,3.940575719975806,missing
red3:lane1:snr18.0:seed4:frame54,18.0,54,profiled_cz,698,false,false,false,missing,false,true,gradient_only,7,1,16,1544,1500,1.3287966071210309,22.03098296558927,missing
red3:lane1:snr18.0:seed4:frame55,18.0,55,profiled_cz,678,false,false,false,missing,false,true,gradient_only,8,1,16,1585,1550,0.8115783277694654,6.778960919664723,missing
red3:lane1:snr18.0:seed4:frame56,18.0,56,profiled_cz,494,false,false,false,missing,false,true,gradient_only,0,1,16,1523,1523,0.6061947209816414,0.6061947209816414,missing
red3:lane1:snr18.0:seed4:frame57,18.0,57,profiled_cz,756,false,false,false,missing,false,true,gradient_only,5,1,16,1589,1515,0.6439266765034432,5.15921667885219,missing
red3:lane1:snr18.0:seed4:frame58,18.0,58,profiled_cz,480,false,false,false,missing,false,true,gradient_only,0,1,16,1512,1512,0.5672842175009901,0.5672842175009901,missing
red3:lane1:snr18.0:seed4:frame59,18.0,59,profiled_cz,628,false,false,false,missing,false,true,gradient_only,1,1,16,1525,1504,0.5909239903455891,7.539695752156619,missing
red3:lane1:snr18.0:seed4:frame60,18.0,60,profiled_cz,572,false,false,false,missing,false,true,gradient_only,8,1,16,1574,1479,0.562875304888989,3.8863807979849616,missing
red3:lane1:snr20.0:seed4:frame1,20.0,1,cwz_joint,548,false,false,false,missing,false,true,gradient_only,7,1,16,1417,1204,0.292318233562155,38.25635384320949,missing
red3:lane1:snr20.0:seed4:frame2,20.0,2,cwz_joint,695,false,false,false,missing,false,true,gradient_only,8,1,16,1510,1340,0.47938511838559217,22.93695003392236,missing
red3:lane1:snr20.0:seed4:frame3,20.0,3,cwz_joint,738,false,false,false,missing,false,true,gradient_only,8,1,16,1554,1312,0.31232053999400644,93.74165910039089,missing
red3:lane1:snr20.0:seed4:frame4,20.0,4,cwz_joint,697,false,false,false,missing,false,true,gradient_only,7,1,16,1522,1288,0.3144661862816575,212.81541189560977,missing
red3:lane1:snr20.0:seed4:frame5,20.0,5,cwz_joint,516,false,false,false,missing,false,true,gradient_only,6,1,16,1482,1274,0.6022478329053467,24.12380185158402,missing
red3:lane1:snr20.0:seed4:frame6,20.0,6,cwz_joint,677,false,false,false,missing,false,true,gradient_only,8,1,16,1452,1369,0.5109108517044368,13.770409620849067,missing
red3:lane1:snr20.0:seed4:frame7,20.0,7,cwz_joint,604,false,false,false,missing,false,true,gradient_only,8,1,16,1483,1273,0.5236642760383607,22.47090050763328,missing
red3:lane1:snr20.0:seed4:frame8,20.0,8,cwz_joint,618,false,false,false,missing,false,true,gradient_only,8,1,16,1465,1326,0.5536377065005685,62.98244548346007,missing
red3:lane1:snr20.0:seed4:frame9,20.0,9,cwz_joint,683,false,false,false,missing,false,true,gradient_only,8,1,16,1549,1339,0.53955273870401,17.219805888359705,missing
red3:lane1:snr20.0:seed4:frame10,20.0,10,cwz_joint,752,false,false,false,missing,false,true,gradient_only,8,1,16,1508,1268,0.42034648226236704,34.64469150240382,missing
red3:lane1:snr20.0:seed4:frame11,20.0,11,cwz_joint,751,false,false,false,missing,false,true,gradient_only,8,1,16,1533,1268,0.44597558356762035,22.966042392182402,missing
red3:lane1:snr20.0:seed4:frame12,20.0,12,cwz_joint,523,false,false,false,missing,false,true,gradient_only,8,1,16,1432,1228,0.5676984566737104,218.79113563803296,missing
red3:lane1:snr20.0:seed4:frame13,20.0,13,cwz_joint,687,false,false,false,missing,false,true,gradient_only,8,1,16,1512,1253,0.5239096420623018,14.173748725807677,missing
red3:lane1:snr20.0:seed4:frame14,20.0,14,cwz_joint,809,false,false,false,missing,false,true,gradient_only,8,1,16,1528,1328,0.8223883595907654,22.24513910884141,missing
red3:lane1:snr20.0:seed4:frame15,20.0,15,cwz_joint,745,false,false,false,missing,false,true,gradient_only,8,1,16,1534,1313,0.8780254474213631,14.114610810137425,missing
red3:lane1:snr20.0:seed4:frame16,20.0,16,cwz_joint,762,false,false,false,missing,false,true,gradient_only,8,1,16,1530,1271,0.7762551639765976,118.89418586962509,missing
red3:lane1:snr20.0:seed4:frame17,20.0,17,cwz_joint,623,false,false,false,missing,false,true,gradient_only,8,1,16,1473,1348,0.7178329115355534,218.49495611526783,missing
red3:lane1:snr20.0:seed4:frame18,20.0,18,cwz_joint,534,false,false,false,missing,false,true,gradient_only,8,1,16,1433,1265,0.721413586752928,19.270922089324333,missing
red3:lane1:snr20.0:seed4:frame19,20.0,19,cwz_joint,745,false,false,false,missing,false,true,gradient_only,8,1,16,1473,1414,0.3631859585827428,11.529653137447932,missing
red3:lane1:snr20.0:seed4:frame20,20.0,20,cwz_joint,803,false,false,false,missing,false,true,gradient_only,8,1,16,1569,1308,0.6500070274291737,23.158655631926205,missing
red3:lane1:snr20.0:seed4:frame21,20.0,21,cwz_joint,748,false,false,false,missing,false,true,gradient_only,7,1,16,1544,1358,0.48496912187304775,64.56481395458208,missing
red3:lane1:snr20.0:seed4:frame22,20.0,22,cwz_joint,862,false,false,false,missing,false,true,gradient_only,7,1,16,1564,1462,3.03602425698699,70.95516979845226,missing
red3:lane1:snr20.0:seed4:frame23,20.0,23,cwz_joint,653,false,false,false,missing,false,true,gradient_only,8,1,16,1465,1268,0.39870718688055085,31.44462415444212,missing
red3:lane1:snr20.0:seed4:frame24,20.0,24,cwz_joint,623,false,false,false,missing,false,true,gradient_only,8,1,16,1432,1312,0.45944946404358583,13.086546484636193,missing
red3:lane1:snr20.0:seed4:frame25,20.0,25,cwz_joint,599,false,false,false,missing,false,true,gradient_only,8,1,16,1519,1296,0.3818826722693052,17.96189232492282,missing
red3:lane1:snr20.0:seed4:frame26,20.0,26,cwz_joint,760,false,false,false,missing,false,true,gradient_only,6,1,16,1577,1422,0.5962584163974284,76.21261176354453,missing
red3:lane1:snr20.0:seed4:frame27,20.0,27,cwz_joint,800,false,false,false,missing,false,true,gradient_only,8,1,16,1551,1349,0.7281844881608392,57.544722012313635,missing
red3:lane1:snr20.0:seed4:frame28,20.0,28,cwz_joint,773,false,false,false,missing,false,true,gradient_only,8,1,16,1547,1370,0.35473464817037575,32.606238661952965,missing
red3:lane1:snr20.0:seed4:frame29,20.0,29,cwz_joint,805,false,false,false,missing,false,true,gradient_only,8,1,16,1544,1300,0.3647426101689465,49.5940927143629,missing
red3:lane1:snr20.0:seed4:frame30,20.0,30,cwz_joint,722,false,false,false,missing,false,true,gradient_only,8,1,16,1529,1245,0.9663284477644811,16.012917249710483,missing
red3:lane1:snr20.0:seed4:frame31,20.0,31,cwz_joint,707,false,false,false,missing,false,true,gradient_only,8,1,16,1445,1318,0.5037431365667975,13.425044548551645,missing
red3:lane1:snr20.0:seed4:frame32,20.0,32,cwz_joint,832,false,false,false,missing,false,true,gradient_only,8,1,16,1537,1350,31.738014072782477,22.83698710312232,missing
red3:lane1:snr20.0:seed4:frame33,20.0,33,cwz_joint,621,false,false,false,missing,false,true,gradient_only,8,1,16,1518,1257,0.7152013552517761,58.238091772816425,missing
red3:lane1:snr20.0:seed4:frame34,20.0,34,cwz_joint,489,false,false,false,missing,false,true,gradient_only,8,1,16,1391,1307,0.5930133997353578,161.45614778504066,missing
red3:lane1:snr20.0:seed4:frame35,20.0,35,cwz_joint,733,false,false,false,missing,false,true,gradient_only,8,1,16,1521,1411,0.48038519626086,20.807880965854853,missing
red3:lane1:snr20.0:seed4:frame36,20.0,36,cwz_joint,815,false,false,false,missing,false,true,gradient_only,8,1,16,1582,1331,0.5389123865306421,542.1135657340546,missing
red3:lane1:snr20.0:seed4:frame37,20.0,37,cwz_joint,542,false,false,false,missing,false,true,gradient_only,7,1,16,1397,1288,0.38211705147956043,19.599792388876,missing
red3:lane1:snr20.0:seed4:frame38,20.0,38,cwz_joint,738,false,false,false,missing,false,true,gradient_only,8,1,16,1519,1340,0.6948482454493421,30.84724311850252,missing
red3:lane1:snr20.0:seed4:frame39,20.0,39,cwz_joint,667,false,false,false,missing,false,true,gradient_only,8,1,16,1544,1324,0.30315066453727074,37.449862836448276,missing
red3:lane1:snr20.0:seed4:frame40,20.0,40,cwz_joint,767,false,false,false,missing,false,true,gradient_only,8,1,16,1547,1359,0.42862999533602564,58.40909210675385,missing
red3:lane1:snr20.0:seed4:frame41,20.0,41,cwz_joint,697,false,false,false,missing,false,true,gradient_only,7,1,16,1526,1309,0.42315308374087335,22.784667623065637,missing
red3:lane1:snr20.0:seed4:frame42,20.0,42,cwz_joint,576,false,false,false,missing,false,true,gradient_only,8,1,16,1434,1216,0.4598926187844339,16.164339305214416,missing
red3:lane1:snr20.0:seed4:frame43,20.0,43,cwz_joint,1026,false,false,false,missing,false,true,gradient_only,7,1,16,1532,1414,1.3430740845553875,93.09211598547591,missing
red3:lane1:snr20.0:seed4:frame44,20.0,44,cwz_joint,518,false,false,false,missing,false,true,gradient_only,8,1,16,1449,1221,0.2994356628062362,41.01207485648036,missing
red3:lane1:snr20.0:seed4:frame45,20.0,45,cwz_joint,755,false,false,false,missing,false,true,gradient_only,8,1,16,1540,1395,0.41263595077601567,23.174451824436346,missing
red3:lane1:snr20.0:seed4:frame46,20.0,46,cwz_joint,825,false,false,false,missing,false,true,gradient_only,6,1,16,1598,1462,0.8612484122132072,26.15340848020655,missing
red3:lane1:snr20.0:seed4:frame47,20.0,47,cwz_joint,787,false,false,false,missing,false,true,gradient_only,8,1,16,1578,1354,0.8099610143122756,57.36368287162063,missing
red3:lane1:snr20.0:seed4:frame48,20.0,48,cwz_joint,702,false,false,false,missing,false,true,gradient_only,8,1,16,1498,1190,0.4904596065996872,30.75032925820262,missing
red3:lane1:snr20.0:seed4:frame49,20.0,49,cwz_joint,784,false,false,false,missing,false,true,gradient_only,8,1,16,1538,1340,0.42120690258123394,14.50991774583039,missing
red3:lane1:snr20.0:seed4:frame50,20.0,50,cwz_joint,725,false,false,false,missing,false,true,gradient_only,8,1,16,1482,1259,0.4233939377837447,64.28086977427411,missing
red3:lane1:snr20.0:seed4:frame51,20.0,51,cwz_joint,679,false,false,false,missing,false,true,gradient_only,7,1,16,1508,1444,0.3555794379828028,14.340154141915324,missing
red3:lane1:snr20.0:seed4:frame52,20.0,52,cwz_joint,691,false,false,false,missing,false,true,gradient_only,8,1,16,1503,1378,0.3810573119048744,25.685107537268344,missing
red3:lane1:snr20.0:seed4:frame53,20.0,53,cwz_joint,689,false,false,false,missing,false,true,gradient_only,8,1,16,1496,1286,0.79984303624581,19.85499197875913,missing
red3:lane1:snr20.0:seed4:frame54,20.0,54,cwz_joint,707,false,false,false,missing,false,true,gradient_only,8,1,16,1549,1283,0.6538493451805018,104.46987378553439,missing
red3:lane1:snr20.0:seed4:frame55,20.0,55,cwz_joint,784,false,false,false,missing,false,true,gradient_only,8,1,16,1528,1410,4.149256725976789,15.780804442848954,missing
red3:lane1:snr20.0:seed4:frame56,20.0,56,cwz_joint,666,false,false,false,missing,false,true,gradient_only,8,1,16,1530,1275,0.5105758409565582,29.036013992029652,missing
red3:lane1:snr20.0:seed4:frame57,20.0,57,cwz_joint,818,false,false,false,missing,false,true,gradient_only,7,1,16,1537,1400,0.6275766143959998,45.22216072250115,missing
red3:lane1:snr20.0:seed4:frame58,20.0,58,cwz_joint,655,false,false,false,missing,false,true,gradient_only,5,1,16,1553,1366,0.4939574871876093,22.598084629297702,missing
red3:lane1:snr20.0:seed4:frame59,20.0,59,cwz_joint,654,false,false,false,missing,false,true,gradient_only,6,1,16,1501,1383,0.5626145673976277,39.60686235918558,missing
red3:lane1:snr20.0:seed4:frame60,20.0,60,cwz_joint,678,false,false,false,missing,false,true,gradient_only,8,1,16,1484,1356,0.3555117221723384,14.800207658680058,missing
red3:lane1:snr20.0:seed4:frame1,20.0,1,profiled_cz,474,false,false,false,missing,false,true,gradient_only,7,1,16,1417,1408,0.292318233562155,7.001071447391638,missing
red3:lane1:snr20.0:seed4:frame2,20.0,2,profiled_cz,542,false,false,false,missing,false,true,gradient_only,8,1,16,1510,1496,0.47938511838559217,5.732923549845338,missing
red3:lane1:snr20.0:seed4:frame3,20.0,3,profiled_cz,634,false,false,false,missing,false,true,gradient_only,8,1,16,1554,1513,0.31232053999400644,24.13129257484236,missing
red3:lane1:snr20.0:seed4:frame4,20.0,4,profiled_cz,579,false,false,false,missing,false,true,gradient_only,5,1,16,1522,1488,0.3144661862816575,6.484589621367028,missing
red3:lane1:snr20.0:seed4:frame5,20.0,5,profiled_cz,323,false,false,false,missing,false,true,gradient_only,0,1,16,1482,1482,0.6022478329053467,0.6022478329053467,missing
red3:lane1:snr20.0:seed4:frame6,20.0,6,profiled_cz,411,false,false,false,missing,false,true,gradient_only,0,1,16,1452,1452,0.5109108517044368,0.5109108517044368,missing
red3:lane1:snr20.0:seed4:frame7,20.0,7,profiled_cz,491,false,false,false,missing,false,true,gradient_only,8,1,16,1483,1433,0.5236642760383607,3.620650900861735,missing
red3:lane1:snr20.0:seed4:frame8,20.0,8,profiled_cz,356,false,false,false,missing,false,true,gradient_only,0,1,16,1465,1465,0.5536377065005685,0.5536377065005685,missing
red3:lane1:snr20.0:seed4:frame9,20.0,9,profiled_cz,549,false,false,false,missing,false,true,gradient_only,1,1,16,1549,1503,0.53955273870401,3.247920852252921,missing
red3:lane1:snr20.0:seed4:frame10,20.0,10,profiled_cz,508,false,false,false,missing,false,true,gradient_only,0,1,16,1508,1508,0.42034648226236704,0.42034648226236704,missing
red3:lane1:snr20.0:seed4:frame11,20.0,11,profiled_cz,692,false,false,false,missing,false,true,gradient_only,7,1,16,1533,1516,0.44597558356762035,5.491927670324648,missing
red3:lane1:snr20.0:seed4:frame12,20.0,12,profiled_cz,355,false,false,false,missing,false,true,gradient_only,0,1,16,1432,1432,0.5676984566737104,0.5676984566737104,missing
red3:lane1:snr20.0:seed4:frame13,20.0,13,profiled_cz,606,false,false,false,missing,false,true,gradient_only,2,1,16,1512,1462,0.5239096420623018,2.684929446957688,missing
red3:lane1:snr20.0:seed4:frame14,20.0,14,profiled_cz,734,false,false,false,missing,false,true,gradient_only,7,1,16,1528,1509,0.8223883595907654,4.58017570455433,missing
red3:lane1:snr20.0:seed4:frame15,20.0,15,profiled_cz,530,false,false,false,missing,false,true,gradient_only,0,1,16,1534,1534,0.8780254474213631,0.8780254474213631,missing
red3:lane1:snr20.0:seed4:frame16,20.0,16,profiled_cz,648,false,false,false,missing,false,true,gradient_only,6,1,16,1530,1474,0.7762551639765976,20.153137492150947,missing
red3:lane1:snr20.0:seed4:frame17,20.0,17,profiled_cz,359,false,false,false,missing,false,true,gradient_only,0,1,16,1473,1473,0.7178329115355534,0.7178329115355534,missing
red3:lane1:snr20.0:seed4:frame18,20.0,18,profiled_cz,304,false,false,false,missing,false,true,gradient_only,0,1,16,1433,1433,0.721413586752928,0.721413586752928,missing
red3:lane1:snr20.0:seed4:frame19,20.0,19,profiled_cz,438,false,false,false,missing,false,true,gradient_only,0,1,16,1473,1473,0.3631859585827428,0.3631859585827428,missing
red3:lane1:snr20.0:seed4:frame20,20.0,20,profiled_cz,699,false,false,false,missing,false,true,gradient_only,6,1,16,1569,1498,0.6500070274291737,4.28138118100092,missing
red3:lane1:snr20.0:seed4:frame21,20.0,21,profiled_cz,602,false,false,false,missing,false,true,gradient_only,7,1,16,1544,1537,0.48496912187304775,7.789966287772075,missing
red3:lane1:snr20.0:seed4:frame22,20.0,22,profiled_cz,686,false,false,false,missing,false,true,gradient_only,7,1,16,1564,1505,3.03602425698699,5.555233643353687,missing
red3:lane1:snr20.0:seed4:frame23,20.0,23,profiled_cz,387,false,false,false,missing,false,true,gradient_only,0,1,16,1465,1465,0.39870718688055085,0.39870718688055085,missing
red3:lane1:snr20.0:seed4:frame24,20.0,24,profiled_cz,373,false,false,false,missing,false,true,gradient_only,0,1,16,1432,1432,0.45944946404358583,0.45944946404358583,missing
red3:lane1:snr20.0:seed4:frame25,20.0,25,profiled_cz,495,false,false,false,missing,false,true,gradient_only,3,1,16,1519,1465,0.3818826722693052,2.265861871201747,missing
red3:lane1:snr20.0:seed4:frame26,20.0,26,profiled_cz,684,false,false,false,missing,false,true,gradient_only,8,1,16,1577,1500,0.5962584163974284,8.831883234499829,missing
red3:lane1:snr20.0:seed4:frame27,20.0,27,profiled_cz,670,false,false,false,missing,false,true,gradient_only,1,1,16,1551,1529,0.7281844881608392,9.995706642274138,missing
red3:lane1:snr20.0:seed4:frame28,20.0,28,profiled_cz,683,false,false,false,missing,false,true,gradient_only,3,1,16,1547,1505,0.35473464817037575,3.2066605675477313,missing
red3:lane1:snr20.0:seed4:frame29,20.0,29,profiled_cz,673,false,false,false,missing,false,true,gradient_only,2,1,16,1544,1523,0.3647426101689465,7.180321048713881,missing
red3:lane1:snr20.0:seed4:frame30,20.0,30,profiled_cz,683,false,false,false,missing,false,true,gradient_only,2,1,16,1529,1527,0.9663284477644811,2.888897710948498,missing
red3:lane1:snr20.0:seed4:frame31,20.0,31,profiled_cz,458,false,false,false,missing,false,true,gradient_only,0,1,16,1445,1445,0.5037431365667975,0.5037431365667975,missing
red3:lane1:snr20.0:seed4:frame32,20.0,32,profiled_cz,602,false,false,false,missing,false,true,gradient_only,0,1,16,1537,1537,31.738014072782477,31.738014072782477,missing
red3:lane1:snr20.0:seed4:frame33,20.0,33,profiled_cz,414,false,false,false,missing,false,true,gradient_only,0,1,16,1518,1518,0.7152013552517761,0.7152013552517761,missing
red3:lane1:snr20.0:seed4:frame34,20.0,34,profiled_cz,298,false,false,false,missing,false,true,gradient_only,0,1,16,1391,1391,0.5930133997353578,0.5930133997353578,missing
red3:lane1:snr20.0:seed4:frame35,20.0,35,profiled_cz,601,false,false,false,missing,false,true,gradient_only,5,1,16,1521,1518,0.48038519626086,3.3838353540291233,missing
red3:lane1:snr20.0:seed4:frame36,20.0,36,profiled_cz,692,false,false,false,missing,false,true,gradient_only,4,1,16,1582,1539,0.5389123865306421,33.03515535619575,missing
red3:lane1:snr20.0:seed4:frame37,20.0,37,profiled_cz,317,false,false,false,missing,false,true,gradient_only,0,1,16,1397,1397,0.38211705147956043,0.38211705147956043,missing
red3:lane1:snr20.0:seed4:frame38,20.0,38,profiled_cz,608,false,false,false,missing,false,true,gradient_only,1,1,16,1519,1490,0.6948482454493421,4.7308761911972494,missing
red3:lane1:snr20.0:seed4:frame39,20.0,39,profiled_cz,555,false,false,false,missing,false,true,gradient_only,5,1,16,1544,1465,0.30315066453727074,10.547069687582605,missing
red3:lane1:snr20.0:seed4:frame40,20.0,40,profiled_cz,674,false,false,false,missing,false,true,gradient_only,3,1,16,1547,1521,0.42862999533602564,18.397787773190874,missing
red3:lane1:snr20.0:seed4:frame41,20.0,41,profiled_cz,602,false,false,false,missing,false,true,gradient_only,4,1,16,1526,1487,0.42315308374087335,4.127050878463082,missing
red3:lane1:snr20.0:seed4:frame42,20.0,42,profiled_cz,370,false,false,false,missing,false,true,gradient_only,0,1,16,1434,1434,0.4598926187844339,0.4598926187844339,missing
red3:lane1:snr20.0:seed4:frame43,20.0,43,profiled_cz,958,false,false,false,missing,false,true,gradient_only,5,1,16,1532,1505,1.3430740845553875,159.15410791925797,missing
red3:lane1:snr20.0:seed4:frame44,20.0,44,profiled_cz,321,false,false,false,missing,false,true,gradient_only,0,1,16,1449,1449,0.2994356628062362,0.2994356628062362,missing
red3:lane1:snr20.0:seed4:frame45,20.0,45,profiled_cz,588,false,false,false,missing,false,true,gradient_only,2,1,16,1540,1497,0.41263595077601567,3.596012465787328,missing
red3:lane1:snr20.0:seed4:frame46,20.0,46,profiled_cz,742,false,false,false,missing,false,true,gradient_only,5,1,16,1598,1506,0.8612484122132072,4.368869301259915,missing
red3:lane1:snr20.0:seed4:frame47,20.0,47,profiled_cz,705,false,false,false,missing,false,true,gradient_only,5,1,16,1578,1523,0.8099610143122756,7.3955830928514965,missing
red3:lane1:snr20.0:seed4:frame48,20.0,48,profiled_cz,633,false,false,false,missing,false,true,gradient_only,3,1,16,1498,1492,0.4904596065996872,6.354778318688578,missing
red3:lane1:snr20.0:seed4:frame49,20.0,49,profiled_cz,739,false,false,false,missing,false,true,gradient_only,2,1,16,1538,1492,0.42120690258123394,4.219842242737049,missing
red3:lane1:snr20.0:seed4:frame50,20.0,50,profiled_cz,619,false,false,false,missing,false,true,gradient_only,2,1,16,1482,1461,0.4233939377837447,16.765647901141843,missing
red3:lane1:snr20.0:seed4:frame51,20.0,51,profiled_cz,542,false,false,false,missing,false,true,gradient_only,7,1,16,1508,1490,0.3555794379828028,2.708750973708825,missing
red3:lane1:snr20.0:seed4:frame52,20.0,52,profiled_cz,551,false,false,false,missing,false,true,gradient_only,1,1,16,1503,1439,0.3810573119048744,5.200481336557563,missing
red3:lane1:snr20.0:seed4:frame53,20.0,53,profiled_cz,405,false,false,false,missing,false,true,gradient_only,0,1,16,1496,1496,0.79984303624581,0.79984303624581,missing
red3:lane1:snr20.0:seed4:frame54,20.0,54,profiled_cz,558,false,false,false,missing,false,true,gradient_only,3,1,16,1549,1502,0.6538493451805018,205.93794687917202,missing
red3:lane1:snr20.0:seed4:frame55,20.0,55,profiled_cz,660,false,false,false,missing,false,true,gradient_only,8,1,16,1528,1477,4.149256725976789,3.1661733832705203,missing
red3:lane1:snr20.0:seed4:frame56,20.0,56,profiled_cz,592,false,false,false,missing,false,true,gradient_only,2,1,16,1530,1517,0.5105758409565582,7.9463322435906045,missing
red3:lane1:snr20.0:seed4:frame57,20.0,57,profiled_cz,679,false,false,false,missing,false,true,gradient_only,4,1,16,1537,1507,0.6275766143959998,5.780639566376513,missing
red3:lane1:snr20.0:seed4:frame58,20.0,58,profiled_cz,589,false,false,false,missing,false,true,gradient_only,6,1,16,1553,1507,0.4939574871876093,2.9723765490386027,missing
red3:lane1:snr20.0:seed4:frame59,20.0,59,profiled_cz,528,false,false,false,missing,false,true,gradient_only,5,1,16,1501,1496,0.5626145673976277,11.66828487225572,missing
red3:lane1:snr20.0:seed4:frame60,20.0,60,profiled_cz,526,false,false,false,missing,false,true,gradient_only,1,1,16,1484,1469,0.3555117221723384,3.5491365349468795,missing
red3:lane1:snr22.0:seed4:frame1,22.0,1,cwz_joint,477,false,false,false,missing,false,true,gradient_only,8,1,16,1404,1169,0.24533178237276607,36.75853148092857,missing
red3:lane1:snr22.0:seed4:frame2,22.0,2,cwz_joint,332,false,false,false,missing,false,true,gradient_only,0,1,16,1401,1401,0.7357930565104002,0.7357930565104002,missing
red3:lane1:snr22.0:seed4:frame3,22.0,3,cwz_joint,725,false,false,false,missing,false,true,gradient_only,8,1,16,1518,1394,0.3708962947457573,80.68073824790156,missing
red3:lane1:snr22.0:seed4:frame4,22.0,4,cwz_joint,697,false,false,false,missing,false,true,gradient_only,7,1,16,1534,1322,2.030836281694073,220.09157205434448,missing
red3:lane1:snr22.0:seed4:frame5,22.0,5,cwz_joint,378,false,false,false,missing,false,true,gradient_only,8,1,16,1313,1178,0.305074383187332,20.608293791933622,missing
red3:lane1:snr22.0:seed4:frame6,22.0,6,cwz_joint,688,false,false,false,missing,false,true,gradient_only,8,1,16,1511,1293,0.4086202947076999,12.96809168707113,missing
red3:lane1:snr22.0:seed4:frame7,22.0,7,cwz_joint,533,false,false,false,missing,false,true,gradient_only,5,1,16,1498,1377,0.32991936343391554,24.267927617251043,missing
red3:lane1:snr22.0:seed4:frame8,22.0,8,cwz_joint,495,false,false,false,missing,false,true,gradient_only,8,1,16,1402,1277,0.4240612629123959,69.3654784798541,missing
red3:lane1:snr22.0:seed4:frame9,22.0,9,cwz_joint,508,false,false,false,missing,false,true,gradient_only,6,1,16,1477,1232,0.40933921190043876,19.1869701627458,missing
red3:lane1:snr22.0:seed4:frame10,22.0,10,cwz_joint,710,false,false,false,missing,false,true,gradient_only,8,1,16,1448,1343,0.6753016968819168,32.529102689819055,missing
red3:lane1:snr22.0:seed4:frame11,22.0,11,cwz_joint,745,false,false,false,missing,false,true,gradient_only,7,1,16,1542,1337,0.330021449012241,22.97866649715931,missing
red3:lane1:snr22.0:seed4:frame12,22.0,12,cwz_joint,553,false,false,false,missing,false,true,gradient_only,8,1,16,1439,1153,0.5530386616259428,183.92778289143666,missing
red3:lane1:snr22.0:seed4:frame13,22.0,13,cwz_joint,660,false,false,false,missing,false,true,gradient_only,8,1,16,1502,1330,0.47172826645296806,13.216323148931073,missing
red3:lane1:snr22.0:seed4:frame14,22.0,14,cwz_joint,822,false,false,false,missing,false,true,gradient_only,8,1,16,1588,1346,0.6465904759264347,18.807469978254566,missing
red3:lane1:snr22.0:seed4:frame15,22.0,15,cwz_joint,710,false,false,false,missing,false,true,gradient_only,8,1,16,1509,1285,0.5943161707506317,13.475411356395593,missing
red3:lane1:snr22.0:seed4:frame16,22.0,16,cwz_joint,635,false,false,false,missing,false,true,gradient_only,7,1,16,1521,1326,0.4824302929159878,123.25336547589039,missing
red3:lane1:snr22.0:seed4:frame17,22.0,17,cwz_joint,519,false,false,false,missing,false,true,gradient_only,7,1,16,1379,1210,0.5444164129228257,197.3493915426306,missing
red3:lane1:snr22.0:seed4:frame18,22.0,18,cwz_joint,601,false,false,false,missing,false,true,gradient_only,8,1,16,1368,1332,0.5333031677825762,16.734992846191986,missing
red3:lane1:snr22.0:seed4:frame19,22.0,19,cwz_joint,642,false,false,false,missing,false,true,gradient_only,8,1,16,1462,1267,0.39908226875667857,11.157944147392536,missing
red3:lane1:snr22.0:seed4:frame20,22.0,20,cwz_joint,745,false,false,false,missing,false,true,gradient_only,8,1,16,1561,1327,0.684905562135836,22.596664273632538,missing
red3:lane1:snr22.0:seed4:frame21,22.0,21,cwz_joint,778,false,false,false,missing,false,true,gradient_only,8,1,16,1581,1396,0.4551947556163878,62.08883192857109,missing
red3:lane1:snr22.0:seed4:frame22,22.0,22,cwz_joint,758,false,false,false,missing,false,true,gradient_only,8,1,16,1547,1313,2.1346957291217135,160.6117466199668,missing
red3:lane1:snr22.0:seed4:frame23,22.0,23,cwz_joint,582,false,false,false,missing,false,true,gradient_only,8,1,16,1465,1285,0.428198568381888,27.829905945915904,missing
red3:lane1:snr22.0:seed4:frame24,22.0,24,cwz_joint,539,false,false,false,missing,false,true,gradient_only,7,1,16,1474,1269,0.5586520002064936,13.718913271082506,missing
red3:lane1:snr22.0:seed4:frame25,22.0,25,cwz_joint,1,false,false,true,missing,false,true,gradient_only,8,1,16,73,0,0.3780564510744596,17.45074188826204,missing
red3:lane1:snr22.0:seed4:frame26,22.0,26,cwz_joint,643,false,false,false,missing,false,true,gradient_only,8,1,16,1480,1215,1.6424033390169275,62.75090862937936,missing
red3:lane1:snr22.0:seed4:frame27,22.0,27,cwz_joint,792,false,false,false,missing,false,true,gradient_only,8,1,16,1551,1337,1.496274595880399,61.74594243968159,missing
red3:lane1:snr22.0:seed4:frame28,22.0,28,cwz_joint,756,false,false,false,missing,false,true,gradient_only,8,1,16,1523,1322,0.5152471625916714,36.28970094422106,missing
red3:lane1:snr22.0:seed4:frame29,22.0,29,cwz_joint,765,false,false,false,missing,false,true,gradient_only,8,1,16,1577,1221,0.4317332127498076,44.35126839389161,missing
red3:lane1:snr22.0:seed4:frame30,22.0,30,cwz_joint,642,false,false,false,missing,false,true,gradient_only,8,1,16,1533,1302,0.47628959142754146,14.977791467462014,missing
red3:lane1:snr22.0:seed4:frame31,22.0,31,cwz_joint,718,false,false,false,missing,false,true,gradient_only,8,1,16,1517,1406,1.5795753464707165,12.93719311020734,missing
red3:lane1:snr22.0:seed4:frame32,22.0,32,cwz_joint,742,false,false,false,missing,false,true,gradient_only,7,1,16,1516,1319,0.47068735952035906,22.90177079077483,missing
red3:lane1:snr22.0:seed4:frame33,22.0,33,cwz_joint,655,false,false,false,missing,false,true,gradient_only,7,1,16,1458,1334,0.6985540758272322,55.33872719705638,missing
red3:lane1:snr22.0:seed4:frame34,22.0,34,cwz_joint,337,false,false,false,missing,false,true,gradient_only,7,1,16,1273,1171,0.9816433129364472,136.6574096540428,missing
red3:lane1:snr22.0:seed4:frame35,22.0,35,cwz_joint,532,false,false,false,missing,false,true,gradient_only,8,1,16,1504,1175,0.5733019264599899,19.834368071798462,missing
red3:lane1:snr22.0:seed4:frame36,22.0,36,cwz_joint,713,false,false,false,missing,false,true,gradient_only,7,1,16,1515,1317,0.7074135148867511,380.4785918415503,missing
red3:lane1:snr22.0:seed4:frame37,22.0,37,cwz_joint,464,false,false,false,missing,false,true,gradient_only,8,1,16,1437,1185,0.4583815157565357,18.237325095027014,missing
red3:lane1:snr22.0:seed4:frame38,22.0,38,cwz_joint,674,false,false,false,missing,false,true,gradient_only,8,1,16,1522,1241,0.6139532806631018,27.522840057080927,missing
red3:lane1:snr22.0:seed4:frame39,22.0,39,cwz_joint,643,false,false,false,missing,false,true,gradient_only,7,1,16,1449,1330,0.2913660121513617,37.191741867191055,missing
red3:lane1:snr22.0:seed4:frame40,22.0,40,cwz_joint,682,false,false,false,missing,false,true,gradient_only,8,1,16,1531,1260,0.3197088367150438,55.64244905572499,missing
red3:lane1:snr22.0:seed4:frame41,22.0,41,cwz_joint,705,false,false,false,missing,false,true,gradient_only,8,1,16,1540,1348,0.36078466716423835,19.019108282097044,missing
red3:lane1:snr22.0:seed4:frame42,22.0,42,cwz_joint,666,false,false,false,missing,false,true,gradient_only,8,1,16,1449,1343,0.37205356256504796,13.567859654077717,missing
red3:lane1:snr22.0:seed4:frame43,22.0,43,cwz_joint,1001,false,false,false,missing,false,true,gradient_only,7,1,16,1599,1422,0.8963782922411582,68.37915156522938,missing
red3:lane1:snr22.0:seed4:frame44,22.0,44,cwz_joint,454,false,false,false,missing,false,true,gradient_only,8,1,16,1342,1185,0.32202374469436396,35.48024370431105,missing
red3:lane1:snr22.0:seed4:frame45,22.0,45,cwz_joint,667,false,false,false,missing,false,true,gradient_only,7,1,16,1485,1376,0.3272901314550467,23.212139602939946,missing
red3:lane1:snr22.0:seed4:frame46,22.0,46,cwz_joint,784,false,false,false,missing,false,true,gradient_only,8,1,16,1593,1343,0.5077319029659606,21.49998578615606,missing
red3:lane1:snr22.0:seed4:frame47,22.0,47,cwz_joint,746,false,false,false,missing,false,true,gradient_only,8,1,16,1531,1312,0.6040553213172158,52.67046858806459,missing
red3:lane1:snr22.0:seed4:frame48,22.0,48,cwz_joint,693,false,false,false,missing,false,true,gradient_only,6,1,16,1546,1328,0.49051015954734095,32.483198299517916,missing
red3:lane1:snr22.0:seed4:frame49,22.0,49,cwz_joint,728,false,false,false,missing,false,true,gradient_only,6,1,16,1548,1340,0.5242875235132552,15.951970264211464,missing
red3:lane1:snr22.0:seed4:frame50,22.0,50,cwz_joint,680,false,false,false,missing,false,true,gradient_only,8,1,16,1481,1268,0.43968168934931395,45.58502015771662,missing
red3:lane1:snr22.0:seed4:frame51,22.0,51,cwz_joint,645,false,false,false,missing,false,true,gradient_only,8,1,16,1475,1307,0.4084745112568856,12.366087296986828,missing
red3:lane1:snr22.0:seed4:frame52,22.0,52,cwz_joint,615,false,false,false,missing,false,true,gradient_only,7,1,16,1538,1339,0.30888269454897976,24.717090974013487,missing
red3:lane1:snr22.0:seed4:frame53,22.0,53,cwz_joint,702,false,false,false,missing,false,true,gradient_only,7,1,16,1547,1319,5.337499392620272,20.43740656911848,missing
red3:lane1:snr22.0:seed4:frame54,22.0,54,cwz_joint,670,false,false,false,missing,false,true,gradient_only,7,1,16,1489,1387,0.6198533336337008,98.08021734835516,missing
red3:lane1:snr22.0:seed4:frame55,22.0,55,cwz_joint,705,false,false,false,missing,false,true,gradient_only,8,1,16,1543,1304,0.3619608386928367,15.394308687945609,missing
red3:lane1:snr22.0:seed4:frame56,22.0,56,cwz_joint,641,false,false,false,missing,false,true,gradient_only,8,1,16,1503,1338,0.9800217898061027,28.08643658272729,missing
red3:lane1:snr22.0:seed4:frame57,22.0,57,cwz_joint,752,false,false,false,missing,false,true,gradient_only,6,1,16,1524,1371,1.3845655568163282,45.17901768008357,missing
red3:lane1:snr22.0:seed4:frame58,22.0,58,cwz_joint,679,false,false,false,missing,false,true,gradient_only,8,1,16,1475,1340,0.3905924710959623,17.798755732476668,missing
red3:lane1:snr22.0:seed4:frame59,22.0,59,cwz_joint,616,false,false,false,missing,false,true,gradient_only,7,1,16,1447,1307,0.4593683182304505,38.08662955377072,missing
red3:lane1:snr22.0:seed4:frame60,22.0,60,cwz_joint,432,false,false,false,missing,false,true,gradient_only,7,1,16,1387,1136,0.3239112737128523,15.2186319920031,missing
red3:lane1:snr22.0:seed4:frame1,22.0,1,profiled_cz,296,false,false,false,missing,false,true,gradient_only,0,1,16,1404,1404,0.24533178237276607,0.24533178237276607,missing
red3:lane1:snr22.0:seed4:frame2,22.0,2,profiled_cz,332,false,false,false,missing,false,true,gradient_only,0,1,16,1401,1401,0.7357930565104002,0.7357930565104002,missing
red3:lane1:snr22.0:seed4:frame3,22.0,3,profiled_cz,561,false,false,false,missing,false,true,gradient_only,4,1,16,1518,1506,0.3708962947457573,24.921934923956446,missing
red3:lane1:snr22.0:seed4:frame4,22.0,4,profiled_cz,621,false,false,false,missing,false,true,gradient_only,7,1,16,1534,1482,2.030836281694073,5.56553905210593,missing
red3:lane1:snr22.0:seed4:frame5,22.0,5,profiled_cz,246,false,false,false,missing,false,true,gradient_only,0,1,16,1313,1313,0.305074383187332,0.305074383187332,missing
red3:lane1:snr22.0:seed4:frame6,22.0,6,profiled_cz,411,false,false,false,missing,false,true,gradient_only,0,1,16,1511,1511,0.4086202947076999,0.4086202947076999,missing
red3:lane1:snr22.0:seed4:frame7,22.0,7,profiled_cz,338,false,false,false,missing,false,true,gradient_only,0,1,16,1498,1498,0.32991936343391554,0.32991936343391554,missing
red3:lane1:snr22.0:seed4:frame8,22.0,8,profiled_cz,314,false,false,false,missing,false,true,gradient_only,0,1,16,1402,1402,0.4240612629123959,0.4240612629123959,missing
red3:lane1:snr22.0:seed4:frame9,22.0,9,profiled_cz,335,false,false,false,missing,false,true,gradient_only,0,1,16,1477,1477,0.40933921190043876,0.40933921190043876,missing
red3:lane1:snr22.0:seed4:frame10,22.0,10,profiled_cz,451,false,false,false,missing,false,true,gradient_only,0,1,16,1448,1448,0.6753016968819168,0.6753016968819168,missing
red3:lane1:snr22.0:seed4:frame11,22.0,11,profiled_cz,639,false,false,false,missing,false,true,gradient_only,1,1,16,1542,1536,0.330021449012241,3.9825098246018094,missing
red3:lane1:snr22.0:seed4:frame12,22.0,12,profiled_cz,341,false,false,false,missing,false,true,gradient_only,0,1,16,1439,1439,0.5530386616259428,0.5530386616259428,missing
red3:lane1:snr22.0:seed4:frame13,22.0,13,profiled_cz,442,false,false,false,missing,false,true,gradient_only,0,1,16,1502,1502,0.47172826645296806,0.47172826645296806,missing
red3:lane1:snr22.0:seed4:frame14,22.0,14,profiled_cz,711,false,false,false,missing,false,true,gradient_only,6,1,16,1588,1522,0.6465904759264347,3.2219198121399075,missing
red3:lane1:snr22.0:seed4:frame15,22.0,15,profiled_cz,611,false,false,false,missing,false,true,gradient_only,1,1,16,1509,1491,0.5943161707506317,2.516120898455859,missing
red3:lane1:snr22.0:seed4:frame16,22.0,16,profiled_cz,597,false,false,false,missing,false,true,gradient_only,3,1,16,1521,1478,0.4824302929159878,12.186430951226432,missing
red3:lane1:snr22.0:seed4:frame17,22.0,17,profiled_cz,323,false,false,false,missing,false,true,gradient_only,0,1,16,1379,1379,0.5444164129228257,0.5444164129228257,missing
red3:lane1:snr22.0:seed4:frame18,22.0,18,profiled_cz,296,false,false,false,missing,false,true,gradient_only,0,1,16,1368,1368,0.5333031677825762,0.5333031677825762,missing
red3:lane1:snr22.0:seed4:frame19,22.0,19,profiled_cz,522,false,false,false,missing,false,true,gradient_only,4,1,16,1462,1456,0.39908226875667857,2.429794647721035,missing
red3:lane1:snr22.0:seed4:frame20,22.0,20,profiled_cz,624,false,false,false,missing,false,true,gradient_only,8,1,16,1561,1531,0.684905562135836,4.52325837425642,missing
red3:lane1:snr22.0:seed4:frame21,22.0,21,profiled_cz,634,false,false,false,missing,false,true,gradient_only,6,1,16,1581,1511,0.4551947556163878,15.397470707912293,missing
red3:lane1:snr22.0:seed4:frame22,22.0,22,profiled_cz,692,false,false,false,missing,false,true,gradient_only,5,1,16,1547,1520,2.1346957291217135,4.09387493590449,missing
red3:lane1:snr22.0:seed4:frame23,22.0,23,profiled_cz,354,false,false,false,missing,false,true,gradient_only,0,1,16,1465,1465,0.428198568381888,0.428198568381888,missing
red3:lane1:snr22.0:seed4:frame24,22.0,24,profiled_cz,370,false,false,false,missing,false,true,gradient_only,0,1,16,1474,1474,0.5586520002064936,0.5586520002064936,missing
red3:lane1:snr22.0:seed4:frame25,22.0,25,profiled_cz,1,false,false,true,missing,false,true,gradient_only,1,1,16,73,0,0.3780564510744596,2.100126987947065,missing
red3:lane1:snr22.0:seed4:frame26,22.0,26,profiled_cz,470,false,false,false,missing,false,true,gradient_only,0,1,16,1480,1480,1.6424033390169275,1.6424033390169275,missing
red3:lane1:snr22.0:seed4:frame27,22.0,27,profiled_cz,694,false,false,false,missing,false,true,gradient_only,3,1,16,1551,1529,1.496274595880399,8.332936553044693,missing
red3:lane1:snr22.0:seed4:frame28,22.0,28,profiled_cz,643,false,false,false,missing,false,true,gradient_only,8,1,16,1523,1500,0.5152471625916714,3.315918633083343,missing
red3:lane1:snr22.0:seed4:frame29,22.0,29,profiled_cz,696,false,false,false,missing,false,true,gradient_only,3,1,16,1577,1540,0.4317332127498076,6.857511687351527,missing
red3:lane1:snr22.0:seed4:frame30,22.0,30,profiled_cz,563,false,false,false,missing,false,true,gradient_only,4,1,16,1533,1469,0.47628959142754146,2.801682427297045,missing
red3:lane1:snr22.0:seed4:frame31,22.0,31,profiled_cz,437,false,false,false,missing,false,true,gradient_only,0,1,16,1517,1517,1.5795753464707165,1.5795753464707165,missing
red3:lane1:snr22.0:seed4:frame32,22.0,32,profiled_cz,518,false,false,false,missing,false,true,gradient_only,0,1,16,1516,1516,0.47068735952035906,0.47068735952035906,missing
red3:lane1:snr22.0:seed4:frame33,22.0,33,profiled_cz,415,false,false,false,missing,false,true,gradient_only,0,1,16,1458,1458,0.6985540758272322,0.6985540758272322,missing
red3:lane1:snr22.0:seed4:frame34,22.0,34,profiled_cz,229,false,false,false,missing,false,true,gradient_only,0,1,16,1273,1273,0.9816433129364472,0.9816433129364472,missing
red3:lane1:snr22.0:seed4:frame35,22.0,35,profiled_cz,525,false,false,false,missing,false,true,gradient_only,3,1,16,1504,1503,0.5733019264599899,3.8899328558016912,missing
red3:lane1:snr22.0:seed4:frame36,22.0,36,profiled_cz,575,false,false,false,missing,false,true,gradient_only,3,1,16,1515,1503,0.7074135148867511,17.5697547480264,missing
red3:lane1:snr22.0:seed4:frame37,22.0,37,profiled_cz,455,false,false,false,missing,false,true,gradient_only,5,1,16,1437,1423,0.4583815157565357,3.407903548289202,missing
red3:lane1:snr22.0:seed4:frame38,22.0,38,profiled_cz,419,false,false,false,missing,false,true,gradient_only,0,1,16,1522,1522,0.6139532806631018,0.6139532806631018,missing
red3:lane1:snr22.0:seed4:frame39,22.0,39,profiled_cz,375,false,false,false,missing,false,true,gradient_only,0,1,16,1449,1449,0.2913660121513617,0.2913660121513617,missing
red3:lane1:snr22.0:seed4:frame40,22.0,40,profiled_cz,601,false,false,false,missing,false,true,gradient_only,6,1,16,1531,1517,0.3197088367150438,15.868892753207163,missing
red3:lane1:snr22.0:seed4:frame41,22.0,41,profiled_cz,621,false,false,false,missing,false,true,gradient_only,3,1,16,1540,1509,0.36078466716423835,3.2936951400536043,missing
red3:lane1:snr22.0:seed4:frame42,22.0,42,profiled_cz,378,false,false,false,missing,false,true,gradient_only,0,1,16,1449,1449,0.37205356256504796,0.37205356256504796,missing
red3:lane1:snr22.0:seed4:frame43,22.0,43,profiled_cz,894,false,false,false,missing,false,true,gradient_only,5,1,16,1599,1529,0.8963782922411582,31.011029462875047,missing
red3:lane1:snr22.0:seed4:frame44,22.0,44,profiled_cz,269,false,false,false,missing,false,true,gradient_only,0,1,16,1342,1342,0.32202374469436396,0.32202374469436396,missing
red3:lane1:snr22.0:seed4:frame45,22.0,45,profiled_cz,537,false,false,false,missing,false,true,gradient_only,1,1,16,1485,1482,0.3272901314550467,4.206251602086832,missing
red3:lane1:snr22.0:seed4:frame46,22.0,46,profiled_cz,688,false,false,false,missing,false,true,gradient_only,6,1,16,1593,1535,0.5077319029659606,4.258978635362385,missing
red3:lane1:snr22.0:seed4:frame47,22.0,47,profiled_cz,651,false,false,false,missing,false,true,gradient_only,6,1,16,1531,1491,0.6040553213172158,6.294728019514484,missing
red3:lane1:snr22.0:seed4:frame48,22.0,48,profiled_cz,464,false,false,false,missing,false,true,gradient_only,0,1,16,1546,1546,0.49051015954734095,0.49051015954734095,missing
red3:lane1:snr22.0:seed4:frame49,22.0,49,profiled_cz,614,false,false,false,missing,false,true,gradient_only,6,1,16,1548,1515,0.5242875235132552,3.026522279092522,missing
red3:lane1:snr22.0:seed4:frame50,22.0,50,profiled_cz,567,false,false,false,missing,false,true,gradient_only,3,1,16,1481,1480,0.43968168934931395,11.794477916981593,missing
red3:lane1:snr22.0:seed4:frame51,22.0,51,profiled_cz,359,false,false,false,missing,false,true,gradient_only,0,1,16,1475,1475,0.4084745112568856,0.4084745112568856,missing
red3:lane1:snr22.0:seed4:frame52,22.0,52,profiled_cz,529,false,false,false,missing,false,true,gradient_only,8,1,16,1538,1446,0.30888269454897976,373.2456275551087,missing
red3:lane1:snr22.0:seed4:frame53,22.0,53,profiled_cz,420,false,false,false,missing,false,true,gradient_only,0,1,16,1547,1547,5.337499392620272,5.337499392620272,missing
red3:lane1:snr22.0:seed4:frame54,22.0,54,profiled_cz,414,false,false,false,missing,false,true,gradient_only,0,1,16,1489,1489,0.6198533336337008,0.6198533336337008,missing
red3:lane1:snr22.0:seed4:frame55,22.0,55,profiled_cz,660,false,false,false,missing,false,true,gradient_only,8,1,16,1543,1506,0.3619608386928367,3.742641002232239,missing
red3:lane1:snr22.0:seed4:frame56,22.0,56,profiled_cz,527,false,false,false,missing,false,true,gradient_only,8,1,16,1503,1475,0.9800217898061027,15.885351017170313,missing
red3:lane1:snr22.0:seed4:frame57,22.0,57,profiled_cz,691,false,false,false,missing,false,true,gradient_only,1,1,16,1524,1493,1.3845655568163282,10.578297039366555,missing
red3:lane1:snr22.0:seed4:frame58,22.0,58,profiled_cz,551,false,false,false,missing,false,true,gradient_only,2,1,16,1475,1463,0.3905924710959623,2.9149085918206783,missing
red3:lane1:snr22.0:seed4:frame59,22.0,59,profiled_cz,363,false,false,false,missing,false,true,gradient_only,0,1,16,1447,1447,0.4593683182304505,0.4593683182304505,missing
red3:lane1:snr22.0:seed4:frame60,22.0,60,profiled_cz,273,false,false,false,missing,false,true,gradient_only,0,1,16,1387,1387,0.3239112737128523,0.3239112737128523,missing
red3:lane1:snr24.0:seed4:frame1,24.0,1,cwz_joint,354,false,false,false,missing,false,true,gradient_only,7,1,16,1315,1070,0.3073702539040256,38.346867445468376,missing
red3:lane1:snr24.0:seed4:frame2,24.0,2,cwz_joint,617,false,false,false,missing,false,true,gradient_only,8,1,16,1454,1345,2.928972208166359,21.331125293306165,missing
red3:lane1:snr24.0:seed4:frame3,24.0,3,cwz_joint,625,false,false,false,missing,false,true,gradient_only,7,1,16,1471,1313,1.1025428123810443,76.04881213419308,missing
red3:lane1:snr24.0:seed4:frame4,24.0,4,cwz_joint,701,false,false,false,missing,false,true,gradient_only,8,1,16,1527,1314,0.3086141181407442,217.87214011610763,missing
red3:lane1:snr24.0:seed4:frame5,24.0,5,cwz_joint,368,false,false,false,missing,false,true,gradient_only,8,1,16,1348,1116,0.27594356000769565,20.272302266389175,missing
red3:lane1:snr24.0:seed4:frame6,24.0,6,cwz_joint,579,false,false,false,missing,false,true,gradient_only,6,1,16,1464,1265,0.3836258892045118,14.256772884946251,missing
red3:lane1:snr24.0:seed4:frame7,24.0,7,cwz_joint,533,false,false,false,missing,false,true,gradient_only,8,1,16,1456,1259,0.6086597762022509,22.092232971388032,missing
red3:lane1:snr24.0:seed4:frame8,24.0,8,cwz_joint,463,false,false,false,missing,false,true,gradient_only,8,1,16,1381,1223,0.5194776813643919,76.76465597690452,missing
red3:lane1:snr24.0:seed4:frame9,24.0,9,cwz_joint,397,false,false,false,missing,false,true,gradient_only,7,1,16,1358,1166,0.3733403745543164,17.61870334660725,missing
red3:lane1:snr24.0:seed4:frame10,24.0,10,cwz_joint,533,false,false,false,missing,false,true,gradient_only,8,1,16,1461,1262,0.3951136263247905,31.33347514684035,missing
red3:lane1:snr24.0:seed4:frame11,24.0,11,cwz_joint,610,false,false,false,missing,false,true,gradient_only,8,1,16,1485,1227,0.37684154564924044,21.141947125901726,missing
red3:lane1:snr24.0:seed4:frame12,24.0,12,cwz_joint,543,false,false,false,missing,false,true,gradient_only,7,1,16,1429,1256,0.6864726182085836,167.36162063902842,missing
red3:lane1:snr24.0:seed4:frame13,24.0,13,cwz_joint,631,false,false,false,missing,false,true,gradient_only,8,1,16,1418,1336,0.46545056677691393,12.508488598063982,missing
red3:lane1:snr24.0:seed4:frame14,24.0,14,cwz_joint,773,false,false,false,missing,false,true,gradient_only,8,1,16,1513,1333,0.7222485367323971,16.76635271054608,missing
red3:lane1:snr24.0:seed4:frame15,24.0,15,cwz_joint,703,false,false,false,missing,false,true,gradient_only,8,1,16,1557,1310,0.43253186220265444,13.12782381067352,missing
red3:lane1:snr24.0:seed4:frame16,24.0,16,cwz_joint,710,false,false,false,missing,false,true,gradient_only,8,1,16,1464,1408,0.45884327675962205,120.6686267948926,missing
red3:lane1:snr24.0:seed4:frame17,24.0,17,cwz_joint,319,false,false,false,missing,false,true,gradient_only,5,1,16,1319,1079,0.42463749290852526,161.99847219131476,missing
red3:lane1:snr24.0:seed4:frame18,24.0,18,cwz_joint,423,false,false,false,missing,false,true,gradient_only,6,1,16,1393,1225,0.3006673923549039,17.377002699537837,missing
red3:lane1:snr24.0:seed4:frame19,24.0,19,cwz_joint,579,false,false,false,missing,false,true,gradient_only,7,1,16,1443,1278,0.32834435566894127,12.054618497160574,missing
red3:lane1:snr24.0:seed4:frame20,24.0,20,cwz_joint,732,false,false,false,missing,false,true,gradient_only,7,1,16,1515,1222,1.4086862132259157,23.423597593431197,missing
red3:lane1:snr24.0:seed4:frame21,24.0,21,cwz_joint,705,false,false,false,missing,false,true,gradient_only,8,1,16,1545,1373,0.41123838918713823,61.35570054829239,missing
red3:lane1:snr24.0:seed4:frame22,24.0,22,cwz_joint,710,false,false,false,missing,false,true,gradient_only,8,1,16,1507,1299,0.531289845200002,105.56200574290094,missing
red3:lane1:snr24.0:seed4:frame23,24.0,23,cwz_joint,433,false,false,false,missing,false,true,gradient_only,8,1,16,1368,1234,0.9388118155629737,25.517688076593537,missing
red3:lane1:snr24.0:seed4:frame24,24.0,24,cwz_joint,378,false,false,false,missing,false,true,gradient_only,6,1,16,1345,1159,0.47635252956225926,14.5331103853514,missing
red3:lane1:snr24.0:seed4:frame25,24.0,25,cwz_joint,0,true,false,true,missing,true,true,gradient_only,0,1,16,0,0,0.31944788699986537,0.31944788699986537,missing
red3:lane1:snr24.0:seed4:frame26,24.0,26,cwz_joint,708,false,false,false,missing,false,true,gradient_only,8,1,16,1517,1323,0.7350500204205581,58.789627338576814,missing
red3:lane1:snr24.0:seed4:frame27,24.0,27,cwz_joint,674,false,false,false,missing,false,true,gradient_only,6,1,16,1496,1242,0.7739648179275568,70.16654659664451,missing
red3:lane1:snr24.0:seed4:frame28,24.0,28,cwz_joint,708,false,false,false,missing,false,true,gradient_only,7,1,16,1536,1368,0.4046283317319108,40.947432574645184,missing
red3:lane1:snr24.0:seed4:frame29,24.0,29,cwz_joint,796,false,false,false,missing,false,true,gradient_only,8,1,16,1557,1419,0.5062395397495447,41.21007484861897,missing
red3:lane1:snr24.0:seed4:frame30,24.0,30,cwz_joint,605,false,false,false,missing,false,true,gradient_only,8,1,16,1505,1304,0.42938437605419183,14.368978127708086,missing
red3:lane1:snr24.0:seed4:frame31,24.0,31,cwz_joint,660,false,false,false,missing,false,true,gradient_only,6,1,16,1486,1385,0.5061592529418124,14.45354246688155,missing
red3:lane1:snr24.0:seed4:frame32,24.0,32,cwz_joint,774,false,false,false,missing,false,true,gradient_only,8,1,16,1589,1445,0.7750564730389737,20.946447598197928,missing
red3:lane1:snr24.0:seed4:frame33,24.0,33,cwz_joint,620,false,false,false,missing,false,true,gradient_only,8,1,16,1418,1399,0.6200177204564479,50.90963796836074,missing
red3:lane1:snr24.0:seed4:frame34,24.0,34,cwz_joint,306,false,false,false,missing,false,true,gradient_only,7,1,16,1369,1136,1.6133622576581583,109.290034885105,missing
red3:lane1:snr24.0:seed4:frame35,24.0,35,cwz_joint,544,false,false,false,missing,false,true,gradient_only,8,1,16,1423,1227,0.4985926250700107,19.363252296753988,missing
red3:lane1:snr24.0:seed4:frame36,24.0,36,cwz_joint,677,false,false,false,missing,false,true,gradient_only,7,1,16,1541,1341,1.2214261399532689,312.5028759790786,missing
red3:lane1:snr24.0:seed4:frame37,24.0,37,cwz_joint,365,false,false,false,missing,false,true,gradient_only,5,1,16,1369,1200,0.5780760119821022,22.34680941977868,missing
red3:lane1:snr24.0:seed4:frame38,24.0,38,cwz_joint,620,false,false,false,missing,false,true,gradient_only,8,1,16,1500,1185,0.6497338178874238,25.415533758571,missing
red3:lane1:snr24.0:seed4:frame39,24.0,39,cwz_joint,637,false,false,false,missing,false,true,gradient_only,6,1,16,1504,1358,0.5165310803324351,43.23107076588936,missing
red3:lane1:snr24.0:seed4:frame40,24.0,40,cwz_joint,611,false,false,false,missing,false,true,gradient_only,7,1,16,1492,1332,0.35078718926920366,55.973441306939684,missing
red3:lane1:snr24.0:seed4:frame41,24.0,41,cwz_joint,596,false,false,false,missing,false,true,gradient_only,6,1,16,1466,1344,0.3745291855450358,19.62253726436932,missing
red3:lane1:snr24.0:seed4:frame42,24.0,42,cwz_joint,574,false,false,false,missing,false,true,gradient_only,7,1,16,1478,1263,0.30819899113163174,13.058258081341684,missing
red3:lane1:snr24.0:seed4:frame43,24.0,43,cwz_joint,973,false,false,false,missing,false,true,gradient_only,8,1,16,1578,1370,0.7345336093336943,49.312743778977755,missing
red3:lane1:snr24.0:seed4:frame44,24.0,44,cwz_joint,438,false,false,false,missing,false,true,gradient_only,8,1,16,1381,1177,0.3077273089154873,32.261969435455114,missing
red3:lane1:snr24.0:seed4:frame45,24.0,45,cwz_joint,642,false,false,false,missing,false,true,gradient_only,8,1,16,1512,1417,0.3251675950842768,21.413549859146503,missing
red3:lane1:snr24.0:seed4:frame46,24.0,46,cwz_joint,735,false,false,false,missing,false,true,gradient_only,8,1,16,1537,1307,0.4558264486055532,20.35322362010126,missing
red3:lane1:snr24.0:seed4:frame47,24.0,47,cwz_joint,728,false,false,false,missing,false,true,gradient_only,8,1,16,1490,1336,0.5715026785669903,49.20983233581146,missing
red3:lane1:snr24.0:seed4:frame48,24.0,48,cwz_joint,702,false,false,false,missing,false,true,gradient_only,7,1,16,1535,1376,1.058671824210488,30.91685376427566,missing
red3:lane1:snr24.0:seed4:frame49,24.0,49,cwz_joint,700,false,false,false,missing,false,true,gradient_only,8,1,16,1542,1290,2.8968839469121823,13.256964698418576,missing
red3:lane1:snr24.0:seed4:frame50,24.0,50,cwz_joint,638,false,false,false,missing,false,true,gradient_only,8,1,16,1489,1308,0.4876051632375906,36.88899805815783,missing
red3:lane1:snr24.0:seed4:frame51,24.0,51,cwz_joint,599,false,false,false,missing,false,true,gradient_only,8,1,16,1465,1252,0.4780707262369404,11.699346333908991,missing
red3:lane1:snr24.0:seed4:frame52,24.0,52,cwz_joint,587,false,false,false,missing,false,true,gradient_only,6,1,16,1541,1324,0.31284130163427176,24.447253298492832,missing
red3:lane1:snr24.0:seed4:frame53,24.0,53,cwz_joint,640,false,false,false,missing,false,true,gradient_only,8,1,16,1478,1278,0.44946492610283306,18.754594989501648,missing
red3:lane1:snr24.0:seed4:frame54,24.0,54,cwz_joint,616,false,false,false,missing,false,true,gradient_only,7,1,16,1445,1300,0.5840067535909419,77.5271570646666,missing
red3:lane1:snr24.0:seed4:frame55,24.0,55,cwz_joint,630,false,false,false,missing,false,true,gradient_only,7,1,16,1489,1197,0.34777063452322876,16.31432576732378,missing
red3:lane1:snr24.0:seed4:frame56,24.0,56,cwz_joint,651,false,false,false,missing,false,true,gradient_only,8,1,16,1502,1315,0.3641875175580188,27.388794236461617,missing
red3:lane1:snr24.0:seed4:frame57,24.0,57,cwz_joint,724,false,false,false,missing,false,true,gradient_only,8,1,16,1509,1199,0.6141633691311427,36.17915988421661,missing
red3:lane1:snr24.0:seed4:frame58,24.0,58,cwz_joint,702,false,false,false,missing,false,true,gradient_only,8,1,16,1499,1362,0.4688373570505359,17.204562909980385,missing
red3:lane1:snr24.0:seed4:frame59,24.0,59,cwz_joint,646,false,false,false,missing,false,true,gradient_only,8,1,16,1463,1216,0.581906473248645,37.08089025616267,missing
red3:lane1:snr24.0:seed4:frame60,24.0,60,cwz_joint,466,false,false,false,missing,false,true,gradient_only,8,1,16,1447,1120,0.30070985895343605,13.653923965511785,missing
red3:lane1:snr24.0:seed4:frame1,24.0,1,profiled_cz,259,false,false,false,missing,false,true,gradient_only,0,1,16,1315,1315,0.3073702539040256,0.3073702539040256,missing
red3:lane1:snr24.0:seed4:frame2,24.0,2,profiled_cz,318,false,false,false,missing,false,true,gradient_only,0,1,16,1454,1454,2.928972208166359,2.928972208166359,missing
red3:lane1:snr24.0:seed4:frame3,24.0,3,profiled_cz,356,false,false,false,missing,false,true,gradient_only,0,1,16,1471,1471,1.1025428123810443,1.1025428123810443,missing
red3:lane1:snr24.0:seed4:frame4,24.0,4,profiled_cz,509,false,false,false,missing,false,true,gradient_only,2,1,16,1527,1526,0.3086141181407442,4.641150456484098,missing
red3:lane1:snr24.0:seed4:frame5,24.0,5,profiled_cz,247,false,false,false,missing,false,true,gradient_only,0,1,16,1348,1348,0.27594356000769565,0.27594356000769565,missing
red3:lane1:snr24.0:seed4:frame6,24.0,6,profiled_cz,377,false,false,false,missing,false,true,gradient_only,0,1,16,1464,1464,0.3836258892045118,0.3836258892045118,missing
red3:lane1:snr24.0:seed4:frame7,24.0,7,profiled_cz,483,false,false,false,missing,false,true,gradient_only,4,1,16,1456,1445,0.6086597762022509,3.7989291942411985,missing
red3:lane1:snr24.0:seed4:frame8,24.0,8,profiled_cz,284,false,false,false,missing,false,true,gradient_only,0,1,16,1381,1381,0.5194776813643919,0.5194776813643919,missing
red3:lane1:snr24.0:seed4:frame9,24.0,9,profiled_cz,267,false,false,false,missing,false,true,gradient_only,0,1,16,1358,1358,0.3733403745543164,0.3733403745543164,missing
red3:lane1:snr24.0:seed4:frame10,24.0,10,profiled_cz,346,false,false,false,missing,false,true,gradient_only,0,1,16,1461,1461,0.3951136263247905,0.3951136263247905,missing
red3:lane1:snr24.0:seed4:frame11,24.0,11,profiled_cz,413,false,false,false,missing,false,true,gradient_only,0,1,16,1485,1485,0.37684154564924044,0.37684154564924044,missing
red3:lane1:snr24.0:seed4:frame12,24.0,12,profiled_cz,340,false,false,false,missing,false,true,gradient_only,0,1,16,1429,1429,0.6864726182085836,0.6864726182085836,missing
red3:lane1:snr24.0:seed4:frame13,24.0,13,profiled_cz,397,false,false,false,missing,false,true,gradient_only,0,1,16,1418,1418,0.46545056677691393,0.46545056677691393,missing
red3:lane1:snr24.0:seed4:frame14,24.0,14,profiled_cz,509,false,false,false,missing,false,true,gradient_only,0,1,16,1513,1513,0.7222485367323971,0.7222485367323971,missing
red3:lane1:snr24.0:seed4:frame15,24.0,15,profiled_cz,590,false,false,false,missing,false,true,gradient_only,1,1,16,1557,1498,0.43253186220265444,2.499228262329047,missing
red3:lane1:snr24.0:seed4:frame16,24.0,16,profiled_cz,488,false,false,false,missing,false,true,gradient_only,7,1,16,1464,1450,0.45884327675962205,18.658078245036435,missing
red3:lane1:snr24.0:seed4:frame17,24.0,17,profiled_cz,252,false,false,false,missing,false,true,gradient_only,0,1,16,1319,1319,0.42463749290852526,0.42463749290852526,missing
red3:lane1:snr24.0:seed4:frame18,24.0,18,profiled_cz,285,false,false,false,missing,false,true,gradient_only,0,1,16,1393,1393,0.3006673923549039,0.3006673923549039,missing
red3:lane1:snr24.0:seed4:frame19,24.0,19,profiled_cz,352,false,false,false,missing,false,true,gradient_only,0,1,16,1443,1443,0.32834435566894127,0.32834435566894127,missing
red3:lane1:snr24.0:seed4:frame20,24.0,20,profiled_cz,483,false,false,false,missing,false,true,gradient_only,0,1,16,1515,1515,1.4086862132259157,1.4086862132259157,missing
red3:lane1:snr24.0:seed4:frame21,24.0,21,profiled_cz,564,false,false,false,missing,false,true,gradient_only,8,1,16,1545,1522,0.41123838918713823,479.4638947089589,missing
red3:lane1:snr24.0:seed4:frame22,24.0,22,profiled_cz,569,false,false,false,missing,false,true,gradient_only,4,1,16,1507,1474,0.531289845200002,6.431529829063421,missing
red3:lane1:snr24.0:seed4:frame23,24.0,23,profiled_cz,290,false,false,false,missing,false,true,gradient_only,0,1,16,1368,1368,0.9388118155629737,0.9388118155629737,missing
red3:lane1:snr24.0:seed4:frame24,24.0,24,profiled_cz,275,false,false,false,missing,false,true,gradient_only,0,1,16,1345,1345,0.47635252956225926,0.47635252956225926,missing
red3:lane1:snr24.0:seed4:frame25,24.0,25,profiled_cz,0,true,false,true,missing,true,true,gradient_only,0,1,16,0,0,0.31944788699986537,0.31944788699986537,missing
red3:lane1:snr24.0:seed4:frame26,24.0,26,profiled_cz,588,false,false,false,missing,false,true,gradient_only,7,1,16,1517,1487,0.7350500204205581,26.339142961346003,missing
red3:lane1:snr24.0:seed4:frame27,24.0,27,profiled_cz,483,false,false,false,missing,false,true,gradient_only,0,1,16,1496,1496,0.7739648179275568,0.7739648179275568,missing
red3:lane1:snr24.0:seed4:frame28,24.0,28,profiled_cz,609,false,false,false,missing,false,true,gradient_only,1,1,16,1536,1507,0.4046283317319108,3.274990322533139,missing
red3:lane1:snr24.0:seed4:frame29,24.0,29,profiled_cz,643,false,false,false,missing,false,true,gradient_only,2,1,16,1557,1519,0.5062395397495447,5.832198159909733,missing
red3:lane1:snr24.0:seed4:frame30,24.0,30,profiled_cz,545,false,false,false,missing,false,true,gradient_only,8,1,16,1505,1492,0.42938437605419183,2.6954503937744887,missing
red3:lane1:snr24.0:seed4:frame31,24.0,31,profiled_cz,434,false,false,false,missing,false,true,gradient_only,0,1,16,1486,1486,0.5061592529418124,0.5061592529418124,missing
red3:lane1:snr24.0:seed4:frame32,24.0,32,profiled_cz,626,false,false,false,missing,false,true,gradient_only,8,1,16,1589,1513,0.7750564730389737,3.8001822223785506,missing
red3:lane1:snr24.0:seed4:frame33,24.0,33,profiled_cz,342,false,false,false,missing,false,true,gradient_only,0,1,16,1418,1418,0.6200177204564479,0.6200177204564479,missing
red3:lane1:snr24.0:seed4:frame34,24.0,34,profiled_cz,251,false,false,false,missing,false,true,gradient_only,0,1,16,1369,1369,1.6133622576581583,1.6133622576581583,missing
red3:lane1:snr24.0:seed4:frame35,24.0,35,profiled_cz,316,false,false,false,missing,false,true,gradient_only,0,1,16,1423,1423,0.4985926250700107,0.4985926250700107,missing
red3:lane1:snr24.0:seed4:frame36,24.0,36,profiled_cz,583,false,false,false,missing,false,true,gradient_only,1,1,16,1541,1503,1.2214261399532689,15.597773422592665,missing
red3:lane1:snr24.0:seed4:frame37,24.0,37,profiled_cz,266,false,false,false,missing,false,true,gradient_only,0,1,16,1369,1369,0.5780760119821022,0.5780760119821022,missing
red3:lane1:snr24.0:seed4:frame38,24.0,38,profiled_cz,391,false,false,false,missing,false,true,gradient_only,0,1,16,1500,1500,0.6497338178874238,0.6497338178874238,missing
red3:lane1:snr24.0:seed4:frame39,24.0,39,profiled_cz,547,false,false,false,missing,false,true,gradient_only,6,1,16,1504,1480,0.5165310803324351,32.05794569106183,missing
red3:lane1:snr24.0:seed4:frame40,24.0,40,profiled_cz,539,false,false,false,missing,false,true,gradient_only,1,1,16,1492,1466,0.35078718926920366,15.987998108475187,missing
red3:lane1:snr24.0:seed4:frame41,24.0,41,profiled_cz,378,false,false,false,missing,false,true,gradient_only,0,1,16,1466,1466,0.3745291855450358,0.3745291855450358,missing
red3:lane1:snr24.0:seed4:frame42,24.0,42,profiled_cz,453,false,false,false,missing,false,true,gradient_only,1,1,16,1478,1456,0.30819899113163174,2.458907943074125,missing
red3:lane1:snr24.0:seed4:frame43,24.0,43,profiled_cz,840,false,false,false,missing,false,true,gradient_only,3,1,16,1578,1515,0.7345336093336943,28.971877518744744,missing
red3:lane1:snr24.0:seed4:frame44,24.0,44,profiled_cz,269,false,false,false,missing,false,true,gradient_only,0,1,16,1381,1381,0.3077273089154873,0.3077273089154873,missing
red3:lane1:snr24.0:seed4:frame45,24.0,45,profiled_cz,387,false,false,false,missing,false,true,gradient_only,0,1,16,1512,1512,0.3251675950842768,0.3251675950842768,missing
red3:lane1:snr24.0:seed4:frame46,24.0,46,profiled_cz,496,false,false,false,missing,false,true,gradient_only,0,1,16,1537,1537,0.4558264486055532,0.4558264486055532,missing
red3:lane1:snr24.0:seed4:frame47,24.0,47,profiled_cz,429,false,false,false,missing,false,true,gradient_only,0,1,16,1490,1490,0.5715026785669903,0.5715026785669903,missing
red3:lane1:snr24.0:seed4:frame48,24.0,48,profiled_cz,575,false,false,false,missing,false,true,gradient_only,7,1,16,1535,1470,1.058671824210488,6.234396897026591,missing
red3:lane1:snr24.0:seed4:frame49,24.0,49,profiled_cz,634,false,false,false,missing,false,true,gradient_only,8,1,16,1542,1475,2.8968839469121823,3.5578635706409836,missing
red3:lane1:snr24.0:seed4:frame50,24.0,50,profiled_cz,510,false,false,false,missing,false,true,gradient_only,8,1,16,1489,1479,0.4876051632375906,4.437426231316122,missing
red3:lane1:snr24.0:seed4:frame51,24.0,51,profiled_cz,355,false,false,false,missing,false,true,gradient_only,0,1,16,1465,1465,0.4780707262369404,0.4780707262369404,missing
red3:lane1:snr24.0:seed4:frame52,24.0,52,profiled_cz,531,false,false,false,missing,false,true,gradient_only,8,1,16,1541,1471,0.31284130163427176,3.6869259575897417,missing
red3:lane1:snr24.0:seed4:frame53,24.0,53,profiled_cz,373,false,false,false,missing,false,true,gradient_only,0,1,16,1478,1478,0.44946492610283306,0.44946492610283306,missing
red3:lane1:snr24.0:seed4:frame54,24.0,54,profiled_cz,367,false,false,false,missing,false,true,gradient_only,0,1,16,1445,1445,0.5840067535909419,0.5840067535909419,missing
red3:lane1:snr24.0:seed4:frame55,24.0,55,profiled_cz,418,false,false,false,missing,false,true,gradient_only,0,1,16,1489,1489,0.34777063452322876,0.34777063452322876,missing
red3:lane1:snr24.0:seed4:frame56,24.0,56,profiled_cz,373,false,false,false,missing,false,true,gradient_only,0,1,16,1502,1502,0.3641875175580188,0.3641875175580188,missing
red3:lane1:snr24.0:seed4:frame57,24.0,57,profiled_cz,515,false,false,false,missing,false,true,gradient_only,0,1,16,1509,1509,0.6141633691311427,0.6141633691311427,missing
red3:lane1:snr24.0:seed4:frame58,24.0,58,profiled_cz,417,false,false,false,missing,false,true,gradient_only,0,1,16,1499,1499,0.4688373570505359,0.4688373570505359,missing
red3:lane1:snr24.0:seed4:frame59,24.0,59,profiled_cz,513,false,false,false,missing,false,true,gradient_only,7,1,16,1463,1444,0.581906473248645,7.490433607937024,missing
red3:lane1:snr24.0:seed4:frame60,24.0,60,profiled_cz,430,false,false,false,missing,false,true,gradient_only,1,1,16,1447,1435,0.30070985895343605,3.3231445683932472,missing
red3:lane1:snr26.0:seed4:frame1,26.0,1,cwz_joint,0,true,false,true,missing,true,true,gradient_only,0,1,16,0,0,0.3851714120454629,0.3851714120454629,missing
red3:lane1:snr26.0:seed4:frame2,26.0,2,cwz_joint,476,false,false,false,missing,false,true,gradient_only,8,1,16,1381,1289,0.5141350431329641,20.75069773431343,missing
red3:lane1:snr26.0:seed4:frame3,26.0,3,cwz_joint,599,false,false,false,missing,false,true,gradient_only,8,1,16,1439,1292,0.2760695412247977,69.98655972533527,missing
red3:lane1:snr26.0:seed4:frame4,26.0,4,cwz_joint,591,false,false,false,missing,false,true,gradient_only,8,1,16,1505,1167,0.26588114491498227,216.28696792369593,missing
red3:lane1:snr26.0:seed4:frame5,26.0,5,cwz_joint,0,true,false,true,missing,true,true,gradient_only,0,1,16,0,0,0.2860881872945772,0.2860881872945772,missing
red3:lane1:snr26.0:seed4:frame6,26.0,6,cwz_joint,577,false,false,false,missing,false,true,gradient_only,8,1,16,1437,1268,0.33109097191098175,12.021309363773833,missing
red3:lane1:snr26.0:seed4:frame7,26.0,7,cwz_joint,543,false,false,false,missing,false,true,gradient_only,8,1,16,1403,1252,0.31873084674822777,22.399047234254407,missing
red3:lane1:snr26.0:seed4:frame8,26.0,8,cwz_joint,445,false,false,false,missing,false,true,gradient_only,7,1,16,1348,1167,0.47145956921706067,83.07281693904646,missing
red3:lane1:snr26.0:seed4:frame9,26.0,9,cwz_joint,383,false,false,false,missing,false,true,gradient_only,8,1,16,1332,1161,0.5994247254235818,16.358450581434127,missing
red3:lane1:snr26.0:seed4:frame10,26.0,10,cwz_joint,438,false,false,false,missing,false,true,gradient_only,8,1,16,1403,1187,0.2333833922376905,30.780535587697624,missing
red3:lane1:snr26.0:seed4:frame11,26.0,11,cwz_joint,626,false,false,false,missing,false,true,gradient_only,8,1,16,1506,1338,0.41826866182433226,20.775526342977958,missing
red3:lane1:snr26.0:seed4:frame12,26.0,12,cwz_joint,546,false,false,false,missing,false,true,gradient_only,8,1,16,1422,1271,0.4117714057301357,153.64237466400002,missing
red3:lane1:snr26.0:seed4:frame13,26.0,13,cwz_joint,606,false,false,false,missing,false,true,gradient_only,7,1,16,1490,1271,0.7961243440376705,13.087081091877357,missing
red3:lane1:snr26.0:seed4:frame14,26.0,14,cwz_joint,748,false,false,false,missing,false,true,gradient_only,8,1,16,1530,1293,0.7723413015570568,15.472864103138923,missing
red3:lane1:snr26.0:seed4:frame15,26.0,15,cwz_joint,730,false,false,false,missing,false,true,gradient_only,8,1,16,1499,1364,0.40173294546508775,12.911830474084104,missing
red3:lane1:snr26.0:seed4:frame16,26.0,16,cwz_joint,642,false,false,false,missing,false,true,gradient_only,8,1,16,1436,1262,0.8035531786329925,120.8017753639286,missing
red3:lane1:snr26.0:seed4:frame17,26.0,17,cwz_joint,411,false,false,false,missing,false,true,gradient_only,7,1,16,1410,1143,0.37658155561110684,139.938217034031,missing
red3:lane1:snr26.0:seed4:frame18,26.0,18,cwz_joint,370,false,false,false,missing,false,true,gradient_only,7,1,16,1317,1205,0.3100204625890446,15.12716428781315,missing
red3:lane1:snr26.0:seed4:frame19,26.0,19,cwz_joint,583,false,false,false,missing,false,true,gradient_only,8,1,16,1467,1284,0.3781097689086419,10.765944515752016,missing
red3:lane1:snr26.0:seed4:frame20,26.0,20,cwz_joint,726,false,false,false,missing,false,true,gradient_only,8,1,16,1547,1230,0.6420503501425344,22.017757801660785,missing
red3:lane1:snr26.0:seed4:frame21,26.0,21,cwz_joint,613,false,false,false,missing,false,true,gradient_only,8,1,16,1520,1318,0.39685430530944465,60.48114957916336,missing
red3:lane1:snr26.0:seed4:frame22,26.0,22,cwz_joint,586,false,false,false,missing,false,true,gradient_only,8,1,16,1496,1206,0.40075564840389255,111.81198391634972,missing
red3:lane1:snr26.0:seed4:frame23,26.0,23,cwz_joint,582,false,false,false,missing,false,true,gradient_only,8,1,16,1453,1298,0.37180534663802045,23.66832705524463,missing
red3:lane1:snr26.0:seed4:frame24,26.0,24,cwz_joint,517,false,false,false,missing,false,true,gradient_only,8,1,16,1407,1234,0.3599368637272343,12.228150673181666,missing
red3:lane1:snr26.0:seed4:frame25,26.0,25,cwz_joint,0,true,false,true,missing,true,true,gradient_only,0,1,16,0,0,0.281018421564637,0.281018421564637,missing
red3:lane1:snr26.0:seed4:frame26,26.0,26,cwz_joint,636,false,false,false,missing,false,true,gradient_only,8,1,16,1475,1360,0.8280009280849879,56.00922358943769,missing
red3:lane1:snr26.0:seed4:frame27,26.0,27,cwz_joint,711,false,false,false,missing,false,true,gradient_only,8,1,16,1482,1276,0.5799039024073823,70.98587717619749,missing
red3:lane1:snr26.0:seed4:frame28,26.0,28,cwz_joint,729,false,false,false,missing,false,true,gradient_only,7,1,16,1471,1413,0.44866916959549885,45.32983760785015,missing
red3:lane1:snr26.0:seed4:frame29,26.0,29,cwz_joint,740,false,false,false,missing,false,true,gradient_only,8,1,16,1523,1334,0.5654743238716909,39.24823465058157,missing
red3:lane1:snr26.0:seed4:frame30,26.0,30,cwz_joint,654,false,false,false,missing,false,true,gradient_only,8,1,16,1461,1325,0.3624700978504207,14.052082436415466,missing
red3:lane1:snr26.0:seed4:frame31,26.0,31,cwz_joint,641,false,false,false,missing,false,true,gradient_only,8,1,16,1519,1231,0.40081516850960575,12.392978418486845,missing
red3:lane1:snr26.0:seed4:frame32,26.0,32,cwz_joint,694,false,false,false,missing,false,true,gradient_only,6,1,16,1563,1386,0.7092336638798148,22.642876081501974,missing
red3:lane1:snr26.0:seed4:frame33,26.0,33,cwz_joint,604,false,false,false,missing,false,true,gradient_only,7,1,16,1479,1218,1.0508352934590444,50.82907975861745,missing
red3:lane1:snr26.0:seed4:frame34,26.0,34,cwz_joint,0,true,false,true,missing,true,true,gradient_only,0,1,16,0,0,0.6154864320292543,0.6154864320292543,missing
red3:lane1:snr26.0:seed4:frame35,26.0,35,cwz_joint,411,false,false,false,missing,false,true,gradient_only,7,1,16,1364,1182,0.4001718915064666,20.10932749729984,missing
red3:lane1:snr26.0:seed4:frame36,26.0,36,cwz_joint,646,false,false,false,missing,false,true,gradient_only,7,1,16,1520,1377,10.806410973523565,293.2123740193568,missing
red3:lane1:snr26.0:seed4:frame37,26.0,37,cwz_joint,1,false,false,true,missing,false,true,gradient_only,8,1,16,456,0,0.5400588287447124,18.354382299234906,missing
red3:lane1:snr26.0:seed4:frame38,26.0,38,cwz_joint,660,false,false,false,missing,false,true,gradient_only,8,1,16,1488,1314,1.023424353711994,24.29889557361695,missing
red3:lane1:snr26.0:seed4:frame39,26.0,39,cwz_joint,639,false,false,false,missing,false,true,gradient_only,7,1,16,1479,1344,0.9667788789068474,40.1523937400861,missing
red3:lane1:snr26.0:seed4:frame40,26.0,40,cwz_joint,616,false,false,false,missing,false,true,gradient_only,7,1,16,1479,1252,0.37239429405003927,54.89597270981227,missing
red3:lane1:snr26.0:seed4:frame41,26.0,41,cwz_joint,635,false,false,false,missing,false,true,gradient_only,8,1,16,1461,1290,0.3483063931998253,16.533476717483705,missing
red3:lane1:snr26.0:seed4:frame42,26.0,42,cwz_joint,533,false,false,false,missing,false,true,gradient_only,8,1,16,1383,1193,0.33431447864763403,11.078211096009992,missing
red3:lane1:snr26.0:seed4:frame43,26.0,43,cwz_joint,934,false,false,false,missing,false,true,gradient_only,8,1,16,1589,1272,0.6726006258846617,38.8820089037525,missing
red3:lane1:snr26.0:seed4:frame44,26.0,44,cwz_joint,0,true,false,true,missing,true,true,gradient_only,0,1,16,0,0,0.2917968900492046,0.2917968900492046,missing
red3:lane1:snr26.0:seed4:frame45,26.0,45,cwz_joint,646,false,false,false,missing,false,true,gradient_only,8,1,16,1447,1312,0.32980791634989826,20.922694145924556,missing
red3:lane1:snr26.0:seed4:frame46,26.0,46,cwz_joint,672,false,false,false,missing,false,true,gradient_only,8,1,16,1513,1267,0.5554517099479354,19.70138101496,missing
red3:lane1:snr26.0:seed4:frame47,26.0,47,cwz_joint,693,false,false,false,missing,false,true,gradient_only,8,1,16,1473,1331,0.4892820402489402,46.64105846333287,missing
red3:lane1:snr26.0:seed4:frame48,26.0,48,cwz_joint,604,false,false,false,missing,false,true,gradient_only,8,1,16,1514,1237,0.4675192909968564,29.537090379499393,missing
red3:lane1:snr26.0:seed4:frame49,26.0,49,cwz_joint,718,false,false,false,missing,false,true,gradient_only,8,1,16,1519,1274,1.4288016514431487,12.981345961732776,missing
red3:lane1:snr26.0:seed4:frame50,26.0,50,cwz_joint,643,false,false,false,missing,false,true,gradient_only,7,1,16,1445,1238,0.4499364482632283,33.64133759416795,missing
red3:lane1:snr26.0:seed4:frame51,26.0,51,cwz_joint,480,false,false,false,missing,false,true,gradient_only,8,1,16,1404,1217,0.5216030305319906,11.324295206577789,missing
red3:lane1:snr26.0:seed4:frame52,26.0,52,cwz_joint,635,false,false,false,missing,false,true,gradient_only,8,1,16,1489,1351,0.6144361262087867,20.911292834567423,missing
red3:lane1:snr26.0:seed4:frame53,26.0,53,cwz_joint,591,false,false,false,missing,false,true,gradient_only,8,1,16,1470,1326,0.30965185444039217,18.52607787670173,missing
red3:lane1:snr26.0:seed4:frame54,26.0,54,cwz_joint,607,false,false,false,missing,false,true,gradient_only,8,1,16,1501,1177,0.6480739709858402,64.7192556952761,missing
red3:lane1:snr26.0:seed4:frame55,26.0,55,cwz_joint,599,false,false,false,missing,false,true,gradient_only,8,1,16,1442,1265,0.6228062193825502,15.293093466785798,missing
red3:lane1:snr26.0:seed4:frame56,26.0,56,cwz_joint,614,false,false,false,missing,false,true,gradient_only,8,1,16,1527,1319,0.28848176189607816,27.058454655741826,missing
red3:lane1:snr26.0:seed4:frame57,26.0,57,cwz_joint,752,false,false,false,missing,false,true,gradient_only,8,1,16,1512,1381,0.8540416639246577,33.098282743711316,missing
red3:lane1:snr26.0:seed4:frame58,26.0,58,cwz_joint,675,false,false,false,missing,false,true,gradient_only,8,1,16,1447,1305,0.4526400667569396,16.77015450448011,missing
red3:lane1:snr26.0:seed4:frame59,26.0,59,cwz_joint,483,false,false,false,missing,false,true,gradient_only,8,1,16,1428,1219,0.4877459314764765,37.87541373583289,missing
red3:lane1:snr26.0:seed4:frame60,26.0,60,cwz_joint,0,true,false,true,missing,false,true,gradient_only,8,1,16,6,0,0.41448627641830427,13.41617163927633,missing
red3:lane1:snr26.0:seed4:frame1,26.0,1,profiled_cz,0,true,false,true,missing,true,true,gradient_only,0,1,16,0,0,0.3851714120454629,0.3851714120454629,missing
red3:lane1:snr26.0:seed4:frame2,26.0,2,profiled_cz,284,false,false,false,missing,false,true,gradient_only,0,1,16,1381,1381,0.5141350431329641,0.5141350431329641,missing
red3:lane1:snr26.0:seed4:frame3,26.0,3,profiled_cz,363,false,false,false,missing,false,true,gradient_only,0,1,16,1439,1439,0.2760695412247977,0.2760695412247977,missing
red3:lane1:snr26.0:seed4:frame4,26.0,4,profiled_cz,501,false,false,false,missing,false,true,gradient_only,2,1,16,1505,1408,0.26588114491498227,6.471289632024985,missing
red3:lane1:snr26.0:seed4:frame5,26.0,5,profiled_cz,0,true,false,true,missing,true,true,gradient_only,0,1,16,0,0,0.2860881872945772,0.2860881872945772,missing
red3:lane1:snr26.0:seed4:frame6,26.0,6,profiled_cz,330,false,false,false,missing,false,true,gradient_only,0,1,16,1437,1437,0.33109097191098175,0.33109097191098175,missing
red3:lane1:snr26.0:seed4:frame7,26.0,7,profiled_cz,315,false,false,false,missing,false,true,gradient_only,0,1,16,1403,1403,0.31873084674822777,0.31873084674822777,missing
red3:lane1:snr26.0:seed4:frame8,26.0,8,profiled_cz,291,false,false,false,missing,false,true,gradient_only,0,1,16,1348,1348,0.47145956921706067,0.47145956921706067,missing
red3:lane1:snr26.0:seed4:frame9,26.0,9,profiled_cz,266,false,false,false,missing,false,true,gradient_only,0,1,16,1332,1332,0.5994247254235818,0.5994247254235818,missing
red3:lane1:snr26.0:seed4:frame10,26.0,10,profiled_cz,301,false,false,false,missing,false,true,gradient_only,0,1,16,1403,1403,0.2333833922376905,0.2333833922376905,missing
red3:lane1:snr26.0:seed4:frame11,26.0,11,profiled_cz,536,false,false,false,missing,false,true,gradient_only,5,1,16,1506,1475,0.41826866182433226,3.481171559294748,missing
red3:lane1:snr26.0:seed4:frame12,26.0,12,profiled_cz,319,false,false,false,missing,false,true,gradient_only,0,1,16,1422,1422,0.4117714057301357,0.4117714057301357,missing
red3:lane1:snr26.0:seed4:frame13,26.0,13,profiled_cz,500,false,false,false,missing,false,true,gradient_only,6,1,16,1490,1446,0.7961243440376705,2.2581232959186424,missing
red3:lane1:snr26.0:seed4:frame14,26.0,14,profiled_cz,657,false,false,false,missing,false,true,gradient_only,8,1,16,1530,1519,0.7723413015570568,2.8538966012359195,missing
red3:lane1:snr26.0:seed4:frame15,26.0,15,profiled_cz,444,false,false,false,missing,false,true,gradient_only,0,1,16,1499,1499,0.40173294546508775,0.40173294546508775,missing
red3:lane1:snr26.0:seed4:frame16,26.0,16,profiled_cz,383,false,false,false,missing,false,true,gradient_only,0,1,16,1436,1436,0.8035531786329925,0.8035531786329925,missing
red3:lane1:snr26.0:seed4:frame17,26.0,17,profiled_cz,401,false,false,false,missing,false,true,gradient_only,6,1,16,1410,1391,0.37658155561110684,14.112794122507834,missing
red3:lane1:snr26.0:seed4:frame18,26.0,18,profiled_cz,242,false,false,false,missing,false,true,gradient_only,0,1,16,1317,1317,0.3100204625890446,0.3100204625890446,missing
red3:lane1:snr26.0:seed4:frame19,26.0,19,profiled_cz,346,false,false,false,missing,false,true,gradient_only,0,1,16,1467,1467,0.3781097689086419,0.3781097689086419,missing
red3:lane1:snr26.0:seed4:frame20,26.0,20,profiled_cz,683,false,false,false,missing,false,true,gradient_only,5,1,16,1547,1521,0.6420503501425344,4.283010134652441,missing
red3:lane1:snr26.0:seed4:frame21,26.0,21,profiled_cz,571,false,false,false,missing,false,true,gradient_only,2,1,16,1520,1479,0.39685430530944465,20.43862601496981,missing
red3:lane1:snr26.0:seed4:frame22,26.0,22,profiled_cz,578,false,false,false,missing,false,true,gradient_only,3,1,16,1496,1481,0.40075564840389255,6.059652280668767,missing
red3:lane1:snr26.0:seed4:frame23,26.0,23,profiled_cz,336,false,false,false,missing,false,true,gradient_only,0,1,16,1453,1453,0.37180534663802045,0.37180534663802045,missing
red3:lane1:snr26.0:seed4:frame24,26.0,24,profiled_cz,295,false,false,false,missing,false,true,gradient_only,0,1,16,1407,1407,0.3599368637272343,0.3599368637272343,missing
red3:lane1:snr26.0:seed4:frame25,26.0,25,profiled_cz,0,true,false,true,missing,true,true,gradient_only,0,1,16,0,0,0.281018421564637,0.281018421564637,missing
red3:lane1:snr26.0:seed4:frame26,26.0,26,profiled_cz,532,false,false,false,missing,false,true,gradient_only,7,1,16,1475,1438,0.8280009280849879,23.99984567408641,missing
red3:lane1:snr26.0:seed4:frame27,26.0,27,profiled_cz,572,false,false,false,missing,false,true,gradient_only,1,1,16,1482,1446,0.5799039024073823,7.749589388773069,missing
red3:lane1:snr26.0:seed4:frame28,26.0,28,profiled_cz,443,false,false,false,missing,false,true,gradient_only,0,1,16,1471,1471,0.44866916959549885,0.44866916959549885,missing
red3:lane1:snr26.0:seed4:frame29,26.0,29,profiled_cz,580,false,false,false,missing,false,true,gradient_only,3,1,16,1523,1460,0.5654743238716909,16.409650587416298,missing
red3:lane1:snr26.0:seed4:frame30,26.0,30,profiled_cz,550,false,false,false,missing,false,true,gradient_only,2,1,16,1461,1448,0.3624700978504207,2.6605935772161837,missing
red3:lane1:snr26.0:seed4:frame31,26.0,31,profiled_cz,598,false,false,false,missing,false,true,gradient_only,8,1,16,1519,1513,0.40081516850960575,2.9422592721976892,missing
red3:lane1:snr26.0:seed4:frame32,26.0,32,profiled_cz,593,false,false,false,missing,false,true,gradient_only,3,1,16,1563,1499,0.7092336638798148,4.092244833800983,missing
red3:lane1:snr26.0:seed4:frame33,26.0,33,profiled_cz,386,false,false,false,missing,false,true,gradient_only,0,1,16,1479,1479,1.0508352934590444,1.0508352934590444,missing
red3:lane1:snr26.0:seed4:frame34,26.0,34,profiled_cz,0,true,false,true,missing,true,true,gradient_only,0,1,16,0,0,0.6154864320292543,0.6154864320292543,missing
red3:lane1:snr26.0:seed4:frame35,26.0,35,profiled_cz,258,false,false,false,missing,false,true,gradient_only,0,1,16,1364,1364,0.4001718915064666,0.4001718915064666,missing
red3:lane1:snr26.0:seed4:frame36,26.0,36,profiled_cz,371,false,false,false,missing,false,true,gradient_only,0,1,16,1520,1520,10.806410973523565,10.806410973523565,missing
red3:lane1:snr26.0:seed4:frame37,26.0,37,profiled_cz,1,false,false,false,missing,false,true,gradient_only,1,1,16,456,4,0.5400588287447124,3.2270108611038903,missing
red3:lane1:snr26.0:seed4:frame38,26.0,38,profiled_cz,389,false,false,false,missing,false,true,gradient_only,0,1,16,1488,1488,1.023424353711994,1.023424353711994,missing
red3:lane1:snr26.0:seed4:frame39,26.0,39,profiled_cz,470,false,false,false,missing,false,true,gradient_only,3,1,16,1479,1443,0.9667788789068474,15.77496974782344,missing
red3:lane1:snr26.0:seed4:frame40,26.0,40,profiled_cz,382,false,false,false,missing,false,true,gradient_only,0,1,16,1479,1479,0.37239429405003927,0.37239429405003927,missing
red3:lane1:snr26.0:seed4:frame41,26.0,41,profiled_cz,361,false,false,false,missing,false,true,gradient_only,0,1,16,1461,1461,0.3483063931998253,0.3483063931998253,missing
red3:lane1:snr26.0:seed4:frame42,26.0,42,profiled_cz,403,false,false,false,missing,false,true,gradient_only,2,1,16,1383,1366,0.33431447864763403,2.4015159300595297,missing
red3:lane1:snr26.0:seed4:frame43,26.0,43,profiled_cz,856,false,false,false,missing,false,true,gradient_only,3,1,16,1589,1475,0.6726006258846617,39.15443683595798,missing
red3:lane1:snr26.0:seed4:frame44,26.0,44,profiled_cz,0,true,false,true,missing,true,true,gradient_only,0,1,16,0,0,0.2917968900492046,0.2917968900492046,missing
red3:lane1:snr26.0:seed4:frame45,26.0,45,profiled_cz,382,false,false,false,missing,false,true,gradient_only,0,1,16,1447,1447,0.32980791634989826,0.32980791634989826,missing
red3:lane1:snr26.0:seed4:frame46,26.0,46,profiled_cz,616,false,false,false,missing,false,true,gradient_only,8,1,16,1513,1475,0.5554517099479354,3.4120908909232694,missing
red3:lane1:snr26.0:seed4:frame47,26.0,47,profiled_cz,444,false,false,false,missing,false,true,gradient_only,0,1,16,1473,1473,0.4892820402489402,0.4892820402489402,missing
red3:lane1:snr26.0:seed4:frame48,26.0,48,profiled_cz,363,false,false,false,missing,false,true,gradient_only,0,1,16,1514,1514,0.4675192909968564,0.4675192909968564,missing
red3:lane1:snr26.0:seed4:frame49,26.0,49,profiled_cz,486,false,false,false,missing,false,true,gradient_only,0,1,16,1519,1519,1.4288016514431487,1.4288016514431487,missing
red3:lane1:snr26.0:seed4:frame50,26.0,50,profiled_cz,373,false,false,false,missing,false,true,gradient_only,0,1,16,1445,1445,0.4499364482632283,0.4499364482632283,missing
red3:lane1:snr26.0:seed4:frame51,26.0,51,profiled_cz,317,false,false,false,missing,false,true,gradient_only,0,1,16,1404,1404,0.5216030305319906,0.5216030305319906,missing
red3:lane1:snr26.0:seed4:frame52,26.0,52,profiled_cz,500,false,false,false,missing,false,true,gradient_only,2,1,16,1489,1481,0.6144361262087867,4.162178612575033,missing
red3:lane1:snr26.0:seed4:frame53,26.0,53,profiled_cz,369,false,false,false,missing,false,true,gradient_only,0,1,16,1470,1470,0.30965185444039217,0.30965185444039217,missing
red3:lane1:snr26.0:seed4:frame54,26.0,54,profiled_cz,373,false,false,false,missing,false,true,gradient_only,0,1,16,1501,1501,0.6480739709858402,0.6480739709858402,missing
red3:lane1:snr26.0:seed4:frame55,26.0,55,profiled_cz,384,false,false,false,missing,false,true,gradient_only,0,1,16,1442,1442,0.6228062193825502,0.6228062193825502,missing
red3:lane1:snr26.0:seed4:frame56,26.0,56,profiled_cz,504,false,false,false,missing,false,true,gradient_only,3,1,16,1527,1456,0.28848176189607816,11.934516425226587,missing
red3:lane1:snr26.0:seed4:frame57,26.0,57,profiled_cz,612,false,false,false,missing,false,true,gradient_only,6,1,16,1512,1478,0.8540416639246577,5.91801088704549,missing
red3:lane1:snr26.0:seed4:frame58,26.0,58,profiled_cz,402,false,false,false,missing,false,true,gradient_only,0,1,16,1447,1447,0.4526400667569396,0.4526400667569396,missing
red3:lane1:snr26.0:seed4:frame59,26.0,59,profiled_cz,312,false,false,false,missing,false,true,gradient_only,0,1,16,1428,1428,0.4877459314764765,0.4877459314764765,missing
red3:lane1:snr26.0:seed4:frame60,26.0,60,profiled_cz,0,true,false,true,missing,false,true,gradient_only,1,1,16,6,0,0.41448627641830427,3.133077421173707,missing
red3:lane1:snr28.0:seed4:frame1,28.0,1,cwz_joint,0,true,false,true,missing,true,true,gradient_only,0,1,16,0,0,0.2850428795427962,0.2850428795427962,missing
red3:lane1:snr28.0:seed4:frame2,28.0,2,cwz_joint,474,false,false,false,missing,false,true,gradient_only,8,1,16,1404,1314,0.44946200941198394,20.396135797488135,missing
red3:lane1:snr28.0:seed4:frame3,28.0,3,cwz_joint,511,false,false,false,missing,false,true,gradient_only,7,1,16,1399,1269,0.2789538463058155,69.73461404101842,missing
red3:lane1:snr28.0:seed4:frame4,28.0,4,cwz_joint,617,false,false,false,missing,false,true,gradient_only,8,1,16,1491,1317,0.3228557222936528,213.40708659847914,missing
red3:lane1:snr28.0:seed4:frame5,28.0,5,cwz_joint,0,true,false,true,missing,true,true,gradient_only,0,1,16,0,0,0.27517105232695205,0.27517105232695205,missing
red3:lane1:snr28.0:seed4:frame6,28.0,6,cwz_joint,572,false,false,false,missing,false,true,gradient_only,8,1,16,1430,1287,0.31515767431658487,11.853189790695188,missing
red3:lane1:snr28.0:seed4:frame7,28.0,7,cwz_joint,483,false,false,false,missing,false,true,gradient_only,8,1,16,1391,1204,0.3354200356595918,22.88031370816074,missing
red3:lane1:snr28.0:seed4:frame8,28.0,8,cwz_joint,480,false,false,false,missing,false,true,gradient_only,7,1,16,1379,1228,0.43685375546755,80.81661525666222,missing
red3:lane1:snr28.0:seed4:frame9,28.0,9,cwz_joint,461,false,false,false,missing,false,true,gradient_only,8,1,16,1422,1270,0.29839155664865197,16.27261080072281,missing
red3:lane1:snr28.0:seed4:frame10,28.0,10,cwz_joint,0,true,false,true,missing,false,true,gradient_only,8,1,16,1100,0,0.4003336857923014,30.342316258467818,missing
red3:lane1:snr28.0:seed4:frame11,28.0,11,cwz_joint,530,false,false,false,missing,false,true,gradient_only,7,1,16,1463,1273,0.6893401148410706,21.61223170864866,missing
red3:lane1:snr28.0:seed4:frame12,28.0,12,cwz_joint,360,false,false,false,missing,false,true,gradient_only,6,1,16,1348,1178,0.4022993543049589,147.5700245622188,missing
red3:lane1:snr28.0:seed4:frame13,28.0,13,cwz_joint,647,false,false,false,missing,false,true,gradient_only,8,1,16,1465,1339,0.5853078526622415,11.896773138171676,missing
red3:lane1:snr28.0:seed4:frame14,28.0,14,cwz_joint,742,false,false,false,missing,false,true,gradient_only,8,1,16,1540,1289,0.7683254029438764,14.609798030163136,missing
red3:lane1:snr28.0:seed4:frame15,28.0,15,cwz_joint,591,false,false,false,missing,false,true,gradient_only,6,1,16,1477,1262,0.42306171992408426,14.412248835892191,missing
red3:lane1:snr28.0:seed4:frame16,28.0,16,cwz_joint,653,false,false,false,missing,false,true,gradient_only,8,1,16,1510,1307,0.781645156947455,121.65637118073066,missing
red3:lane1:snr28.0:seed4:frame17,28.0,17,cwz_joint,457,false,false,false,missing,false,true,gradient_only,8,1,16,1393,1236,0.4665343307850405,129.91163924336388,missing
red3:lane1:snr28.0:seed4:frame18,28.0,18,cwz_joint,421,false,false,false,missing,false,true,gradient_only,7,1,16,1426,1215,0.30352459725496306,14.414945969905089,missing
red3:lane1:snr28.0:seed4:frame19,28.0,19,cwz_joint,461,false,false,false,missing,false,true,gradient_only,8,1,16,1352,1176,0.3588766300500449,10.653923249624642,missing
red3:lane1:snr28.0:seed4:frame20,28.0,20,cwz_joint,777,false,false,false,missing,false,true,gradient_only,8,1,16,1536,1393,0.5946486394496909,21.888735136903346,missing
red3:lane1:snr28.0:seed4:frame21,28.0,21,cwz_joint,684,false,false,false,missing,false,true,gradient_only,8,1,16,1540,1286,0.365312171706701,59.533770877304,missing
red3:lane1:snr28.0:seed4:frame22,28.0,22,cwz_joint,645,false,false,false,missing,false,true,gradient_only,7,1,16,1454,1263,0.6780815405172625,121.3896909996263,missing
red3:lane1:snr28.0:seed4:frame23,28.0,23,cwz_joint,624,false,false,false,missing,false,true,gradient_only,8,1,16,1450,1312,0.32790925656997044,22.670560787465124,missing
red3:lane1:snr28.0:seed4:frame24,28.0,24,cwz_joint,0,true,false,true,missing,false,true,gradient_only,8,1,16,961,0,0.33182986580432083,12.007273868176128,missing
red3:lane1:snr28.0:seed4:frame25,28.0,25,cwz_joint,0,true,false,true,missing,true,true,gradient_only,0,1,16,0,0,0.3141434452224788,0.3141434452224788,missing
red3:lane1:snr28.0:seed4:frame26,28.0,26,cwz_joint,642,false,false,false,missing,false,true,gradient_only,8,1,16,1475,1231,1.7861797490219182,54.86616715231088,missing
red3:lane1:snr28.0:seed4:frame27,28.0,27,cwz_joint,666,false,false,false,missing,false,true,gradient_only,8,1,16,1484,1258,0.6944451184805106,75.61779941225356,missing
red3:lane1:snr28.0:seed4:frame28,28.0,28,cwz_joint,678,false,false,false,missing,false,true,gradient_only,8,1,16,1514,1359,0.38384757634398403,46.082277504954256,missing
red3:lane1:snr28.0:seed4:frame29,28.0,29,cwz_joint,701,false,false,false,missing,false,true,gradient_only,8,1,16,1506,1321,0.4082855896343592,37.75138670439463,missing
red3:lane1:snr28.0:seed4:frame30,28.0,30,cwz_joint,655,false,false,false,missing,false,true,gradient_only,8,1,16,1508,1306,0.34464011807496886,13.80036096292831,missing
red3:lane1:snr28.0:seed4:frame31,28.0,31,cwz_joint,604,false,false,false,missing,false,true,gradient_only,7,1,16,1410,1336,5.5942435089316875,13.176191774424034,missing
red3:lane1:snr28.0:seed4:frame32,28.0,32,cwz_joint,708,false,false,false,missing,false,true,gradient_only,8,1,16,1521,1278,0.6568457656341588,19.85325660374038,missing
red3:lane1:snr28.0:seed4:frame33,28.0,33,cwz_joint,580,false,false,false,missing,false,true,gradient_only,7,1,16,1397,1305,1.072280323428832,49.73985984537288,missing
red3:lane1:snr28.0:seed4:frame34,28.0,34,cwz_joint,0,true,false,true,missing,true,true,gradient_only,0,1,16,0,0,0.4081421491181147,0.4081421491181147,missing
red3:lane1:snr28.0:seed4:frame35,28.0,35,cwz_joint,525,false,false,false,missing,false,true,gradient_only,8,1,16,1407,1252,0.5852876439605368,19.01047686692309,missing
red3:lane1:snr28.0:seed4:frame36,28.0,36,cwz_joint,657,false,false,false,missing,false,true,gradient_only,8,1,16,1519,1286,1.3621224806258767,283.77428200551344,missing
red3:lane1:snr28.0:seed4:frame37,28.0,37,cwz_joint,0,true,false,true,missing,true,true,gradient_only,0,1,16,0,0,0.9449021083782035,0.9449021083782035,missing
red3:lane1:snr28.0:seed4:frame38,28.0,38,cwz_joint,651,false,false,false,missing,false,true,gradient_only,8,1,16,1527,1324,0.5033530158091541,23.60042710274291,missing
red3:lane1:snr28.0:seed4:frame39,28.0,39,cwz_joint,624,false,false,false,missing,false,true,gradient_only,8,1,16,1453,1211,1.0995517936987829,37.88034084860881,missing
red3:lane1:snr28.0:seed4:frame40,28.0,40,cwz_joint,634,false,false,false,missing,false,true,gradient_only,8,1,16,1502,1255,0.5554809575118412,52.81639351595902,missing
red3:lane1:snr28.0:seed4:frame41,28.0,41,cwz_joint,501,false,false,false,missing,false,true,gradient_only,7,1,16,1402,1227,0.34821870853245235,16.94081769901627,missing
red3:lane1:snr28.0:seed4:frame42,28.0,42,cwz_joint,419,false,false,false,missing,false,true,gradient_only,8,1,16,1334,1172,0.3554595838499194,10.51046219006929,missing
red3:lane1:snr28.0:seed4:frame43,28.0,43,cwz_joint,938,false,false,false,missing,false,true,gradient_only,8,1,16,1546,1408,0.7559548914278672,32.239139823191934,missing
red3:lane1:snr28.0:seed4:frame44,28.0,44,cwz_joint,0,true,false,true,missing,true,true,gradient_only,0,1,16,0,0,0.3804312397656582,0.3804312397656582,missing
red3:lane1:snr28.0:seed4:frame45,28.0,45,cwz_joint,511,false,false,false,missing,false,true,gradient_only,6,1,16,1432,1202,0.33662755557662677,22.82915112854264,missing
red3:lane1:snr28.0:seed4:frame46,28.0,46,cwz_joint,593,false,false,false,missing,false,true,gradient_only,8,1,16,1475,1232,0.38688656388195375,19.190340459100856,missing
red3:lane1:snr28.0:seed4:frame47,28.0,47,cwz_joint,646,false,false,false,missing,false,true,gradient_only,7,1,16,1516,1349,0.4635759443601031,46.7055980855611,missing
red3:lane1:snr28.0:seed4:frame48,28.0,48,cwz_joint,615,false,false,false,missing,false,true,gradient_only,7,1,16,1500,1268,0.5017264639778027,30.50766538774873,missing
red3:lane1:snr28.0:seed4:frame49,28.0,49,cwz_joint,701,false,false,false,missing,false,true,gradient_only,8,1,16,1523,1291,1.310344725185675,12.878935659637914,missing
red3:lane1:snr28.0:seed4:frame50,28.0,50,cwz_joint,551,false,false,false,missing,false,true,gradient_only,8,1,16,1468,1259,0.6273439620052408,28.447929211801743,missing
red3:lane1:snr28.0:seed4:frame51,28.0,51,cwz_joint,364,false,false,false,missing,false,true,gradient_only,7,1,16,1328,1177,0.4920485880999106,11.928075799995376,missing
red3:lane1:snr28.0:seed4:frame52,28.0,52,cwz_joint,596,false,false,false,missing,false,true,gradient_only,8,1,16,1434,1293,1.6758393175120097,20.190445484932795,missing
red3:lane1:snr28.0:seed4:frame53,28.0,53,cwz_joint,494,false,false,false,missing,false,true,gradient_only,8,1,16,1394,1160,0.31237900930693285,18.353224938758647,missing
red3:lane1:snr28.0:seed4:frame54,28.0,54,cwz_joint,533,false,false,false,missing,false,true,gradient_only,5,1,16,1436,1325,0.47060029375728696,64.60851690452307,missing
red3:lane1:snr28.0:seed4:frame55,28.0,55,cwz_joint,733,false,false,false,missing,false,true,gradient_only,8,1,16,1521,1388,0.39876563638021356,15.473812057622634,missing
red3:lane1:snr28.0:seed4:frame56,28.0,56,cwz_joint,552,false,false,false,missing,false,true,gradient_only,8,1,16,1451,1236,0.26590553464457994,26.653058557398978,missing
red3:lane1:snr28.0:seed4:frame57,28.0,57,cwz_joint,770,false,false,false,missing,false,true,gradient_only,8,1,16,1600,1291,0.45681340110788193,31.09494246189585,missing
red3:lane1:snr28.0:seed4:frame58,28.0,58,cwz_joint,663,false,false,false,missing,false,true,gradient_only,7,1,16,1470,1351,0.4730854009721565,17.598612688828023,missing
red3:lane1:snr28.0:seed4:frame59,28.0,59,cwz_joint,475,false,false,false,missing,false,true,gradient_only,8,1,16,1405,1243,0.4385130634736709,38.65094308573588,missing
red3:lane1:snr28.0:seed4:frame60,28.0,60,cwz_joint,0,true,false,true,missing,true,true,gradient_only,0,1,16,0,0,0.7869992450783397,0.7869992450783397,missing
red3:lane1:snr28.0:seed4:frame1,28.0,1,profiled_cz,0,true,false,true,missing,true,true,gradient_only,0,1,16,0,0,0.2850428795427962,0.2850428795427962,missing
red3:lane1:snr28.0:seed4:frame2,28.0,2,profiled_cz,286,false,false,false,missing,false,true,gradient_only,0,1,16,1404,1404,0.44946200941198394,0.44946200941198394,missing
red3:lane1:snr28.0:seed4:frame3,28.0,3,profiled_cz,315,false,false,false,missing,false,true,gradient_only,0,1,16,1399,1399,0.2789538463058155,0.2789538463058155,missing
red3:lane1:snr28.0:seed4:frame4,28.0,4,profiled_cz,384,false,false,false,missing,false,true,gradient_only,0,1,16,1491,1491,0.3228557222936528,0.3228557222936528,missing
red3:lane1:snr28.0:seed4:frame5,28.0,5,profiled_cz,0,true,false,true,missing,true,true,gradient_only,0,1,16,0,0,0.27517105232695205,0.27517105232695205,missing
red3:lane1:snr28.0:seed4:frame6,28.0,6,profiled_cz,327,false,false,false,missing,false,true,gradient_only,0,1,16,1430,1430,0.31515767431658487,0.31515767431658487,missing
red3:lane1:snr28.0:seed4:frame7,28.0,7,profiled_cz,296,false,false,false,missing,false,true,gradient_only,0,1,16,1391,1391,0.3354200356595918,0.3354200356595918,missing
red3:lane1:snr28.0:seed4:frame8,28.0,8,profiled_cz,296,false,false,false,missing,false,true,gradient_only,0,1,16,1379,1379,0.43685375546755,0.43685375546755,missing
red3:lane1:snr28.0:seed4:frame9,28.0,9,profiled_cz,291,false,false,false,missing,false,true,gradient_only,0,1,16,1422,1422,0.29839155664865197,0.29839155664865197,missing
red3:lane1:snr28.0:seed4:frame10,28.0,10,profiled_cz,0,true,false,true,missing,false,true,gradient_only,7,1,16,1100,0,0.4003336857923014,42.62297139265611,missing
red3:lane1:snr28.0:seed4:frame11,28.0,11,profiled_cz,343,false,false,false,missing,false,true,gradient_only,0,1,16,1463,1463,0.6893401148410706,0.6893401148410706,missing
red3:lane1:snr28.0:seed4:frame12,28.0,12,profiled_cz,273,false,false,false,missing,false,true,gradient_only,0,1,16,1348,1348,0.4022993543049589,0.4022993543049589,missing
red3:lane1:snr28.0:seed4:frame13,28.0,13,profiled_cz,374,false,false,false,missing,false,true,gradient_only,0,1,16,1465,1465,0.5853078526622415,0.5853078526622415,missing
red3:lane1:snr28.0:seed4:frame14,28.0,14,profiled_cz,626,false,false,false,missing,false,true,gradient_only,7,1,16,1540,1455,0.7683254029438764,2.908151181852245,missing
red3:lane1:snr28.0:seed4:frame15,28.0,15,profiled_cz,599,false,false,false,missing,false,true,gradient_only,6,1,16,1477,1476,0.42306171992408426,2.3848874249413687,missing
red3:lane1:snr28.0:seed4:frame16,28.0,16,profiled_cz,410,false,false,false,missing,false,true,gradient_only,0,1,16,1510,1510,0.781645156947455,0.781645156947455,missing
red3:lane1:snr28.0:seed4:frame17,28.0,17,profiled_cz,284,false,false,false,missing,false,true,gradient_only,0,1,16,1393,1393,0.4665343307850405,0.4665343307850405,missing
red3:lane1:snr28.0:seed4:frame18,28.0,18,profiled_cz,268,false,false,false,missing,false,true,gradient_only,0,1,16,1426,1426,0.30352459725496306,0.30352459725496306,missing
red3:lane1:snr28.0:seed4:frame19,28.0,19,profiled_cz,288,false,false,false,missing,false,true,gradient_only,0,1,16,1352,1352,0.3588766300500449,0.3588766300500449,missing
red3:lane1:snr28.0:seed4:frame20,28.0,20,profiled_cz,644,false,false,false,missing,false,true,gradient_only,2,1,16,1536,1514,0.5946486394496909,4.1416462997595085,missing
red3:lane1:snr28.0:seed4:frame21,28.0,21,profiled_cz,587,false,false,false,missing,false,true,gradient_only,3,1,16,1540,1485,0.365312171706701,5.610543790670265,missing
red3:lane1:snr28.0:seed4:frame22,28.0,22,profiled_cz,371,false,false,false,missing,false,true,gradient_only,0,1,16,1454,1454,0.6780815405172625,0.6780815405172625,missing
red3:lane1:snr28.0:seed4:frame23,28.0,23,profiled_cz,365,false,false,false,missing,false,true,gradient_only,0,1,16,1450,1450,0.32790925656997044,0.32790925656997044,missing
red3:lane1:snr28.0:seed4:frame24,28.0,24,profiled_cz,0,true,false,true,missing,false,true,gradient_only,1,1,16,961,0,0.33182986580432083,3.1955499064092336,missing
red3:lane1:snr28.0:seed4:frame25,28.0,25,profiled_cz,0,true,false,true,missing,true,true,gradient_only,0,1,16,0,0,0.3141434452224788,0.3141434452224788,missing
red3:lane1:snr28.0:seed4:frame26,28.0,26,profiled_cz,378,false,false,false,missing,false,true,gradient_only,0,1,16,1475,1475,1.7861797490219182,1.7861797490219182,missing
red3:lane1:snr28.0:seed4:frame27,28.0,27,profiled_cz,418,false,false,false,missing,false,true,gradient_only,0,1,16,1484,1484,0.6944451184805106,0.6944451184805106,missing
red3:lane1:snr28.0:seed4:frame28,28.0,28,profiled_cz,547,false,false,false,missing,false,true,gradient_only,3,1,16,1514,1459,0.38384757634398403,3.24202362153486,missing
red3:lane1:snr28.0:seed4:frame29,28.0,29,profiled_cz,563,false,false,false,missing,false,true,gradient_only,8,1,16,1506,1445,0.4082855896343592,5.706351475825426,missing
red3:lane1:snr28.0:seed4:frame30,28.0,30,profiled_cz,573,false,false,false,missing,false,true,gradient_only,6,1,16,1508,1484,0.34464011807496886,2.396950541646452,missing
red3:lane1:snr28.0:seed4:frame31,28.0,31,profiled_cz,346,false,false,false,missing,false,true,gradient_only,0,1,16,1410,1410,5.5942435089316875,5.5942435089316875,missing
red3:lane1:snr28.0:seed4:frame32,28.0,32,profiled_cz,613,false,false,false,missing,false,true,gradient_only,4,1,16,1521,1512,0.6568457656341588,4.235138098510726,missing
red3:lane1:snr28.0:seed4:frame33,28.0,33,profiled_cz,337,false,false,false,missing,false,true,gradient_only,0,1,16,1397,1397,1.072280323428832,1.072280323428832,missing
red3:lane1:snr28.0:seed4:frame34,28.0,34,profiled_cz,0,true,false,true,missing,true,true,gradient_only,0,1,16,0,0,0.4081421491181147,0.4081421491181147,missing
red3:lane1:snr28.0:seed4:frame35,28.0,35,profiled_cz,399,false,false,false,missing,false,true,gradient_only,8,1,16,1407,1403,0.5852876439605368,3.8340009427628883,missing
red3:lane1:snr28.0:seed4:frame36,28.0,36,profiled_cz,537,false,false,false,missing,false,true,gradient_only,5,1,16,1519,1493,1.3621224806258767,22.093102090311305,missing
red3:lane1:snr28.0:seed4:frame37,28.0,37,profiled_cz,0,true,false,true,missing,true,true,gradient_only,0,1,16,0,0,0.9449021083782035,0.9449021083782035,missing
red3:lane1:snr28.0:seed4:frame38,28.0,38,profiled_cz,494,false,false,false,missing,false,true,gradient_only,6,1,16,1527,1489,0.5033530158091541,4.501855507537107,missing
red3:lane1:snr28.0:seed4:frame39,28.0,39,profiled_cz,360,false,false,false,missing,false,true,gradient_only,0,1,16,1453,1453,1.0995517936987829,1.0995517936987829,missing
red3:lane1:snr28.0:seed4:frame40,28.0,40,profiled_cz,556,false,false,false,missing,false,true,gradient_only,5,1,16,1502,1478,0.5554809575118412,18.725243212622168,missing
red3:lane1:snr28.0:seed4:frame41,28.0,41,profiled_cz,339,false,false,false,missing,false,true,gradient_only,0,1,16,1402,1402,0.34821870853245235,0.34821870853245235,missing
red3:lane1:snr28.0:seed4:frame42,28.0,42,profiled_cz,258,false,false,false,missing,false,true,gradient_only,0,1,16,1334,1334,0.3554595838499194,0.3554595838499194,missing
red3:lane1:snr28.0:seed4:frame43,28.0,43,profiled_cz,787,false,false,false,missing,false,true,gradient_only,3,1,16,1546,1477,0.7559548914278672,9.843094983178739,missing
red3:lane1:snr28.0:seed4:frame44,28.0,44,profiled_cz,0,true,false,true,missing,true,true,gradient_only,0,1,16,0,0,0.3804312397656582,0.3804312397656582,missing
red3:lane1:snr28.0:seed4:frame45,28.0,45,profiled_cz,358,false,false,false,missing,false,true,gradient_only,0,1,16,1432,1432,0.33662755557662677,0.33662755557662677,missing
red3:lane1:snr28.0:seed4:frame46,28.0,46,profiled_cz,377,false,false,false,missing,false,true,gradient_only,0,1,16,1475,1475,0.38688656388195375,0.38688656388195375,missing
red3:lane1:snr28.0:seed4:frame47,28.0,47,profiled_cz,509,false,false,false,missing,false,true,gradient_only,8,1,16,1516,1477,0.4635759443601031,6.709175121152467,missing
red3:lane1:snr28.0:seed4:frame48,28.0,48,profiled_cz,380,false,false,false,missing,false,true,gradient_only,0,1,16,1500,1500,0.5017264639778027,0.5017264639778027,missing
red3:lane1:snr28.0:seed4:frame49,28.0,49,profiled_cz,635,false,false,false,missing,false,true,gradient_only,5,1,16,1523,1511,1.310344725185675,3.7283631107736106,missing
red3:lane1:snr28.0:seed4:frame50,28.0,50,profiled_cz,475,false,false,false,missing,false,true,gradient_only,1,1,16,1468,1451,0.6273439620052408,4.2907891148098605,missing
red3:lane1:snr28.0:seed4:frame51,28.0,51,profiled_cz,265,false,false,false,missing,false,true,gradient_only,0,1,16,1328,1328,0.4920485880999106,0.4920485880999106,missing
red3:lane1:snr28.0:seed4:frame52,28.0,52,profiled_cz,364,false,false,false,missing,false,true,gradient_only,0,1,16,1434,1434,1.6758393175120097,1.6758393175120097,missing
red3:lane1:snr28.0:seed4:frame53,28.0,53,profiled_cz,318,false,false,false,missing,false,true,gradient_only,0,1,16,1394,1394,0.31237900930693285,0.31237900930693285,missing
red3:lane1:snr28.0:seed4:frame54,28.0,54,profiled_cz,328,false,false,false,missing,false,true,gradient_only,0,1,16,1436,1436,0.47060029375728696,0.47060029375728696,missing
red3:lane1:snr28.0:seed4:frame55,28.0,55,profiled_cz,644,false,false,false,missing,false,true,gradient_only,6,1,16,1521,1513,0.39876563638021356,3.8790614183239938,missing
red3:lane1:snr28.0:seed4:frame56,28.0,56,profiled_cz,331,false,false,false,missing,false,true,gradient_only,0,1,16,1451,1451,0.26590553464457994,0.26590553464457994,missing
red3:lane1:snr28.0:seed4:frame57,28.0,57,profiled_cz,655,false,false,false,missing,false,true,gradient_only,2,1,16,1600,1507,0.45681340110788193,4.409240603459771,missing
red3:lane1:snr28.0:seed4:frame58,28.0,58,profiled_cz,396,false,false,false,missing,false,true,gradient_only,0,1,16,1470,1470,0.4730854009721565,0.4730854009721565,missing
red3:lane1:snr28.0:seed4:frame59,28.0,59,profiled_cz,282,false,false,false,missing,false,true,gradient_only,0,1,16,1405,1405,0.4385130634736709,0.4385130634736709,missing
red3:lane1:snr28.0:seed4:frame60,28.0,60,profiled_cz,0,true,false,true,missing,true,true,gradient_only,0,1,16,0,0,0.7869992450783397,0.7869992450783397,missing
red3:lane1:snr30.0:seed4:frame1,30.0,1,cwz_joint,0,true,false,true,missing,true,true,gradient_only,0,1,16,0,0,0.19517854540990037,0.19517854540990037,missing
red3:lane1:snr30.0:seed4:frame2,30.0,2,cwz_joint,542,false,false,false,missing,false,true,gradient_only,8,1,16,1420,1314,0.44031292997573684,20.14302730522325,missing
red3:lane1:snr30.0:seed4:frame3,30.0,3,cwz_joint,583,false,false,false,missing,false,true,gradient_only,8,1,16,1448,1339,0.21777561226280384,65.725218963138,missing
red3:lane1:snr30.0:seed4:frame4,30.0,4,cwz_joint,553,false,false,false,missing,false,true,gradient_only,8,1,16,1449,1189,0.25860954250560325,209.90341284531797,missing
red3:lane1:snr30.0:seed4:frame5,30.0,5,cwz_joint,0,true,false,true,missing,true,true,gradient_only,0,1,16,0,0,0.23320484591527685,0.23320484591527685,missing
red3:lane1:snr30.0:seed4:frame6,30.0,6,cwz_joint,386,false,false,false,missing,false,true,gradient_only,6,1,16,1415,1175,0.3400017808687248,13.567016176843776,missing
red3:lane1:snr30.0:seed4:frame7,30.0,7,cwz_joint,542,false,false,false,missing,false,true,gradient_only,8,1,16,1416,1254,0.3260869399636888,23.361185997443222,missing
red3:lane1:snr30.0:seed4:frame8,30.0,8,cwz_joint,501,false,false,false,missing,false,true,gradient_only,6,1,16,1396,1328,1.3744987956845665,80.30601280029025,missing
red3:lane1:snr30.0:seed4:frame9,30.0,9,cwz_joint,0,true,false,true,missing,true,true,gradient_only,0,1,16,0,0,0.29494421376908586,0.29494421376908586,missing
red3:lane1:snr30.0:seed4:frame10,30.0,10,cwz_joint,0,true,false,true,missing,true,true,gradient_only,0,1,16,0,0,0.2747873512045625,0.2747873512045625,missing
red3:lane1:snr30.0:seed4:frame11,30.0,11,cwz_joint,536,false,false,false,missing,false,true,gradient_only,8,1,16,1462,1286,0.49063593366018754,20.526144536743054,missing
red3:lane1:snr30.0:seed4:frame12,30.0,12,cwz_joint,467,false,false,false,missing,false,true,gradient_only,8,1,16,1347,1235,0.35183350029419674,135.95642600426729,missing
red3:lane1:snr30.0:seed4:frame13,30.0,13,cwz_joint,546,false,false,false,missing,false,true,gradient_only,6,1,16,1429,1308,0.4116403332015564,13.61801987581877,missing
red3:lane1:snr30.0:seed4:frame14,30.0,14,cwz_joint,719,false,false,false,missing,false,true,gradient_only,8,1,16,1519,1341,0.8092649846787859,14.169795116924794,missing
red3:lane1:snr30.0:seed4:frame15,30.0,15,cwz_joint,678,false,false,false,missing,false,true,gradient_only,6,1,16,1512,1389,0.4791953607402624,14.303975168458438,missing
red3:lane1:snr30.0:seed4:frame16,30.0,16,cwz_joint,672,false,false,false,missing,false,true,gradient_only,7,1,16,1475,1431,0.9460501585678516,126.10968484946146,missing
red3:lane1:snr30.0:seed4:frame17,30.0,17,cwz_joint,227,false,false,false,missing,false,true,gradient_only,0,1,16,1240,1240,0.4411520746193485,0.4411520746193485,missing
red3:lane1:snr30.0:seed4:frame18,30.0,18,cwz_joint,0,true,false,true,missing,false,true,gradient_only,8,1,16,300,0,0.46207540821483073,12.782050378906527,missing
red3:lane1:snr30.0:seed4:frame19,30.0,19,cwz_joint,562,false,false,false,missing,false,true,gradient_only,8,1,16,1385,1302,0.3558975557235752,10.632744249289377,missing
red3:lane1:snr30.0:seed4:frame20,30.0,20,cwz_joint,732,false,false,false,missing,false,true,gradient_only,7,1,16,1553,1323,0.5981929936576852,22.990904312845895,missing
red3:lane1:snr30.0:seed4:frame21,30.0,21,cwz_joint,683,false,false,false,missing,false,true,gradient_only,7,1,16,1495,1335,0.3752915460396107,60.54559541565741,missing
red3:lane1:snr30.0:seed4:frame22,30.0,22,cwz_joint,562,false,false,false,missing,false,true,gradient_only,6,1,16,1430,1236,0.30910742088050935,128.00120260448332,missing
red3:lane1:snr30.0:seed4:frame23,30.0,23,cwz_joint,394,false,false,false,missing,false,true,gradient_only,8,1,16,1327,1209,0.3169725104877461,21.736070497876177,missing
red3:lane1:snr30.0:seed4:frame24,30.0,24,cwz_joint,0,true,false,true,missing,true,true,gradient_only,0,1,16,0,0,0.3071427432061444,0.3071427432061444,missing
red3:lane1:snr30.0:seed4:frame25,30.0,25,cwz_joint,0,true,false,true,missing,true,true,gradient_only,0,1,16,0,0,0.5570760885646958,0.5570760885646958,missing
red3:lane1:snr30.0:seed4:frame26,30.0,26,cwz_joint,686,false,false,false,missing,false,true,gradient_only,7,1,16,1526,1319,3.8770264170324626,56.03461669544076,missing
red3:lane1:snr30.0:seed4:frame27,30.0,27,cwz_joint,685,false,false,false,missing,false,true,gradient_only,8,1,16,1516,1382,0.5785656466739757,79.86545544234014,missing
red3:lane1:snr30.0:seed4:frame28,30.0,28,cwz_joint,689,false,false,false,missing,false,true,gradient_only,7,1,16,1547,1379,0.35487093926609764,50.92300311797333,missing
red3:lane1:snr30.0:seed4:frame29,30.0,29,cwz_joint,672,false,false,false,missing,false,true,gradient_only,7,1,16,1470,1297,0.4225383306714458,38.14325175325842,missing
red3:lane1:snr30.0:seed4:frame30,30.0,30,cwz_joint,648,false,false,false,missing,false,true,gradient_only,7,1,16,1467,1354,0.31939406558445244,14.646643881610384,missing
red3:lane1:snr30.0:seed4:frame31,30.0,31,cwz_joint,624,false,false,false,missing,false,true,gradient_only,8,1,16,1482,1339,0.4176423734510622,12.247350189976535,missing
red3:lane1:snr30.0:seed4:frame32,30.0,32,cwz_joint,655,false,false,false,missing,false,true,gradient_only,8,1,16,1511,1245,0.7877642820690337,19.732555114179572,missing
red3:lane1:snr30.0:seed4:frame33,30.0,33,cwz_joint,542,false,false,false,missing,false,true,gradient_only,7,1,16,1454,1258,0.4705293416169424,49.02100406729817,missing
red3:lane1:snr30.0:seed4:frame34,30.0,34,cwz_joint,0,true,false,true,missing,true,true,gradient_only,0,1,16,0,0,0.3458564397576719,0.3458564397576719,missing
red3:lane1:snr30.0:seed4:frame35,30.0,35,cwz_joint,199,false,false,false,missing,false,true,gradient_only,0,1,16,1239,1239,1.2335560609035081,1.2335560609035081,missing
red3:lane1:snr30.0:seed4:frame36,30.0,36,cwz_joint,647,false,false,false,missing,false,true,gradient_only,8,1,16,1517,1217,0.7918351620448735,288.60915384359225,missing
red3:lane1:snr30.0:seed4:frame37,30.0,37,cwz_joint,0,true,false,true,missing,true,true,gradient_only,0,1,16,0,0,1.3330167217415403,1.3330167217415403,missing
red3:lane1:snr30.0:seed4:frame38,30.0,38,cwz_joint,555,false,false,false,missing,false,true,gradient_only,8,1,16,1419,1347,0.9339915079180717,23.225659316257705,missing
red3:lane1:snr30.0:seed4:frame39,30.0,39,cwz_joint,650,false,false,false,missing,false,true,gradient_only,7,1,16,1474,1344,1.4873576674990754,38.693946867236875,missing
red3:lane1:snr30.0:seed4:frame40,30.0,40,cwz_joint,614,false,false,false,missing,false,true,gradient_only,8,1,16,1486,1216,0.3454537716952712,52.280615619697016,missing
red3:lane1:snr30.0:seed4:frame41,30.0,41,cwz_joint,438,false,false,false,missing,false,true,gradient_only,7,1,16,1360,1101,3.4772537479379095,16.474620186605332,missing
red3:lane1:snr30.0:seed4:frame42,30.0,42,cwz_joint,333,false,false,false,missing,false,true,gradient_only,6,1,16,1300,1142,0.440932420579738,12.046817421506786,missing
red3:lane1:snr30.0:seed4:frame43,30.0,43,cwz_joint,835,false,false,false,missing,false,true,gradient_only,8,1,16,1585,1328,0.7681101464560068,27.91885790964664,missing
red3:lane1:snr30.0:seed4:frame44,30.0,44,cwz_joint,0,true,false,true,missing,true,true,gradient_only,0,1,16,0,0,0.5634656514533467,0.5634656514533467,missing
red3:lane1:snr30.0:seed4:frame45,30.0,45,cwz_joint,651,false,false,false,missing,false,true,gradient_only,8,1,16,1458,1369,0.5303249848886877,20.474725452375964,missing
red3:lane1:snr30.0:seed4:frame46,30.0,46,cwz_joint,608,false,false,false,missing,false,true,gradient_only,8,1,16,1490,1251,0.4038484967270797,18.99272738313494,missing
red3:lane1:snr30.0:seed4:frame47,30.0,47,cwz_joint,708,false,false,false,missing,false,true,gradient_only,7,1,16,1470,1392,0.5533259133836896,45.71565581975593,missing
red3:lane1:snr30.0:seed4:frame48,30.0,48,cwz_joint,595,false,false,false,missing,false,true,gradient_only,8,1,16,1479,1304,0.7522401437792006,29.291725802158656,missing
red3:lane1:snr30.0:seed4:frame49,30.0,49,cwz_joint,696,false,false,false,missing,false,true,gradient_only,6,1,16,1508,1301,2.627123648102933,14.917184836938977,missing
red3:lane1:snr30.0:seed4:frame50,30.0,50,cwz_joint,482,false,false,false,missing,false,true,gradient_only,8,1,16,1389,1204,0.55099706910346,26.4518664435231,missing
red3:lane1:snr30.0:seed4:frame51,30.0,51,cwz_joint,322,false,false,false,missing,false,true,gradient_only,5,1,16,1307,1092,0.9462683085629722,13.777963421640363,missing
red3:lane1:snr30.0:seed4:frame52,30.0,52,cwz_joint,637,false,false,false,missing,false,true,gradient_only,8,1,16,1488,1317,0.40040578435092794,19.724048820485688,missing
red3:lane1:snr30.0:seed4:frame53,30.0,53,cwz_joint,538,false,false,false,missing,false,true,gradient_only,7,1,16,1430,1181,0.31998349101693696,19.49487924632676,missing
red3:lane1:snr30.0:seed4:frame54,30.0,54,cwz_joint,601,false,false,false,missing,false,true,gradient_only,8,1,16,1447,1359,0.38038233518985076,55.757017802087915,missing
red3:lane1:snr30.0:seed4:frame55,30.0,55,cwz_joint,618,false,false,false,missing,false,true,gradient_only,7,1,16,1496,1290,0.3657954265395633,16.68332130836252,missing
red3:lane1:snr30.0:seed4:frame56,30.0,56,cwz_joint,553,false,false,false,missing,false,true,gradient_only,7,1,16,1424,1198,0.2642511023197544,28.004005476901998,missing
red3:lane1:snr30.0:seed4:frame57,30.0,57,cwz_joint,710,false,false,false,missing,false,true,gradient_only,8,1,16,1486,1368,0.42290704844811633,29.919400972134177,missing
red3:lane1:snr30.0:seed4:frame58,30.0,58,cwz_joint,626,false,false,false,missing,false,true,gradient_only,6,1,16,1487,1362,0.49372886290519435,18.61498388688796,missing
red3:lane1:snr30.0:seed4:frame59,30.0,59,cwz_joint,436,false,false,false,missing,false,true,gradient_only,7,1,16,1371,1191,0.3881011889225437,41.379893719352644,missing
red3:lane1:snr30.0:seed4:frame60,30.0,60,cwz_joint,0,true,false,true,missing,true,true,gradient_only,0,1,16,0,0,0.2342602364312448,0.2342602364312448,missing
red3:lane1:snr30.0:seed4:frame1,30.0,1,profiled_cz,0,true,false,true,missing,true,true,gradient_only,0,1,16,0,0,0.19517854540990037,0.19517854540990037,missing
red3:lane1:snr30.0:seed4:frame2,30.0,2,profiled_cz,323,false,false,false,missing,false,true,gradient_only,0,1,16,1420,1420,0.44031292997573684,0.44031292997573684,missing
red3:lane1:snr30.0:seed4:frame3,30.0,3,profiled_cz,329,false,false,false,missing,false,true,gradient_only,0,1,16,1448,1448,0.21777561226280384,0.21777561226280384,missing
red3:lane1:snr30.0:seed4:frame4,30.0,4,profiled_cz,349,false,false,false,missing,false,true,gradient_only,0,1,16,1449,1449,0.25860954250560325,0.25860954250560325,missing
red3:lane1:snr30.0:seed4:frame5,30.0,5,profiled_cz,0,true,false,true,missing,true,true,gradient_only,0,1,16,0,0,0.23320484591527685,0.23320484591527685,missing
red3:lane1:snr30.0:seed4:frame6,30.0,6,profiled_cz,267,false,false,false,missing,false,true,gradient_only,0,1,16,1415,1415,0.3400017808687248,0.3400017808687248,missing
red3:lane1:snr30.0:seed4:frame7,30.0,7,profiled_cz,323,false,false,false,missing,false,true,gradient_only,0,1,16,1416,1416,0.3260869399636888,0.3260869399636888,missing
red3:lane1:snr30.0:seed4:frame8,30.0,8,profiled_cz,290,false,false,false,missing,false,true,gradient_only,0,1,16,1396,1396,1.3744987956845665,1.3744987956845665,missing
red3:lane1:snr30.0:seed4:frame9,30.0,9,profiled_cz,0,true,false,true,missing,true,true,gradient_only,0,1,16,0,0,0.29494421376908586,0.29494421376908586,missing
red3:lane1:snr30.0:seed4:frame10,30.0,10,profiled_cz,0,true,false,true,missing,true,true,gradient_only,0,1,16,0,0,0.2747873512045625,0.2747873512045625,missing
red3:lane1:snr30.0:seed4:frame11,30.0,11,profiled_cz,344,false,false,false,missing,false,true,gradient_only,0,1,16,1462,1462,0.49063593366018754,0.49063593366018754,missing
red3:lane1:snr30.0:seed4:frame12,30.0,12,profiled_cz,277,false,false,false,missing,false,true,gradient_only,0,1,16,1347,1347,0.35183350029419674,0.35183350029419674,missing
red3:lane1:snr30.0:seed4:frame13,30.0,13,profiled_cz,338,false,false,false,missing,false,true,gradient_only,0,1,16,1429,1429,0.4116403332015564,0.4116403332015564,missing
red3:lane1:snr30.0:seed4:frame14,30.0,14,profiled_cz,471,false,false,false,missing,false,true,gradient_only,0,1,16,1519,1519,0.8092649846787859,0.8092649846787859,missing
red3:lane1:snr30.0:seed4:frame15,30.0,15,profiled_cz,520,false,false,false,missing,false,true,gradient_only,2,1,16,1512,1458,0.4791953607402624,2.312079724325272,missing
red3:lane1:snr30.0:seed4:frame16,30.0,16,profiled_cz,387,false,false,false,missing,false,true,gradient_only,0,1,16,1475,1475,0.9460501585678516,0.9460501585678516,missing
red3:lane1:snr30.0:seed4:frame17,30.0,17,profiled_cz,227,false,false,false,missing,false,true,gradient_only,0,1,16,1240,1240,0.4411520746193485,0.4411520746193485,missing
red3:lane1:snr30.0:seed4:frame18,30.0,18,profiled_cz,0,true,false,true,missing,false,true,gradient_only,1,1,16,300,0,0.46207540821483073,2.0041222095605797,missing
red3:lane1:snr30.0:seed4:frame19,30.0,19,profiled_cz,305,false,false,false,missing,false,true,gradient_only,0,1,16,1385,1385,0.3558975557235752,0.3558975557235752,missing
red3:lane1:snr30.0:seed4:frame20,30.0,20,profiled_cz,594,false,false,false,missing,false,true,gradient_only,7,1,16,1553,1509,0.5981929936576852,4.221936753495048,missing
red3:lane1:snr30.0:seed4:frame21,30.0,21,profiled_cz,552,false,false,false,missing,false,true,gradient_only,8,1,16,1495,1445,0.3752915460396107,7.422837895573135,missing
red3:lane1:snr30.0:seed4:frame22,30.0,22,profiled_cz,344,false,false,false,missing,false,true,gradient_only,0,1,16,1430,1430,0.30910742088050935,0.30910742088050935,missing
red3:lane1:snr30.0:seed4:frame23,30.0,23,profiled_cz,272,false,false,false,missing,false,true,gradient_only,0,1,16,1327,1327,0.3169725104877461,0.3169725104877461,missing
red3:lane1:snr30.0:seed4:frame24,30.0,24,profiled_cz,0,true,false,true,missing,true,true,gradient_only,0,1,16,0,0,0.3071427432061444,0.3071427432061444,missing
red3:lane1:snr30.0:seed4:frame25,30.0,25,profiled_cz,0,true,false,true,missing,true,true,gradient_only,0,1,16,0,0,0.5570760885646958,0.5570760885646958,missing
red3:lane1:snr30.0:seed4:frame26,30.0,26,profiled_cz,570,false,false,false,missing,false,true,gradient_only,6,1,16,1526,1525,3.8770264170324626,7.754094373643618,missing
red3:lane1:snr30.0:seed4:frame27,30.0,27,profiled_cz,422,false,false,false,missing,false,true,gradient_only,0,1,16,1516,1516,0.5785656466739757,0.5785656466739757,missing
red3:lane1:snr30.0:seed4:frame28,30.0,28,profiled_cz,591,false,false,false,missing,false,true,gradient_only,5,1,16,1547,1481,0.35487093926609764,3.6113661014663414,missing
red3:lane1:snr30.0:seed4:frame29,30.0,29,profiled_cz,408,false,false,false,missing,false,true,gradient_only,0,1,16,1470,1470,0.4225383306714458,0.4225383306714458,missing
red3:lane1:snr30.0:seed4:frame30,30.0,30,profiled_cz,530,false,false,false,missing,false,true,gradient_only,3,1,16,1467,1452,0.31939406558445244,2.676968420692418,missing
red3:lane1:snr30.0:seed4:frame31,30.0,31,profiled_cz,403,false,false,false,missing,false,true,gradient_only,0,1,16,1482,1482,0.4176423734510622,0.4176423734510622,missing
red3:lane1:snr30.0:seed4:frame32,30.0,32,profiled_cz,562,false,false,false,missing,false,true,gradient_only,7,1,16,1511,1446,0.7877642820690337,12.390958079933789,missing
red3:lane1:snr30.0:seed4:frame33,30.0,33,profiled_cz,345,false,false,false,missing,false,true,gradient_only,0,1,16,1454,1454,0.4705293416169424,0.4705293416169424,missing
red3:lane1:snr30.0:seed4:frame34,30.0,34,profiled_cz,0,true,false,true,missing,true,true,gradient_only,0,1,16,0,0,0.3458564397576719,0.3458564397576719,missing
red3:lane1:snr30.0:seed4:frame35,30.0,35,profiled_cz,199,false,false,false,missing,false,true,gradient_only,0,1,16,1239,1239,1.2335560609035081,1.2335560609035081,missing
red3:lane1:snr30.0:seed4:frame36,30.0,36,profiled_cz,600,false,false,false,missing,false,true,gradient_only,4,1,16,1517,1515,0.7918351620448735,27.34160485498403,missing
red3:lane1:snr30.0:seed4:frame37,30.0,37,profiled_cz,0,true,false,true,missing,true,true,gradient_only,0,1,16,0,0,1.3330167217415403,1.3330167217415403,missing
red3:lane1:snr30.0:seed4:frame38,30.0,38,profiled_cz,326,false,false,false,missing,false,true,gradient_only,0,1,16,1419,1419,0.9339915079180717,0.9339915079180717,missing
red3:lane1:snr30.0:seed4:frame39,30.0,39,profiled_cz,378,false,false,false,missing,false,true,gradient_only,0,1,16,1474,1474,1.4873576674990754,1.4873576674990754,missing
red3:lane1:snr30.0:seed4:frame40,30.0,40,profiled_cz,522,false,false,false,missing,false,true,gradient_only,2,1,16,1486,1460,0.3454537716952712,12.317068591841206,missing
red3:lane1:snr30.0:seed4:frame41,30.0,41,profiled_cz,284,false,false,false,missing,false,true,gradient_only,0,1,16,1360,1360,3.4772537479379095,3.4772537479379095,missing
red3:lane1:snr30.0:seed4:frame42,30.0,42,profiled_cz,250,false,false,false,missing,false,true,gradient_only,0,1,16,1300,1300,0.440932420579738,0.440932420579738,missing
red3:lane1:snr30.0:seed4:frame43,30.0,43,profiled_cz,734,false,false,false,missing,false,true,gradient_only,2,1,16,1585,1481,0.7681101464560068,6.33080896199373,missing
red3:lane1:snr30.0:seed4:frame44,30.0,44,profiled_cz,0,true,false,true,missing,true,true,gradient_only,0,1,16,0,0,0.5634656514533467,0.5634656514533467,missing
red3:lane1:snr30.0:seed4:frame45,30.0,45,profiled_cz,356,false,false,false,missing,false,true,gradient_only,0,1,16,1458,1458,0.5303249848886877,0.5303249848886877,missing
red3:lane1:snr30.0:seed4:frame46,30.0,46,profiled_cz,382,false,false,false,missing,false,true,gradient_only,0,1,16,1490,1490,0.4038484967270797,0.4038484967270797,missing
red3:lane1:snr30.0:seed4:frame47,30.0,47,profiled_cz,411,false,false,false,missing,false,true,gradient_only,0,1,16,1470,1470,0.5533259133836896,0.5533259133836896,missing
red3:lane1:snr30.0:seed4:frame48,30.0,48,profiled_cz,350,false,false,false,missing,false,true,gradient_only,0,1,16,1479,1479,0.7522401437792006,0.7522401437792006,missing
red3:lane1:snr30.0:seed4:frame49,30.0,49,profiled_cz,471,false,false,false,missing,false,true,gradient_only,0,1,16,1508,1508,2.627123648102933,2.627123648102933,missing
red3:lane1:snr30.0:seed4:frame50,30.0,50,profiled_cz,303,false,false,false,missing,false,true,gradient_only,0,1,16,1389,1389,0.55099706910346,0.55099706910346,missing
red3:lane1:snr30.0:seed4:frame51,30.0,51,profiled_cz,245,false,false,false,missing,false,true,gradient_only,0,1,16,1307,1307,0.9462683085629722,0.9462683085629722,missing
red3:lane1:snr30.0:seed4:frame52,30.0,52,profiled_cz,362,false,false,false,missing,false,true,gradient_only,0,1,16,1488,1488,0.40040578435092794,0.40040578435092794,missing
red3:lane1:snr30.0:seed4:frame53,30.0,53,profiled_cz,339,false,false,false,missing,false,true,gradient_only,0,1,16,1430,1430,0.31998349101693696,0.31998349101693696,missing
red3:lane1:snr30.0:seed4:frame54,30.0,54,profiled_cz,322,false,false,false,missing,false,true,gradient_only,0,1,16,1447,1447,0.38038233518985076,0.38038233518985076,missing
red3:lane1:snr30.0:seed4:frame55,30.0,55,profiled_cz,588,false,false,false,missing,false,true,gradient_only,6,1,16,1496,1468,0.3657954265395633,30.872093474874596,missing
red3:lane1:snr30.0:seed4:frame56,30.0,56,profiled_cz,502,false,false,false,missing,false,true,gradient_only,2,1,16,1424,1421,0.2642511023197544,20.820331566823167,missing
red3:lane1:snr30.0:seed4:frame57,30.0,57,profiled_cz,596,false,false,false,missing,false,true,gradient_only,3,1,16,1486,1472,0.42290704844811633,4.895439490887864,missing
red3:lane1:snr30.0:seed4:frame58,30.0,58,profiled_cz,391,false,false,false,missing,false,true,gradient_only,0,1,16,1487,1487,0.49372886290519435,0.49372886290519435,missing
red3:lane1:snr30.0:seed4:frame59,30.0,59,profiled_cz,293,false,false,false,missing,false,true,gradient_only,0,1,16,1371,1371,0.3881011889225437,0.3881011889225437,missing
red3:lane1:snr30.0:seed4:frame60,30.0,60,profiled_cz,0,true,false,true,missing,true,true,gradient_only,0,1,16,0,0,0.2342602364312448,0.2342602364312448,missing
