workload_id,snr_db,frame,algorithm_id,bit_errors,success,decode_failure,decoder_valid,crc_valid,baseline_valid,accepted_update,selection_reason,selected_iteration,lite_syndrome,gradient_syndrome,lite_score,gradient_score,selected_mean_abs_lpost
red4:lane3:snr0.0:seed4:frame1,0.0,1,cwz_joint,189,false,false,true,missing,false,true,gradient_only,8,893,0,1.3750183816044104,11.388730310977799,missing
red4:lane3:snr0.0:seed4:frame2,0.0,2,cwz_joint,178,false,false,true,missing,false,true,gradient_only,8,955,0,1.6166477662096226,7.4974108530582075,missing
red4:lane3:snr0.0:seed4:frame3,0.0,3,cwz_joint,182,false,false,true,missing,false,true,gradient_only,8,955,0,1.481425378904364,10.662024907385035,missing
red4:lane3:snr0.0:seed4:frame4,0.0,4,cwz_joint,171,false,false,true,missing,false,true,gradient_only,8,920,0,1.293519820779552,18.050026319759358,missing
red4:lane3:snr0.0:seed4:frame5,0.0,5,cwz_joint,244,false,false,true,missing,false,true,gradient_only,8,965,0,3.160853922801813,6.607725982093941,missing
red4:lane3:snr0.0:seed4:frame6,0.0,6,cwz_joint,207,false,false,true,missing,false,true,gradient_only,8,1035,0,1.1572675185639192,10.706332238300993,missing
red4:lane3:snr0.0:seed4:frame7,0.0,7,cwz_joint,198,false,false,true,missing,false,true,gradient_only,8,1040,0,0.9641060312855648,11.900329161131529,missing
red4:lane3:snr0.0:seed4:frame8,0.0,8,cwz_joint,195,false,false,true,missing,false,true,gradient_only,8,899,0,1.6411374735889854,8.986051831442573,missing
red4:lane3:snr0.0:seed4:frame9,0.0,9,cwz_joint,207,false,false,true,missing,false,true,gradient_only,8,1032,0,2.1692033194977043,12.994590262776375,missing
red4:lane3:snr0.0:seed4:frame10,0.0,10,cwz_joint,208,false,false,true,missing,false,true,gradient_only,8,1029,0,1.0554847762217274,11.225322132543337,missing
red4:lane3:snr0.0:seed4:frame11,0.0,11,cwz_joint,193,false,false,true,missing,false,true,gradient_only,8,1050,0,2.218131859492774,9.778372235457477,missing
red4:lane3:snr0.0:seed4:frame12,0.0,12,cwz_joint,185,false,false,true,missing,false,true,gradient_only,8,985,0,1.08123232065558,3.188861376197791,missing
red4:lane3:snr0.0:seed4:frame13,0.0,13,cwz_joint,229,false,false,true,missing,false,true,gradient_only,8,987,0,0.6430220430086139,5.748553601364313,missing
red4:lane3:snr0.0:seed4:frame14,0.0,14,cwz_joint,183,false,false,true,missing,false,true,gradient_only,8,958,0,2.146313538159693,10.696440677785422,missing
red4:lane3:snr0.0:seed4:frame15,0.0,15,cwz_joint,189,false,false,true,missing,false,true,gradient_only,8,907,0,1.5197958793899913,9.520972378485494,missing
red4:lane3:snr0.0:seed4:frame16,0.0,16,cwz_joint,177,false,false,true,missing,false,true,gradient_only,8,1015,0,2.4886562223393662,12.03932034580448,missing
red4:lane3:snr0.0:seed4:frame17,0.0,17,cwz_joint,173,false,false,true,missing,false,true,gradient_only,8,915,0,1.3969178737197527,9.87623124394111,missing
red4:lane3:snr0.0:seed4:frame18,0.0,18,cwz_joint,209,false,false,true,missing,false,true,gradient_only,8,879,0,1.3795407396892796,11.744431152286339,missing
red4:lane3:snr0.0:seed4:frame19,0.0,19,cwz_joint,220,false,false,true,missing,false,true,gradient_only,8,1035,0,2.108939961106387,18.156501349777486,missing
red4:lane3:snr0.0:seed4:frame20,0.0,20,cwz_joint,191,false,false,true,missing,false,true,gradient_only,8,1015,0,1.0642485986728987,9.861730112851117,missing
red4:lane3:snr0.0:seed4:frame21,0.0,21,cwz_joint,193,false,false,true,missing,false,true,gradient_only,8,887,0,2.199121687324474,11.730523612543132,missing
red4:lane3:snr0.0:seed4:frame22,0.0,22,cwz_joint,208,false,false,true,missing,false,true,gradient_only,8,967,0,1.2946397476933424,11.694009041953551,missing
red4:lane3:snr0.0:seed4:frame23,0.0,23,cwz_joint,198,false,false,true,missing,false,true,gradient_only,8,1037,0,1.4602786009985411,6.815274896753582,missing
red4:lane3:snr0.0:seed4:frame24,0.0,24,cwz_joint,200,false,false,true,missing,false,true,gradient_only,8,972,0,6.197539409990775,9.71130774802036,missing
red4:lane3:snr0.0:seed4:frame25,0.0,25,cwz_joint,199,false,false,true,missing,false,true,gradient_only,8,938,0,1.8666031931863982,11.708515430021802,missing
red4:lane3:snr0.0:seed4:frame26,0.0,26,cwz_joint,180,false,false,true,missing,false,true,gradient_only,8,913,0,1.358914246474961,8.357001961497337,missing
red4:lane3:snr0.0:seed4:frame27,0.0,27,cwz_joint,174,false,false,true,missing,false,true,gradient_only,8,936,0,1.2616341032669285,2.8676391484514245,missing
red4:lane3:snr0.0:seed4:frame28,0.0,28,cwz_joint,233,false,false,true,missing,false,true,gradient_only,8,1039,0,1.2276695994037838,21.84029941920774,missing
red4:lane3:snr0.0:seed4:frame29,0.0,29,cwz_joint,200,false,false,true,missing,false,true,gradient_only,8,844,0,1.6445418185008915,9.065140627942814,missing
red4:lane3:snr0.0:seed4:frame30,0.0,30,cwz_joint,208,false,false,true,missing,false,true,gradient_only,8,1016,0,3.287277921428059,12.200075626908383,missing
red4:lane3:snr0.0:seed4:frame31,0.0,31,cwz_joint,200,false,false,true,missing,false,true,gradient_only,8,895,0,1.12512834370314,8.286398061300133,missing
red4:lane3:snr0.0:seed4:frame32,0.0,32,cwz_joint,226,false,false,true,missing,false,true,gradient_only,8,991,0,2.329378151730163,9.956198514153241,missing
red4:lane3:snr0.0:seed4:frame33,0.0,33,cwz_joint,180,false,false,true,missing,false,true,gradient_only,8,909,0,1.8295745903702958,9.660779415680892,missing
red4:lane3:snr0.0:seed4:frame34,0.0,34,cwz_joint,194,false,false,true,missing,false,true,gradient_only,8,956,0,1.1376648569743815,8.450344952371434,missing
red4:lane3:snr0.0:seed4:frame35,0.0,35,cwz_joint,168,false,false,true,missing,false,true,gradient_only,8,932,0,1.7959166191653564,8.585176081610044,missing
red4:lane3:snr0.0:seed4:frame36,0.0,36,cwz_joint,170,false,false,true,missing,false,true,gradient_only,8,934,0,2.5226653593354125,9.190498657606305,missing
red4:lane3:snr0.0:seed4:frame37,0.0,37,cwz_joint,193,false,false,true,missing,false,true,gradient_only,8,1044,0,0.9294062666354572,9.277200599584775,missing
red4:lane3:snr0.0:seed4:frame38,0.0,38,cwz_joint,209,false,false,true,missing,false,true,gradient_only,8,1019,0,1.688829259701489,16.30187832934216,missing
red4:lane3:snr0.0:seed4:frame39,0.0,39,cwz_joint,188,false,false,true,missing,false,true,gradient_only,8,1008,0,1.2447435043418353,15.28177286007102,missing
red4:lane3:snr0.0:seed4:frame40,0.0,40,cwz_joint,225,false,false,true,missing,false,true,gradient_only,8,1079,0,1.317352775480426,11.871867223648664,missing
red4:lane3:snr0.0:seed4:frame41,0.0,41,cwz_joint,169,false,false,true,missing,false,true,gradient_only,8,990,0,0.9381319505386966,7.75508149673237,missing
red4:lane3:snr0.0:seed4:frame42,0.0,42,cwz_joint,199,false,false,true,missing,false,true,gradient_only,8,1026,0,1.9788666658878948,11.844460510327577,missing
red4:lane3:snr0.0:seed4:frame43,0.0,43,cwz_joint,221,false,false,true,missing,false,true,gradient_only,8,970,0,1.5342727260500042,7.844579393619512,missing
red4:lane3:snr0.0:seed4:frame44,0.0,44,cwz_joint,194,false,false,true,missing,false,true,gradient_only,8,923,0,1.219434633756176,16.9939585108901,missing
red4:lane3:snr0.0:seed4:frame45,0.0,45,cwz_joint,197,false,false,true,missing,false,true,gradient_only,8,963,0,3.0248766077344222,3.9111443133760533,missing
red4:lane3:snr0.0:seed4:frame46,0.0,46,cwz_joint,215,false,false,true,missing,false,true,gradient_only,8,981,0,1.5152504723257816,13.905374574528956,missing
red4:lane3:snr0.0:seed4:frame47,0.0,47,cwz_joint,208,false,false,true,missing,false,true,gradient_only,8,1090,0,1.7123082403497936,14.965594782924764,missing
red4:lane3:snr0.0:seed4:frame48,0.0,48,cwz_joint,198,false,false,true,missing,false,true,gradient_only,8,953,0,0.9342903255623782,10.557994179431233,missing
red4:lane3:snr0.0:seed4:frame49,0.0,49,cwz_joint,188,false,false,true,missing,false,true,gradient_only,8,975,0,1.6167863994047773,12.452364612989376,missing
red4:lane3:snr0.0:seed4:frame50,0.0,50,cwz_joint,229,false,false,true,missing,false,true,gradient_only,8,1025,0,1.3114838772710307,5.815702879897186,missing
red4:lane3:snr0.0:seed4:frame51,0.0,51,cwz_joint,192,false,false,true,missing,false,true,gradient_only,8,984,0,1.4581924742176289,10.84097289352997,missing
red4:lane3:snr0.0:seed4:frame52,0.0,52,cwz_joint,170,false,false,true,missing,false,true,gradient_only,8,1013,0,1.6990927982152204,9.724134256720255,missing
red4:lane3:snr0.0:seed4:frame53,0.0,53,cwz_joint,188,false,false,true,missing,false,true,gradient_only,8,911,0,1.9384895651599716,10.339438779075744,missing
red4:lane3:snr0.0:seed4:frame54,0.0,54,cwz_joint,162,false,false,true,missing,false,true,gradient_only,8,909,0,1.602743743744891,9.689268220951735,missing
red4:lane3:snr0.0:seed4:frame55,0.0,55,cwz_joint,180,false,false,true,missing,false,true,gradient_only,8,933,0,1.4613796623880075,7.522787010230095,missing
red4:lane3:snr0.0:seed4:frame56,0.0,56,cwz_joint,223,false,false,true,missing,false,true,gradient_only,8,1095,0,2.6626431203888634,19.463303266379228,missing
red4:lane3:snr0.0:seed4:frame57,0.0,57,cwz_joint,213,false,false,true,missing,false,true,gradient_only,8,1050,0,3.0139497146766265,13.342276782268755,missing
red4:lane3:snr0.0:seed4:frame58,0.0,58,cwz_joint,180,false,false,true,missing,false,true,gradient_only,8,1041,0,2.3612254558794312,13.683244530294452,missing
red4:lane3:snr0.0:seed4:frame59,0.0,59,cwz_joint,189,false,false,true,missing,false,true,gradient_only,8,960,0,2.1850492478647543,6.050280410527983,missing
red4:lane3:snr0.0:seed4:frame60,0.0,60,cwz_joint,226,false,false,true,missing,false,true,gradient_only,8,987,0,1.1705146065731296,4.813034254991652,missing
red4:lane3:snr0.0:seed4:frame1,0.0,1,profiled_cz,190,false,false,false,missing,false,true,gradient_only,1,893,55,1.3750183816044104,6.073311069893994,missing
red4:lane3:snr0.0:seed4:frame2,0.0,2,profiled_cz,178,false,false,false,missing,false,true,gradient_only,1,955,67,1.6166477662096226,6.171190836956714,missing
red4:lane3:snr0.0:seed4:frame3,0.0,3,profiled_cz,182,false,false,false,missing,false,true,gradient_only,1,955,89,1.481425378904364,6.509227053860217,missing
red4:lane3:snr0.0:seed4:frame4,0.0,4,profiled_cz,170,false,false,false,missing,false,true,gradient_only,1,920,54,1.293519820779552,9.112586827328093,missing
red4:lane3:snr0.0:seed4:frame5,0.0,5,profiled_cz,244,false,false,false,missing,false,true,gradient_only,1,965,43,3.160853922801813,5.539867298837196,missing
red4:lane3:snr0.0:seed4:frame6,0.0,6,profiled_cz,207,false,false,false,missing,false,true,gradient_only,1,1035,105,1.1572675185639192,7.490767683843891,missing
red4:lane3:snr0.0:seed4:frame7,0.0,7,profiled_cz,197,false,false,false,missing,false,true,gradient_only,1,1040,104,0.9641060312855648,10.596659619765754,missing
red4:lane3:snr0.0:seed4:frame8,0.0,8,profiled_cz,196,false,false,false,missing,false,true,gradient_only,1,899,61,1.6411374735889854,4.737128650784783,missing
red4:lane3:snr0.0:seed4:frame9,0.0,9,profiled_cz,207,false,false,false,missing,false,true,gradient_only,8,1032,90,2.1692033194977043,7.374716033896787,missing
red4:lane3:snr0.0:seed4:frame10,0.0,10,profiled_cz,208,false,false,false,missing,false,true,gradient_only,1,1029,101,1.0554847762217274,6.321948420706014,missing
red4:lane3:snr0.0:seed4:frame11,0.0,11,profiled_cz,194,false,false,false,missing,false,true,gradient_only,1,1050,55,2.218131859492774,4.797970105491561,missing
red4:lane3:snr0.0:seed4:frame12,0.0,12,profiled_cz,186,false,false,false,missing,false,true,gradient_only,1,985,106,1.08123232065558,4.248331528406251,missing
red4:lane3:snr0.0:seed4:frame13,0.0,13,profiled_cz,229,false,false,false,missing,false,true,gradient_only,1,987,106,0.6430220430086139,5.253088342720692,missing
red4:lane3:snr0.0:seed4:frame14,0.0,14,profiled_cz,183,false,false,false,missing,false,true,gradient_only,1,958,85,2.146313538159693,6.663352020369308,missing
red4:lane3:snr0.0:seed4:frame15,0.0,15,profiled_cz,190,false,false,false,missing,false,true,gradient_only,1,907,52,1.5197958793899913,5.785187446874239,missing
red4:lane3:snr0.0:seed4:frame16,0.0,16,profiled_cz,176,false,false,false,missing,false,true,gradient_only,1,1015,56,2.4886562223393662,5.698380103033231,missing
red4:lane3:snr0.0:seed4:frame17,0.0,17,profiled_cz,173,false,false,false,missing,false,true,gradient_only,1,915,42,1.3969178737197527,7.815118269537451,missing
red4:lane3:snr0.0:seed4:frame18,0.0,18,profiled_cz,210,false,false,false,missing,false,true,gradient_only,1,879,69,1.3795407396892796,5.98821427095191,missing
red4:lane3:snr0.0:seed4:frame19,0.0,19,profiled_cz,220,false,false,false,missing,false,true,gradient_only,1,1035,53,2.108939961106387,7.3022117707786665,missing
red4:lane3:snr0.0:seed4:frame20,0.0,20,profiled_cz,191,false,false,false,missing,false,true,gradient_only,1,1015,43,1.0642485986728987,14.987479748955211,missing
red4:lane3:snr0.0:seed4:frame21,0.0,21,profiled_cz,193,false,false,false,missing,false,true,gradient_only,1,887,95,2.199121687324474,4.917386993187278,missing
red4:lane3:snr0.0:seed4:frame22,0.0,22,profiled_cz,208,false,false,false,missing,false,true,gradient_only,1,967,64,1.2946397476933424,5.2470466209132995,missing
red4:lane3:snr0.0:seed4:frame23,0.0,23,profiled_cz,198,false,false,false,missing,false,true,gradient_only,1,1037,78,1.4602786009985411,6.992131813209302,missing
red4:lane3:snr0.0:seed4:frame24,0.0,24,profiled_cz,200,false,false,false,missing,false,true,gradient_only,1,972,67,6.197539409990775,8.191741164762192,missing
red4:lane3:snr0.0:seed4:frame25,0.0,25,profiled_cz,199,false,false,false,missing,false,true,gradient_only,5,938,127,1.8666031931863982,9.498077699547967,missing
red4:lane3:snr0.0:seed4:frame26,0.0,26,profiled_cz,179,false,false,false,missing,false,true,gradient_only,2,913,78,1.358914246474961,4.858058055551425,missing
red4:lane3:snr0.0:seed4:frame27,0.0,27,profiled_cz,174,false,false,false,missing,false,true,gradient_only,1,936,61,1.2616341032669285,5.95326881772751,missing
red4:lane3:snr0.0:seed4:frame28,0.0,28,profiled_cz,233,false,false,false,missing,false,true,gradient_only,4,1039,74,1.2276695994037838,13.733185575460924,missing
red4:lane3:snr0.0:seed4:frame29,0.0,29,profiled_cz,199,false,false,false,missing,false,true,gradient_only,1,844,61,1.6445418185008915,5.194356814781556,missing
red4:lane3:snr0.0:seed4:frame30,0.0,30,profiled_cz,208,false,false,false,missing,false,true,gradient_only,2,1016,65,3.287277921428059,7.991974247440266,missing
red4:lane3:snr0.0:seed4:frame31,0.0,31,profiled_cz,201,false,false,false,missing,false,true,gradient_only,1,895,56,1.12512834370314,4.818375499337933,missing
red4:lane3:snr0.0:seed4:frame32,0.0,32,profiled_cz,226,false,false,false,missing,false,true,gradient_only,1,991,112,2.329378151730163,5.688916451228589,missing
red4:lane3:snr0.0:seed4:frame33,0.0,33,profiled_cz,180,false,false,false,missing,false,true,gradient_only,1,909,77,1.8295745903702958,5.268917554050243,missing
red4:lane3:snr0.0:seed4:frame34,0.0,34,profiled_cz,195,false,false,false,missing,false,true,gradient_only,1,956,85,1.1376648569743815,5.861163419597474,missing
red4:lane3:snr0.0:seed4:frame35,0.0,35,profiled_cz,168,false,false,false,missing,false,true,gradient_only,1,932,70,1.7959166191653564,8.750407442788593,missing
red4:lane3:snr0.0:seed4:frame36,0.0,36,profiled_cz,170,false,false,false,missing,false,true,gradient_only,7,934,79,2.5226653593354125,5.387246574914983,missing
red4:lane3:snr0.0:seed4:frame37,0.0,37,profiled_cz,193,false,false,false,missing,false,true,gradient_only,7,1044,94,0.9294062666354572,9.291661255525044,missing
red4:lane3:snr0.0:seed4:frame38,0.0,38,profiled_cz,210,false,false,false,missing,false,true,gradient_only,1,1019,64,1.688829259701489,20.83779369280285,missing
red4:lane3:snr0.0:seed4:frame39,0.0,39,profiled_cz,189,false,false,false,missing,false,true,gradient_only,3,1008,70,1.2447435043418353,5.8343655726446695,missing
red4:lane3:snr0.0:seed4:frame40,0.0,40,profiled_cz,227,false,false,false,missing,false,true,gradient_only,4,1079,73,1.317352775480426,13.128114116575997,missing
red4:lane3:snr0.0:seed4:frame41,0.0,41,profiled_cz,168,false,false,false,missing,false,true,gradient_only,1,990,137,0.9381319505386966,4.693033150308531,missing
red4:lane3:snr0.0:seed4:frame42,0.0,42,profiled_cz,199,false,false,false,missing,false,true,gradient_only,1,1026,52,1.9788666658878948,6.621529069330349,missing
red4:lane3:snr0.0:seed4:frame43,0.0,43,profiled_cz,221,false,false,false,missing,false,true,gradient_only,1,970,31,1.5342727260500042,8.999686195607335,missing
red4:lane3:snr0.0:seed4:frame44,0.0,44,profiled_cz,194,false,false,false,missing,false,true,gradient_only,1,923,102,1.219434633756176,9.628113526459272,missing
red4:lane3:snr0.0:seed4:frame45,0.0,45,profiled_cz,197,false,false,false,missing,false,true,gradient_only,1,963,36,3.0248766077344222,3.916098509735431,missing
red4:lane3:snr0.0:seed4:frame46,0.0,46,profiled_cz,215,false,false,false,missing,false,true,gradient_only,1,981,66,1.5152504723257816,6.491219926618557,missing
red4:lane3:snr0.0:seed4:frame47,0.0,47,profiled_cz,209,false,false,false,missing,false,true,gradient_only,1,1090,98,1.7123082403497936,6.090238193003543,missing
red4:lane3:snr0.0:seed4:frame48,0.0,48,profiled_cz,198,false,false,false,missing,false,true,gradient_only,1,953,108,0.9342903255623782,17.821676797015268,missing
red4:lane3:snr0.0:seed4:frame49,0.0,49,profiled_cz,188,false,false,false,missing,false,true,gradient_only,1,975,81,1.6167863994047773,7.573439138219091,missing
red4:lane3:snr0.0:seed4:frame50,0.0,50,profiled_cz,229,false,false,false,missing,false,true,gradient_only,3,1025,83,1.3114838772710307,4.941809328463003,missing
red4:lane3:snr0.0:seed4:frame51,0.0,51,profiled_cz,193,false,false,false,missing,false,true,gradient_only,1,984,78,1.4581924742176289,6.197966790101378,missing
red4:lane3:snr0.0:seed4:frame52,0.0,52,profiled_cz,172,false,false,false,missing,false,true,gradient_only,1,1013,65,1.6990927982152204,5.146916241388659,missing
red4:lane3:snr0.0:seed4:frame53,0.0,53,profiled_cz,189,false,false,false,missing,false,true,gradient_only,1,911,43,1.9384895651599716,9.29454831447745,missing
red4:lane3:snr0.0:seed4:frame54,0.0,54,profiled_cz,164,false,false,false,missing,false,true,gradient_only,1,909,69,1.602743743744891,5.596832739595006,missing
red4:lane3:snr0.0:seed4:frame55,0.0,55,profiled_cz,179,false,false,false,missing,false,true,gradient_only,1,933,50,1.4613796623880075,5.279580432054157,missing
red4:lane3:snr0.0:seed4:frame56,0.0,56,profiled_cz,223,false,false,false,missing,false,true,gradient_only,1,1095,103,2.6626431203888634,9.17138572104163,missing
red4:lane3:snr0.0:seed4:frame57,0.0,57,profiled_cz,213,false,false,false,missing,false,true,gradient_only,1,1050,53,3.0139497146766265,10.447230365872068,missing
red4:lane3:snr0.0:seed4:frame58,0.0,58,profiled_cz,180,false,false,false,missing,false,true,gradient_only,5,1041,121,2.3612254558794312,6.583413984187516,missing
red4:lane3:snr0.0:seed4:frame59,0.0,59,profiled_cz,189,false,false,false,missing,false,true,gradient_only,1,960,88,2.1850492478647543,5.049395349984819,missing
red4:lane3:snr0.0:seed4:frame60,0.0,60,profiled_cz,224,false,false,false,missing,false,true,gradient_only,1,987,79,1.1705146065731296,6.796813257847769,missing
red4:lane3:snr2.0:seed4:frame1,2.0,1,cwz_joint,156,false,false,true,missing,false,true,gradient_only,8,759,0,1.5008616921079805,10.814869006011651,missing
red4:lane3:snr2.0:seed4:frame2,2.0,2,cwz_joint,151,false,false,true,missing,false,true,gradient_only,8,820,0,1.7870955206717924,7.025291661371183,missing
red4:lane3:snr2.0:seed4:frame3,2.0,3,cwz_joint,130,false,false,true,missing,false,true,gradient_only,8,763,0,0.9921169043380819,9.828691253761322,missing
red4:lane3:snr2.0:seed4:frame4,2.0,4,cwz_joint,139,false,false,true,missing,false,true,gradient_only,8,895,0,7.673864888663394,13.981000913865472,missing
red4:lane3:snr2.0:seed4:frame5,2.0,5,cwz_joint,190,false,false,true,missing,false,true,gradient_only,8,903,0,1.1549673862384606,5.819812694197432,missing
red4:lane3:snr2.0:seed4:frame6,2.0,6,cwz_joint,195,false,false,true,missing,false,true,gradient_only,8,948,0,0.8456335518859511,9.535681540926948,missing
red4:lane3:snr2.0:seed4:frame7,2.0,7,cwz_joint,169,false,false,true,missing,false,true,gradient_only,8,835,0,1.297003693347332,10.577738182518196,missing
red4:lane3:snr2.0:seed4:frame8,2.0,8,cwz_joint,135,false,false,true,missing,false,true,gradient_only,8,732,0,1.1573821517038474,7.735930199327216,missing
red4:lane3:snr2.0:seed4:frame9,2.0,9,cwz_joint,159,false,false,true,missing,false,true,gradient_only,8,960,0,1.0679900652636531,9.831810777183307,missing
red4:lane3:snr2.0:seed4:frame10,2.0,10,cwz_joint,140,false,false,true,missing,false,true,gradient_only,8,859,0,3.8463619157797444,8.992721700108643,missing
red4:lane3:snr2.0:seed4:frame11,2.0,11,cwz_joint,144,false,false,true,missing,false,true,gradient_only,8,893,0,0.9795635840022439,8.070105409417236,missing
red4:lane3:snr2.0:seed4:frame12,2.0,12,cwz_joint,147,false,false,true,missing,false,true,gradient_only,8,811,0,1.231464517863623,3.0861471994380905,missing
red4:lane3:snr2.0:seed4:frame13,2.0,13,cwz_joint,178,false,false,true,missing,false,true,gradient_only,8,928,0,0.9286931052812206,4.062554345616566,missing
red4:lane3:snr2.0:seed4:frame14,2.0,14,cwz_joint,145,false,false,true,missing,false,true,gradient_only,8,839,0,1.1512985146740151,9.843878932651222,missing
red4:lane3:snr2.0:seed4:frame15,2.0,15,cwz_joint,172,false,false,true,missing,false,true,gradient_only,8,759,0,1.2684318324269273,9.249995631642241,missing
red4:lane3:snr2.0:seed4:frame16,2.0,16,cwz_joint,143,false,false,true,missing,false,true,gradient_only,8,811,0,1.3053202243911124,10.247771039356687,missing
red4:lane3:snr2.0:seed4:frame17,2.0,17,cwz_joint,152,false,false,true,missing,false,true,gradient_only,8,776,0,1.0128738260560164,10.104876953172521,missing
red4:lane3:snr2.0:seed4:frame18,2.0,18,cwz_joint,155,false,false,true,missing,false,true,gradient_only,8,755,0,2.0837872257571957,10.614879659618774,missing
red4:lane3:snr2.0:seed4:frame19,2.0,19,cwz_joint,174,false,false,true,missing,false,true,gradient_only,8,843,0,1.053024133272253,14.585602982219056,missing
red4:lane3:snr2.0:seed4:frame20,2.0,20,cwz_joint,158,false,false,true,missing,false,true,gradient_only,8,898,0,1.439956363620388,9.888840572298923,missing
red4:lane3:snr2.0:seed4:frame21,2.0,21,cwz_joint,105,false,false,true,missing,false,true,gradient_only,8,724,0,1.696395235609819,10.027051408619265,missing
red4:lane3:snr2.0:seed4:frame22,2.0,22,cwz_joint,162,false,false,true,missing,false,true,gradient_only,8,848,0,1.266471652950198,9.255959758728398,missing
red4:lane3:snr2.0:seed4:frame23,2.0,23,cwz_joint,148,false,false,true,missing,false,true,gradient_only,8,893,0,3.650600756906038,6.229740978350924,missing
red4:lane3:snr2.0:seed4:frame24,2.0,24,cwz_joint,177,false,false,true,missing,false,true,gradient_only,8,935,0,3.74084175913259,19.029451280785537,missing
red4:lane3:snr2.0:seed4:frame25,2.0,25,cwz_joint,154,false,false,true,missing,false,true,gradient_only,8,874,0,1.2327835822314177,9.924072565838062,missing
red4:lane3:snr2.0:seed4:frame26,2.0,26,cwz_joint,140,false,false,true,missing,false,true,gradient_only,8,760,0,1.0355633482615012,8.03530946497151,missing
red4:lane3:snr2.0:seed4:frame27,2.0,27,cwz_joint,125,false,false,true,missing,false,true,gradient_only,8,764,0,1.2042271479418238,7.626607518255692,missing
red4:lane3:snr2.0:seed4:frame28,2.0,28,cwz_joint,173,false,false,true,missing,false,true,gradient_only,8,968,0,2.0563824002413957,18.103547220876276,missing
red4:lane3:snr2.0:seed4:frame29,2.0,29,cwz_joint,141,false,false,true,missing,false,true,gradient_only,8,707,0,1.1509249569640008,7.192214487684415,missing
red4:lane3:snr2.0:seed4:frame30,2.0,30,cwz_joint,176,false,false,true,missing,false,true,gradient_only,8,853,0,3.228611430763938,10.942817993969399,missing
red4:lane3:snr2.0:seed4:frame31,2.0,31,cwz_joint,141,false,false,true,missing,false,true,gradient_only,8,787,0,0.9865011118329952,7.119594884995019,missing
red4:lane3:snr2.0:seed4:frame32,2.0,32,cwz_joint,198,false,false,true,missing,false,true,gradient_only,8,900,0,1.0078800297607284,8.857187850071332,missing
red4:lane3:snr2.0:seed4:frame33,2.0,33,cwz_joint,163,false,false,true,missing,false,true,gradient_only,8,912,0,0.652410110079969,8.964595895228513,missing
red4:lane3:snr2.0:seed4:frame34,2.0,34,cwz_joint,155,false,false,true,missing,false,true,gradient_only,8,838,0,1.2867682060705825,7.445617009613115,missing
red4:lane3:snr2.0:seed4:frame35,2.0,35,cwz_joint,123,false,false,true,missing,false,true,gradient_only,8,812,0,0.9911805022565493,7.7220789824702685,missing
red4:lane3:snr2.0:seed4:frame36,2.0,36,cwz_joint,111,false,false,true,missing,false,true,gradient_only,8,741,0,1.5449536033649869,7.784482648733969,missing
red4:lane3:snr2.0:seed4:frame37,2.0,37,cwz_joint,154,false,false,true,missing,false,true,gradient_only,8,923,0,1.0194430426261374,7.737604588900729,missing
red4:lane3:snr2.0:seed4:frame38,2.0,38,cwz_joint,167,false,false,true,missing,false,true,gradient_only,8,925,0,1.317312810196234,11.87786597407622,missing
red4:lane3:snr2.0:seed4:frame39,2.0,39,cwz_joint,149,false,false,true,missing,false,true,gradient_only,8,875,0,1.0678538884435953,14.83385102951754,missing
red4:lane3:snr2.0:seed4:frame40,2.0,40,cwz_joint,194,false,false,true,missing,false,true,gradient_only,8,894,0,1.1536438512722207,12.646381406579929,missing
red4:lane3:snr2.0:seed4:frame41,2.0,41,cwz_joint,148,false,false,true,missing,false,true,gradient_only,8,792,0,1.1323839040562933,7.043843087945386,missing
red4:lane3:snr2.0:seed4:frame42,2.0,42,cwz_joint,124,false,false,true,missing,false,true,gradient_only,8,890,0,3.2782266256439607,10.034592660576227,missing
red4:lane3:snr2.0:seed4:frame43,2.0,43,cwz_joint,152,false,false,true,missing,false,true,gradient_only,8,801,0,2.008607127938271,9.43247248166286,missing
red4:lane3:snr2.0:seed4:frame44,2.0,44,cwz_joint,145,false,false,true,missing,false,true,gradient_only,8,817,0,1.3427517316827795,13.918917848622268,missing
red4:lane3:snr2.0:seed4:frame45,2.0,45,cwz_joint,115,false,false,true,missing,false,true,gradient_only,8,774,0,1.6103751499237393,4.132480765051804,missing
red4:lane3:snr2.0:seed4:frame46,2.0,46,cwz_joint,151,false,false,true,missing,false,true,gradient_only,8,864,0,1.3416585098971574,11.176477129667893,missing
red4:lane3:snr2.0:seed4:frame47,2.0,47,cwz_joint,173,false,false,true,missing,false,true,gradient_only,8,944,0,6.692988565536409,12.387480607855453,missing
red4:lane3:snr2.0:seed4:frame48,2.0,48,cwz_joint,155,false,false,true,missing,false,true,gradient_only,8,824,0,1.4205027635101717,6.58760955116575,missing
red4:lane3:snr2.0:seed4:frame49,2.0,49,cwz_joint,132,false,false,true,missing,false,true,gradient_only,8,865,0,1.2431128119683104,10.473465511329582,missing
red4:lane3:snr2.0:seed4:frame50,2.0,50,cwz_joint,158,false,false,true,missing,false,true,gradient_only,8,872,0,0.7764320025432747,5.586472311565967,missing
red4:lane3:snr2.0:seed4:frame51,2.0,51,cwz_joint,144,false,false,true,missing,false,true,gradient_only,8,824,0,1.2692044465161354,9.832132191909075,missing
red4:lane3:snr2.0:seed4:frame52,2.0,52,cwz_joint,131,false,false,true,missing,false,true,gradient_only,8,808,0,1.6960349432366988,8.710003002116522,missing
red4:lane3:snr2.0:seed4:frame53,2.0,53,cwz_joint,141,false,false,true,missing,false,true,gradient_only,8,741,0,1.0993294720757576,9.747533994214638,missing
red4:lane3:snr2.0:seed4:frame54,2.0,54,cwz_joint,101,false,false,true,missing,false,true,gradient_only,8,716,0,1.2444117616607377,9.987176672323224,missing
red4:lane3:snr2.0:seed4:frame55,2.0,55,cwz_joint,131,false,false,true,missing,false,true,gradient_only,8,751,0,1.2194113384081386,6.4266845744877985,missing
red4:lane3:snr2.0:seed4:frame56,2.0,56,cwz_joint,165,false,false,true,missing,false,true,gradient_only,8,978,0,3.2874277724314775,15.500347404992974,missing
red4:lane3:snr2.0:seed4:frame57,2.0,57,cwz_joint,141,false,false,true,missing,false,true,gradient_only,8,910,0,1.1469737857117135,11.576359989621281,missing
red4:lane3:snr2.0:seed4:frame58,2.0,58,cwz_joint,146,false,false,true,missing,false,true,gradient_only,8,889,0,1.8887306456277642,11.11780391487248,missing
red4:lane3:snr2.0:seed4:frame59,2.0,59,cwz_joint,125,false,false,true,missing,false,true,gradient_only,8,854,0,1.1024733654082504,4.899410159604591,missing
red4:lane3:snr2.0:seed4:frame60,2.0,60,cwz_joint,193,false,false,true,missing,false,true,gradient_only,8,943,0,0.9245789859785092,4.320982577214485,missing
red4:lane3:snr2.0:seed4:frame1,2.0,1,profiled_cz,157,false,false,false,missing,false,true,gradient_only,1,759,54,1.5008616921079805,4.514611493926334,missing
red4:lane3:snr2.0:seed4:frame2,2.0,2,profiled_cz,152,false,false,false,missing,false,true,gradient_only,1,820,65,1.7870955206717924,5.3660060464187485,missing
red4:lane3:snr2.0:seed4:frame3,2.0,3,profiled_cz,131,false,false,false,missing,false,true,gradient_only,1,763,58,0.9921169043380819,4.783187556355587,missing
red4:lane3:snr2.0:seed4:frame4,2.0,4,profiled_cz,139,false,false,false,missing,false,true,gradient_only,1,895,40,7.673864888663394,7.204618100697246,missing
red4:lane3:snr2.0:seed4:frame5,2.0,5,profiled_cz,190,false,false,false,missing,false,true,gradient_only,1,903,63,1.1549673862384606,4.126155414363613,missing
red4:lane3:snr2.0:seed4:frame6,2.0,6,profiled_cz,195,false,false,false,missing,false,true,gradient_only,1,948,78,0.8456335518859511,6.771013343365255,missing
red4:lane3:snr2.0:seed4:frame7,2.0,7,profiled_cz,170,false,false,false,missing,false,true,gradient_only,1,835,79,1.297003693347332,9.402829825814285,missing
red4:lane3:snr2.0:seed4:frame8,2.0,8,profiled_cz,135,false,false,false,missing,false,true,gradient_only,1,732,69,1.1573821517038474,3.5256296807706633,missing
red4:lane3:snr2.0:seed4:frame9,2.0,9,profiled_cz,158,false,false,false,missing,false,true,gradient_only,1,960,80,1.0679900652636531,5.408378098199788,missing
red4:lane3:snr2.0:seed4:frame10,2.0,10,profiled_cz,140,false,false,false,missing,false,true,gradient_only,1,859,84,3.8463619157797444,4.638795498006292,missing
red4:lane3:snr2.0:seed4:frame11,2.0,11,profiled_cz,143,false,false,false,missing,false,true,gradient_only,1,893,89,0.9795635840022439,3.7885648418562266,missing
red4:lane3:snr2.0:seed4:frame12,2.0,12,profiled_cz,147,false,false,false,missing,false,true,gradient_only,1,811,71,1.231464517863623,3.48727341050385,missing
red4:lane3:snr2.0:seed4:frame13,2.0,13,profiled_cz,178,false,false,false,missing,false,true,gradient_only,6,928,74,0.9286931052812206,5.078852146504485,missing
red4:lane3:snr2.0:seed4:frame14,2.0,14,profiled_cz,145,false,false,false,missing,false,true,gradient_only,1,839,57,1.1512985146740151,5.117926508222247,missing
red4:lane3:snr2.0:seed4:frame15,2.0,15,profiled_cz,172,false,false,false,missing,false,true,gradient_only,1,759,41,1.2684318324269273,4.947339849200492,missing
red4:lane3:snr2.0:seed4:frame16,2.0,16,profiled_cz,143,false,false,false,missing,false,true,gradient_only,7,811,44,1.3053202243911124,4.549467257606118,missing
red4:lane3:snr2.0:seed4:frame17,2.0,17,profiled_cz,151,false,false,false,missing,false,true,gradient_only,1,776,24,1.0128738260560164,6.483067139318454,missing
red4:lane3:snr2.0:seed4:frame18,2.0,18,profiled_cz,155,false,false,false,missing,false,true,gradient_only,1,755,35,2.0837872257571957,4.461229947072847,missing
red4:lane3:snr2.0:seed4:frame19,2.0,19,profiled_cz,174,false,false,false,missing,false,true,gradient_only,7,843,54,1.053024133272253,6.592533733441924,missing
red4:lane3:snr2.0:seed4:frame20,2.0,20,profiled_cz,158,false,false,false,missing,false,true,gradient_only,1,898,50,1.439956363620388,13.511140317628907,missing
red4:lane3:snr2.0:seed4:frame21,2.0,21,profiled_cz,105,false,false,false,missing,false,true,gradient_only,1,724,68,1.696395235609819,3.6344172676552207,missing
red4:lane3:snr2.0:seed4:frame22,2.0,22,profiled_cz,162,false,false,false,missing,false,true,gradient_only,1,848,38,1.266471652950198,3.9722225638468474,missing
red4:lane3:snr2.0:seed4:frame23,2.0,23,profiled_cz,148,false,false,false,missing,false,true,gradient_only,1,893,43,3.650600756906038,5.213808724282577,missing
red4:lane3:snr2.0:seed4:frame24,2.0,24,profiled_cz,177,false,false,false,missing,false,true,gradient_only,1,935,45,3.74084175913259,6.954190968157558,missing
red4:lane3:snr2.0:seed4:frame25,2.0,25,profiled_cz,154,false,false,false,missing,false,true,gradient_only,1,874,48,1.2327835822314177,6.234917559452623,missing
red4:lane3:snr2.0:seed4:frame26,2.0,26,profiled_cz,140,false,false,false,missing,false,true,gradient_only,1,760,55,1.0355633482615012,4.05048075684785,missing
red4:lane3:snr2.0:seed4:frame27,2.0,27,profiled_cz,125,false,false,false,missing,false,true,gradient_only,1,764,58,1.2042271479418238,5.495859160780563,missing
red4:lane3:snr2.0:seed4:frame28,2.0,28,profiled_cz,173,false,false,false,missing,false,true,gradient_only,1,968,81,2.0563824002413957,11.892388884959166,missing
red4:lane3:snr2.0:seed4:frame29,2.0,29,profiled_cz,141,false,false,false,missing,false,true,gradient_only,1,707,68,1.1509249569640008,3.1517448855495394,missing
red4:lane3:snr2.0:seed4:frame30,2.0,30,profiled_cz,176,false,false,false,missing,false,true,gradient_only,1,853,72,3.228611430763938,6.855397432390174,missing
red4:lane3:snr2.0:seed4:frame31,2.0,31,profiled_cz,141,false,false,false,missing,false,true,gradient_only,1,787,49,0.9865011118329952,3.7999499907830843,missing
red4:lane3:snr2.0:seed4:frame32,2.0,32,profiled_cz,198,false,false,false,missing,false,true,gradient_only,1,900,76,1.0078800297607284,4.513322767925034,missing
red4:lane3:snr2.0:seed4:frame33,2.0,33,profiled_cz,163,false,false,false,missing,false,true,gradient_only,1,912,39,0.652410110079969,3.7710801564253966,missing
red4:lane3:snr2.0:seed4:frame34,2.0,34,profiled_cz,155,false,false,false,missing,false,true,gradient_only,1,838,57,1.2867682060705825,4.8018886917019,missing
red4:lane3:snr2.0:seed4:frame35,2.0,35,profiled_cz,123,false,false,false,missing,false,true,gradient_only,1,812,22,0.9911805022565493,6.938951035734355,missing
red4:lane3:snr2.0:seed4:frame36,2.0,36,profiled_cz,111,false,false,false,missing,false,true,gradient_only,1,741,48,1.5449536033649869,3.7894813940440413,missing
red4:lane3:snr2.0:seed4:frame37,2.0,37,profiled_cz,152,false,false,false,missing,false,true,gradient_only,1,923,71,1.0194430426261374,6.756906283600684,missing
red4:lane3:snr2.0:seed4:frame38,2.0,38,profiled_cz,167,false,false,false,missing,false,true,gradient_only,1,925,62,1.317312810196234,19.713716098020964,missing
red4:lane3:snr2.0:seed4:frame39,2.0,39,profiled_cz,149,false,false,false,missing,false,true,gradient_only,1,875,54,1.0678538884435953,5.386762679048256,missing
red4:lane3:snr2.0:seed4:frame40,2.0,40,profiled_cz,193,false,false,false,missing,false,true,gradient_only,1,894,50,1.1536438512722207,11.976463238703241,missing
red4:lane3:snr2.0:seed4:frame41,2.0,41,profiled_cz,148,false,false,false,missing,false,true,gradient_only,1,792,52,1.1323839040562933,3.929568779370294,missing
red4:lane3:snr2.0:seed4:frame42,2.0,42,profiled_cz,124,false,false,false,missing,false,true,gradient_only,1,890,53,3.2782266256439607,4.403250549572073,missing
red4:lane3:snr2.0:seed4:frame43,2.0,43,profiled_cz,152,false,false,false,missing,false,true,gradient_only,1,801,47,2.008607127938271,7.307616476155766,missing
red4:lane3:snr2.0:seed4:frame44,2.0,44,profiled_cz,145,false,false,false,missing,false,true,gradient_only,3,817,39,1.3427517316827795,6.508577155802492,missing
red4:lane3:snr2.0:seed4:frame45,2.0,45,profiled_cz,116,false,false,false,missing,false,true,gradient_only,3,774,68,1.6103751499237393,3.0836104086746285,missing
red4:lane3:snr2.0:seed4:frame46,2.0,46,profiled_cz,150,false,false,false,missing,false,true,gradient_only,3,864,57,1.3416585098971574,4.9198948315569595,missing
red4:lane3:snr2.0:seed4:frame47,2.0,47,profiled_cz,173,false,false,false,missing,false,true,gradient_only,1,944,34,6.692988565536409,5.032577723740049,missing
red4:lane3:snr2.0:seed4:frame48,2.0,48,profiled_cz,155,false,false,false,missing,false,true,gradient_only,1,824,34,1.4205027635101717,13.320503476556844,missing
red4:lane3:snr2.0:seed4:frame49,2.0,49,profiled_cz,132,false,false,false,missing,false,true,gradient_only,1,865,36,1.2431128119683104,6.903673750254585,missing
red4:lane3:snr2.0:seed4:frame50,2.0,50,profiled_cz,158,false,false,false,missing,false,true,gradient_only,1,872,49,0.7764320025432747,4.179517667027023,missing
red4:lane3:snr2.0:seed4:frame51,2.0,51,profiled_cz,144,false,false,false,missing,false,true,gradient_only,1,824,70,1.2692044465161354,5.099948405459664,missing
red4:lane3:snr2.0:seed4:frame52,2.0,52,profiled_cz,131,false,false,false,missing,false,true,gradient_only,1,808,41,1.6960349432366988,3.7791250987048866,missing
red4:lane3:snr2.0:seed4:frame53,2.0,53,profiled_cz,141,false,false,false,missing,false,true,gradient_only,1,741,21,1.0993294720757576,6.976442102599253,missing
red4:lane3:snr2.0:seed4:frame54,2.0,54,profiled_cz,101,false,false,false,missing,false,true,gradient_only,1,716,52,1.2444117616607377,4.643030223314663,missing
red4:lane3:snr2.0:seed4:frame55,2.0,55,profiled_cz,131,false,false,false,missing,false,true,gradient_only,1,751,58,1.2194113384081386,4.185091208764932,missing
red4:lane3:snr2.0:seed4:frame56,2.0,56,profiled_cz,165,false,false,false,missing,false,true,gradient_only,1,978,84,3.2874277724314775,7.701001276341778,missing
red4:lane3:snr2.0:seed4:frame57,2.0,57,profiled_cz,140,false,false,false,missing,false,true,gradient_only,1,910,57,1.1469737857117135,8.275829130281403,missing
red4:lane3:snr2.0:seed4:frame58,2.0,58,profiled_cz,146,false,false,false,missing,false,true,gradient_only,1,889,88,1.8887306456277642,5.463424701678435,missing
red4:lane3:snr2.0:seed4:frame59,2.0,59,profiled_cz,122,false,false,false,missing,false,true,gradient_only,1,854,62,1.1024733654082504,3.6348737103289124,missing
red4:lane3:snr2.0:seed4:frame60,2.0,60,profiled_cz,194,false,false,false,missing,false,true,gradient_only,1,943,51,0.9245789859785092,4.961468749814938,missing
red4:lane3:snr4.0:seed4:frame1,4.0,1,cwz_joint,77,false,false,true,missing,false,true,gradient_only,8,616,0,1.9292597231271178,10.188559518550862,missing
red4:lane3:snr4.0:seed4:frame2,4.0,2,cwz_joint,103,false,false,true,missing,false,true,gradient_only,8,754,0,1.1493117279293286,6.405128149582582,missing
red4:lane3:snr4.0:seed4:frame3,4.0,3,cwz_joint,74,false,false,true,missing,false,true,gradient_only,8,600,0,0.8533637596508015,8.593464393342083,missing
red4:lane3:snr4.0:seed4:frame4,4.0,4,cwz_joint,101,false,false,true,missing,false,true,gradient_only,8,704,0,1.0047327688930374,10.602083334927604,missing
red4:lane3:snr4.0:seed4:frame5,4.0,5,cwz_joint,120,false,false,true,missing,false,true,gradient_only,8,749,0,1.1133829315497032,4.951390631806907,missing
red4:lane3:snr4.0:seed4:frame6,4.0,6,cwz_joint,145,false,false,true,missing,false,true,gradient_only,8,760,0,0.9259049846966172,8.169032226101685,missing
red4:lane3:snr4.0:seed4:frame7,4.0,7,cwz_joint,130,false,false,true,missing,false,true,gradient_only,8,724,0,1.0908132640563903,9.248222206228158,missing
red4:lane3:snr4.0:seed4:frame8,4.0,8,cwz_joint,91,false,false,true,missing,false,true,gradient_only,8,582,0,1.3143128130663326,6.555475672594008,missing
red4:lane3:snr4.0:seed4:frame9,4.0,9,cwz_joint,109,false,false,true,missing,false,true,gradient_only,8,748,0,0.8800576472236302,7.44952075344506,missing
red4:lane3:snr4.0:seed4:frame10,4.0,10,cwz_joint,114,false,false,true,missing,false,true,gradient_only,8,747,0,9.917257003151303,7.212363779481249,missing
red4:lane3:snr4.0:seed4:frame11,4.0,11,cwz_joint,119,false,false,true,missing,false,true,gradient_only,8,766,0,0.6475788795218146,6.67065303869157,missing
red4:lane3:snr4.0:seed4:frame12,4.0,12,cwz_joint,101,false,false,true,missing,false,true,gradient_only,8,722,0,0.5958188216124848,2.8646268441389515,missing
red4:lane3:snr4.0:seed4:frame13,4.0,13,cwz_joint,149,false,false,true,missing,false,true,gradient_only,8,784,0,0.4466519645591806,4.432046799692101,missing
red4:lane3:snr4.0:seed4:frame14,4.0,14,cwz_joint,102,false,false,true,missing,false,true,gradient_only,8,677,0,1.6932820527154755,8.577603374010677,missing
red4:lane3:snr4.0:seed4:frame15,4.0,15,cwz_joint,111,false,false,true,missing,false,true,gradient_only,8,620,0,0.9165192518738531,8.606136595873698,missing
red4:lane3:snr4.0:seed4:frame16,4.0,16,cwz_joint,106,false,false,true,missing,false,true,gradient_only,8,664,0,1.534061126588087,8.556790269337297,missing
red4:lane3:snr4.0:seed4:frame17,4.0,17,cwz_joint,101,false,false,true,missing,false,true,gradient_only,8,704,0,1.2828654940742432,10.216751045040473,missing
red4:lane3:snr4.0:seed4:frame18,4.0,18,cwz_joint,89,false,false,true,missing,false,true,gradient_only,8,661,0,0.9552939143548869,9.326907347347337,missing
red4:lane3:snr4.0:seed4:frame19,4.0,19,cwz_joint,121,false,false,true,missing,false,true,gradient_only,8,705,0,1.9265131936195141,11.532404047775357,missing
red4:lane3:snr4.0:seed4:frame20,4.0,20,cwz_joint,130,false,false,true,missing,false,true,gradient_only,8,777,0,0.8026104437429354,10.383589055200083,missing
red4:lane3:snr4.0:seed4:frame21,4.0,21,cwz_joint,49,false,false,true,missing,false,true,gradient_only,8,587,0,1.1659440231702085,8.285566965587424,missing
red4:lane3:snr4.0:seed4:frame22,4.0,22,cwz_joint,98,false,false,true,missing,false,true,gradient_only,8,707,0,0.6686298057514821,7.308082623578418,missing
red4:lane3:snr4.0:seed4:frame23,4.0,23,cwz_joint,103,false,false,true,missing,false,true,gradient_only,8,738,0,1.9449407392268687,5.412459425882274,missing
red4:lane3:snr4.0:seed4:frame24,4.0,24,cwz_joint,131,false,false,true,missing,false,true,gradient_only,8,878,0,0.9237931387485214,13.872160329315372,missing
red4:lane3:snr4.0:seed4:frame25,4.0,25,cwz_joint,85,false,false,true,missing,false,true,gradient_only,8,657,0,1.3814192685279296,8.156548682093927,missing
red4:lane3:snr4.0:seed4:frame26,4.0,26,cwz_joint,91,false,false,true,missing,false,true,gradient_only,8,552,0,4.08816230040261,7.660161396740552,missing
red4:lane3:snr4.0:seed4:frame27,4.0,27,cwz_joint,69,false,false,true,missing,false,true,gradient_only,8,589,0,1.6095922549503803,6.482006403843299,missing
red4:lane3:snr4.0:seed4:frame28,4.0,28,cwz_joint,137,false,false,true,missing,false,true,gradient_only,8,878,0,4.165777593774593,14.049997224495678,missing
red4:lane3:snr4.0:seed4:frame29,4.0,29,cwz_joint,48,false,false,true,missing,false,true,gradient_only,8,495,0,1.3976041532975625,5.7678316971635,missing
red4:lane3:snr4.0:seed4:frame30,4.0,30,cwz_joint,121,false,false,true,missing,false,true,gradient_only,8,707,0,1.8709075704707856,9.526231346084966,missing
red4:lane3:snr4.0:seed4:frame31,4.0,31,cwz_joint,119,false,false,true,missing,false,true,gradient_only,8,655,0,1.3818177177636635,5.96901726347911,missing
red4:lane3:snr4.0:seed4:frame32,4.0,32,cwz_joint,148,false,false,true,missing,false,true,gradient_only,8,759,0,1.1413768975642187,7.675422690640994,missing
red4:lane3:snr4.0:seed4:frame33,4.0,33,cwz_joint,98,false,false,true,missing,false,true,gradient_only,8,761,0,0.7096567460189336,7.1203614092984395,missing
red4:lane3:snr4.0:seed4:frame34,4.0,34,cwz_joint,105,false,false,true,missing,false,true,gradient_only,8,665,0,2.2374847651512777,6.393660494935964,missing
red4:lane3:snr4.0:seed4:frame35,4.0,35,cwz_joint,70,false,false,true,missing,false,true,gradient_only,8,594,0,0.7918757591128698,6.854921759892937,missing
red4:lane3:snr4.0:seed4:frame36,4.0,36,cwz_joint,64,false,false,true,missing,false,true,gradient_only,8,597,0,3.022105789303188,6.569448754135014,missing
red4:lane3:snr4.0:seed4:frame37,4.0,37,cwz_joint,108,false,false,true,missing,false,true,gradient_only,8,779,0,1.2748006012259134,6.398937522759619,missing
red4:lane3:snr4.0:seed4:frame38,4.0,38,cwz_joint,115,false,false,true,missing,false,true,gradient_only,8,773,0,1.3483000531125882,10.712726819146015,missing
red4:lane3:snr4.0:seed4:frame39,4.0,39,cwz_joint,106,false,false,true,missing,false,true,gradient_only,8,744,0,1.2293415752269237,14.094294665360371,missing
red4:lane3:snr4.0:seed4:frame40,4.0,40,cwz_joint,136,false,false,true,missing,false,true,gradient_only,8,730,0,1.2152145747046252,13.301431113437442,missing
red4:lane3:snr4.0:seed4:frame41,4.0,41,cwz_joint,105,false,false,false,missing,false,true,gradient_only,8,650,6,0.7465157138085737,6.1329863865347995,missing
red4:lane3:snr4.0:seed4:frame42,4.0,42,cwz_joint,104,false,false,true,missing,false,true,gradient_only,8,756,0,1.455287387259912,8.268906855922046,missing
red4:lane3:snr4.0:seed4:frame43,4.0,43,cwz_joint,93,false,false,true,missing,false,true,gradient_only,8,702,0,0.872011362594779,9.834598360504096,missing
red4:lane3:snr4.0:seed4:frame44,4.0,44,cwz_joint,77,false,false,true,missing,false,true,gradient_only,8,636,0,1.1206032114987328,11.292725375183712,missing
red4:lane3:snr4.0:seed4:frame45,4.0,45,cwz_joint,66,false,false,true,missing,false,true,gradient_only,8,634,0,1.2922717405345125,4.196521799405769,missing
red4:lane3:snr4.0:seed4:frame46,4.0,46,cwz_joint,126,false,false,true,missing,false,true,gradient_only,8,712,0,1.3911159326606646,8.839408796120374,missing
red4:lane3:snr4.0:seed4:frame47,4.0,47,cwz_joint,122,false,false,true,missing,false,true,gradient_only,8,834,0,1.632559424270981,10.03371776693456,missing
red4:lane3:snr4.0:seed4:frame48,4.0,48,cwz_joint,100,false,false,true,missing,false,true,gradient_only,8,634,0,1.3351671897434885,6.309511508013315,missing
red4:lane3:snr4.0:seed4:frame49,4.0,49,cwz_joint,101,false,false,true,missing,false,true,gradient_only,8,727,0,0.9463214277101331,9.033442203885286,missing
red4:lane3:snr4.0:seed4:frame50,4.0,50,cwz_joint,109,false,false,true,missing,false,true,gradient_only,8,665,0,1.3470190638190194,5.202722979090883,missing
red4:lane3:snr4.0:seed4:frame51,4.0,51,cwz_joint,89,false,false,true,missing,false,true,gradient_only,8,676,0,1.0075762687708958,8.426583487423821,missing
red4:lane3:snr4.0:seed4:frame52,4.0,52,cwz_joint,64,false,false,true,missing,false,true,gradient_only,8,605,0,1.5684710491278706,7.4986790661739695,missing
red4:lane3:snr4.0:seed4:frame53,4.0,53,cwz_joint,103,false,false,true,missing,false,true,gradient_only,8,576,0,0.98511909938313,9.009256159116543,missing
red4:lane3:snr4.0:seed4:frame54,4.0,54,cwz_joint,47,false,false,true,missing,false,true,gradient_only,8,530,0,1.160180107414236,10.169879720061285,missing
red4:lane3:snr4.0:seed4:frame55,4.0,55,cwz_joint,91,false,false,true,missing,false,true,gradient_only,8,657,0,1.561968758913462,5.432367911568644,missing
red4:lane3:snr4.0:seed4:frame56,4.0,56,cwz_joint,134,false,false,true,missing,false,true,gradient_only,8,870,0,1.5456349048386824,12.04097375453032,missing
red4:lane3:snr4.0:seed4:frame57,4.0,57,cwz_joint,91,false,false,true,missing,false,true,gradient_only,8,731,0,1.4425840606664226,9.804943781737778,missing
red4:lane3:snr4.0:seed4:frame58,4.0,58,cwz_joint,104,false,false,true,missing,false,true,gradient_only,8,746,0,1.1066756620287987,8.888770035382578,missing
red4:lane3:snr4.0:seed4:frame59,4.0,59,cwz_joint,72,false,false,true,missing,false,true,gradient_only,8,651,0,5.159135477111458,3.883113044273082,missing
red4:lane3:snr4.0:seed4:frame60,4.0,60,cwz_joint,139,false,false,true,missing,false,true,gradient_only,8,810,0,0.595706900300304,3.6721869347497007,missing
red4:lane3:snr4.0:seed4:frame1,4.0,1,profiled_cz,77,false,false,false,missing,false,true,gradient_only,1,616,23,1.9292597231271178,3.0061746271808354,missing
red4:lane3:snr4.0:seed4:frame2,4.0,2,profiled_cz,103,false,false,false,missing,false,true,gradient_only,1,754,23,1.1493117279293286,4.457725649133616,missing
red4:lane3:snr4.0:seed4:frame3,4.0,3,profiled_cz,73,false,false,false,missing,false,true,gradient_only,1,600,24,0.8533637596508015,3.203372926761713,missing
red4:lane3:snr4.0:seed4:frame4,4.0,4,profiled_cz,101,false,false,false,missing,false,true,gradient_only,1,704,48,1.0047327688930374,5.207307676743621,missing
red4:lane3:snr4.0:seed4:frame5,4.0,5,profiled_cz,120,false,false,false,missing,false,true,gradient_only,1,749,45,1.1133829315497032,3.4676659996052064,missing
red4:lane3:snr4.0:seed4:frame6,4.0,6,profiled_cz,146,false,false,false,missing,false,true,gradient_only,1,760,41,0.9259049846966172,4.988988887111165,missing
red4:lane3:snr4.0:seed4:frame7,4.0,7,profiled_cz,130,false,false,false,missing,false,true,gradient_only,1,724,68,1.0908132640563903,7.38429368876987,missing
red4:lane3:snr4.0:seed4:frame8,4.0,8,profiled_cz,91,false,false,false,missing,false,true,gradient_only,1,582,52,1.3143128130663326,2.5938857714325954,missing
red4:lane3:snr4.0:seed4:frame9,4.0,9,profiled_cz,109,false,false,false,missing,false,true,gradient_only,1,748,26,0.8800576472236302,3.671815512786391,missing
red4:lane3:snr4.0:seed4:frame10,4.0,10,profiled_cz,114,false,false,false,missing,false,true,gradient_only,1,747,86,9.917257003151303,3.6794701860221615,missing
red4:lane3:snr4.0:seed4:frame11,4.0,11,profiled_cz,121,false,false,false,missing,false,true,gradient_only,1,766,68,0.6475788795218146,3.0608906621504812,missing
red4:lane3:snr4.0:seed4:frame12,4.0,12,profiled_cz,101,false,false,false,missing,false,true,gradient_only,1,722,61,0.5958188216124848,2.9127995192699303,missing
red4:lane3:snr4.0:seed4:frame13,4.0,13,profiled_cz,149,false,false,false,missing,false,true,gradient_only,1,784,90,0.4466519645591806,4.848700955974584,missing
red4:lane3:snr4.0:seed4:frame14,4.0,14,profiled_cz,102,false,false,false,missing,false,true,gradient_only,1,677,34,1.6932820527154755,4.231184205386632,missing
red4:lane3:snr4.0:seed4:frame15,4.0,15,profiled_cz,112,false,false,false,missing,false,true,gradient_only,1,620,50,0.9165192518738531,4.163928292499084,missing
red4:lane3:snr4.0:seed4:frame16,4.0,16,profiled_cz,106,false,false,false,missing,false,true,gradient_only,1,664,15,1.534061126588087,3.44983212525368,missing
red4:lane3:snr4.0:seed4:frame17,4.0,17,profiled_cz,102,false,false,false,missing,false,true,gradient_only,1,704,21,1.2828654940742432,5.998984655168491,missing
red4:lane3:snr4.0:seed4:frame18,4.0,18,profiled_cz,89,false,false,false,missing,false,true,gradient_only,1,661,27,0.9552939143548869,2.9891350795081655,missing
red4:lane3:snr4.0:seed4:frame19,4.0,19,profiled_cz,121,false,false,false,missing,false,true,gradient_only,1,705,53,1.9265131936195141,5.2356593575597845,missing
red4:lane3:snr4.0:seed4:frame20,4.0,20,profiled_cz,131,false,false,false,missing,false,true,gradient_only,1,777,47,0.8026104437429354,9.399883640599189,missing
red4:lane3:snr4.0:seed4:frame21,4.0,21,profiled_cz,50,false,false,false,missing,false,true,gradient_only,1,587,18,1.1659440231702085,2.856264406749457,missing
red4:lane3:snr4.0:seed4:frame22,4.0,22,profiled_cz,98,false,false,false,missing,false,true,gradient_only,1,707,25,0.6686298057514821,3.1496205959157018,missing
red4:lane3:snr4.0:seed4:frame23,4.0,23,profiled_cz,103,false,false,false,missing,false,true,gradient_only,1,738,10,1.9449407392268687,4.035778758583072,missing
red4:lane3:snr4.0:seed4:frame24,4.0,24,profiled_cz,131,false,false,false,missing,false,true,gradient_only,1,878,69,0.9237931387485214,5.516954326371762,missing
red4:lane3:snr4.0:seed4:frame25,4.0,25,profiled_cz,85,false,false,false,missing,false,true,gradient_only,1,657,23,1.3814192685279296,4.610804501629067,missing
red4:lane3:snr4.0:seed4:frame26,4.0,26,profiled_cz,91,false,false,false,missing,false,true,gradient_only,1,552,22,4.08816230040261,3.199484311647852,missing
red4:lane3:snr4.0:seed4:frame27,4.0,27,profiled_cz,70,false,false,false,missing,false,true,gradient_only,1,589,59,1.6095922549503803,4.236141841142526,missing
red4:lane3:snr4.0:seed4:frame28,4.0,28,profiled_cz,138,false,false,false,missing,false,true,gradient_only,1,878,90,4.165777593774593,7.516704470006758,missing
red4:lane3:snr4.0:seed4:frame29,4.0,29,profiled_cz,48,false,false,false,missing,false,true,gradient_only,1,495,18,1.3976041532975625,2.288745219185524,missing
red4:lane3:snr4.0:seed4:frame30,4.0,30,profiled_cz,121,false,false,false,missing,false,true,gradient_only,1,707,38,1.8709075704707856,4.794300003620355,missing
red4:lane3:snr4.0:seed4:frame31,4.0,31,profiled_cz,119,false,false,false,missing,false,true,gradient_only,5,655,62,1.3818177177636635,2.936610109995091,missing
red4:lane3:snr4.0:seed4:frame32,4.0,32,profiled_cz,148,false,false,false,missing,false,true,gradient_only,1,759,73,1.1413768975642187,3.568775411974054,missing
red4:lane3:snr4.0:seed4:frame33,4.0,33,profiled_cz,98,false,false,false,missing,false,true,gradient_only,1,761,27,0.7096567460189336,3.189660415263629,missing
red4:lane3:snr4.0:seed4:frame34,4.0,34,profiled_cz,105,false,false,false,missing,false,true,gradient_only,1,665,35,2.2374847651512777,3.8267175423586024,missing
red4:lane3:snr4.0:seed4:frame35,4.0,35,profiled_cz,71,false,false,false,missing,false,true,gradient_only,1,594,22,0.7918757591128698,5.259830281972914,missing
red4:lane3:snr4.0:seed4:frame36,4.0,36,profiled_cz,64,false,false,false,missing,false,true,gradient_only,1,597,38,3.022105789303188,2.8178599495034224,missing
red4:lane3:snr4.0:seed4:frame37,4.0,37,profiled_cz,108,false,false,false,missing,false,true,gradient_only,1,779,52,1.2748006012259134,5.04413832505586,missing
red4:lane3:snr4.0:seed4:frame38,4.0,38,profiled_cz,115,false,false,false,missing,false,true,gradient_only,1,773,64,1.3483000531125882,16.075059482032056,missing
red4:lane3:snr4.0:seed4:frame39,4.0,39,profiled_cz,106,false,false,false,missing,false,true,gradient_only,1,744,39,1.2293415752269237,4.51610011433939,missing
red4:lane3:snr4.0:seed4:frame40,4.0,40,profiled_cz,136,false,false,false,missing,false,true,gradient_only,1,730,50,1.2152145747046252,8.860664068967584,missing
red4:lane3:snr4.0:seed4:frame41,4.0,41,profiled_cz,105,false,false,false,missing,false,true,gradient_only,1,650,45,0.7465157138085737,3.0636098412049795,missing
red4:lane3:snr4.0:seed4:frame42,4.0,42,profiled_cz,104,false,false,false,missing,false,true,gradient_only,2,756,26,1.455287387259912,3.5366013804621463,missing
red4:lane3:snr4.0:seed4:frame43,4.0,43,profiled_cz,93,false,false,false,missing,false,true,gradient_only,1,702,18,0.872011362594779,5.630474203678578,missing
red4:lane3:snr4.0:seed4:frame44,4.0,44,profiled_cz,77,false,false,false,missing,false,true,gradient_only,1,636,25,1.1206032114987328,4.276570139878743,missing
red4:lane3:snr4.0:seed4:frame45,4.0,45,profiled_cz,66,false,false,false,missing,false,true,gradient_only,1,634,26,1.2922717405345125,2.6125928568870935,missing
red4:lane3:snr4.0:seed4:frame46,4.0,46,profiled_cz,125,false,false,false,missing,false,true,gradient_only,1,712,82,1.3911159326606646,3.8462798705949286,missing
red4:lane3:snr4.0:seed4:frame47,4.0,47,profiled_cz,122,false,false,false,missing,false,true,gradient_only,8,834,52,1.632559424270981,3.911405544149887,missing
red4:lane3:snr4.0:seed4:frame48,4.0,48,profiled_cz,100,false,false,false,missing,false,true,gradient_only,1,634,30,1.3351671897434885,10.544386257639317,missing
red4:lane3:snr4.0:seed4:frame49,4.0,49,profiled_cz,101,false,false,false,missing,false,true,gradient_only,1,727,44,0.9463214277101331,5.483164498505736,missing
red4:lane3:snr4.0:seed4:frame50,4.0,50,profiled_cz,109,false,false,false,missing,false,true,gradient_only,1,665,60,1.3470190638190194,3.722035205132003,missing
red4:lane3:snr4.0:seed4:frame51,4.0,51,profiled_cz,89,false,false,false,missing,false,true,gradient_only,1,676,31,1.0075762687708958,3.971548919284956,missing
red4:lane3:snr4.0:seed4:frame52,4.0,52,profiled_cz,64,false,false,false,missing,false,true,gradient_only,1,605,27,1.5684710491278706,2.856820862634424,missing
red4:lane3:snr4.0:seed4:frame53,4.0,53,profiled_cz,103,false,false,false,missing,false,true,gradient_only,1,576,9,0.98511909938313,5.7426856001645925,missing
red4:lane3:snr4.0:seed4:frame54,4.0,54,profiled_cz,48,false,false,false,missing,false,true,gradient_only,1,530,14,1.160180107414236,3.801557314597485,missing
red4:lane3:snr4.0:seed4:frame55,4.0,55,profiled_cz,91,false,false,false,missing,false,true,gradient_only,1,657,34,1.561968758913462,3.3664651330681474,missing
red4:lane3:snr4.0:seed4:frame56,4.0,56,profiled_cz,134,false,false,false,missing,false,true,gradient_only,1,870,24,1.5456349048386824,6.115467311755924,missing
red4:lane3:snr4.0:seed4:frame57,4.0,57,profiled_cz,91,false,false,false,missing,false,true,gradient_only,1,731,44,1.4425840606664226,5.815924651506513,missing
red4:lane3:snr4.0:seed4:frame58,4.0,58,profiled_cz,104,false,false,false,missing,false,true,gradient_only,1,746,58,1.1066756620287987,4.22866737733792,missing
red4:lane3:snr4.0:seed4:frame59,4.0,59,profiled_cz,73,false,false,false,missing,false,true,gradient_only,1,651,45,5.159135477111458,3.1586809046720554,missing
red4:lane3:snr4.0:seed4:frame60,4.0,60,profiled_cz,139,false,false,false,missing,false,true,gradient_only,1,810,34,0.595706900300304,3.8419588715216655,missing
red4:lane3:snr6.0:seed4:frame1,6.0,1,cwz_joint,37,false,false,true,missing,false,true,gradient_only,8,466,0,0.6857752173556861,9.570873429715299,missing
red4:lane3:snr6.0:seed4:frame2,6.0,2,cwz_joint,57,false,false,true,missing,false,true,gradient_only,8,535,0,0.7143094349294454,5.762634947152671,missing
red4:lane3:snr6.0:seed4:frame3,6.0,3,cwz_joint,49,false,false,true,missing,false,true,gradient_only,8,457,0,0.740377680403295,7.326674361465369,missing
red4:lane3:snr6.0:seed4:frame4,6.0,4,cwz_joint,71,false,false,true,missing,false,true,gradient_only,8,598,0,0.6618999345435124,8.105942052931603,missing
red4:lane3:snr6.0:seed4:frame5,6.0,5,cwz_joint,93,false,false,true,missing,false,true,gradient_only,8,682,0,0.6353516287342393,4.156474834010951,missing
red4:lane3:snr6.0:seed4:frame6,6.0,6,cwz_joint,106,false,false,true,missing,false,true,gradient_only,8,644,0,0.7476104980638539,6.807400125602445,missing
red4:lane3:snr6.0:seed4:frame7,6.0,7,cwz_joint,75,false,false,true,missing,false,true,gradient_only,8,557,0,0.9381522679145261,8.040470328426576,missing
red4:lane3:snr6.0:seed4:frame8,6.0,8,cwz_joint,34,false,false,true,missing,false,true,gradient_only,8,455,0,0.5288188370945353,5.585342918969596,missing
red4:lane3:snr6.0:seed4:frame9,6.0,9,cwz_joint,61,false,false,true,missing,false,true,gradient_only,8,631,0,1.0580540414852946,5.778493013721282,missing
red4:lane3:snr6.0:seed4:frame10,6.0,10,cwz_joint,61,false,false,true,missing,false,true,gradient_only,8,626,0,0.9371803243662534,5.836378676494901,missing
red4:lane3:snr6.0:seed4:frame11,6.0,11,cwz_joint,62,false,false,true,missing,false,true,gradient_only,8,608,0,1.1667224641776062,5.5947504229761,missing
red4:lane3:snr6.0:seed4:frame12,6.0,12,cwz_joint,52,false,false,true,missing,false,true,gradient_only,8,510,0,0.5484192987584102,2.601244530802015,missing
red4:lane3:snr6.0:seed4:frame13,6.0,13,cwz_joint,101,false,false,true,missing,false,true,gradient_only,8,668,0,0.44176725982091847,3.7605813328872943,missing
red4:lane3:snr6.0:seed4:frame14,6.0,14,cwz_joint,64,false,false,true,missing,false,true,gradient_only,8,563,0,1.2776358568139867,7.199217951311971,missing
red4:lane3:snr6.0:seed4:frame15,6.0,15,cwz_joint,66,false,false,true,missing,false,true,gradient_only,8,471,0,1.031851374780476,7.507096300351741,missing
red4:lane3:snr6.0:seed4:frame16,6.0,16,cwz_joint,61,false,false,true,missing,false,true,gradient_only,8,539,0,0.7583015333400661,7.1602771717913445,missing
red4:lane3:snr6.0:seed4:frame17,6.0,17,cwz_joint,61,false,false,true,missing,false,true,gradient_only,8,570,0,0.782492669148442,10.324264591711788,missing
red4:lane3:snr6.0:seed4:frame18,6.0,18,cwz_joint,43,false,false,true,missing,false,true,gradient_only,8,511,0,0.8428980168411493,8.03034134294334,missing
red4:lane3:snr6.0:seed4:frame19,6.0,19,cwz_joint,63,false,false,true,missing,false,true,gradient_only,8,577,0,1.8456914118124508,9.177301025344573,missing
red4:lane3:snr6.0:seed4:frame20,6.0,20,cwz_joint,87,false,false,true,missing,false,true,gradient_only,8,697,0,0.8245276170870367,10.186941439548864,missing
red4:lane3:snr6.0:seed4:frame21,6.0,21,cwz_joint,16,false,false,true,missing,false,true,gradient_only,8,447,0,1.550191811487381,6.83873132932762,missing
red4:lane3:snr6.0:seed4:frame22,6.0,22,cwz_joint,66,false,false,true,missing,false,true,gradient_only,8,570,0,0.6080546056696076,5.8656016868953404,missing
red4:lane3:snr6.0:seed4:frame23,6.0,23,cwz_joint,67,false,false,true,missing,false,true,gradient_only,8,648,0,1.0862983771727839,4.542299392761003,missing
red4:lane3:snr6.0:seed4:frame24,6.0,24,cwz_joint,99,false,false,true,missing,false,true,gradient_only,8,762,0,0.8349697720258554,10.2779154213261,missing
red4:lane3:snr6.0:seed4:frame25,6.0,25,cwz_joint,52,false,false,true,missing,false,true,gradient_only,8,526,0,0.7849795088156958,6.685371446382644,missing
red4:lane3:snr6.0:seed4:frame26,6.0,26,cwz_joint,44,false,false,true,missing,false,true,gradient_only,8,439,0,0.6762895896404008,7.284234550646717,missing
red4:lane3:snr6.0:seed4:frame27,6.0,27,cwz_joint,45,false,false,true,missing,false,true,gradient_only,8,495,0,0.6366969657123448,5.405869585148194,missing
red4:lane3:snr6.0:seed4:frame28,6.0,28,cwz_joint,91,false,false,true,missing,false,true,gradient_only,8,743,0,0.7388323823049168,10.59001459010656,missing
red4:lane3:snr6.0:seed4:frame29,6.0,29,cwz_joint,27,false,false,true,missing,false,true,gradient_only,8,375,0,0.8739348240894456,4.7183338142289895,missing
red4:lane3:snr6.0:seed4:frame30,6.0,30,cwz_joint,68,false,false,true,missing,false,true,gradient_only,8,556,0,1.0591377118076675,8.185532652129284,missing
red4:lane3:snr6.0:seed4:frame31,6.0,31,cwz_joint,72,false,false,true,missing,false,true,gradient_only,8,559,0,1.5684714842524274,4.9684576180690705,missing
red4:lane3:snr6.0:seed4:frame32,6.0,32,cwz_joint,106,false,false,true,missing,false,true,gradient_only,8,624,0,1.1172581445524987,6.487941973251459,missing
red4:lane3:snr6.0:seed4:frame33,6.0,33,cwz_joint,74,false,false,true,missing,false,true,gradient_only,8,619,0,0.742009225144606,5.736607522857955,missing
red4:lane3:snr6.0:seed4:frame34,6.0,34,cwz_joint,54,false,false,true,missing,false,true,gradient_only,8,506,0,0.8145808635388033,5.4416197923475975,missing
red4:lane3:snr6.0:seed4:frame35,6.0,35,cwz_joint,55,false,false,true,missing,false,true,gradient_only,8,509,0,0.9362963421293339,6.056554734941175,missing
red4:lane3:snr6.0:seed4:frame36,6.0,36,cwz_joint,30,false,false,true,missing,false,true,gradient_only,8,468,0,0.7054274552322866,5.617354250407078,missing
red4:lane3:snr6.0:seed4:frame37,6.0,37,cwz_joint,58,false,false,true,missing,false,true,gradient_only,8,593,0,0.7846068095497047,5.304585363081634,missing
red4:lane3:snr6.0:seed4:frame38,6.0,38,cwz_joint,83,false,false,true,missing,false,true,gradient_only,8,644,0,1.2861170207925472,10.672061989919564,missing
red4:lane3:snr6.0:seed4:frame39,6.0,39,cwz_joint,56,false,false,true,missing,false,true,gradient_only,8,576,0,1.0729701957404738,13.13854806894245,missing
red4:lane3:snr6.0:seed4:frame40,6.0,40,cwz_joint,90,false,false,true,missing,false,true,gradient_only,8,610,0,1.1068283171133735,13.429782829612922,missing
red4:lane3:snr6.0:seed4:frame41,6.0,41,cwz_joint,56,false,false,true,missing,false,true,gradient_only,8,520,0,0.892946640489752,5.2158678726484355,missing
red4:lane3:snr6.0:seed4:frame42,6.0,42,cwz_joint,65,false,false,true,missing,false,true,gradient_only,8,617,0,0.5203368142981383,6.793648039700663,missing
red4:lane3:snr6.0:seed4:frame43,6.0,43,cwz_joint,44,false,false,true,missing,false,true,gradient_only,8,609,0,2.538791822808554,9.277327014312483,missing
red4:lane3:snr6.0:seed4:frame44,6.0,44,cwz_joint,48,false,false,true,missing,false,true,gradient_only,8,484,0,0.8624595277914646,9.186297122259838,missing
red4:lane3:snr6.0:seed4:frame45,6.0,45,cwz_joint,40,false,false,true,missing,false,true,gradient_only,8,485,0,0.7638875568949229,4.112326894303042,missing
red4:lane3:snr6.0:seed4:frame46,6.0,46,cwz_joint,74,false,false,true,missing,false,true,gradient_only,8,598,0,0.8800529828879524,7.007516263081143,missing
red4:lane3:snr6.0:seed4:frame47,6.0,47,cwz_joint,78,false,false,true,missing,false,true,gradient_only,8,652,0,3.2533602377335726,8.156767745935776,missing
red4:lane3:snr6.0:seed4:frame48,6.0,48,cwz_joint,63,false,false,true,missing,false,true,gradient_only,8,539,0,0.6397672064761413,4.842091547144526,missing
red4:lane3:snr6.0:seed4:frame49,6.0,49,cwz_joint,53,false,false,true,missing,false,true,gradient_only,8,614,0,1.0902940334876108,5.724801374655056,missing
red4:lane3:snr6.0:seed4:frame50,6.0,50,cwz_joint,70,false,false,true,missing,false,true,gradient_only,8,555,0,0.6531652401533775,4.488862231970786,missing
red4:lane3:snr6.0:seed4:frame51,6.0,51,cwz_joint,49,false,false,true,missing,false,true,gradient_only,8,514,0,1.3195315008451711,6.906337062614734,missing
red4:lane3:snr6.0:seed4:frame52,6.0,52,cwz_joint,35,false,false,true,missing,false,true,gradient_only,8,447,0,0.6171060895486994,6.360629772753916,missing
red4:lane3:snr6.0:seed4:frame53,6.0,53,cwz_joint,38,false,false,true,missing,false,true,gradient_only,8,457,0,0.6489666409190031,8.291969725272532,missing
red4:lane3:snr6.0:seed4:frame54,6.0,54,cwz_joint,20,false,false,true,missing,false,true,gradient_only,8,385,0,0.9187406783656558,9.966594600465543,missing
red4:lane3:snr6.0:seed4:frame55,6.0,55,cwz_joint,46,false,false,true,missing,false,true,gradient_only,8,515,0,0.648130016401397,4.591046375041566,missing
red4:lane3:snr6.0:seed4:frame56,6.0,56,cwz_joint,90,false,false,true,missing,false,true,gradient_only,8,726,0,2.566642751280738,9.356690105771706,missing
red4:lane3:snr6.0:seed4:frame57,6.0,57,cwz_joint,50,false,false,true,missing,false,true,gradient_only,8,573,0,4.293582664349352,8.24995930751002,missing
red4:lane3:snr6.0:seed4:frame58,6.0,58,cwz_joint,80,false,false,true,missing,false,true,gradient_only,8,640,0,0.6865149765116112,7.140280501124929,missing
red4:lane3:snr6.0:seed4:frame59,6.0,59,cwz_joint,42,false,false,true,missing,false,true,gradient_only,8,527,0,0.9594803399208935,3.1287198431803005,missing
red4:lane3:snr6.0:seed4:frame60,6.0,60,cwz_joint,95,false,false,true,missing,false,true,gradient_only,8,707,0,0.6298709857596863,3.0133961966538543,missing
red4:lane3:snr6.0:seed4:frame1,6.0,1,profiled_cz,36,false,false,false,missing,false,true,gradient_only,1,466,18,0.6857752173556861,2.886600124026149,missing
red4:lane3:snr6.0:seed4:frame2,6.0,2,profiled_cz,57,false,false,false,missing,false,true,gradient_only,1,535,24,0.7143094349294454,3.302819938405878,missing
red4:lane3:snr6.0:seed4:frame3,6.0,3,profiled_cz,48,false,false,false,missing,false,true,gradient_only,1,457,16,0.740377680403295,2.545890774576784,missing
red4:lane3:snr6.0:seed4:frame4,6.0,4,profiled_cz,71,false,false,false,missing,false,true,gradient_only,1,598,23,0.6618999345435124,3.9540647440006196,missing
red4:lane3:snr6.0:seed4:frame5,6.0,5,profiled_cz,93,false,false,false,missing,false,true,gradient_only,1,682,44,0.6353516287342393,2.8202804077777017,missing
red4:lane3:snr6.0:seed4:frame6,6.0,6,profiled_cz,105,false,false,false,missing,false,true,gradient_only,1,644,41,0.7476104980638539,3.783456286112394,missing
red4:lane3:snr6.0:seed4:frame7,6.0,7,profiled_cz,75,false,false,false,missing,false,true,gradient_only,1,557,23,0.9381522679145261,4.971411261976515,missing
red4:lane3:snr6.0:seed4:frame8,6.0,8,profiled_cz,34,false,false,false,missing,false,true,gradient_only,1,455,19,0.5288188370945353,1.880355306471821,missing
red4:lane3:snr6.0:seed4:frame9,6.0,9,profiled_cz,61,false,false,false,missing,false,true,gradient_only,1,631,32,1.0580540414852946,2.765036131199605,missing
red4:lane3:snr6.0:seed4:frame10,6.0,10,profiled_cz,61,false,false,false,missing,false,true,gradient_only,1,626,31,0.9371803243662534,2.7497207880963814,missing
red4:lane3:snr6.0:seed4:frame11,6.0,11,profiled_cz,62,false,false,false,missing,false,true,gradient_only,1,608,18,1.1667224641776062,2.4769514553254295,missing
red4:lane3:snr6.0:seed4:frame12,6.0,12,profiled_cz,53,false,false,false,missing,false,true,gradient_only,1,510,35,0.5484192987584102,2.5341282951768895,missing
red4:lane3:snr6.0:seed4:frame13,6.0,13,profiled_cz,101,false,false,false,missing,false,true,gradient_only,1,668,44,0.44176725982091847,3.698706806862452,missing
red4:lane3:snr6.0:seed4:frame14,6.0,14,profiled_cz,64,false,false,false,missing,false,true,gradient_only,1,563,13,1.2776358568139867,2.906131647323617,missing
red4:lane3:snr6.0:seed4:frame15,6.0,15,profiled_cz,66,false,false,false,missing,false,true,gradient_only,1,471,12,1.031851374780476,2.9753516221379623,missing
red4:lane3:snr6.0:seed4:frame16,6.0,16,profiled_cz,61,false,false,false,missing,false,true,gradient_only,1,539,19,0.7583015333400661,2.5524241945675064,missing
red4:lane3:snr6.0:seed4:frame17,6.0,17,profiled_cz,62,false,false,false,missing,false,true,gradient_only,1,570,17,0.782492669148442,4.334622944001131,missing
red4:lane3:snr6.0:seed4:frame18,6.0,18,profiled_cz,43,false,false,false,missing,false,true,gradient_only,1,511,21,0.8428980168411493,2.4681800806992973,missing
red4:lane3:snr6.0:seed4:frame19,6.0,19,profiled_cz,63,false,false,false,missing,false,true,gradient_only,1,577,17,1.8456914118124508,3.787470573799582,missing
red4:lane3:snr6.0:seed4:frame20,6.0,20,profiled_cz,87,false,false,false,missing,false,true,gradient_only,1,697,42,0.8245276170870367,9.850305551212681,missing
red4:lane3:snr6.0:seed4:frame21,6.0,21,profiled_cz,16,false,false,false,missing,false,true,gradient_only,1,447,6,1.550191811487381,2.4240763289654086,missing
red4:lane3:snr6.0:seed4:frame22,6.0,22,profiled_cz,66,false,false,false,missing,false,true,gradient_only,1,570,42,0.6080546056696076,2.5524611663422077,missing
red4:lane3:snr6.0:seed4:frame23,6.0,23,profiled_cz,68,false,false,false,missing,false,true,gradient_only,1,648,26,1.0862983771727839,3.346192573574505,missing
red4:lane3:snr6.0:seed4:frame24,6.0,24,profiled_cz,99,false,false,false,missing,false,true,gradient_only,1,762,46,0.8349697720258554,4.070082834538141,missing
red4:lane3:snr6.0:seed4:frame25,6.0,25,profiled_cz,52,false,false,false,missing,false,true,gradient_only,1,526,5,0.7849795088156958,3.414422710256669,missing
red4:lane3:snr6.0:seed4:frame26,6.0,26,profiled_cz,44,false,false,false,missing,false,true,gradient_only,1,439,5,0.6762895896404008,2.807116322716511,missing
red4:lane3:snr6.0:seed4:frame27,6.0,27,profiled_cz,45,false,false,false,missing,false,true,gradient_only,1,495,19,0.6366969657123448,3.536887850347307,missing
red4:lane3:snr6.0:seed4:frame28,6.0,28,profiled_cz,91,false,false,false,missing,false,true,gradient_only,1,743,39,0.7388323823049168,6.164148150437114,missing
red4:lane3:snr6.0:seed4:frame29,6.0,29,profiled_cz,28,false,false,false,missing,false,true,gradient_only,1,375,18,0.8739348240894456,1.6484882685100508,missing
red4:lane3:snr6.0:seed4:frame30,6.0,30,profiled_cz,68,false,false,false,missing,false,true,gradient_only,1,556,24,1.0591377118076675,3.5591627503667977,missing
red4:lane3:snr6.0:seed4:frame31,6.0,31,profiled_cz,72,false,false,false,missing,false,true,gradient_only,1,559,18,1.5684714842524274,2.3062531731539306,missing
red4:lane3:snr6.0:seed4:frame32,6.0,32,profiled_cz,106,false,false,false,missing,false,true,gradient_only,7,624,30,1.1172581445524987,3.0795055268037563,missing
red4:lane3:snr6.0:seed4:frame33,6.0,33,profiled_cz,74,false,false,false,missing,false,true,gradient_only,1,619,22,0.742009225144606,2.572723031088425,missing
red4:lane3:snr6.0:seed4:frame34,6.0,34,profiled_cz,55,false,false,false,missing,false,true,gradient_only,1,506,17,0.8145808635388033,3.0787140785360347,missing
red4:lane3:snr6.0:seed4:frame35,6.0,35,profiled_cz,55,false,false,false,missing,false,true,gradient_only,1,509,10,0.9362963421293339,3.7723708459977616,missing
red4:lane3:snr6.0:seed4:frame36,6.0,36,profiled_cz,29,false,false,false,missing,false,true,gradient_only,1,468,18,0.7054274552322866,2.1402224621545005,missing
red4:lane3:snr6.0:seed4:frame37,6.0,37,profiled_cz,58,false,false,false,missing,false,true,gradient_only,1,593,6,0.7846068095497047,3.715103426488395,missing
red4:lane3:snr6.0:seed4:frame38,6.0,38,profiled_cz,83,false,false,false,missing,false,true,gradient_only,2,644,17,1.2861170207925472,13.092854940296718,missing
red4:lane3:snr6.0:seed4:frame39,6.0,39,profiled_cz,56,false,false,false,missing,false,true,gradient_only,1,576,26,1.0729701957404738,4.107447984097876,missing
red4:lane3:snr6.0:seed4:frame40,6.0,40,profiled_cz,90,false,false,false,missing,false,true,gradient_only,1,610,28,1.1068283171133735,7.717294407864407,missing
red4:lane3:snr6.0:seed4:frame41,6.0,41,profiled_cz,56,false,false,false,missing,false,true,gradient_only,1,520,25,0.892946640489752,2.480249404320715,missing
red4:lane3:snr6.0:seed4:frame42,6.0,42,profiled_cz,65,false,false,false,missing,false,true,gradient_only,1,617,20,0.5203368142981383,2.7935937502574264,missing
red4:lane3:snr6.0:seed4:frame43,6.0,43,profiled_cz,44,false,false,false,missing,false,true,gradient_only,1,609,28,2.538791822808554,4.463063175888744,missing
red4:lane3:snr6.0:seed4:frame44,6.0,44,profiled_cz,48,false,false,false,missing,false,true,gradient_only,1,484,10,0.8624595277914646,3.299761317757907,missing
red4:lane3:snr6.0:seed4:frame45,6.0,45,profiled_cz,40,false,false,false,missing,false,true,gradient_only,1,485,27,0.7638875568949229,2.1617842097459707,missing
red4:lane3:snr6.0:seed4:frame46,6.0,46,profiled_cz,74,false,false,false,missing,false,true,gradient_only,1,598,13,0.8800529828879524,2.9419510919194156,missing
red4:lane3:snr6.0:seed4:frame47,6.0,47,profiled_cz,78,false,false,false,missing,false,true,gradient_only,1,652,24,3.2533602377335726,3.0672012722554367,missing
red4:lane3:snr6.0:seed4:frame48,6.0,48,profiled_cz,63,false,false,false,missing,false,true,gradient_only,1,539,12,0.6397672064761413,15.919159469183505,missing
red4:lane3:snr6.0:seed4:frame49,6.0,49,profiled_cz,54,false,false,false,missing,false,true,gradient_only,1,614,8,1.0902940334876108,3.144055068935228,missing
red4:lane3:snr6.0:seed4:frame50,6.0,50,profiled_cz,70,false,false,false,missing,false,true,gradient_only,1,555,26,0.6531652401533775,2.9247409973510847,missing
red4:lane3:snr6.0:seed4:frame51,6.0,51,profiled_cz,49,false,false,false,missing,false,true,gradient_only,1,514,17,1.3195315008451711,2.7834443277495784,missing
red4:lane3:snr6.0:seed4:frame52,6.0,52,profiled_cz,35,false,false,true,missing,false,true,gradient_only,1,447,0,0.6171060895486994,2.1417474783647035,missing
red4:lane3:snr6.0:seed4:frame53,6.0,53,profiled_cz,38,false,false,false,missing,false,true,gradient_only,1,457,4,0.6489666409190031,4.480614304369527,missing
red4:lane3:snr6.0:seed4:frame54,6.0,54,profiled_cz,20,false,false,false,missing,false,true,gradient_only,7,385,3,0.9187406783656558,3.422569568402112,missing
red4:lane3:snr6.0:seed4:frame55,6.0,55,profiled_cz,46,false,false,false,missing,false,true,gradient_only,1,515,20,0.648130016401397,2.5208381732689884,missing
red4:lane3:snr6.0:seed4:frame56,6.0,56,profiled_cz,90,false,false,false,missing,false,true,gradient_only,1,726,24,2.566642751280738,4.423488055491589,missing
red4:lane3:snr6.0:seed4:frame57,6.0,57,profiled_cz,50,false,false,false,missing,false,true,gradient_only,1,573,40,4.293582664349352,4.305910879640046,missing
red4:lane3:snr6.0:seed4:frame58,6.0,58,profiled_cz,81,false,false,false,missing,false,true,gradient_only,1,640,59,0.6865149765116112,3.208035152397529,missing
red4:lane3:snr6.0:seed4:frame59,6.0,59,profiled_cz,42,false,false,false,missing,false,true,gradient_only,1,527,3,0.9594803399208935,2.212171470318263,missing
red4:lane3:snr6.0:seed4:frame60,6.0,60,profiled_cz,95,false,false,false,missing,false,true,gradient_only,1,707,25,0.6298709857596863,2.7460821477039414,missing
red4:lane3:snr8.0:seed4:frame1,8.0,1,cwz_joint,12,false,false,true,missing,false,true,gradient_only,8,368,0,1.6167066171172522,8.966269521840147,missing
red4:lane3:snr8.0:seed4:frame2,8.0,2,cwz_joint,18,false,false,true,missing,false,true,gradient_only,8,432,0,1.1046047974203528,5.19082444612247,missing
red4:lane3:snr8.0:seed4:frame3,8.0,3,cwz_joint,13,false,false,true,missing,false,true,gradient_only,8,338,0,0.3811531501217762,6.286140595387511,missing
red4:lane3:snr8.0:seed4:frame4,8.0,4,cwz_joint,47,false,false,true,missing,false,true,gradient_only,8,512,0,0.5474406121570637,6.369898153693947,missing
red4:lane3:snr8.0:seed4:frame5,8.0,5,cwz_joint,35,false,false,true,missing,false,true,gradient_only,8,526,0,0.59489193834003,3.5144651594250083,missing
red4:lane3:snr8.0:seed4:frame6,8.0,6,cwz_joint,64,false,false,true,missing,false,true,gradient_only,8,537,0,0.6389735902987455,5.6776525680830545,missing
red4:lane3:snr8.0:seed4:frame7,8.0,7,cwz_joint,41,false,false,true,missing,false,true,gradient_only,8,421,0,1.0700295128026331,7.045460811420197,missing
red4:lane3:snr8.0:seed4:frame8,8.0,8,cwz_joint,15,false,false,true,missing,false,true,gradient_only,8,336,0,0.5095346928978395,4.851382488889385,missing
red4:lane3:snr8.0:seed4:frame9,8.0,9,cwz_joint,20,false,false,true,missing,false,true,gradient_only,8,465,0,0.6356169874700808,4.649460217651636,missing
red4:lane3:snr8.0:seed4:frame10,8.0,10,cwz_joint,24,false,false,true,missing,false,true,gradient_only,8,478,0,23.031057739638893,4.8095166277796,missing
red4:lane3:snr8.0:seed4:frame11,8.0,11,cwz_joint,20,false,false,true,missing,false,true,gradient_only,8,469,0,0.7813188442303137,4.78298393292689,missing
red4:lane3:snr8.0:seed4:frame12,8.0,12,cwz_joint,15,false,false,true,missing,false,true,gradient_only,8,439,0,0.7561775558123758,2.3623676783319953,missing
red4:lane3:snr8.0:seed4:frame13,8.0,13,cwz_joint,59,false,false,true,missing,false,true,gradient_only,8,557,0,0.4142215746058067,3.436173859288198,missing
red4:lane3:snr8.0:seed4:frame14,8.0,14,cwz_joint,46,false,false,true,missing,false,true,gradient_only,8,435,0,0.6737029972320082,6.059991645549245,missing
red4:lane3:snr8.0:seed4:frame15,8.0,15,cwz_joint,30,false,false,true,missing,false,true,gradient_only,8,368,0,0.4771358065179324,6.387233083391243,missing
red4:lane3:snr8.0:seed4:frame16,8.0,16,cwz_joint,21,false,false,true,missing,false,true,gradient_only,8,389,0,1.1109466990672427,6.105926762973816,missing
red4:lane3:snr8.0:seed4:frame17,8.0,17,cwz_joint,31,false,false,true,missing,false,true,gradient_only,8,450,0,0.6419331357645224,10.407185863740372,missing
red4:lane3:snr8.0:seed4:frame18,8.0,18,cwz_joint,20,false,false,true,missing,false,true,gradient_only,8,374,0,0.7342790081251667,6.8156898648076165,missing
red4:lane3:snr8.0:seed4:frame19,8.0,19,cwz_joint,32,false,false,true,missing,false,true,gradient_only,8,477,0,0.6072906612944932,7.448045628605838,missing
red4:lane3:snr8.0:seed4:frame20,8.0,20,cwz_joint,52,false,false,true,missing,false,true,gradient_only,8,551,0,0.4940632061694439,9.216734495066273,missing
red4:lane3:snr8.0:seed4:frame21,8.0,21,cwz_joint,5,false,false,true,missing,false,true,gradient_only,8,294,0,1.4330450283354403,5.833393281617281,missing
red4:lane3:snr8.0:seed4:frame22,8.0,22,cwz_joint,32,false,false,true,missing,false,true,gradient_only,8,425,0,0.3850629298651986,4.827163053791153,missing
red4:lane3:snr8.0:seed4:frame23,8.0,23,cwz_joint,33,false,false,true,missing,false,true,gradient_only,8,513,0,0.5990143639352898,3.7823762051167997,missing
red4:lane3:snr8.0:seed4:frame24,8.0,24,cwz_joint,69,false,false,true,missing,false,true,gradient_only,8,653,0,0.6583548566537908,7.845097132140399,missing
red4:lane3:snr8.0:seed4:frame25,8.0,25,cwz_joint,18,false,false,true,missing,false,true,gradient_only,8,400,0,1.5920832831727305,5.53445184927793,missing
red4:lane3:snr8.0:seed4:frame26,8.0,26,cwz_joint,7,false,false,true,missing,false,true,gradient_only,8,309,0,0.4449764059894016,6.943513736625211,missing
red4:lane3:snr8.0:seed4:frame27,8.0,27,cwz_joint,28,false,false,true,missing,false,true,gradient_only,8,407,0,0.4263886164281854,4.521712053110555,missing
red4:lane3:snr8.0:seed4:frame28,8.0,28,cwz_joint,51,false,false,true,missing,false,true,gradient_only,8,639,0,0.5137891691855573,8.049841555746692,missing
red4:lane3:snr8.0:seed4:frame29,8.0,29,cwz_joint,10,false,false,true,missing,false,true,gradient_only,8,261,0,0.4946320241472532,3.971164657422833,missing
red4:lane3:snr8.0:seed4:frame30,8.0,30,cwz_joint,24,false,false,true,missing,false,true,gradient_only,8,382,0,0.8191559066213305,7.011966631540343,missing
red4:lane3:snr8.0:seed4:frame31,8.0,31,cwz_joint,40,false,false,true,missing,false,true,gradient_only,8,448,0,0.655399151629576,4.188135140991065,missing
red4:lane3:snr8.0:seed4:frame32,8.0,32,cwz_joint,49,false,false,true,missing,false,true,gradient_only,8,497,0,1.4071520759795146,5.4245220785984065,missing
red4:lane3:snr8.0:seed4:frame33,8.0,33,cwz_joint,41,false,false,true,missing,false,true,gradient_only,8,525,0,0.537450902703894,4.754662506324499,missing
red4:lane3:snr8.0:seed4:frame34,8.0,34,cwz_joint,23,false,false,true,missing,false,true,gradient_only,8,411,0,2.1810126834953425,4.671491750484906,missing
red4:lane3:snr8.0:seed4:frame35,8.0,35,cwz_joint,12,false,false,true,missing,false,true,gradient_only,8,349,0,0.7636465434836119,5.352418021840611,missing
red4:lane3:snr8.0:seed4:frame36,8.0,36,cwz_joint,17,false,false,true,missing,false,true,gradient_only,8,325,0,0.5180068282967689,4.92943522754187,missing
red4:lane3:snr8.0:seed4:frame37,8.0,37,cwz_joint,29,false,false,true,missing,false,true,gradient_only,8,475,0,0.42916244446373253,4.4851108610830295,missing
red4:lane3:snr8.0:seed4:frame38,8.0,38,cwz_joint,56,false,false,true,missing,false,true,gradient_only,8,533,0,2.4550860141213273,11.02246256448835,missing
red4:lane3:snr8.0:seed4:frame39,8.0,39,cwz_joint,37,false,false,true,missing,false,true,gradient_only,8,479,0,1.5816901650268567,12.078652059301486,missing
red4:lane3:snr8.0:seed4:frame40,8.0,40,cwz_joint,61,false,false,true,missing,false,true,gradient_only,8,474,0,1.0924930391578573,12.87781921192321,missing
red4:lane3:snr8.0:seed4:frame41,8.0,41,cwz_joint,39,false,false,true,missing,false,true,gradient_only,8,442,0,0.5201733164549697,4.4166275387990055,missing
red4:lane3:snr8.0:seed4:frame42,8.0,42,cwz_joint,41,false,false,true,missing,false,true,gradient_only,8,523,0,0.4930489637324038,5.6763394536315195,missing
red4:lane3:snr8.0:seed4:frame43,8.0,43,cwz_joint,21,false,false,true,missing,false,true,gradient_only,8,470,0,0.6560411903478389,8.32348000330961,missing
red4:lane3:snr8.0:seed4:frame44,8.0,44,cwz_joint,18,false,false,true,missing,false,true,gradient_only,8,361,0,2.7206637902383197,7.613121774600155,missing
red4:lane3:snr8.0:seed4:frame45,8.0,45,cwz_joint,23,false,false,true,missing,false,true,gradient_only,8,482,0,0.578105712037602,4.833014656325758,missing
red4:lane3:snr8.0:seed4:frame46,8.0,46,cwz_joint,43,false,false,true,missing,false,true,gradient_only,8,513,0,1.1302250759002164,5.681452628649171,missing
red4:lane3:snr8.0:seed4:frame47,8.0,47,cwz_joint,41,false,false,true,missing,false,true,gradient_only,8,520,0,0.773115445474591,6.79023416393604,missing
red4:lane3:snr8.0:seed4:frame48,8.0,48,cwz_joint,34,false,false,true,missing,false,true,gradient_only,8,440,0,0.5256082306725341,3.7364736276904456,missing
red4:lane3:snr8.0:seed4:frame49,8.0,49,cwz_joint,36,false,false,true,missing,false,true,gradient_only,8,505,0,0.5294025866672222,4.742378466279765,missing
red4:lane3:snr8.0:seed4:frame50,8.0,50,cwz_joint,38,false,false,true,missing,false,true,gradient_only,8,432,0,9.28671320106545,4.101857144467493,missing
red4:lane3:snr8.0:seed4:frame51,8.0,51,cwz_joint,29,false,false,true,missing,false,true,gradient_only,8,398,0,0.702744290916494,5.6425263776457095,missing
red4:lane3:snr8.0:seed4:frame52,8.0,52,cwz_joint,13,false,false,true,missing,false,true,gradient_only,8,359,0,0.49947534241204716,5.430381490655582,missing
red4:lane3:snr8.0:seed4:frame53,8.0,53,cwz_joint,26,false,false,true,missing,false,true,gradient_only,8,382,0,1.6166023048982805,7.720230522218884,missing
red4:lane3:snr8.0:seed4:frame54,8.0,54,cwz_joint,8,false,false,true,missing,false,true,gradient_only,8,289,0,0.8392952707341599,9.103553160432488,missing
red4:lane3:snr8.0:seed4:frame55,8.0,55,cwz_joint,21,false,false,true,missing,false,true,gradient_only,8,408,0,0.5975608104117661,3.943956072893937,missing
red4:lane3:snr8.0:seed4:frame56,8.0,56,cwz_joint,51,false,false,true,missing,false,true,gradient_only,8,626,0,1.2990989109895474,7.377638008295063,missing
red4:lane3:snr8.0:seed4:frame57,8.0,57,cwz_joint,17,false,false,true,missing,false,true,gradient_only,8,465,0,0.5653847661681134,6.98671578878721,missing
red4:lane3:snr8.0:seed4:frame58,8.0,58,cwz_joint,44,false,false,true,missing,false,true,gradient_only,8,518,0,0.6522882965555941,5.851291834980767,missing
red4:lane3:snr8.0:seed4:frame59,8.0,59,cwz_joint,22,false,false,true,missing,false,true,gradient_only,8,434,0,0.51083990767508,2.6226954326093073,missing
red4:lane3:snr8.0:seed4:frame60,8.0,60,cwz_joint,46,false,false,true,missing,false,true,gradient_only,8,549,0,0.6621595720757126,2.533449002590272,missing
red4:lane3:snr8.0:seed4:frame1,8.0,1,profiled_cz,12,false,false,false,missing,false,true,gradient_only,1,368,6,1.6167066171172522,2.516884389977788,missing
red4:lane3:snr8.0:seed4:frame2,8.0,2,profiled_cz,18,false,false,false,missing,false,true,gradient_only,1,432,10,1.1046047974203528,2.587643180754744,missing
red4:lane3:snr8.0:seed4:frame3,8.0,3,profiled_cz,13,false,false,false,missing,false,true,gradient_only,1,338,3,0.3811531501217762,2.0229771558722236,missing
red4:lane3:snr8.0:seed4:frame4,8.0,4,profiled_cz,47,false,false,false,missing,false,true,gradient_only,1,512,17,0.5474406121570637,3.054075879234818,missing
red4:lane3:snr8.0:seed4:frame5,8.0,5,profiled_cz,35,false,false,false,missing,false,true,gradient_only,1,526,3,0.59489193834003,2.177363586838072,missing
red4:lane3:snr8.0:seed4:frame6,8.0,6,profiled_cz,63,false,false,false,missing,false,true,gradient_only,1,537,20,0.6389735902987455,2.9159022029616835,missing
red4:lane3:snr8.0:seed4:frame7,8.0,7,profiled_cz,41,false,false,false,missing,false,true,gradient_only,1,421,4,1.0700295128026331,3.4534930569112605,missing
red4:lane3:snr8.0:seed4:frame8,8.0,8,profiled_cz,15,false,false,true,missing,false,true,gradient_only,1,336,0,0.5095346928978395,1.5053261661335633,missing
red4:lane3:snr8.0:seed4:frame9,8.0,9,profiled_cz,20,false,false,false,missing,false,true,gradient_only,1,465,18,0.6356169874700808,2.1790954360242867,missing
red4:lane3:snr8.0:seed4:frame10,8.0,10,profiled_cz,24,false,false,false,missing,false,true,gradient_only,1,478,12,23.031057739638893,2.376849383684008,missing
red4:lane3:snr8.0:seed4:frame11,8.0,11,profiled_cz,20,false,false,false,missing,false,true,gradient_only,1,469,2,0.7813188442303137,2.0539542806109834,missing
red4:lane3:snr8.0:seed4:frame12,8.0,12,profiled_cz,15,false,false,false,missing,false,true,gradient_only,1,439,18,0.7561775558123758,2.1399284774752116,missing
red4:lane3:snr8.0:seed4:frame13,8.0,13,profiled_cz,59,false,false,false,missing,false,true,gradient_only,1,557,18,0.4142215746058067,3.2065875535715564,missing
red4:lane3:snr8.0:seed4:frame14,8.0,14,profiled_cz,46,false,false,false,missing,false,true,gradient_only,1,435,16,0.6737029972320082,2.359065159935758,missing
red4:lane3:snr8.0:seed4:frame15,8.0,15,profiled_cz,30,false,false,false,missing,false,true,gradient_only,1,368,12,0.4771358065179324,2.3746481102243804,missing
red4:lane3:snr8.0:seed4:frame16,8.0,16,profiled_cz,21,false,false,false,missing,false,true,gradient_only,1,389,3,1.1109466990672427,1.9250714230905155,missing
red4:lane3:snr8.0:seed4:frame17,8.0,17,profiled_cz,31,false,false,false,missing,false,true,gradient_only,1,450,4,0.6419331357645224,3.4953613255294957,missing
red4:lane3:snr8.0:seed4:frame18,8.0,18,profiled_cz,20,false,false,false,missing,false,true,gradient_only,1,374,3,0.7342790081251667,1.9891788084652196,missing
red4:lane3:snr8.0:seed4:frame19,8.0,19,profiled_cz,32,false,false,false,missing,false,true,gradient_only,1,477,13,0.6072906612944932,2.8148308683685666,missing
red4:lane3:snr8.0:seed4:frame20,8.0,20,profiled_cz,52,false,false,false,missing,false,true,gradient_only,1,551,32,0.4940632061694439,9.86961522473736,missing
red4:lane3:snr8.0:seed4:frame21,8.0,21,profiled_cz,5,false,false,false,missing,false,true,gradient_only,1,294,2,1.4330450283354403,1.9548021880588973,missing
red4:lane3:snr8.0:seed4:frame22,8.0,22,profiled_cz,32,false,false,false,missing,false,true,gradient_only,1,425,18,0.3850629298651986,1.9963125243962563,missing
red4:lane3:snr8.0:seed4:frame23,8.0,23,profiled_cz,32,false,false,false,missing,false,true,gradient_only,1,513,11,0.5990143639352898,2.438694561259277,missing
red4:lane3:snr8.0:seed4:frame24,8.0,24,profiled_cz,68,false,false,false,missing,false,true,gradient_only,1,653,26,0.6583548566537908,3.0583968660085437,missing
red4:lane3:snr8.0:seed4:frame25,8.0,25,profiled_cz,18,false,false,false,missing,false,true,gradient_only,1,400,10,1.5920832831727305,2.430023696946935,missing
red4:lane3:snr8.0:seed4:frame26,8.0,26,profiled_cz,7,false,false,true,missing,false,true,gradient_only,1,309,0,0.4449764059894016,2.3409501095255214,missing
red4:lane3:snr8.0:seed4:frame27,8.0,27,profiled_cz,28,false,false,false,missing,false,true,gradient_only,1,407,3,0.4263886164281854,2.695647628487508,missing
red4:lane3:snr8.0:seed4:frame28,8.0,28,profiled_cz,51,false,false,false,missing,false,true,gradient_only,1,639,23,0.5137891691855573,4.243226748915346,missing
red4:lane3:snr8.0:seed4:frame29,8.0,29,profiled_cz,10,false,false,false,missing,false,true,gradient_only,1,261,2,0.4946320241472532,1.2822397950660986,missing
red4:lane3:snr8.0:seed4:frame30,8.0,30,profiled_cz,24,false,false,false,missing,false,true,gradient_only,1,382,9,0.8191559066213305,2.6855233283536166,missing
red4:lane3:snr8.0:seed4:frame31,8.0,31,profiled_cz,40,false,false,false,missing,false,true,gradient_only,1,448,6,0.655399151629576,1.8677435006013907,missing
red4:lane3:snr8.0:seed4:frame32,8.0,32,profiled_cz,49,false,false,false,missing,false,true,gradient_only,1,497,16,1.4071520759795146,2.4580390219070534,missing
red4:lane3:snr8.0:seed4:frame33,8.0,33,profiled_cz,41,false,false,false,missing,false,true,gradient_only,1,525,17,0.537450902703894,2.2419523611067294,missing
red4:lane3:snr8.0:seed4:frame34,8.0,34,profiled_cz,23,false,false,false,missing,false,true,gradient_only,1,411,5,2.1810126834953425,2.5555978295614903,missing
red4:lane3:snr8.0:seed4:frame35,8.0,35,profiled_cz,12,false,false,false,missing,false,true,gradient_only,1,349,14,0.7636465434836119,2.9208173625963303,missing
red4:lane3:snr8.0:seed4:frame36,8.0,36,profiled_cz,16,false,false,false,missing,false,true,gradient_only,1,325,5,0.5180068282967689,1.771601731191938,missing
red4:lane3:snr8.0:seed4:frame37,8.0,37,profiled_cz,29,false,false,false,missing,false,true,gradient_only,1,475,8,0.42916244446373253,2.835476847025345,missing
red4:lane3:snr8.0:seed4:frame38,8.0,38,profiled_cz,56,false,false,false,missing,false,true,gradient_only,3,533,1,2.4550860141213273,10.721965924980395,missing
red4:lane3:snr8.0:seed4:frame39,8.0,39,profiled_cz,37,false,false,false,missing,false,true,gradient_only,1,479,13,1.5816901650268567,3.4416069132938487,missing
red4:lane3:snr8.0:seed4:frame40,8.0,40,profiled_cz,61,false,false,false,missing,false,true,gradient_only,1,474,20,1.0924930391578573,6.3637982282907135,missing
red4:lane3:snr8.0:seed4:frame41,8.0,41,profiled_cz,39,false,false,false,missing,false,true,gradient_only,1,442,13,0.5201733164549697,1.9365705636884947,missing
red4:lane3:snr8.0:seed4:frame42,8.0,42,profiled_cz,41,false,false,false,missing,false,true,gradient_only,1,523,23,0.4930489637324038,2.269583446158016,missing
red4:lane3:snr8.0:seed4:frame43,8.0,43,profiled_cz,21,false,false,true,missing,false,true,gradient_only,1,470,0,0.6560411903478389,3.4138521591474937,missing
red4:lane3:snr8.0:seed4:frame44,8.0,44,profiled_cz,17,false,false,false,missing,false,true,gradient_only,1,361,6,2.7206637902383197,2.5759480770717116,missing
red4:lane3:snr8.0:seed4:frame45,8.0,45,profiled_cz,23,false,false,false,missing,false,true,gradient_only,1,482,35,0.578105712037602,1.9484273458128714,missing
red4:lane3:snr8.0:seed4:frame46,8.0,46,profiled_cz,43,false,false,false,missing,false,true,gradient_only,1,513,17,1.1302250759002164,2.4069399655611945,missing
red4:lane3:snr8.0:seed4:frame47,8.0,47,profiled_cz,41,false,false,false,missing,false,true,gradient_only,1,520,1,0.773115445474591,2.43715302715388,missing
red4:lane3:snr8.0:seed4:frame48,8.0,48,profiled_cz,34,false,false,false,missing,false,true,gradient_only,1,440,10,0.5256082306725341,10.720065096396228,missing
red4:lane3:snr8.0:seed4:frame49,8.0,49,profiled_cz,36,false,false,true,missing,false,true,gradient_only,1,505,0,0.5294025866672222,2.6425427781323063,missing
red4:lane3:snr8.0:seed4:frame50,8.0,50,profiled_cz,38,false,false,false,missing,false,true,gradient_only,1,432,21,9.28671320106545,2.485136946671526,missing
red4:lane3:snr8.0:seed4:frame51,8.0,51,profiled_cz,29,false,false,false,missing,false,true,gradient_only,1,398,8,0.702744290916494,2.1401636316921464,missing
red4:lane3:snr8.0:seed4:frame52,8.0,52,profiled_cz,13,false,false,false,missing,false,true,gradient_only,1,359,5,0.49947534241204716,1.794548527097135,missing
red4:lane3:snr8.0:seed4:frame53,8.0,53,profiled_cz,26,false,false,false,missing,false,true,gradient_only,1,382,3,1.6166023048982805,3.059937290950528,missing
red4:lane3:snr8.0:seed4:frame54,8.0,54,profiled_cz,8,false,false,false,missing,false,true,gradient_only,1,289,9,0.8392952707341599,2.4593930578089465,missing
red4:lane3:snr8.0:seed4:frame55,8.0,55,profiled_cz,21,false,false,false,missing,false,true,gradient_only,1,408,12,0.5975608104117661,1.9774646062988375,missing
red4:lane3:snr8.0:seed4:frame56,8.0,56,profiled_cz,52,false,false,false,missing,false,true,gradient_only,1,626,18,1.2990989109895474,3.5143425090044653,missing
red4:lane3:snr8.0:seed4:frame57,8.0,57,profiled_cz,17,false,false,false,missing,false,true,gradient_only,1,465,2,0.5653847661681134,3.1534820346057875,missing
red4:lane3:snr8.0:seed4:frame58,8.0,58,profiled_cz,44,false,false,false,missing,false,true,gradient_only,1,518,27,0.6522882965555941,2.5490247109718993,missing
red4:lane3:snr8.0:seed4:frame59,8.0,59,profiled_cz,22,false,false,false,missing,false,true,gradient_only,1,434,5,0.51083990767508,1.8021649634795405,missing
red4:lane3:snr8.0:seed4:frame60,8.0,60,profiled_cz,46,false,false,false,missing,false,true,gradient_only,1,549,19,0.6621595720757126,2.2825106242631654,missing
red4:lane3:snr10.0:seed4:frame1,10.0,1,cwz_joint,5,false,false,true,missing,false,true,gradient_only,8,268,0,0.46984829095492814,8.46830397156243,missing
red4:lane3:snr10.0:seed4:frame2,10.0,2,cwz_joint,7,false,false,true,missing,false,true,gradient_only,8,337,0,0.6810085736660394,4.726768072794452,missing
red4:lane3:snr10.0:seed4:frame3,10.0,3,cwz_joint,8,false,false,true,missing,false,true,gradient_only,8,255,0,0.41686690141933347,5.526372029458613,missing
red4:lane3:snr10.0:seed4:frame4,10.0,4,cwz_joint,34,false,false,true,missing,false,true,gradient_only,8,412,0,0.5048755329889355,5.214326822868017,missing
red4:lane3:snr10.0:seed4:frame5,10.0,5,cwz_joint,17,false,false,true,missing,false,true,gradient_only,8,409,0,1.1758826071799455,3.0654045635685416,missing
red4:lane3:snr10.0:seed4:frame6,10.0,6,cwz_joint,35,false,false,true,missing,false,true,gradient_only,8,418,0,0.7353549383994894,4.850910347320219,missing
red4:lane3:snr10.0:seed4:frame7,10.0,7,cwz_joint,27,false,false,true,missing,false,true,gradient_only,8,355,0,0.8039382178005922,6.274164372096609,missing
red4:lane3:snr10.0:seed4:frame8,10.0,8,cwz_joint,6,false,false,true,missing,false,true,gradient_only,8,229,0,0.4922356227149676,4.325017612602805,missing
red4:lane3:snr10.0:seed4:frame9,10.0,9,cwz_joint,9,false,false,true,missing,false,true,gradient_only,8,363,0,0.5113959279949679,3.9041781143524035,missing
red4:lane3:snr10.0:seed4:frame10,10.0,10,cwz_joint,11,false,false,true,missing,false,true,gradient_only,8,392,0,0.4083931300236561,4.088874524042729,missing
red4:lane3:snr10.0:seed4:frame11,10.0,11,cwz_joint,10,false,false,true,missing,false,true,gradient_only,8,385,0,0.8019804246901444,4.163935874752988,missing
red4:lane3:snr10.0:seed4:frame12,10.0,12,cwz_joint,8,false,false,true,missing,false,true,gradient_only,8,359,0,0.36930586224103457,2.1653835068902585,missing
red4:lane3:snr10.0:seed4:frame13,10.0,13,cwz_joint,23,false,false,true,missing,false,true,gradient_only,8,437,0,0.34497712479648523,2.9873598847052016,missing
red4:lane3:snr10.0:seed4:frame14,10.0,14,cwz_joint,24,false,false,true,missing,false,true,gradient_only,8,351,0,0.8729349082188035,5.218008024697083,missing
red4:lane3:snr10.0:seed4:frame15,10.0,15,cwz_joint,17,false,false,true,missing,false,true,gradient_only,8,301,0,0.8446011384837676,5.533367089308107,missing
red4:lane3:snr10.0:seed4:frame16,10.0,16,cwz_joint,7,false,false,true,missing,false,true,gradient_only,8,281,0,0.6581096189857021,5.3562581300172765,missing
red4:lane3:snr10.0:seed4:frame17,10.0,17,cwz_joint,16,false,false,true,missing,false,true,gradient_only,8,330,0,0.5091353648301982,10.174312085310802,missing
red4:lane3:snr10.0:seed4:frame18,10.0,18,cwz_joint,8,false,false,true,missing,false,true,gradient_only,8,275,0,0.8819101629583093,5.778739717336833,missing
red4:lane3:snr10.0:seed4:frame19,10.0,19,cwz_joint,15,false,false,true,missing,false,true,gradient_only,8,389,0,0.3397360255650493,6.205731049079411,missing
red4:lane3:snr10.0:seed4:frame20,10.0,20,cwz_joint,32,false,false,true,missing,false,true,gradient_only,8,508,0,0.3212138059384601,7.85786217734373,missing
red4:lane3:snr10.0:seed4:frame21,10.0,21,cwz_joint,2,false,false,true,missing,false,true,gradient_only,8,240,0,0.6261483795184772,5.157499489816814,missing
red4:lane3:snr10.0:seed4:frame22,10.0,22,cwz_joint,14,false,false,true,missing,false,true,gradient_only,8,331,0,0.40176556140281094,4.125843119452888,missing
red4:lane3:snr10.0:seed4:frame23,10.0,23,cwz_joint,13,false,false,true,missing,false,true,gradient_only,8,395,0,0.4128527373980228,3.205055519570862,missing
red4:lane3:snr10.0:seed4:frame24,10.0,24,cwz_joint,47,false,false,true,missing,false,true,gradient_only,8,538,0,0.5182262346308,6.237598783870467,missing
red4:lane3:snr10.0:seed4:frame25,10.0,25,cwz_joint,6,false,false,true,missing,false,true,gradient_only,8,288,0,0.4743085225734274,4.679309264675214,missing
red4:lane3:snr10.0:seed4:frame26,10.0,26,cwz_joint,2,false,false,true,missing,false,true,gradient_only,8,221,0,0.4958343783654604,6.614265387130381,missing
red4:lane3:snr10.0:seed4:frame27,10.0,27,cwz_joint,14,false,false,true,missing,false,true,gradient_only,8,337,0,0.6215248089073723,3.8484323144092496,missing
red4:lane3:snr10.0:seed4:frame28,10.0,28,cwz_joint,35,false,false,true,missing,false,true,gradient_only,8,552,0,0.5069300740663484,6.327832248779568,missing
red4:lane3:snr10.0:seed4:frame29,10.0,29,cwz_joint,4,false,false,true,missing,false,true,gradient_only,8,172,0,0.3734509158027089,3.4570186787356314,missing
red4:lane3:snr10.0:seed4:frame30,10.0,30,cwz_joint,10,false,false,true,missing,false,true,gradient_only,8,265,0,0.6682480062894104,6.080736852563355,missing
red4:lane3:snr10.0:seed4:frame31,10.0,31,cwz_joint,18,false,false,true,missing,false,true,gradient_only,8,361,0,0.37810780326482285,3.612682140944692,missing
red4:lane3:snr10.0:seed4:frame32,10.0,32,cwz_joint,29,false,false,true,missing,false,true,gradient_only,8,398,0,0.3858910078658509,4.579104298899002,missing
red4:lane3:snr10.0:seed4:frame33,10.0,33,cwz_joint,23,false,false,true,missing,false,true,gradient_only,8,417,0,0.5203389014099535,4.084916586954869,missing
red4:lane3:snr10.0:seed4:frame34,10.0,34,cwz_joint,12,false,false,true,missing,false,true,gradient_only,8,338,0,0.5325660104471215,4.096723364500146,missing
red4:lane3:snr10.0:seed4:frame35,10.0,35,cwz_joint,5,false,false,true,missing,false,true,gradient_only,8,240,0,0.4442499693365283,4.805835366046472,missing
red4:lane3:snr10.0:seed4:frame36,10.0,36,cwz_joint,5,false,false,true,missing,false,true,gradient_only,8,236,0,1.2691547645285126,4.449685449493345,missing
red4:lane3:snr10.0:seed4:frame37,10.0,37,cwz_joint,19,false,false,true,missing,false,true,gradient_only,8,381,0,0.3309491938273013,3.8914996705077276,missing
red4:lane3:snr10.0:seed4:frame38,10.0,38,cwz_joint,30,false,false,true,missing,false,true,gradient_only,8,450,0,0.49036189984968687,11.090995313260864,missing
red4:lane3:snr10.0:seed4:frame39,10.0,39,cwz_joint,22,false,false,true,missing,false,true,gradient_only,8,399,0,0.6957647127213481,11.077179853693199,missing
red4:lane3:snr10.0:seed4:frame40,10.0,40,cwz_joint,41,false,false,true,missing,false,true,gradient_only,8,403,0,0.8068753284788703,11.772585966857799,missing
red4:lane3:snr10.0:seed4:frame41,10.0,41,cwz_joint,26,false,false,true,missing,false,true,gradient_only,8,326,0,0.43554699937668856,3.794619180946324,missing
red4:lane3:snr10.0:seed4:frame42,10.0,42,cwz_joint,18,false,false,true,missing,false,true,gradient_only,8,431,0,1.273301633950253,4.856184477281225,missing
red4:lane3:snr10.0:seed4:frame43,10.0,43,cwz_joint,13,false,false,true,missing,false,true,gradient_only,8,385,0,1.0893440267630836,7.2892497312300755,missing
red4:lane3:snr10.0:seed4:frame44,10.0,44,cwz_joint,3,false,false,true,missing,false,true,gradient_only,8,266,0,0.4063135719183518,6.465047831277576,missing
red4:lane3:snr10.0:seed4:frame45,10.0,45,cwz_joint,9,false,false,true,missing,false,true,gradient_only,8,342,0,0.3459520310472754,3.9320876324062963,missing
red4:lane3:snr10.0:seed4:frame46,10.0,46,cwz_joint,25,false,false,true,missing,false,true,gradient_only,8,410,0,0.7818280485089651,4.760392308631483,missing
red4:lane3:snr10.0:seed4:frame47,10.0,47,cwz_joint,24,false,false,true,missing,false,true,gradient_only,8,422,0,0.5710671789187887,5.861996647096938,missing
red4:lane3:snr10.0:seed4:frame48,10.0,48,cwz_joint,21,false,false,true,missing,false,true,gradient_only,8,328,0,0.4537035673014003,3.128622271730479,missing
red4:lane3:snr10.0:seed4:frame49,10.0,49,cwz_joint,22,false,false,true,missing,false,true,gradient_only,8,456,0,0.40591068775529465,4.045094353845351,missing
red4:lane3:snr10.0:seed4:frame50,10.0,50,cwz_joint,20,false,false,true,missing,false,true,gradient_only,8,340,0,11.756772475363487,3.91379831590514,missing
red4:lane3:snr10.0:seed4:frame51,10.0,51,cwz_joint,12,false,false,true,missing,false,true,gradient_only,8,276,0,0.6704126596139075,4.7072150803294655,missing
red4:lane3:snr10.0:seed4:frame52,10.0,52,cwz_joint,4,false,false,true,missing,false,true,gradient_only,8,270,0,0.31559168430928813,4.745260514131655,missing
red4:lane3:snr10.0:seed4:frame53,10.0,53,cwz_joint,12,false,false,true,missing,false,true,gradient_only,8,289,0,0.48665787472943084,7.23337162793075,missing
red4:lane3:snr10.0:seed4:frame54,10.0,54,cwz_joint,6,false,false,true,missing,false,true,gradient_only,8,231,0,0.5029121996729321,7.923399847233694,missing
red4:lane3:snr10.0:seed4:frame55,10.0,55,cwz_joint,10,false,false,true,missing,false,true,gradient_only,8,347,0,0.4117747631410603,3.4684548813599028,missing
red4:lane3:snr10.0:seed4:frame56,10.0,56,cwz_joint,38,false,false,true,missing,false,true,gradient_only,8,503,0,0.7428808590388732,5.95336545895743,missing
red4:lane3:snr10.0:seed4:frame57,10.0,57,cwz_joint,4,false,false,true,missing,false,true,gradient_only,8,321,0,0.38122941177627456,5.995894237043546,missing
red4:lane3:snr10.0:seed4:frame58,10.0,58,cwz_joint,24,false,false,true,missing,false,true,gradient_only,8,454,0,0.4591437745767644,4.944407133151812,missing
red4:lane3:snr10.0:seed4:frame59,10.0,59,cwz_joint,11,false,false,true,missing,false,true,gradient_only,8,325,0,0.3767804838555292,2.2767323870092833,missing
red4:lane3:snr10.0:seed4:frame60,10.0,60,cwz_joint,27,false,false,true,missing,false,true,gradient_only,8,467,0,0.4899760245262175,2.213163453266431,missing
red4:lane3:snr10.0:seed4:frame1,10.0,1,profiled_cz,5,false,false,false,missing,false,true,gradient_only,1,268,11,0.46984829095492814,2.235412904517971,missing
red4:lane3:snr10.0:seed4:frame2,10.0,2,profiled_cz,7,false,false,true,missing,false,true,gradient_only,1,337,0,0.6810085736660394,2.0358493828059667,missing
red4:lane3:snr10.0:seed4:frame3,10.0,3,profiled_cz,8,false,false,true,missing,false,true,gradient_only,1,255,0,0.41686690141933347,1.7605274793226564,missing
red4:lane3:snr10.0:seed4:frame4,10.0,4,profiled_cz,34,false,false,false,missing,false,true,gradient_only,1,412,12,0.5048755329889355,2.734604271856357,missing
red4:lane3:snr10.0:seed4:frame5,10.0,5,profiled_cz,17,false,false,false,missing,false,true,gradient_only,1,409,3,1.1758826071799455,1.8360324344943166,missing
red4:lane3:snr10.0:seed4:frame6,10.0,6,profiled_cz,35,false,false,false,missing,false,true,gradient_only,1,418,2,0.7353549383994894,2.460169261773119,missing
red4:lane3:snr10.0:seed4:frame7,10.0,7,profiled_cz,27,false,false,false,missing,false,true,gradient_only,1,355,11,0.8039382178005922,2.656003882145186,missing
red4:lane3:snr10.0:seed4:frame8,10.0,8,profiled_cz,6,false,false,false,missing,false,true,gradient_only,1,229,2,0.4922356227149676,1.2441948246744121,missing
red4:lane3:snr10.0:seed4:frame9,10.0,9,profiled_cz,9,false,false,false,missing,false,true,gradient_only,1,363,5,0.5113959279949679,1.6889498634276208,missing
red4:lane3:snr10.0:seed4:frame10,10.0,10,profiled_cz,11,false,false,false,missing,false,true,gradient_only,1,392,2,0.4083931300236561,2.0143479264799113,missing
red4:lane3:snr10.0:seed4:frame11,10.0,11,profiled_cz,10,false,false,true,missing,false,true,gradient_only,1,385,0,0.8019804246901444,1.7169811219267457,missing
red4:lane3:snr10.0:seed4:frame12,10.0,12,profiled_cz,8,false,false,false,missing,false,true,gradient_only,1,359,7,0.36930586224103457,1.7873832212493828,missing
red4:lane3:snr10.0:seed4:frame13,10.0,13,profiled_cz,23,false,false,false,missing,false,true,gradient_only,1,437,13,0.34497712479648523,2.917732709425305,missing
red4:lane3:snr10.0:seed4:frame14,10.0,14,profiled_cz,24,false,false,true,missing,false,true,gradient_only,1,351,0,0.8729349082188035,1.9092520404375148,missing
red4:lane3:snr10.0:seed4:frame15,10.0,15,profiled_cz,17,false,false,false,missing,false,true,gradient_only,1,301,9,0.8446011384837676,2.029211764273754,missing
red4:lane3:snr10.0:seed4:frame16,10.0,16,profiled_cz,7,false,false,true,missing,false,true,gradient_only,1,281,0,0.6581096189857021,1.6331547061401472,missing
red4:lane3:snr10.0:seed4:frame17,10.0,17,profiled_cz,16,false,false,true,missing,false,true,gradient_only,1,330,0,0.5091353648301982,2.8452006861399224,missing
red4:lane3:snr10.0:seed4:frame18,10.0,18,profiled_cz,8,false,false,true,missing,false,true,gradient_only,1,275,0,0.8819101629583093,1.7644930362909064,missing
red4:lane3:snr10.0:seed4:frame19,10.0,19,profiled_cz,15,false,false,true,missing,false,true,gradient_only,1,389,0,0.3397360255650493,2.697735071206785,missing
red4:lane3:snr10.0:seed4:frame20,10.0,20,profiled_cz,33,false,false,false,missing,false,true,gradient_only,1,508,20,0.3212138059384601,7.473607960891197,missing
red4:lane3:snr10.0:seed4:frame21,10.0,21,profiled_cz,2,false,false,false,missing,false,true,gradient_only,1,240,2,0.6261483795184772,1.5327107312560575,missing
red4:lane3:snr10.0:seed4:frame22,10.0,22,profiled_cz,14,false,false,false,missing,false,true,gradient_only,1,331,8,0.40176556140281094,1.7166497492815629,missing
red4:lane3:snr10.0:seed4:frame23,10.0,23,profiled_cz,13,false,false,true,missing,false,true,gradient_only,1,395,0,0.4128527373980228,2.068199538030939,missing
red4:lane3:snr10.0:seed4:frame24,10.0,24,profiled_cz,47,false,false,false,missing,false,true,gradient_only,1,538,17,0.5182262346308,2.4572851927681527,missing
red4:lane3:snr10.0:seed4:frame25,10.0,25,profiled_cz,6,false,false,false,missing,false,true,gradient_only,1,288,3,0.4743085225734274,1.7804783919915403,missing
red4:lane3:snr10.0:seed4:frame26,10.0,26,profiled_cz,2,false,false,true,missing,false,true,gradient_only,1,221,0,0.4958343783654604,1.9543380559329944,missing
red4:lane3:snr10.0:seed4:frame27,10.0,27,profiled_cz,14,false,false,false,missing,false,true,gradient_only,1,337,6,0.6215248089073723,2.1787865370601107,missing
red4:lane3:snr10.0:seed4:frame28,10.0,28,profiled_cz,35,false,false,false,missing,false,true,gradient_only,1,552,18,0.5069300740663484,3.214907381846292,missing
red4:lane3:snr10.0:seed4:frame29,10.0,29,profiled_cz,4,false,false,false,missing,false,true,gradient_only,1,172,2,0.3734509158027089,1.0469013880634177,missing
red4:lane3:snr10.0:seed4:frame30,10.0,30,profiled_cz,10,false,false,true,missing,false,true,gradient_only,1,265,0,0.6682480062894104,2.154556412352328,missing
red4:lane3:snr10.0:seed4:frame31,10.0,31,profiled_cz,18,false,false,false,missing,false,true,gradient_only,1,361,3,0.37810780326482285,1.56378722735791,missing
red4:lane3:snr10.0:seed4:frame32,10.0,32,profiled_cz,29,false,false,false,missing,false,true,gradient_only,1,398,8,0.3858910078658509,2.106597508649435,missing
red4:lane3:snr10.0:seed4:frame33,10.0,33,profiled_cz,23,false,false,false,missing,false,true,gradient_only,1,417,8,0.5203389014099535,1.894880002879562,missing
red4:lane3:snr10.0:seed4:frame34,10.0,34,profiled_cz,12,false,false,false,missing,false,true,gradient_only,1,338,8,0.5325660104471215,2.0089187335590597,missing
red4:lane3:snr10.0:seed4:frame35,10.0,35,profiled_cz,5,false,false,false,missing,false,true,gradient_only,1,240,6,0.4442499693365283,2.1484401637459727,missing
red4:lane3:snr10.0:seed4:frame36,10.0,36,profiled_cz,5,false,false,true,missing,false,true,gradient_only,1,236,0,1.2691547645285126,1.4892013959715065,missing
red4:lane3:snr10.0:seed4:frame37,10.0,37,profiled_cz,19,false,false,false,missing,false,true,gradient_only,1,381,6,0.3309491938273013,2.237891517489605,missing
red4:lane3:snr10.0:seed4:frame38,10.0,38,profiled_cz,30,false,false,false,missing,false,true,gradient_only,1,450,5,0.49036189984968687,8.420275219488303,missing
red4:lane3:snr10.0:seed4:frame39,10.0,39,profiled_cz,22,false,false,false,missing,false,true,gradient_only,1,399,3,0.6957647127213481,3.1130736669586514,missing
red4:lane3:snr10.0:seed4:frame40,10.0,40,profiled_cz,41,false,false,false,missing,false,true,gradient_only,1,403,9,0.8068753284788703,4.6327589760141885,missing
red4:lane3:snr10.0:seed4:frame41,10.0,41,profiled_cz,26,false,false,true,missing,false,true,gradient_only,1,326,0,0.43554699937668856,1.6591155191486622,missing
red4:lane3:snr10.0:seed4:frame42,10.0,42,profiled_cz,18,false,false,false,missing,false,true,gradient_only,1,431,6,1.273301633950253,1.9068768219680072,missing
red4:lane3:snr10.0:seed4:frame43,10.0,43,profiled_cz,13,false,false,false,missing,false,true,gradient_only,1,385,3,1.0893440267630836,2.925635878301104,missing
red4:lane3:snr10.0:seed4:frame44,10.0,44,profiled_cz,3,false,false,false,missing,false,true,gradient_only,1,266,3,0.4063135719183518,1.8038110346487959,missing
red4:lane3:snr10.0:seed4:frame45,10.0,45,profiled_cz,9,false,false,false,missing,false,true,gradient_only,1,342,15,0.3459520310472754,1.641565798793498,missing
red4:lane3:snr10.0:seed4:frame46,10.0,46,profiled_cz,25,false,false,false,missing,false,true,gradient_only,1,410,14,0.7818280485089651,1.9992919166750116,missing
red4:lane3:snr10.0:seed4:frame47,10.0,47,profiled_cz,24,false,false,false,missing,false,true,gradient_only,1,422,3,0.5710671789187887,2.116913271560892,missing
red4:lane3:snr10.0:seed4:frame48,10.0,48,profiled_cz,21,false,false,false,missing,false,true,gradient_only,1,328,9,0.4537035673014003,7.783011196152803,missing
red4:lane3:snr10.0:seed4:frame49,10.0,49,profiled_cz,21,false,false,false,missing,false,true,gradient_only,1,456,12,0.40591068775529465,2.101571732663217,missing
red4:lane3:snr10.0:seed4:frame50,10.0,50,profiled_cz,20,false,false,false,missing,false,true,gradient_only,1,340,8,11.756772475363487,2.0996576756827037,missing
red4:lane3:snr10.0:seed4:frame51,10.0,51,profiled_cz,12,false,false,false,missing,false,true,gradient_only,1,276,2,0.6704126596139075,1.623439066800106,missing
red4:lane3:snr10.0:seed4:frame52,10.0,52,profiled_cz,4,false,false,false,missing,false,true,gradient_only,1,270,3,0.31559168430928813,1.4649411266415273,missing
red4:lane3:snr10.0:seed4:frame53,10.0,53,profiled_cz,12,false,false,false,missing,false,true,gradient_only,1,289,3,0.48665787472943084,2.482355808443591,missing
red4:lane3:snr10.0:seed4:frame54,10.0,54,profiled_cz,6,false,false,false,missing,false,true,gradient_only,1,231,9,0.5029121996729321,1.928455483112062,missing
red4:lane3:snr10.0:seed4:frame55,10.0,55,profiled_cz,10,false,false,false,missing,false,true,gradient_only,1,347,16,0.4117747631410603,1.6534699716359718,missing
red4:lane3:snr10.0:seed4:frame56,10.0,56,profiled_cz,38,false,false,false,missing,false,true,gradient_only,1,503,20,0.7428808590388732,2.6178784641786668,missing
red4:lane3:snr10.0:seed4:frame57,10.0,57,profiled_cz,4,false,false,true,missing,false,true,gradient_only,1,321,0,0.38122941177627456,2.320370176247825,missing
red4:lane3:snr10.0:seed4:frame58,10.0,58,profiled_cz,24,false,false,false,missing,false,true,gradient_only,1,454,7,0.4591437745767644,2.1001682544932168,missing
red4:lane3:snr10.0:seed4:frame59,10.0,59,profiled_cz,11,false,false,false,missing,false,true,gradient_only,1,325,2,0.3767804838555292,1.5288920204319871,missing
red4:lane3:snr10.0:seed4:frame60,10.0,60,profiled_cz,27,false,false,false,missing,false,true,gradient_only,1,467,14,0.4899760245262175,1.9773493187465354,missing
red4:lane3:snr12.0:seed4:frame1,12.0,1,cwz_joint,1,false,false,true,missing,false,true,gradient_only,8,208,0,0.748167363109383,8.062335863122325,missing
red4:lane3:snr12.0:seed4:frame2,12.0,2,cwz_joint,4,false,false,true,missing,false,true,gradient_only,8,243,0,1.1629030141306316,4.361520994088163,missing
red4:lane3:snr12.0:seed4:frame3,12.0,3,cwz_joint,2,false,false,true,missing,false,true,gradient_only,8,195,0,0.31117441698573933,4.975247510313687,missing
red4:lane3:snr12.0:seed4:frame4,12.0,4,cwz_joint,25,false,false,true,missing,false,true,gradient_only,8,350,0,0.5999620352080018,4.445729358800068,missing
red4:lane3:snr12.0:seed4:frame5,12.0,5,cwz_joint,5,false,false,true,missing,false,true,gradient_only,8,324,0,0.46391610520281945,2.7531213463765405,missing
red4:lane3:snr12.0:seed4:frame6,12.0,6,cwz_joint,20,false,false,true,missing,false,true,gradient_only,8,366,0,2.485226064546891,4.263161041196045,missing
red4:lane3:snr12.0:seed4:frame7,12.0,7,cwz_joint,11,false,false,true,missing,false,true,gradient_only,8,265,0,0.3971852024236704,5.697532966250578,missing
red4:lane3:snr12.0:seed4:frame8,12.0,8,cwz_joint,1,false,false,true,missing,false,true,gradient_only,8,148,0,0.3064929379967887,3.9571583405569184,missing
red4:lane3:snr12.0:seed4:frame9,12.0,9,cwz_joint,3,false,false,true,missing,false,true,gradient_only,8,285,0,0.37098873123401055,3.4142399458303605,missing
red4:lane3:snr12.0:seed4:frame10,12.0,10,cwz_joint,6,false,false,true,missing,false,true,gradient_only,8,299,0,0.38286400119090014,3.589382144985082,missing
red4:lane3:snr12.0:seed4:frame11,12.0,11,cwz_joint,7,false,false,true,missing,false,true,gradient_only,8,284,0,0.4569229031521141,3.7077415903334336,missing
red4:lane3:snr12.0:seed4:frame12,12.0,12,cwz_joint,3,false,false,true,missing,false,true,gradient_only,8,297,0,1.012193209462228,2.011074779193745,missing
red4:lane3:snr12.0:seed4:frame13,12.0,13,cwz_joint,10,false,false,true,missing,false,true,gradient_only,8,358,0,0.3531248598838696,2.7961525069929625,missing
red4:lane3:snr12.0:seed4:frame14,12.0,14,cwz_joint,10,false,false,true,missing,false,true,gradient_only,8,274,0,0.5045106620017422,4.621229259642919,missing
red4:lane3:snr12.0:seed4:frame15,12.0,15,cwz_joint,3,false,false,true,missing,false,true,gradient_only,8,204,0,0.5357328316257932,4.955925898956926,missing
red4:lane3:snr12.0:seed4:frame16,12.0,16,cwz_joint,2,false,false,true,missing,false,true,gradient_only,8,219,0,0.46313849473574387,4.842486154805427,missing
red4:lane3:snr12.0:seed4:frame17,12.0,17,cwz_joint,8,false,false,true,missing,false,true,gradient_only,8,274,0,0.6111523879589208,9.443981769797231,missing
red4:lane3:snr12.0:seed4:frame18,12.0,18,cwz_joint,4,false,false,true,missing,false,true,gradient_only,8,217,0,3.587430062806728,4.9614789000952335,missing
red4:lane3:snr12.0:seed4:frame19,12.0,19,cwz_joint,10,false,false,true,missing,false,true,gradient_only,8,329,0,0.29027526239400164,5.334488603886122,missing
red4:lane3:snr12.0:seed4:frame20,12.0,20,cwz_joint,26,false,false,true,missing,false,true,gradient_only,8,429,0,0.42100596595223666,6.54743956855487,missing
red4:lane3:snr12.0:seed4:frame21,12.0,21,cwz_joint,1,false,false,true,missing,false,true,gradient_only,8,183,0,0.3887482664355742,4.722484383933509,missing
red4:lane3:snr12.0:seed4:frame22,12.0,22,cwz_joint,10,false,false,true,missing,false,true,gradient_only,8,265,0,0.24147101367786217,3.654808754927356,missing
red4:lane3:snr12.0:seed4:frame23,12.0,23,cwz_joint,5,false,false,true,missing,false,true,gradient_only,8,328,0,0.37569328602314067,2.795940034284366,missing
red4:lane3:snr12.0:seed4:frame24,12.0,24,cwz_joint,24,false,false,true,missing,false,true,gradient_only,8,436,0,0.9242214307176732,5.171826570690556,missing
red4:lane3:snr12.0:seed4:frame25,12.0,25,cwz_joint,0,true,false,true,missing,false,true,gradient_only,8,226,0,0.3324498029017301,4.068837011364362,missing
red4:lane3:snr12.0:seed4:frame26,12.0,26,cwz_joint,2,false,false,true,missing,false,true,gradient_only,8,161,0,0.3544411546268307,6.332847499573022,missing
red4:lane3:snr12.0:seed4:frame27,12.0,27,cwz_joint,5,false,false,true,missing,false,true,gradient_only,8,296,0,0.2500920810526281,3.3485830549483295,missing
red4:lane3:snr12.0:seed4:frame28,12.0,28,cwz_joint,13,false,false,true,missing,false,true,gradient_only,8,457,0,0.6506835959749716,5.185855641431188,missing
red4:lane3:snr12.0:seed4:frame29,12.0,29,cwz_joint,2,false,false,true,missing,false,true,gradient_only,8,122,0,0.2619101697724375,3.1082973549396185,missing
red4:lane3:snr12.0:seed4:frame30,12.0,30,cwz_joint,3,false,false,true,missing,false,true,gradient_only,8,193,0,0.39247434921529756,5.381079777926957,missing
red4:lane3:snr12.0:seed4:frame31,12.0,31,cwz_joint,10,false,false,true,missing,false,true,gradient_only,8,291,0,0.28533837564053177,3.2142163207916683,missing
red4:lane3:snr12.0:seed4:frame32,12.0,32,cwz_joint,11,false,false,true,missing,false,true,gradient_only,8,361,0,0.8923882779181724,3.9836056208036337,missing
red4:lane3:snr12.0:seed4:frame33,12.0,33,cwz_joint,8,false,false,true,missing,false,true,gradient_only,8,310,0,0.4843774503721194,3.6363794297604213,missing
red4:lane3:snr12.0:seed4:frame34,12.0,34,cwz_joint,5,false,false,true,missing,false,true,gradient_only,8,277,0,0.5136155144930649,3.6978377537699503,missing
red4:lane3:snr12.0:seed4:frame35,12.0,35,cwz_joint,1,false,false,true,missing,false,true,gradient_only,8,175,0,0.3949353945966131,4.413736523896049,missing
red4:lane3:snr12.0:seed4:frame36,12.0,36,cwz_joint,1,false,false,true,missing,false,true,gradient_only,8,160,0,0.36047957158476956,4.125972443767486,missing
red4:lane3:snr12.0:seed4:frame37,12.0,37,cwz_joint,9,false,false,true,missing,false,true,gradient_only,8,319,0,0.7489605859377467,3.4753843356677443,missing
red4:lane3:snr12.0:seed4:frame38,12.0,38,cwz_joint,13,false,false,true,missing,false,true,gradient_only,8,360,0,0.4177489114291954,10.44865104215824,missing
red4:lane3:snr12.0:seed4:frame39,12.0,39,cwz_joint,5,false,false,true,missing,false,true,gradient_only,8,304,0,0.5239368367920467,10.249037750452896,missing
red4:lane3:snr12.0:seed4:frame40,12.0,40,cwz_joint,22,false,false,true,missing,false,true,gradient_only,8,354,0,0.6594791239250877,10.422096796193712,missing
red4:lane3:snr12.0:seed4:frame41,12.0,41,cwz_joint,12,false,false,true,missing,false,true,gradient_only,8,277,0,0.553833794829976,3.338511842529158,missing
red4:lane3:snr12.0:seed4:frame42,12.0,42,cwz_joint,9,false,false,true,missing,false,true,gradient_only,8,354,0,0.2895893639056168,4.281366898114436,missing
red4:lane3:snr12.0:seed4:frame43,12.0,43,cwz_joint,8,false,false,true,missing,false,true,gradient_only,8,301,0,0.46625520787827174,6.358588006962706,missing
red4:lane3:snr12.0:seed4:frame44,12.0,44,cwz_joint,1,false,false,true,missing,false,true,gradient_only,8,193,0,0.3165616698492135,3.887357707316049,missing
red4:lane3:snr12.0:seed4:frame45,12.0,45,cwz_joint,6,false,false,true,missing,false,true,gradient_only,8,286,0,0.2101704661498041,3.664182744886943,missing
red4:lane3:snr12.0:seed4:frame46,12.0,46,cwz_joint,12,false,false,true,missing,false,true,gradient_only,8,326,0,0.3555672608895999,4.144258348904532,missing
red4:lane3:snr12.0:seed4:frame47,12.0,47,cwz_joint,10,false,false,true,missing,false,true,gradient_only,8,334,0,0.332669493885469,5.239785274739075,missing
red4:lane3:snr12.0:seed4:frame48,12.0,48,cwz_joint,13,false,false,true,missing,false,true,gradient_only,8,258,0,0.31018233207364904,2.8528892103441885,missing
red4:lane3:snr12.0:seed4:frame49,12.0,49,cwz_joint,18,false,false,true,missing,false,true,gradient_only,8,371,0,0.47764447378191716,3.566448901019778,missing
red4:lane3:snr12.0:seed4:frame50,12.0,50,cwz_joint,12,false,false,true,missing,false,true,gradient_only,8,258,0,0.7997684396773616,3.66111647034654,missing
red4:lane3:snr12.0:seed4:frame51,12.0,51,cwz_joint,5,false,false,true,missing,false,true,gradient_only,8,200,0,0.43744941103310164,4.04907463252922,missing
red4:lane3:snr12.0:seed4:frame52,12.0,52,cwz_joint,3,false,false,true,missing,false,true,gradient_only,8,199,0,0.2989652802583206,4.275893519098507,missing
red4:lane3:snr12.0:seed4:frame53,12.0,53,cwz_joint,5,false,false,true,missing,false,true,gradient_only,8,231,0,0.6682127226812379,6.735515846437066,missing
red4:lane3:snr12.0:seed4:frame54,12.0,54,cwz_joint,2,false,false,true,missing,false,true,gradient_only,8,172,0,0.3695886517805538,7.018266967439215,missing
red4:lane3:snr12.0:seed4:frame55,12.0,55,cwz_joint,6,false,false,true,missing,false,true,gradient_only,8,276,0,0.2366958114236714,3.12875410021617,missing
red4:lane3:snr12.0:seed4:frame56,12.0,56,cwz_joint,19,false,false,true,missing,false,true,gradient_only,8,435,0,0.4147874850290439,4.955704463336013,missing
red4:lane3:snr12.0:seed4:frame57,12.0,57,cwz_joint,3,false,false,true,missing,false,true,gradient_only,8,240,0,0.7468865247181588,5.245777611579656,missing
red4:lane3:snr12.0:seed4:frame58,12.0,58,cwz_joint,9,false,false,true,missing,false,true,gradient_only,8,372,0,0.482048641184684,4.328564819456282,missing
red4:lane3:snr12.0:seed4:frame59,12.0,59,cwz_joint,4,false,false,true,missing,false,true,gradient_only,8,285,0,0.36749592805108394,2.044078774021756,missing
red4:lane3:snr12.0:seed4:frame60,12.0,60,cwz_joint,15,false,false,true,missing,false,true,gradient_only,8,364,0,0.3161851968008855,2.0080054629364033,missing
red4:lane3:snr12.0:seed4:frame1,12.0,1,profiled_cz,1,false,false,false,missing,false,true,gradient_only,1,208,6,0.748167363109383,2.0638019668627203,missing
red4:lane3:snr12.0:seed4:frame2,12.0,2,profiled_cz,4,false,false,true,missing,false,true,gradient_only,1,243,0,1.1629030141306316,1.6995367686938512,missing
red4:lane3:snr12.0:seed4:frame3,12.0,3,profiled_cz,2,false,false,true,missing,false,true,gradient_only,1,195,0,0.31117441698573933,1.516599098555395,missing
red4:lane3:snr12.0:seed4:frame4,12.0,4,profiled_cz,25,false,false,false,missing,false,true,gradient_only,1,350,6,0.5999620352080018,2.297621797473095,missing
red4:lane3:snr12.0:seed4:frame5,12.0,5,profiled_cz,5,false,false,true,missing,false,true,gradient_only,1,324,0,0.46391610520281945,1.5482033376436422,missing
red4:lane3:snr12.0:seed4:frame6,12.0,6,profiled_cz,20,false,false,false,missing,false,true,gradient_only,1,366,5,2.485226064546891,2.0655808629374057,missing
red4:lane3:snr12.0:seed4:frame7,12.0,7,profiled_cz,11,false,false,true,missing,false,true,gradient_only,1,265,0,0.3971852024236704,2.118379756201636,missing
red4:lane3:snr12.0:seed4:frame8,12.0,8,profiled_cz,1,false,false,true,missing,false,true,gradient_only,1,148,0,0.3064929379967887,1.0723717582942216,missing
red4:lane3:snr12.0:seed4:frame9,12.0,9,profiled_cz,3,false,false,true,missing,false,true,gradient_only,1,285,0,0.37098873123401055,1.457995623850794,missing
red4:lane3:snr12.0:seed4:frame10,12.0,10,profiled_cz,6,false,false,true,missing,false,true,gradient_only,1,299,0,0.38286400119090014,1.7562694781391077,missing
red4:lane3:snr12.0:seed4:frame11,12.0,11,profiled_cz,7,false,false,true,missing,false,true,gradient_only,1,284,0,0.4569229031521141,1.4638130889975949,missing
red4:lane3:snr12.0:seed4:frame12,12.0,12,profiled_cz,3,false,false,false,missing,false,true,gradient_only,1,297,3,1.012193209462228,1.5017804063739189,missing
red4:lane3:snr12.0:seed4:frame13,12.0,13,profiled_cz,10,false,false,false,missing,false,true,gradient_only,1,358,3,0.3531248598838696,2.451450207164461,missing
red4:lane3:snr12.0:seed4:frame14,12.0,14,profiled_cz,10,false,false,false,missing,false,true,gradient_only,1,274,6,0.5045106620017422,1.5030209899658689,missing
red4:lane3:snr12.0:seed4:frame15,12.0,15,profiled_cz,3,false,false,true,missing,false,true,gradient_only,1,204,0,0.5357328316257932,1.7626251953955268,missing
red4:lane3:snr12.0:seed4:frame16,12.0,16,profiled_cz,2,false,false,true,missing,false,true,gradient_only,1,219,0,0.46313849473574387,1.3797014414531474,missing
red4:lane3:snr12.0:seed4:frame17,12.0,17,profiled_cz,8,false,false,false,missing,false,true,gradient_only,1,274,2,0.6111523879589208,3.0142684141918865,missing
red4:lane3:snr12.0:seed4:frame18,12.0,18,profiled_cz,4,false,false,true,missing,false,true,gradient_only,1,217,0,3.587430062806728,1.4222376507585588,missing
red4:lane3:snr12.0:seed4:frame19,12.0,19,profiled_cz,10,false,false,true,missing,false,true,gradient_only,1,329,0,0.29027526239400164,2.0354749556732625,missing
red4:lane3:snr12.0:seed4:frame20,12.0,20,profiled_cz,26,false,false,false,missing,false,true,gradient_only,1,429,3,0.42100596595223666,5.160045417078056,missing
red4:lane3:snr12.0:seed4:frame21,12.0,21,profiled_cz,1,false,false,true,missing,false,true,gradient_only,1,183,0,0.3887482664355742,1.4399393462054055,missing
red4:lane3:snr12.0:seed4:frame22,12.0,22,profiled_cz,10,false,false,true,missing,false,true,gradient_only,1,265,0,0.24147101367786217,1.4857380824187465,missing
red4:lane3:snr12.0:seed4:frame23,12.0,23,profiled_cz,5,false,false,true,missing,false,true,gradient_only,1,328,0,0.37569328602314067,1.7260666833337033,missing
red4:lane3:snr12.0:seed4:frame24,12.0,24,profiled_cz,24,false,false,false,missing,false,true,gradient_only,1,436,9,0.9242214307176732,1.9836409493712612,missing
red4:lane3:snr12.0:seed4:frame25,12.0,25,profiled_cz,0,true,false,true,missing,false,true,gradient_only,1,226,0,0.3324498029017301,1.4097133690008865,missing
red4:lane3:snr12.0:seed4:frame26,12.0,26,profiled_cz,2,false,false,true,missing,false,true,gradient_only,1,161,0,0.3544411546268307,1.79446944183535,missing
red4:lane3:snr12.0:seed4:frame27,12.0,27,profiled_cz,5,false,false,true,missing,false,true,gradient_only,1,296,0,0.2500920810526281,1.853550241640662,missing
red4:lane3:snr12.0:seed4:frame28,12.0,28,profiled_cz,13,false,false,false,missing,false,true,gradient_only,1,457,11,0.6506835959749716,2.5741272770852808,missing
red4:lane3:snr12.0:seed4:frame29,12.0,29,profiled_cz,2,false,false,false,missing,false,true,gradient_only,1,122,2,0.2619101697724375,0.8946912889762636,missing
red4:lane3:snr12.0:seed4:frame30,12.0,30,profiled_cz,3,false,false,true,missing,false,true,gradient_only,1,193,0,0.39247434921529756,1.760505890274451,missing
red4:lane3:snr12.0:seed4:frame31,12.0,31,profiled_cz,10,false,false,false,missing,false,true,gradient_only,1,291,3,0.28533837564053177,1.3518210777888224,missing
red4:lane3:snr12.0:seed4:frame32,12.0,32,profiled_cz,11,false,false,false,missing,false,true,gradient_only,1,361,10,0.8923882779181724,1.7754278101745673,missing
red4:lane3:snr12.0:seed4:frame33,12.0,33,profiled_cz,8,false,false,true,missing,false,true,gradient_only,1,310,0,0.4843774503721194,1.6987520141349777,missing
red4:lane3:snr12.0:seed4:frame34,12.0,34,profiled_cz,5,false,false,false,missing,false,true,gradient_only,1,277,2,0.5136155144930649,1.8025192904885892,missing
red4:lane3:snr12.0:seed4:frame35,12.0,35,profiled_cz,1,false,false,false,missing,false,true,gradient_only,1,175,1,0.3949353945966131,1.6513887304071544,missing
red4:lane3:snr12.0:seed4:frame36,12.0,36,profiled_cz,1,false,false,true,missing,false,true,gradient_only,1,160,0,0.36047957158476956,1.2520136505144468,missing
red4:lane3:snr12.0:seed4:frame37,12.0,37,profiled_cz,9,false,false,true,missing,false,true,gradient_only,1,319,0,0.7489605859377467,1.8226252527595928,missing
red4:lane3:snr12.0:seed4:frame38,12.0,38,profiled_cz,13,false,false,false,missing,false,true,gradient_only,1,360,3,0.4177489114291954,6.546638848635292,missing
red4:lane3:snr12.0:seed4:frame39,12.0,39,profiled_cz,5,false,false,false,missing,false,true,gradient_only,1,304,2,0.5239368367920467,2.6979280882224987,missing
red4:lane3:snr12.0:seed4:frame40,12.0,40,profiled_cz,22,false,false,false,missing,false,true,gradient_only,1,354,6,0.6594791239250877,4.311811662007011,missing
red4:lane3:snr12.0:seed4:frame41,12.0,41,profiled_cz,12,false,false,true,missing,false,true,gradient_only,1,277,0,0.553833794829976,1.3987485925321559,missing
red4:lane3:snr12.0:seed4:frame42,12.0,42,profiled_cz,9,false,false,false,missing,false,true,gradient_only,1,354,3,0.2895893639056168,1.6301463203064361,missing
red4:lane3:snr12.0:seed4:frame43,12.0,43,profiled_cz,8,false,false,false,missing,false,true,gradient_only,3,301,4,0.46625520787827174,2.468898605385111,missing
red4:lane3:snr12.0:seed4:frame44,12.0,44,profiled_cz,1,false,false,true,missing,false,true,gradient_only,1,193,0,0.3165616698492135,1.2555470658043666,missing
red4:lane3:snr12.0:seed4:frame45,12.0,45,profiled_cz,6,false,false,false,missing,false,true,gradient_only,1,286,13,0.2101704661498041,1.4080901586163508,missing
red4:lane3:snr12.0:seed4:frame46,12.0,46,profiled_cz,12,false,false,false,missing,false,true,gradient_only,1,326,7,0.3555672608895999,1.710172335525825,missing
red4:lane3:snr12.0:seed4:frame47,12.0,47,profiled_cz,10,false,false,false,missing,false,true,gradient_only,1,334,5,0.332669493885469,1.8343937055283852,missing
red4:lane3:snr12.0:seed4:frame48,12.0,48,profiled_cz,13,false,false,false,missing,false,true,gradient_only,1,258,2,0.31018233207364904,6.5030638630223,missing
red4:lane3:snr12.0:seed4:frame49,12.0,49,profiled_cz,18,false,false,false,missing,false,true,gradient_only,1,371,3,0.47764447378191716,1.8670476664893918,missing
red4:lane3:snr12.0:seed4:frame50,12.0,50,profiled_cz,12,false,false,false,missing,false,true,gradient_only,1,258,6,0.7997684396773616,1.9156863104593902,missing
red4:lane3:snr12.0:seed4:frame51,12.0,51,profiled_cz,5,false,false,true,missing,false,true,gradient_only,1,200,0,0.43744941103310164,1.3138471888821592,missing
red4:lane3:snr12.0:seed4:frame52,12.0,52,profiled_cz,3,false,false,true,missing,false,true,gradient_only,1,199,0,0.2989652802583206,1.3099967104766583,missing
red4:lane3:snr12.0:seed4:frame53,12.0,53,profiled_cz,5,false,false,false,missing,false,true,gradient_only,1,231,3,0.6682127226812379,1.9589662957614766,missing
red4:lane3:snr12.0:seed4:frame54,12.0,54,profiled_cz,2,false,false,false,missing,false,true,gradient_only,1,172,6,0.3695886517805538,1.7564772898852088,missing
red4:lane3:snr12.0:seed4:frame55,12.0,55,profiled_cz,6,false,false,true,missing,false,true,gradient_only,1,276,0,0.2366958114236714,1.4157476359514929,missing
red4:lane3:snr12.0:seed4:frame56,12.0,56,profiled_cz,19,false,false,false,missing,false,true,gradient_only,1,435,18,0.4147874850290439,2.159568179571597,missing
red4:lane3:snr12.0:seed4:frame57,12.0,57,profiled_cz,3,false,false,true,missing,false,true,gradient_only,1,240,0,0.7468865247181588,1.7543499820003101,missing
red4:lane3:snr12.0:seed4:frame58,12.0,58,profiled_cz,9,false,false,true,missing,false,true,gradient_only,1,372,0,0.482048641184684,1.8229752358653257,missing
red4:lane3:snr12.0:seed4:frame59,12.0,59,profiled_cz,4,false,false,true,missing,false,true,gradient_only,1,285,0,0.36749592805108394,1.3556411224143516,missing
red4:lane3:snr12.0:seed4:frame60,12.0,60,profiled_cz,15,false,false,false,missing,false,true,gradient_only,1,364,9,0.3161851968008855,1.8677148747396652,missing
red4:lane3:snr14.0:seed4:frame1,14.0,1,cwz_joint,0,true,false,true,missing,false,true,gradient_only,8,157,0,1.0524100495636477,7.74240569563737,missing
red4:lane3:snr14.0:seed4:frame2,14.0,2,cwz_joint,2,false,false,true,missing,false,true,gradient_only,8,187,0,0.7271708631775381,4.087316819717098,missing
red4:lane3:snr14.0:seed4:frame3,14.0,3,cwz_joint,0,true,false,true,missing,false,true,gradient_only,8,151,0,0.18123881171718764,4.589056173032581,missing
red4:lane3:snr14.0:seed4:frame4,14.0,4,cwz_joint,11,false,false,true,missing,false,true,gradient_only,8,313,0,0.46416939219613657,3.9366407641154666,missing
red4:lane3:snr14.0:seed4:frame5,14.0,5,cwz_joint,1,false,false,true,missing,false,true,gradient_only,8,264,0,0.39518021425878996,2.543032821142672,missing
red4:lane3:snr14.0:seed4:frame6,14.0,6,cwz_joint,5,false,false,true,missing,false,true,gradient_only,8,289,0,0.37536556668872173,3.861905272582945,missing
red4:lane3:snr14.0:seed4:frame7,14.0,7,cwz_joint,4,false,false,true,missing,false,true,gradient_only,8,207,0,0.45955357406131236,5.2682569488419535,missing
red4:lane3:snr14.0:seed4:frame8,14.0,8,cwz_joint,0,true,false,true,missing,false,true,gradient_only,8,99,0,0.21575457162547187,3.7075995280565643,missing
red4:lane3:snr14.0:seed4:frame9,14.0,9,cwz_joint,2,false,false,true,missing,false,true,gradient_only,8,227,0,0.26428922147114664,3.0942798287802686,missing
red4:lane3:snr14.0:seed4:frame10,14.0,10,cwz_joint,2,false,false,true,missing,false,true,gradient_only,8,273,0,0.5917343847214415,3.258300280697371,missing
red4:lane3:snr14.0:seed4:frame11,14.0,11,cwz_joint,5,false,false,true,missing,false,true,gradient_only,8,236,0,0.3345093735027887,3.385322836486439,missing
red4:lane3:snr14.0:seed4:frame12,14.0,12,cwz_joint,1,false,false,true,missing,false,true,gradient_only,8,229,0,0.22906286606219986,1.8947147326774523,missing
red4:lane3:snr14.0:seed4:frame13,14.0,13,cwz_joint,8,false,false,true,missing,false,true,gradient_only,8,321,0,0.33051409146603156,2.718601729361398,missing
red4:lane3:snr14.0:seed4:frame14,14.0,14,cwz_joint,2,false,false,true,missing,false,true,gradient_only,8,218,0,2.5402196844647413,4.204152304282359,missing
red4:lane3:snr14.0:seed4:frame15,14.0,15,cwz_joint,1,false,false,true,missing,false,true,gradient_only,8,154,0,0.3096592277216457,4.599025014832652,missing
red4:lane3:snr14.0:seed4:frame16,14.0,16,cwz_joint,1,false,false,true,missing,false,true,gradient_only,8,145,0,0.2289589997567697,4.5054293224915,missing
red4:lane3:snr14.0:seed4:frame17,14.0,17,cwz_joint,2,false,false,true,missing,false,true,gradient_only,8,248,0,0.43363331946301636,8.451023514472087,missing
red4:lane3:snr14.0:seed4:frame18,14.0,18,cwz_joint,2,false,false,true,missing,false,true,gradient_only,8,177,0,1.3561987731273348,4.371933224077069,missing
red4:lane3:snr14.0:seed4:frame19,14.0,19,cwz_joint,4,false,false,true,missing,false,true,gradient_only,8,282,0,0.24013624792911656,4.724857241954249,missing
red4:lane3:snr14.0:seed4:frame20,14.0,20,cwz_joint,9,false,false,true,missing,false,true,gradient_only,8,391,0,1.1579422484174138,5.514412203306615,missing
red4:lane3:snr14.0:seed4:frame21,14.0,21,cwz_joint,0,true,false,true,missing,false,true,gradient_only,8,153,0,0.3269382883944752,4.4523091104473025,missing
red4:lane3:snr14.0:seed4:frame22,14.0,22,cwz_joint,5,false,false,true,missing,false,true,gradient_only,8,231,0,0.3581231978153392,3.3419128040370443,missing
red4:lane3:snr14.0:seed4:frame23,14.0,23,cwz_joint,1,false,false,true,missing,false,true,gradient_only,8,255,0,0.3330897430827951,2.518537734473672,missing
red4:lane3:snr14.0:seed4:frame24,14.0,24,cwz_joint,10,false,false,true,missing,false,true,gradient_only,8,389,0,0.3701383507845714,4.465219831578984,missing
red4:lane3:snr14.0:seed4:frame25,14.0,25,cwz_joint,0,true,false,true,missing,false,true,gradient_only,8,168,0,0.2176526405694264,3.6498802701504087,missing
red4:lane3:snr14.0:seed4:frame26,14.0,26,cwz_joint,2,false,false,true,missing,false,true,gradient_only,8,131,0,0.19117611199227644,6.137771935187688,missing
red4:lane3:snr14.0:seed4:frame27,14.0,27,cwz_joint,0,true,false,true,missing,false,true,gradient_only,8,232,0,0.15148288137118054,2.991531603702847,missing
red4:lane3:snr14.0:seed4:frame28,14.0,28,cwz_joint,6,false,false,true,missing,false,true,gradient_only,8,357,0,0.3224232123929136,4.4345780382904,missing
red4:lane3:snr14.0:seed4:frame29,14.0,29,cwz_joint,1,false,false,true,missing,false,true,gradient_only,8,93,0,0.30572494382288257,2.874658485569895,missing
red4:lane3:snr14.0:seed4:frame30,14.0,30,cwz_joint,0,true,false,true,missing,false,true,gradient_only,8,145,0,0.2937168065052957,4.871219689388113,missing
red4:lane3:snr14.0:seed4:frame31,14.0,31,cwz_joint,6,false,false,true,missing,false,true,gradient_only,8,248,0,0.31686712315539894,2.951177279147691,missing
red4:lane3:snr14.0:seed4:frame32,14.0,32,cwz_joint,9,false,false,true,missing,false,true,gradient_only,8,300,0,0.869956419581136,3.5849617699823746,missing
red4:lane3:snr14.0:seed4:frame33,14.0,33,cwz_joint,4,false,false,true,missing,false,true,gradient_only,8,243,0,0.21540407348606574,3.3372870317276773,missing
red4:lane3:snr14.0:seed4:frame34,14.0,34,cwz_joint,3,false,false,true,missing,false,true,gradient_only,8,226,0,0.421711057464257,3.4326286193007065,missing
red4:lane3:snr14.0:seed4:frame35,14.0,35,cwz_joint,0,true,false,true,missing,false,true,gradient_only,8,140,0,0.26959331198254827,4.147001411302303,missing
red4:lane3:snr14.0:seed4:frame36,14.0,36,cwz_joint,1,false,false,true,missing,false,true,gradient_only,8,126,0,0.4241507800110329,3.9173470814598743,missing
red4:lane3:snr14.0:seed4:frame37,14.0,37,cwz_joint,3,false,false,true,missing,false,true,gradient_only,8,268,0,0.29907941986357733,3.1980795522802277,missing
red4:lane3:snr14.0:seed4:frame38,14.0,38,cwz_joint,9,false,false,true,missing,false,true,gradient_only,8,318,0,0.4654078328942476,9.333798802962026,missing
red4:lane3:snr14.0:seed4:frame39,14.0,39,cwz_joint,2,false,false,true,missing,false,true,gradient_only,8,257,0,2.8566658357982018,9.613512906811328,missing
red4:lane3:snr14.0:seed4:frame40,14.0,40,cwz_joint,9,false,false,true,missing,false,true,gradient_only,8,269,0,0.6844146309106864,9.138691324126663,missing
red4:lane3:snr14.0:seed4:frame41,14.0,41,cwz_joint,4,false,false,true,missing,false,true,gradient_only,8,193,0,0.36070275264017465,3.0262215583540115,missing
red4:lane3:snr14.0:seed4:frame42,14.0,42,cwz_joint,3,false,false,true,missing,false,true,gradient_only,8,318,0,0.21933175263619173,3.894658677830566,missing
red4:lane3:snr14.0:seed4:frame43,14.0,43,cwz_joint,4,false,false,true,missing,false,true,gradient_only,8,243,0,0.7440137415721387,5.629625797182512,missing
red4:lane3:snr14.0:seed4:frame44,14.0,44,cwz_joint,0,true,false,true,missing,false,true,gradient_only,8,151,0,0.2975618810479276,3.5035102631221737,missing
red4:lane3:snr14.0:seed4:frame45,14.0,45,cwz_joint,3,false,false,true,missing,false,true,gradient_only,8,233,0,0.24281433138811004,3.4361554931436826,missing
red4:lane3:snr14.0:seed4:frame46,14.0,46,cwz_joint,6,false,false,true,missing,false,true,gradient_only,8,277,0,1.258544180401059,3.7399196391229155,missing
red4:lane3:snr14.0:seed4:frame47,14.0,47,cwz_joint,5,false,false,true,missing,false,true,gradient_only,8,297,0,0.5239768001730873,4.832749707297822,missing
red4:lane3:snr14.0:seed4:frame48,14.0,48,cwz_joint,6,false,false,true,missing,false,true,gradient_only,8,234,0,0.28513467069140136,2.6144621879069514,missing
red4:lane3:snr14.0:seed4:frame49,14.0,49,cwz_joint,13,false,false,true,missing,false,true,gradient_only,8,326,0,0.2956477821498026,3.2497066556551446,missing
red4:lane3:snr14.0:seed4:frame50,14.0,50,cwz_joint,5,false,false,true,missing,false,true,gradient_only,8,223,0,0.3027103387536679,3.5495477695569484,missing
red4:lane3:snr14.0:seed4:frame51,14.0,51,cwz_joint,2,false,false,true,missing,false,true,gradient_only,8,146,0,0.25879768585880075,3.5980782281760386,missing
red4:lane3:snr14.0:seed4:frame52,14.0,52,cwz_joint,0,true,false,true,missing,false,true,gradient_only,8,143,0,0.22554857821174895,3.963971329542278,missing
red4:lane3:snr14.0:seed4:frame53,14.0,53,cwz_joint,2,false,false,true,missing,false,true,gradient_only,8,169,0,0.29186487036579556,6.177927191474289,missing
red4:lane3:snr14.0:seed4:frame54,14.0,54,cwz_joint,2,false,false,true,missing,false,true,gradient_only,8,146,0,0.2913710778140108,6.453184917993109,missing
red4:lane3:snr14.0:seed4:frame55,14.0,55,cwz_joint,4,false,false,true,missing,false,true,gradient_only,8,225,0,0.1902699691150333,2.8955416634982147,missing
red4:lane3:snr14.0:seed4:frame56,14.0,56,cwz_joint,13,false,false,true,missing,false,true,gradient_only,8,359,0,0.3804122946814281,4.264232236319979,missing
red4:lane3:snr14.0:seed4:frame57,14.0,57,cwz_joint,1,false,false,true,missing,false,true,gradient_only,8,180,0,0.26921874491942616,4.688906562782852,missing
red4:lane3:snr14.0:seed4:frame58,14.0,58,cwz_joint,8,false,false,true,missing,false,true,gradient_only,8,319,0,0.34693302057902353,3.9095005692316396,missing
red4:lane3:snr14.0:seed4:frame59,14.0,59,cwz_joint,3,false,false,true,missing,false,true,gradient_only,8,235,0,0.37712902727766223,1.892598634104307,missing
red4:lane3:snr14.0:seed4:frame60,14.0,60,cwz_joint,11,false,false,true,missing,false,true,gradient_only,8,309,0,0.2784050053720712,1.8683251794983233,missing
red4:lane3:snr14.0:seed4:frame1,14.0,1,profiled_cz,0,true,false,true,missing,false,true,gradient_only,1,157,0,1.0524100495636477,1.8546425007575216,missing
red4:lane3:snr14.0:seed4:frame2,14.0,2,profiled_cz,2,false,false,true,missing,false,true,gradient_only,1,187,0,0.7271708631775381,1.4638377646515928,missing
red4:lane3:snr14.0:seed4:frame3,14.0,3,profiled_cz,0,true,false,true,missing,false,true,gradient_only,1,151,0,0.18123881171718764,1.3504239335291757,missing
red4:lane3:snr14.0:seed4:frame4,14.0,4,profiled_cz,11,false,false,false,missing,false,true,gradient_only,1,313,2,0.46416939219613657,1.9501594810267768,missing
red4:lane3:snr14.0:seed4:frame5,14.0,5,profiled_cz,1,false,false,true,missing,false,true,gradient_only,1,264,0,0.39518021425878996,1.37678192995512,missing
red4:lane3:snr14.0:seed4:frame6,14.0,6,profiled_cz,5,false,false,false,missing,false,true,gradient_only,1,289,3,0.37536556668872173,1.7292909563301468,missing
red4:lane3:snr14.0:seed4:frame7,14.0,7,profiled_cz,4,false,false,false,missing,false,true,gradient_only,1,207,2,0.45955357406131236,1.817030529705894,missing
red4:lane3:snr14.0:seed4:frame8,14.0,8,profiled_cz,0,true,false,true,missing,false,true,gradient_only,1,99,0,0.21575457162547187,0.9533598336054253,missing
red4:lane3:snr14.0:seed4:frame9,14.0,9,profiled_cz,2,false,false,true,missing,false,true,gradient_only,1,227,0,0.26428922147114664,1.2964646709833703,missing
red4:lane3:snr14.0:seed4:frame10,14.0,10,profiled_cz,2,false,false,false,missing,false,true,gradient_only,1,273,1,0.5917343847214415,1.4987146941133278,missing
red4:lane3:snr14.0:seed4:frame11,14.0,11,profiled_cz,5,false,false,true,missing,false,true,gradient_only,1,236,0,0.3345093735027887,1.3093403025408057,missing
red4:lane3:snr14.0:seed4:frame12,14.0,12,profiled_cz,1,false,false,true,missing,false,true,gradient_only,1,229,0,0.22906286606219986,1.3186266079370792,missing
red4:lane3:snr14.0:seed4:frame13,14.0,13,profiled_cz,8,false,false,false,missing,false,true,gradient_only,1,321,3,0.33051409146603156,2.20199399938964,missing
red4:lane3:snr14.0:seed4:frame14,14.0,14,profiled_cz,2,false,false,false,missing,false,true,gradient_only,1,218,2,2.5402196844647413,1.3172091525890923,missing
red4:lane3:snr14.0:seed4:frame15,14.0,15,profiled_cz,1,false,false,true,missing,false,true,gradient_only,1,154,0,0.3096592277216457,1.5626540358924437,missing
red4:lane3:snr14.0:seed4:frame16,14.0,16,profiled_cz,1,false,false,true,missing,false,true,gradient_only,1,145,0,0.2289589997567697,1.2544472186493305,missing
red4:lane3:snr14.0:seed4:frame17,14.0,17,profiled_cz,2,false,false,false,missing,false,true,gradient_only,1,248,6,0.43363331946301636,2.420800137669175,missing
red4:lane3:snr14.0:seed4:frame18,14.0,18,profiled_cz,2,false,false,true,missing,false,true,gradient_only,1,177,0,1.3561987731273348,1.23909597225369,missing
red4:lane3:snr14.0:seed4:frame19,14.0,19,profiled_cz,4,false,false,false,missing,false,true,gradient_only,1,282,3,0.24013624792911656,1.8123044911066117,missing
red4:lane3:snr14.0:seed4:frame20,14.0,20,profiled_cz,9,false,false,false,missing,false,true,gradient_only,1,391,3,1.1579422484174138,4.31182886580967,missing
red4:lane3:snr14.0:seed4:frame21,14.0,21,profiled_cz,0,true,false,true,missing,false,true,gradient_only,1,153,0,0.3269382883944752,1.370952853468025,missing
red4:lane3:snr14.0:seed4:frame22,14.0,22,profiled_cz,5,false,false,false,missing,false,true,gradient_only,1,231,3,0.3581231978153392,1.3600932144767344,missing
red4:lane3:snr14.0:seed4:frame23,14.0,23,profiled_cz,1,false,false,false,missing,false,true,gradient_only,1,255,2,0.3330897430827951,1.4849381885915864,missing
red4:lane3:snr14.0:seed4:frame24,14.0,24,profiled_cz,10,false,false,true,missing,false,true,gradient_only,1,389,0,0.3701383507845714,1.7009535458977516,missing
red4:lane3:snr14.0:seed4:frame25,14.0,25,profiled_cz,0,true,false,true,missing,false,true,gradient_only,1,168,0,0.2176526405694264,1.160443685844152,missing
red4:lane3:snr14.0:seed4:frame26,14.0,26,profiled_cz,2,false,false,true,missing,false,true,gradient_only,1,131,0,0.19117611199227644,1.7627081286717625,missing
red4:lane3:snr14.0:seed4:frame27,14.0,27,profiled_cz,0,true,false,true,missing,false,true,gradient_only,1,232,0,0.15148288137118054,1.5137291238051331,missing
red4:lane3:snr14.0:seed4:frame28,14.0,28,profiled_cz,6,false,false,false,missing,false,true,gradient_only,1,357,3,0.3224232123929136,2.0171026354457706,missing
red4:lane3:snr14.0:seed4:frame29,14.0,29,profiled_cz,1,false,false,true,missing,false,true,gradient_only,1,93,0,0.30572494382288257,0.8058918829292663,missing
red4:lane3:snr14.0:seed4:frame30,14.0,30,profiled_cz,0,true,false,true,missing,false,true,gradient_only,1,145,0,0.2937168065052957,1.470904538010027,missing
red4:lane3:snr14.0:seed4:frame31,14.0,31,profiled_cz,6,false,false,true,missing,false,true,gradient_only,1,248,0,0.31686712315539894,1.2363161993119467,missing
red4:lane3:snr14.0:seed4:frame32,14.0,32,profiled_cz,9,false,false,false,missing,false,true,gradient_only,1,300,9,0.869956419581136,1.6229387387391672,missing
red4:lane3:snr14.0:seed4:frame33,14.0,33,profiled_cz,4,false,false,true,missing,false,true,gradient_only,1,243,0,0.21540407348606574,1.5235082389290493,missing
red4:lane3:snr14.0:seed4:frame34,14.0,34,profiled_cz,3,false,false,true,missing,false,true,gradient_only,1,226,0,0.421711057464257,1.617764065523012,missing
red4:lane3:snr14.0:seed4:frame35,14.0,35,profiled_cz,0,true,false,true,missing,false,true,gradient_only,1,140,0,0.26959331198254827,1.4353391687206647,missing
red4:lane3:snr14.0:seed4:frame36,14.0,36,profiled_cz,1,false,false,true,missing,false,true,gradient_only,1,126,0,0.4241507800110329,1.1892451171900433,missing
red4:lane3:snr14.0:seed4:frame37,14.0,37,profiled_cz,3,false,false,true,missing,false,true,gradient_only,1,268,0,0.29907941986357733,1.5476023298663306,missing
red4:lane3:snr14.0:seed4:frame38,14.0,38,profiled_cz,9,false,false,true,missing,false,true,gradient_only,1,318,0,0.4654078328942476,4.9432809830123485,missing
red4:lane3:snr14.0:seed4:frame39,14.0,39,profiled_cz,2,false,false,true,missing,false,true,gradient_only,1,257,0,2.8566658357982018,2.5493087260503784,missing
red4:lane3:snr14.0:seed4:frame40,14.0,40,profiled_cz,9,false,false,true,missing,false,true,gradient_only,1,269,0,0.6844146309106864,3.5572872507445643,missing
red4:lane3:snr14.0:seed4:frame41,14.0,41,profiled_cz,4,false,false,true,missing,false,true,gradient_only,1,193,0,0.36070275264017465,1.2442435639742249,missing
red4:lane3:snr14.0:seed4:frame42,14.0,42,profiled_cz,3,false,false,false,missing,false,true,gradient_only,1,318,3,0.21933175263619173,1.4439907584945801,missing
red4:lane3:snr14.0:seed4:frame43,14.0,43,profiled_cz,4,false,false,true,missing,false,true,gradient_only,1,243,0,0.7440137415721387,2.3185939432624436,missing
red4:lane3:snr14.0:seed4:frame44,14.0,44,profiled_cz,0,true,false,true,missing,false,true,gradient_only,1,151,0,0.2975618810479276,1.052456189283977,missing
red4:lane3:snr14.0:seed4:frame45,14.0,45,profiled_cz,3,false,false,false,missing,false,true,gradient_only,1,233,6,0.24281433138811004,1.3094057330177384,missing
red4:lane3:snr14.0:seed4:frame46,14.0,46,profiled_cz,6,false,false,false,missing,false,true,gradient_only,1,277,5,1.258544180401059,1.5195963636579428,missing
red4:lane3:snr14.0:seed4:frame47,14.0,47,profiled_cz,5,false,false,false,missing,false,true,gradient_only,1,297,4,0.5239768001730873,1.673765631206784,missing
red4:lane3:snr14.0:seed4:frame48,14.0,48,profiled_cz,6,false,false,false,missing,false,true,gradient_only,1,234,7,0.28513467069140136,5.036716088511191,missing
red4:lane3:snr14.0:seed4:frame49,14.0,49,profiled_cz,13,false,false,true,missing,false,true,gradient_only,1,326,0,0.2956477821498026,1.6123052137914828,missing
red4:lane3:snr14.0:seed4:frame50,14.0,50,profiled_cz,5,false,false,true,missing,false,true,gradient_only,1,223,0,0.3027103387536679,1.6672208321149369,missing
red4:lane3:snr14.0:seed4:frame51,14.0,51,profiled_cz,2,false,false,true,missing,false,true,gradient_only,1,146,0,0.25879768585880075,1.1130181416103122,missing
red4:lane3:snr14.0:seed4:frame52,14.0,52,profiled_cz,0,true,false,true,missing,false,true,gradient_only,1,143,0,0.22554857821174895,1.2276487207394415,missing
red4:lane3:snr14.0:seed4:frame53,14.0,53,profiled_cz,2,false,false,true,missing,false,true,gradient_only,1,169,0,0.29186487036579556,1.5732782585731144,missing
red4:lane3:snr14.0:seed4:frame54,14.0,54,profiled_cz,2,false,false,true,missing,false,true,gradient_only,1,146,0,0.2913710778140108,1.396788845164986,missing
red4:lane3:snr14.0:seed4:frame55,14.0,55,profiled_cz,4,false,false,true,missing,false,true,gradient_only,1,225,0,0.1902699691150333,1.232286822291856,missing
red4:lane3:snr14.0:seed4:frame56,14.0,56,profiled_cz,13,false,false,false,missing,false,true,gradient_only,1,359,2,0.3804122946814281,1.8433897695653767,missing
red4:lane3:snr14.0:seed4:frame57,14.0,57,profiled_cz,1,false,false,true,missing,false,true,gradient_only,1,180,0,0.26921874491942616,1.4150158267506205,missing
red4:lane3:snr14.0:seed4:frame58,14.0,58,profiled_cz,8,false,false,true,missing,false,true,gradient_only,1,319,0,0.34693302057902353,1.64216073690539,missing
red4:lane3:snr14.0:seed4:frame59,14.0,59,profiled_cz,3,false,false,false,missing,false,true,gradient_only,1,235,5,0.37712902727766223,1.2567754883372275,missing
red4:lane3:snr14.0:seed4:frame60,14.0,60,profiled_cz,11,false,false,false,missing,false,true,gradient_only,1,309,6,0.2784050053720712,1.6523013569347682,missing
red4:lane3:snr16.0:seed4:frame1,16.0,1,cwz_joint,0,true,false,true,missing,false,true,gradient_only,8,141,0,0.6035535783165429,7.490061259705384,missing
red4:lane3:snr16.0:seed4:frame2,16.0,2,cwz_joint,1,false,false,true,missing,false,true,gradient_only,8,160,0,0.2749024736856438,3.8972979735019657,missing
red4:lane3:snr16.0:seed4:frame3,16.0,3,cwz_joint,0,true,false,true,missing,false,true,gradient_only,8,116,0,0.21076299618337996,4.320480163229722,missing
red4:lane3:snr16.0:seed4:frame4,16.0,4,cwz_joint,11,false,false,true,missing,false,true,gradient_only,8,278,0,0.3644303142710897,3.6020917536507446,missing
red4:lane3:snr16.0:seed4:frame5,16.0,5,cwz_joint,1,false,false,true,missing,false,true,gradient_only,8,222,0,0.28119438628181936,2.40565275358335,missing
red4:lane3:snr16.0:seed4:frame6,16.0,6,cwz_joint,2,false,false,true,missing,false,true,gradient_only,8,242,0,3.386503052713937,3.59590449061579,missing
red4:lane3:snr16.0:seed4:frame7,16.0,7,cwz_joint,1,false,false,true,missing,false,true,gradient_only,8,175,0,0.4277349111342031,4.946105878707285,missing
red4:lane3:snr16.0:seed4:frame8,16.0,8,cwz_joint,0,true,false,true,missing,false,true,gradient_only,8,75,0,0.1443011935434907,3.54286076889574,missing
red4:lane3:snr16.0:seed4:frame9,16.0,9,cwz_joint,2,false,false,true,missing,false,true,gradient_only,8,185,0,1.3799689171397136,2.8911060168399,missing
red4:lane3:snr16.0:seed4:frame10,16.0,10,cwz_joint,2,false,false,true,missing,false,true,gradient_only,8,235,0,0.22209638157199657,3.0355933684807272,missing
red4:lane3:snr16.0:seed4:frame11,16.0,11,cwz_joint,3,false,false,true,missing,false,true,gradient_only,8,196,0,0.24103214996513833,3.167554942160778,missing
red4:lane3:snr16.0:seed4:frame12,16.0,12,cwz_joint,1,false,false,true,missing,false,true,gradient_only,8,192,0,0.17883733870563193,1.8114317968971672,missing
red4:lane3:snr16.0:seed4:frame13,16.0,13,cwz_joint,6,false,false,true,missing,false,true,gradient_only,8,277,0,0.43532068352723596,2.6218198428989643,missing
red4:lane3:snr16.0:seed4:frame14,16.0,14,cwz_joint,0,true,false,true,missing,false,true,gradient_only,8,175,0,0.5037831356731348,3.922876100551575,missing
red4:lane3:snr16.0:seed4:frame15,16.0,15,cwz_joint,0,true,false,true,missing,false,true,gradient_only,8,119,0,0.3634950030240915,4.389323555950588,missing
red4:lane3:snr16.0:seed4:frame16,16.0,16,cwz_joint,0,true,false,true,missing,false,true,gradient_only,8,105,0,0.5720141878548283,4.284951577097675,missing
red4:lane3:snr16.0:seed4:frame17,16.0,17,cwz_joint,0,true,false,true,missing,false,true,gradient_only,8,201,0,0.5590930346339512,7.5780158877270996,missing
red4:lane3:snr16.0:seed4:frame18,16.0,18,cwz_joint,2,false,false,true,missing,false,true,gradient_only,8,148,0,0.6370977536999067,3.96929580225772,missing
red4:lane3:snr16.0:seed4:frame19,16.0,19,cwz_joint,5,false,false,true,missing,false,true,gradient_only,8,253,0,0.23050799563277113,4.30486162914098,missing
red4:lane3:snr16.0:seed4:frame20,16.0,20,cwz_joint,5,false,false,true,missing,false,true,gradient_only,8,347,0,0.38270982175041224,4.780444052266699,missing
red4:lane3:snr16.0:seed4:frame21,16.0,21,cwz_joint,0,true,false,true,missing,false,true,gradient_only,8,117,0,0.20592831780040088,4.289751305531057,missing
red4:lane3:snr16.0:seed4:frame22,16.0,22,cwz_joint,6,false,false,true,missing,false,true,gradient_only,8,217,0,0.4789265247612313,3.13801591691683,missing
red4:lane3:snr16.0:seed4:frame23,16.0,23,cwz_joint,2,false,false,true,missing,false,true,gradient_only,8,223,0,0.4455109295401928,2.329072619202246,missing
red4:lane3:snr16.0:seed4:frame24,16.0,24,cwz_joint,5,false,false,true,missing,false,true,gradient_only,8,338,0,0.33717918173253325,4.003170646579821,missing
red4:lane3:snr16.0:seed4:frame25,16.0,25,cwz_joint,0,true,false,true,missing,false,true,gradient_only,8,138,0,0.2245337900056633,3.36786053188756,missing
red4:lane3:snr16.0:seed4:frame26,16.0,26,cwz_joint,2,false,false,true,missing,false,true,gradient_only,8,118,0,0.15000661308750593,6.041516546412352,missing
red4:lane3:snr16.0:seed4:frame27,16.0,27,cwz_joint,1,false,false,true,missing,false,true,gradient_only,8,194,0,0.14395659394817123,2.7349283262172657,missing
red4:lane3:snr16.0:seed4:frame28,16.0,28,cwz_joint,2,false,false,true,missing,false,true,gradient_only,8,308,0,0.2256736639763253,3.9369939546181953,missing
red4:lane3:snr16.0:seed4:frame29,16.0,29,cwz_joint,0,true,false,true,missing,false,true,gradient_only,8,70,0,0.16624277615982633,2.7216834183419722,missing
red4:lane3:snr16.0:seed4:frame30,16.0,30,cwz_joint,0,true,false,true,missing,false,true,gradient_only,8,113,0,0.2336741444611597,4.5138728895498605,missing
red4:lane3:snr16.0:seed4:frame31,16.0,31,cwz_joint,5,false,false,true,missing,false,true,gradient_only,8,216,0,0.2314099863133946,2.7837409158764475,missing
red4:lane3:snr16.0:seed4:frame32,16.0,32,cwz_joint,4,false,false,true,missing,false,true,gradient_only,8,261,0,0.31612432935267726,3.3283292559615547,missing
red4:lane3:snr16.0:seed4:frame33,16.0,33,cwz_joint,2,false,false,true,missing,false,true,gradient_only,8,214,0,0.16887161909231052,3.1429582078671614,missing
red4:lane3:snr16.0:seed4:frame34,16.0,34,cwz_joint,2,false,false,true,missing,false,true,gradient_only,8,212,0,0.3244348595789923,3.2624691820189198,missing
red4:lane3:snr16.0:seed4:frame35,16.0,35,cwz_joint,0,true,false,true,missing,false,true,gradient_only,8,111,0,0.2638659562213305,3.9635338453101427,missing
red4:lane3:snr16.0:seed4:frame36,16.0,36,cwz_joint,0,true,false,true,missing,false,true,gradient_only,8,107,0,0.16859202915740878,3.787096928289399,missing
red4:lane3:snr16.0:seed4:frame37,16.0,37,cwz_joint,3,false,false,true,missing,false,true,gradient_only,8,218,0,0.2261411143633345,3.0153905811629884,missing
red4:lane3:snr16.0:seed4:frame38,16.0,38,cwz_joint,6,false,false,true,missing,false,true,gradient_only,8,285,0,0.45016884472785207,8.14994273133884,missing
red4:lane3:snr16.0:seed4:frame39,16.0,39,cwz_joint,0,true,false,true,missing,false,true,gradient_only,8,199,0,0.48630269883265426,9.165648003950835,missing
red4:lane3:snr16.0:seed4:frame40,16.0,40,cwz_joint,4,false,false,true,missing,false,true,gradient_only,8,216,0,0.5156177829408601,8.070029654900253,missing
red4:lane3:snr16.0:seed4:frame41,16.0,41,cwz_joint,3,false,false,true,missing,false,true,gradient_only,8,163,0,0.23151100521127557,2.81451811974075,missing
red4:lane3:snr16.0:seed4:frame42,16.0,42,cwz_joint,1,false,false,true,missing,false,true,gradient_only,8,274,0,0.22839745398773073,3.638931244555533,missing
red4:lane3:snr16.0:seed4:frame43,16.0,43,cwz_joint,1,false,false,true,missing,false,true,gradient_only,8,206,0,0.4028183470698363,5.1197896875597655,missing
red4:lane3:snr16.0:seed4:frame44,16.0,44,cwz_joint,0,true,false,true,missing,false,true,gradient_only,8,124,0,0.3387211086270452,3.2420622592814343,missing
red4:lane3:snr16.0:seed4:frame45,16.0,45,cwz_joint,3,false,false,true,missing,false,true,gradient_only,8,198,0,0.1495978113760334,3.222177445247121,missing
red4:lane3:snr16.0:seed4:frame46,16.0,46,cwz_joint,3,false,false,true,missing,false,true,gradient_only,8,239,0,0.2001864761275925,3.472840627534287,missing
red4:lane3:snr16.0:seed4:frame47,16.0,47,cwz_joint,4,false,false,true,missing,false,true,gradient_only,8,251,0,0.23353167423081495,4.568677569518567,missing
red4:lane3:snr16.0:seed4:frame48,16.0,48,cwz_joint,3,false,false,true,missing,false,true,gradient_only,8,189,0,0.38333768880706404,2.4710719956984173,missing
red4:lane3:snr16.0:seed4:frame49,16.0,49,cwz_joint,10,false,false,true,missing,false,true,gradient_only,8,291,0,0.22263653690256877,3.051697330046191,missing
red4:lane3:snr16.0:seed4:frame50,16.0,50,cwz_joint,1,false,false,true,missing,false,true,gradient_only,8,171,0,0.2810170710545573,3.4517071851893517,missing
red4:lane3:snr16.0:seed4:frame51,16.0,51,cwz_joint,1,false,false,true,missing,false,true,gradient_only,8,102,0,0.4008215029063166,3.294785915746238,missing
red4:lane3:snr16.0:seed4:frame52,16.0,52,cwz_joint,0,true,false,true,missing,false,true,gradient_only,8,113,0,0.3403829343523196,3.762059182442687,missing
red4:lane3:snr16.0:seed4:frame53,16.0,53,cwz_joint,2,false,false,true,missing,false,true,gradient_only,8,144,0,0.5378814121236047,5.6245267943126365,missing
red4:lane3:snr16.0:seed4:frame54,16.0,54,cwz_joint,1,false,false,true,missing,false,true,gradient_only,8,124,0,0.2653954029275855,6.092563537229988,missing
red4:lane3:snr16.0:seed4:frame55,16.0,55,cwz_joint,1,false,false,true,missing,false,true,gradient_only,8,201,0,0.16332481832882526,2.7434940058538433,missing
red4:lane3:snr16.0:seed4:frame56,16.0,56,cwz_joint,7,false,false,true,missing,false,true,gradient_only,8,307,0,0.31542985646068805,3.7910619347922325,missing
red4:lane3:snr16.0:seed4:frame57,16.0,57,cwz_joint,0,true,false,true,missing,false,true,gradient_only,8,140,0,0.18745962866892596,4.2844177468375015,missing
red4:lane3:snr16.0:seed4:frame58,16.0,58,cwz_joint,4,false,false,true,missing,false,true,gradient_only,8,276,0,0.5056745373250932,3.6333636929982225,missing
red4:lane3:snr16.0:seed4:frame59,16.0,59,cwz_joint,1,false,false,true,missing,false,true,gradient_only,8,186,0,0.2058532791224144,1.7940050101979002,missing
red4:lane3:snr16.0:seed4:frame60,16.0,60,cwz_joint,7,false,false,true,missing,false,true,gradient_only,8,259,0,0.25317473740956964,1.7784993930506692,missing
red4:lane3:snr16.0:seed4:frame1,16.0,1,profiled_cz,0,true,false,true,missing,false,true,gradient_only,1,141,0,0.6035535783165429,1.7120474735823854,missing
red4:lane3:snr16.0:seed4:frame2,16.0,2,profiled_cz,1,false,false,true,missing,false,true,gradient_only,1,160,0,0.2749024736856438,1.3568266715591208,missing
red4:lane3:snr16.0:seed4:frame3,16.0,3,profiled_cz,0,true,false,true,missing,false,true,gradient_only,1,116,0,0.21076299618337996,1.250122459421318,missing
red4:lane3:snr16.0:seed4:frame4,16.0,4,profiled_cz,11,false,false,false,missing,false,true,gradient_only,1,278,2,0.3644303142710897,1.7281236766304475,missing
red4:lane3:snr16.0:seed4:frame5,16.0,5,profiled_cz,1,false,false,false,missing,false,true,gradient_only,1,222,2,0.28119438628181936,1.2420996919169707,missing
red4:lane3:snr16.0:seed4:frame6,16.0,6,profiled_cz,2,false,false,true,missing,false,true,gradient_only,1,242,0,3.386503052713937,1.551781389332256,missing
red4:lane3:snr16.0:seed4:frame7,16.0,7,profiled_cz,1,false,false,true,missing,false,true,gradient_only,1,175,0,0.4277349111342031,1.6339496978423516,missing
red4:lane3:snr16.0:seed4:frame8,16.0,8,profiled_cz,0,true,false,true,missing,false,true,gradient_only,1,75,0,0.1443011935434907,0.8837431650024841,missing
red4:lane3:snr16.0:seed4:frame9,16.0,9,profiled_cz,2,false,false,true,missing,false,true,gradient_only,1,185,0,1.3799689171397136,1.1786925344875427,missing
red4:lane3:snr16.0:seed4:frame10,16.0,10,profiled_cz,2,false,false,true,missing,false,true,gradient_only,1,235,0,0.22209638157199657,1.3553274913120665,missing
red4:lane3:snr16.0:seed4:frame11,16.0,11,profiled_cz,3,false,false,false,missing,false,true,gradient_only,1,196,3,0.24103214996513833,1.1974048771248789,missing
red4:lane3:snr16.0:seed4:frame12,16.0,12,profiled_cz,1,false,false,true,missing,false,true,gradient_only,1,192,0,0.17883733870563193,1.2159275061462287,missing
red4:lane3:snr16.0:seed4:frame13,16.0,13,profiled_cz,6,false,false,true,missing,false,true,gradient_only,1,277,0,0.43532068352723596,1.9020832105744527,missing
red4:lane3:snr16.0:seed4:frame14,16.0,14,profiled_cz,0,true,false,true,missing,false,true,gradient_only,1,175,0,0.5037831356731348,1.2149934458380203,missing
red4:lane3:snr16.0:seed4:frame15,16.0,15,profiled_cz,0,true,false,true,missing,false,true,gradient_only,1,119,0,0.3634950030240915,1.4265438298572188,missing
red4:lane3:snr16.0:seed4:frame16,16.0,16,profiled_cz,0,true,false,true,missing,false,true,gradient_only,1,105,0,0.5720141878548283,1.129478604987447,missing
red4:lane3:snr16.0:seed4:frame17,16.0,17,profiled_cz,0,true,false,false,missing,false,true,gradient_only,1,201,6,0.5590930346339512,2.140212262459978,missing
red4:lane3:snr16.0:seed4:frame18,16.0,18,profiled_cz,1,false,false,false,missing,false,true,gradient_only,1,148,3,0.6370977536999067,1.1218005922044443,missing
red4:lane3:snr16.0:seed4:frame19,16.0,19,profiled_cz,5,false,false,true,missing,false,true,gradient_only,1,253,0,0.23050799563277113,1.5657299471909998,missing
red4:lane3:snr16.0:seed4:frame20,16.0,20,profiled_cz,5,false,false,true,missing,false,true,gradient_only,1,347,0,0.38270982175041224,3.1209374628821274,missing
red4:lane3:snr16.0:seed4:frame21,16.0,21,profiled_cz,0,true,false,true,missing,false,true,gradient_only,1,117,0,0.20592831780040088,1.2604939476337471,missing
red4:lane3:snr16.0:seed4:frame22,16.0,22,profiled_cz,6,false,false,false,missing,false,true,gradient_only,1,217,3,0.4789265247612313,1.2515375686729386,missing
red4:lane3:snr16.0:seed4:frame23,16.0,23,profiled_cz,2,false,false,true,missing,false,true,gradient_only,1,223,0,0.4455109295401928,1.3264057747435765,missing
red4:lane3:snr16.0:seed4:frame24,16.0,24,profiled_cz,5,false,false,true,missing,false,true,gradient_only,1,338,0,0.33717918173253325,1.542036138478304,missing
red4:lane3:snr16.0:seed4:frame25,16.0,25,profiled_cz,0,true,false,true,missing,false,true,gradient_only,1,138,0,0.2245337900056633,1.0075264518182914,missing
red4:lane3:snr16.0:seed4:frame26,16.0,26,profiled_cz,2,false,false,true,missing,false,true,gradient_only,1,118,0,0.15000661308750593,1.740845991976001,missing
red4:lane3:snr16.0:seed4:frame27,16.0,27,profiled_cz,1,false,false,true,missing,false,true,gradient_only,1,194,0,0.14395659394817123,1.3168368027029596,missing
red4:lane3:snr16.0:seed4:frame28,16.0,28,profiled_cz,2,false,false,true,missing,false,true,gradient_only,1,308,0,0.2256736639763253,1.6980437229693157,missing
red4:lane3:snr16.0:seed4:frame29,16.0,29,profiled_cz,0,true,false,true,missing,false,true,gradient_only,1,70,0,0.16624277615982633,0.7444369502936856,missing
red4:lane3:snr16.0:seed4:frame30,16.0,30,profiled_cz,0,true,false,true,missing,false,true,gradient_only,1,113,0,0.2336741444611597,1.3043949973261904,missing
red4:lane3:snr16.0:seed4:frame31,16.0,31,profiled_cz,5,false,false,false,missing,false,true,gradient_only,1,216,3,0.2314099863133946,1.1626420364104284,missing
red4:lane3:snr16.0:seed4:frame32,16.0,32,profiled_cz,4,false,false,true,missing,false,true,gradient_only,1,261,0,0.31612432935267726,1.5303536216654647,missing
red4:lane3:snr16.0:seed4:frame33,16.0,33,profiled_cz,2,false,false,true,missing,false,true,gradient_only,1,214,0,0.16887161909231052,1.4201014481481367,missing
red4:lane3:snr16.0:seed4:frame34,16.0,34,profiled_cz,2,false,false,false,missing,false,true,gradient_only,1,212,5,0.3244348595789923,1.5166015998143358,missing
red4:lane3:snr16.0:seed4:frame35,16.0,35,profiled_cz,0,true,false,true,missing,false,true,gradient_only,1,111,0,0.2638659562213305,1.298967392983495,missing
red4:lane3:snr16.0:seed4:frame36,16.0,36,profiled_cz,0,true,false,true,missing,false,true,gradient_only,1,107,0,0.16859202915740878,1.0705405907946148,missing
red4:lane3:snr16.0:seed4:frame37,16.0,37,profiled_cz,3,false,false,true,missing,false,true,gradient_only,1,218,0,0.2261411143633345,1.388910224971375,missing
red4:lane3:snr16.0:seed4:frame38,16.0,38,profiled_cz,6,false,false,true,missing,false,true,gradient_only,1,285,0,0.45016884472785207,4.1140793587791205,missing
red4:lane3:snr16.0:seed4:frame39,16.0,39,profiled_cz,0,true,false,false,missing,false,true,gradient_only,1,199,2,0.48630269883265426,2.2046394496672446,missing
red4:lane3:snr16.0:seed4:frame40,16.0,40,profiled_cz,4,false,false,false,missing,false,true,gradient_only,1,216,2,0.5156177829408601,3.04065759210716,missing
red4:lane3:snr16.0:seed4:frame41,16.0,41,profiled_cz,3,false,false,true,missing,false,true,gradient_only,1,163,0,0.23151100521127557,1.1346841740617686,missing
red4:lane3:snr16.0:seed4:frame42,16.0,42,profiled_cz,1,false,false,false,missing,false,true,gradient_only,1,274,3,0.22839745398773073,1.3155351060908642,missing
red4:lane3:snr16.0:seed4:frame43,16.0,43,profiled_cz,1,false,false,true,missing,false,true,gradient_only,1,206,0,0.4028183470698363,2.053817179522999,missing
red4:lane3:snr16.0:seed4:frame44,16.0,44,profiled_cz,0,true,false,true,missing,false,true,gradient_only,1,124,0,0.3387211086270452,0.9279664798559152,missing
red4:lane3:snr16.0:seed4:frame45,16.0,45,profiled_cz,3,false,false,true,missing,false,true,gradient_only,1,198,0,0.1495978113760334,1.2158622163985586,missing
red4:lane3:snr16.0:seed4:frame46,16.0,46,profiled_cz,3,false,false,true,missing,false,true,gradient_only,1,239,0,0.2001864761275925,1.397862402023404,missing
red4:lane3:snr16.0:seed4:frame47,16.0,47,profiled_cz,4,false,false,false,missing,false,true,gradient_only,1,251,2,0.23353167423081495,1.6201973432203582,missing
red4:lane3:snr16.0:seed4:frame48,16.0,48,profiled_cz,3,false,false,true,missing,false,true,gradient_only,1,189,0,0.38333768880706404,4.023731577748683,missing
red4:lane3:snr16.0:seed4:frame49,16.0,49,profiled_cz,10,false,false,true,missing,false,true,gradient_only,1,291,0,0.22263653690256877,1.4941222777187473,missing
red4:lane3:snr16.0:seed4:frame50,16.0,50,profiled_cz,1,false,false,true,missing,false,true,gradient_only,1,171,0,0.2810170710545573,1.4354185983283936,missing
red4:lane3:snr16.0:seed4:frame51,16.0,51,profiled_cz,1,false,false,true,missing,false,true,gradient_only,1,102,0,0.4008215029063166,0.9928155208152188,missing
red4:lane3:snr16.0:seed4:frame52,16.0,52,profiled_cz,0,true,false,true,missing,false,true,gradient_only,1,113,0,0.3403829343523196,1.141704412893087,missing
red4:lane3:snr16.0:seed4:frame53,16.0,53,profiled_cz,2,false,false,true,missing,false,true,gradient_only,1,144,0,0.5378814121236047,1.421595074171119,missing
red4:lane3:snr16.0:seed4:frame54,16.0,54,profiled_cz,1,false,false,true,missing,false,true,gradient_only,1,124,0,0.2653954029275855,1.4778494307079417,missing
red4:lane3:snr16.0:seed4:frame55,16.0,55,profiled_cz,1,false,false,true,missing,false,true,gradient_only,1,201,0,0.16332481832882526,1.1321455492671264,missing
red4:lane3:snr16.0:seed4:frame56,16.0,56,profiled_cz,7,false,false,false,missing,false,true,gradient_only,1,307,3,0.31542985646068805,1.6045586724467558,missing
red4:lane3:snr16.0:seed4:frame57,16.0,57,profiled_cz,0,true,false,true,missing,false,true,gradient_only,1,140,0,0.18745962866892596,1.1924459891301527,missing
red4:lane3:snr16.0:seed4:frame58,16.0,58,profiled_cz,4,false,false,false,missing,false,true,gradient_only,1,276,2,0.5056745373250932,1.5379141219088754,missing
red4:lane3:snr16.0:seed4:frame59,16.0,59,profiled_cz,1,false,false,true,missing,false,true,gradient_only,1,186,0,0.2058532791224144,1.1854367702994606,missing
red4:lane3:snr16.0:seed4:frame60,16.0,60,profiled_cz,7,false,false,false,missing,false,true,gradient_only,1,259,3,0.25317473740956964,1.5324228490876048,missing
red4:lane3:snr18.0:seed4:frame1,18.0,1,cwz_joint,0,true,false,true,missing,false,true,gradient_only,8,132,0,0.24464471559799492,7.311662415357517,missing
red4:lane3:snr18.0:seed4:frame2,18.0,2,cwz_joint,1,false,false,true,missing,false,true,gradient_only,8,131,0,0.2597507443162123,3.781073137321598,missing
red4:lane3:snr18.0:seed4:frame3,18.0,3,cwz_joint,0,true,false,true,missing,false,true,gradient_only,8,99,0,0.18043882735828992,4.13614124454994,missing
red4:lane3:snr18.0:seed4:frame4,18.0,4,cwz_joint,7,false,false,true,missing,false,true,gradient_only,8,247,0,0.4156834100971039,3.3749391257258674,missing
red4:lane3:snr18.0:seed4:frame5,18.0,5,cwz_joint,0,true,false,true,missing,false,true,gradient_only,8,194,0,0.17946033722549634,2.315751044929609,missing
red4:lane3:snr18.0:seed4:frame6,18.0,6,cwz_joint,2,false,false,true,missing,false,true,gradient_only,8,217,0,0.22286801691121136,3.43242905943188,missing
red4:lane3:snr18.0:seed4:frame7,18.0,7,cwz_joint,0,true,false,true,missing,false,true,gradient_only,8,132,0,0.41656823236491697,4.711476900023385,missing
red4:lane3:snr18.0:seed4:frame8,18.0,8,cwz_joint,0,true,false,true,missing,false,true,gradient_only,8,59,0,0.21956328224993304,3.434742197264331,missing
red4:lane3:snr18.0:seed4:frame9,18.0,9,cwz_joint,1,false,false,true,missing,false,true,gradient_only,8,162,0,0.21945438937397538,2.7593716089348646,missing
red4:lane3:snr18.0:seed4:frame10,18.0,10,cwz_joint,1,false,false,true,missing,false,true,gradient_only,8,222,0,0.40351748654954317,2.89263115582075,missing
red4:lane3:snr18.0:seed4:frame11,18.0,11,cwz_joint,1,false,false,true,missing,false,true,gradient_only,8,177,0,0.19580281889969267,3.020778942882997,missing
red4:lane3:snr18.0:seed4:frame12,18.0,12,cwz_joint,0,true,false,true,missing,false,true,gradient_only,8,171,0,0.16311142084700306,1.7531171171244653,missing
red4:lane3:snr18.0:seed4:frame13,18.0,13,cwz_joint,4,false,false,true,missing,false,true,gradient_only,8,260,0,0.29721843560337097,2.546478349248405,missing
red4:lane3:snr18.0:seed4:frame14,18.0,14,cwz_joint,0,true,false,true,missing,false,true,gradient_only,8,150,0,0.9968891845730266,3.7353220123521216,missing
red4:lane3:snr18.0:seed4:frame15,18.0,15,cwz_joint,0,true,false,true,missing,false,true,gradient_only,8,93,0,0.24386113753218377,4.274051864521199,missing
red4:lane3:snr18.0:seed4:frame16,18.0,16,cwz_joint,0,true,false,true,missing,false,true,gradient_only,8,89,0,0.1505817414674701,4.145268949747228,missing
red4:lane3:snr18.0:seed4:frame17,18.0,17,cwz_joint,0,true,false,true,missing,false,true,gradient_only,8,174,0,0.41544363376362875,6.951288734680859,missing
red4:lane3:snr18.0:seed4:frame18,18.0,18,cwz_joint,1,false,false,true,missing,false,true,gradient_only,8,127,0,0.2533698959076196,3.7045276345167144,missing
red4:lane3:snr18.0:seed4:frame19,18.0,19,cwz_joint,4,false,false,true,missing,false,true,gradient_only,8,239,0,0.5827283673532521,4.016975148012448,missing
red4:lane3:snr18.0:seed4:frame20,18.0,20,cwz_joint,3,false,false,true,missing,false,true,gradient_only,8,325,0,0.5199747835205641,4.2725247383769664,missing
red4:lane3:snr18.0:seed4:frame21,18.0,21,cwz_joint,0,true,false,true,missing,false,true,gradient_only,8,106,0,0.17848156348773725,4.194753128728311,missing
red4:lane3:snr18.0:seed4:frame22,18.0,22,cwz_joint,1,false,false,true,missing,false,true,gradient_only,8,203,0,0.21708260274022664,3.0061394948490294,missing
red4:lane3:snr18.0:seed4:frame23,18.0,23,cwz_joint,1,false,false,true,missing,false,true,gradient_only,8,202,0,0.3113570043271856,2.204787126433793,missing
red4:lane3:snr18.0:seed4:frame24,18.0,24,cwz_joint,4,false,false,true,missing,false,true,gradient_only,8,315,0,0.29213446799136783,3.697337174662839,missing
red4:lane3:snr18.0:seed4:frame25,18.0,25,cwz_joint,0,true,false,true,missing,false,true,gradient_only,8,110,0,0.17639160039962687,3.180844197033763,missing
red4:lane3:snr18.0:seed4:frame26,18.0,26,cwz_joint,0,true,false,true,missing,false,true,gradient_only,8,97,0,0.14897950564657428,6.028643952045799,missing
red4:lane3:snr18.0:seed4:frame27,18.0,27,cwz_joint,1,false,false,true,missing,false,true,gradient_only,8,177,0,0.17476731663420775,2.556282178046575,missing
red4:lane3:snr18.0:seed4:frame28,18.0,28,cwz_joint,2,false,false,true,missing,false,true,gradient_only,8,266,0,0.17946215693811407,3.604334015204312,missing
red4:lane3:snr18.0:seed4:frame29,18.0,29,cwz_joint,0,true,false,true,missing,false,true,gradient_only,8,59,0,0.13392524439690526,2.6218242336472257,missing
red4:lane3:snr18.0:seed4:frame30,18.0,30,cwz_joint,0,true,false,true,missing,false,true,gradient_only,8,87,0,0.3770987551131317,4.266491716233612,missing
red4:lane3:snr18.0:seed4:frame31,18.0,31,cwz_joint,2,false,false,true,missing,false,true,gradient_only,8,190,0,0.24435977228551925,2.676842983328627,missing
red4:lane3:snr18.0:seed4:frame32,18.0,32,cwz_joint,2,false,false,true,missing,false,true,gradient_only,8,227,0,0.5885649784053728,3.1640460631422784,missing
red4:lane3:snr18.0:seed4:frame33,18.0,33,cwz_joint,1,false,false,true,missing,false,true,gradient_only,8,197,0,0.1502302332279382,3.0212348157615754,missing
red4:lane3:snr18.0:seed4:frame34,18.0,34,cwz_joint,2,false,false,true,missing,false,true,gradient_only,8,197,0,0.38319824194357816,3.156028932718235,missing
red4:lane3:snr18.0:seed4:frame35,18.0,35,cwz_joint,0,true,false,true,missing,false,true,gradient_only,8,100,0,0.2988214252599501,3.8373027797799284,missing
red4:lane3:snr18.0:seed4:frame36,18.0,36,cwz_joint,0,true,false,true,missing,false,true,gradient_only,8,87,0,0.15105489574800665,3.7097774161201396,missing
red4:lane3:snr18.0:seed4:frame37,18.0,37,cwz_joint,2,false,false,true,missing,false,true,gradient_only,8,187,0,0.471852815719389,2.8978745242030044,missing
red4:lane3:snr18.0:seed4:frame38,18.0,38,cwz_joint,4,false,false,true,missing,false,true,gradient_only,8,256,0,0.33732559131445017,7.084509390086779,missing
red4:lane3:snr18.0:seed4:frame39,18.0,39,cwz_joint,1,false,false,true,missing,false,true,gradient_only,8,195,0,0.4328998074244872,8.852996039310117,missing
red4:lane3:snr18.0:seed4:frame40,18.0,40,cwz_joint,1,false,false,true,missing,false,true,gradient_only,8,180,0,1.3579848178254563,7.258095090769282,missing
red4:lane3:snr18.0:seed4:frame41,18.0,41,cwz_joint,1,false,false,true,missing,false,true,gradient_only,8,135,0,0.23381737710973394,2.674103536920169,missing
red4:lane3:snr18.0:seed4:frame42,18.0,42,cwz_joint,1,false,false,true,missing,false,true,gradient_only,8,252,0,1.170461276118559,3.47157087041179,missing
red4:lane3:snr18.0:seed4:frame43,18.0,43,cwz_joint,1,false,false,true,missing,false,true,gradient_only,8,161,0,0.19783568734746487,4.781350142359581,missing
red4:lane3:snr18.0:seed4:frame44,18.0,44,cwz_joint,0,true,false,true,missing,false,true,gradient_only,8,94,0,0.16679171683287614,3.066532834481416,missing
red4:lane3:snr18.0:seed4:frame45,18.0,45,cwz_joint,1,false,false,true,missing,false,true,gradient_only,8,168,0,0.1433818043279017,3.049155648724774,missing
red4:lane3:snr18.0:seed4:frame46,18.0,46,cwz_joint,2,false,false,true,missing,false,true,gradient_only,8,214,0,0.1654629331806964,3.3021776395670845,missing
red4:lane3:snr18.0:seed4:frame47,18.0,47,cwz_joint,3,false,false,true,missing,false,true,gradient_only,8,234,0,0.8255107620290264,4.398275815393559,missing
red4:lane3:snr18.0:seed4:frame48,18.0,48,cwz_joint,3,false,false,true,missing,false,true,gradient_only,8,161,0,0.29756375911814625,2.3552734303145355,missing
red4:lane3:snr18.0:seed4:frame49,18.0,49,cwz_joint,8,false,false,true,missing,false,true,gradient_only,8,276,0,0.20313013768116228,2.9227579711748257,missing
red4:lane3:snr18.0:seed4:frame50,18.0,50,cwz_joint,1,false,false,true,missing,false,true,gradient_only,8,155,0,0.37908979749881355,3.4540883149868953,missing
red4:lane3:snr18.0:seed4:frame51,18.0,51,cwz_joint,1,false,false,true,missing,false,true,gradient_only,8,74,0,0.14776193476752858,3.0916472380130102,missing
red4:lane3:snr18.0:seed4:frame52,18.0,52,cwz_joint,0,true,false,true,missing,false,true,gradient_only,8,95,0,0.23352602515423349,3.6334089109508954,missing
red4:lane3:snr18.0:seed4:frame53,18.0,53,cwz_joint,0,true,false,true,missing,false,true,gradient_only,8,121,0,0.5618990551382496,5.147777267656573,missing
red4:lane3:snr18.0:seed4:frame54,18.0,54,cwz_joint,0,true,false,true,missing,false,true,gradient_only,8,98,0,0.2752573832033173,5.859364323184236,missing
red4:lane3:snr18.0:seed4:frame55,18.0,55,cwz_joint,1,false,false,true,missing,false,true,gradient_only,8,165,0,0.1233276736339909,2.6411487263599316,missing
red4:lane3:snr18.0:seed4:frame56,18.0,56,cwz_joint,5,false,false,true,missing,false,true,gradient_only,8,272,0,0.2325364522340355,3.469751634297055,missing
red4:lane3:snr18.0:seed4:frame57,18.0,57,cwz_joint,0,true,false,true,missing,false,true,gradient_only,8,102,0,0.14312532415969897,3.9957505936042876,missing
red4:lane3:snr18.0:seed4:frame58,18.0,58,cwz_joint,2,false,false,true,missing,false,true,gradient_only,8,258,0,0.32315565847725874,3.449845515507434,missing
red4:lane3:snr18.0:seed4:frame59,18.0,59,cwz_joint,0,true,false,true,missing,false,true,gradient_only,8,159,0,0.17303271674173065,1.7320275614291152,missing
red4:lane3:snr18.0:seed4:frame60,18.0,60,cwz_joint,8,false,false,true,missing,false,true,gradient_only,8,226,0,0.3179857109738964,1.7163250087327289,missing
red4:lane3:snr18.0:seed4:frame1,18.0,1,profiled_cz,0,true,false,true,missing,false,true,gradient_only,1,132,0,0.24464471559799492,1.674299652099329,missing
red4:lane3:snr18.0:seed4:frame2,18.0,2,profiled_cz,1,false,false,true,missing,false,true,gradient_only,1,131,0,0.2597507443162123,1.2596021094975247,missing
red4:lane3:snr18.0:seed4:frame3,18.0,3,profiled_cz,0,true,false,true,missing,false,true,gradient_only,1,99,0,0.18043882735828992,1.1665475307114697,missing
red4:lane3:snr18.0:seed4:frame4,18.0,4,profiled_cz,7,false,false,true,missing,false,true,gradient_only,1,247,0,0.4156834100971039,1.6224568940561042,missing
red4:lane3:snr18.0:seed4:frame5,18.0,5,profiled_cz,0,true,false,false,missing,false,true,gradient_only,1,194,2,0.17946033722549634,1.164884534305162,missing
red4:lane3:snr18.0:seed4:frame6,18.0,6,profiled_cz,2,false,false,false,missing,false,true,gradient_only,1,217,6,0.22286801691121136,1.4698396930098623,missing
red4:lane3:snr18.0:seed4:frame7,18.0,7,profiled_cz,0,true,false,true,missing,false,true,gradient_only,1,132,0,0.41656823236491697,1.500851803007315,missing
red4:lane3:snr18.0:seed4:frame8,18.0,8,profiled_cz,0,true,false,true,missing,false,true,gradient_only,1,59,0,0.21956328224993304,0.8415580841359243,missing
red4:lane3:snr18.0:seed4:frame9,18.0,9,profiled_cz,1,false,false,true,missing,false,true,gradient_only,1,162,0,0.21945438937397538,1.0895644191234386,missing
red4:lane3:snr18.0:seed4:frame10,18.0,10,profiled_cz,1,false,false,false,missing,false,true,gradient_only,1,222,3,0.40351748654954317,1.1829755421296457,missing
red4:lane3:snr18.0:seed4:frame11,18.0,11,profiled_cz,1,false,false,true,missing,false,true,gradient_only,1,177,0,0.19580281889969267,1.1348945759940452,missing
red4:lane3:snr18.0:seed4:frame12,18.0,12,profiled_cz,0,true,false,true,missing,false,true,gradient_only,1,171,0,0.16311142084700306,1.1395307251879279,missing
red4:lane3:snr18.0:seed4:frame13,18.0,13,profiled_cz,4,false,false,true,missing,false,true,gradient_only,1,260,0,0.29721843560337097,1.6827824025049418,missing
red4:lane3:snr18.0:seed4:frame14,18.0,14,profiled_cz,0,true,false,true,missing,false,true,gradient_only,1,150,0,0.9968891845730266,1.127889435835973,missing
red4:lane3:snr18.0:seed4:frame15,18.0,15,profiled_cz,0,true,false,true,missing,false,true,gradient_only,1,93,0,0.24386113753218377,1.31477195675304,missing
red4:lane3:snr18.0:seed4:frame16,18.0,16,profiled_cz,0,true,false,true,missing,false,true,gradient_only,1,89,0,0.1505817414674701,1.079227822373349,missing
red4:lane3:snr18.0:seed4:frame17,18.0,17,profiled_cz,0,true,false,false,missing,false,true,gradient_only,1,174,8,0.41544363376362875,1.8798174153005711,missing
red4:lane3:snr18.0:seed4:frame18,18.0,18,profiled_cz,1,false,false,true,missing,false,true,gradient_only,1,127,0,0.2533698959076196,1.0154782207768895,missing
red4:lane3:snr18.0:seed4:frame19,18.0,19,profiled_cz,4,false,false,true,missing,false,true,gradient_only,1,239,0,0.5827283673532521,1.394842395179541,missing
red4:lane3:snr18.0:seed4:frame20,18.0,20,profiled_cz,3,false,false,true,missing,false,true,gradient_only,1,325,0,0.5199747835205641,2.5775267884332163,missing
red4:lane3:snr18.0:seed4:frame21,18.0,21,profiled_cz,0,true,false,true,missing,false,true,gradient_only,1,106,0,0.17848156348773725,1.2122690319735239,missing
red4:lane3:snr18.0:seed4:frame22,18.0,22,profiled_cz,1,false,false,true,missing,false,true,gradient_only,1,203,0,0.21708260274022664,1.194272251907013,missing
red4:lane3:snr18.0:seed4:frame23,18.0,23,profiled_cz,1,false,false,true,missing,false,true,gradient_only,1,202,0,0.3113570043271856,1.241761166787016,missing
red4:lane3:snr18.0:seed4:frame24,18.0,24,profiled_cz,4,false,false,false,missing,false,true,gradient_only,1,315,5,0.29213446799136783,1.4168891994127402,missing
red4:lane3:snr18.0:seed4:frame25,18.0,25,profiled_cz,0,true,false,true,missing,false,true,gradient_only,1,110,0,0.17639160039962687,0.9281202433197162,missing
red4:lane3:snr18.0:seed4:frame26,18.0,26,profiled_cz,0,true,false,true,missing,false,true,gradient_only,1,97,0,0.14897950564657428,1.6479468956867827,missing
red4:lane3:snr18.0:seed4:frame27,18.0,27,profiled_cz,1,false,false,true,missing,false,true,gradient_only,1,177,0,0.17476731663420775,1.1706934652397318,missing
red4:lane3:snr18.0:seed4:frame28,18.0,28,profiled_cz,2,false,false,true,missing,false,true,gradient_only,1,266,0,0.17946215693811407,1.482802476360483,missing
red4:lane3:snr18.0:seed4:frame29,18.0,29,profiled_cz,0,true,false,true,missing,false,true,gradient_only,1,59,0,0.13392524439690526,0.7041495744860075,missing
red4:lane3:snr18.0:seed4:frame30,18.0,30,profiled_cz,0,true,false,true,missing,false,true,gradient_only,1,87,0,0.3770987551131317,1.1846783659616738,missing
red4:lane3:snr18.0:seed4:frame31,18.0,31,profiled_cz,2,false,false,true,missing,false,true,gradient_only,6,190,0,0.24435977228551925,1.0939223229320676,missing
red4:lane3:snr18.0:seed4:frame32,18.0,32,profiled_cz,2,false,false,true,missing,false,true,gradient_only,1,227,0,0.5885649784053728,1.4468319627296866,missing
red4:lane3:snr18.0:seed4:frame33,18.0,33,profiled_cz,1,false,false,true,missing,false,true,gradient_only,1,197,0,0.1502302332279382,1.3555303544930004,missing
red4:lane3:snr18.0:seed4:frame34,18.0,34,profiled_cz,2,false,false,true,missing,false,true,gradient_only,1,197,0,0.38319824194357816,1.4535803608922546,missing
red4:lane3:snr18.0:seed4:frame35,18.0,35,profiled_cz,0,true,false,true,missing,false,true,gradient_only,1,100,0,0.2988214252599501,1.2055472346392337,missing
red4:lane3:snr18.0:seed4:frame36,18.0,36,profiled_cz,0,true,false,true,missing,false,true,gradient_only,1,87,0,0.15105489574800665,1.0678961098795505,missing
red4:lane3:snr18.0:seed4:frame37,18.0,37,profiled_cz,2,false,false,true,missing,false,true,gradient_only,1,187,0,0.471852815719389,1.2999249804486848,missing
red4:lane3:snr18.0:seed4:frame38,18.0,38,profiled_cz,4,false,false,false,missing,false,true,gradient_only,1,256,3,0.33732559131445017,3.2643231370399004,missing
red4:lane3:snr18.0:seed4:frame39,18.0,39,profiled_cz,1,false,false,false,missing,false,true,gradient_only,1,195,3,0.4328998074244872,2.185614972161477,missing
red4:lane3:snr18.0:seed4:frame40,18.0,40,profiled_cz,1,false,false,true,missing,false,true,gradient_only,1,180,0,1.3579848178254563,2.5077803275693533,missing
red4:lane3:snr18.0:seed4:frame41,18.0,41,profiled_cz,1,false,false,true,missing,false,true,gradient_only,1,135,0,0.23381737710973394,1.0730981996685567,missing
red4:lane3:snr18.0:seed4:frame42,18.0,42,profiled_cz,1,false,false,true,missing,false,true,gradient_only,1,252,0,1.170461276118559,1.260258910417843,missing
red4:lane3:snr18.0:seed4:frame43,18.0,43,profiled_cz,1,false,false,false,missing,false,true,gradient_only,1,161,3,0.19783568734746487,1.780227928895338,missing
red4:lane3:snr18.0:seed4:frame44,18.0,44,profiled_cz,0,true,false,true,missing,false,true,gradient_only,1,94,0,0.16679171683287614,0.8457760685681449,missing
red4:lane3:snr18.0:seed4:frame45,18.0,45,profiled_cz,1,false,false,true,missing,false,true,gradient_only,1,168,0,0.1433818043279017,1.1431828218046338,missing
red4:lane3:snr18.0:seed4:frame46,18.0,46,profiled_cz,2,false,false,true,missing,false,true,gradient_only,1,214,0,0.1654629331806964,1.3015764082528782,missing
red4:lane3:snr18.0:seed4:frame47,18.0,47,profiled_cz,3,false,false,true,missing,false,true,gradient_only,1,234,0,0.8255107620290264,1.5431965302635213,missing
red4:lane3:snr18.0:seed4:frame48,18.0,48,profiled_cz,3,false,false,true,missing,false,true,gradient_only,1,161,0,0.29756375911814625,3.223627519941337,missing
red4:lane3:snr18.0:seed4:frame49,18.0,49,profiled_cz,8,false,false,true,missing,false,true,gradient_only,1,276,0,0.20313013768116228,1.3681258771549052,missing
red4:lane3:snr18.0:seed4:frame50,18.0,50,profiled_cz,1,false,false,true,missing,false,true,gradient_only,1,155,0,0.37908979749881355,1.298351035476763,missing
red4:lane3:snr18.0:seed4:frame51,18.0,51,profiled_cz,1,false,false,true,missing,false,true,gradient_only,1,74,0,0.14776193476752858,0.9072259154612837,missing
red4:lane3:snr18.0:seed4:frame52,18.0,52,profiled_cz,0,true,false,true,missing,false,true,gradient_only,1,95,0,0.23352602515423349,1.0868031059655587,missing
red4:lane3:snr18.0:seed4:frame53,18.0,53,profiled_cz,0,true,false,true,missing,false,true,gradient_only,1,121,0,0.5618990551382496,1.3060663794822476,missing
red4:lane3:snr18.0:seed4:frame54,18.0,54,profiled_cz,0,true,false,true,missing,false,true,gradient_only,1,98,0,0.2752573832033173,1.3854941959411062,missing
red4:lane3:snr18.0:seed4:frame55,18.0,55,profiled_cz,1,false,false,true,missing,false,true,gradient_only,1,165,0,0.1233276736339909,1.060959593677344,missing
red4:lane3:snr18.0:seed4:frame56,18.0,56,profiled_cz,5,false,false,true,missing,false,true,gradient_only,1,272,0,0.2325364522340355,1.46706751683631,missing
red4:lane3:snr18.0:seed4:frame57,18.0,57,profiled_cz,0,true,false,true,missing,false,true,gradient_only,1,102,0,0.14312532415969897,1.0420310713401983,missing
red4:lane3:snr18.0:seed4:frame58,18.0,58,profiled_cz,2,false,false,false,missing,false,true,gradient_only,1,258,2,0.32315565847725874,1.4394469624525106,missing
red4:lane3:snr18.0:seed4:frame59,18.0,59,profiled_cz,0,true,false,true,missing,false,true,gradient_only,1,159,0,0.17303271674173065,1.1468913476928595,missing
red4:lane3:snr18.0:seed4:frame60,18.0,60,profiled_cz,8,false,false,true,missing,false,true,gradient_only,1,226,0,0.3179857109738964,1.447616604597149,missing
red4:lane3:snr20.0:seed4:frame1,20.0,1,cwz_joint,0,true,false,true,missing,false,true,gradient_only,8,118,0,0.18255186060500445,7.182880946820746,missing
red4:lane3:snr20.0:seed4:frame2,20.0,2,cwz_joint,1,false,false,true,missing,false,true,gradient_only,8,108,0,0.27136400519401177,3.7116979918272515,missing
red4:lane3:snr20.0:seed4:frame3,20.0,3,cwz_joint,0,true,false,true,missing,false,true,gradient_only,8,85,0,0.17843569171497708,4.010266236385627,missing
red4:lane3:snr20.0:seed4:frame4,20.0,4,cwz_joint,5,false,false,true,missing,false,true,gradient_only,8,220,0,0.22653547031562868,3.227923667271763,missing
red4:lane3:snr20.0:seed4:frame5,20.0,5,cwz_joint,0,true,false,true,missing,false,true,gradient_only,8,176,0,0.15132425060451782,2.2584447083464316,missing
red4:lane3:snr20.0:seed4:frame6,20.0,6,cwz_joint,2,false,false,true,missing,false,true,gradient_only,8,195,0,0.16574571290072562,3.3316245152633686,missing
red4:lane3:snr20.0:seed4:frame7,20.0,7,cwz_joint,0,true,false,true,missing,false,true,gradient_only,8,106,0,0.24513281676892712,4.5465217691297575,missing
red4:lane3:snr20.0:seed4:frame8,20.0,8,cwz_joint,0,true,false,true,missing,false,true,gradient_only,8,52,0,0.224812838205129,3.364241479363637,missing
red4:lane3:snr20.0:seed4:frame9,20.0,9,cwz_joint,1,false,false,true,missing,false,true,gradient_only,8,139,0,0.34665891898178675,2.6764954487813775,missing
red4:lane3:snr20.0:seed4:frame10,20.0,10,cwz_joint,0,true,false,true,missing,false,true,gradient_only,8,198,0,0.16583046101997356,2.7981667796612664,missing
red4:lane3:snr20.0:seed4:frame11,20.0,11,cwz_joint,0,true,false,true,missing,false,true,gradient_only,8,160,0,0.2269244334911774,2.92896258801118,missing
red4:lane3:snr20.0:seed4:frame12,20.0,12,cwz_joint,0,true,false,true,missing,false,true,gradient_only,8,156,0,0.19716349170425165,1.7140068765522016,missing
red4:lane3:snr20.0:seed4:frame13,20.0,13,cwz_joint,4,false,false,true,missing,false,true,gradient_only,8,244,0,0.3290387748205126,2.55074080190344,missing
red4:lane3:snr20.0:seed4:frame14,20.0,14,cwz_joint,0,true,false,true,missing,false,true,gradient_only,8,128,0,0.5280288190501888,3.614264592661454,missing
red4:lane3:snr20.0:seed4:frame15,20.0,15,cwz_joint,0,true,false,true,missing,false,true,gradient_only,8,87,0,0.1611381084403508,4.218469925140609,missing
red4:lane3:snr20.0:seed4:frame16,20.0,16,cwz_joint,0,true,false,true,missing,false,true,gradient_only,8,79,0,0.13251477975447956,4.058558013209157,missing
red4:lane3:snr20.0:seed4:frame17,20.0,17,cwz_joint,0,true,false,true,missing,false,true,gradient_only,8,158,0,6.035301622157684,6.537815665934058,missing
red4:lane3:snr20.0:seed4:frame18,20.0,18,cwz_joint,1,false,false,true,missing,false,true,gradient_only,8,108,0,0.6201204491927726,3.5309548422784287,missing
red4:lane3:snr20.0:seed4:frame19,20.0,19,cwz_joint,3,false,false,true,missing,false,true,gradient_only,8,220,0,0.23344724422130705,3.822775825530354,missing
red4:lane3:snr20.0:seed4:frame20,20.0,20,cwz_joint,3,false,false,true,missing,false,true,gradient_only,8,302,0,0.4669731764643579,3.930385117951262,missing
red4:lane3:snr20.0:seed4:frame21,20.0,21,cwz_joint,0,true,false,true,missing,false,true,gradient_only,8,102,0,0.14629033393165378,4.141620639347739,missing
red4:lane3:snr20.0:seed4:frame22,20.0,22,cwz_joint,1,false,false,true,missing,false,true,gradient_only,8,194,0,0.14914553190868138,2.9198439141158947,missing
red4:lane3:snr20.0:seed4:frame23,20.0,23,cwz_joint,0,true,false,true,missing,false,true,gradient_only,8,181,0,0.23340553471762052,2.1198427241645974,missing
red4:lane3:snr20.0:seed4:frame24,20.0,24,cwz_joint,1,false,false,true,missing,false,true,gradient_only,8,292,0,3.099106812067546,3.4902491063593466,missing
red4:lane3:snr20.0:seed4:frame25,20.0,25,cwz_joint,0,true,false,true,missing,false,true,gradient_only,8,97,0,0.27005947231991495,3.0580614465442992,missing
red4:lane3:snr20.0:seed4:frame26,20.0,26,cwz_joint,0,true,false,true,missing,false,true,gradient_only,8,87,0,0.11747314055175924,6.067429318454711,missing
red4:lane3:snr20.0:seed4:frame27,20.0,27,cwz_joint,0,true,false,true,missing,false,true,gradient_only,8,146,0,0.20465874448692542,2.434088939082933,missing
red4:lane3:snr20.0:seed4:frame28,20.0,28,cwz_joint,1,false,false,true,missing,false,true,gradient_only,8,239,0,0.18243443025632622,3.3870980731172624,missing
red4:lane3:snr20.0:seed4:frame29,20.0,29,cwz_joint,0,true,false,true,missing,false,true,gradient_only,8,48,0,0.10359880962991494,2.5575139151317954,missing
red4:lane3:snr20.0:seed4:frame30,20.0,30,cwz_joint,0,true,false,true,missing,false,true,gradient_only,8,78,0,0.2292144564971911,4.097554060032007,missing
red4:lane3:snr20.0:seed4:frame31,20.0,31,cwz_joint,0,true,false,true,missing,false,true,gradient_only,8,174,0,0.3284069432266613,2.612124167085896,missing
red4:lane3:snr20.0:seed4:frame32,20.0,32,cwz_joint,3,false,false,true,missing,false,true,gradient_only,8,208,0,0.23476559846390918,3.0617071896836703,missing
red4:lane3:snr20.0:seed4:frame33,20.0,33,cwz_joint,1,false,false,true,missing,false,true,gradient_only,8,181,0,0.13324288758217925,2.9417295147558424,missing
red4:lane3:snr20.0:seed4:frame34,20.0,34,cwz_joint,1,false,false,true,missing,false,true,gradient_only,8,187,0,0.30348812523245366,3.091635313835163,missing
red4:lane3:snr20.0:seed4:frame35,20.0,35,cwz_joint,0,true,false,true,missing,false,true,gradient_only,8,82,0,0.21533521860435112,3.7503242542905975,missing
red4:lane3:snr20.0:seed4:frame36,20.0,36,cwz_joint,0,true,false,true,missing,false,true,gradient_only,8,73,0,0.1224657531972323,3.666563066540187,missing
red4:lane3:snr20.0:seed4:frame37,20.0,37,cwz_joint,2,false,false,true,missing,false,true,gradient_only,8,182,0,0.14235263784121915,2.8251670531233994,missing
red4:lane3:snr20.0:seed4:frame38,20.0,38,cwz_joint,1,false,false,true,missing,false,true,gradient_only,8,251,0,0.3755346085265468,6.215396675195569,missing
red4:lane3:snr20.0:seed4:frame39,20.0,39,cwz_joint,1,false,false,true,missing,false,true,gradient_only,8,178,0,0.38000964206107574,8.639170910043779,missing
red4:lane3:snr20.0:seed4:frame40,20.0,40,cwz_joint,2,false,false,true,missing,false,true,gradient_only,8,151,0,0.3695148063569751,6.668823569955853,missing
red4:lane3:snr20.0:seed4:frame41,20.0,41,cwz_joint,1,false,false,true,missing,false,true,gradient_only,8,117,0,0.18456878568934373,2.583254278208568,missing
red4:lane3:snr20.0:seed4:frame42,20.0,42,cwz_joint,0,true,false,true,missing,false,true,gradient_only,8,224,0,0.22976249852246042,3.362268917855615,missing
red4:lane3:snr20.0:seed4:frame43,20.0,43,cwz_joint,0,true,false,true,missing,false,true,gradient_only,8,131,0,0.18199605247090214,4.552739743378183,missing
red4:lane3:snr20.0:seed4:frame44,20.0,44,cwz_joint,0,true,false,true,missing,false,true,gradient_only,8,84,0,0.1366188694012772,2.9503118520398712,missing
red4:lane3:snr20.0:seed4:frame45,20.0,45,cwz_joint,1,false,false,true,missing,false,true,gradient_only,8,158,0,0.3339194141062031,2.9211748112513236,missing
red4:lane3:snr20.0:seed4:frame46,20.0,46,cwz_joint,1,false,false,true,missing,false,true,gradient_only,8,201,0,0.18012354133380795,3.1916335731734122,missing
red4:lane3:snr20.0:seed4:frame47,20.0,47,cwz_joint,2,false,false,true,missing,false,true,gradient_only,8,210,0,0.17219974223149323,4.288135197764447,missing
red4:lane3:snr20.0:seed4:frame48,20.0,48,cwz_joint,5,false,false,true,missing,false,true,gradient_only,8,165,0,0.6694249511485553,3.3859379596815224,missing
red4:lane3:snr20.0:seed4:frame49,20.0,49,cwz_joint,6,false,false,true,missing,false,true,gradient_only,8,255,0,0.2536169514075468,2.8432321174391393,missing
red4:lane3:snr20.0:seed4:frame50,20.0,50,cwz_joint,0,true,false,true,missing,false,true,gradient_only,8,128,0,0.22488355154852674,3.51517280646057,missing
red4:lane3:snr20.0:seed4:frame51,20.0,51,cwz_joint,0,true,false,true,missing,false,true,gradient_only,8,56,0,0.09290007643100387,2.9559518516789387,missing
red4:lane3:snr20.0:seed4:frame52,20.0,52,cwz_joint,0,true,false,true,missing,false,true,gradient_only,8,79,0,0.29304262168054995,3.552424818762513,missing
red4:lane3:snr20.0:seed4:frame53,20.0,53,cwz_joint,0,true,false,true,missing,false,true,gradient_only,8,96,0,0.17367586868719967,4.790274121325683,missing
red4:lane3:snr20.0:seed4:frame54,20.0,54,cwz_joint,0,true,false,true,missing,false,true,gradient_only,8,93,0,0.2630023488296366,5.692241549522513,missing
red4:lane3:snr20.0:seed4:frame55,20.0,55,cwz_joint,0,true,false,true,missing,false,true,gradient_only,8,155,0,0.10743140252934395,2.5767175689862913,missing
red4:lane3:snr20.0:seed4:frame56,20.0,56,cwz_joint,2,false,false,true,missing,false,true,gradient_only,8,243,0,0.25512107323339794,3.251579498537844,missing
red4:lane3:snr20.0:seed4:frame57,20.0,57,cwz_joint,0,true,false,true,missing,false,true,gradient_only,8,86,0,0.11516539439129192,3.791841228960183,missing
red4:lane3:snr20.0:seed4:frame58,20.0,58,cwz_joint,0,true,false,true,missing,false,true,gradient_only,8,236,0,0.3043289724514252,3.325071521824025,missing
red4:lane3:snr20.0:seed4:frame59,20.0,59,cwz_joint,0,true,false,true,missing,false,true,gradient_only,8,145,0,0.16206076478463982,1.6893040167291167,missing
red4:lane3:snr20.0:seed4:frame60,20.0,60,cwz_joint,8,false,false,true,missing,false,true,gradient_only,8,210,0,0.4934933887846294,1.6781728849853725,missing
red4:lane3:snr20.0:seed4:frame1,20.0,1,profiled_cz,0,true,false,true,missing,false,true,gradient_only,1,118,0,0.18255186060500445,1.6505539295576328,missing
red4:lane3:snr20.0:seed4:frame2,20.0,2,profiled_cz,1,false,false,true,missing,false,true,gradient_only,1,108,0,0.27136400519401177,1.2409171930223435,missing
red4:lane3:snr20.0:seed4:frame3,20.0,3,profiled_cz,0,true,false,true,missing,false,true,gradient_only,1,85,0,0.17843569171497708,1.1286802258988677,missing
red4:lane3:snr20.0:seed4:frame4,20.0,4,profiled_cz,5,false,false,true,missing,false,true,gradient_only,1,220,0,0.22653547031562868,1.5487567446888022,missing
red4:lane3:snr20.0:seed4:frame5,20.0,5,profiled_cz,0,true,false,true,missing,false,true,gradient_only,1,176,0,0.15132425060451782,1.1205883911251604,missing
red4:lane3:snr20.0:seed4:frame6,20.0,6,profiled_cz,2,false,false,false,missing,false,true,gradient_only,1,195,6,0.16574571290072562,1.3906910207016139,missing
red4:lane3:snr20.0:seed4:frame7,20.0,7,profiled_cz,0,true,false,true,missing,false,true,gradient_only,1,106,0,0.24513281676892712,1.4026407835906678,missing
red4:lane3:snr20.0:seed4:frame8,20.0,8,profiled_cz,0,true,false,true,missing,false,true,gradient_only,1,52,0,0.224812838205129,0.8031153666634598,missing
red4:lane3:snr20.0:seed4:frame9,20.0,9,profiled_cz,1,false,false,true,missing,false,true,gradient_only,1,139,0,0.34665891898178675,1.0460555643496834,missing
red4:lane3:snr20.0:seed4:frame10,20.0,10,profiled_cz,0,true,false,true,missing,false,true,gradient_only,1,198,0,0.16583046101997356,1.1207165744658645,missing
red4:lane3:snr20.0:seed4:frame11,20.0,11,profiled_cz,0,true,false,true,missing,false,true,gradient_only,1,160,0,0.2269244334911774,1.0824950798336483,missing
red4:lane3:snr20.0:seed4:frame12,20.0,12,profiled_cz,0,true,false,true,missing,false,true,gradient_only,1,156,0,0.19716349170425165,1.0942039116397198,missing
red4:lane3:snr20.0:seed4:frame13,20.0,13,profiled_cz,4,false,false,true,missing,false,true,gradient_only,1,244,0,0.3290387748205126,1.4598614756546209,missing
red4:lane3:snr20.0:seed4:frame14,20.0,14,profiled_cz,0,true,false,true,missing,false,true,gradient_only,1,128,0,0.5280288190501888,1.0677457757275022,missing
red4:lane3:snr20.0:seed4:frame15,20.0,15,profiled_cz,0,true,false,true,missing,false,true,gradient_only,1,87,0,0.1611381084403508,1.2512499979617533,missing
red4:lane3:snr20.0:seed4:frame16,20.0,16,profiled_cz,0,true,false,true,missing,false,true,gradient_only,1,79,0,0.13251477975447956,1.0623671977642957,missing
red4:lane3:snr20.0:seed4:frame17,20.0,17,profiled_cz,0,true,false,true,missing,false,true,gradient_only,1,158,0,6.035301622157684,1.8968254467946017,missing
red4:lane3:snr20.0:seed4:frame18,20.0,18,profiled_cz,1,false,false,true,missing,false,true,gradient_only,1,108,0,0.6201204491927726,0.9593343914193746,missing
red4:lane3:snr20.0:seed4:frame19,20.0,19,profiled_cz,3,false,false,true,missing,false,true,gradient_only,1,220,0,0.23344724422130705,1.2822602229779394,missing
red4:lane3:snr20.0:seed4:frame20,20.0,20,profiled_cz,3,false,false,true,missing,false,true,gradient_only,1,302,0,0.4669731764643579,2.2396696551248336,missing
red4:lane3:snr20.0:seed4:frame21,20.0,21,profiled_cz,0,true,false,true,missing,false,true,gradient_only,1,102,0,0.14629033393165378,1.1071084025879707,missing
red4:lane3:snr20.0:seed4:frame22,20.0,22,profiled_cz,1,false,false,true,missing,false,true,gradient_only,1,194,0,0.14914553190868138,1.134032943829619,missing
red4:lane3:snr20.0:seed4:frame23,20.0,23,profiled_cz,0,true,false,true,missing,false,true,gradient_only,1,181,0,0.23340553471762052,1.1824314380209318,missing
red4:lane3:snr20.0:seed4:frame24,20.0,24,profiled_cz,1,false,false,true,missing,false,true,gradient_only,1,292,0,3.099106812067546,1.3385475934693671,missing
red4:lane3:snr20.0:seed4:frame25,20.0,25,profiled_cz,0,true,false,true,missing,false,true,gradient_only,1,97,0,0.27005947231991495,0.8705019293298265,missing
red4:lane3:snr20.0:seed4:frame26,20.0,26,profiled_cz,0,true,false,true,missing,false,true,gradient_only,1,87,0,0.11747314055175924,1.6578897986476606,missing
red4:lane3:snr20.0:seed4:frame27,20.0,27,profiled_cz,0,true,false,true,missing,false,true,gradient_only,1,146,0,0.20465874448692542,1.0914147576264226,missing
red4:lane3:snr20.0:seed4:frame28,20.0,28,profiled_cz,0,true,false,false,missing,false,true,gradient_only,1,239,3,0.18243443025632622,1.3252037297110268,missing
red4:lane3:snr20.0:seed4:frame29,20.0,29,profiled_cz,0,true,false,true,missing,false,true,gradient_only,1,48,0,0.10359880962991494,0.6803761628077724,missing
red4:lane3:snr20.0:seed4:frame30,20.0,30,profiled_cz,0,true,false,true,missing,false,true,gradient_only,1,78,0,0.2292144564971911,1.116159073170925,missing
red4:lane3:snr20.0:seed4:frame31,20.0,31,profiled_cz,0,true,false,true,missing,false,true,gradient_only,1,174,0,0.3284069432266613,1.0632222803314804,missing
red4:lane3:snr20.0:seed4:frame32,20.0,32,profiled_cz,3,false,false,true,missing,false,true,gradient_only,1,208,0,0.23476559846390918,1.3833954383549576,missing
red4:lane3:snr20.0:seed4:frame33,20.0,33,profiled_cz,1,false,false,true,missing,false,true,gradient_only,1,181,0,0.13324288758217925,1.2773875417242062,missing
red4:lane3:snr20.0:seed4:frame34,20.0,34,profiled_cz,1,false,false,false,missing,false,true,gradient_only,1,187,4,0.30348812523245366,1.3908366466284543,missing
red4:lane3:snr20.0:seed4:frame35,20.0,35,profiled_cz,0,true,false,true,missing,false,true,gradient_only,1,82,0,0.21533521860435112,1.1580562483100105,missing
red4:lane3:snr20.0:seed4:frame36,20.0,36,profiled_cz,0,true,false,true,missing,false,true,gradient_only,1,73,0,0.1224657531972323,1.0355544021982603,missing
red4:lane3:snr20.0:seed4:frame37,20.0,37,profiled_cz,2,false,false,false,missing,false,true,gradient_only,1,182,2,0.14235263784121915,1.2302301739330408,missing
red4:lane3:snr20.0:seed4:frame38,20.0,38,profiled_cz,1,false,false,true,missing,false,true,gradient_only,1,251,0,0.3755346085265468,2.6166794343596873,missing
red4:lane3:snr20.0:seed4:frame39,20.0,39,profiled_cz,1,false,false,false,missing,false,true,gradient_only,1,178,3,0.38000964206107574,2.2479190597635963,missing
red4:lane3:snr20.0:seed4:frame40,20.0,40,profiled_cz,2,false,false,false,missing,false,true,gradient_only,1,151,3,0.3695148063569751,2.1710399391167665,missing
red4:lane3:snr20.0:seed4:frame41,20.0,41,profiled_cz,1,false,false,true,missing,false,true,gradient_only,1,117,0,0.18456878568934373,1.0393481326522735,missing
red4:lane3:snr20.0:seed4:frame42,20.0,42,profiled_cz,0,true,false,true,missing,false,true,gradient_only,1,224,0,0.22976249852246042,1.1885541657778353,missing
red4:lane3:snr20.0:seed4:frame43,20.0,43,profiled_cz,0,true,false,true,missing,false,true,gradient_only,1,131,0,0.18199605247090214,1.6857487944123821,missing
red4:lane3:snr20.0:seed4:frame44,20.0,44,profiled_cz,0,true,false,true,missing,false,true,gradient_only,1,84,0,0.1366188694012772,0.8012098295707254,missing
red4:lane3:snr20.0:seed4:frame45,20.0,45,profiled_cz,1,false,false,true,missing,false,true,gradient_only,1,158,0,0.3339194141062031,1.0905087734361674,missing
red4:lane3:snr20.0:seed4:frame46,20.0,46,profiled_cz,1,false,false,false,missing,false,true,gradient_only,1,201,6,0.18012354133380795,1.247645541442755,missing
red4:lane3:snr20.0:seed4:frame47,20.0,47,profiled_cz,2,false,false,true,missing,false,true,gradient_only,1,210,0,0.17219974223149323,1.4946611328500776,missing
red4:lane3:snr20.0:seed4:frame48,20.0,48,profiled_cz,5,false,false,true,missing,false,true,gradient_only,1,165,0,0.6694249511485553,3.3396624628477056,missing
red4:lane3:snr20.0:seed4:frame49,20.0,49,profiled_cz,6,false,false,true,missing,false,true,gradient_only,1,255,0,0.2536169514075468,1.3023220540624159,missing
red4:lane3:snr20.0:seed4:frame50,20.0,50,profiled_cz,0,true,false,true,missing,false,true,gradient_only,1,128,0,0.22488355154852674,1.171623459543476,missing
red4:lane3:snr20.0:seed4:frame51,20.0,51,profiled_cz,0,true,false,true,missing,false,true,gradient_only,1,56,0,0.09290007643100387,0.8556402741320493,missing
red4:lane3:snr20.0:seed4:frame52,20.0,52,profiled_cz,0,true,false,true,missing,false,true,gradient_only,1,79,0,0.29304262168054995,1.022479378518889,missing
red4:lane3:snr20.0:seed4:frame53,20.0,53,profiled_cz,0,true,false,true,missing,false,true,gradient_only,1,96,0,0.17367586868719967,1.1947118180355705,missing
red4:lane3:snr20.0:seed4:frame54,20.0,54,profiled_cz,0,true,false,true,missing,false,true,gradient_only,1,93,0,0.2630023488296366,1.4673040870925902,missing
red4:lane3:snr20.0:seed4:frame55,20.0,55,profiled_cz,0,true,false,true,missing,false,true,gradient_only,1,155,0,0.10743140252934395,1.0177935863455692,missing
red4:lane3:snr20.0:seed4:frame56,20.0,56,profiled_cz,2,false,false,true,missing,false,true,gradient_only,1,243,0,0.25512107323339794,1.351125663983135,missing
red4:lane3:snr20.0:seed4:frame57,20.0,57,profiled_cz,0,true,false,true,missing,false,true,gradient_only,1,86,0,0.11516539439129192,0.9534261931703605,missing
red4:lane3:snr20.0:seed4:frame58,20.0,58,profiled_cz,0,true,false,true,missing,false,true,gradient_only,1,236,0,0.3043289724514252,1.35860806989916,missing
red4:lane3:snr20.0:seed4:frame59,20.0,59,profiled_cz,0,true,false,true,missing,false,true,gradient_only,1,145,0,0.16206076478463982,1.0908325820316809,missing
red4:lane3:snr20.0:seed4:frame60,20.0,60,profiled_cz,8,false,false,true,missing,false,true,gradient_only,1,210,0,0.4934933887846294,1.4329192861428053,missing
red4:lane3:snr22.0:seed4:frame1,22.0,1,cwz_joint,0,true,false,true,missing,false,true,gradient_only,8,107,0,0.24124506967652173,7.086479518691442,missing
red4:lane3:snr22.0:seed4:frame2,22.0,2,cwz_joint,1,false,false,true,missing,false,true,gradient_only,8,95,0,0.31148554759215713,3.6693989107947305,missing
red4:lane3:snr22.0:seed4:frame3,22.0,3,cwz_joint,0,true,false,true,missing,false,true,gradient_only,8,80,0,0.11261624145423181,3.9242731157262205,missing
red4:lane3:snr22.0:seed4:frame4,22.0,4,cwz_joint,3,false,false,true,missing,false,true,gradient_only,8,211,0,0.22702915760204836,3.125684056283172,missing
red4:lane3:snr22.0:seed4:frame5,22.0,5,cwz_joint,0,true,false,true,missing,false,true,gradient_only,8,168,0,0.1615156660591209,2.2205610598568852,missing
red4:lane3:snr22.0:seed4:frame6,22.0,6,cwz_joint,2,false,false,true,missing,false,true,gradient_only,8,191,0,0.1544503966529593,3.273055041310646,missing
red4:lane3:snr22.0:seed4:frame7,22.0,7,cwz_joint,0,true,false,true,missing,false,true,gradient_only,8,81,0,0.2112568055340836,4.4357732505514225,missing
red4:lane3:snr22.0:seed4:frame8,22.0,8,cwz_joint,0,true,false,true,missing,false,true,gradient_only,8,44,0,0.275621931480811,3.3186167833147775,missing
red4:lane3:snr22.0:seed4:frame9,22.0,9,cwz_joint,3,false,false,true,missing,false,true,gradient_only,8,140,0,0.40497662733443984,2.6249167950839074,missing
red4:lane3:snr22.0:seed4:frame10,22.0,10,cwz_joint,0,true,false,true,missing,false,true,gradient_only,8,189,0,0.14007529603398527,2.7393683162828224,missing
red4:lane3:snr22.0:seed4:frame11,22.0,11,cwz_joint,0,true,false,true,missing,false,true,gradient_only,8,139,0,0.15010189011530958,2.8687530267217243,missing
red4:lane3:snr22.0:seed4:frame12,22.0,12,cwz_joint,0,true,false,true,missing,false,true,gradient_only,8,143,0,0.14404040570007598,1.6890212342004773,missing
red4:lane3:snr22.0:seed4:frame13,22.0,13,cwz_joint,3,false,false,true,missing,false,true,gradient_only,8,237,0,0.6382600826003858,2.5625164800999256,missing
red4:lane3:snr22.0:seed4:frame14,22.0,14,cwz_joint,0,true,false,true,missing,false,true,gradient_only,8,117,0,0.3251794394531609,3.5349474731954094,missing
red4:lane3:snr22.0:seed4:frame15,22.0,15,cwz_joint,0,true,false,true,missing,false,true,gradient_only,8,73,0,0.13437353845992298,4.199363368656608,missing
red4:lane3:snr22.0:seed4:frame16,22.0,16,cwz_joint,0,true,false,true,missing,false,true,gradient_only,8,73,0,0.11592717268275976,4.00577263178072,missing
red4:lane3:snr22.0:seed4:frame17,22.0,17,cwz_joint,1,false,false,true,missing,false,true,gradient_only,8,152,0,0.5058506649824194,6.27772313293887,missing
red4:lane3:snr22.0:seed4:frame18,22.0,18,cwz_joint,1,false,false,true,missing,false,true,gradient_only,8,97,0,0.34070080351674953,3.4173203505629477,missing
red4:lane3:snr22.0:seed4:frame19,22.0,19,cwz_joint,3,false,false,true,missing,false,true,gradient_only,8,221,0,0.18581622971517522,3.6936675957548366,missing
red4:lane3:snr22.0:seed4:frame20,22.0,20,cwz_joint,3,false,false,true,missing,false,true,gradient_only,8,293,0,0.37639692571864103,3.6959199393864046,missing
red4:lane3:snr22.0:seed4:frame21,22.0,21,cwz_joint,0,true,false,true,missing,false,true,gradient_only,8,86,0,0.13913465393659863,4.114388938371612,missing
red4:lane3:snr22.0:seed4:frame22,22.0,22,cwz_joint,1,false,false,true,missing,false,true,gradient_only,8,188,0,0.13490583566205286,2.8631649431691404,missing
red4:lane3:snr22.0:seed4:frame23,22.0,23,cwz_joint,0,true,false,true,missing,false,true,gradient_only,8,166,0,0.47845991137514077,2.0639742925635023,missing
red4:lane3:snr22.0:seed4:frame24,22.0,24,cwz_joint,1,false,false,true,missing,false,true,gradient_only,8,270,0,0.20207673299541937,3.357269021876742,missing
red4:lane3:snr22.0:seed4:frame25,22.0,25,cwz_joint,0,true,false,true,missing,false,true,gradient_only,8,80,0,0.13045001639607762,2.9785125964649346,missing
red4:lane3:snr22.0:seed4:frame26,22.0,26,cwz_joint,0,true,false,true,missing,false,true,gradient_only,8,79,0,0.10769558337149923,6.115854242393623,missing
red4:lane3:snr22.0:seed4:frame27,22.0,27,cwz_joint,0,true,false,true,missing,false,true,gradient_only,8,125,0,0.13296225056527528,2.350685404328203,missing
red4:lane3:snr22.0:seed4:frame28,22.0,28,cwz_joint,0,true,false,true,missing,false,true,gradient_only,8,218,0,0.1488921318359285,3.2380240182677267,missing
red4:lane3:snr22.0:seed4:frame29,22.0,29,cwz_joint,0,true,false,true,missing,false,true,gradient_only,8,36,0,0.1089012999834256,2.516390721767602,missing
red4:lane3:snr22.0:seed4:frame30,22.0,30,cwz_joint,0,true,false,true,missing,false,true,gradient_only,8,66,0,0.19267002352544352,3.9836709579172096,missing
red4:lane3:snr22.0:seed4:frame31,22.0,31,cwz_joint,0,true,false,true,missing,false,true,gradient_only,8,143,0,0.3838010223954068,2.573637994194544,missing
red4:lane3:snr22.0:seed4:frame32,22.0,32,cwz_joint,3,false,false,true,missing,false,true,gradient_only,8,199,0,0.2082541280496154,2.9993754469882288,missing
red4:lane3:snr22.0:seed4:frame33,22.0,33,cwz_joint,0,true,false,true,missing,false,true,gradient_only,8,164,0,0.14286075101087267,2.8939413228740807,missing
red4:lane3:snr22.0:seed4:frame34,22.0,34,cwz_joint,1,false,false,true,missing,false,true,gradient_only,8,170,0,0.23593822937991443,3.0545291503193712,missing
red4:lane3:snr22.0:seed4:frame35,22.0,35,cwz_joint,0,true,false,true,missing,false,true,gradient_only,8,78,0,0.19554311030616425,3.69136219839171,missing
red4:lane3:snr22.0:seed4:frame36,22.0,36,cwz_joint,0,true,false,true,missing,false,true,gradient_only,8,70,0,0.11762552953861798,3.6445586341976384,missing
red4:lane3:snr22.0:seed4:frame37,22.0,37,cwz_joint,1,false,false,true,missing,false,true,gradient_only,8,158,0,0.14748657471679127,2.7778279016346414,missing
red4:lane3:snr22.0:seed4:frame38,22.0,38,cwz_joint,2,false,false,true,missing,false,true,gradient_only,8,240,0,0.42484606653046175,5.5738964521165055,missing
red4:lane3:snr22.0:seed4:frame39,22.0,39,cwz_joint,0,true,false,true,missing,false,true,gradient_only,8,157,0,0.3762102992671567,8.485124266153878,missing
red4:lane3:snr22.0:seed4:frame40,22.0,40,cwz_joint,1,false,false,true,missing,false,true,gradient_only,8,133,0,0.30555800837823716,6.246085976948652,missing
red4:lane3:snr22.0:seed4:frame41,22.0,41,cwz_joint,1,false,false,true,missing,false,true,gradient_only,8,112,0,0.2107725993818454,2.5234935484916203,missing
red4:lane3:snr22.0:seed4:frame42,22.0,42,cwz_joint,1,false,false,true,missing,false,true,gradient_only,8,212,0,0.24833624687364875,3.294699404364396,missing
red4:lane3:snr22.0:seed4:frame43,22.0,43,cwz_joint,0,true,false,true,missing,false,true,gradient_only,8,114,0,0.30117960021473156,4.399954368865807,missing
red4:lane3:snr22.0:seed4:frame44,22.0,44,cwz_joint,0,true,false,true,missing,false,true,gradient_only,8,70,0,0.14288855242883747,2.8744266279985355,missing
red4:lane3:snr22.0:seed4:frame45,22.0,45,cwz_joint,1,false,false,true,missing,false,true,gradient_only,8,149,0,0.1249299578867794,2.8341647470489337,missing
red4:lane3:snr22.0:seed4:frame46,22.0,46,cwz_joint,1,false,false,true,missing,false,true,gradient_only,8,189,0,0.16660983811955457,3.120315564177566,missing
red4:lane3:snr22.0:seed4:frame47,22.0,47,cwz_joint,1,false,false,true,missing,false,true,gradient_only,8,197,0,0.14020814991899577,4.217566305525873,missing
red4:lane3:snr22.0:seed4:frame48,22.0,48,cwz_joint,2,false,false,true,missing,false,true,gradient_only,8,161,0,0.28567772726652185,3.3230362435179024,missing
red4:lane3:snr22.0:seed4:frame49,22.0,49,cwz_joint,5,false,false,true,missing,false,true,gradient_only,8,241,0,0.16301796742803218,2.791213813441081,missing
red4:lane3:snr22.0:seed4:frame50,22.0,50,cwz_joint,0,true,false,true,missing,false,true,gradient_only,8,117,0,0.15342900212338428,3.597709447672867,missing
red4:lane3:snr22.0:seed4:frame51,22.0,51,cwz_joint,0,true,false,true,missing,false,true,gradient_only,8,50,0,0.23286507877151982,2.8667930699794018,missing
red4:lane3:snr22.0:seed4:frame52,22.0,52,cwz_joint,0,true,false,true,missing,false,true,gradient_only,8,66,0,0.39222215786674813,3.502175435612314,missing
red4:lane3:snr22.0:seed4:frame53,22.0,53,cwz_joint,0,true,false,true,missing,false,true,gradient_only,8,86,0,0.170502411776983,4.536750952717459,missing
red4:lane3:snr22.0:seed4:frame54,22.0,54,cwz_joint,1,false,false,true,missing,false,true,gradient_only,8,88,0,0.12504493416381046,5.568494215214603,missing
red4:lane3:snr22.0:seed4:frame55,22.0,55,cwz_joint,0,true,false,true,missing,false,true,gradient_only,8,145,0,0.0971442854970504,2.5367582184611948,missing
red4:lane3:snr22.0:seed4:frame56,22.0,56,cwz_joint,2,false,false,true,missing,false,true,gradient_only,8,236,0,0.7028823359526185,3.110295694107387,missing
red4:lane3:snr22.0:seed4:frame57,22.0,57,cwz_joint,0,true,false,true,missing,false,true,gradient_only,8,66,0,0.1310104287514067,3.6491453976333927,missing
red4:lane3:snr22.0:seed4:frame58,22.0,58,cwz_joint,0,true,false,true,missing,false,true,gradient_only,8,230,0,0.26818656459212564,3.2450254332161106,missing
red4:lane3:snr22.0:seed4:frame59,22.0,59,cwz_joint,1,false,false,true,missing,false,true,gradient_only,8,145,0,0.1992987924661504,1.6652966400080633,missing
red4:lane3:snr22.0:seed4:frame60,22.0,60,cwz_joint,7,false,false,true,missing,false,true,gradient_only,8,208,0,0.2404536873634165,1.6521384834680704,missing
red4:lane3:snr22.0:seed4:frame1,22.0,1,profiled_cz,0,true,false,true,missing,false,true,gradient_only,1,107,0,0.24124506967652173,1.5396686626655711,missing
red4:lane3:snr22.0:seed4:frame2,22.0,2,profiled_cz,1,false,false,true,missing,false,true,gradient_only,1,95,0,0.31148554759215713,1.2337411077600033,missing
red4:lane3:snr22.0:seed4:frame3,22.0,3,profiled_cz,0,true,false,true,missing,false,true,gradient_only,1,80,0,0.11261624145423181,1.1004379691433848,missing
red4:lane3:snr22.0:seed4:frame4,22.0,4,profiled_cz,3,false,false,true,missing,false,true,gradient_only,1,211,0,0.22702915760204836,1.4932615685596136,missing
red4:lane3:snr22.0:seed4:frame5,22.0,5,profiled_cz,0,true,false,true,missing,false,true,gradient_only,1,168,0,0.1615156660591209,1.086316563632975,missing
red4:lane3:snr22.0:seed4:frame6,22.0,6,profiled_cz,2,false,false,false,missing,false,true,gradient_only,1,191,6,0.1544503966529593,1.3450620825553243,missing
red4:lane3:snr22.0:seed4:frame7,22.0,7,profiled_cz,0,true,false,true,missing,false,true,gradient_only,1,81,0,0.2112568055340836,1.344300503722312,missing
red4:lane3:snr22.0:seed4:frame8,22.0,8,profiled_cz,0,true,false,true,missing,false,true,gradient_only,1,44,0,0.275621931480811,0.7910882822185441,missing
red4:lane3:snr22.0:seed4:frame9,22.0,9,profiled_cz,3,false,false,true,missing,false,true,gradient_only,1,140,0,0.40497662733443984,1.008513299345258,missing
red4:lane3:snr22.0:seed4:frame10,22.0,10,profiled_cz,0,true,false,true,missing,false,true,gradient_only,1,189,0,0.14007529603398527,1.078203331752035,missing
red4:lane3:snr22.0:seed4:frame11,22.0,11,profiled_cz,0,true,false,true,missing,false,true,gradient_only,1,139,0,0.15010189011530958,1.0558497118224535,missing
red4:lane3:snr22.0:seed4:frame12,22.0,12,profiled_cz,0,true,false,true,missing,false,true,gradient_only,1,143,0,0.14404040570007598,1.0666009153315232,missing
red4:lane3:snr22.0:seed4:frame13,22.0,13,profiled_cz,3,false,false,true,missing,false,true,gradient_only,1,237,0,0.6382600826003858,1.3088105501263718,missing
red4:lane3:snr22.0:seed4:frame14,22.0,14,profiled_cz,0,true,false,true,missing,false,true,gradient_only,1,117,0,0.3251794394531609,1.0180402278792275,missing
red4:lane3:snr22.0:seed4:frame15,22.0,15,profiled_cz,0,true,false,true,missing,false,true,gradient_only,1,73,0,0.13437353845992298,1.207682962742884,missing
red4:lane3:snr22.0:seed4:frame16,22.0,16,profiled_cz,0,true,false,true,missing,false,true,gradient_only,1,73,0,0.11592717268275976,1.0312640376792954,missing
red4:lane3:snr22.0:seed4:frame17,22.0,17,profiled_cz,1,false,false,false,missing,false,true,gradient_only,1,152,3,0.5058506649824194,1.6879113590208707,missing
red4:lane3:snr22.0:seed4:frame18,22.0,18,profiled_cz,1,false,false,false,missing,false,true,gradient_only,1,97,3,0.34070080351674953,0.9161827299058725,missing
red4:lane3:snr22.0:seed4:frame19,22.0,19,profiled_cz,3,false,false,true,missing,false,true,gradient_only,1,221,0,0.18581622971517522,1.2478545011834086,missing
red4:lane3:snr22.0:seed4:frame20,22.0,20,profiled_cz,3,false,false,true,missing,false,true,gradient_only,1,293,0,0.37639692571864103,1.9639494018873518,missing
red4:lane3:snr22.0:seed4:frame21,22.0,21,profiled_cz,0,true,false,true,missing,false,true,gradient_only,1,86,0,0.13913465393659863,1.1435462685115512,missing
red4:lane3:snr22.0:seed4:frame22,22.0,22,profiled_cz,1,false,false,true,missing,false,true,gradient_only,1,188,0,0.13490583566205286,1.0962117560157458,missing
red4:lane3:snr22.0:seed4:frame23,22.0,23,profiled_cz,0,true,false,true,missing,false,true,gradient_only,1,166,0,0.47845991137514077,1.1933460443925676,missing
red4:lane3:snr22.0:seed4:frame24,22.0,24,profiled_cz,1,false,false,false,missing,false,true,gradient_only,1,270,2,0.20207673299541937,1.293776640058916,missing
red4:lane3:snr22.0:seed4:frame25,22.0,25,profiled_cz,0,true,false,true,missing,false,true,gradient_only,1,80,0,0.13045001639607762,0.8163391229608481,missing
red4:lane3:snr22.0:seed4:frame26,22.0,26,profiled_cz,0,true,false,true,missing,false,true,gradient_only,1,79,0,0.10769558337149923,1.608772581669324,missing
red4:lane3:snr22.0:seed4:frame27,22.0,27,profiled_cz,0,true,false,true,missing,false,true,gradient_only,1,125,0,0.13296225056527528,1.0317186970455088,missing
red4:lane3:snr22.0:seed4:frame28,22.0,28,profiled_cz,0,true,false,true,missing,false,true,gradient_only,1,218,0,0.1488921318359285,1.2159352812165598,missing
red4:lane3:snr22.0:seed4:frame29,22.0,29,profiled_cz,0,true,false,true,missing,false,true,gradient_only,1,36,0,0.1089012999834256,0.6654699870598829,missing
red4:lane3:snr22.0:seed4:frame30,22.0,30,profiled_cz,0,true,false,true,missing,false,true,gradient_only,1,66,0,0.19267002352544352,1.0829535820859149,missing
red4:lane3:snr22.0:seed4:frame31,22.0,31,profiled_cz,0,true,false,true,missing,false,true,gradient_only,1,143,0,0.3838010223954068,1.0489553494374013,missing
red4:lane3:snr22.0:seed4:frame32,22.0,32,profiled_cz,3,false,false,true,missing,false,true,gradient_only,1,199,0,0.2082541280496154,1.355306718004514,missing
red4:lane3:snr22.0:seed4:frame33,22.0,33,profiled_cz,0,true,false,true,missing,false,true,gradient_only,1,164,0,0.14286075101087267,1.2706139129175473,missing
red4:lane3:snr22.0:seed4:frame34,22.0,34,profiled_cz,1,false,false,false,missing,false,true,gradient_only,1,170,2,0.23593822937991443,1.3739588794105146,missing
red4:lane3:snr22.0:seed4:frame35,22.0,35,profiled_cz,0,true,false,true,missing,false,true,gradient_only,1,78,0,0.19554311030616425,1.115510633833634,missing
red4:lane3:snr22.0:seed4:frame36,22.0,36,profiled_cz,0,true,false,true,missing,false,true,gradient_only,1,70,0,0.11762552953861798,1.0239438876300115,missing
red4:lane3:snr22.0:seed4:frame37,22.0,37,profiled_cz,1,false,false,true,missing,false,true,gradient_only,1,158,0,0.14748657471679127,1.224731324738853,missing
red4:lane3:snr22.0:seed4:frame38,22.0,38,profiled_cz,2,false,false,true,missing,false,true,gradient_only,1,240,0,0.42484606653046175,2.1498325273890737,missing
red4:lane3:snr22.0:seed4:frame39,22.0,39,profiled_cz,0,true,false,true,missing,false,true,gradient_only,1,157,0,0.3762102992671567,2.0895853430370965,missing
red4:lane3:snr22.0:seed4:frame40,22.0,40,profiled_cz,1,false,false,true,missing,false,true,gradient_only,1,133,0,0.30555800837823716,2.023691257904098,missing
red4:lane3:snr22.0:seed4:frame41,22.0,41,profiled_cz,1,false,false,true,missing,false,true,gradient_only,1,112,0,0.2107725993818454,1.0010827664733082,missing
red4:lane3:snr22.0:seed4:frame42,22.0,42,profiled_cz,1,false,false,true,missing,false,true,gradient_only,1,212,0,0.24833624687364875,1.1504790762868067,missing
red4:lane3:snr22.0:seed4:frame43,22.0,43,profiled_cz,0,true,false,true,missing,false,true,gradient_only,1,114,0,0.30117960021473156,1.6089302130526715,missing
red4:lane3:snr22.0:seed4:frame44,22.0,44,profiled_cz,0,true,false,true,missing,false,true,gradient_only,1,70,0,0.14288855242883747,0.7905330592669642,missing
red4:lane3:snr22.0:seed4:frame45,22.0,45,profiled_cz,1,false,false,false,missing,false,true,gradient_only,1,149,3,0.1249299578867794,1.0559875001941854,missing
red4:lane3:snr22.0:seed4:frame46,22.0,46,profiled_cz,1,false,false,true,missing,false,true,gradient_only,1,189,0,0.16660983811955457,1.2124792096795587,missing
red4:lane3:snr22.0:seed4:frame47,22.0,47,profiled_cz,1,false,false,true,missing,false,true,gradient_only,1,197,0,0.14020814991899577,1.4658979757508843,missing
red4:lane3:snr22.0:seed4:frame48,22.0,48,profiled_cz,2,false,false,true,missing,false,true,gradient_only,1,161,0,0.28567772726652185,2.8395362408057045,missing
red4:lane3:snr22.0:seed4:frame49,22.0,49,profiled_cz,5,false,false,true,missing,false,true,gradient_only,1,241,0,0.16301796742803218,1.28259955886631,missing
red4:lane3:snr22.0:seed4:frame50,22.0,50,profiled_cz,0,true,false,true,missing,false,true,gradient_only,1,117,0,0.15342900212338428,1.1096466224843937,missing
red4:lane3:snr22.0:seed4:frame51,22.0,51,profiled_cz,0,true,false,true,missing,false,true,gradient_only,1,50,0,0.23286507877151982,0.8213971034752486,missing
red4:lane3:snr22.0:seed4:frame52,22.0,52,profiled_cz,0,true,false,true,missing,false,true,gradient_only,1,66,0,0.39222215786674813,1.0934614338267878,missing
red4:lane3:snr22.0:seed4:frame53,22.0,53,profiled_cz,0,true,false,true,missing,false,true,gradient_only,1,86,0,0.170502411776983,1.147350315226575,missing
red4:lane3:snr22.0:seed4:frame54,22.0,54,profiled_cz,1,false,false,true,missing,false,true,gradient_only,1,88,0,0.12504493416381046,1.4048859639642222,missing
red4:lane3:snr22.0:seed4:frame55,22.0,55,profiled_cz,0,true,false,true,missing,false,true,gradient_only,1,145,0,0.0971442854970504,0.9894927824578341,missing
red4:lane3:snr22.0:seed4:frame56,22.0,56,profiled_cz,2,false,false,true,missing,false,true,gradient_only,1,236,0,0.7028823359526185,1.2832903772369715,missing
red4:lane3:snr22.0:seed4:frame57,22.0,57,profiled_cz,0,true,false,true,missing,false,true,gradient_only,1,66,0,0.1310104287514067,0.8767826291395732,missing
red4:lane3:snr22.0:seed4:frame58,22.0,58,profiled_cz,0,true,false,true,missing,false,true,gradient_only,1,230,0,0.26818656459212564,1.3112349626515707,missing
red4:lane3:snr22.0:seed4:frame59,22.0,59,profiled_cz,1,false,false,false,missing,false,true,gradient_only,1,145,2,0.1992987924661504,1.0692191835762885,missing
red4:lane3:snr22.0:seed4:frame60,22.0,60,profiled_cz,7,false,false,true,missing,false,true,gradient_only,1,208,0,0.2404536873634165,1.3722409607356991,missing
red4:lane3:snr24.0:seed4:frame1,24.0,1,cwz_joint,0,true,false,true,missing,false,true,gradient_only,8,103,0,0.21175943958926535,7.020852561606366,missing
red4:lane3:snr24.0:seed4:frame2,24.0,2,cwz_joint,0,true,false,true,missing,false,true,gradient_only,8,87,0,0.30151755816299874,3.640704656252222,missing
red4:lane3:snr24.0:seed4:frame3,24.0,3,cwz_joint,0,true,false,true,missing,false,true,gradient_only,8,77,0,0.1053860540428413,3.8650913850235176,missing
red4:lane3:snr24.0:seed4:frame4,24.0,4,cwz_joint,2,false,false,true,missing,false,true,gradient_only,8,200,0,0.3104793750444053,3.0609131140710253,missing
red4:lane3:snr24.0:seed4:frame5,24.0,5,cwz_joint,0,true,false,true,missing,false,true,gradient_only,8,161,0,0.15530464954825274,2.199663015916853,missing
red4:lane3:snr24.0:seed4:frame6,24.0,6,cwz_joint,1,false,false,true,missing,false,true,gradient_only,8,182,0,0.13617813176512197,3.240666115068952,missing
red4:lane3:snr24.0:seed4:frame7,24.0,7,cwz_joint,0,true,false,true,missing,false,true,gradient_only,8,72,0,0.15067173506057463,4.364417343367801,missing
red4:lane3:snr24.0:seed4:frame8,24.0,8,cwz_joint,0,true,false,true,missing,false,true,gradient_only,8,42,0,0.18431911344130264,3.289113841369768,missing
red4:lane3:snr24.0:seed4:frame9,24.0,9,cwz_joint,1,false,false,true,missing,false,true,gradient_only,8,130,0,0.24830058445261677,2.593094632144303,missing
red4:lane3:snr24.0:seed4:frame10,24.0,10,cwz_joint,0,true,false,true,missing,false,true,gradient_only,8,179,0,0.1222019713810974,2.7025773772831516,missing
red4:lane3:snr24.0:seed4:frame11,24.0,11,cwz_joint,0,true,false,true,missing,false,true,gradient_only,8,132,0,0.13369834513232953,2.8303196343052517,missing
red4:lane3:snr24.0:seed4:frame12,24.0,12,cwz_joint,0,true,false,true,missing,false,true,gradient_only,8,136,0,0.1263008636559177,1.6737565844250812,missing
red4:lane3:snr24.0:seed4:frame13,24.0,13,cwz_joint,2,false,false,true,missing,false,true,gradient_only,8,223,0,0.257548725444443,2.5815464327967867,missing
red4:lane3:snr24.0:seed4:frame14,24.0,14,cwz_joint,0,true,false,true,missing,false,true,gradient_only,8,110,0,0.27383363810978806,3.4840339392723383,missing
red4:lane3:snr24.0:seed4:frame15,24.0,15,cwz_joint,0,true,false,true,missing,false,true,gradient_only,8,70,0,0.124045791418707,4.201556458756798,missing
red4:lane3:snr24.0:seed4:frame16,24.0,16,cwz_joint,0,true,false,true,missing,false,true,gradient_only,8,64,0,0.09959083516403225,3.9747542953821138,missing
red4:lane3:snr24.0:seed4:frame17,24.0,17,cwz_joint,1,false,false,true,missing,false,true,gradient_only,8,148,0,0.3074564974139658,6.109911099201796,missing
red4:lane3:snr24.0:seed4:frame18,24.0,18,cwz_joint,0,true,false,true,missing,false,true,gradient_only,8,88,0,0.4212501961740755,3.340508889018794,missing
red4:lane3:snr24.0:seed4:frame19,24.0,19,cwz_joint,2,false,false,true,missing,false,true,gradient_only,8,210,0,0.15356070139896158,3.6080962559784755,missing
red4:lane3:snr24.0:seed4:frame20,24.0,20,cwz_joint,3,false,false,true,missing,false,true,gradient_only,8,301,0,0.4680466781850767,3.5350646275094317,missing
red4:lane3:snr24.0:seed4:frame21,24.0,21,cwz_joint,0,true,false,true,missing,false,true,gradient_only,8,81,0,0.1273155141700434,4.10236384218584,missing
red4:lane3:snr24.0:seed4:frame22,24.0,22,cwz_joint,1,false,false,true,missing,false,true,gradient_only,8,191,0,0.13040523211501046,2.8273849200958394,missing
red4:lane3:snr24.0:seed4:frame23,24.0,23,cwz_joint,0,true,false,true,missing,false,true,gradient_only,8,165,0,0.1740426725093684,2.027603958315367,missing
red4:lane3:snr24.0:seed4:frame24,24.0,24,cwz_joint,0,true,false,true,missing,false,true,gradient_only,8,258,0,0.20659425729911712,3.2662560441183577,missing
red4:lane3:snr24.0:seed4:frame25,24.0,25,cwz_joint,0,true,false,true,missing,false,true,gradient_only,8,72,0,0.12683557963760902,2.928351868157247,missing
red4:lane3:snr24.0:seed4:frame26,24.0,26,cwz_joint,0,true,false,true,missing,false,true,gradient_only,8,81,0,0.09351410948796797,6.160964301473625,missing
red4:lane3:snr24.0:seed4:frame27,24.0,27,cwz_joint,0,true,false,true,missing,false,true,gradient_only,8,116,0,0.09087216888958463,2.294326650859194,missing
red4:lane3:snr24.0:seed4:frame28,24.0,28,cwz_joint,0,true,false,true,missing,false,true,gradient_only,8,196,0,0.1437756236021581,3.139205739503112,missing
red4:lane3:snr24.0:seed4:frame29,24.0,29,cwz_joint,0,true,false,true,missing,false,true,gradient_only,8,33,0,0.09691228997494472,2.490217828977526,missing
red4:lane3:snr24.0:seed4:frame30,24.0,30,cwz_joint,0,true,false,true,missing,false,true,gradient_only,8,58,0,0.17941933564037674,3.9073396055161402,missing
red4:lane3:snr24.0:seed4:frame31,24.0,31,cwz_joint,0,true,false,true,missing,false,true,gradient_only,8,135,0,0.2774615546353956,2.5503543693467994,missing
red4:lane3:snr24.0:seed4:frame32,24.0,32,cwz_joint,0,true,false,true,missing,false,true,gradient_only,8,193,0,0.16733200364151132,2.961399973340289,missing
red4:lane3:snr24.0:seed4:frame33,24.0,33,cwz_joint,0,true,false,true,missing,false,true,gradient_only,8,157,0,0.1135381894697041,2.864684850688886,missing
red4:lane3:snr24.0:seed4:frame34,24.0,34,cwz_joint,1,false,false,true,missing,false,true,gradient_only,8,169,0,0.31041676035979593,3.032920690590025,missing
red4:lane3:snr24.0:seed4:frame35,24.0,35,cwz_joint,0,true,false,true,missing,false,true,gradient_only,8,70,0,0.15421432415978906,3.6527068248002084,missing
red4:lane3:snr24.0:seed4:frame36,24.0,36,cwz_joint,0,true,false,true,missing,false,true,gradient_only,8,63,0,0.09471452475030157,3.6348989757373054,missing
red4:lane3:snr24.0:seed4:frame37,24.0,37,cwz_joint,1,false,false,true,missing,false,true,gradient_only,8,157,0,0.13697185423810757,2.748795042082728,missing
red4:lane3:snr24.0:seed4:frame38,24.0,38,cwz_joint,2,false,false,true,missing,false,true,gradient_only,8,236,0,0.24136253724075077,5.131508197710655,missing
red4:lane3:snr24.0:seed4:frame39,24.0,39,cwz_joint,0,true,false,true,missing,false,true,gradient_only,8,138,0,0.2845650334629656,8.38132852252973,missing
red4:lane3:snr24.0:seed4:frame40,24.0,40,cwz_joint,0,true,false,true,missing,false,true,gradient_only,8,120,0,0.3233379529143072,5.947335734417118,missing
red4:lane3:snr24.0:seed4:frame41,24.0,41,cwz_joint,0,true,false,true,missing,false,true,gradient_only,8,113,0,0.1805378786764187,2.4864533714221704,missing
red4:lane3:snr24.0:seed4:frame42,24.0,42,cwz_joint,1,false,false,true,missing,false,true,gradient_only,8,209,0,0.6187884855567211,3.2517006083358346,missing
red4:lane3:snr24.0:seed4:frame43,24.0,43,cwz_joint,0,true,false,true,missing,false,true,gradient_only,8,102,0,0.1246588472029355,4.297600206318655,missing
red4:lane3:snr24.0:seed4:frame44,24.0,44,cwz_joint,0,true,false,true,missing,false,true,gradient_only,8,65,0,0.16659589488443294,2.8256427841221257,missing
red4:lane3:snr24.0:seed4:frame45,24.0,45,cwz_joint,0,true,false,true,missing,false,true,gradient_only,8,139,0,0.10767341606719787,2.771909576181857,missing
red4:lane3:snr24.0:seed4:frame46,24.0,46,cwz_joint,0,true,false,true,missing,false,true,gradient_only,8,183,0,0.20956223285991843,3.0765255472242092,missing
red4:lane3:snr24.0:seed4:frame47,24.0,47,cwz_joint,1,false,false,true,missing,false,true,gradient_only,8,188,0,0.12684063079532873,4.171200174136605,missing
red4:lane3:snr24.0:seed4:frame48,24.0,48,cwz_joint,1,false,false,true,missing,false,true,gradient_only,8,140,0,0.23569184054438408,3.2697428072340995,missing
red4:lane3:snr24.0:seed4:frame49,24.0,49,cwz_joint,4,false,false,true,missing,false,true,gradient_only,8,241,0,0.16332955200008153,2.7599804939998145,missing
red4:lane3:snr24.0:seed4:frame50,24.0,50,cwz_joint,0,true,false,true,missing,false,true,gradient_only,8,104,0,0.13363916562969555,3.681528808724808,missing
red4:lane3:snr24.0:seed4:frame51,24.0,51,cwz_joint,0,true,false,true,missing,false,true,gradient_only,8,43,0,0.07592813668684342,2.8076863396087526,missing
red4:lane3:snr24.0:seed4:frame52,24.0,52,cwz_joint,0,true,false,true,missing,false,true,gradient_only,8,63,0,0.5288366996993443,3.4713171228594546,missing
red4:lane3:snr24.0:seed4:frame53,24.0,53,cwz_joint,0,true,false,true,missing,false,true,gradient_only,8,76,0,0.18090084540712928,4.3636693871288905,missing
red4:lane3:snr24.0:seed4:frame54,24.0,54,cwz_joint,1,false,false,true,missing,false,true,gradient_only,8,79,0,0.1487107615068686,5.477393872092009,missing
red4:lane3:snr24.0:seed4:frame55,24.0,55,cwz_joint,0,true,false,true,missing,false,true,gradient_only,8,135,0,0.09178878763647437,2.5123937927072473,missing
red4:lane3:snr24.0:seed4:frame56,24.0,56,cwz_joint,1,false,false,true,missing,false,true,gradient_only,8,210,0,0.21809237257484973,3.017516117700153,missing
red4:lane3:snr24.0:seed4:frame57,24.0,57,cwz_joint,0,true,false,true,missing,false,true,gradient_only,8,59,0,0.20257598037351338,3.550017634198216,missing
red4:lane3:snr24.0:seed4:frame58,24.0,58,cwz_joint,0,true,false,true,missing,false,true,gradient_only,8,224,0,0.2589085133173628,3.192665431770661,missing
red4:lane3:snr24.0:seed4:frame59,24.0,59,cwz_joint,0,true,false,true,missing,false,true,gradient_only,8,135,0,0.18018373627903217,1.6468808171646048,missing
red4:lane3:snr24.0:seed4:frame60,24.0,60,cwz_joint,7,false,false,true,missing,false,true,gradient_only,8,208,0,0.214553797956277,1.637427666918346,missing
red4:lane3:snr24.0:seed4:frame1,24.0,1,profiled_cz,0,true,false,true,missing,false,true,gradient_only,1,103,0,0.21175943958926535,1.5331699883321708,missing
red4:lane3:snr24.0:seed4:frame2,24.0,2,profiled_cz,0,true,false,true,missing,false,true,gradient_only,1,87,0,0.30151755816299874,1.106642719379407,missing
red4:lane3:snr24.0:seed4:frame3,24.0,3,profiled_cz,0,true,false,true,missing,false,true,gradient_only,1,77,0,0.1053860540428413,1.0860434764607114,missing
red4:lane3:snr24.0:seed4:frame4,24.0,4,profiled_cz,2,false,false,true,missing,false,true,gradient_only,1,200,0,0.3104793750444053,1.4626412450143467,missing
red4:lane3:snr24.0:seed4:frame5,24.0,5,profiled_cz,0,true,false,true,missing,false,true,gradient_only,1,161,0,0.15530464954825274,1.0647335661535984,missing
red4:lane3:snr24.0:seed4:frame6,24.0,6,profiled_cz,1,false,false,true,missing,false,true,gradient_only,1,182,0,0.13617813176512197,1.3137632521974891,missing
red4:lane3:snr24.0:seed4:frame7,24.0,7,profiled_cz,0,true,false,true,missing,false,true,gradient_only,1,72,0,0.15067173506057463,1.300379843440742,missing
red4:lane3:snr24.0:seed4:frame8,24.0,8,profiled_cz,0,true,false,true,missing,false,true,gradient_only,1,42,0,0.18431911344130264,0.780058391732276,missing
red4:lane3:snr24.0:seed4:frame9,24.0,9,profiled_cz,1,false,false,false,missing,false,true,gradient_only,1,130,4,0.24830058445261677,0.9866476786543992,missing
red4:lane3:snr24.0:seed4:frame10,24.0,10,profiled_cz,0,true,false,true,missing,false,true,gradient_only,1,179,0,0.1222019713810974,1.0540076167827053,missing
red4:lane3:snr24.0:seed4:frame11,24.0,11,profiled_cz,0,true,false,true,missing,false,true,gradient_only,1,132,0,0.13369834513232953,1.046499267362445,missing
red4:lane3:snr24.0:seed4:frame12,24.0,12,profiled_cz,0,true,false,true,missing,false,true,gradient_only,1,136,0,0.1263008636559177,1.048659444779801,missing
red4:lane3:snr24.0:seed4:frame13,24.0,13,profiled_cz,2,false,false,true,missing,false,true,gradient_only,1,223,0,0.257548725444443,1.1991345876657873,missing
red4:lane3:snr24.0:seed4:frame14,24.0,14,profiled_cz,0,true,false,true,missing,false,true,gradient_only,1,110,0,0.27383363810978806,0.9877695575714484,missing
red4:lane3:snr24.0:seed4:frame15,24.0,15,profiled_cz,0,true,false,true,missing,false,true,gradient_only,1,70,0,0.124045791418707,1.1855112623778845,missing
red4:lane3:snr24.0:seed4:frame16,24.0,16,profiled_cz,0,true,false,true,missing,false,true,gradient_only,1,64,0,0.09959083516403225,1.0315162469584647,missing
red4:lane3:snr24.0:seed4:frame17,24.0,17,profiled_cz,1,false,false,true,missing,false,true,gradient_only,1,148,0,0.3074564974139658,1.6001452020790266,missing
red4:lane3:snr24.0:seed4:frame18,24.0,18,profiled_cz,0,true,false,true,missing,false,true,gradient_only,1,88,0,0.4212501961740755,0.890036932473034,missing
red4:lane3:snr24.0:seed4:frame19,24.0,19,profiled_cz,2,false,false,true,missing,false,true,gradient_only,1,210,0,0.15356070139896158,1.2339081792240572,missing
red4:lane3:snr24.0:seed4:frame20,24.0,20,profiled_cz,3,false,false,true,missing,false,true,gradient_only,1,301,0,0.4680466781850767,1.7010954505290683,missing
red4:lane3:snr24.0:seed4:frame21,24.0,21,profiled_cz,0,true,false,true,missing,false,true,gradient_only,1,81,0,0.1273155141700434,1.2199849896635422,missing
red4:lane3:snr24.0:seed4:frame22,24.0,22,profiled_cz,1,false,false,true,missing,false,true,gradient_only,1,191,0,0.13040523211501046,1.095918635256264,missing
red4:lane3:snr24.0:seed4:frame23,24.0,23,profiled_cz,0,true,false,true,missing,false,true,gradient_only,1,165,0,0.1740426725093684,1.136245935701173,missing
red4:lane3:snr24.0:seed4:frame24,24.0,24,profiled_cz,0,true,false,true,missing,false,true,gradient_only,1,258,0,0.20659425729911712,1.2545454510585892,missing
red4:lane3:snr24.0:seed4:frame25,24.0,25,profiled_cz,0,true,false,true,missing,false,true,gradient_only,1,72,0,0.12683557963760902,0.8143073409275016,missing
red4:lane3:snr24.0:seed4:frame26,24.0,26,profiled_cz,0,true,false,true,missing,false,true,gradient_only,1,81,0,0.09351410948796797,1.5706105651455082,missing
red4:lane3:snr24.0:seed4:frame27,24.0,27,profiled_cz,0,true,false,true,missing,false,true,gradient_only,1,116,0,0.09087216888958463,0.9996624186283948,missing
red4:lane3:snr24.0:seed4:frame28,24.0,28,profiled_cz,0,true,false,true,missing,false,true,gradient_only,1,196,0,0.1437756236021581,1.1542110739629017,missing
red4:lane3:snr24.0:seed4:frame29,24.0,29,profiled_cz,0,true,false,true,missing,false,true,gradient_only,1,33,0,0.09691228997494472,0.6559110811884763,missing
red4:lane3:snr24.0:seed4:frame30,24.0,30,profiled_cz,0,true,false,true,missing,false,true,gradient_only,1,58,0,0.17941933564037674,1.0622463642709954,missing
red4:lane3:snr24.0:seed4:frame31,24.0,31,profiled_cz,0,true,false,true,missing,false,true,gradient_only,1,135,0,0.2774615546353956,1.033474353752564,missing
red4:lane3:snr24.0:seed4:frame32,24.0,32,profiled_cz,0,true,false,true,missing,false,true,gradient_only,1,193,0,0.16733200364151132,1.3083752682015095,missing
red4:lane3:snr24.0:seed4:frame33,24.0,33,profiled_cz,0,true,false,true,missing,false,true,gradient_only,1,157,0,0.1135381894697041,1.2286965356261283,missing
red4:lane3:snr24.0:seed4:frame34,24.0,34,profiled_cz,1,false,false,true,missing,false,true,gradient_only,1,169,0,0.31041676035979593,1.3701833796999185,missing
red4:lane3:snr24.0:seed4:frame35,24.0,35,profiled_cz,0,true,false,true,missing,false,true,gradient_only,1,70,0,0.15421432415978906,1.0896752263017908,missing
red4:lane3:snr24.0:seed4:frame36,24.0,36,profiled_cz,0,true,false,true,missing,false,true,gradient_only,1,63,0,0.09471452475030157,1.0250860118789706,missing
red4:lane3:snr24.0:seed4:frame37,24.0,37,profiled_cz,1,false,false,true,missing,false,true,gradient_only,1,157,0,0.13697185423810757,1.2056755578703593,missing
red4:lane3:snr24.0:seed4:frame38,24.0,38,profiled_cz,2,false,false,true,missing,false,true,gradient_only,1,236,0,0.24136253724075077,1.8471508639397285,missing
red4:lane3:snr24.0:seed4:frame39,24.0,39,profiled_cz,0,true,false,true,missing,false,true,gradient_only,1,138,0,0.2845650334629656,2.26817092139048,missing
red4:lane3:snr24.0:seed4:frame40,24.0,40,profiled_cz,0,true,false,true,missing,false,true,gradient_only,1,120,0,0.3233379529143072,1.9372852879756275,missing
red4:lane3:snr24.0:seed4:frame41,24.0,41,profiled_cz,0,true,false,true,missing,false,true,gradient_only,1,113,0,0.1805378786764187,0.9820647523437348,missing
red4:lane3:snr24.0:seed4:frame42,24.0,42,profiled_cz,1,false,false,true,missing,false,true,gradient_only,1,209,0,0.6187884855567211,1.1395307420608218,missing
red4:lane3:snr24.0:seed4:frame43,24.0,43,profiled_cz,0,true,false,true,missing,false,true,gradient_only,1,102,0,0.1246588472029355,1.637792684157817,missing
red4:lane3:snr24.0:seed4:frame44,24.0,44,profiled_cz,0,true,false,true,missing,false,true,gradient_only,1,65,0,0.16659589488443294,0.772047859501078,missing
red4:lane3:snr24.0:seed4:frame45,24.0,45,profiled_cz,0,true,false,true,missing,false,true,gradient_only,1,139,0,0.10767341606719787,1.046467477226433,missing
red4:lane3:snr24.0:seed4:frame46,24.0,46,profiled_cz,0,true,false,false,missing,false,true,gradient_only,1,183,3,0.20956223285991843,1.1968440441885784,missing
red4:lane3:snr24.0:seed4:frame47,24.0,47,profiled_cz,1,false,false,true,missing,false,true,gradient_only,1,188,0,0.12684063079532873,1.455158916993887,missing
red4:lane3:snr24.0:seed4:frame48,24.0,48,profiled_cz,1,false,false,true,missing,false,true,gradient_only,1,140,0,0.23569184054438408,2.4480786166451254,missing
red4:lane3:snr24.0:seed4:frame49,24.0,49,profiled_cz,4,false,false,true,missing,false,true,gradient_only,1,241,0,0.16332955200008153,1.2693836562222063,missing
red4:lane3:snr24.0:seed4:frame50,24.0,50,profiled_cz,0,true,false,true,missing,false,true,gradient_only,1,104,0,0.13363916562969555,1.0580677992358565,missing
red4:lane3:snr24.0:seed4:frame51,24.0,51,profiled_cz,0,true,false,true,missing,false,true,gradient_only,1,43,0,0.07592813668684342,0.7982854736934875,missing
red4:lane3:snr24.0:seed4:frame52,24.0,52,profiled_cz,0,true,false,true,missing,false,true,gradient_only,1,63,0,0.5288366996993443,1.045481026740179,missing
red4:lane3:snr24.0:seed4:frame53,24.0,53,profiled_cz,0,true,false,true,missing,false,true,gradient_only,1,76,0,0.18090084540712928,1.1122224875546431,missing
red4:lane3:snr24.0:seed4:frame54,24.0,54,profiled_cz,1,false,false,true,missing,false,true,gradient_only,1,79,0,0.1487107615068686,1.4120370147181525,missing
red4:lane3:snr24.0:seed4:frame55,24.0,55,profiled_cz,0,true,false,true,missing,false,true,gradient_only,1,135,0,0.09178878763647437,0.9752020726743202,missing
red4:lane3:snr24.0:seed4:frame56,24.0,56,profiled_cz,1,false,false,true,missing,false,true,gradient_only,1,210,0,0.21809237257484973,1.2464615724021109,missing
red4:lane3:snr24.0:seed4:frame57,24.0,57,profiled_cz,0,true,false,true,missing,false,true,gradient_only,1,59,0,0.20257598037351338,0.8398302526866892,missing
red4:lane3:snr24.0:seed4:frame58,24.0,58,profiled_cz,0,true,false,true,missing,false,true,gradient_only,1,224,0,0.2589085133173628,1.281927422663404,missing
red4:lane3:snr24.0:seed4:frame59,24.0,59,profiled_cz,0,true,false,true,missing,false,true,gradient_only,1,135,0,0.18018373627903217,1.0432185418018882,missing
red4:lane3:snr24.0:seed4:frame60,24.0,60,profiled_cz,7,false,false,false,missing,false,true,gradient_only,1,208,3,0.214553797956277,1.352205791021299,missing
red4:lane3:snr26.0:seed4:frame1,26.0,1,cwz_joint,0,true,false,true,missing,false,true,gradient_only,8,106,0,0.29542426822664014,6.975510417220074,missing
red4:lane3:snr26.0:seed4:frame2,26.0,2,cwz_joint,0,true,false,true,missing,false,true,gradient_only,8,77,0,0.19257048594447856,3.6241138290436066,missing
red4:lane3:snr26.0:seed4:frame3,26.0,3,cwz_joint,0,true,false,true,missing,false,true,gradient_only,8,72,0,0.1062858748792023,3.823831266133588,missing
red4:lane3:snr26.0:seed4:frame4,26.0,4,cwz_joint,1,false,false,true,missing,false,true,gradient_only,8,187,0,0.8480375726196532,3.0143348188257573,missing
red4:lane3:snr26.0:seed4:frame5,26.0,5,cwz_joint,0,true,false,true,missing,false,true,gradient_only,8,152,0,0.13060164052653425,2.185832803582394,missing
red4:lane3:snr26.0:seed4:frame6,26.0,6,cwz_joint,0,true,false,true,missing,false,true,gradient_only,8,182,0,0.13408312311112525,3.22640780168654,missing
red4:lane3:snr26.0:seed4:frame7,26.0,7,cwz_joint,0,true,false,true,missing,false,true,gradient_only,8,67,0,0.1396721247037239,4.320090064879077,missing
red4:lane3:snr26.0:seed4:frame8,26.0,8,cwz_joint,0,true,false,true,missing,false,true,gradient_only,8,39,0,0.12676755435246392,3.270041175557665,missing
red4:lane3:snr26.0:seed4:frame9,26.0,9,cwz_joint,1,false,false,true,missing,false,true,gradient_only,8,127,0,0.20004086455100112,2.573213189234134,missing
red4:lane3:snr26.0:seed4:frame10,26.0,10,cwz_joint,0,true,false,true,missing,false,true,gradient_only,8,174,0,0.10907597843079951,2.6799095520313267,missing
red4:lane3:snr26.0:seed4:frame11,26.0,11,cwz_joint,0,true,false,true,missing,false,true,gradient_only,8,127,0,0.12527536904502365,2.8060600630223935,missing
red4:lane3:snr26.0:seed4:frame12,26.0,12,cwz_joint,0,true,false,true,missing,false,true,gradient_only,8,138,0,0.11977280321359311,1.6648955721716077,missing
red4:lane3:snr26.0:seed4:frame13,26.0,13,cwz_joint,2,false,false,true,missing,false,true,gradient_only,8,219,0,0.2306783701806756,2.607761701594226,missing
red4:lane3:snr26.0:seed4:frame14,26.0,14,cwz_joint,0,true,false,true,missing,false,true,gradient_only,8,103,0,0.1944933761080121,3.4507187049621413,missing
red4:lane3:snr26.0:seed4:frame15,26.0,15,cwz_joint,0,true,false,true,missing,false,true,gradient_only,8,70,0,0.11626658085464164,4.215310750767485,missing
red4:lane3:snr26.0:seed4:frame16,26.0,16,cwz_joint,0,true,false,true,missing,false,true,gradient_only,8,64,0,0.11069430446738705,3.956696629004808,missing
red4:lane3:snr26.0:seed4:frame17,26.0,17,cwz_joint,1,false,false,true,missing,false,true,gradient_only,8,135,0,0.2996320523229691,6.0019078681863,missing
red4:lane3:snr26.0:seed4:frame18,26.0,18,cwz_joint,0,true,false,true,missing,false,true,gradient_only,8,80,0,0.4363964946607473,3.2899162985341057,missing
red4:lane3:snr26.0:seed4:frame19,26.0,19,cwz_joint,1,false,false,true,missing,false,true,gradient_only,8,211,0,0.178821406845086,3.5531131948626244,missing
red4:lane3:snr26.0:seed4:frame20,26.0,20,cwz_joint,4,false,false,true,missing,false,true,gradient_only,8,305,0,0.3212578427878759,3.422680922716998,missing
red4:lane3:snr26.0:seed4:frame21,26.0,21,cwz_joint,0,true,false,true,missing,false,true,gradient_only,8,80,0,0.12919343803016117,4.098732352623912,missing
red4:lane3:snr26.0:seed4:frame22,26.0,22,cwz_joint,1,false,false,true,missing,false,true,gradient_only,8,195,0,0.1251217311637486,2.801473843837143,missing
red4:lane3:snr26.0:seed4:frame23,26.0,23,cwz_joint,0,true,false,true,missing,false,true,gradient_only,8,160,0,0.14562998868600008,2.0055170327966074,missing
red4:lane3:snr26.0:seed4:frame24,26.0,24,cwz_joint,0,true,false,true,missing,false,true,gradient_only,8,244,0,0.23274736732850573,3.2065588941007364,missing
red4:lane3:snr26.0:seed4:frame25,26.0,25,cwz_joint,0,true,false,true,missing,false,true,gradient_only,8,59,0,0.10741063550940586,2.897238851609368,missing
red4:lane3:snr26.0:seed4:frame26,26.0,26,cwz_joint,0,true,false,true,missing,false,true,gradient_only,8,79,0,0.09451625047019825,6.192662512171798,missing
red4:lane3:snr26.0:seed4:frame27,26.0,27,cwz_joint,0,true,false,true,missing,false,true,gradient_only,8,110,0,0.08393270199100071,2.2571880122430845,missing
red4:lane3:snr26.0:seed4:frame28,26.0,28,cwz_joint,0,true,false,true,missing,false,true,gradient_only,8,188,0,0.16311095482594906,3.072555092559785,missing
red4:lane3:snr26.0:seed4:frame29,26.0,29,cwz_joint,0,true,false,true,missing,false,true,gradient_only,8,28,0,0.09329069050456085,2.473612170350965,missing
red4:lane3:snr26.0:seed4:frame30,26.0,30,cwz_joint,0,true,false,true,missing,false,true,gradient_only,8,56,0,4.3079692649869585,3.8563542270121087,missing
red4:lane3:snr26.0:seed4:frame31,26.0,31,cwz_joint,0,true,false,true,missing,false,true,gradient_only,8,133,0,0.2060374754270438,2.538085487204493,missing
red4:lane3:snr26.0:seed4:frame32,26.0,32,cwz_joint,0,true,false,true,missing,false,true,gradient_only,8,187,0,0.17206119947340007,2.9382927411603164,missing
red4:lane3:snr26.0:seed4:frame33,26.0,33,cwz_joint,0,true,false,true,missing,false,true,gradient_only,8,152,0,0.119652014848322,2.847205041345224,missing
red4:lane3:snr26.0:seed4:frame34,26.0,34,cwz_joint,1,false,false,true,missing,false,true,gradient_only,8,160,0,0.3175097124807028,3.023214858619477,missing
red4:lane3:snr26.0:seed4:frame35,26.0,35,cwz_joint,0,true,false,true,missing,false,true,gradient_only,8,66,0,0.14105239222094743,3.6283663880482173,missing
red4:lane3:snr26.0:seed4:frame36,26.0,36,cwz_joint,0,true,false,true,missing,false,true,gradient_only,8,62,0,0.10383015889793257,3.632425917456516,missing
red4:lane3:snr26.0:seed4:frame37,26.0,37,cwz_joint,1,false,false,true,missing,false,true,gradient_only,8,157,0,0.14117309079979165,2.7310275870709977,missing
red4:lane3:snr26.0:seed4:frame38,26.0,38,cwz_joint,2,false,false,true,missing,false,true,gradient_only,8,222,0,0.23315193926393307,4.836941503954416,missing
red4:lane3:snr26.0:seed4:frame39,26.0,39,cwz_joint,1,false,false,true,missing,false,true,gradient_only,8,143,0,0.31569021999175173,8.319132904277144,missing
red4:lane3:snr26.0:seed4:frame40,26.0,40,cwz_joint,1,false,false,true,missing,false,true,gradient_only,8,113,0,0.24611546035077214,5.737472778586048,missing
red4:lane3:snr26.0:seed4:frame41,26.0,41,cwz_joint,0,true,false,true,missing,false,true,gradient_only,8,108,0,0.1623883715064549,2.4618870403306246,missing
red4:lane3:snr26.0:seed4:frame42,26.0,42,cwz_joint,0,true,false,true,missing,false,true,gradient_only,8,198,0,0.22954450331950801,3.226285021835841,missing
red4:lane3:snr26.0:seed4:frame43,26.0,43,cwz_joint,0,true,false,true,missing,false,true,gradient_only,8,93,0,0.11994546804277006,4.2311989931077445,missing
red4:lane3:snr26.0:seed4:frame44,26.0,44,cwz_joint,0,true,false,true,missing,false,true,gradient_only,8,63,0,0.48700820592072247,2.7948072238873527,missing
red4:lane3:snr26.0:seed4:frame45,26.0,45,cwz_joint,0,true,false,true,missing,false,true,gradient_only,8,130,0,0.10048648848891117,2.732062622805388,missing
red4:lane3:snr26.0:seed4:frame46,26.0,46,cwz_joint,1,false,false,true,missing,false,true,gradient_only,8,178,0,0.42324728325090843,3.0450921899982846,missing
red4:lane3:snr26.0:seed4:frame47,26.0,47,cwz_joint,0,true,false,true,missing,false,true,gradient_only,8,178,0,0.12232844833891321,4.143356366858548,missing
red4:lane3:snr26.0:seed4:frame48,26.0,48,cwz_joint,1,false,false,true,missing,false,true,gradient_only,8,132,0,0.22897754982753318,3.2255636160797057,missing
red4:lane3:snr26.0:seed4:frame49,26.0,49,cwz_joint,3,false,false,true,missing,false,true,gradient_only,8,237,0,0.2630681092182993,2.7424667926986417,missing
red4:lane3:snr26.0:seed4:frame50,26.0,50,cwz_joint,0,true,false,true,missing,false,true,gradient_only,8,95,0,0.14150633813972013,3.7606251254326337,missing
red4:lane3:snr26.0:seed4:frame51,26.0,51,cwz_joint,0,true,false,true,missing,false,true,gradient_only,8,40,0,0.07457722106984499,2.7683009315171025,missing
red4:lane3:snr26.0:seed4:frame52,26.0,52,cwz_joint,0,true,false,true,missing,false,true,gradient_only,8,60,0,0.16184766403483491,3.4529663947244305,missing
red4:lane3:snr26.0:seed4:frame53,26.0,53,cwz_joint,0,true,false,true,missing,false,true,gradient_only,8,74,0,0.11798911170487093,4.249294137570811,missing
red4:lane3:snr26.0:seed4:frame54,26.0,54,cwz_joint,1,false,false,true,missing,false,true,gradient_only,8,79,0,0.13701470327452425,5.408566021908105,missing
red4:lane3:snr26.0:seed4:frame55,26.0,55,cwz_joint,0,true,false,true,missing,false,true,gradient_only,8,134,0,0.09013752384991944,2.498017230220327,missing
red4:lane3:snr26.0:seed4:frame56,26.0,56,cwz_joint,1,false,false,true,missing,false,true,gradient_only,8,195,0,0.24656768063835327,2.9580196322258807,missing
red4:lane3:snr26.0:seed4:frame57,26.0,57,cwz_joint,0,true,false,true,missing,false,true,gradient_only,8,56,0,0.10875298560464408,3.4816353755355407,missing
red4:lane3:snr26.0:seed4:frame58,26.0,58,cwz_joint,0,true,false,true,missing,false,true,gradient_only,8,228,0,0.3549266762716997,3.1582129459418917,missing
red4:lane3:snr26.0:seed4:frame59,26.0,59,cwz_joint,0,true,false,true,missing,false,true,gradient_only,8,133,0,0.21543930974608658,1.6363202523415605,missing
red4:lane3:snr26.0:seed4:frame60,26.0,60,cwz_joint,6,false,false,true,missing,false,true,gradient_only,8,212,0,0.455647895859649,1.627927528501318,missing
red4:lane3:snr26.0:seed4:frame1,26.0,1,profiled_cz,0,true,false,true,missing,false,true,gradient_only,1,106,0,0.29542426822664014,1.6629784875607265,missing
red4:lane3:snr26.0:seed4:frame2,26.0,2,profiled_cz,0,true,false,true,missing,false,true,gradient_only,1,77,0,0.19257048594447856,1.0867573231830472,missing
red4:lane3:snr26.0:seed4:frame3,26.0,3,profiled_cz,0,true,false,true,missing,false,true,gradient_only,1,72,0,0.1062858748792023,1.0652646553012983,missing
red4:lane3:snr26.0:seed4:frame4,26.0,4,profiled_cz,1,false,false,true,missing,false,true,gradient_only,1,187,0,0.8480375726196532,1.453855109334985,missing
red4:lane3:snr26.0:seed4:frame5,26.0,5,profiled_cz,0,true,false,true,missing,false,true,gradient_only,1,152,0,0.13060164052653425,1.0557676195475838,missing
red4:lane3:snr26.0:seed4:frame6,26.0,6,profiled_cz,1,false,false,false,missing,false,true,gradient_only,1,182,4,0.13408312311112525,1.2975306928133434,missing
red4:lane3:snr26.0:seed4:frame7,26.0,7,profiled_cz,0,true,false,true,missing,false,true,gradient_only,1,67,0,0.1396721247037239,1.2795026573883952,missing
red4:lane3:snr26.0:seed4:frame8,26.0,8,profiled_cz,0,true,false,true,missing,false,true,gradient_only,1,39,0,0.12676755435246392,0.7744863147213219,missing
red4:lane3:snr26.0:seed4:frame9,26.0,9,profiled_cz,1,false,false,true,missing,false,true,gradient_only,1,127,0,0.20004086455100112,0.9744925199677913,missing
red4:lane3:snr26.0:seed4:frame10,26.0,10,profiled_cz,0,true,false,true,missing,false,true,gradient_only,1,174,0,0.10907597843079951,1.0400305240163892,missing
red4:lane3:snr26.0:seed4:frame11,26.0,11,profiled_cz,0,true,false,true,missing,false,true,gradient_only,1,127,0,0.12527536904502365,1.0452759061361954,missing
red4:lane3:snr26.0:seed4:frame12,26.0,12,profiled_cz,0,true,false,true,missing,false,true,gradient_only,1,138,0,0.11977280321359311,1.0418450536733026,missing
red4:lane3:snr26.0:seed4:frame13,26.0,13,profiled_cz,2,false,false,true,missing,false,true,gradient_only,1,219,0,0.2306783701806756,1.134029872520924,missing
red4:lane3:snr26.0:seed4:frame14,26.0,14,profiled_cz,0,true,false,true,missing,false,true,gradient_only,1,103,0,0.1944933761080121,0.9663605741685174,missing
red4:lane3:snr26.0:seed4:frame15,26.0,15,profiled_cz,0,true,false,true,missing,false,true,gradient_only,1,70,0,0.11626658085464164,1.174744210667467,missing
red4:lane3:snr26.0:seed4:frame16,26.0,16,profiled_cz,0,true,false,true,missing,false,true,gradient_only,1,64,0,0.11069430446738705,1.0110857243030427,missing
red4:lane3:snr26.0:seed4:frame17,26.0,17,profiled_cz,1,false,false,true,missing,false,true,gradient_only,1,135,0,0.2996320523229691,1.6236288427538208,missing
red4:lane3:snr26.0:seed4:frame18,26.0,18,profiled_cz,0,true,false,true,missing,false,true,gradient_only,1,80,0,0.4363964946607473,0.8785254644151286,missing
red4:lane3:snr26.0:seed4:frame19,26.0,19,profiled_cz,1,false,false,true,missing,false,true,gradient_only,1,211,0,0.178821406845086,1.200115833818469,missing
red4:lane3:snr26.0:seed4:frame20,26.0,20,profiled_cz,4,false,false,false,missing,false,true,gradient_only,1,305,3,0.3212578427878759,1.6085300654178447,missing
red4:lane3:snr26.0:seed4:frame21,26.0,21,profiled_cz,0,true,false,true,missing,false,true,gradient_only,1,80,0,0.12919343803016117,1.2267087644488162,missing
red4:lane3:snr26.0:seed4:frame22,26.0,22,profiled_cz,1,false,false,true,missing,false,true,gradient_only,1,195,0,0.1251217311637486,1.0731567876390202,missing
red4:lane3:snr26.0:seed4:frame23,26.0,23,profiled_cz,0,true,false,true,missing,false,true,gradient_only,1,160,0,0.14562998868600008,1.1141916583325828,missing
red4:lane3:snr26.0:seed4:frame24,26.0,24,profiled_cz,0,true,false,true,missing,false,true,gradient_only,1,244,0,0.23274736732850573,1.2333029997322036,missing
red4:lane3:snr26.0:seed4:frame25,26.0,25,profiled_cz,0,true,false,true,missing,false,true,gradient_only,1,59,0,0.10741063550940586,0.7948000137876438,missing
red4:lane3:snr26.0:seed4:frame26,26.0,26,profiled_cz,0,true,false,true,missing,false,true,gradient_only,1,79,0,0.09451625047019825,1.5250357652249595,missing
red4:lane3:snr26.0:seed4:frame27,26.0,27,profiled_cz,0,true,false,true,missing,false,true,gradient_only,1,110,0,0.08393270199100071,0.9770630677679623,missing
red4:lane3:snr26.0:seed4:frame28,26.0,28,profiled_cz,0,true,false,true,missing,false,true,gradient_only,1,188,0,0.16311095482594906,1.1031869528658542,missing
red4:lane3:snr26.0:seed4:frame29,26.0,29,profiled_cz,0,true,false,true,missing,false,true,gradient_only,1,28,0,0.09329069050456085,0.6499939805386842,missing
red4:lane3:snr26.0:seed4:frame30,26.0,30,profiled_cz,0,true,false,true,missing,false,true,gradient_only,1,56,0,4.3079692649869585,1.0483794662700225,missing
red4:lane3:snr26.0:seed4:frame31,26.0,31,profiled_cz,0,true,false,true,missing,false,true,gradient_only,1,133,0,0.2060374754270438,1.0288226974225072,missing
red4:lane3:snr26.0:seed4:frame32,26.0,32,profiled_cz,0,true,false,true,missing,false,true,gradient_only,1,187,0,0.17206119947340007,1.3053883945369331,missing
red4:lane3:snr26.0:seed4:frame33,26.0,33,profiled_cz,0,true,false,true,missing,false,true,gradient_only,1,152,0,0.119652014848322,1.2424909555553072,missing
red4:lane3:snr26.0:seed4:frame34,26.0,34,profiled_cz,1,false,false,true,missing,false,true,gradient_only,1,160,0,0.3175097124807028,1.3667031047398681,missing
red4:lane3:snr26.0:seed4:frame35,26.0,35,profiled_cz,0,true,false,true,missing,false,true,gradient_only,1,66,0,0.14105239222094743,1.0721865614502866,missing
red4:lane3:snr26.0:seed4:frame36,26.0,36,profiled_cz,0,true,false,true,missing,false,true,gradient_only,1,62,0,0.10383015889793257,1.0256968904767032,missing
red4:lane3:snr26.0:seed4:frame37,26.0,37,profiled_cz,1,false,false,true,missing,false,true,gradient_only,1,157,0,0.14117309079979165,1.1968153729159998,missing
red4:lane3:snr26.0:seed4:frame38,26.0,38,profiled_cz,2,false,false,true,missing,false,true,gradient_only,1,222,0,0.23315193926393307,1.6499696065870375,missing
red4:lane3:snr26.0:seed4:frame39,26.0,39,profiled_cz,1,false,false,false,missing,false,true,gradient_only,1,143,3,0.31569021999175173,2.7999138504553422,missing
red4:lane3:snr26.0:seed4:frame40,26.0,40,profiled_cz,1,false,false,true,missing,false,true,gradient_only,1,113,0,0.24611546035077214,1.8528836581683394,missing
red4:lane3:snr26.0:seed4:frame41,26.0,41,profiled_cz,0,true,false,true,missing,false,true,gradient_only,1,108,0,0.1623883715064549,0.9707611165828026,missing
red4:lane3:snr26.0:seed4:frame42,26.0,42,profiled_cz,0,true,false,false,missing,false,true,gradient_only,1,198,3,0.22954450331950801,1.1179002410956573,missing
red4:lane3:snr26.0:seed4:frame43,26.0,43,profiled_cz,0,true,false,true,missing,false,true,gradient_only,1,93,0,0.11994546804277006,1.6194810162725333,missing
red4:lane3:snr26.0:seed4:frame44,26.0,44,profiled_cz,0,true,false,true,missing,false,true,gradient_only,1,63,0,0.48700820592072247,0.7597001150312586,missing
red4:lane3:snr26.0:seed4:frame45,26.0,45,profiled_cz,0,true,false,true,missing,false,true,gradient_only,1,130,0,0.10048648848891117,1.0350161514697018,missing
red4:lane3:snr26.0:seed4:frame46,26.0,46,profiled_cz,1,false,false,false,missing,false,true,gradient_only,1,178,3,0.42324728325090843,1.182122324700423,missing
red4:lane3:snr26.0:seed4:frame47,26.0,47,profiled_cz,0,true,false,true,missing,false,true,gradient_only,1,178,0,0.12232844833891321,1.4417785171049338,missing
red4:lane3:snr26.0:seed4:frame48,26.0,48,profiled_cz,1,false,false,true,missing,false,true,gradient_only,1,132,0,0.22897754982753318,2.185689286416412,missing
red4:lane3:snr26.0:seed4:frame49,26.0,49,profiled_cz,3,false,false,true,missing,false,true,gradient_only,1,237,0,0.2630681092182993,1.2718401914032287,missing
red4:lane3:snr26.0:seed4:frame50,26.0,50,profiled_cz,0,true,false,true,missing,false,true,gradient_only,1,95,0,0.14150633813972013,1.0312718575360214,missing
red4:lane3:snr26.0:seed4:frame51,26.0,51,profiled_cz,0,true,false,true,missing,false,true,gradient_only,1,40,0,0.07457722106984499,0.7839851312224528,missing
red4:lane3:snr26.0:seed4:frame52,26.0,52,profiled_cz,0,true,false,true,missing,false,true,gradient_only,1,60,0,0.16184766403483491,1.0383409273911663,missing
red4:lane3:snr26.0:seed4:frame53,26.0,53,profiled_cz,0,true,false,true,missing,false,true,gradient_only,1,74,0,0.11798911170487093,1.0919380494276312,missing
red4:lane3:snr26.0:seed4:frame54,26.0,54,profiled_cz,1,false,false,true,missing,false,true,gradient_only,1,79,0,0.13701470327452425,1.7096585902845107,missing
red4:lane3:snr26.0:seed4:frame55,26.0,55,profiled_cz,0,true,false,true,missing,false,true,gradient_only,1,134,0,0.09013752384991944,0.9665929947862375,missing
red4:lane3:snr26.0:seed4:frame56,26.0,56,profiled_cz,1,false,false,true,missing,false,true,gradient_only,1,195,0,0.24656768063835327,1.2248041842458637,missing
red4:lane3:snr26.0:seed4:frame57,26.0,57,profiled_cz,0,true,false,true,missing,false,true,gradient_only,1,56,0,0.10875298560464408,0.807514564804025,missing
red4:lane3:snr26.0:seed4:frame58,26.0,58,profiled_cz,0,true,false,true,missing,false,true,gradient_only,1,228,0,0.3549266762716997,1.2818854712528802,missing
red4:lane3:snr26.0:seed4:frame59,26.0,59,profiled_cz,0,true,false,true,missing,false,true,gradient_only,1,133,0,0.21543930974608658,1.0541211084471238,missing
red4:lane3:snr26.0:seed4:frame60,26.0,60,profiled_cz,6,false,false,true,missing,false,true,gradient_only,1,212,0,0.455647895859649,1.3285546974889717,missing
red4:lane3:snr28.0:seed4:frame1,28.0,1,cwz_joint,0,true,false,true,missing,false,true,gradient_only,8,104,0,0.21602175589024722,6.944276192885438,missing
red4:lane3:snr28.0:seed4:frame2,28.0,2,cwz_joint,0,true,false,true,missing,false,true,gradient_only,8,76,0,0.17168982923307785,3.6147737133118154,missing
red4:lane3:snr28.0:seed4:frame3,28.0,3,cwz_joint,0,true,false,true,missing,false,true,gradient_only,8,64,0,0.10342227952091786,3.795054892831441,missing
red4:lane3:snr28.0:seed4:frame4,28.0,4,cwz_joint,1,false,false,true,missing,false,true,gradient_only,8,186,0,0.19081630765873553,2.9835731450259577,missing
red4:lane3:snr28.0:seed4:frame5,28.0,5,cwz_joint,0,true,false,true,missing,false,true,gradient_only,8,153,0,0.12541203812917298,2.1772860758092003,missing
red4:lane3:snr28.0:seed4:frame6,28.0,6,cwz_joint,0,true,false,true,missing,false,true,gradient_only,8,181,0,0.14820481587433526,3.2221900011258966,missing
red4:lane3:snr28.0:seed4:frame7,28.0,7,cwz_joint,0,true,false,true,missing,false,true,gradient_only,8,63,0,0.27393668721582987,4.293541161792426,missing
red4:lane3:snr28.0:seed4:frame8,28.0,8,cwz_joint,0,true,false,true,missing,false,true,gradient_only,8,35,0,0.10257607732615226,3.257666669400892,missing
red4:lane3:snr28.0:seed4:frame9,28.0,9,cwz_joint,1,false,false,true,missing,false,true,gradient_only,8,120,0,0.19421487427713605,2.559333957616068,missing
red4:lane3:snr28.0:seed4:frame10,28.0,10,cwz_joint,0,true,false,true,missing,false,true,gradient_only,8,165,0,0.10454168151362599,2.6661153928345334,missing
red4:lane3:snr28.0:seed4:frame11,28.0,11,cwz_joint,0,true,false,true,missing,false,true,gradient_only,8,124,0,0.12170004991397103,2.790677134569026,missing
red4:lane3:snr28.0:seed4:frame12,28.0,12,cwz_joint,0,true,false,true,missing,false,true,gradient_only,8,137,0,0.13310082172982762,1.6601646207300822,missing
red4:lane3:snr28.0:seed4:frame13,28.0,13,cwz_joint,2,false,false,true,missing,false,true,gradient_only,8,209,0,0.19186999192647008,2.635895806690832,missing
red4:lane3:snr28.0:seed4:frame14,28.0,14,cwz_joint,0,true,false,true,missing,false,true,gradient_only,8,98,0,0.19105650787115777,3.428531614201289,missing
red4:lane3:snr28.0:seed4:frame15,28.0,15,cwz_joint,0,true,false,true,missing,false,true,gradient_only,8,64,0,0.12594952122876119,4.234333776929507,missing
red4:lane3:snr28.0:seed4:frame16,28.0,16,cwz_joint,0,true,false,true,missing,false,true,gradient_only,8,62,0,0.10771573642571461,3.947125317352273,missing
red4:lane3:snr28.0:seed4:frame17,28.0,17,cwz_joint,1,false,false,true,missing,false,true,gradient_only,8,128,0,0.3668643336987428,5.931312306156299,missing
red4:lane3:snr28.0:seed4:frame18,28.0,18,cwz_joint,0,true,false,true,missing,false,true,gradient_only,8,77,0,0.27656401856436513,3.255573263936909,missing
red4:lane3:snr28.0:seed4:frame19,28.0,19,cwz_joint,2,false,false,true,missing,false,true,gradient_only,8,208,0,0.13678845335775922,3.5165666053893223,missing
red4:lane3:snr28.0:seed4:frame20,28.0,20,cwz_joint,3,false,false,true,missing,false,true,gradient_only,8,299,0,0.2981899382958205,3.3423512848721657,missing
red4:lane3:snr28.0:seed4:frame21,28.0,21,cwz_joint,0,true,false,true,missing,false,true,gradient_only,8,76,0,0.14764388260130112,4.099546994319765,missing
red4:lane3:snr28.0:seed4:frame22,28.0,22,cwz_joint,1,false,false,true,missing,false,true,gradient_only,8,198,0,0.12393454148626956,2.785307216799136,missing
red4:lane3:snr28.0:seed4:frame23,28.0,23,cwz_joint,0,true,false,true,missing,false,true,gradient_only,8,157,0,0.14182548638651227,1.988262167905352,missing
red4:lane3:snr28.0:seed4:frame24,28.0,24,cwz_joint,2,false,false,true,missing,false,true,gradient_only,8,238,0,0.3432941353233056,3.1683310881621276,missing
red4:lane3:snr28.0:seed4:frame25,28.0,25,cwz_joint,0,true,false,true,missing,false,true,gradient_only,8,57,0,0.0968059759721189,2.8785204566679243,missing
red4:lane3:snr28.0:seed4:frame26,28.0,26,cwz_joint,0,true,false,true,missing,false,true,gradient_only,8,81,0,0.09451271235026365,6.210985907877419,missing
red4:lane3:snr28.0:seed4:frame27,28.0,27,cwz_joint,0,true,false,true,missing,false,true,gradient_only,8,113,0,0.19521675452209994,2.2327994686270936,missing
red4:lane3:snr28.0:seed4:frame28,28.0,28,cwz_joint,0,true,false,true,missing,false,true,gradient_only,8,181,0,0.1977081256550496,3.0275738873708824,missing
red4:lane3:snr28.0:seed4:frame29,28.0,29,cwz_joint,0,true,false,true,missing,false,true,gradient_only,8,27,0,0.09547746630545345,2.4630132823029927,missing
red4:lane3:snr28.0:seed4:frame30,28.0,30,cwz_joint,0,true,false,true,missing,false,true,gradient_only,8,59,0,0.1347506288990181,3.822227494194888,missing
red4:lane3:snr28.0:seed4:frame31,28.0,31,cwz_joint,0,true,false,true,missing,false,true,gradient_only,8,132,0,0.233205220640735,2.5317443953476433,missing
red4:lane3:snr28.0:seed4:frame32,28.0,32,cwz_joint,0,true,false,true,missing,false,true,gradient_only,8,187,0,0.19881405376356417,2.9247270598463575,missing
red4:lane3:snr28.0:seed4:frame33,28.0,33,cwz_joint,0,true,false,true,missing,false,true,gradient_only,8,150,0,0.11966564001512506,2.8370281421004906,missing
red4:lane3:snr28.0:seed4:frame34,28.0,34,cwz_joint,1,false,false,true,missing,false,true,gradient_only,8,156,0,0.19014666499089938,3.019205342868433,missing
red4:lane3:snr28.0:seed4:frame35,28.0,35,cwz_joint,0,true,false,true,missing,false,true,gradient_only,8,61,0,0.16230123916731523,3.614044559834626,missing
red4:lane3:snr28.0:seed4:frame36,28.0,36,cwz_joint,0,true,false,true,missing,false,true,gradient_only,8,60,0,0.1062703600239464,3.633853026108445,missing
red4:lane3:snr28.0:seed4:frame37,28.0,37,cwz_joint,1,false,false,true,missing,false,true,gradient_only,8,154,0,0.14531516718639317,2.7204486388156446,missing
red4:lane3:snr28.0:seed4:frame38,28.0,38,cwz_joint,2,false,false,true,missing,false,true,gradient_only,8,218,0,0.21913080481532632,4.650771388663071,missing
red4:lane3:snr28.0:seed4:frame39,28.0,39,cwz_joint,0,true,false,true,missing,false,true,gradient_only,8,139,0,0.3179886914620849,8.266749274626333,missing
red4:lane3:snr28.0:seed4:frame40,28.0,40,cwz_joint,1,false,false,true,missing,false,true,gradient_only,8,114,0,0.22475718163112957,5.59078042318963,missing
red4:lane3:snr28.0:seed4:frame41,28.0,41,cwz_joint,0,true,false,true,missing,false,true,gradient_only,8,106,0,0.1520244935362634,2.445945907180941,missing
red4:lane3:snr28.0:seed4:frame42,28.0,42,cwz_joint,0,true,false,true,missing,false,true,gradient_only,8,191,0,0.2602752792804347,3.2096618709616473,missing
red4:lane3:snr28.0:seed4:frame43,28.0,43,cwz_joint,0,true,false,true,missing,false,true,gradient_only,8,88,0,0.12669079544957576,4.1906498869965905,missing
red4:lane3:snr28.0:seed4:frame44,28.0,44,cwz_joint,0,true,false,true,missing,false,true,gradient_only,8,55,0,1.5282291427470989,2.7756337725164038,missing
red4:lane3:snr28.0:seed4:frame45,28.0,45,cwz_joint,0,true,false,true,missing,false,true,gradient_only,8,126,0,0.09911494298085578,2.7053311189473668,missing
red4:lane3:snr28.0:seed4:frame46,28.0,46,cwz_joint,0,true,false,true,missing,false,true,gradient_only,8,168,0,0.4573079364723918,3.025396109835586,missing
red4:lane3:snr28.0:seed4:frame47,28.0,47,cwz_joint,0,true,false,true,missing,false,true,gradient_only,8,174,0,0.11810660820204681,4.125296285563726,missing
red4:lane3:snr28.0:seed4:frame48,28.0,48,cwz_joint,1,false,false,true,missing,false,true,gradient_only,8,127,0,0.23788285956982824,3.1896207404300974,missing
red4:lane3:snr28.0:seed4:frame49,28.0,49,cwz_joint,3,false,false,true,missing,false,true,gradient_only,8,237,0,0.2814494929142899,2.7301994337002196,missing
red4:lane3:snr28.0:seed4:frame50,28.0,50,cwz_joint,0,true,false,true,missing,false,true,gradient_only,8,90,0,0.15620657924137496,3.835287871405467,missing
red4:lane3:snr28.0:seed4:frame51,28.0,51,cwz_joint,0,true,false,true,missing,false,true,gradient_only,8,35,0,0.08976401233142929,2.741824981436005,missing
red4:lane3:snr28.0:seed4:frame52,28.0,52,cwz_joint,0,true,false,true,missing,false,true,gradient_only,8,61,0,0.47696956121176803,3.4420197568986555,missing
red4:lane3:snr28.0:seed4:frame53,28.0,53,cwz_joint,0,true,false,true,missing,false,true,gradient_only,8,63,0,0.11345137435833397,4.174860545512253,missing
red4:lane3:snr28.0:seed4:frame54,28.0,54,cwz_joint,0,true,false,true,missing,false,true,gradient_only,8,78,0,0.1579099396488035,5.3560134731576285,missing
red4:lane3:snr28.0:seed4:frame55,28.0,55,cwz_joint,0,true,false,true,missing,false,true,gradient_only,8,133,0,0.08840191701890157,2.4898257137663173,missing
red4:lane3:snr28.0:seed4:frame56,28.0,56,cwz_joint,1,false,false,true,missing,false,true,gradient_only,8,184,0,0.23890172887107536,2.9197992690308325,missing
red4:lane3:snr28.0:seed4:frame57,28.0,57,cwz_joint,0,true,false,true,missing,false,true,gradient_only,8,56,0,0.0915851526331426,3.4348736364743404,missing
red4:lane3:snr28.0:seed4:frame58,28.0,58,cwz_joint,0,true,false,true,missing,false,true,gradient_only,8,220,0,0.21092693577114846,3.1355210462669043,missing
red4:lane3:snr28.0:seed4:frame59,28.0,59,cwz_joint,0,true,false,true,missing,false,true,gradient_only,8,133,0,0.15620831512819314,1.629618334303515,missing
red4:lane3:snr28.0:seed4:frame60,28.0,60,cwz_joint,4,false,false,true,missing,false,true,gradient_only,8,205,0,0.20297754845626764,1.6206944249327637,missing
red4:lane3:snr28.0:seed4:frame1,28.0,1,profiled_cz,0,true,false,true,missing,false,true,gradient_only,1,104,0,0.21602175589024722,1.7386895348005527,missing
red4:lane3:snr28.0:seed4:frame2,28.0,2,profiled_cz,0,true,false,true,missing,false,true,gradient_only,1,76,0,0.17168982923307785,1.1246670380093953,missing
red4:lane3:snr28.0:seed4:frame3,28.0,3,profiled_cz,0,true,false,true,missing,false,true,gradient_only,1,64,0,0.10342227952091786,1.062142422416558,missing
red4:lane3:snr28.0:seed4:frame4,28.0,4,profiled_cz,1,false,false,true,missing,false,true,gradient_only,1,186,0,0.19081630765873553,1.4382383734122521,missing
red4:lane3:snr28.0:seed4:frame5,28.0,5,profiled_cz,0,true,false,true,missing,false,true,gradient_only,1,153,0,0.12541203812917298,1.0519084040769082,missing
red4:lane3:snr28.0:seed4:frame6,28.0,6,profiled_cz,0,true,false,true,missing,false,true,gradient_only,1,181,0,0.14820481587433526,1.2904814563641975,missing
red4:lane3:snr28.0:seed4:frame7,28.0,7,profiled_cz,0,true,false,true,missing,false,true,gradient_only,1,63,0,0.27393668721582987,1.2680257812837876,missing
red4:lane3:snr28.0:seed4:frame8,28.0,8,profiled_cz,0,true,false,true,missing,false,true,gradient_only,1,35,0,0.10257607732615226,0.7684631016842554,missing
red4:lane3:snr28.0:seed4:frame9,28.0,9,profiled_cz,1,false,false,true,missing,false,true,gradient_only,1,120,0,0.19421487427713605,0.9771064639668396,missing
red4:lane3:snr28.0:seed4:frame10,28.0,10,profiled_cz,0,true,false,true,missing,false,true,gradient_only,1,165,0,0.10454168151362599,1.0273234805131983,missing
red4:lane3:snr28.0:seed4:frame11,28.0,11,profiled_cz,0,true,false,true,missing,false,true,gradient_only,1,124,0,0.12170004991397103,1.0399971822267071,missing
red4:lane3:snr28.0:seed4:frame12,28.0,12,profiled_cz,0,true,false,true,missing,false,true,gradient_only,1,137,0,0.13310082172982762,1.0404962768806676,missing
red4:lane3:snr28.0:seed4:frame13,28.0,13,profiled_cz,2,false,false,true,missing,false,true,gradient_only,1,209,0,0.19186999192647008,1.0764738055232577,missing
red4:lane3:snr28.0:seed4:frame14,28.0,14,profiled_cz,0,true,false,true,missing,false,true,gradient_only,1,98,0,0.19105650787115777,0.9502588956844205,missing
red4:lane3:snr28.0:seed4:frame15,28.0,15,profiled_cz,0,true,false,true,missing,false,true,gradient_only,1,64,0,0.12594952122876119,1.1616484032210783,missing
red4:lane3:snr28.0:seed4:frame16,28.0,16,profiled_cz,0,true,false,true,missing,false,true,gradient_only,1,62,0,0.10771573642571461,1.0151476971401214,missing
red4:lane3:snr28.0:seed4:frame17,28.0,17,profiled_cz,1,false,false,true,missing,false,true,gradient_only,1,128,0,0.3668643336987428,1.6048888645114028,missing
red4:lane3:snr28.0:seed4:frame18,28.0,18,profiled_cz,0,true,false,true,missing,false,true,gradient_only,1,77,0,0.27656401856436513,0.8665115198418156,missing
red4:lane3:snr28.0:seed4:frame19,28.0,19,profiled_cz,2,false,false,true,missing,false,true,gradient_only,1,208,0,0.13678845335775922,1.1832484504252607,missing
red4:lane3:snr28.0:seed4:frame20,28.0,20,profiled_cz,3,false,false,false,missing,false,true,gradient_only,1,299,3,0.2981899382958205,1.4777764445397723,missing
red4:lane3:snr28.0:seed4:frame21,28.0,21,profiled_cz,0,true,false,true,missing,false,true,gradient_only,1,76,0,0.14764388260130112,1.1204654494794397,missing
red4:lane3:snr28.0:seed4:frame22,28.0,22,profiled_cz,1,false,false,true,missing,false,true,gradient_only,1,198,0,0.12393454148626956,1.0527225897177068,missing
red4:lane3:snr28.0:seed4:frame23,28.0,23,profiled_cz,0,true,false,true,missing,false,true,gradient_only,1,157,0,0.14182548638651227,1.1076750669111062,missing
red4:lane3:snr28.0:seed4:frame24,28.0,24,profiled_cz,2,false,false,true,missing,false,true,gradient_only,1,238,0,0.3432941353233056,1.216201421859226,missing
red4:lane3:snr28.0:seed4:frame25,28.0,25,profiled_cz,0,true,false,true,missing,false,true,gradient_only,1,57,0,0.0968059759721189,0.7907721455663955,missing
red4:lane3:snr28.0:seed4:frame26,28.0,26,profiled_cz,0,true,false,true,missing,false,true,gradient_only,1,81,0,0.09451271235026365,1.5077106427506364,missing
red4:lane3:snr28.0:seed4:frame27,28.0,27,profiled_cz,0,true,false,true,missing,false,true,gradient_only,1,113,0,0.19521675452209994,0.9642579876989276,missing
red4:lane3:snr28.0:seed4:frame28,28.0,28,profiled_cz,0,true,false,true,missing,false,true,gradient_only,1,181,0,0.1977081256550496,1.0741285215556702,missing
red4:lane3:snr28.0:seed4:frame29,28.0,29,profiled_cz,0,true,false,true,missing,false,true,gradient_only,1,27,0,0.09547746630545345,0.6468565078275038,missing
red4:lane3:snr28.0:seed4:frame30,28.0,30,profiled_cz,0,true,false,true,missing,false,true,gradient_only,1,59,0,0.1347506288990181,1.0342752938392543,missing
red4:lane3:snr28.0:seed4:frame31,28.0,31,profiled_cz,0,true,false,true,missing,false,true,gradient_only,1,132,0,0.233205220640735,1.019385748735289,missing
red4:lane3:snr28.0:seed4:frame32,28.0,32,profiled_cz,0,true,false,true,missing,false,true,gradient_only,1,187,0,0.19881405376356417,1.2912941277287742,missing
red4:lane3:snr28.0:seed4:frame33,28.0,33,profiled_cz,0,true,false,true,missing,false,true,gradient_only,1,150,0,0.11966564001512506,1.2232197023680516,missing
red4:lane3:snr28.0:seed4:frame34,28.0,34,profiled_cz,1,false,false,true,missing,false,true,gradient_only,1,156,0,0.19014666499089938,1.362264739451236,missing
red4:lane3:snr28.0:seed4:frame35,28.0,35,profiled_cz,0,true,false,true,missing,false,true,gradient_only,1,61,0,0.16230123916731523,1.072600156205535,missing
red4:lane3:snr28.0:seed4:frame36,28.0,36,profiled_cz,0,true,false,true,missing,false,true,gradient_only,1,60,0,0.1062703600239464,1.0226572987751474,missing
red4:lane3:snr28.0:seed4:frame37,28.0,37,profiled_cz,1,false,false,true,missing,false,true,gradient_only,1,154,0,0.14531516718639317,1.1939674146174633,missing
red4:lane3:snr28.0:seed4:frame38,28.0,38,profiled_cz,2,false,false,true,missing,false,true,gradient_only,1,218,0,0.21913080481532632,1.533053155090396,missing
red4:lane3:snr28.0:seed4:frame39,28.0,39,profiled_cz,0,true,false,true,missing,false,true,gradient_only,1,139,0,0.3179886914620849,2.5487688199083016,missing
red4:lane3:snr28.0:seed4:frame40,28.0,40,profiled_cz,1,false,false,true,missing,false,true,gradient_only,1,114,0,0.22475718163112957,1.7166363980901278,missing
red4:lane3:snr28.0:seed4:frame41,28.0,41,profiled_cz,0,true,false,true,missing,false,true,gradient_only,1,106,0,0.1520244935362634,0.9636203953775894,missing
red4:lane3:snr28.0:seed4:frame42,28.0,42,profiled_cz,0,true,false,true,missing,false,true,gradient_only,1,191,0,0.2602752792804347,1.1042910978368994,missing
red4:lane3:snr28.0:seed4:frame43,28.0,43,profiled_cz,0,true,false,true,missing,false,true,gradient_only,1,88,0,0.12669079544957576,1.5308875428955633,missing
red4:lane3:snr28.0:seed4:frame44,28.0,44,profiled_cz,0,true,false,true,missing,false,true,gradient_only,1,55,0,1.5282291427470989,0.7498263744020265,missing
red4:lane3:snr28.0:seed4:frame45,28.0,45,profiled_cz,0,true,false,true,missing,false,true,gradient_only,1,126,0,0.09911494298085578,1.0251642774818603,missing
red4:lane3:snr28.0:seed4:frame46,28.0,46,profiled_cz,0,true,false,false,missing,false,true,gradient_only,1,168,3,0.4573079364723918,1.1721366126554207,missing
red4:lane3:snr28.0:seed4:frame47,28.0,47,profiled_cz,0,true,false,true,missing,false,true,gradient_only,1,174,0,0.11810660820204681,1.4194510561225993,missing
red4:lane3:snr28.0:seed4:frame48,28.0,48,profiled_cz,1,false,false,true,missing,false,true,gradient_only,1,127,0,0.23788285956982824,1.9716598795141043,missing
red4:lane3:snr28.0:seed4:frame49,28.0,49,profiled_cz,3,false,false,true,missing,false,true,gradient_only,1,237,0,0.2814494929142899,1.262878740434482,missing
red4:lane3:snr28.0:seed4:frame50,28.0,50,profiled_cz,0,true,false,true,missing,false,true,gradient_only,1,90,0,0.15620657924137496,1.0155897725939258,missing
red4:lane3:snr28.0:seed4:frame51,28.0,51,profiled_cz,0,true,false,true,missing,false,true,gradient_only,1,35,0,0.08976401233142929,0.7729003874446946,missing
red4:lane3:snr28.0:seed4:frame52,28.0,52,profiled_cz,0,true,false,true,missing,false,true,gradient_only,1,61,0,0.47696956121176803,1.0364995899817502,missing
red4:lane3:snr28.0:seed4:frame53,28.0,53,profiled_cz,0,true,false,true,missing,false,true,gradient_only,1,63,0,0.11345137435833397,1.0706959470657382,missing
red4:lane3:snr28.0:seed4:frame54,28.0,54,profiled_cz,0,true,false,true,missing,false,true,gradient_only,1,78,0,0.1579099396488035,1.6918941250301403,missing
red4:lane3:snr28.0:seed4:frame55,28.0,55,profiled_cz,0,true,false,true,missing,false,true,gradient_only,1,133,0,0.08840191701890157,0.9576139472470963,missing
red4:lane3:snr28.0:seed4:frame56,28.0,56,profiled_cz,1,false,false,true,missing,false,true,gradient_only,1,184,0,0.23890172887107536,1.2011968191555553,missing
red4:lane3:snr28.0:seed4:frame57,28.0,57,profiled_cz,0,true,false,true,missing,false,true,gradient_only,1,56,0,0.0915851526331426,0.789251292524156,missing
red4:lane3:snr28.0:seed4:frame58,28.0,58,profiled_cz,0,true,false,true,missing,false,true,gradient_only,1,220,0,0.21092693577114846,1.2737287555781962,missing
red4:lane3:snr28.0:seed4:frame59,28.0,59,profiled_cz,0,true,false,true,missing,false,true,gradient_only,1,133,0,0.15620831512819314,1.0522945805018076,missing
red4:lane3:snr28.0:seed4:frame60,28.0,60,profiled_cz,4,false,false,true,missing,false,true,gradient_only,1,205,0,0.20297754845626764,1.3236630285891668,missing
red4:lane3:snr30.0:seed4:frame1,30.0,1,cwz_joint,0,true,false,true,missing,false,true,gradient_only,8,101,0,0.20552534419592222,6.921435595330063,missing
red4:lane3:snr30.0:seed4:frame2,30.0,2,cwz_joint,0,true,false,true,missing,false,true,gradient_only,8,74,0,0.18073329335515625,3.607994399263875,missing
red4:lane3:snr30.0:seed4:frame3,30.0,3,cwz_joint,0,true,false,true,missing,false,true,gradient_only,8,63,0,0.09584860744592286,3.7745598499979636,missing
red4:lane3:snr30.0:seed4:frame4,30.0,4,cwz_joint,1,false,false,true,missing,false,true,gradient_only,8,181,0,0.1740679402360296,2.964291241264379,missing
red4:lane3:snr30.0:seed4:frame5,30.0,5,cwz_joint,0,true,false,true,missing,false,true,gradient_only,8,148,0,0.12412095137613174,2.1733565679599107,missing
red4:lane3:snr30.0:seed4:frame6,30.0,6,cwz_joint,0,true,false,true,missing,false,true,gradient_only,8,178,0,0.1972053642813139,3.2246009602062577,missing
red4:lane3:snr30.0:seed4:frame7,30.0,7,cwz_joint,0,true,false,true,missing,false,true,gradient_only,8,62,0,0.11302465445975342,4.2782112842364555,missing
red4:lane3:snr30.0:seed4:frame8,30.0,8,cwz_joint,0,true,false,true,missing,false,true,gradient_only,8,31,0,0.0962536421770537,3.2496263817193616,missing
red4:lane3:snr30.0:seed4:frame9,30.0,9,cwz_joint,1,false,false,true,missing,false,true,gradient_only,8,119,0,0.19083304814584756,2.5540971012544613,missing
red4:lane3:snr30.0:seed4:frame10,30.0,10,cwz_joint,0,true,false,true,missing,false,true,gradient_only,8,164,0,0.10143612584007318,2.6578354056235343,missing
red4:lane3:snr30.0:seed4:frame11,30.0,11,cwz_joint,0,true,false,true,missing,false,true,gradient_only,8,122,0,0.11786196989458231,2.7813638963896743,missing
red4:lane3:snr30.0:seed4:frame12,30.0,12,cwz_joint,0,true,false,true,missing,false,true,gradient_only,8,133,0,0.1286951672371381,1.6579666102217392,missing
red4:lane3:snr30.0:seed4:frame13,30.0,13,cwz_joint,2,false,false,true,missing,false,true,gradient_only,8,198,0,0.231246001931316,2.663219790840517,missing
red4:lane3:snr30.0:seed4:frame14,30.0,14,cwz_joint,0,true,false,true,missing,false,true,gradient_only,8,91,0,0.20084800874170325,3.4136135199099678,missing
red4:lane3:snr30.0:seed4:frame15,30.0,15,cwz_joint,0,true,false,true,missing,false,true,gradient_only,8,61,0,0.14104251846340568,4.254799595612548,missing
red4:lane3:snr30.0:seed4:frame16,30.0,16,cwz_joint,0,true,false,true,missing,false,true,gradient_only,8,58,0,0.12496457575278062,3.9422133477055765,missing
red4:lane3:snr30.0:seed4:frame17,30.0,17,cwz_joint,1,false,false,true,missing,false,true,gradient_only,8,129,0,0.23307979248599608,5.884395359442926,missing
red4:lane3:snr30.0:seed4:frame18,30.0,18,cwz_joint,0,true,false,true,missing,false,true,gradient_only,8,77,0,0.25554395517613965,3.232247252539512,missing
red4:lane3:snr30.0:seed4:frame19,30.0,19,cwz_joint,1,false,false,true,missing,false,true,gradient_only,8,213,0,0.1705047970170931,3.4947920283862484,missing
red4:lane3:snr30.0:seed4:frame20,30.0,20,cwz_joint,2,false,false,true,missing,false,true,gradient_only,8,292,0,0.2840766623592584,3.2879637030539435,missing
red4:lane3:snr30.0:seed4:frame21,30.0,21,cwz_joint,0,true,false,true,missing,false,true,gradient_only,8,78,0,0.13479207544375654,4.102706914402822,missing
red4:lane3:snr30.0:seed4:frame22,30.0,22,cwz_joint,1,false,false,true,missing,false,true,gradient_only,8,189,0,0.12287726196856524,2.7743409451218,missing
red4:lane3:snr30.0:seed4:frame23,30.0,23,cwz_joint,0,true,false,true,missing,false,true,gradient_only,8,151,0,0.15926287441929898,1.9781160340008488,missing
red4:lane3:snr30.0:seed4:frame24,30.0,24,cwz_joint,2,false,false,true,missing,false,true,gradient_only,8,233,0,0.8732710661288894,3.143252280217146,missing
red4:lane3:snr30.0:seed4:frame25,30.0,25,cwz_joint,0,true,false,true,missing,false,true,gradient_only,8,55,0,0.0923309945602086,2.8676718419042753,missing
red4:lane3:snr30.0:seed4:frame26,30.0,26,cwz_joint,0,true,false,true,missing,false,true,gradient_only,8,77,0,0.10738299510721389,6.218780525689434,missing
red4:lane3:snr30.0:seed4:frame27,30.0,27,cwz_joint,0,true,false,true,missing,false,true,gradient_only,8,110,0,0.0788072962132296,2.216662623859177,missing
red4:lane3:snr30.0:seed4:frame28,30.0,28,cwz_joint,0,true,false,true,missing,false,true,gradient_only,8,176,0,0.3817043113026814,2.997222109195168,missing
red4:lane3:snr30.0:seed4:frame29,30.0,29,cwz_joint,0,true,false,true,missing,false,true,gradient_only,8,26,0,0.12222954124832823,2.4562628686807337,missing
red4:lane3:snr30.0:seed4:frame30,30.0,30,cwz_joint,0,true,false,true,missing,false,true,gradient_only,8,56,0,0.13791062198227827,3.7992451826485127,missing
red4:lane3:snr30.0:seed4:frame31,30.0,31,cwz_joint,0,true,false,true,missing,false,true,gradient_only,8,134,0,0.36122276975059,2.5289380463182622,missing
red4:lane3:snr30.0:seed4:frame32,30.0,32,cwz_joint,0,true,false,true,missing,false,true,gradient_only,8,186,0,0.393810000710197,2.916834771650178,missing
red4:lane3:snr30.0:seed4:frame33,30.0,33,cwz_joint,0,true,false,true,missing,false,true,gradient_only,8,148,0,0.12254933531449208,2.831275028320548,missing
red4:lane3:snr30.0:seed4:frame34,30.0,34,cwz_joint,1,false,false,true,missing,false,true,gradient_only,8,155,0,0.1719831080112898,3.0190957068265742,missing
red4:lane3:snr30.0:seed4:frame35,30.0,35,cwz_joint,0,true,false,true,missing,false,true,gradient_only,8,60,0,0.17573803642272393,3.6061023026544063,missing
red4:lane3:snr30.0:seed4:frame36,30.0,36,cwz_joint,0,true,false,true,missing,false,true,gradient_only,8,61,0,0.10843859646025092,3.6369960280381957,missing
red4:lane3:snr30.0:seed4:frame37,30.0,37,cwz_joint,1,false,false,true,missing,false,true,gradient_only,8,153,0,0.13007481679588606,2.714292761508676,missing
red4:lane3:snr30.0:seed4:frame38,30.0,38,cwz_joint,2,false,false,true,missing,false,true,gradient_only,8,216,0,0.20549597814950868,4.534012443187273,missing
red4:lane3:snr30.0:seed4:frame39,30.0,39,cwz_joint,0,true,false,true,missing,false,true,gradient_only,8,125,0,0.37348870580998766,8.220399378695674,missing
red4:lane3:snr30.0:seed4:frame40,30.0,40,cwz_joint,1,false,false,true,missing,false,true,gradient_only,8,110,0,0.20652882328646008,5.48793723924437,missing
red4:lane3:snr30.0:seed4:frame41,30.0,41,cwz_joint,0,true,false,true,missing,false,true,gradient_only,8,104,0,0.17102137078733776,2.4363497991866043,missing
red4:lane3:snr30.0:seed4:frame42,30.0,42,cwz_joint,0,true,false,true,missing,false,true,gradient_only,8,191,0,0.24705093889499705,3.199470768545985,missing
red4:lane3:snr30.0:seed4:frame43,30.0,43,cwz_joint,0,true,false,true,missing,false,true,gradient_only,8,83,0,0.1316277325616419,4.167904728357102,missing
red4:lane3:snr30.0:seed4:frame44,30.0,44,cwz_joint,0,true,false,true,missing,false,true,gradient_only,8,52,0,0.21510768697951094,2.7638929588113657,missing
red4:lane3:snr30.0:seed4:frame45,30.0,45,cwz_joint,0,true,false,true,missing,false,true,gradient_only,8,123,0,0.09908713088041624,2.687293033648936,missing
red4:lane3:snr30.0:seed4:frame46,30.0,46,cwz_joint,0,true,false,true,missing,false,true,gradient_only,8,166,0,0.2067770495295852,3.014200051677326,missing
red4:lane3:snr30.0:seed4:frame47,30.0,47,cwz_joint,0,true,false,true,missing,false,true,gradient_only,8,171,0,0.1166412508932103,4.113529153227471,missing
red4:lane3:snr30.0:seed4:frame48,30.0,48,cwz_joint,1,false,false,true,missing,false,true,gradient_only,8,123,0,0.19743428416815978,3.1586520331584356,missing
red4:lane3:snr30.0:seed4:frame49,30.0,49,cwz_joint,3,false,false,true,missing,false,true,gradient_only,8,234,0,0.3259303885673598,2.7227946502317852,missing
red4:lane3:snr30.0:seed4:frame50,30.0,50,cwz_joint,0,true,false,true,missing,false,true,gradient_only,8,85,0,0.1368832054331299,3.9073001606488873,missing
red4:lane3:snr30.0:seed4:frame51,30.0,51,cwz_joint,0,true,false,true,missing,false,true,gradient_only,8,32,0,0.08085852710637012,2.7238786521185117,missing
red4:lane3:snr30.0:seed4:frame52,30.0,52,cwz_joint,0,true,false,true,missing,false,true,gradient_only,8,63,0,0.1890997202017543,3.4359349961265253,missing
red4:lane3:snr30.0:seed4:frame53,30.0,53,cwz_joint,0,true,false,true,missing,false,true,gradient_only,8,60,0,0.10989676392003302,4.126433337320314,missing
red4:lane3:snr30.0:seed4:frame54,30.0,54,cwz_joint,0,true,false,true,missing,false,true,gradient_only,8,74,0,0.15616435069869394,5.313018852461101,missing
red4:lane3:snr30.0:seed4:frame55,30.0,55,cwz_joint,1,false,false,true,missing,false,true,gradient_only,8,139,0,0.08741642658466672,2.484905735386441,missing
red4:lane3:snr30.0:seed4:frame56,30.0,56,cwz_joint,1,false,false,true,missing,false,true,gradient_only,8,180,0,0.17497995364924732,2.896784850880605,missing
red4:lane3:snr30.0:seed4:frame57,30.0,57,cwz_joint,0,true,false,true,missing,false,true,gradient_only,8,55,0,0.07677876785796842,3.402906175901739,missing
red4:lane3:snr30.0:seed4:frame58,30.0,58,cwz_joint,0,true,false,true,missing,false,true,gradient_only,8,217,0,0.1865588138391794,3.1205280897460597,missing
red4:lane3:snr30.0:seed4:frame59,30.0,59,cwz_joint,0,true,false,true,missing,false,true,gradient_only,8,136,0,0.16719855354514476,1.6253875594636351,missing
red4:lane3:snr30.0:seed4:frame60,30.0,60,cwz_joint,3,false,false,true,missing,false,true,gradient_only,8,195,0,0.17356823699925072,1.6179042029324187,missing
red4:lane3:snr30.0:seed4:frame1,30.0,1,profiled_cz,0,true,false,true,missing,false,true,gradient_only,1,101,0,0.20552534419592222,1.7622324962056106,missing
red4:lane3:snr30.0:seed4:frame2,30.0,2,profiled_cz,0,true,false,true,missing,false,true,gradient_only,1,74,0,0.18073329335515625,1.113542548509556,missing
red4:lane3:snr30.0:seed4:frame3,30.0,3,profiled_cz,0,true,false,true,missing,false,true,gradient_only,1,63,0,0.09584860744592286,1.0533688194356927,missing
red4:lane3:snr30.0:seed4:frame4,30.0,4,profiled_cz,1,false,false,true,missing,false,true,gradient_only,1,181,0,0.1740679402360296,1.425757353514745,missing
red4:lane3:snr30.0:seed4:frame5,30.0,5,profiled_cz,0,true,false,true,missing,false,true,gradient_only,1,148,0,0.12412095137613174,1.0437670695085437,missing
red4:lane3:snr30.0:seed4:frame6,30.0,6,profiled_cz,0,true,false,true,missing,false,true,gradient_only,1,178,0,0.1972053642813139,1.289629225495612,missing
red4:lane3:snr30.0:seed4:frame7,30.0,7,profiled_cz,0,true,false,true,missing,false,true,gradient_only,1,62,0,0.11302465445975342,1.257410712486326,missing
red4:lane3:snr30.0:seed4:frame8,30.0,8,profiled_cz,0,true,false,true,missing,false,true,gradient_only,1,31,0,0.0962536421770537,0.763572080874631,missing
red4:lane3:snr30.0:seed4:frame9,30.0,9,profiled_cz,1,false,false,true,missing,false,true,gradient_only,1,119,0,0.19083304814584756,0.9703964004044142,missing
red4:lane3:snr30.0:seed4:frame10,30.0,10,profiled_cz,0,true,false,true,missing,false,true,gradient_only,1,164,0,0.10143612584007318,1.0215416914314446,missing
red4:lane3:snr30.0:seed4:frame11,30.0,11,profiled_cz,0,true,false,true,missing,false,true,gradient_only,1,122,0,0.11786196989458231,1.035729156676944,missing
red4:lane3:snr30.0:seed4:frame12,30.0,12,profiled_cz,0,true,false,true,missing,false,true,gradient_only,1,133,0,0.1286951672371381,1.0418392371741851,missing
red4:lane3:snr30.0:seed4:frame13,30.0,13,profiled_cz,2,false,false,true,missing,false,true,gradient_only,1,198,0,0.231246001931316,1.0449089727470249,missing
red4:lane3:snr30.0:seed4:frame14,30.0,14,profiled_cz,0,true,false,true,missing,false,true,gradient_only,1,91,0,0.20084800874170325,0.9434354783729572,missing
red4:lane3:snr30.0:seed4:frame15,30.0,15,profiled_cz,0,true,false,true,missing,false,true,gradient_only,1,61,0,0.14104251846340568,1.157352778998334,missing
red4:lane3:snr30.0:seed4:frame16,30.0,16,profiled_cz,0,true,false,true,missing,false,true,gradient_only,1,58,0,0.12496457575278062,1.0000828589415616,missing
red4:lane3:snr30.0:seed4:frame17,30.0,17,profiled_cz,1,false,false,true,missing,false,true,gradient_only,1,129,0,0.23307979248599608,1.4895711279313149,missing
red4:lane3:snr30.0:seed4:frame18,30.0,18,profiled_cz,0,true,false,true,missing,false,true,gradient_only,1,77,0,0.25554395517613965,0.8652527205936256,missing
red4:lane3:snr30.0:seed4:frame19,30.0,19,profiled_cz,1,false,false,true,missing,false,true,gradient_only,1,213,0,0.1705047970170931,1.1821888179267983,missing
red4:lane3:snr30.0:seed4:frame20,30.0,20,profiled_cz,2,false,false,false,missing,false,true,gradient_only,1,292,5,0.2840766623592584,1.4226053060163888,missing
red4:lane3:snr30.0:seed4:frame21,30.0,21,profiled_cz,0,true,false,true,missing,false,true,gradient_only,1,78,0,0.13479207544375654,1.1136451880042886,missing
red4:lane3:snr30.0:seed4:frame22,30.0,22,profiled_cz,1,false,false,true,missing,false,true,gradient_only,1,189,0,0.12287726196856524,1.0611870904748173,missing
red4:lane3:snr30.0:seed4:frame23,30.0,23,profiled_cz,0,true,false,true,missing,false,true,gradient_only,1,151,0,0.15926287441929898,1.0975912408003148,missing
red4:lane3:snr30.0:seed4:frame24,30.0,24,profiled_cz,2,false,false,false,missing,false,true,gradient_only,1,233,2,0.8732710661288894,1.2098383691083925,missing
red4:lane3:snr30.0:seed4:frame25,30.0,25,profiled_cz,0,true,false,true,missing,false,true,gradient_only,1,55,0,0.0923309945602086,0.7848033312053385,missing
red4:lane3:snr30.0:seed4:frame26,30.0,26,profiled_cz,0,true,false,true,missing,false,true,gradient_only,1,77,0,0.10738299510721389,1.4915417643513968,missing
red4:lane3:snr30.0:seed4:frame27,30.0,27,profiled_cz,0,true,false,true,missing,false,true,gradient_only,1,110,0,0.0788072962132296,0.9517482365334939,missing
red4:lane3:snr30.0:seed4:frame28,30.0,28,profiled_cz,0,true,false,true,missing,false,true,gradient_only,1,176,0,0.3817043113026814,1.05259778650021,missing
red4:lane3:snr30.0:seed4:frame29,30.0,29,profiled_cz,0,true,false,true,missing,false,true,gradient_only,1,26,0,0.12222954124832823,0.6449385753471878,missing
red4:lane3:snr30.0:seed4:frame30,30.0,30,profiled_cz,0,true,false,true,missing,false,true,gradient_only,1,56,0,0.13791062198227827,1.0209454202984283,missing
red4:lane3:snr30.0:seed4:frame31,30.0,31,profiled_cz,0,true,false,true,missing,false,true,gradient_only,1,134,0,0.36122276975059,1.014558408013752,missing
red4:lane3:snr30.0:seed4:frame32,30.0,32,profiled_cz,0,true,false,true,missing,false,true,gradient_only,1,186,0,0.393810000710197,1.2879080840314718,missing
red4:lane3:snr30.0:seed4:frame33,30.0,33,profiled_cz,0,true,false,true,missing,false,true,gradient_only,1,148,0,0.12254933531449208,1.214389330879472,missing
red4:lane3:snr30.0:seed4:frame34,30.0,34,profiled_cz,1,false,false,false,missing,false,true,gradient_only,1,155,2,0.1719831080112898,1.3700774722925777,missing
red4:lane3:snr30.0:seed4:frame35,30.0,35,profiled_cz,0,true,false,true,missing,false,true,gradient_only,1,60,0,0.17573803642272393,1.067123288723215,missing
red4:lane3:snr30.0:seed4:frame36,30.0,36,profiled_cz,0,true,false,true,missing,false,true,gradient_only,1,61,0,0.10843859646025092,1.0001967252931265,missing
red4:lane3:snr30.0:seed4:frame37,30.0,37,profiled_cz,1,false,false,true,missing,false,true,gradient_only,1,153,0,0.13007481679588606,1.1918117173511404,missing
red4:lane3:snr30.0:seed4:frame38,30.0,38,profiled_cz,2,false,false,true,missing,false,true,gradient_only,1,216,0,0.20549597814950868,1.453089919691184,missing
red4:lane3:snr30.0:seed4:frame39,30.0,39,profiled_cz,0,true,false,true,missing,false,true,gradient_only,1,125,0,0.37348870580998766,2.255781933082841,missing
red4:lane3:snr30.0:seed4:frame40,30.0,40,profiled_cz,1,false,false,true,missing,false,true,gradient_only,1,110,0,0.20652882328646008,1.7456772209622147,missing
red4:lane3:snr30.0:seed4:frame41,30.0,41,profiled_cz,0,true,false,true,missing,false,true,gradient_only,1,104,0,0.17102137078733776,0.9601677457866118,missing
red4:lane3:snr30.0:seed4:frame42,30.0,42,profiled_cz,0,true,false,true,missing,false,true,gradient_only,1,191,0,0.24705093889499705,1.1066575345909222,missing
red4:lane3:snr30.0:seed4:frame43,30.0,43,profiled_cz,0,true,false,true,missing,false,true,gradient_only,1,83,0,0.1316277325616419,1.4943177559332843,missing
red4:lane3:snr30.0:seed4:frame44,30.0,44,profiled_cz,0,true,false,true,missing,false,true,gradient_only,1,52,0,0.21510768697951094,0.7441751198427698,missing
red4:lane3:snr30.0:seed4:frame45,30.0,45,profiled_cz,0,true,false,true,missing,false,true,gradient_only,1,123,0,0.09908713088041624,1.0167030571956677,missing
red4:lane3:snr30.0:seed4:frame46,30.0,46,profiled_cz,0,true,false,true,missing,false,true,gradient_only,1,166,0,0.2067770495295852,1.1708714670279068,missing
red4:lane3:snr30.0:seed4:frame47,30.0,47,profiled_cz,0,true,false,true,missing,false,true,gradient_only,1,171,0,0.1166412508932103,1.426023581843382,missing
red4:lane3:snr30.0:seed4:frame48,30.0,48,profiled_cz,1,false,false,true,missing,false,true,gradient_only,1,123,0,0.19743428416815978,1.7703267190178273,missing
red4:lane3:snr30.0:seed4:frame49,30.0,49,profiled_cz,3,false,false,true,missing,false,true,gradient_only,1,234,0,0.3259303885673598,1.2617983793294936,missing
red4:lane3:snr30.0:seed4:frame50,30.0,50,profiled_cz,0,true,false,true,missing,false,true,gradient_only,1,85,0,0.1368832054331299,1.0027793104076286,missing
red4:lane3:snr30.0:seed4:frame51,30.0,51,profiled_cz,0,true,false,true,missing,false,true,gradient_only,1,32,0,0.08085852710637012,0.7687596557687116,missing
red4:lane3:snr30.0:seed4:frame52,30.0,52,profiled_cz,0,true,false,true,missing,false,true,gradient_only,1,63,0,0.1890997202017543,0.9985231915660078,missing
red4:lane3:snr30.0:seed4:frame53,30.0,53,profiled_cz,0,true,false,true,missing,false,true,gradient_only,1,60,0,0.10989676392003302,1.0832606291052742,missing
red4:lane3:snr30.0:seed4:frame54,30.0,54,profiled_cz,0,true,false,true,missing,false,true,gradient_only,1,74,0,0.15616435069869394,1.5502247166820975,missing
red4:lane3:snr30.0:seed4:frame55,30.0,55,profiled_cz,1,false,false,true,missing,false,true,gradient_only,1,139,0,0.08741642658466672,0.9622773661629453,missing
red4:lane3:snr30.0:seed4:frame56,30.0,56,profiled_cz,1,false,false,true,missing,false,true,gradient_only,1,180,0,0.17497995364924732,1.1822331581394516,missing
red4:lane3:snr30.0:seed4:frame57,30.0,57,profiled_cz,0,true,false,true,missing,false,true,gradient_only,1,55,0,0.07677876785796842,0.7749829936336035,missing
red4:lane3:snr30.0:seed4:frame58,30.0,58,profiled_cz,0,true,false,true,missing,false,true,gradient_only,1,217,0,0.1865588138391794,1.2567578793867786,missing
red4:lane3:snr30.0:seed4:frame59,30.0,59,profiled_cz,0,true,false,true,missing,false,true,gradient_only,1,136,0,0.16719855354514476,1.0496373026510186,missing
red4:lane3:snr30.0:seed4:frame60,30.0,60,profiled_cz,3,false,false,false,missing,false,true,gradient_only,1,195,3,0.17356823699925072,1.322935745001425,missing
