workload_id,snr_db,frame,algorithm_id,bit_errors,success,decode_failure,decoder_valid,crc_valid,baseline_valid,accepted_update,selection_reason,selected_iteration,partial_fft_parts,partial_fft_bands,lite_syndrome,gradient_syndrome,lite_score,gradient_score,selected_mean_abs_lpost
red1:lane1:snr0.0:seed4:frame1,0.0,1,cwz_joint,518,false,false,true,missing,false,true,gradient_only,8,1,16,1223,0,11.594373297831732,642.6732681992852,missing
red1:lane1:snr0.0:seed4:frame2,0.0,2,cwz_joint,612,false,false,true,missing,false,true,gradient_only,8,1,16,1221,0,2.4090298956529104,485.9915911801845,missing
red1:lane1:snr0.0:seed4:frame3,0.0,3,cwz_joint,628,false,false,true,missing,false,true,gradient_only,8,1,16,1242,0,2.6224849689388807,472.51565010368597,missing
red1:lane1:snr0.0:seed4:frame4,0.0,4,cwz_joint,616,false,false,true,missing,false,true,gradient_only,8,1,16,1298,0,13.273371206879379,716.0196431048756,missing
red1:lane1:snr0.0:seed4:frame5,0.0,5,cwz_joint,552,false,false,true,missing,false,true,gradient_only,8,1,16,1264,0,2.137747671870581,356.62467566983474,missing
red1:lane1:snr0.0:seed4:frame6,0.0,6,cwz_joint,664,false,false,true,missing,false,true,gradient_only,8,1,16,1322,0,3.151256765708624,425.7412487842933,missing
red1:lane1:snr0.0:seed4:frame7,0.0,7,cwz_joint,602,false,false,true,missing,false,true,gradient_only,8,1,16,1201,0,4.057850885055405,831.4429411375962,missing
red1:lane1:snr0.0:seed4:frame8,0.0,8,cwz_joint,635,false,false,false,missing,false,true,gradient_only,8,1,16,1344,3,9.154852882270145,685.2522917966539,missing
red1:lane1:snr0.0:seed4:frame9,0.0,9,cwz_joint,590,false,false,true,missing,false,true,gradient_only,8,1,16,1249,0,2.82393687330655,465.70548965957147,missing
red1:lane1:snr0.0:seed4:frame10,0.0,10,cwz_joint,686,false,false,true,missing,false,true,gradient_only,8,1,16,1342,0,1.5605620082172327,967.3192632870744,missing
red1:lane1:snr0.0:seed4:frame11,0.0,11,cwz_joint,636,false,false,true,missing,false,true,gradient_only,8,1,16,1327,0,21.25368769360746,910.9415615783475,missing
red1:lane1:snr0.0:seed4:frame12,0.0,12,cwz_joint,560,false,false,true,missing,false,true,gradient_only,8,1,16,1264,0,4.727655601340584,477.19850476521697,missing
red1:lane1:snr0.0:seed4:frame13,0.0,13,cwz_joint,717,false,false,true,missing,false,true,gradient_only,8,1,16,1271,0,2.2922983552593084,658.3815815575743,missing
red1:lane1:snr0.0:seed4:frame14,0.0,14,cwz_joint,676,false,false,true,missing,false,true,gradient_only,8,1,16,1225,0,4.486626327323823,545.7130220672292,missing
red1:lane1:snr0.0:seed4:frame15,0.0,15,cwz_joint,611,false,false,true,missing,false,true,gradient_only,8,1,16,1290,0,4.468958617828006,261.34423742026047,missing
red1:lane1:snr0.0:seed4:frame16,0.0,16,cwz_joint,555,false,false,true,missing,false,true,gradient_only,8,1,16,1263,0,11.370529411114592,761.9688814014526,missing
red1:lane1:snr0.0:seed4:frame17,0.0,17,cwz_joint,625,false,false,true,missing,false,true,gradient_only,8,1,16,1186,0,7.683241725083515,390.31642950163956,missing
red1:lane1:snr0.0:seed4:frame18,0.0,18,cwz_joint,598,false,false,true,missing,false,true,gradient_only,8,1,16,1316,0,15.679518908613714,655.0259855136769,missing
red1:lane1:snr0.0:seed4:frame19,0.0,19,cwz_joint,588,false,false,true,missing,false,true,gradient_only,8,1,16,1350,0,10.320029782280878,1227.5374544949036,missing
red1:lane1:snr0.0:seed4:frame20,0.0,20,cwz_joint,572,false,false,true,missing,false,true,gradient_only,8,1,16,1141,0,1.4072249813811009,541.3204129150685,missing
red1:lane1:snr0.0:seed4:frame21,0.0,21,cwz_joint,602,false,false,true,missing,false,true,gradient_only,8,1,16,1282,0,3.9699479101828063,389.88327355545067,missing
red1:lane1:snr0.0:seed4:frame22,0.0,22,cwz_joint,707,false,false,true,missing,false,true,gradient_only,8,1,16,1392,0,2.688927975894756,1268.7871610031216,missing
red1:lane1:snr0.0:seed4:frame23,0.0,23,cwz_joint,692,false,false,true,missing,false,true,gradient_only,8,1,16,1439,0,2.703799494186494,806.4782564169706,missing
red1:lane1:snr0.0:seed4:frame24,0.0,24,cwz_joint,558,false,false,true,missing,false,true,gradient_only,8,1,16,1324,0,3.5842146666784727,1832.656264267194,missing
red1:lane1:snr0.0:seed4:frame25,0.0,25,cwz_joint,538,false,false,true,missing,false,true,gradient_only,8,1,16,1168,0,1.7682581146387015,509.196378688688,missing
red1:lane1:snr0.0:seed4:frame26,0.0,26,cwz_joint,589,false,false,false,missing,false,true,gradient_only,8,1,16,1372,5,4.075045534737961,202.81901183385185,missing
red1:lane1:snr0.0:seed4:frame27,0.0,27,cwz_joint,678,false,false,true,missing,false,true,gradient_only,8,1,16,1305,0,4.9430060380768435,369.1878203140171,missing
red1:lane1:snr0.0:seed4:frame28,0.0,28,cwz_joint,553,false,false,true,missing,false,true,gradient_only,8,1,16,1142,0,2.212185063261536,637.682180997016,missing
red1:lane1:snr0.0:seed4:frame29,0.0,29,cwz_joint,606,false,false,true,missing,false,true,gradient_only,8,1,16,1077,0,3.757783351356964,472.68848728751675,missing
red1:lane1:snr0.0:seed4:frame30,0.0,30,cwz_joint,649,false,false,true,missing,false,true,gradient_only,8,1,16,1311,0,4.412291247381295,632.8271954133864,missing
red1:lane1:snr0.0:seed4:frame31,0.0,31,cwz_joint,664,false,false,true,missing,false,true,gradient_only,8,1,16,1292,0,2.596538830027523,255.98649050677218,missing
red1:lane1:snr0.0:seed4:frame32,0.0,32,cwz_joint,662,false,false,true,missing,false,true,gradient_only,8,1,16,1223,0,1.3519183887418214,1498.6401291481682,missing
red1:lane1:snr0.0:seed4:frame33,0.0,33,cwz_joint,512,false,false,true,missing,false,true,gradient_only,8,1,16,1243,0,1.9957206551189255,273.8948941103982,missing
red1:lane1:snr0.0:seed4:frame34,0.0,34,cwz_joint,596,false,false,true,missing,false,true,gradient_only,8,1,16,1360,0,1.8879213583506311,573.0132980331097,missing
red1:lane1:snr0.0:seed4:frame35,0.0,35,cwz_joint,673,false,false,true,missing,false,true,gradient_only,8,1,16,1318,0,1.1554224125462247,257.9713435154297,missing
red1:lane1:snr0.0:seed4:frame36,0.0,36,cwz_joint,642,false,false,true,missing,false,true,gradient_only,8,1,16,1304,0,7.335562114877982,1245.7871532451036,missing
red1:lane1:snr0.0:seed4:frame37,0.0,37,cwz_joint,594,false,false,true,missing,false,true,gradient_only,8,1,16,1318,0,4.0321303235236625,353.2237266975639,missing
red1:lane1:snr0.0:seed4:frame38,0.0,38,cwz_joint,574,false,false,true,missing,false,true,gradient_only,8,1,16,1351,0,3.000297199161933,644.7739441701474,missing
red1:lane1:snr0.0:seed4:frame39,0.0,39,cwz_joint,584,false,false,true,missing,false,true,gradient_only,8,1,16,1347,0,2.4516845325313636,197.41030200859237,missing
red1:lane1:snr0.0:seed4:frame40,0.0,40,cwz_joint,610,false,false,true,missing,false,true,gradient_only,8,1,16,1273,0,3.518027326508789,427.82649855464746,missing
red1:lane1:snr0.0:seed4:frame41,0.0,41,cwz_joint,660,false,false,true,missing,false,true,gradient_only,8,1,16,1448,0,6.379760290393956,1418.6464526204898,missing
red1:lane1:snr0.0:seed4:frame42,0.0,42,cwz_joint,600,false,false,true,missing,false,true,gradient_only,8,1,16,1141,0,2.117218447788868,360.6111241877375,missing
red1:lane1:snr0.0:seed4:frame43,0.0,43,cwz_joint,733,false,false,true,missing,false,true,gradient_only,8,1,16,1294,0,2.332410485994983,1414.2961312460427,missing
red1:lane1:snr0.0:seed4:frame44,0.0,44,cwz_joint,567,false,false,true,missing,false,true,gradient_only,8,1,16,1293,0,9.14084514813889,178.48413220559243,missing
red1:lane1:snr0.0:seed4:frame45,0.0,45,cwz_joint,556,false,false,true,missing,false,true,gradient_only,8,1,16,1373,0,2.5084628256687034,254.29926865789523,missing
red1:lane1:snr0.0:seed4:frame46,0.0,46,cwz_joint,642,false,false,true,missing,false,true,gradient_only,8,1,16,1474,0,1.4407243529391056,965.5836800232687,missing
red1:lane1:snr0.0:seed4:frame47,0.0,47,cwz_joint,630,false,false,true,missing,false,true,gradient_only,8,1,16,1238,0,1.2076403462061949,461.8588247928271,missing
red1:lane1:snr0.0:seed4:frame48,0.0,48,cwz_joint,546,false,false,true,missing,false,true,gradient_only,8,1,16,1247,0,7.639826799927122,535.0126468456297,missing
red1:lane1:snr0.0:seed4:frame49,0.0,49,cwz_joint,547,false,false,true,missing,false,true,gradient_only,8,1,16,1193,0,2.932805149376797,283.24207135386655,missing
red1:lane1:snr0.0:seed4:frame50,0.0,50,cwz_joint,578,false,false,true,missing,false,true,gradient_only,8,1,16,1265,0,3.5494692987628995,552.4928696375887,missing
red1:lane1:snr0.0:seed4:frame51,0.0,51,cwz_joint,602,false,false,true,missing,false,true,gradient_only,8,1,16,1162,0,3.830166385961343,981.2926458911088,missing
red1:lane1:snr0.0:seed4:frame52,0.0,52,cwz_joint,599,false,false,true,missing,false,true,gradient_only,8,1,16,1312,0,2.851291571898264,297.6656830482726,missing
red1:lane1:snr0.0:seed4:frame53,0.0,53,cwz_joint,636,false,false,true,missing,false,true,gradient_only,8,1,16,1386,0,1.8194150149490165,250.7332112169678,missing
red1:lane1:snr0.0:seed4:frame54,0.0,54,cwz_joint,622,false,false,true,missing,false,true,gradient_only,8,1,16,1169,0,3.7669211100274067,571.3131259087482,missing
red1:lane1:snr0.0:seed4:frame55,0.0,55,cwz_joint,604,false,false,true,missing,false,true,gradient_only,8,1,16,1338,0,3.328281991655143,4023.130635934486,missing
red1:lane1:snr0.0:seed4:frame56,0.0,56,cwz_joint,538,false,false,true,missing,false,true,gradient_only,8,1,16,1251,0,1.816239527716349,212.38275326611497,missing
red1:lane1:snr0.0:seed4:frame57,0.0,57,cwz_joint,601,false,false,true,missing,false,true,gradient_only,8,1,16,1288,0,5.2381901555366275,625.1716053270627,missing
red1:lane1:snr0.0:seed4:frame58,0.0,58,cwz_joint,581,false,false,true,missing,false,true,gradient_only,8,1,16,1278,0,1.3980179459220883,512.2492796509999,missing
red1:lane1:snr0.0:seed4:frame59,0.0,59,cwz_joint,577,false,false,false,missing,false,true,gradient_only,6,1,16,1324,5,3.783629877206748,970.5146220034429,missing
red1:lane1:snr0.0:seed4:frame60,0.0,60,cwz_joint,604,false,false,true,missing,false,true,gradient_only,8,1,16,1290,0,5.4173707510310924,1034.2140140951246,missing
red1:lane1:snr0.0:seed4:frame1,0.0,1,profiled_cz,516,false,false,false,missing,false,true,gradient_only,1,1,16,1223,141,11.594373297831732,31.953561006388387,missing
red1:lane1:snr0.0:seed4:frame2,0.0,2,profiled_cz,619,false,false,false,missing,false,true,gradient_only,4,1,16,1221,201,2.4090298956529104,24.828925005438403,missing
red1:lane1:snr0.0:seed4:frame3,0.0,3,profiled_cz,629,false,false,false,missing,false,true,gradient_only,1,1,16,1242,241,2.6224849689388807,80.22382030491781,missing
red1:lane1:snr0.0:seed4:frame4,0.0,4,profiled_cz,617,false,false,false,missing,false,true,gradient_only,6,1,16,1298,210,13.273371206879379,75.1966515973037,missing
red1:lane1:snr0.0:seed4:frame5,0.0,5,profiled_cz,549,false,false,false,missing,false,true,gradient_only,1,1,16,1264,143,2.137747671870581,43.76283232220385,missing
red1:lane1:snr0.0:seed4:frame6,0.0,6,profiled_cz,656,false,false,false,missing,false,true,gradient_only,6,1,16,1322,220,3.151256765708624,39.52537862267233,missing
red1:lane1:snr0.0:seed4:frame7,0.0,7,profiled_cz,600,false,false,false,missing,false,true,gradient_only,6,1,16,1201,114,4.057850885055405,98.10934223155405,missing
red1:lane1:snr0.0:seed4:frame8,0.0,8,profiled_cz,628,false,false,false,missing,false,true,gradient_only,1,1,16,1344,199,9.154852882270145,60.55828498677854,missing
red1:lane1:snr0.0:seed4:frame9,0.0,9,profiled_cz,591,false,false,false,missing,false,true,gradient_only,1,1,16,1249,151,2.82393687330655,111.92867961416678,missing
red1:lane1:snr0.0:seed4:frame10,0.0,10,profiled_cz,686,false,false,false,missing,false,true,gradient_only,5,1,16,1342,192,1.5605620082172327,113.72695027693936,missing
red1:lane1:snr0.0:seed4:frame11,0.0,11,profiled_cz,636,false,false,false,missing,false,true,gradient_only,1,1,16,1327,173,21.25368769360746,53.6179437193136,missing
red1:lane1:snr0.0:seed4:frame12,0.0,12,profiled_cz,568,false,false,false,missing,false,true,gradient_only,1,1,16,1264,226,4.727655601340584,24.076831345630872,missing
red1:lane1:snr0.0:seed4:frame13,0.0,13,profiled_cz,714,false,false,false,missing,false,true,gradient_only,1,1,16,1271,214,2.2922983552593084,70.96960994388337,missing
red1:lane1:snr0.0:seed4:frame14,0.0,14,profiled_cz,676,false,false,false,missing,false,true,gradient_only,5,1,16,1225,127,4.486626327323823,106.60722009666989,missing
red1:lane1:snr0.0:seed4:frame15,0.0,15,profiled_cz,606,false,false,false,missing,false,true,gradient_only,1,1,16,1290,159,4.468958617828006,28.287154090303414,missing
red1:lane1:snr0.0:seed4:frame16,0.0,16,profiled_cz,555,false,false,false,missing,false,true,gradient_only,1,1,16,1263,113,11.370529411114592,205.76558009428643,missing
red1:lane1:snr0.0:seed4:frame17,0.0,17,profiled_cz,620,false,false,false,missing,false,true,gradient_only,1,1,16,1186,194,7.683241725083515,22.764150794881395,missing
red1:lane1:snr0.0:seed4:frame18,0.0,18,profiled_cz,595,false,false,false,missing,false,true,gradient_only,1,1,16,1316,175,15.679518908613714,35.79548773959564,missing
red1:lane1:snr0.0:seed4:frame19,0.0,19,profiled_cz,588,false,false,false,missing,false,true,gradient_only,1,1,16,1350,198,10.320029782280878,111.618224207673,missing
red1:lane1:snr0.0:seed4:frame20,0.0,20,profiled_cz,574,false,false,false,missing,false,true,gradient_only,6,1,16,1141,129,1.4072249813811009,95.65678965589923,missing
red1:lane1:snr0.0:seed4:frame21,0.0,21,profiled_cz,606,false,false,false,missing,false,true,gradient_only,1,1,16,1282,206,3.9699479101828063,59.376510699383694,missing
red1:lane1:snr0.0:seed4:frame22,0.0,22,profiled_cz,710,false,false,false,missing,false,true,gradient_only,4,1,16,1392,198,2.688927975894756,89.80533624327416,missing
red1:lane1:snr0.0:seed4:frame23,0.0,23,profiled_cz,689,false,false,false,missing,false,true,gradient_only,1,1,16,1439,313,2.703799494186494,52.996531998125704,missing
red1:lane1:snr0.0:seed4:frame24,0.0,24,profiled_cz,556,false,false,false,missing,false,true,gradient_only,1,1,16,1324,178,3.5842146666784727,37.36786585827166,missing
red1:lane1:snr0.0:seed4:frame25,0.0,25,profiled_cz,539,false,false,false,missing,false,true,gradient_only,2,1,16,1168,131,1.7682581146387015,22.545515039474278,missing
red1:lane1:snr0.0:seed4:frame26,0.0,26,profiled_cz,590,false,false,false,missing,false,true,gradient_only,8,1,16,1372,216,4.075045534737961,25.534165093222352,missing
red1:lane1:snr0.0:seed4:frame27,0.0,27,profiled_cz,680,false,false,false,missing,false,true,gradient_only,1,1,16,1305,158,4.9430060380768435,64.79431787557775,missing
red1:lane1:snr0.0:seed4:frame28,0.0,28,profiled_cz,550,false,false,false,missing,false,true,gradient_only,1,1,16,1142,202,2.212185063261536,23.686495478439845,missing
red1:lane1:snr0.0:seed4:frame29,0.0,29,profiled_cz,605,false,false,false,missing,false,true,gradient_only,1,1,16,1077,140,3.757783351356964,33.462749119899776,missing
red1:lane1:snr0.0:seed4:frame30,0.0,30,profiled_cz,648,false,false,false,missing,false,true,gradient_only,2,1,16,1311,137,4.412291247381295,107.2932199730885,missing
red1:lane1:snr0.0:seed4:frame31,0.0,31,profiled_cz,667,false,false,false,missing,false,true,gradient_only,3,1,16,1292,194,2.596538830027523,52.90972198077358,missing
red1:lane1:snr0.0:seed4:frame32,0.0,32,profiled_cz,664,false,false,false,missing,false,true,gradient_only,1,1,16,1223,185,1.3519183887418214,300.88041895057944,missing
red1:lane1:snr0.0:seed4:frame33,0.0,33,profiled_cz,513,false,false,false,missing,false,true,gradient_only,1,1,16,1243,168,1.9957206551189255,24.17600504070088,missing
red1:lane1:snr0.0:seed4:frame34,0.0,34,profiled_cz,594,false,false,false,missing,false,true,gradient_only,2,1,16,1360,156,1.8879213583506311,68.98679006169871,missing
red1:lane1:snr0.0:seed4:frame35,0.0,35,profiled_cz,673,false,false,false,missing,false,true,gradient_only,1,1,16,1318,143,1.1554224125462247,50.783626698852125,missing
red1:lane1:snr0.0:seed4:frame36,0.0,36,profiled_cz,643,false,false,false,missing,false,true,gradient_only,1,1,16,1304,159,7.335562114877982,35.320724349112886,missing
red1:lane1:snr0.0:seed4:frame37,0.0,37,profiled_cz,593,false,false,false,missing,false,true,gradient_only,1,1,16,1318,209,4.0321303235236625,21.62118123753423,missing
red1:lane1:snr0.0:seed4:frame38,0.0,38,profiled_cz,568,false,false,false,missing,false,true,gradient_only,1,1,16,1351,215,3.000297199161933,93.90614165070598,missing
red1:lane1:snr0.0:seed4:frame39,0.0,39,profiled_cz,588,false,false,false,missing,false,true,gradient_only,1,1,16,1347,191,2.4516845325313636,923.3149897877339,missing
red1:lane1:snr0.0:seed4:frame40,0.0,40,profiled_cz,613,false,false,false,missing,false,true,gradient_only,1,1,16,1273,220,3.518027326508789,43.142742204333906,missing
red1:lane1:snr0.0:seed4:frame41,0.0,41,profiled_cz,663,false,false,false,missing,false,true,gradient_only,8,1,16,1448,191,6.379760290393956,37.771410964028824,missing
red1:lane1:snr0.0:seed4:frame42,0.0,42,profiled_cz,600,false,false,false,missing,false,true,gradient_only,1,1,16,1141,129,2.117218447788868,43.28333426889,missing
red1:lane1:snr0.0:seed4:frame43,0.0,43,profiled_cz,731,false,false,false,missing,false,true,gradient_only,1,1,16,1294,150,2.332410485994983,207.7821556987894,missing
red1:lane1:snr0.0:seed4:frame44,0.0,44,profiled_cz,563,false,false,false,missing,false,true,gradient_only,1,1,16,1293,179,9.14084514813889,25.173370299623702,missing
red1:lane1:snr0.0:seed4:frame45,0.0,45,profiled_cz,558,false,false,false,missing,false,true,gradient_only,1,1,16,1373,137,2.5084628256687034,38.603559151338544,missing
red1:lane1:snr0.0:seed4:frame46,0.0,46,profiled_cz,644,false,false,false,missing,false,true,gradient_only,8,1,16,1474,239,1.4407243529391056,148.04907383075533,missing
red1:lane1:snr0.0:seed4:frame47,0.0,47,profiled_cz,632,false,false,false,missing,false,true,gradient_only,1,1,16,1238,151,1.2076403462061949,205.64665290565333,missing
red1:lane1:snr0.0:seed4:frame48,0.0,48,profiled_cz,545,false,false,false,missing,false,true,gradient_only,2,1,16,1247,150,7.639826799927122,52.44192178434962,missing
red1:lane1:snr0.0:seed4:frame49,0.0,49,profiled_cz,546,false,false,false,missing,false,true,gradient_only,1,1,16,1193,129,2.932805149376797,47.079540147258236,missing
red1:lane1:snr0.0:seed4:frame50,0.0,50,profiled_cz,575,false,false,false,missing,false,true,gradient_only,1,1,16,1265,173,3.5494692987628995,59.997312179837905,missing
red1:lane1:snr0.0:seed4:frame51,0.0,51,profiled_cz,603,false,false,false,missing,false,true,gradient_only,3,1,16,1162,137,3.830166385961343,28.517932490656744,missing
red1:lane1:snr0.0:seed4:frame52,0.0,52,profiled_cz,591,false,false,false,missing,false,true,gradient_only,1,1,16,1312,171,2.851291571898264,82.44077890050407,missing
red1:lane1:snr0.0:seed4:frame53,0.0,53,profiled_cz,638,false,false,false,missing,false,true,gradient_only,1,1,16,1386,196,1.8194150149490165,35.581499598661026,missing
red1:lane1:snr0.0:seed4:frame54,0.0,54,profiled_cz,620,false,false,false,missing,false,true,gradient_only,2,1,16,1169,110,3.7669211100274067,70.76823145635167,missing
red1:lane1:snr0.0:seed4:frame55,0.0,55,profiled_cz,612,false,false,false,missing,false,true,gradient_only,7,1,16,1338,259,3.328281991655143,107.94621587118887,missing
red1:lane1:snr0.0:seed4:frame56,0.0,56,profiled_cz,541,false,false,false,missing,false,true,gradient_only,1,1,16,1251,171,1.816239527716349,22.320641359214672,missing
red1:lane1:snr0.0:seed4:frame57,0.0,57,profiled_cz,594,false,false,false,missing,false,true,gradient_only,7,1,16,1288,182,5.2381901555366275,116.85379479300494,missing
red1:lane1:snr0.0:seed4:frame58,0.0,58,profiled_cz,580,false,false,false,missing,false,true,gradient_only,5,1,16,1278,157,1.3980179459220883,84.33212400911967,missing
red1:lane1:snr0.0:seed4:frame59,0.0,59,profiled_cz,569,false,false,false,missing,false,true,gradient_only,8,1,16,1324,194,3.783629877206748,56.544111856189446,missing
red1:lane1:snr0.0:seed4:frame60,0.0,60,profiled_cz,602,false,false,false,missing,false,true,gradient_only,8,1,16,1290,152,5.4173707510310924,242.99026876183717,missing
red1:lane1:snr2.0:seed4:frame1,2.0,1,cwz_joint,485,false,false,true,missing,false,true,gradient_only,8,1,16,1072,0,31.00991620877307,661.7321005894111,missing
red1:lane1:snr2.0:seed4:frame2,2.0,2,cwz_joint,595,false,false,true,missing,false,true,gradient_only,8,1,16,1173,0,7.200382981856891,242.3364079293586,missing
red1:lane1:snr2.0:seed4:frame3,2.0,3,cwz_joint,560,false,false,true,missing,false,true,gradient_only,8,1,16,1133,0,3.140746649785202,361.25545523312,missing
red1:lane1:snr2.0:seed4:frame4,2.0,4,cwz_joint,627,false,false,true,missing,false,true,gradient_only,8,1,16,1176,0,4.1102675506215505,1211.7941055816107,missing
red1:lane1:snr2.0:seed4:frame5,2.0,5,cwz_joint,482,false,false,true,missing,false,true,gradient_only,8,1,16,1143,0,1.9941244632947042,220.33136592291788,missing
red1:lane1:snr2.0:seed4:frame6,2.0,6,cwz_joint,651,false,false,true,missing,false,true,gradient_only,8,1,16,1355,0,4.004291094609697,297.912712950047,missing
red1:lane1:snr2.0:seed4:frame7,2.0,7,cwz_joint,560,false,false,true,missing,false,true,gradient_only,8,1,16,1208,0,1.4910097036538819,581.1482270504569,missing
red1:lane1:snr2.0:seed4:frame8,2.0,8,cwz_joint,632,false,false,true,missing,false,true,gradient_only,8,1,16,1286,0,6.102634133622129,655.8445337469811,missing
red1:lane1:snr2.0:seed4:frame9,2.0,9,cwz_joint,568,false,false,true,missing,false,true,gradient_only,8,1,16,1093,0,2.3951626439246,239.28655459879263,missing
red1:lane1:snr2.0:seed4:frame10,2.0,10,cwz_joint,647,false,false,true,missing,false,true,gradient_only,8,1,16,1304,0,3.7721459545472045,480.42022064384827,missing
red1:lane1:snr2.0:seed4:frame11,2.0,11,cwz_joint,604,false,false,true,missing,false,true,gradient_only,8,1,16,1302,0,2.3760391818212385,606.1798086850894,missing
red1:lane1:snr2.0:seed4:frame12,2.0,12,cwz_joint,522,false,false,true,missing,false,true,gradient_only,8,1,16,1092,0,2.4677050473116156,236.19703670757795,missing
red1:lane1:snr2.0:seed4:frame13,2.0,13,cwz_joint,665,false,false,true,missing,false,true,gradient_only,8,1,16,1256,0,2.4395965903043377,435.63458171191314,missing
red1:lane1:snr2.0:seed4:frame14,2.0,14,cwz_joint,611,false,false,true,missing,false,true,gradient_only,8,1,16,1380,0,5.645442476005,2027.2090735467061,missing
red1:lane1:snr2.0:seed4:frame15,2.0,15,cwz_joint,565,false,false,true,missing,false,true,gradient_only,8,1,16,1265,0,1.9407863695485377,166.11746581213822,missing
red1:lane1:snr2.0:seed4:frame16,2.0,16,cwz_joint,517,false,false,true,missing,false,true,gradient_only,8,1,16,1290,0,3.970755409760265,663.7581556336255,missing
red1:lane1:snr2.0:seed4:frame17,2.0,17,cwz_joint,560,false,false,true,missing,false,true,gradient_only,8,1,16,1291,0,2.4109464079880785,251.69941942121577,missing
red1:lane1:snr2.0:seed4:frame18,2.0,18,cwz_joint,555,false,false,true,missing,false,true,gradient_only,8,1,16,1219,0,2.8473488642222367,492.23341728629396,missing
red1:lane1:snr2.0:seed4:frame19,2.0,19,cwz_joint,551,false,false,true,missing,false,true,gradient_only,8,1,16,1360,0,2.784820872749356,3037.1052750564413,missing
red1:lane1:snr2.0:seed4:frame20,2.0,20,cwz_joint,525,false,false,true,missing,false,true,gradient_only,8,1,16,1093,0,3.0835298954719694,418.78670505480403,missing
red1:lane1:snr2.0:seed4:frame21,2.0,21,cwz_joint,529,false,false,true,missing,false,true,gradient_only,8,1,16,1282,0,3.165368525306662,195.61986270677062,missing
red1:lane1:snr2.0:seed4:frame22,2.0,22,cwz_joint,674,false,false,true,missing,false,true,gradient_only,8,1,16,1436,0,2.7538113789855307,968.5179947130354,missing
red1:lane1:snr2.0:seed4:frame23,2.0,23,cwz_joint,649,false,false,true,missing,false,true,gradient_only,8,1,16,1276,0,4.799961908555194,473.86670712916356,missing
red1:lane1:snr2.0:seed4:frame24,2.0,24,cwz_joint,525,false,false,true,missing,false,true,gradient_only,8,1,16,1227,0,22.326816601874746,784.4524417174187,missing
red1:lane1:snr2.0:seed4:frame25,2.0,25,cwz_joint,502,false,false,true,missing,false,true,gradient_only,8,1,16,1155,0,2.8779114429396033,155.7809224962232,missing
red1:lane1:snr2.0:seed4:frame26,2.0,26,cwz_joint,546,false,false,true,missing,false,true,gradient_only,8,1,16,1126,0,2.3499155887613137,153.60671177429012,missing
red1:lane1:snr2.0:seed4:frame27,2.0,27,cwz_joint,626,false,false,true,missing,false,true,gradient_only,8,1,16,1377,0,6.9323536447938405,222.662245503262,missing
red1:lane1:snr2.0:seed4:frame28,2.0,28,cwz_joint,471,false,false,true,missing,false,true,gradient_only,8,1,16,1160,0,1.840827194851097,746.3850394135884,missing
red1:lane1:snr2.0:seed4:frame29,2.0,29,cwz_joint,541,false,false,true,missing,false,true,gradient_only,8,1,16,1128,0,4.491087740988921,418.20323852243354,missing
red1:lane1:snr2.0:seed4:frame30,2.0,30,cwz_joint,640,false,false,true,missing,false,true,gradient_only,8,1,16,1286,0,6.92993956843897,1083.147978008452,missing
red1:lane1:snr2.0:seed4:frame31,2.0,31,cwz_joint,645,false,false,true,missing,false,true,gradient_only,8,1,16,1291,0,2.101577904311617,277.92635602655065,missing
red1:lane1:snr2.0:seed4:frame32,2.0,32,cwz_joint,626,false,false,true,missing,false,true,gradient_only,8,1,16,1260,0,1.9087866172452432,6959.194545911801,missing
red1:lane1:snr2.0:seed4:frame33,2.0,33,cwz_joint,481,false,false,true,missing,false,true,gradient_only,8,1,16,1131,0,3.1889262444928934,290.6381478200323,missing
red1:lane1:snr2.0:seed4:frame34,2.0,34,cwz_joint,515,false,false,true,missing,false,true,gradient_only,8,1,16,1319,0,1.6611464577586292,3781.469468844668,missing
red1:lane1:snr2.0:seed4:frame35,2.0,35,cwz_joint,640,false,false,true,missing,false,true,gradient_only,8,1,16,1252,0,1.008948751217155,210.1683089157279,missing
red1:lane1:snr2.0:seed4:frame36,2.0,36,cwz_joint,581,false,false,true,missing,false,true,gradient_only,8,1,16,1207,0,1.6363437364037887,602.2665360484519,missing
red1:lane1:snr2.0:seed4:frame37,2.0,37,cwz_joint,527,false,false,true,missing,false,true,gradient_only,8,1,16,1195,0,3.5693338249946107,154.51200104777865,missing
red1:lane1:snr2.0:seed4:frame38,2.0,38,cwz_joint,554,false,false,true,missing,false,true,gradient_only,8,1,16,1285,0,2.484685758147321,276.12367973805397,missing
red1:lane1:snr2.0:seed4:frame39,2.0,39,cwz_joint,521,false,false,true,missing,false,true,gradient_only,8,1,16,1338,0,4.143519218768495,159.70750014102347,missing
red1:lane1:snr2.0:seed4:frame40,2.0,40,cwz_joint,577,false,false,true,missing,false,true,gradient_only,8,1,16,1343,0,3.0591189340682456,378.02016678607856,missing
red1:lane1:snr2.0:seed4:frame41,2.0,41,cwz_joint,632,false,false,true,missing,false,true,gradient_only,8,1,16,1365,0,10.681298265742816,605.5235731983605,missing
red1:lane1:snr2.0:seed4:frame42,2.0,42,cwz_joint,542,false,false,true,missing,false,true,gradient_only,8,1,16,1205,0,5.240280779942569,262.50361076971876,missing
red1:lane1:snr2.0:seed4:frame43,2.0,43,cwz_joint,758,false,false,true,missing,false,true,gradient_only,7,1,16,1282,0,2.578849546715187,1257.2936195489594,missing
red1:lane1:snr2.0:seed4:frame44,2.0,44,cwz_joint,493,false,false,true,missing,false,true,gradient_only,8,1,16,1289,0,1.9207584989280049,271.7314149980054,missing
red1:lane1:snr2.0:seed4:frame45,2.0,45,cwz_joint,496,false,false,true,missing,false,true,gradient_only,8,1,16,1202,0,2.4513501642638302,179.82426069838445,missing
red1:lane1:snr2.0:seed4:frame46,2.0,46,cwz_joint,600,false,false,true,missing,false,true,gradient_only,8,1,16,1170,0,2.7522152008562935,934.0912005646084,missing
red1:lane1:snr2.0:seed4:frame47,2.0,47,cwz_joint,612,false,false,true,missing,false,true,gradient_only,8,1,16,1238,0,2.537949432435099,292.2283592690385,missing
red1:lane1:snr2.0:seed4:frame48,2.0,48,cwz_joint,508,false,false,true,missing,false,true,gradient_only,8,1,16,1259,0,1.3345852091010753,652.2519204249494,missing
red1:lane1:snr2.0:seed4:frame49,2.0,49,cwz_joint,505,false,false,true,missing,false,true,gradient_only,8,1,16,1205,0,2.67363228926278,1090.5433963568498,missing
red1:lane1:snr2.0:seed4:frame50,2.0,50,cwz_joint,531,false,false,true,missing,false,true,gradient_only,8,1,16,1139,0,6.960401532418448,360.2523416276358,missing
red1:lane1:snr2.0:seed4:frame51,2.0,51,cwz_joint,531,false,false,true,missing,false,true,gradient_only,8,1,16,1232,0,3.7453704704025146,479.8360960514507,missing
red1:lane1:snr2.0:seed4:frame52,2.0,52,cwz_joint,527,false,false,true,missing,false,true,gradient_only,8,1,16,1274,0,1.7862509045785968,209.97222907087377,missing
red1:lane1:snr2.0:seed4:frame53,2.0,53,cwz_joint,569,false,false,true,missing,false,true,gradient_only,8,1,16,1215,0,1.8744778751938775,252.5438531358912,missing
red1:lane1:snr2.0:seed4:frame54,2.0,54,cwz_joint,562,false,false,true,missing,false,true,gradient_only,8,1,16,997,0,3.7472413134429208,331.76472602069157,missing
red1:lane1:snr2.0:seed4:frame55,2.0,55,cwz_joint,535,false,false,true,missing,false,true,gradient_only,8,1,16,1144,0,3.74571991805283,1034.2372731449898,missing
red1:lane1:snr2.0:seed4:frame56,2.0,56,cwz_joint,491,false,false,true,missing,false,true,gradient_only,8,1,16,1136,0,2.9222571264024166,196.91252014881348,missing
red1:lane1:snr2.0:seed4:frame57,2.0,57,cwz_joint,519,false,false,true,missing,false,true,gradient_only,8,1,16,1267,0,3.2459081890821087,407.66695989726645,missing
red1:lane1:snr2.0:seed4:frame58,2.0,58,cwz_joint,538,false,false,true,missing,false,true,gradient_only,8,1,16,1315,0,1.770957466228637,573.9361754430814,missing
red1:lane1:snr2.0:seed4:frame59,2.0,59,cwz_joint,511,false,false,true,missing,false,true,gradient_only,8,1,16,1216,0,2.34311747149315,2644.385118790626,missing
red1:lane1:snr2.0:seed4:frame60,2.0,60,cwz_joint,562,false,false,true,missing,false,true,gradient_only,8,1,16,1410,0,2.21049033152603,692.3219821694781,missing
red1:lane1:snr2.0:seed4:frame1,2.0,1,profiled_cz,486,false,false,false,missing,false,true,gradient_only,4,1,16,1072,152,31.00991620877307,20.215342524215167,missing
red1:lane1:snr2.0:seed4:frame2,2.0,2,profiled_cz,595,false,false,false,missing,false,true,gradient_only,1,1,16,1173,158,7.200382981856891,21.415792225140052,missing
red1:lane1:snr2.0:seed4:frame3,2.0,3,profiled_cz,559,false,false,false,missing,false,true,gradient_only,6,1,16,1133,213,3.140746649785202,95.73973802814811,missing
red1:lane1:snr2.0:seed4:frame4,2.0,4,profiled_cz,627,false,false,false,missing,false,true,gradient_only,1,1,16,1176,155,4.1102675506215505,231.57555540672283,missing
red1:lane1:snr2.0:seed4:frame5,2.0,5,profiled_cz,484,false,false,false,missing,false,true,gradient_only,1,1,16,1143,96,1.9941244632947042,19.05959025355554,missing
red1:lane1:snr2.0:seed4:frame6,2.0,6,profiled_cz,646,false,false,false,missing,false,true,gradient_only,1,1,16,1355,165,4.004291094609697,18.741158050528853,missing
red1:lane1:snr2.0:seed4:frame7,2.0,7,profiled_cz,560,false,false,false,missing,false,true,gradient_only,5,1,16,1208,138,1.4910097036538819,223.05652679620886,missing
red1:lane1:snr2.0:seed4:frame8,2.0,8,profiled_cz,636,false,false,false,missing,false,true,gradient_only,1,1,16,1286,156,6.102634133622129,44.81867834138917,missing
red1:lane1:snr2.0:seed4:frame9,2.0,9,profiled_cz,567,false,false,false,missing,false,true,gradient_only,1,1,16,1093,136,2.3951626439246,24.53944956502161,missing
red1:lane1:snr2.0:seed4:frame10,2.0,10,profiled_cz,649,false,false,false,missing,false,true,gradient_only,7,1,16,1304,183,3.7721459545472045,175.6360722931305,missing
red1:lane1:snr2.0:seed4:frame11,2.0,11,profiled_cz,601,false,false,false,missing,false,true,gradient_only,1,1,16,1302,144,2.3760391818212385,339.54305876769894,missing
red1:lane1:snr2.0:seed4:frame12,2.0,12,profiled_cz,521,false,false,false,missing,false,true,gradient_only,1,1,16,1092,171,2.4677050473116156,24.085494629780094,missing
red1:lane1:snr2.0:seed4:frame13,2.0,13,profiled_cz,667,false,false,false,missing,false,true,gradient_only,8,1,16,1256,191,2.4395965903043377,49.65537866324227,missing
red1:lane1:snr2.0:seed4:frame14,2.0,14,profiled_cz,615,false,false,false,missing,false,true,gradient_only,5,1,16,1380,220,5.645442476005,32.40564337834575,missing
red1:lane1:snr2.0:seed4:frame15,2.0,15,profiled_cz,568,false,false,false,missing,false,true,gradient_only,4,1,16,1265,244,1.9407863695485377,13.110898342143306,missing
red1:lane1:snr2.0:seed4:frame16,2.0,16,profiled_cz,517,false,false,false,missing,false,true,gradient_only,1,1,16,1290,167,3.970755409760265,23.99554235885227,missing
red1:lane1:snr2.0:seed4:frame17,2.0,17,profiled_cz,553,false,false,false,missing,false,true,gradient_only,1,1,16,1291,176,2.4109464079880785,15.685165023646407,missing
red1:lane1:snr2.0:seed4:frame18,2.0,18,profiled_cz,554,false,false,false,missing,false,true,gradient_only,1,1,16,1219,170,2.8473488642222367,34.64859571774314,missing
red1:lane1:snr2.0:seed4:frame19,2.0,19,profiled_cz,546,false,false,false,missing,false,true,gradient_only,1,1,16,1360,198,2.784820872749356,36.32803499063166,missing
red1:lane1:snr2.0:seed4:frame20,2.0,20,profiled_cz,525,false,false,false,missing,false,true,gradient_only,4,1,16,1093,163,3.0835298954719694,42.32045564731611,missing
red1:lane1:snr2.0:seed4:frame21,2.0,21,profiled_cz,526,false,false,false,missing,false,true,gradient_only,8,1,16,1282,218,3.165368525306662,42.86356947360419,missing
red1:lane1:snr2.0:seed4:frame22,2.0,22,profiled_cz,686,false,false,false,missing,false,true,gradient_only,1,1,16,1436,215,2.7538113789855307,70.3895375192145,missing
red1:lane1:snr2.0:seed4:frame23,2.0,23,profiled_cz,648,false,false,false,missing,false,true,gradient_only,1,1,16,1276,160,4.799961908555194,41.93436771919782,missing
red1:lane1:snr2.0:seed4:frame24,2.0,24,profiled_cz,528,false,false,false,missing,false,true,gradient_only,1,1,16,1227,167,22.326816601874746,32.89883540125921,missing
red1:lane1:snr2.0:seed4:frame25,2.0,25,profiled_cz,500,false,false,false,missing,false,true,gradient_only,8,1,16,1155,81,2.8779114429396033,12.276078002194632,missing
red1:lane1:snr2.0:seed4:frame26,2.0,26,profiled_cz,546,false,false,false,missing,false,true,gradient_only,1,1,16,1126,123,2.3499155887613137,15.671117126921537,missing
red1:lane1:snr2.0:seed4:frame27,2.0,27,profiled_cz,624,false,false,false,missing,false,true,gradient_only,1,1,16,1377,173,6.9323536447938405,33.439145223540336,missing
red1:lane1:snr2.0:seed4:frame28,2.0,28,profiled_cz,464,false,false,false,missing,false,true,gradient_only,4,1,16,1160,223,1.840827194851097,23.686576375800318,missing
red1:lane1:snr2.0:seed4:frame29,2.0,29,profiled_cz,541,false,false,false,missing,false,true,gradient_only,1,1,16,1128,158,4.491087740988921,19.87512224066869,missing
red1:lane1:snr2.0:seed4:frame30,2.0,30,profiled_cz,644,false,false,false,missing,false,true,gradient_only,3,1,16,1286,157,6.92993956843897,50.34254137389406,missing
red1:lane1:snr2.0:seed4:frame31,2.0,31,profiled_cz,652,false,false,false,missing,false,true,gradient_only,1,1,16,1291,175,2.101577904311617,84.15746723239361,missing
red1:lane1:snr2.0:seed4:frame32,2.0,32,profiled_cz,628,false,false,false,missing,false,true,gradient_only,7,1,16,1260,188,1.9087866172452432,90.89128430722529,missing
red1:lane1:snr2.0:seed4:frame33,2.0,33,profiled_cz,479,false,false,false,missing,false,true,gradient_only,6,1,16,1131,176,3.1889262444928934,21.1494751631043,missing
red1:lane1:snr2.0:seed4:frame34,2.0,34,profiled_cz,520,false,false,false,missing,false,true,gradient_only,7,1,16,1319,201,1.6611464577586292,89.05804426516849,missing
red1:lane1:snr2.0:seed4:frame35,2.0,35,profiled_cz,638,false,false,false,missing,false,true,gradient_only,4,1,16,1252,172,1.008948751217155,47.54398743596081,missing
red1:lane1:snr2.0:seed4:frame36,2.0,36,profiled_cz,578,false,false,false,missing,false,true,gradient_only,1,1,16,1207,167,1.6363437364037887,54.4329541095014,missing
red1:lane1:snr2.0:seed4:frame37,2.0,37,profiled_cz,525,false,false,false,missing,false,true,gradient_only,1,1,16,1195,241,3.5693338249946107,18.862613135231815,missing
red1:lane1:snr2.0:seed4:frame38,2.0,38,profiled_cz,550,false,false,false,missing,false,true,gradient_only,1,1,16,1285,136,2.484685758147321,360.39668371409203,missing
red1:lane1:snr2.0:seed4:frame39,2.0,39,profiled_cz,513,false,false,false,missing,false,true,gradient_only,1,1,16,1338,200,4.143519218768495,32.24973647485727,missing
red1:lane1:snr2.0:seed4:frame40,2.0,40,profiled_cz,576,false,false,false,missing,false,true,gradient_only,1,1,16,1343,275,3.0591189340682456,22.828107437517037,missing
red1:lane1:snr2.0:seed4:frame41,2.0,41,profiled_cz,630,false,false,false,missing,false,true,gradient_only,1,1,16,1365,197,10.681298265742816,29.15864340298247,missing
red1:lane1:snr2.0:seed4:frame42,2.0,42,profiled_cz,549,false,false,false,missing,false,true,gradient_only,7,1,16,1205,156,5.240280779942569,63.7929845207634,missing
red1:lane1:snr2.0:seed4:frame43,2.0,43,profiled_cz,762,false,false,false,missing,false,true,gradient_only,1,1,16,1282,169,2.578849546715187,521.2163295190946,missing
red1:lane1:snr2.0:seed4:frame44,2.0,44,profiled_cz,495,false,false,false,missing,false,true,gradient_only,1,1,16,1289,164,1.9207584989280049,10.825947415593788,missing
red1:lane1:snr2.0:seed4:frame45,2.0,45,profiled_cz,495,false,false,false,missing,false,true,gradient_only,8,1,16,1202,127,2.4513501642638302,100.23410332563836,missing
red1:lane1:snr2.0:seed4:frame46,2.0,46,profiled_cz,599,false,false,false,missing,false,true,gradient_only,1,1,16,1170,161,2.7522152008562935,309.3384357371796,missing
red1:lane1:snr2.0:seed4:frame47,2.0,47,profiled_cz,612,false,false,false,missing,false,true,gradient_only,8,1,16,1238,159,2.537949432435099,252.45430281560735,missing
red1:lane1:snr2.0:seed4:frame48,2.0,48,profiled_cz,513,false,false,false,missing,false,true,gradient_only,1,1,16,1259,158,1.3345852091010753,110.11617741830126,missing
red1:lane1:snr2.0:seed4:frame49,2.0,49,profiled_cz,500,false,false,false,missing,false,true,gradient_only,7,1,16,1205,187,2.67363228926278,58.87855019203397,missing
red1:lane1:snr2.0:seed4:frame50,2.0,50,profiled_cz,525,false,false,false,missing,false,true,gradient_only,1,1,16,1139,154,6.960401532418448,138.85069121421049,missing
red1:lane1:snr2.0:seed4:frame51,2.0,51,profiled_cz,526,false,false,false,missing,false,true,gradient_only,1,1,16,1232,184,3.7453704704025146,22.21504210810751,missing
red1:lane1:snr2.0:seed4:frame52,2.0,52,profiled_cz,525,false,false,false,missing,false,true,gradient_only,1,1,16,1274,195,1.7862509045785968,29.268251817150272,missing
red1:lane1:snr2.0:seed4:frame53,2.0,53,profiled_cz,569,false,false,false,missing,false,true,gradient_only,8,1,16,1215,231,1.8744778751938775,11.746571979203683,missing
red1:lane1:snr2.0:seed4:frame54,2.0,54,profiled_cz,563,false,false,false,missing,false,true,gradient_only,1,1,16,997,104,3.7472413134429208,23.448650527388637,missing
red1:lane1:snr2.0:seed4:frame55,2.0,55,profiled_cz,533,false,false,false,missing,false,true,gradient_only,1,1,16,1144,107,3.74571991805283,230.9760727075162,missing
red1:lane1:snr2.0:seed4:frame56,2.0,56,profiled_cz,492,false,false,false,missing,false,true,gradient_only,1,1,16,1136,124,2.9222571264024166,12.645308797743915,missing
red1:lane1:snr2.0:seed4:frame57,2.0,57,profiled_cz,520,false,false,false,missing,false,true,gradient_only,7,1,16,1267,149,3.2459081890821087,166.78724741272862,missing
red1:lane1:snr2.0:seed4:frame58,2.0,58,profiled_cz,533,false,false,false,missing,false,true,gradient_only,7,1,16,1315,217,1.770957466228637,66.02760841488518,missing
red1:lane1:snr2.0:seed4:frame59,2.0,59,profiled_cz,510,false,false,false,missing,false,true,gradient_only,1,1,16,1216,191,2.34311747149315,101.15093251167333,missing
red1:lane1:snr2.0:seed4:frame60,2.0,60,profiled_cz,563,false,false,false,missing,false,true,gradient_only,7,1,16,1410,201,2.21049033152603,35.960290517321894,missing
red1:lane1:snr4.0:seed4:frame1,4.0,1,cwz_joint,429,false,false,true,missing,false,true,gradient_only,8,1,16,1149,0,4.71504681180624,465.26180549540936,missing
red1:lane1:snr4.0:seed4:frame2,4.0,2,cwz_joint,562,false,false,true,missing,false,true,gradient_only,8,1,16,1092,0,4.024458018977603,198.50273125844328,missing
red1:lane1:snr4.0:seed4:frame3,4.0,3,cwz_joint,554,false,false,true,missing,false,true,gradient_only,8,1,16,1183,0,2.0683312085572716,294.0332449226623,missing
red1:lane1:snr4.0:seed4:frame4,4.0,4,cwz_joint,601,false,false,true,missing,false,true,gradient_only,8,1,16,1164,0,3.949307153833539,1201.782590678401,missing
red1:lane1:snr4.0:seed4:frame5,4.0,5,cwz_joint,410,false,false,true,missing,false,true,gradient_only,8,1,16,1060,0,3.0772754107754454,146.5660236683434,missing
red1:lane1:snr4.0:seed4:frame6,4.0,6,cwz_joint,585,false,false,true,missing,false,true,gradient_only,8,1,16,1189,0,3.1313332350747207,181.57063532717194,missing
red1:lane1:snr4.0:seed4:frame7,4.0,7,cwz_joint,547,false,false,true,missing,false,true,gradient_only,8,1,16,1247,0,1.3031216892681945,364.48631019228395,missing
red1:lane1:snr4.0:seed4:frame8,4.0,8,cwz_joint,593,false,false,true,missing,false,true,gradient_only,8,1,16,1388,0,3.0524448663880195,621.4691190671717,missing
red1:lane1:snr4.0:seed4:frame9,4.0,9,cwz_joint,488,false,false,true,missing,false,true,gradient_only,8,1,16,1116,0,1.504409032527694,164.01662073896128,missing
red1:lane1:snr4.0:seed4:frame10,4.0,10,cwz_joint,641,false,false,true,missing,false,true,gradient_only,8,1,16,1314,0,1.1399327750387818,293.3744064492093,missing
red1:lane1:snr4.0:seed4:frame11,4.0,11,cwz_joint,555,false,false,true,missing,false,true,gradient_only,8,1,16,1259,0,2.2884862736926466,516.4100412250644,missing
red1:lane1:snr4.0:seed4:frame12,4.0,12,cwz_joint,447,false,false,true,missing,false,true,gradient_only,8,1,16,1075,0,2.6113911466562447,135.95936407377172,missing
red1:lane1:snr4.0:seed4:frame13,4.0,13,cwz_joint,632,false,false,true,missing,false,true,gradient_only,8,1,16,1249,0,4.352197941535884,592.6063411664481,missing
red1:lane1:snr4.0:seed4:frame14,4.0,14,cwz_joint,586,false,false,true,missing,false,true,gradient_only,8,1,16,1304,0,2.9403852482807866,432.0900830144141,missing
red1:lane1:snr4.0:seed4:frame15,4.0,15,cwz_joint,499,false,false,true,missing,false,true,gradient_only,8,1,16,1118,0,1.900696975406038,119.00649542504125,missing
red1:lane1:snr4.0:seed4:frame16,4.0,16,cwz_joint,431,false,false,true,missing,false,true,gradient_only,8,1,16,1235,0,2.002784709332312,376.0622735969609,missing
red1:lane1:snr4.0:seed4:frame17,4.0,17,cwz_joint,502,false,false,true,missing,false,true,gradient_only,8,1,16,1205,0,2.183445313723003,274.4623972310266,missing
red1:lane1:snr4.0:seed4:frame18,4.0,18,cwz_joint,500,false,false,true,missing,false,true,gradient_only,8,1,16,1257,0,3.131729693615228,265.3266073810549,missing
red1:lane1:snr4.0:seed4:frame19,4.0,19,cwz_joint,499,false,false,true,missing,false,true,gradient_only,8,1,16,1115,0,3.1719136569577677,423.81414897487355,missing
red1:lane1:snr4.0:seed4:frame20,4.0,20,cwz_joint,463,false,false,true,missing,false,true,gradient_only,8,1,16,1110,0,2.040721689223825,263.96041197804465,missing
red1:lane1:snr4.0:seed4:frame21,4.0,21,cwz_joint,475,false,false,true,missing,false,true,gradient_only,8,1,16,1199,0,3.4279029367336635,128.13641793317692,missing
red1:lane1:snr4.0:seed4:frame22,4.0,22,cwz_joint,631,false,false,true,missing,false,true,gradient_only,8,1,16,1410,0,136.2532405964452,796.7110660922956,missing
red1:lane1:snr4.0:seed4:frame23,4.0,23,cwz_joint,608,false,false,true,missing,false,true,gradient_only,8,1,16,1353,0,3.565902612139776,327.2245036890279,missing
red1:lane1:snr4.0:seed4:frame24,4.0,24,cwz_joint,465,false,false,true,missing,false,true,gradient_only,8,1,16,1200,0,2.1704362131706465,407.17913874690913,missing
red1:lane1:snr4.0:seed4:frame25,4.0,25,cwz_joint,433,false,false,true,missing,false,true,gradient_only,8,1,16,909,0,1.892722389830582,110.3440314131308,missing
red1:lane1:snr4.0:seed4:frame26,4.0,26,cwz_joint,480,false,false,true,missing,false,true,gradient_only,8,1,16,1156,0,3.4667638520902604,115.44922205680264,missing
red1:lane1:snr4.0:seed4:frame27,4.0,27,cwz_joint,594,false,false,true,missing,false,true,gradient_only,8,1,16,1322,0,3.3286381461030117,160.86274090726377,missing
red1:lane1:snr4.0:seed4:frame28,4.0,28,cwz_joint,408,false,false,true,missing,false,true,gradient_only,8,1,16,980,0,2.8015512529135695,325.38347257305384,missing
red1:lane1:snr4.0:seed4:frame29,4.0,29,cwz_joint,505,false,false,true,missing,false,true,gradient_only,8,1,16,1153,0,5.499415019132112,340.07635134958616,missing
red1:lane1:snr4.0:seed4:frame30,4.0,30,cwz_joint,570,false,false,true,missing,false,true,gradient_only,8,1,16,1359,0,3.6618426679846956,2954.9437821503575,missing
red1:lane1:snr4.0:seed4:frame31,4.0,31,cwz_joint,636,false,false,true,missing,false,true,gradient_only,8,1,16,1237,0,1.5333103474875323,292.82253855298325,missing
red1:lane1:snr4.0:seed4:frame32,4.0,32,cwz_joint,600,false,false,true,missing,false,true,gradient_only,8,1,16,1244,0,3.5075929849217227,694.8479831334473,missing
red1:lane1:snr4.0:seed4:frame33,4.0,33,cwz_joint,353,false,false,true,missing,false,true,gradient_only,8,1,16,1008,0,3.5110018641473846,245.09345199489562,missing
red1:lane1:snr4.0:seed4:frame34,4.0,34,cwz_joint,487,false,false,true,missing,false,true,gradient_only,8,1,16,1237,0,2.1810606843385676,597.9858380756228,missing
red1:lane1:snr4.0:seed4:frame35,4.0,35,cwz_joint,625,false,false,true,missing,false,true,gradient_only,8,1,16,1133,0,1.8347590719334803,163.80131569049524,missing
red1:lane1:snr4.0:seed4:frame36,4.0,36,cwz_joint,573,false,false,true,missing,false,true,gradient_only,8,1,16,1173,0,2.5817670375085724,292.0273406275269,missing
red1:lane1:snr4.0:seed4:frame37,4.0,37,cwz_joint,453,false,false,true,missing,false,true,gradient_only,8,1,16,1173,0,15.196199636047606,96.60371192158397,missing
red1:lane1:snr4.0:seed4:frame38,4.0,38,cwz_joint,458,false,false,true,missing,false,true,gradient_only,8,1,16,1174,0,6.809544832301383,1358.2308539820287,missing
red1:lane1:snr4.0:seed4:frame39,4.0,39,cwz_joint,411,false,false,false,missing,false,true,gradient_only,8,1,16,1141,6,2.8560255880977703,141.42985224150723,missing
red1:lane1:snr4.0:seed4:frame40,4.0,40,cwz_joint,483,false,false,true,missing,false,true,gradient_only,8,1,16,1194,0,2.10585807455785,285.99076454796364,missing
red1:lane1:snr4.0:seed4:frame41,4.0,41,cwz_joint,583,false,false,true,missing,false,true,gradient_only,8,1,16,1280,0,2.7771391981679807,354.4524154380258,missing
red1:lane1:snr4.0:seed4:frame42,4.0,42,cwz_joint,516,false,false,true,missing,false,true,gradient_only,8,1,16,1247,0,1.9413242768140093,216.11912698674195,missing
red1:lane1:snr4.0:seed4:frame43,4.0,43,cwz_joint,717,false,false,true,missing,false,true,gradient_only,8,1,16,1296,0,2.432651961943159,1146.3415166684827,missing
red1:lane1:snr4.0:seed4:frame44,4.0,44,cwz_joint,413,false,false,true,missing,false,true,gradient_only,8,1,16,1046,0,2.093447773005812,161.44699110640576,missing
red1:lane1:snr4.0:seed4:frame45,4.0,45,cwz_joint,439,false,false,true,missing,false,true,gradient_only,8,1,16,1025,0,3.0162311891428963,126.00204727316917,missing
red1:lane1:snr4.0:seed4:frame46,4.0,46,cwz_joint,575,false,false,true,missing,false,true,gradient_only,8,1,16,1402,0,1.3942909452257433,997.4011089129298,missing
red1:lane1:snr4.0:seed4:frame47,4.0,47,cwz_joint,537,false,false,true,missing,false,true,gradient_only,8,1,16,1181,0,2.071985355525153,213.2661528596086,missing
red1:lane1:snr4.0:seed4:frame48,4.0,48,cwz_joint,428,false,false,true,missing,false,true,gradient_only,8,1,16,997,0,1.5710785786524468,632.9363817461891,missing
red1:lane1:snr4.0:seed4:frame49,4.0,49,cwz_joint,378,false,false,true,missing,false,true,gradient_only,8,1,16,1124,0,2.5452426272870143,379.1678329259141,missing
red1:lane1:snr4.0:seed4:frame50,4.0,50,cwz_joint,461,false,false,true,missing,false,true,gradient_only,8,1,16,1135,0,2.35766684265884,231.14982234461274,missing
red1:lane1:snr4.0:seed4:frame51,4.0,51,cwz_joint,508,false,false,true,missing,false,true,gradient_only,8,1,16,1135,0,2.1709402760552803,872.947078565551,missing
red1:lane1:snr4.0:seed4:frame52,4.0,52,cwz_joint,452,false,false,true,missing,false,true,gradient_only,8,1,16,1137,0,1.8462138415688611,167.54619295124198,missing
red1:lane1:snr4.0:seed4:frame53,4.0,53,cwz_joint,493,false,false,true,missing,false,true,gradient_only,8,1,16,1092,0,5.543779293426893,121.22069754070314,missing
red1:lane1:snr4.0:seed4:frame54,4.0,54,cwz_joint,474,false,false,false,missing,false,true,gradient_only,8,1,16,1042,1,1.6430637427903236,235.78359286964937,missing
red1:lane1:snr4.0:seed4:frame55,4.0,55,cwz_joint,480,false,false,true,missing,false,true,gradient_only,8,1,16,1141,0,1.381310289150822,459.77661943746153,missing
red1:lane1:snr4.0:seed4:frame56,4.0,56,cwz_joint,428,false,false,true,missing,false,true,gradient_only,8,1,16,1156,0,1.8572618839988213,126.13747949862652,missing
red1:lane1:snr4.0:seed4:frame57,4.0,57,cwz_joint,449,false,false,true,missing,false,true,gradient_only,8,1,16,1046,0,3.252014024738301,257.419358360649,missing
red1:lane1:snr4.0:seed4:frame58,4.0,58,cwz_joint,468,false,false,true,missing,false,true,gradient_only,8,1,16,1048,0,1.3456428763198298,1296.9485372781078,missing
red1:lane1:snr4.0:seed4:frame59,4.0,59,cwz_joint,434,false,false,true,missing,false,true,gradient_only,8,1,16,1215,0,3.2091969179617834,1168.7883244008026,missing
red1:lane1:snr4.0:seed4:frame60,4.0,60,cwz_joint,525,false,false,true,missing,false,true,gradient_only,8,1,16,1305,0,2.7397694047372916,400.1111534878333,missing
red1:lane1:snr4.0:seed4:frame1,4.0,1,profiled_cz,427,false,false,false,missing,false,true,gradient_only,1,1,16,1149,133,4.71504681180624,13.12392701619536,missing
red1:lane1:snr4.0:seed4:frame2,4.0,2,profiled_cz,560,false,false,false,missing,false,true,gradient_only,1,1,16,1092,130,4.024458018977603,14.451358957593563,missing
red1:lane1:snr4.0:seed4:frame3,4.0,3,profiled_cz,554,false,false,false,missing,false,true,gradient_only,6,1,16,1183,106,2.0683312085572716,18.119618118295993,missing
red1:lane1:snr4.0:seed4:frame4,4.0,4,profiled_cz,601,false,false,false,missing,false,true,gradient_only,7,1,16,1164,173,3.949307153833539,185.1510365264345,missing
red1:lane1:snr4.0:seed4:frame5,4.0,5,profiled_cz,409,false,false,false,missing,false,true,gradient_only,1,1,16,1060,122,3.0772754107754454,8.730816967709423,missing
red1:lane1:snr4.0:seed4:frame6,4.0,6,profiled_cz,582,false,false,false,missing,false,true,gradient_only,8,1,16,1189,135,3.1313332350747207,14.495209250388974,missing
red1:lane1:snr4.0:seed4:frame7,4.0,7,profiled_cz,547,false,false,false,missing,false,true,gradient_only,1,1,16,1247,152,1.3031216892681945,55.57722522972216,missing
red1:lane1:snr4.0:seed4:frame8,4.0,8,profiled_cz,598,false,false,false,missing,false,true,gradient_only,6,1,16,1388,159,3.0524448663880195,91.14676879643605,missing
red1:lane1:snr4.0:seed4:frame9,4.0,9,profiled_cz,490,false,false,false,missing,false,true,gradient_only,1,1,16,1116,154,1.504409032527694,14.221758833778326,missing
red1:lane1:snr4.0:seed4:frame10,4.0,10,profiled_cz,645,false,false,false,missing,false,true,gradient_only,7,1,16,1314,221,1.1399327750387818,113.45620871229573,missing
red1:lane1:snr4.0:seed4:frame11,4.0,11,profiled_cz,558,false,false,false,missing,false,true,gradient_only,1,1,16,1259,174,2.2884862736926466,41.54212017696876,missing
red1:lane1:snr4.0:seed4:frame12,4.0,12,profiled_cz,450,false,false,false,missing,false,true,gradient_only,1,1,16,1075,110,2.6113911466562447,9.684590960400289,missing
red1:lane1:snr4.0:seed4:frame13,4.0,13,profiled_cz,632,false,false,false,missing,false,true,gradient_only,1,1,16,1249,144,4.352197941535884,33.86244753852183,missing
red1:lane1:snr4.0:seed4:frame14,4.0,14,profiled_cz,586,false,false,false,missing,false,true,gradient_only,6,1,16,1304,119,2.9403852482807866,23.14905625211462,missing
red1:lane1:snr4.0:seed4:frame15,4.0,15,profiled_cz,501,false,false,false,missing,false,true,gradient_only,1,1,16,1118,139,1.900696975406038,11.284975062704753,missing
red1:lane1:snr4.0:seed4:frame16,4.0,16,profiled_cz,427,false,false,false,missing,false,true,gradient_only,6,1,16,1235,165,2.002784709332312,49.69103774457523,missing
red1:lane1:snr4.0:seed4:frame17,4.0,17,profiled_cz,507,false,false,false,missing,false,true,gradient_only,1,1,16,1205,174,2.183445313723003,9.887009245946974,missing
red1:lane1:snr4.0:seed4:frame18,4.0,18,profiled_cz,503,false,false,false,missing,false,true,gradient_only,2,1,16,1257,187,3.131729693615228,30.8675297703226,missing
red1:lane1:snr4.0:seed4:frame19,4.0,19,profiled_cz,499,false,false,false,missing,false,true,gradient_only,1,1,16,1115,144,3.1719136569577677,28.60423358444869,missing
red1:lane1:snr4.0:seed4:frame20,4.0,20,profiled_cz,462,false,false,false,missing,false,true,gradient_only,1,1,16,1110,136,2.040721689223825,24.570761811026863,missing
red1:lane1:snr4.0:seed4:frame21,4.0,21,profiled_cz,476,false,false,false,missing,false,true,gradient_only,1,1,16,1199,124,3.4279029367336635,13.58235435971385,missing
red1:lane1:snr4.0:seed4:frame22,4.0,22,profiled_cz,626,false,false,false,missing,false,true,gradient_only,1,1,16,1410,241,136.2532405964452,80.5712026660774,missing
red1:lane1:snr4.0:seed4:frame23,4.0,23,profiled_cz,610,false,false,false,missing,false,true,gradient_only,7,1,16,1353,236,3.565902612139776,24.92870930899254,missing
red1:lane1:snr4.0:seed4:frame24,4.0,24,profiled_cz,460,false,false,false,missing,false,true,gradient_only,1,1,16,1200,144,2.1704362131706465,25.5904101969515,missing
red1:lane1:snr4.0:seed4:frame25,4.0,25,profiled_cz,437,false,false,false,missing,false,true,gradient_only,8,1,16,909,143,1.892722389830582,9.131655808013978,missing
red1:lane1:snr4.0:seed4:frame26,4.0,26,profiled_cz,476,false,false,false,missing,false,true,gradient_only,2,1,16,1156,151,3.4667638520902604,8.710538934077322,missing
red1:lane1:snr4.0:seed4:frame27,4.0,27,profiled_cz,593,false,false,false,missing,false,true,gradient_only,1,1,16,1322,118,3.3286381461030117,16.318557755294844,missing
red1:lane1:snr4.0:seed4:frame28,4.0,28,profiled_cz,409,false,false,false,missing,false,true,gradient_only,1,1,16,980,119,2.8015512529135695,10.600955929619106,missing
red1:lane1:snr4.0:seed4:frame29,4.0,29,profiled_cz,504,false,false,false,missing,false,true,gradient_only,6,1,16,1153,195,5.499415019132112,28.753106528505793,missing
red1:lane1:snr4.0:seed4:frame30,4.0,30,profiled_cz,575,false,false,false,missing,false,true,gradient_only,1,1,16,1359,99,3.6618426679846956,27.700634335068955,missing
red1:lane1:snr4.0:seed4:frame31,4.0,31,profiled_cz,634,false,false,false,missing,false,true,gradient_only,1,1,16,1237,157,1.5333103474875323,66.29358735725815,missing
red1:lane1:snr4.0:seed4:frame32,4.0,32,profiled_cz,600,false,false,false,missing,false,true,gradient_only,6,1,16,1244,157,3.5075929849217227,57.25171745761652,missing
red1:lane1:snr4.0:seed4:frame33,4.0,33,profiled_cz,351,false,false,false,missing,false,true,gradient_only,3,1,16,1008,108,3.5110018641473846,9.806002262093463,missing
red1:lane1:snr4.0:seed4:frame34,4.0,34,profiled_cz,475,false,false,false,missing,false,true,gradient_only,1,1,16,1237,255,2.1810606843385676,25.66945714273757,missing
red1:lane1:snr4.0:seed4:frame35,4.0,35,profiled_cz,623,false,false,false,missing,false,true,gradient_only,8,1,16,1133,109,1.8347590719334803,20.487538052590967,missing
red1:lane1:snr4.0:seed4:frame36,4.0,36,profiled_cz,573,false,false,false,missing,false,true,gradient_only,8,1,16,1173,129,2.5817670375085724,17.519309495255893,missing
red1:lane1:snr4.0:seed4:frame37,4.0,37,profiled_cz,454,false,false,false,missing,false,true,gradient_only,1,1,16,1173,178,15.196199636047606,9.617035019200427,missing
red1:lane1:snr4.0:seed4:frame38,4.0,38,profiled_cz,459,false,false,false,missing,false,true,gradient_only,6,1,16,1174,139,6.809544832301383,39.185071578185664,missing
red1:lane1:snr4.0:seed4:frame39,4.0,39,profiled_cz,413,false,false,false,missing,false,true,gradient_only,3,1,16,1141,164,2.8560255880977703,10.698681237241741,missing
red1:lane1:snr4.0:seed4:frame40,4.0,40,profiled_cz,483,false,false,false,missing,false,true,gradient_only,1,1,16,1194,168,2.10585807455785,23.371452432560687,missing
red1:lane1:snr4.0:seed4:frame41,4.0,41,profiled_cz,587,false,false,false,missing,false,true,gradient_only,1,1,16,1280,178,2.7771391981679807,568.1448320924981,missing
red1:lane1:snr4.0:seed4:frame42,4.0,42,profiled_cz,512,false,false,false,missing,false,true,gradient_only,6,1,16,1247,250,1.9413242768140093,26.166404950936467,missing
red1:lane1:snr4.0:seed4:frame43,4.0,43,profiled_cz,712,false,false,false,missing,false,true,gradient_only,8,1,16,1296,156,2.432651961943159,375.79665801114703,missing
red1:lane1:snr4.0:seed4:frame44,4.0,44,profiled_cz,413,false,false,false,missing,false,true,gradient_only,1,1,16,1046,129,2.093447773005812,7.601427581619056,missing
red1:lane1:snr4.0:seed4:frame45,4.0,45,profiled_cz,436,false,false,false,missing,false,true,gradient_only,7,1,16,1025,178,3.0162311891428963,55.30674573174026,missing
red1:lane1:snr4.0:seed4:frame46,4.0,46,profiled_cz,577,false,false,false,missing,false,true,gradient_only,1,1,16,1402,185,1.3942909452257433,71.11557282706676,missing
red1:lane1:snr4.0:seed4:frame47,4.0,47,profiled_cz,538,false,false,false,missing,false,true,gradient_only,5,1,16,1181,87,2.071985355525153,36.055773926843926,missing
red1:lane1:snr4.0:seed4:frame48,4.0,48,profiled_cz,427,false,false,false,missing,false,true,gradient_only,6,1,16,997,81,1.5710785786524468,83.41468438470785,missing
red1:lane1:snr4.0:seed4:frame49,4.0,49,profiled_cz,376,false,false,false,missing,false,true,gradient_only,5,1,16,1124,128,2.5452426272870143,26.553546342681216,missing
red1:lane1:snr4.0:seed4:frame50,4.0,50,profiled_cz,460,false,false,false,missing,false,true,gradient_only,6,1,16,1135,114,2.35766684265884,23.443448013214265,missing
red1:lane1:snr4.0:seed4:frame51,4.0,51,profiled_cz,507,false,false,false,missing,false,true,gradient_only,5,1,16,1135,117,2.1709402760552803,16.286729112958852,missing
red1:lane1:snr4.0:seed4:frame52,4.0,52,profiled_cz,452,false,false,false,missing,false,true,gradient_only,1,1,16,1137,148,1.8462138415688611,121.59117925870137,missing
red1:lane1:snr4.0:seed4:frame53,4.0,53,profiled_cz,494,false,false,false,missing,false,true,gradient_only,1,1,16,1092,107,5.543779293426893,9.09160325709427,missing
red1:lane1:snr4.0:seed4:frame54,4.0,54,profiled_cz,475,false,false,false,missing,false,true,gradient_only,1,1,16,1042,113,1.6430637427903236,38.43404703755452,missing
red1:lane1:snr4.0:seed4:frame55,4.0,55,profiled_cz,482,false,false,false,missing,false,true,gradient_only,1,1,16,1141,115,1.381310289150822,33.67335772489852,missing
red1:lane1:snr4.0:seed4:frame56,4.0,56,profiled_cz,426,false,false,false,missing,false,true,gradient_only,1,1,16,1156,175,1.8572618839988213,8.265034494008557,missing
red1:lane1:snr4.0:seed4:frame57,4.0,57,profiled_cz,448,false,false,false,missing,false,true,gradient_only,1,1,16,1046,130,3.252014024738301,30.901779432000403,missing
red1:lane1:snr4.0:seed4:frame58,4.0,58,profiled_cz,468,false,false,false,missing,false,true,gradient_only,1,1,16,1048,107,1.3456428763198298,29.35866408429494,missing
red1:lane1:snr4.0:seed4:frame59,4.0,59,profiled_cz,435,false,false,false,missing,false,true,gradient_only,1,1,16,1215,145,3.2091969179617834,433.18425321364845,missing
red1:lane1:snr4.0:seed4:frame60,4.0,60,profiled_cz,525,false,false,false,missing,false,true,gradient_only,3,1,16,1305,230,2.7397694047372916,27.34763296660149,missing
red1:lane1:snr6.0:seed4:frame1,6.0,1,cwz_joint,327,false,false,true,missing,false,true,gradient_only,8,1,16,909,0,1.543929555841736,219.57305786374113,missing
red1:lane1:snr6.0:seed4:frame2,6.0,2,cwz_joint,453,false,false,true,missing,false,true,gradient_only,8,1,16,973,0,1.2563235474916306,143.7322669678629,missing
red1:lane1:snr6.0:seed4:frame3,6.0,3,cwz_joint,487,false,false,true,missing,false,true,gradient_only,8,1,16,1057,0,3.258553644865452,310.7713263300098,missing
red1:lane1:snr6.0:seed4:frame4,6.0,4,cwz_joint,540,false,false,true,missing,false,true,gradient_only,8,1,16,1220,0,13.77676375362801,485.8152763519396,missing
red1:lane1:snr6.0:seed4:frame5,6.0,5,cwz_joint,296,false,false,true,missing,false,true,gradient_only,8,1,16,753,0,41.23243435607303,106.95478361642454,missing
red1:lane1:snr6.0:seed4:frame6,6.0,6,cwz_joint,480,false,false,true,missing,false,true,gradient_only,8,1,16,1114,0,1.4449377351905037,119.3781285518027,missing
red1:lane1:snr6.0:seed4:frame7,6.0,7,cwz_joint,485,false,false,true,missing,false,true,gradient_only,8,1,16,1151,0,1.4619743245680092,245.88867565007808,missing
red1:lane1:snr6.0:seed4:frame8,6.0,8,cwz_joint,511,false,false,true,missing,false,true,gradient_only,8,1,16,1211,0,2.3972136413458762,453.39338593350124,missing
red1:lane1:snr6.0:seed4:frame9,6.0,9,cwz_joint,417,false,false,true,missing,false,true,gradient_only,8,1,16,970,0,3.2027818883165424,121.70818411362393,missing
red1:lane1:snr6.0:seed4:frame10,6.0,10,cwz_joint,617,false,false,true,missing,false,true,gradient_only,8,1,16,1365,0,1.0463257578735403,197.9450751108051,missing
red1:lane1:snr6.0:seed4:frame11,6.0,11,cwz_joint,508,false,false,true,missing,false,true,gradient_only,8,1,16,1158,0,1.9646779948625168,249.84350735102177,missing
red1:lane1:snr6.0:seed4:frame12,6.0,12,cwz_joint,359,false,false,true,missing,false,true,gradient_only,8,1,16,931,0,1.6178078997248644,94.29825355042892,missing
red1:lane1:snr6.0:seed4:frame13,6.0,13,cwz_joint,597,false,false,true,missing,false,true,gradient_only,8,1,16,1133,0,4.989449813967935,682.8074593711214,missing
red1:lane1:snr6.0:seed4:frame14,6.0,14,cwz_joint,553,false,false,true,missing,false,true,gradient_only,8,1,16,1332,0,2.434930677980926,207.00963416766723,missing
red1:lane1:snr6.0:seed4:frame15,6.0,15,cwz_joint,425,false,false,true,missing,false,true,gradient_only,8,1,16,952,0,3.1156778099026265,92.47565714033392,missing
red1:lane1:snr6.0:seed4:frame16,6.0,16,cwz_joint,336,false,false,true,missing,false,true,gradient_only,8,1,16,967,0,12.467486781429576,214.7339823721928,missing
red1:lane1:snr6.0:seed4:frame17,6.0,17,cwz_joint,416,false,false,true,missing,false,true,gradient_only,8,1,16,1062,0,2.485793852055378,414.1626190595564,missing
red1:lane1:snr6.0:seed4:frame18,6.0,18,cwz_joint,406,false,false,true,missing,false,true,gradient_only,8,1,16,1102,0,6.957675345722311,166.0908292856312,missing
red1:lane1:snr6.0:seed4:frame19,6.0,19,cwz_joint,425,false,false,true,missing,false,true,gradient_only,8,1,16,1131,0,6.120920028892591,196.99127295505318,missing
red1:lane1:snr6.0:seed4:frame20,6.0,20,cwz_joint,385,false,false,true,missing,false,true,gradient_only,8,1,16,1027,0,1.7468688076583985,184.18936226658212,missing
red1:lane1:snr6.0:seed4:frame21,6.0,21,cwz_joint,399,false,false,true,missing,false,true,gradient_only,8,1,16,960,0,1.3456055994183993,95.77184058921159,missing
red1:lane1:snr6.0:seed4:frame22,6.0,22,cwz_joint,606,false,false,true,missing,false,true,gradient_only,8,1,16,1367,0,3.4723927664841763,677.754427866214,missing
red1:lane1:snr6.0:seed4:frame23,6.0,23,cwz_joint,553,false,false,true,missing,false,true,gradient_only,8,1,16,1311,0,4.863075259465656,232.3022710334846,missing
red1:lane1:snr6.0:seed4:frame24,6.0,24,cwz_joint,393,false,false,true,missing,false,true,gradient_only,8,1,16,1046,0,2.1276118977200755,259.20685266565494,missing
red1:lane1:snr6.0:seed4:frame25,6.0,25,cwz_joint,352,false,false,true,missing,false,true,gradient_only,8,1,16,831,0,2.053842540349755,109.15669741755244,missing
red1:lane1:snr6.0:seed4:frame26,6.0,26,cwz_joint,417,false,false,true,missing,false,true,gradient_only,8,1,16,1111,0,2.701015386313513,88.85345763157304,missing
red1:lane1:snr6.0:seed4:frame27,6.0,27,cwz_joint,491,false,false,true,missing,false,true,gradient_only,8,1,16,1294,0,2.878291143878605,125.07833671436646,missing
red1:lane1:snr6.0:seed4:frame28,6.0,28,cwz_joint,317,false,false,true,missing,false,true,gradient_only,8,1,16,915,0,4.584043577362143,144.02769927424362,missing
red1:lane1:snr6.0:seed4:frame29,6.0,29,cwz_joint,434,false,false,true,missing,false,true,gradient_only,8,1,16,1075,0,2.2487315283609344,314.3157610652292,missing
red1:lane1:snr6.0:seed4:frame30,6.0,30,cwz_joint,536,false,false,true,missing,false,true,gradient_only,8,1,16,1346,0,3.9092838692905825,330.4070040148439,missing
red1:lane1:snr6.0:seed4:frame31,6.0,31,cwz_joint,556,false,false,true,missing,false,true,gradient_only,8,1,16,1229,0,0.9978959221146575,233.00074599593478,missing
red1:lane1:snr6.0:seed4:frame32,6.0,32,cwz_joint,609,false,false,true,missing,false,true,gradient_only,8,1,16,1109,0,2.0810669869638563,383.5074463962558,missing
red1:lane1:snr6.0:seed4:frame33,6.0,33,cwz_joint,251,false,false,true,missing,false,true,gradient_only,8,1,16,805,0,16.931017193873473,134.4275017416826,missing
red1:lane1:snr6.0:seed4:frame34,6.0,34,cwz_joint,377,false,false,true,missing,false,true,gradient_only,8,1,16,1198,0,6.155028563078338,749.6839300711449,missing
red1:lane1:snr6.0:seed4:frame35,6.0,35,cwz_joint,576,false,false,true,missing,false,true,gradient_only,8,1,16,1290,0,1.3542988113513046,122.91223368149035,missing
red1:lane1:snr6.0:seed4:frame36,6.0,36,cwz_joint,500,false,false,true,missing,false,true,gradient_only,8,1,16,1042,0,2.8904573009750862,193.50191737095608,missing
red1:lane1:snr6.0:seed4:frame37,6.0,37,cwz_joint,318,false,false,true,missing,false,true,gradient_only,8,1,16,963,0,2.11233864039813,68.81728684098904,missing
red1:lane1:snr6.0:seed4:frame38,6.0,38,cwz_joint,386,false,false,true,missing,false,true,gradient_only,8,1,16,1098,0,1.6764841158783106,147.64083419123105,missing
red1:lane1:snr6.0:seed4:frame39,6.0,39,cwz_joint,304,false,false,true,missing,false,true,gradient_only,8,1,16,828,0,3.266286333493516,141.01737419113076,missing
red1:lane1:snr6.0:seed4:frame40,6.0,40,cwz_joint,388,false,false,true,missing,false,true,gradient_only,8,1,16,1013,0,4.5851615641130525,236.7749018415693,missing
red1:lane1:snr6.0:seed4:frame41,6.0,41,cwz_joint,512,false,false,true,missing,false,true,gradient_only,8,1,16,1163,0,2.3484690363953504,238.9905602306191,missing
red1:lane1:snr6.0:seed4:frame42,6.0,42,cwz_joint,433,false,false,true,missing,false,true,gradient_only,8,1,16,1083,0,2.2277604351279363,145.37794947689733,missing
red1:lane1:snr6.0:seed4:frame43,6.0,43,cwz_joint,717,false,false,true,missing,false,true,gradient_only,8,1,16,1390,0,2.613658196567915,991.2987595875188,missing
red1:lane1:snr6.0:seed4:frame44,6.0,44,cwz_joint,281,false,false,true,missing,false,true,gradient_only,8,1,16,807,0,2.2040711224636063,117.40550568283923,missing
red1:lane1:snr6.0:seed4:frame45,6.0,45,cwz_joint,351,false,false,true,missing,false,true,gradient_only,8,1,16,993,0,2.971411906097389,91.19196554540528,missing
red1:lane1:snr6.0:seed4:frame46,6.0,46,cwz_joint,550,false,false,true,missing,false,true,gradient_only,8,1,16,1296,0,1.4680978286931714,881.1683853179416,missing
red1:lane1:snr6.0:seed4:frame47,6.0,47,cwz_joint,476,false,false,true,missing,false,true,gradient_only,8,1,16,1145,0,19.950746227167517,163.92921781638722,missing
red1:lane1:snr6.0:seed4:frame48,6.0,48,cwz_joint,333,false,false,true,missing,false,true,gradient_only,8,1,16,972,0,2.3457210864339952,950.9783138569398,missing
red1:lane1:snr6.0:seed4:frame49,6.0,49,cwz_joint,270,false,false,true,missing,false,true,gradient_only,8,1,16,802,0,2.1705573431625376,219.64580629882423,missing
red1:lane1:snr6.0:seed4:frame50,6.0,50,cwz_joint,409,false,false,true,missing,false,true,gradient_only,8,1,16,982,0,6.5755260611672925,153.29477902516842,missing
red1:lane1:snr6.0:seed4:frame51,6.0,51,cwz_joint,445,false,false,true,missing,false,true,gradient_only,8,1,16,1074,0,3.099679137371393,224.32829501281844,missing
red1:lane1:snr6.0:seed4:frame52,6.0,52,cwz_joint,383,false,false,true,missing,false,true,gradient_only,8,1,16,1098,0,3.0753421587814525,144.10834697023225,missing
red1:lane1:snr6.0:seed4:frame53,6.0,53,cwz_joint,422,false,false,true,missing,false,true,gradient_only,8,1,16,1042,0,3.402400957481306,68.88382330175281,missing
red1:lane1:snr6.0:seed4:frame54,6.0,54,cwz_joint,422,false,false,true,missing,false,true,gradient_only,8,1,16,1084,0,1.5259739491860689,182.6262801414753,missing
red1:lane1:snr6.0:seed4:frame55,6.0,55,cwz_joint,363,false,false,true,missing,false,true,gradient_only,8,1,16,1054,0,1.4172616960947249,119.99239716895309,missing
red1:lane1:snr6.0:seed4:frame56,6.0,56,cwz_joint,323,false,false,true,missing,false,true,gradient_only,8,1,16,960,0,1.602192712788516,92.26550925244702,missing
red1:lane1:snr6.0:seed4:frame57,6.0,57,cwz_joint,394,false,false,true,missing,false,true,gradient_only,8,1,16,1126,0,1.879528860925271,177.36310488025887,missing
red1:lane1:snr6.0:seed4:frame58,6.0,58,cwz_joint,361,false,false,true,missing,false,true,gradient_only,8,1,16,927,0,1.909039379662983,1442.5988179007932,missing
red1:lane1:snr6.0:seed4:frame59,6.0,59,cwz_joint,366,false,false,true,missing,false,true,gradient_only,8,1,16,901,0,2.9739359860924117,600.1826002024213,missing
red1:lane1:snr6.0:seed4:frame60,6.0,60,cwz_joint,467,false,false,true,missing,false,true,gradient_only,8,1,16,1127,0,2.387572028991715,234.79982737974683,missing
red1:lane1:snr6.0:seed4:frame1,6.0,1,profiled_cz,330,false,false,false,missing,false,true,gradient_only,2,1,16,909,141,1.543929555841736,8.94146250010763,missing
red1:lane1:snr6.0:seed4:frame2,6.0,2,profiled_cz,457,false,false,false,missing,false,true,gradient_only,1,1,16,973,118,1.2563235474916306,8.840855921546328,missing
red1:lane1:snr6.0:seed4:frame3,6.0,3,profiled_cz,483,false,false,false,missing,false,true,gradient_only,5,1,16,1057,159,3.258553644865452,26.725374952333986,missing
red1:lane1:snr6.0:seed4:frame4,6.0,4,profiled_cz,540,false,false,false,missing,false,true,gradient_only,1,1,16,1220,120,13.77676375362801,26.024914150435038,missing
red1:lane1:snr6.0:seed4:frame5,6.0,5,profiled_cz,294,false,false,false,missing,false,true,gradient_only,1,1,16,753,75,41.23243435607303,6.785328900008432,missing
red1:lane1:snr6.0:seed4:frame6,6.0,6,profiled_cz,482,false,false,false,missing,false,true,gradient_only,4,1,16,1114,177,1.4449377351905037,9.095151829964149,missing
red1:lane1:snr6.0:seed4:frame7,6.0,7,profiled_cz,486,false,false,false,missing,false,true,gradient_only,3,1,16,1151,145,1.4619743245680092,98.27103230308576,missing
red1:lane1:snr6.0:seed4:frame8,6.0,8,profiled_cz,509,false,false,false,missing,false,true,gradient_only,1,1,16,1211,184,2.3972136413458762,23.03161466638074,missing
red1:lane1:snr6.0:seed4:frame9,6.0,9,profiled_cz,420,false,false,false,missing,false,true,gradient_only,6,1,16,970,107,3.2027818883165424,11.850330478504251,missing
red1:lane1:snr6.0:seed4:frame10,6.0,10,profiled_cz,617,false,false,false,missing,false,true,gradient_only,6,1,16,1365,189,1.0463257578735403,49.745880058030735,missing
red1:lane1:snr6.0:seed4:frame11,6.0,11,profiled_cz,507,false,false,false,missing,false,true,gradient_only,8,1,16,1158,177,1.9646779948625168,15.319873449918138,missing
red1:lane1:snr6.0:seed4:frame12,6.0,12,profiled_cz,362,false,false,false,missing,false,true,gradient_only,1,1,16,931,81,1.6178078997248644,6.417118968345245,missing
red1:lane1:snr6.0:seed4:frame13,6.0,13,profiled_cz,599,false,false,false,missing,false,true,gradient_only,1,1,16,1133,150,4.989449813967935,33.55813077811236,missing
red1:lane1:snr6.0:seed4:frame14,6.0,14,profiled_cz,552,false,false,false,missing,false,true,gradient_only,1,1,16,1332,173,2.434930677980926,40.85652528290232,missing
red1:lane1:snr6.0:seed4:frame15,6.0,15,profiled_cz,425,false,false,false,missing,false,true,gradient_only,1,1,16,952,106,3.1156778099026265,7.326688819871208,missing
red1:lane1:snr6.0:seed4:frame16,6.0,16,profiled_cz,336,false,false,false,missing,false,true,gradient_only,1,1,16,967,45,12.467486781429576,13.598443324569912,missing
red1:lane1:snr6.0:seed4:frame17,6.0,17,profiled_cz,416,false,false,false,missing,false,true,gradient_only,5,1,16,1062,175,2.485793852055378,9.273869572193815,missing
red1:lane1:snr6.0:seed4:frame18,6.0,18,profiled_cz,406,false,false,false,missing,false,true,gradient_only,1,1,16,1102,99,6.957675345722311,18.672093414025635,missing
red1:lane1:snr6.0:seed4:frame19,6.0,19,profiled_cz,426,false,false,false,missing,false,true,gradient_only,1,1,16,1131,200,6.120920028892591,15.457317376852538,missing
red1:lane1:snr6.0:seed4:frame20,6.0,20,profiled_cz,383,false,false,false,missing,false,true,gradient_only,1,1,16,1027,131,1.7468688076583985,12.533245615793751,missing
red1:lane1:snr6.0:seed4:frame21,6.0,21,profiled_cz,397,false,false,false,missing,false,true,gradient_only,1,1,16,960,126,1.3456055994183993,14.885582555783783,missing
red1:lane1:snr6.0:seed4:frame22,6.0,22,profiled_cz,605,false,false,false,missing,false,true,gradient_only,5,1,16,1367,222,3.4723927664841763,73.25056526548066,missing
red1:lane1:snr6.0:seed4:frame23,6.0,23,profiled_cz,551,false,false,false,missing,false,true,gradient_only,1,1,16,1311,161,4.863075259465656,17.635219379536146,missing
red1:lane1:snr6.0:seed4:frame24,6.0,24,profiled_cz,395,false,false,false,missing,false,true,gradient_only,1,1,16,1046,114,2.1276118977200755,12.712116735805045,missing
red1:lane1:snr6.0:seed4:frame25,6.0,25,profiled_cz,354,false,false,false,missing,false,true,gradient_only,1,1,16,831,75,2.053842540349755,11.507580991214992,missing
red1:lane1:snr6.0:seed4:frame26,6.0,26,profiled_cz,416,false,false,false,missing,false,true,gradient_only,2,1,16,1111,167,2.701015386313513,7.194540517806237,missing
red1:lane1:snr6.0:seed4:frame27,6.0,27,profiled_cz,494,false,false,false,missing,false,true,gradient_only,5,1,16,1294,179,2.878291143878605,24.922476154256,missing
red1:lane1:snr6.0:seed4:frame28,6.0,28,profiled_cz,317,false,false,false,missing,false,true,gradient_only,8,1,16,915,119,4.584043577362143,7.3782630831545255,missing
red1:lane1:snr6.0:seed4:frame29,6.0,29,profiled_cz,432,false,false,false,missing,false,true,gradient_only,1,1,16,1075,149,2.2487315283609344,13.791635927471985,missing
red1:lane1:snr6.0:seed4:frame30,6.0,30,profiled_cz,539,false,false,false,missing,false,true,gradient_only,5,1,16,1346,188,3.9092838692905825,15.90661351818458,missing
red1:lane1:snr6.0:seed4:frame31,6.0,31,profiled_cz,560,false,false,false,missing,false,true,gradient_only,1,1,16,1229,198,0.9978959221146575,21.68560847215385,missing
red1:lane1:snr6.0:seed4:frame32,6.0,32,profiled_cz,607,false,false,false,missing,false,true,gradient_only,2,1,16,1109,117,2.0810669869638563,110.24136518275778,missing
red1:lane1:snr6.0:seed4:frame33,6.0,33,profiled_cz,251,false,false,false,missing,false,true,gradient_only,1,1,16,805,70,16.931017193873473,5.580434532496789,missing
red1:lane1:snr6.0:seed4:frame34,6.0,34,profiled_cz,375,false,false,false,missing,false,true,gradient_only,4,1,16,1198,131,6.155028563078338,17.38463314205985,missing
red1:lane1:snr6.0:seed4:frame35,6.0,35,profiled_cz,576,false,false,false,missing,false,true,gradient_only,1,1,16,1290,152,1.3542988113513046,16.624393337424276,missing
red1:lane1:snr6.0:seed4:frame36,6.0,36,profiled_cz,500,false,false,false,missing,false,true,gradient_only,1,1,16,1042,154,2.8904573009750862,11.316997466363484,missing
red1:lane1:snr6.0:seed4:frame37,6.0,37,profiled_cz,317,false,false,false,missing,false,true,gradient_only,7,1,16,963,131,2.11233864039813,6.025942952663889,missing
red1:lane1:snr6.0:seed4:frame38,6.0,38,profiled_cz,386,false,false,false,missing,false,true,gradient_only,1,1,16,1098,145,1.6764841158783106,19.845789034315303,missing
red1:lane1:snr6.0:seed4:frame39,6.0,39,profiled_cz,306,false,false,false,missing,false,true,gradient_only,1,1,16,828,82,3.266286333493516,6.9487423490622335,missing
red1:lane1:snr6.0:seed4:frame40,6.0,40,profiled_cz,388,false,false,false,missing,false,true,gradient_only,1,1,16,1013,100,4.5851615641130525,17.55612271896704,missing
red1:lane1:snr6.0:seed4:frame41,6.0,41,profiled_cz,514,false,false,false,missing,false,true,gradient_only,2,1,16,1163,153,2.3484690363953504,84.37780340307906,missing
red1:lane1:snr6.0:seed4:frame42,6.0,42,profiled_cz,433,false,false,false,missing,false,true,gradient_only,1,1,16,1083,158,2.2277604351279363,461.72832512291103,missing
red1:lane1:snr6.0:seed4:frame43,6.0,43,profiled_cz,718,false,false,false,missing,false,true,gradient_only,6,1,16,1390,164,2.613658196567915,228.08953351017408,missing
red1:lane1:snr6.0:seed4:frame44,6.0,44,profiled_cz,277,false,false,false,missing,false,true,gradient_only,7,1,16,807,93,2.2040711224636063,5.327183742626456,missing
red1:lane1:snr6.0:seed4:frame45,6.0,45,profiled_cz,351,false,false,false,missing,false,true,gradient_only,1,1,16,993,118,2.971411906097389,17.018950152372604,missing
red1:lane1:snr6.0:seed4:frame46,6.0,46,profiled_cz,552,false,false,false,missing,false,true,gradient_only,6,1,16,1296,128,1.4680978286931714,148.04982504492298,missing
red1:lane1:snr6.0:seed4:frame47,6.0,47,profiled_cz,478,false,false,false,missing,false,true,gradient_only,7,1,16,1145,126,19.950746227167517,38.38310318679066,missing
red1:lane1:snr6.0:seed4:frame48,6.0,48,profiled_cz,334,false,false,false,missing,false,true,gradient_only,1,1,16,972,84,2.3457210864339952,19.994337074670984,missing
red1:lane1:snr6.0:seed4:frame49,6.0,49,profiled_cz,270,false,false,false,missing,false,true,gradient_only,1,1,16,802,60,2.1705573431625376,9.857344738288694,missing
red1:lane1:snr6.0:seed4:frame50,6.0,50,profiled_cz,411,false,false,false,missing,false,true,gradient_only,1,1,16,982,103,6.5755260611672925,14.686711334344794,missing
red1:lane1:snr6.0:seed4:frame51,6.0,51,profiled_cz,451,false,false,false,missing,false,true,gradient_only,1,1,16,1074,150,3.099679137371393,13.417569867719967,missing
red1:lane1:snr6.0:seed4:frame52,6.0,52,profiled_cz,384,false,false,false,missing,false,true,gradient_only,1,1,16,1098,104,3.0753421587814525,17.775942103688042,missing
red1:lane1:snr6.0:seed4:frame53,6.0,53,profiled_cz,425,false,false,false,missing,false,true,gradient_only,8,1,16,1042,113,3.402400957481306,7.8206817597290055,missing
red1:lane1:snr6.0:seed4:frame54,6.0,54,profiled_cz,413,false,false,false,missing,false,true,gradient_only,1,1,16,1084,195,1.5259739491860689,19.467478592531908,missing
red1:lane1:snr6.0:seed4:frame55,6.0,55,profiled_cz,361,false,false,false,missing,false,true,gradient_only,7,1,16,1054,140,1.4172616960947249,13.48589747555107,missing
red1:lane1:snr6.0:seed4:frame56,6.0,56,profiled_cz,324,false,false,false,missing,false,true,gradient_only,7,1,16,960,115,1.602192712788516,6.879598698994434,missing
red1:lane1:snr6.0:seed4:frame57,6.0,57,profiled_cz,390,false,false,false,missing,false,true,gradient_only,1,1,16,1126,154,1.879528860925271,17.04729130358093,missing
red1:lane1:snr6.0:seed4:frame58,6.0,58,profiled_cz,360,false,false,false,missing,false,true,gradient_only,1,1,16,927,111,1.909039379662983,27.224844407018075,missing
red1:lane1:snr6.0:seed4:frame59,6.0,59,profiled_cz,364,false,false,false,missing,false,true,gradient_only,6,1,16,901,102,2.9739359860924117,45.81078604366056,missing
red1:lane1:snr6.0:seed4:frame60,6.0,60,profiled_cz,467,false,false,false,missing,false,true,gradient_only,1,1,16,1127,87,2.387572028991715,16.45054941373354,missing
red1:lane1:snr8.0:seed4:frame1,8.0,1,cwz_joint,250,false,false,true,missing,false,true,gradient_only,8,1,16,662,0,2.3430857575183768,137.1696937860216,missing
red1:lane1:snr8.0:seed4:frame2,8.0,2,cwz_joint,387,false,false,true,missing,false,true,gradient_only,8,1,16,853,0,2.474451166219304,103.13016685078098,missing
red1:lane1:snr8.0:seed4:frame3,8.0,3,cwz_joint,383,false,false,true,missing,false,true,gradient_only,8,1,16,1052,0,2.9208421947335483,239.085727446988,missing
red1:lane1:snr8.0:seed4:frame4,8.0,4,cwz_joint,489,false,false,true,missing,false,true,gradient_only,8,1,16,1062,0,4.180882732744704,270.3818988342719,missing
red1:lane1:snr8.0:seed4:frame5,8.0,5,cwz_joint,156,false,false,true,missing,false,true,gradient_only,8,1,16,502,0,1.4393824722418807,82.979105690282,missing
red1:lane1:snr8.0:seed4:frame6,8.0,6,cwz_joint,406,false,false,true,missing,false,true,gradient_only,8,1,16,1022,0,1.8536280498050515,86.87911117727238,missing
red1:lane1:snr8.0:seed4:frame7,8.0,7,cwz_joint,430,false,false,true,missing,false,true,gradient_only,8,1,16,1109,0,4.439815906109681,177.05357038990584,missing
red1:lane1:snr8.0:seed4:frame8,8.0,8,cwz_joint,444,false,false,true,missing,false,true,gradient_only,8,1,16,1208,0,3.5423051406669113,252.88131211017213,missing
red1:lane1:snr8.0:seed4:frame9,8.0,9,cwz_joint,378,false,false,true,missing,false,true,gradient_only,8,1,16,998,0,1.3112020535291606,99.26278423839018,missing
red1:lane1:snr8.0:seed4:frame10,8.0,10,cwz_joint,569,false,false,true,missing,false,true,gradient_only,8,1,16,1208,0,1.6120548760360596,143.6201497269515,missing
red1:lane1:snr8.0:seed4:frame11,8.0,11,cwz_joint,366,false,false,true,missing,false,true,gradient_only,8,1,16,1051,0,1.4499470238660743,195.24707567290756,missing
red1:lane1:snr8.0:seed4:frame12,8.0,12,cwz_joint,255,false,false,true,missing,false,true,gradient_only,8,1,16,791,0,1.7073007749221487,72.7238503794678,missing
red1:lane1:snr8.0:seed4:frame13,8.0,13,cwz_joint,583,false,false,true,missing,false,true,gradient_only,8,1,16,1143,0,1.906912547376873,466.4384317922475,missing
red1:lane1:snr8.0:seed4:frame14,8.0,14,cwz_joint,487,false,false,true,missing,false,true,gradient_only,8,1,16,1248,0,2.0191874496552176,165.8665499319504,missing
red1:lane1:snr8.0:seed4:frame15,8.0,15,cwz_joint,333,false,false,true,missing,false,true,gradient_only,8,1,16,947,0,6.755917748836338,77.05131558550693,missing
red1:lane1:snr8.0:seed4:frame16,8.0,16,cwz_joint,265,false,false,true,missing,false,true,gradient_only,8,1,16,804,0,3.511395906612219,148.07258679011318,missing
red1:lane1:snr8.0:seed4:frame17,8.0,17,cwz_joint,350,false,false,true,missing,false,true,gradient_only,8,1,16,909,0,8.849662575342213,140.37300991835943,missing
red1:lane1:snr8.0:seed4:frame18,8.0,18,cwz_joint,357,false,false,true,missing,false,true,gradient_only,8,1,16,912,0,2.798431108748456,116.94480407935015,missing
red1:lane1:snr8.0:seed4:frame19,8.0,19,cwz_joint,344,false,false,true,missing,false,true,gradient_only,8,1,16,1054,0,1.5189845138742661,121.59746790312329,missing
red1:lane1:snr8.0:seed4:frame20,8.0,20,cwz_joint,316,false,false,true,missing,false,true,gradient_only,8,1,16,986,0,1.3492238760588224,132.79306385760557,missing
red1:lane1:snr8.0:seed4:frame21,8.0,21,cwz_joint,294,false,false,true,missing,false,true,gradient_only,8,1,16,903,0,1.4165685246199122,77.78249626082255,missing
red1:lane1:snr8.0:seed4:frame22,8.0,22,cwz_joint,576,false,false,true,missing,false,true,gradient_only,8,1,16,1287,0,3.933656663969329,607.8463935727884,missing
red1:lane1:snr8.0:seed4:frame23,8.0,23,cwz_joint,456,false,false,true,missing,false,true,gradient_only,8,1,16,1247,0,2.6638412921677075,175.35194307891953,missing
red1:lane1:snr8.0:seed4:frame24,8.0,24,cwz_joint,303,false,false,true,missing,false,true,gradient_only,8,1,16,885,0,1.7931467556756242,185.79264157474478,missing
red1:lane1:snr8.0:seed4:frame25,8.0,25,cwz_joint,203,false,false,true,missing,false,true,gradient_only,8,1,16,689,0,1.1350682221677926,109.87263127013327,missing
red1:lane1:snr8.0:seed4:frame26,8.0,26,cwz_joint,281,false,false,true,missing,false,true,gradient_only,8,1,16,830,0,2.1471694463897544,71.35391954437215,missing
red1:lane1:snr8.0:seed4:frame27,8.0,27,cwz_joint,433,false,false,true,missing,false,true,gradient_only,8,1,16,1130,0,3.0700251818678006,105.89528604949457,missing
red1:lane1:snr8.0:seed4:frame28,8.0,28,cwz_joint,234,false,false,true,missing,false,true,gradient_only,8,1,16,794,0,3.037347621396888,88.7046038219464,missing
red1:lane1:snr8.0:seed4:frame29,8.0,29,cwz_joint,353,false,false,true,missing,false,true,gradient_only,8,1,16,1071,0,1.9826993658176644,173.41876697425573,missing
red1:lane1:snr8.0:seed4:frame30,8.0,30,cwz_joint,464,false,false,true,missing,false,true,gradient_only,8,1,16,1345,0,1.931293678923021,216.61777530545012,missing
red1:lane1:snr8.0:seed4:frame31,8.0,31,cwz_joint,474,false,false,true,missing,false,true,gradient_only,8,1,16,1037,0,1.294848103027252,156.55384509036492,missing
red1:lane1:snr8.0:seed4:frame32,8.0,32,cwz_joint,535,false,false,true,missing,false,true,gradient_only,8,1,16,1134,0,3.158560950051843,253.0513198592805,missing
red1:lane1:snr8.0:seed4:frame33,8.0,33,cwz_joint,159,false,false,true,missing,false,true,gradient_only,8,1,16,639,0,1.3802484114414302,79.7667077301539,missing
red1:lane1:snr8.0:seed4:frame34,8.0,34,cwz_joint,279,false,false,true,missing,false,true,gradient_only,8,1,16,839,0,1.8240913159741332,613.2101951104895,missing
red1:lane1:snr8.0:seed4:frame35,8.0,35,cwz_joint,553,false,false,true,missing,false,true,gradient_only,8,1,16,1205,0,1.1265587709083227,91.39147550234483,missing
red1:lane1:snr8.0:seed4:frame36,8.0,36,cwz_joint,436,false,false,true,missing,false,true,gradient_only,8,1,16,1128,0,1.3827279971758488,131.6219596060628,missing
red1:lane1:snr8.0:seed4:frame37,8.0,37,cwz_joint,243,false,false,true,missing,false,true,gradient_only,8,1,16,563,0,1.2785714623596782,52.54486094658094,missing
red1:lane1:snr8.0:seed4:frame38,8.0,38,cwz_joint,332,false,false,true,missing,false,true,gradient_only,8,1,16,929,0,2.0756139932148407,95.98106289529989,missing
red1:lane1:snr8.0:seed4:frame39,8.0,39,cwz_joint,187,false,false,true,missing,false,true,gradient_only,8,1,16,516,0,183.59804379952013,106.03514601657218,missing
red1:lane1:snr8.0:seed4:frame40,8.0,40,cwz_joint,301,false,false,true,missing,false,true,gradient_only,8,1,16,970,0,4.426641445317962,182.12892993624106,missing
red1:lane1:snr8.0:seed4:frame41,8.0,41,cwz_joint,452,false,false,true,missing,false,true,gradient_only,8,1,16,1117,0,209.76065181804586,152.30912046461754,missing
red1:lane1:snr8.0:seed4:frame42,8.0,42,cwz_joint,349,false,false,true,missing,false,true,gradient_only,8,1,16,993,0,1.769637268631322,116.54754040308372,missing
red1:lane1:snr8.0:seed4:frame43,8.0,43,cwz_joint,687,false,false,true,missing,false,true,gradient_only,8,1,16,1339,0,2.063355435951818,894.6236086551381,missing
red1:lane1:snr8.0:seed4:frame44,8.0,44,cwz_joint,179,false,false,true,missing,false,true,gradient_only,8,1,16,475,0,10.497309249008474,76.52647512190599,missing
red1:lane1:snr8.0:seed4:frame45,8.0,45,cwz_joint,241,false,false,true,missing,false,true,gradient_only,8,1,16,826,0,0.9694410574891712,70.50223245906376,missing
red1:lane1:snr8.0:seed4:frame46,8.0,46,cwz_joint,456,false,false,true,missing,false,true,gradient_only,8,1,16,1157,0,1.2750241738754664,416.90215042099715,missing
red1:lane1:snr8.0:seed4:frame47,8.0,47,cwz_joint,399,false,false,true,missing,false,true,gradient_only,8,1,16,1098,0,2.0502754740637927,121.36452496136464,missing
red1:lane1:snr8.0:seed4:frame48,8.0,48,cwz_joint,246,false,false,true,missing,false,true,gradient_only,8,1,16,583,0,1.0288981731035964,1490.8071023704858,missing
red1:lane1:snr8.0:seed4:frame49,8.0,49,cwz_joint,151,false,false,true,missing,false,true,gradient_only,8,1,16,513,0,5.806417025398814,156.7278599960195,missing
red1:lane1:snr8.0:seed4:frame50,8.0,50,cwz_joint,282,false,false,true,missing,false,true,gradient_only,8,1,16,824,0,2.4031592781570636,108.62831905113107,missing
red1:lane1:snr8.0:seed4:frame51,8.0,51,cwz_joint,368,false,false,true,missing,false,true,gradient_only,8,1,16,1110,0,1.4533460436857488,104.50226013842743,missing
red1:lane1:snr8.0:seed4:frame52,8.0,52,cwz_joint,324,false,false,true,missing,false,true,gradient_only,8,1,16,841,0,1.9382725803014529,137.0886448148574,missing
red1:lane1:snr8.0:seed4:frame53,8.0,53,cwz_joint,313,false,false,true,missing,false,true,gradient_only,8,1,16,938,0,1.6141408009399487,55.98212263451179,missing
red1:lane1:snr8.0:seed4:frame54,8.0,54,cwz_joint,293,false,false,true,missing,false,true,gradient_only,8,1,16,798,0,1.3348458188519896,180.1196229167768,missing
red1:lane1:snr8.0:seed4:frame55,8.0,55,cwz_joint,267,false,false,true,missing,false,true,gradient_only,8,1,16,735,0,2.3405245907769374,64.67462471705821,missing
red1:lane1:snr8.0:seed4:frame56,8.0,56,cwz_joint,206,false,false,true,missing,false,true,gradient_only,8,1,16,668,0,5.573371328376104,75.07109377796374,missing
red1:lane1:snr8.0:seed4:frame57,8.0,57,cwz_joint,296,false,false,true,missing,false,true,gradient_only,8,1,16,918,0,1.7959148426515301,129.01586819822447,missing
red1:lane1:snr8.0:seed4:frame58,8.0,58,cwz_joint,255,false,false,true,missing,false,true,gradient_only,8,1,16,708,0,2.5848084618757965,312.22543897967336,missing
red1:lane1:snr8.0:seed4:frame59,8.0,59,cwz_joint,268,false,false,true,missing,false,true,gradient_only,8,1,16,707,0,2.132649815952183,759.9933719066665,missing
red1:lane1:snr8.0:seed4:frame60,8.0,60,cwz_joint,389,false,false,true,missing,false,true,gradient_only,8,1,16,1149,0,2.9263222003031313,149.28890841473927,missing
red1:lane1:snr8.0:seed4:frame1,8.0,1,profiled_cz,249,false,false,false,missing,false,true,gradient_only,1,1,16,662,58,2.3430857575183768,6.201988689481669,missing
red1:lane1:snr8.0:seed4:frame2,8.0,2,profiled_cz,387,false,false,false,missing,false,true,gradient_only,3,1,16,853,71,2.474451166219304,18.552621699050896,missing
red1:lane1:snr8.0:seed4:frame3,8.0,3,profiled_cz,382,false,false,false,missing,false,true,gradient_only,7,1,16,1052,123,2.9208421947335483,26.354872755094345,missing
red1:lane1:snr8.0:seed4:frame4,8.0,4,profiled_cz,485,false,false,false,missing,false,true,gradient_only,2,1,16,1062,156,4.180882732744704,18.441627525690517,missing
red1:lane1:snr8.0:seed4:frame5,8.0,5,profiled_cz,158,false,false,false,missing,false,true,gradient_only,1,1,16,502,44,1.4393824722418807,4.962499039721455,missing
red1:lane1:snr8.0:seed4:frame6,8.0,6,profiled_cz,403,false,false,false,missing,false,true,gradient_only,1,1,16,1022,110,1.8536280498050515,5.4644482417495785,missing
red1:lane1:snr8.0:seed4:frame7,8.0,7,profiled_cz,430,false,false,false,missing,false,true,gradient_only,1,1,16,1109,117,4.439815906109681,25.54326902079507,missing
red1:lane1:snr8.0:seed4:frame8,8.0,8,profiled_cz,443,false,false,false,missing,false,true,gradient_only,1,1,16,1208,182,3.5423051406669113,11.679437441208709,missing
red1:lane1:snr8.0:seed4:frame9,8.0,9,profiled_cz,377,false,false,false,missing,false,true,gradient_only,1,1,16,998,126,1.3112020535291606,6.913648750171325,missing
red1:lane1:snr8.0:seed4:frame10,8.0,10,profiled_cz,568,false,false,false,missing,false,true,gradient_only,1,1,16,1208,175,1.6120548760360596,53.65537994097586,missing
red1:lane1:snr8.0:seed4:frame11,8.0,11,profiled_cz,364,false,false,false,missing,false,true,gradient_only,1,1,16,1051,68,1.4499470238660743,12.037060734705776,missing
red1:lane1:snr8.0:seed4:frame12,8.0,12,profiled_cz,254,false,false,false,missing,false,true,gradient_only,4,1,16,791,109,1.7073007749221487,4.769100896743055,missing
red1:lane1:snr8.0:seed4:frame13,8.0,13,profiled_cz,577,false,false,false,missing,false,true,gradient_only,4,1,16,1143,130,1.906912547376873,21.51200788557641,missing
red1:lane1:snr8.0:seed4:frame14,8.0,14,profiled_cz,492,false,false,false,missing,false,true,gradient_only,1,1,16,1248,231,2.0191874496552176,11.065155634877332,missing
red1:lane1:snr8.0:seed4:frame15,8.0,15,profiled_cz,334,false,false,false,missing,false,true,gradient_only,4,1,16,947,123,6.755917748836338,5.42135157193059,missing
red1:lane1:snr8.0:seed4:frame16,8.0,16,profiled_cz,266,false,false,false,missing,false,true,gradient_only,4,1,16,804,67,3.511395906612219,8.011788555803427,missing
red1:lane1:snr8.0:seed4:frame17,8.0,17,profiled_cz,349,false,false,false,missing,false,true,gradient_only,4,1,16,909,75,8.849662575342213,6.660233937448979,missing
red1:lane1:snr8.0:seed4:frame18,8.0,18,profiled_cz,353,false,false,false,missing,false,true,gradient_only,1,1,16,912,101,2.798431108748456,9.512742129922154,missing
red1:lane1:snr8.0:seed4:frame19,8.0,19,profiled_cz,346,false,false,false,missing,false,true,gradient_only,1,1,16,1054,130,1.5189845138742661,8.052497320226987,missing
red1:lane1:snr8.0:seed4:frame20,8.0,20,profiled_cz,314,false,false,false,missing,false,true,gradient_only,8,1,16,986,114,1.3492238760588224,10.296527647917875,missing
red1:lane1:snr8.0:seed4:frame21,8.0,21,profiled_cz,298,false,false,false,missing,false,true,gradient_only,1,1,16,903,90,1.4165685246199122,8.6636401239223,missing
red1:lane1:snr8.0:seed4:frame22,8.0,22,profiled_cz,573,false,false,false,missing,false,true,gradient_only,1,1,16,1287,157,3.933656663969329,79.43423315799747,missing
red1:lane1:snr8.0:seed4:frame23,8.0,23,profiled_cz,453,false,false,false,missing,false,true,gradient_only,1,1,16,1247,155,2.6638412921677075,13.737076340541806,missing
red1:lane1:snr8.0:seed4:frame24,8.0,24,profiled_cz,301,false,false,false,missing,false,true,gradient_only,3,1,16,885,94,1.7931467556756242,9.092350955320256,missing
red1:lane1:snr8.0:seed4:frame25,8.0,25,profiled_cz,203,false,false,false,missing,false,true,gradient_only,1,1,16,689,68,1.1350682221677926,8.909777207043664,missing
red1:lane1:snr8.0:seed4:frame26,8.0,26,profiled_cz,282,false,false,false,missing,false,true,gradient_only,1,1,16,830,104,2.1471694463897544,5.150811205389543,missing
red1:lane1:snr8.0:seed4:frame27,8.0,27,profiled_cz,434,false,false,false,missing,false,true,gradient_only,5,1,16,1130,139,3.0700251818678006,14.395238293677812,missing
red1:lane1:snr8.0:seed4:frame28,8.0,28,profiled_cz,233,false,false,false,missing,false,true,gradient_only,6,1,16,794,87,3.037347621396888,4.831927527601235,missing
red1:lane1:snr8.0:seed4:frame29,8.0,29,profiled_cz,354,false,false,false,missing,false,true,gradient_only,8,1,16,1071,111,1.9826993658176644,7.874177468567086,missing
red1:lane1:snr8.0:seed4:frame30,8.0,30,profiled_cz,463,false,false,false,missing,false,true,gradient_only,1,1,16,1345,149,1.931293678923021,25.269357025360783,missing
red1:lane1:snr8.0:seed4:frame31,8.0,31,profiled_cz,476,false,false,false,missing,false,true,gradient_only,1,1,16,1037,106,1.294848103027252,88.51275552040282,missing
red1:lane1:snr8.0:seed4:frame32,8.0,32,profiled_cz,537,false,false,false,missing,false,true,gradient_only,1,1,16,1134,126,3.158560950051843,32.85884519505945,missing
red1:lane1:snr8.0:seed4:frame33,8.0,33,profiled_cz,156,false,false,false,missing,false,true,gradient_only,1,1,16,639,54,1.3802484114414302,4.232008013864195,missing
red1:lane1:snr8.0:seed4:frame34,8.0,34,profiled_cz,278,false,false,false,missing,false,true,gradient_only,4,1,16,839,106,1.8240913159741332,36.82993264942438,missing
red1:lane1:snr8.0:seed4:frame35,8.0,35,profiled_cz,554,false,false,false,missing,false,true,gradient_only,1,1,16,1205,143,1.1265587709083227,10.760287933356759,missing
red1:lane1:snr8.0:seed4:frame36,8.0,36,profiled_cz,430,false,false,false,missing,false,true,gradient_only,1,1,16,1128,197,1.3827279971758488,10.685045990800566,missing
red1:lane1:snr8.0:seed4:frame37,8.0,37,profiled_cz,243,false,false,false,missing,false,true,gradient_only,1,1,16,563,66,1.2785714623596782,3.7078959832621283,missing
red1:lane1:snr8.0:seed4:frame38,8.0,38,profiled_cz,332,false,false,false,missing,false,true,gradient_only,1,1,16,929,80,2.0756139932148407,17.159362941858877,missing
red1:lane1:snr8.0:seed4:frame39,8.0,39,profiled_cz,188,false,false,false,missing,false,true,gradient_only,1,1,16,516,61,183.59804379952013,3.6790928259296516,missing
red1:lane1:snr8.0:seed4:frame40,8.0,40,profiled_cz,297,false,false,false,missing,false,true,gradient_only,1,1,16,970,116,4.426641445317962,9.422653135464317,missing
red1:lane1:snr8.0:seed4:frame41,8.0,41,profiled_cz,457,false,false,false,missing,false,true,gradient_only,1,1,16,1117,162,209.76065181804586,16.88482871576194,missing
red1:lane1:snr8.0:seed4:frame42,8.0,42,profiled_cz,351,false,false,false,missing,false,true,gradient_only,1,1,16,993,105,1.769637268631322,44.27961730904939,missing
red1:lane1:snr8.0:seed4:frame43,8.0,43,profiled_cz,687,false,false,false,missing,false,true,gradient_only,1,1,16,1339,195,2.063355435951818,158.5327822269182,missing
red1:lane1:snr8.0:seed4:frame44,8.0,44,profiled_cz,179,false,false,false,missing,false,true,gradient_only,1,1,16,475,63,10.497309249008474,3.7584374660874564,missing
red1:lane1:snr8.0:seed4:frame45,8.0,45,profiled_cz,242,false,false,false,missing,false,true,gradient_only,1,1,16,826,98,0.9694410574891712,40.040112132980845,missing
red1:lane1:snr8.0:seed4:frame46,8.0,46,profiled_cz,454,false,false,false,missing,false,true,gradient_only,1,1,16,1157,175,1.2750241738754664,45.55873436465171,missing
red1:lane1:snr8.0:seed4:frame47,8.0,47,profiled_cz,402,false,false,false,missing,false,true,gradient_only,1,1,16,1098,157,2.0502754740637927,16.37670627388735,missing
red1:lane1:snr8.0:seed4:frame48,8.0,48,profiled_cz,245,false,false,false,missing,false,true,gradient_only,1,1,16,583,41,1.0288981731035964,27.176859534098494,missing
red1:lane1:snr8.0:seed4:frame49,8.0,49,profiled_cz,150,false,false,false,missing,false,true,gradient_only,8,1,16,513,64,5.806417025398814,90.93380065294647,missing
red1:lane1:snr8.0:seed4:frame50,8.0,50,profiled_cz,281,false,false,false,missing,false,true,gradient_only,1,1,16,824,87,2.4031592781570636,11.775341508722121,missing
red1:lane1:snr8.0:seed4:frame51,8.0,51,profiled_cz,362,false,false,false,missing,false,true,gradient_only,1,1,16,1110,135,1.4533460436857488,8.181765370327145,missing
red1:lane1:snr8.0:seed4:frame52,8.0,52,profiled_cz,324,false,false,false,missing,false,true,gradient_only,1,1,16,841,101,1.9382725803014529,7.8595859954872145,missing
red1:lane1:snr8.0:seed4:frame53,8.0,53,profiled_cz,314,false,false,false,missing,false,true,gradient_only,1,1,16,938,116,1.6141408009399487,8.109194202292516,missing
red1:lane1:snr8.0:seed4:frame54,8.0,54,profiled_cz,292,false,false,false,missing,false,true,gradient_only,1,1,16,798,113,1.3348458188519896,9.682473512096795,missing
red1:lane1:snr8.0:seed4:frame55,8.0,55,profiled_cz,261,false,false,false,missing,false,true,gradient_only,1,1,16,735,109,2.3405245907769374,6.488965737605177,missing
red1:lane1:snr8.0:seed4:frame56,8.0,56,profiled_cz,206,false,false,false,missing,false,true,gradient_only,1,1,16,668,100,5.573371328376104,7.660531448887879,missing
red1:lane1:snr8.0:seed4:frame57,8.0,57,profiled_cz,297,false,false,false,missing,false,true,gradient_only,6,1,16,918,78,1.7959148426515301,11.66060016415143,missing
red1:lane1:snr8.0:seed4:frame58,8.0,58,profiled_cz,254,false,false,false,missing,false,true,gradient_only,8,1,16,708,121,2.5848084618757965,13.69836800941951,missing
red1:lane1:snr8.0:seed4:frame59,8.0,59,profiled_cz,268,false,false,false,missing,false,true,gradient_only,1,1,16,707,49,2.132649815952183,10.786567617541744,missing
red1:lane1:snr8.0:seed4:frame60,8.0,60,profiled_cz,391,false,false,false,missing,false,true,gradient_only,1,1,16,1149,169,2.9263222003031313,10.63553755973058,missing
red1:lane1:snr10.0:seed4:frame1,10.0,1,cwz_joint,164,false,false,true,missing,false,true,gradient_only,8,1,16,397,0,1.266952951046209,101.19813751822949,missing
red1:lane1:snr10.0:seed4:frame2,10.0,2,cwz_joint,268,false,false,true,missing,false,true,gradient_only,8,1,16,612,0,1.9219283494111081,82.78122584475594,missing
red1:lane1:snr10.0:seed4:frame3,10.0,3,cwz_joint,315,false,false,true,missing,false,true,gradient_only,8,1,16,777,0,1.4985350006376035,213.73875197691376,missing
red1:lane1:snr10.0:seed4:frame4,10.0,4,cwz_joint,399,false,false,true,missing,false,true,gradient_only,8,1,16,1023,0,2.8672246419024656,226.0672796837323,missing
red1:lane1:snr10.0:seed4:frame5,10.0,5,cwz_joint,81,false,false,false,missing,false,true,gradient_only,8,1,16,287,5,1.046468930907405,68.02044430446745,missing
red1:lane1:snr10.0:seed4:frame6,10.0,6,cwz_joint,308,false,false,true,missing,false,true,gradient_only,8,1,16,843,0,1.629111614531869,68.97579903158052,missing
red1:lane1:snr10.0:seed4:frame7,10.0,7,cwz_joint,375,false,false,true,missing,false,true,gradient_only,8,1,16,1052,0,4.883700081030703,135.9263529354687,missing
red1:lane1:snr10.0:seed4:frame8,10.0,8,cwz_joint,384,false,false,true,missing,false,true,gradient_only,8,1,16,1048,0,1.4669632688328906,174.65112240375348,missing
red1:lane1:snr10.0:seed4:frame9,10.0,9,cwz_joint,303,false,false,true,missing,false,true,gradient_only,8,1,16,855,0,2.0187221373641084,85.21421123503814,missing
red1:lane1:snr10.0:seed4:frame10,10.0,10,cwz_joint,490,false,false,true,missing,false,true,gradient_only,8,1,16,1097,0,1.2820182215748468,107.65457917657878,missing
red1:lane1:snr10.0:seed4:frame11,10.0,11,cwz_joint,313,false,false,true,missing,false,true,gradient_only,8,1,16,872,0,2.6150192459296395,160.00489067046826,missing
red1:lane1:snr10.0:seed4:frame12,10.0,12,cwz_joint,168,false,false,true,missing,false,true,gradient_only,8,1,16,593,0,2.1845342228988334,60.46071043575821,missing
red1:lane1:snr10.0:seed4:frame13,10.0,13,cwz_joint,464,false,false,true,missing,false,true,gradient_only,8,1,16,1114,0,2.4548516105392006,223.43950510038155,missing
red1:lane1:snr10.0:seed4:frame14,10.0,14,cwz_joint,441,false,false,true,missing,false,true,gradient_only,8,1,16,1177,0,2.026078874228962,114.94369319442626,missing
red1:lane1:snr10.0:seed4:frame15,10.0,15,cwz_joint,243,false,false,true,missing,false,true,gradient_only,8,1,16,777,0,1.8355967658785424,66.30888802668498,missing
red1:lane1:snr10.0:seed4:frame16,10.0,16,cwz_joint,194,false,false,true,missing,false,true,gradient_only,8,1,16,709,0,1.2109332136372977,113.15880138649115,missing
red1:lane1:snr10.0:seed4:frame17,10.0,17,cwz_joint,264,false,false,true,missing,false,true,gradient_only,8,1,16,859,0,1.711010962481057,83.76425700982938,missing
red1:lane1:snr10.0:seed4:frame18,10.0,18,cwz_joint,300,false,false,true,missing,false,true,gradient_only,8,1,16,766,0,1.587660910816255,88.711979683192,missing
red1:lane1:snr10.0:seed4:frame19,10.0,19,cwz_joint,303,false,false,true,missing,false,true,gradient_only,8,1,16,822,0,2.1951145135648273,87.01016375203022,missing
red1:lane1:snr10.0:seed4:frame20,10.0,20,cwz_joint,202,false,false,true,missing,false,true,gradient_only,8,1,16,705,0,1.4638429855005015,128.24237198699768,missing
red1:lane1:snr10.0:seed4:frame21,10.0,21,cwz_joint,187,false,false,true,missing,false,true,gradient_only,8,1,16,576,0,3.48519948436527,66.974589825188,missing
red1:lane1:snr10.0:seed4:frame22,10.0,22,cwz_joint,519,false,false,true,missing,false,true,gradient_only,8,1,16,1146,0,3.3856338048638257,457.8041927104666,missing
red1:lane1:snr10.0:seed4:frame23,10.0,23,cwz_joint,381,false,false,true,missing,false,true,gradient_only,8,1,16,1112,0,2.1824824695264895,129.31316435118367,missing
red1:lane1:snr10.0:seed4:frame24,10.0,24,cwz_joint,245,false,false,true,missing,false,true,gradient_only,8,1,16,684,0,9.751251906663791,141.12033448773587,missing
red1:lane1:snr10.0:seed4:frame25,10.0,25,cwz_joint,148,false,false,true,missing,false,true,gradient_only,8,1,16,345,0,1.3709357529224644,72.02901792000766,missing
red1:lane1:snr10.0:seed4:frame26,10.0,26,cwz_joint,166,false,false,true,missing,false,true,gradient_only,8,1,16,650,0,1.3842158702257505,59.293809799424935,missing
red1:lane1:snr10.0:seed4:frame27,10.0,27,cwz_joint,328,false,false,true,missing,false,true,gradient_only,8,1,16,884,0,2.0512659455828604,135.50099530930913,missing
red1:lane1:snr10.0:seed4:frame28,10.0,28,cwz_joint,140,false,false,true,missing,false,true,gradient_only,8,1,16,469,0,1.5793463888006931,64.71813946774289,missing
red1:lane1:snr10.0:seed4:frame29,10.0,29,cwz_joint,283,false,false,false,missing,false,true,gradient_only,8,1,16,855,5,1.3524446663614351,100.44958836102667,missing
red1:lane1:snr10.0:seed4:frame30,10.0,30,cwz_joint,379,false,false,true,missing,false,true,gradient_only,8,1,16,1137,0,2.1510222523506153,171.92369982969586,missing
red1:lane1:snr10.0:seed4:frame31,10.0,31,cwz_joint,396,false,false,true,missing,false,true,gradient_only,8,1,16,940,0,1.4003388205097693,113.31511168676667,missing
red1:lane1:snr10.0:seed4:frame32,10.0,32,cwz_joint,495,false,false,true,missing,false,true,gradient_only,8,1,16,1055,0,1.5440904874113026,178.12624763898765,missing
red1:lane1:snr10.0:seed4:frame33,10.0,33,cwz_joint,82,false,false,true,missing,false,true,gradient_only,8,1,16,301,0,1.4276439146168578,58.01309902395693,missing
red1:lane1:snr10.0:seed4:frame34,10.0,34,cwz_joint,221,false,false,true,missing,false,true,gradient_only,8,1,16,581,0,2.824341747741051,206.79762562980733,missing
red1:lane1:snr10.0:seed4:frame35,10.0,35,cwz_joint,504,false,false,true,missing,false,true,gradient_only,8,1,16,1170,0,3.266828974276229,70.06986241920642,missing
red1:lane1:snr10.0:seed4:frame36,10.0,36,cwz_joint,346,false,false,true,missing,false,true,gradient_only,8,1,16,983,0,3.032349825893518,102.16023988998944,missing
red1:lane1:snr10.0:seed4:frame37,10.0,37,cwz_joint,147,false,false,true,missing,false,true,gradient_only,8,1,16,470,0,1.4726407778029174,42.33539240410641,missing
red1:lane1:snr10.0:seed4:frame38,10.0,38,cwz_joint,250,false,false,true,missing,false,true,gradient_only,8,1,16,633,0,2.1527746200768147,71.41658144987497,missing
red1:lane1:snr10.0:seed4:frame39,10.0,39,cwz_joint,117,false,false,true,missing,false,true,gradient_only,8,1,16,333,0,1.2153504253733431,63.36796702174399,missing
red1:lane1:snr10.0:seed4:frame40,10.0,40,cwz_joint,201,false,false,true,missing,false,true,gradient_only,8,1,16,594,0,2.3315001877843953,200.83487737020036,missing
red1:lane1:snr10.0:seed4:frame41,10.0,41,cwz_joint,338,false,false,true,missing,false,true,gradient_only,8,1,16,940,0,2.8185589343644546,101.38887620396856,missing
red1:lane1:snr10.0:seed4:frame42,10.0,42,cwz_joint,246,false,false,true,missing,false,true,gradient_only,8,1,16,798,0,1.5609998418317597,107.60726976722165,missing
red1:lane1:snr10.0:seed4:frame43,10.0,43,cwz_joint,705,false,false,true,missing,false,true,gradient_only,8,1,16,1290,0,1.7405987854834075,815.0243307520644,missing
red1:lane1:snr10.0:seed4:frame44,10.0,44,cwz_joint,98,false,false,true,missing,false,true,gradient_only,8,1,16,330,0,1.049251741090906,60.254776991950074,missing
red1:lane1:snr10.0:seed4:frame45,10.0,45,cwz_joint,185,false,false,true,missing,false,true,gradient_only,8,1,16,547,0,13.192200269036293,58.67961955060528,missing
red1:lane1:snr10.0:seed4:frame46,10.0,46,cwz_joint,401,false,false,true,missing,false,true,gradient_only,8,1,16,1040,0,1.480009773372453,233.67591860347642,missing
red1:lane1:snr10.0:seed4:frame47,10.0,47,cwz_joint,323,false,false,true,missing,false,true,gradient_only,8,1,16,964,0,3.5077772566573078,86.50023637324328,missing
red1:lane1:snr10.0:seed4:frame48,10.0,48,cwz_joint,141,false,false,true,missing,false,true,gradient_only,8,1,16,386,0,0.8014887587126265,183.31205449223827,missing
red1:lane1:snr10.0:seed4:frame49,10.0,49,cwz_joint,54,false,false,true,missing,false,true,gradient_only,8,1,16,246,0,2.18780193093619,107.94847675558816,missing
red1:lane1:snr10.0:seed4:frame50,10.0,50,cwz_joint,179,false,false,true,missing,false,true,gradient_only,8,1,16,517,0,8.654774306527209,82.45735423907566,missing
red1:lane1:snr10.0:seed4:frame51,10.0,51,cwz_joint,244,false,false,true,missing,false,true,gradient_only,8,1,16,829,0,1.4080795727597264,67.78230581593093,missing
red1:lane1:snr10.0:seed4:frame52,10.0,52,cwz_joint,209,false,false,true,missing,false,true,gradient_only,8,1,16,622,0,1.6270730672990654,139.53050271645654,missing
red1:lane1:snr10.0:seed4:frame53,10.0,53,cwz_joint,216,false,false,true,missing,false,true,gradient_only,8,1,16,716,0,1.4414779356129248,55.879258519622674,missing
red1:lane1:snr10.0:seed4:frame54,10.0,54,cwz_joint,151,false,false,true,missing,false,true,gradient_only,8,1,16,587,0,1.0014560898327718,113.20781878152546,missing
red1:lane1:snr10.0:seed4:frame55,10.0,55,cwz_joint,225,false,false,true,missing,false,true,gradient_only,8,1,16,715,0,1.15810491817572,43.45746851847996,missing
red1:lane1:snr10.0:seed4:frame56,10.0,56,cwz_joint,138,false,false,true,missing,false,true,gradient_only,8,1,16,381,0,1.1769136275925658,56.94184113197668,missing
red1:lane1:snr10.0:seed4:frame57,10.0,57,cwz_joint,215,false,false,true,missing,false,true,gradient_only,8,1,16,765,0,1.4267466438036303,96.81623791292293,missing
red1:lane1:snr10.0:seed4:frame58,10.0,58,cwz_joint,167,false,false,true,missing,false,true,gradient_only,8,1,16,534,0,0.9513904781229675,171.56227216556186,missing
red1:lane1:snr10.0:seed4:frame59,10.0,59,cwz_joint,171,false,false,true,missing,false,true,gradient_only,8,1,16,517,0,1.0121511103236815,325.71770790506923,missing
red1:lane1:snr10.0:seed4:frame60,10.0,60,cwz_joint,320,false,false,true,missing,false,true,gradient_only,8,1,16,888,0,2.3165540368408695,103.53743184592273,missing
red1:lane1:snr10.0:seed4:frame1,10.0,1,profiled_cz,164,false,false,false,missing,false,true,gradient_only,1,1,16,397,54,1.266952951046209,4.805354671646922,missing
red1:lane1:snr10.0:seed4:frame2,10.0,2,profiled_cz,267,false,false,false,missing,false,true,gradient_only,1,1,16,612,89,1.9219283494111081,5.290381802874799,missing
red1:lane1:snr10.0:seed4:frame3,10.0,3,profiled_cz,315,false,false,false,missing,false,true,gradient_only,1,1,16,777,47,1.4985350006376035,9.783464454670998,missing
red1:lane1:snr10.0:seed4:frame4,10.0,4,profiled_cz,398,false,false,false,missing,false,true,gradient_only,2,1,16,1023,90,2.8672246419024656,13.408320441162195,missing
red1:lane1:snr10.0:seed4:frame5,10.0,5,profiled_cz,84,false,false,false,missing,false,true,gradient_only,1,1,16,287,52,1.046468930907405,4.101162538803638,missing
red1:lane1:snr10.0:seed4:frame6,10.0,6,profiled_cz,308,false,false,false,missing,false,true,gradient_only,1,1,16,843,103,1.629111614531869,3.7612367973524155,missing
red1:lane1:snr10.0:seed4:frame7,10.0,7,profiled_cz,374,false,false,false,missing,false,true,gradient_only,1,1,16,1052,97,4.883700081030703,11.348247894617161,missing
red1:lane1:snr10.0:seed4:frame8,10.0,8,profiled_cz,379,false,false,false,missing,false,true,gradient_only,1,1,16,1048,125,1.4669632688328906,10.25520009585382,missing
red1:lane1:snr10.0:seed4:frame9,10.0,9,profiled_cz,304,false,false,false,missing,false,true,gradient_only,4,1,16,855,86,2.0187221373641084,5.328488590185228,missing
red1:lane1:snr10.0:seed4:frame10,10.0,10,profiled_cz,496,false,false,false,missing,false,true,gradient_only,6,1,16,1097,183,1.2820182215748468,18.27694631584766,missing
red1:lane1:snr10.0:seed4:frame11,10.0,11,profiled_cz,312,false,false,false,missing,false,true,gradient_only,1,1,16,872,71,2.6150192459296395,6.650892324233826,missing
red1:lane1:snr10.0:seed4:frame12,10.0,12,profiled_cz,168,false,false,false,missing,false,true,gradient_only,1,1,16,593,67,2.1845342228988334,3.4459320965972386,missing
red1:lane1:snr10.0:seed4:frame13,10.0,13,profiled_cz,463,false,false,false,missing,false,true,gradient_only,1,1,16,1114,151,2.4548516105392006,20.868124874955285,missing
red1:lane1:snr10.0:seed4:frame14,10.0,14,profiled_cz,435,false,false,false,missing,false,true,gradient_only,1,1,16,1177,136,2.026078874228962,9.140418027257864,missing
red1:lane1:snr10.0:seed4:frame15,10.0,15,profiled_cz,243,false,false,false,missing,false,true,gradient_only,1,1,16,777,74,1.8355967658785424,4.137877719608454,missing
red1:lane1:snr10.0:seed4:frame16,10.0,16,profiled_cz,194,false,false,false,missing,false,true,gradient_only,6,1,16,709,100,1.2109332136372977,104.8519157573142,missing
red1:lane1:snr10.0:seed4:frame17,10.0,17,profiled_cz,262,false,false,false,missing,false,true,gradient_only,1,1,16,859,65,1.711010962481057,4.823778783160014,missing
red1:lane1:snr10.0:seed4:frame18,10.0,18,profiled_cz,297,false,false,false,missing,false,true,gradient_only,1,1,16,766,82,1.587660910816255,8.13246025694289,missing
red1:lane1:snr10.0:seed4:frame19,10.0,19,profiled_cz,301,false,false,false,missing,false,true,gradient_only,1,1,16,822,62,2.1951145135648273,6.698498960434044,missing
red1:lane1:snr10.0:seed4:frame20,10.0,20,profiled_cz,201,false,false,false,missing,false,true,gradient_only,1,1,16,705,48,1.4638429855005015,8.061587714857382,missing
red1:lane1:snr10.0:seed4:frame21,10.0,21,profiled_cz,187,false,false,false,missing,false,true,gradient_only,1,1,16,576,53,3.48519948436527,11.716640817471225,missing
red1:lane1:snr10.0:seed4:frame22,10.0,22,profiled_cz,515,false,false,false,missing,false,true,gradient_only,1,1,16,1146,142,3.3856338048638257,39.93917005138356,missing
red1:lane1:snr10.0:seed4:frame23,10.0,23,profiled_cz,379,false,false,false,missing,false,true,gradient_only,1,1,16,1112,109,2.1824824695264895,7.9690924670378624,missing
red1:lane1:snr10.0:seed4:frame24,10.0,24,profiled_cz,246,false,false,false,missing,false,true,gradient_only,1,1,16,684,54,9.751251906663791,7.606336951241109,missing
red1:lane1:snr10.0:seed4:frame25,10.0,25,profiled_cz,148,false,false,false,missing,false,true,gradient_only,1,1,16,345,67,1.3709357529224644,8.717397209229887,missing
red1:lane1:snr10.0:seed4:frame26,10.0,26,profiled_cz,163,false,false,false,missing,false,true,gradient_only,3,1,16,650,92,1.3842158702257505,3.626221212485004,missing
red1:lane1:snr10.0:seed4:frame27,10.0,27,profiled_cz,330,false,false,false,missing,false,true,gradient_only,1,1,16,884,107,2.0512659455828604,11.169982822485228,missing
red1:lane1:snr10.0:seed4:frame28,10.0,28,profiled_cz,140,false,false,false,missing,false,true,gradient_only,1,1,16,469,48,1.5793463888006931,3.5723236592314365,missing
red1:lane1:snr10.0:seed4:frame29,10.0,29,profiled_cz,281,false,false,false,missing,false,true,gradient_only,6,1,16,855,101,1.3524446663614351,7.647108548179615,missing
red1:lane1:snr10.0:seed4:frame30,10.0,30,profiled_cz,376,false,false,false,missing,false,true,gradient_only,1,1,16,1137,161,2.1510222523506153,10.163928993748184,missing
red1:lane1:snr10.0:seed4:frame31,10.0,31,profiled_cz,401,false,false,false,missing,false,true,gradient_only,1,1,16,940,87,1.4003388205097693,13.301821269814933,missing
red1:lane1:snr10.0:seed4:frame32,10.0,32,profiled_cz,494,false,false,false,missing,false,true,gradient_only,1,1,16,1055,120,1.5440904874113026,32.39404725493943,missing
red1:lane1:snr10.0:seed4:frame33,10.0,33,profiled_cz,82,false,false,false,missing,false,true,gradient_only,1,1,16,301,13,1.4276439146168578,2.9980743470897293,missing
red1:lane1:snr10.0:seed4:frame34,10.0,34,profiled_cz,219,false,false,false,missing,false,true,gradient_only,1,1,16,581,63,2.824341747741051,5.128397920414553,missing
red1:lane1:snr10.0:seed4:frame35,10.0,35,profiled_cz,499,false,false,false,missing,false,true,gradient_only,5,1,16,1170,155,3.266828974276229,8.449748581836829,missing
red1:lane1:snr10.0:seed4:frame36,10.0,36,profiled_cz,344,false,false,false,missing,false,true,gradient_only,1,1,16,983,133,3.032349825893518,7.335621163568945,missing
red1:lane1:snr10.0:seed4:frame37,10.0,37,profiled_cz,147,false,false,false,missing,false,true,gradient_only,1,1,16,470,36,1.4726407778029174,3.149738445687371,missing
red1:lane1:snr10.0:seed4:frame38,10.0,38,profiled_cz,249,false,false,false,missing,false,true,gradient_only,1,1,16,633,87,2.1527746200768147,8.483417324565696,missing
red1:lane1:snr10.0:seed4:frame39,10.0,39,profiled_cz,117,false,false,false,missing,false,true,gradient_only,1,1,16,333,25,1.2153504253733431,2.6647074228740992,missing
red1:lane1:snr10.0:seed4:frame40,10.0,40,profiled_cz,201,false,false,false,missing,false,true,gradient_only,1,1,16,594,49,2.3315001877843953,6.025168296358722,missing
red1:lane1:snr10.0:seed4:frame41,10.0,41,profiled_cz,340,false,false,false,missing,false,true,gradient_only,1,1,16,940,91,2.8185589343644546,9.147761826477263,missing
red1:lane1:snr10.0:seed4:frame42,10.0,42,profiled_cz,243,false,false,false,missing,false,true,gradient_only,1,1,16,798,105,1.5609998418317597,17.580243338718393,missing
red1:lane1:snr10.0:seed4:frame43,10.0,43,profiled_cz,704,false,false,false,missing,false,true,gradient_only,6,1,16,1290,203,1.7405987854834075,198.7968858272101,missing
red1:lane1:snr10.0:seed4:frame44,10.0,44,profiled_cz,99,false,false,false,missing,false,true,gradient_only,1,1,16,330,31,1.049251741090906,2.9199224183419905,missing
red1:lane1:snr10.0:seed4:frame45,10.0,45,profiled_cz,184,false,false,false,missing,false,true,gradient_only,1,1,16,547,32,13.192200269036293,6.900194433397496,missing
red1:lane1:snr10.0:seed4:frame46,10.0,46,profiled_cz,401,false,false,false,missing,false,true,gradient_only,8,1,16,1040,77,1.480009773372453,65.63293293437528,missing
red1:lane1:snr10.0:seed4:frame47,10.0,47,profiled_cz,322,false,false,false,missing,false,true,gradient_only,6,1,16,964,185,3.5077772566573078,8.017360772238797,missing
red1:lane1:snr10.0:seed4:frame48,10.0,48,profiled_cz,139,false,false,false,missing,false,true,gradient_only,1,1,16,386,35,0.8014887587126265,5.367505170466152,missing
red1:lane1:snr10.0:seed4:frame49,10.0,49,profiled_cz,54,false,false,false,missing,false,true,gradient_only,1,1,16,246,20,2.18780193093619,36.82466069732103,missing
red1:lane1:snr10.0:seed4:frame50,10.0,50,profiled_cz,179,false,false,false,missing,false,true,gradient_only,1,1,16,517,63,8.654774306527209,6.2121283422507805,missing
red1:lane1:snr10.0:seed4:frame51,10.0,51,profiled_cz,244,false,false,false,missing,false,true,gradient_only,4,1,16,829,42,1.4080795727597264,4.343202055395088,missing
red1:lane1:snr10.0:seed4:frame52,10.0,52,profiled_cz,209,false,false,false,missing,false,true,gradient_only,1,1,16,622,51,1.6270730672990654,7.845559117447255,missing
red1:lane1:snr10.0:seed4:frame53,10.0,53,profiled_cz,217,false,false,false,missing,false,true,gradient_only,7,1,16,716,107,1.4414779356129248,5.750178149896349,missing
red1:lane1:snr10.0:seed4:frame54,10.0,54,profiled_cz,154,false,false,false,missing,false,true,gradient_only,1,1,16,587,38,1.0014560898327718,6.76228855647803,missing
red1:lane1:snr10.0:seed4:frame55,10.0,55,profiled_cz,224,false,false,false,missing,false,true,gradient_only,6,1,16,715,87,1.15810491817572,3.901161863859877,missing
red1:lane1:snr10.0:seed4:frame56,10.0,56,profiled_cz,137,false,false,false,missing,false,true,gradient_only,8,1,16,381,31,1.1769136275925658,3.673934740051103,missing
red1:lane1:snr10.0:seed4:frame57,10.0,57,profiled_cz,216,false,false,false,missing,false,true,gradient_only,4,1,16,765,121,1.4267466438036303,7.015390725555774,missing
red1:lane1:snr10.0:seed4:frame58,10.0,58,profiled_cz,167,false,false,false,missing,false,true,gradient_only,7,1,16,534,47,0.9513904781229675,56.484231167375086,missing
red1:lane1:snr10.0:seed4:frame59,10.0,59,profiled_cz,172,false,false,false,missing,false,true,gradient_only,1,1,16,517,52,1.0121511103236815,6.192620360939288,missing
red1:lane1:snr10.0:seed4:frame60,10.0,60,profiled_cz,319,false,false,false,missing,false,true,gradient_only,3,1,16,888,98,2.3165540368408695,7.045668969886328,missing
red1:lane1:snr12.0:seed4:frame1,12.0,1,cwz_joint,115,false,false,true,missing,false,true,gradient_only,8,1,16,287,0,1.165978107735498,82.69372332269018,missing
red1:lane1:snr12.0:seed4:frame2,12.0,2,cwz_joint,161,false,false,true,missing,false,true,gradient_only,8,1,16,454,0,1.8336801226449575,71.32958502850953,missing
red1:lane1:snr12.0:seed4:frame3,12.0,3,cwz_joint,252,false,false,true,missing,false,true,gradient_only,8,1,16,692,0,1.670563054708035,170.95207421774745,missing
red1:lane1:snr12.0:seed4:frame4,12.0,4,cwz_joint,312,false,false,true,missing,false,true,gradient_only,8,1,16,900,0,2.2389768170987736,178.72839921442664,missing
red1:lane1:snr12.0:seed4:frame5,12.0,5,cwz_joint,51,false,false,true,missing,false,true,gradient_only,8,1,16,216,0,1.4231402495485488,58.72438715400924,missing
red1:lane1:snr12.0:seed4:frame6,12.0,6,cwz_joint,178,false,false,true,missing,false,true,gradient_only,8,1,16,732,0,1.4139743273976895,58.5389761916806,missing
red1:lane1:snr12.0:seed4:frame7,12.0,7,cwz_joint,317,false,false,true,missing,false,true,gradient_only,8,1,16,830,0,1.624863220581344,111.19102477094289,missing
red1:lane1:snr12.0:seed4:frame8,12.0,8,cwz_joint,342,false,false,true,missing,false,true,gradient_only,8,1,16,1013,0,1.4408004030061123,138.2898906863979,missing
red1:lane1:snr12.0:seed4:frame9,12.0,9,cwz_joint,201,false,false,true,missing,false,true,gradient_only,8,1,16,679,0,1.4820377287487807,71.74446311847042,missing
red1:lane1:snr12.0:seed4:frame10,12.0,10,cwz_joint,404,false,false,true,missing,false,true,gradient_only,8,1,16,1046,0,1.28533788753673,83.73961603215254,missing
red1:lane1:snr12.0:seed4:frame11,12.0,11,cwz_joint,163,false,false,true,missing,false,true,gradient_only,8,1,16,600,0,1.131344305932802,109.11292184113606,missing
red1:lane1:snr12.0:seed4:frame12,12.0,12,cwz_joint,108,false,false,true,missing,false,true,gradient_only,8,1,16,370,0,4.013713568223694,53.234633042671874,missing
red1:lane1:snr12.0:seed4:frame13,12.0,13,cwz_joint,418,false,false,true,missing,false,true,gradient_only,8,1,16,1019,0,12.409065226086629,133.33777290230805,missing
red1:lane1:snr12.0:seed4:frame14,12.0,14,cwz_joint,335,false,false,true,missing,false,true,gradient_only,8,1,16,908,0,1.9802865090367832,88.68834228721533,missing
red1:lane1:snr12.0:seed4:frame15,12.0,15,cwz_joint,160,false,false,true,missing,false,true,gradient_only,8,1,16,504,0,2.0084925387973804,57.96582144273925,missing
red1:lane1:snr12.0:seed4:frame16,12.0,16,cwz_joint,149,false,false,true,missing,false,true,gradient_only,8,1,16,489,0,6.571792665070473,106.44111940257308,missing
red1:lane1:snr12.0:seed4:frame17,12.0,17,cwz_joint,172,false,false,true,missing,false,true,gradient_only,8,1,16,640,0,1.6720891354956535,63.46049432691642,missing
red1:lane1:snr12.0:seed4:frame18,12.0,18,cwz_joint,194,false,false,true,missing,false,true,gradient_only,8,1,16,668,0,1.5941363543232385,71.23823510291335,missing
red1:lane1:snr12.0:seed4:frame19,12.0,19,cwz_joint,212,false,false,true,missing,false,true,gradient_only,8,1,16,716,0,1.1960540675663087,68.67250082409407,missing
red1:lane1:snr12.0:seed4:frame20,12.0,20,cwz_joint,134,false,false,true,missing,false,true,gradient_only,8,1,16,417,0,4.643512083654714,81.83864225004919,missing
red1:lane1:snr12.0:seed4:frame21,12.0,21,cwz_joint,134,false,false,true,missing,false,true,gradient_only,8,1,16,337,0,4.108028063121121,59.9761974766452,missing
red1:lane1:snr12.0:seed4:frame22,12.0,22,cwz_joint,439,false,false,true,missing,false,true,gradient_only,8,1,16,981,0,1.6232500673307768,270.06539206665525,missing
red1:lane1:snr12.0:seed4:frame23,12.0,23,cwz_joint,320,false,false,true,missing,false,true,gradient_only,8,1,16,904,0,1.8896342144905256,97.02141391387404,missing
red1:lane1:snr12.0:seed4:frame24,12.0,24,cwz_joint,164,false,false,true,missing,false,true,gradient_only,8,1,16,495,0,1.3055582591836752,114.69160773311158,missing
red1:lane1:snr12.0:seed4:frame25,12.0,25,cwz_joint,74,false,false,true,missing,false,true,gradient_only,8,1,16,309,0,1.133165820093861,60.61041699752799,missing
red1:lane1:snr12.0:seed4:frame26,12.0,26,cwz_joint,92,false,false,true,missing,false,true,gradient_only,8,1,16,428,0,1.0617464165916726,50.31121007719941,missing
red1:lane1:snr12.0:seed4:frame27,12.0,27,cwz_joint,231,false,false,true,missing,false,true,gradient_only,8,1,16,671,0,1.6034524199479028,229.24594975503712,missing
red1:lane1:snr12.0:seed4:frame28,12.0,28,cwz_joint,84,false,false,true,missing,false,true,gradient_only,8,1,16,277,0,0.9343843927645594,52.24862459845735,missing
red1:lane1:snr12.0:seed4:frame29,12.0,29,cwz_joint,200,false,false,true,missing,false,true,gradient_only,8,1,16,693,0,0.9767148057424183,73.82835890729852,missing
red1:lane1:snr12.0:seed4:frame30,12.0,30,cwz_joint,278,false,false,true,missing,false,true,gradient_only,8,1,16,848,0,2.2687180686910318,145.30056716986024,missing
red1:lane1:snr12.0:seed4:frame31,12.0,31,cwz_joint,264,false,false,true,missing,false,true,gradient_only,8,1,16,748,0,1.0459423162494588,97.54577510695195,missing
red1:lane1:snr12.0:seed4:frame32,12.0,32,cwz_joint,417,false,false,true,missing,false,true,gradient_only,8,1,16,1023,0,1.1808495182234557,127.72291447942919,missing
red1:lane1:snr12.0:seed4:frame33,12.0,33,cwz_joint,46,false,false,true,missing,false,true,gradient_only,8,1,16,177,0,0.7353958248200839,47.171220272858655,missing
red1:lane1:snr12.0:seed4:frame34,12.0,34,cwz_joint,164,false,false,true,missing,false,true,gradient_only,8,1,16,417,0,4.639765066383648,105.32443730644434,missing
red1:lane1:snr12.0:seed4:frame35,12.0,35,cwz_joint,469,false,false,true,missing,false,true,gradient_only,8,1,16,1116,0,1.4343728378828122,56.97459249888193,missing
red1:lane1:snr12.0:seed4:frame36,12.0,36,cwz_joint,220,false,false,true,missing,false,true,gradient_only,8,1,16,649,0,1.9149955335160702,75.85438056855912,missing
red1:lane1:snr12.0:seed4:frame37,12.0,37,cwz_joint,61,false,false,true,missing,false,true,gradient_only,8,1,16,288,0,0.7854083307004528,35.77092161574194,missing
red1:lane1:snr12.0:seed4:frame38,12.0,38,cwz_joint,148,false,false,true,missing,false,true,gradient_only,8,1,16,426,0,1.5014000452448988,57.91657363535228,missing
red1:lane1:snr12.0:seed4:frame39,12.0,39,cwz_joint,43,false,false,true,missing,false,true,gradient_only,8,1,16,156,0,1.2685110497404413,46.124211639208816,missing
red1:lane1:snr12.0:seed4:frame40,12.0,40,cwz_joint,125,false,false,true,missing,false,true,gradient_only,8,1,16,427,0,1.1694584733461657,168.86630442406002,missing
red1:lane1:snr12.0:seed4:frame41,12.0,41,cwz_joint,237,false,false,true,missing,false,true,gradient_only,8,1,16,742,0,1.8306795343873747,73.16606333451165,missing
red1:lane1:snr12.0:seed4:frame42,12.0,42,cwz_joint,143,false,false,true,missing,false,true,gradient_only,8,1,16,561,0,1.280453236162079,107.97983130718939,missing
red1:lane1:snr12.0:seed4:frame43,12.0,43,cwz_joint,728,false,false,true,missing,false,true,gradient_only,8,1,16,1217,0,3.5949160053755516,802.7377200601919,missing
red1:lane1:snr12.0:seed4:frame44,12.0,44,cwz_joint,45,false,false,true,missing,false,true,gradient_only,8,1,16,219,0,0.8991081070878202,51.606831108282684,missing
red1:lane1:snr12.0:seed4:frame45,12.0,45,cwz_joint,93,false,false,true,missing,false,true,gradient_only,8,1,16,298,0,0.9561035600078881,52.18396369328064,missing
red1:lane1:snr12.0:seed4:frame46,12.0,46,cwz_joint,353,false,false,true,missing,false,true,gradient_only,8,1,16,1109,0,2.106836334885923,194.31870753501036,missing
red1:lane1:snr12.0:seed4:frame47,12.0,47,cwz_joint,209,false,false,true,missing,false,true,gradient_only,8,1,16,781,0,2.001441646528796,62.582622070402664,missing
red1:lane1:snr12.0:seed4:frame48,12.0,48,cwz_joint,75,false,false,true,missing,false,true,gradient_only,8,1,16,238,0,1.0749412264343763,83.36618716870086,missing
red1:lane1:snr12.0:seed4:frame49,12.0,49,cwz_joint,24,false,false,true,missing,false,true,gradient_only,8,1,16,137,0,1.695303232838692,82.69172840064797,missing
red1:lane1:snr12.0:seed4:frame50,12.0,50,cwz_joint,93,false,false,true,missing,false,true,gradient_only,8,1,16,360,0,2.0372648426400746,66.50933623557314,missing
red1:lane1:snr12.0:seed4:frame51,12.0,51,cwz_joint,128,false,false,true,missing,false,true,gradient_only,8,1,16,524,0,1.233812278311252,50.82149436877535,missing
red1:lane1:snr12.0:seed4:frame52,12.0,52,cwz_joint,146,false,false,true,missing,false,true,gradient_only,8,1,16,473,0,1.854845974177086,130.11632514135835,missing
red1:lane1:snr12.0:seed4:frame53,12.0,53,cwz_joint,117,false,false,true,missing,false,true,gradient_only,8,1,16,418,0,1.4148890953611966,95.69156207275937,missing
red1:lane1:snr12.0:seed4:frame54,12.0,54,cwz_joint,56,false,false,true,missing,false,true,gradient_only,8,1,16,256,0,1.277022305884986,62.416151207068204,missing
red1:lane1:snr12.0:seed4:frame55,12.0,55,cwz_joint,129,false,false,true,missing,false,true,gradient_only,8,1,16,452,0,1.1068704986959201,32.29836851173928,missing
red1:lane1:snr12.0:seed4:frame56,12.0,56,cwz_joint,73,false,false,true,missing,false,true,gradient_only,8,1,16,316,0,0.7386588502260321,44.72867436931816,missing
red1:lane1:snr12.0:seed4:frame57,12.0,57,cwz_joint,170,false,false,true,missing,false,true,gradient_only,8,1,16,532,0,4.121590856127755,74.44527483961127,missing
red1:lane1:snr12.0:seed4:frame58,12.0,58,cwz_joint,79,false,false,true,missing,false,true,gradient_only,8,1,16,270,0,1.4648831229038173,147.39956010378327,missing
red1:lane1:snr12.0:seed4:frame59,12.0,59,cwz_joint,83,false,false,true,missing,false,true,gradient_only,8,1,16,298,0,19.3840289098668,133.21901106928658,missing
red1:lane1:snr12.0:seed4:frame60,12.0,60,cwz_joint,188,false,false,true,missing,false,true,gradient_only,8,1,16,676,0,1.6245187021953327,77.44192692899226,missing
red1:lane1:snr12.0:seed4:frame1,12.0,1,profiled_cz,115,false,false,false,missing,false,true,gradient_only,1,1,16,287,30,1.165978107735498,4.283903170092012,missing
red1:lane1:snr12.0:seed4:frame2,12.0,2,profiled_cz,161,false,false,false,missing,false,true,gradient_only,1,1,16,454,32,1.8336801226449575,5.049400984119455,missing
red1:lane1:snr12.0:seed4:frame3,12.0,3,profiled_cz,250,false,false,false,missing,false,true,gradient_only,1,1,16,692,63,1.670563054708035,10.260735735223872,missing
red1:lane1:snr12.0:seed4:frame4,12.0,4,profiled_cz,314,false,false,false,missing,false,true,gradient_only,1,1,16,900,113,2.2389768170987736,13.949507791241732,missing
red1:lane1:snr12.0:seed4:frame5,12.0,5,profiled_cz,51,false,false,false,missing,false,true,gradient_only,1,1,16,216,17,1.4231402495485488,2.9315388367832678,missing
red1:lane1:snr12.0:seed4:frame6,12.0,6,profiled_cz,177,false,false,false,missing,false,true,gradient_only,7,1,16,732,65,1.4139743273976895,2.935483094897113,missing
red1:lane1:snr12.0:seed4:frame7,12.0,7,profiled_cz,317,false,false,false,missing,false,true,gradient_only,1,1,16,830,57,1.624863220581344,9.33093988567729,missing
red1:lane1:snr12.0:seed4:frame8,12.0,8,profiled_cz,338,false,false,false,missing,false,true,gradient_only,1,1,16,1013,88,1.4408004030061123,7.437187724828454,missing
red1:lane1:snr12.0:seed4:frame9,12.0,9,profiled_cz,202,false,false,false,missing,false,true,gradient_only,7,1,16,679,53,1.4820377287487807,4.418388156179299,missing
red1:lane1:snr12.0:seed4:frame10,12.0,10,profiled_cz,409,false,false,false,missing,false,true,gradient_only,1,1,16,1046,131,1.28533788753673,7.992366616116603,missing
red1:lane1:snr12.0:seed4:frame11,12.0,11,profiled_cz,163,false,false,false,missing,false,true,gradient_only,1,1,16,600,51,1.131344305932802,4.732744711281682,missing
red1:lane1:snr12.0:seed4:frame12,12.0,12,profiled_cz,108,false,false,false,missing,false,true,gradient_only,1,1,16,370,14,4.013713568223694,2.8756403215730932,missing
red1:lane1:snr12.0:seed4:frame13,12.0,13,profiled_cz,418,false,false,false,missing,false,true,gradient_only,1,1,16,1019,139,12.409065226086629,16.99841589510914,missing
red1:lane1:snr12.0:seed4:frame14,12.0,14,profiled_cz,337,false,false,false,missing,false,true,gradient_only,1,1,16,908,137,1.9802865090367832,5.904502766505468,missing
red1:lane1:snr12.0:seed4:frame15,12.0,15,profiled_cz,160,false,false,false,missing,false,true,gradient_only,1,1,16,504,53,2.0084925387973804,3.442474408812536,missing
red1:lane1:snr12.0:seed4:frame16,12.0,16,profiled_cz,149,false,false,false,missing,false,true,gradient_only,3,1,16,489,48,6.571792665070473,10.849113842106844,missing
red1:lane1:snr12.0:seed4:frame17,12.0,17,profiled_cz,171,false,false,false,missing,false,true,gradient_only,6,1,16,640,54,1.6720891354956535,3.056322759088073,missing
red1:lane1:snr12.0:seed4:frame18,12.0,18,profiled_cz,192,false,false,false,missing,false,true,gradient_only,2,1,16,668,86,1.5941363543232385,4.353927370754168,missing
red1:lane1:snr12.0:seed4:frame19,12.0,19,profiled_cz,211,false,false,false,missing,false,true,gradient_only,1,1,16,716,64,1.1960540675663087,4.565967836512566,missing
red1:lane1:snr12.0:seed4:frame20,12.0,20,profiled_cz,134,false,false,false,missing,false,true,gradient_only,1,1,16,417,35,4.643512083654714,5.239617191547257,missing
red1:lane1:snr12.0:seed4:frame21,12.0,21,profiled_cz,134,false,false,false,missing,false,true,gradient_only,1,1,16,337,30,4.108028063121121,4.807040776942664,missing
red1:lane1:snr12.0:seed4:frame22,12.0,22,profiled_cz,436,false,false,false,missing,false,true,gradient_only,1,1,16,981,127,1.6232500673307768,14.288681670964161,missing
red1:lane1:snr12.0:seed4:frame23,12.0,23,profiled_cz,323,false,false,false,missing,false,true,gradient_only,7,1,16,904,86,1.8896342144905256,5.8969543191457445,missing
red1:lane1:snr12.0:seed4:frame24,12.0,24,profiled_cz,164,false,false,false,missing,false,true,gradient_only,1,1,16,495,52,1.3055582591836752,5.569832813656477,missing
red1:lane1:snr12.0:seed4:frame25,12.0,25,profiled_cz,74,false,false,false,missing,false,true,gradient_only,1,1,16,309,28,1.133165820093861,3.7419459393810257,missing
red1:lane1:snr12.0:seed4:frame26,12.0,26,profiled_cz,91,false,false,false,missing,false,true,gradient_only,1,1,16,428,30,1.0617464165916726,2.5424005378507935,missing
red1:lane1:snr12.0:seed4:frame27,12.0,27,profiled_cz,232,false,false,false,missing,false,true,gradient_only,2,1,16,671,62,1.6034524199479028,5.923611113899845,missing
red1:lane1:snr12.0:seed4:frame28,12.0,28,profiled_cz,83,false,false,false,missing,false,true,gradient_only,1,1,16,277,30,0.9343843927645594,2.7981744509117044,missing
red1:lane1:snr12.0:seed4:frame29,12.0,29,profiled_cz,201,false,false,false,missing,false,true,gradient_only,1,1,16,693,59,0.9767148057424183,4.5414292618087515,missing
red1:lane1:snr12.0:seed4:frame30,12.0,30,profiled_cz,277,false,false,false,missing,false,true,gradient_only,7,1,16,848,66,2.2687180686910318,12.726507070072158,missing
red1:lane1:snr12.0:seed4:frame31,12.0,31,profiled_cz,262,false,false,false,missing,false,true,gradient_only,1,1,16,748,75,1.0459423162494588,7.846421875252801,missing
red1:lane1:snr12.0:seed4:frame32,12.0,32,profiled_cz,425,false,false,false,missing,false,true,gradient_only,1,1,16,1023,159,1.1808495182234557,19.12772814928979,missing
red1:lane1:snr12.0:seed4:frame33,12.0,33,profiled_cz,47,false,false,false,missing,false,true,gradient_only,1,1,16,177,20,0.7353958248200839,2.353324810297972,missing
red1:lane1:snr12.0:seed4:frame34,12.0,34,profiled_cz,163,false,false,false,missing,false,true,gradient_only,1,1,16,417,42,4.639765066383648,4.217797708694465,missing
red1:lane1:snr12.0:seed4:frame35,12.0,35,profiled_cz,470,false,false,false,missing,false,true,gradient_only,1,1,16,1116,119,1.4343728378828122,7.445892957430319,missing
red1:lane1:snr12.0:seed4:frame36,12.0,36,profiled_cz,220,false,false,false,missing,false,true,gradient_only,1,1,16,649,46,1.9149955335160702,4.374419081627024,missing
red1:lane1:snr12.0:seed4:frame37,12.0,37,profiled_cz,63,false,false,false,missing,false,true,gradient_only,1,1,16,288,20,0.7854083307004528,2.379604935254456,missing
red1:lane1:snr12.0:seed4:frame38,12.0,38,profiled_cz,148,false,false,false,missing,false,true,gradient_only,1,1,16,426,34,1.5014000452448988,5.672919624377602,missing
red1:lane1:snr12.0:seed4:frame39,12.0,39,profiled_cz,43,false,false,false,missing,false,true,gradient_only,1,1,16,156,6,1.2685110497404413,2.1344445842312996,missing
red1:lane1:snr12.0:seed4:frame40,12.0,40,profiled_cz,126,false,false,false,missing,false,true,gradient_only,1,1,16,427,38,1.1694584733461657,4.433816964280624,missing
red1:lane1:snr12.0:seed4:frame41,12.0,41,profiled_cz,239,false,false,false,missing,false,true,gradient_only,1,1,16,742,84,1.8306795343873747,5.484544406583967,missing
red1:lane1:snr12.0:seed4:frame42,12.0,42,profiled_cz,143,false,false,false,missing,false,true,gradient_only,1,1,16,561,64,1.280453236162079,8.905276722402586,missing
red1:lane1:snr12.0:seed4:frame43,12.0,43,profiled_cz,727,false,false,false,missing,false,true,gradient_only,6,1,16,1217,165,3.5949160053755516,547.7533769685558,missing
red1:lane1:snr12.0:seed4:frame44,12.0,44,profiled_cz,45,false,false,false,missing,false,true,gradient_only,1,1,16,219,20,0.8991081070878202,2.2673320614496713,missing
red1:lane1:snr12.0:seed4:frame45,12.0,45,profiled_cz,94,false,false,false,missing,false,true,gradient_only,1,1,16,298,23,0.9561035600078881,4.313440408790242,missing
red1:lane1:snr12.0:seed4:frame46,12.0,46,profiled_cz,356,false,false,false,missing,false,true,gradient_only,1,1,16,1109,140,2.106836334885923,18.900568456339247,missing
red1:lane1:snr12.0:seed4:frame47,12.0,47,profiled_cz,210,false,false,false,missing,false,true,gradient_only,1,1,16,781,79,2.001441646528796,6.310189786799511,missing
red1:lane1:snr12.0:seed4:frame48,12.0,48,profiled_cz,74,false,false,false,missing,false,true,gradient_only,1,1,16,238,7,1.0749412264343763,3.133684560643321,missing
red1:lane1:snr12.0:seed4:frame49,12.0,49,profiled_cz,24,false,false,true,missing,false,true,gradient_only,1,1,16,137,0,1.695303232838692,393.4925542968902,missing
red1:lane1:snr12.0:seed4:frame50,12.0,50,profiled_cz,94,false,false,false,missing,false,true,gradient_only,1,1,16,360,7,2.0372648426400746,4.973059101872647,missing
red1:lane1:snr12.0:seed4:frame51,12.0,51,profiled_cz,128,false,false,false,missing,false,true,gradient_only,5,1,16,524,31,1.233812278311252,3.1230945434241604,missing
red1:lane1:snr12.0:seed4:frame52,12.0,52,profiled_cz,145,false,false,false,missing,false,true,gradient_only,1,1,16,473,23,1.854845974177086,7.6213333654380255,missing
red1:lane1:snr12.0:seed4:frame53,12.0,53,profiled_cz,116,false,false,false,missing,false,true,gradient_only,1,1,16,418,49,1.4148890953611966,4.216538109980491,missing
red1:lane1:snr12.0:seed4:frame54,12.0,54,profiled_cz,56,false,false,false,missing,false,true,gradient_only,1,1,16,256,28,1.277022305884986,4.136208894745188,missing
red1:lane1:snr12.0:seed4:frame55,12.0,55,profiled_cz,129,false,false,false,missing,false,true,gradient_only,2,1,16,452,33,1.1068704986959201,2.73961223472534,missing
red1:lane1:snr12.0:seed4:frame56,12.0,56,profiled_cz,73,false,false,false,missing,false,true,gradient_only,1,1,16,316,26,0.7386588502260321,2.5177062694704833,missing
red1:lane1:snr12.0:seed4:frame57,12.0,57,profiled_cz,170,false,false,false,missing,false,true,gradient_only,1,1,16,532,48,4.121590856127755,5.662198373368782,missing
red1:lane1:snr12.0:seed4:frame58,12.0,58,profiled_cz,79,false,false,false,missing,false,true,gradient_only,1,1,16,270,36,1.4648831229038173,21.273785438328545,missing
red1:lane1:snr12.0:seed4:frame59,12.0,59,profiled_cz,82,false,false,false,missing,false,true,gradient_only,1,1,16,298,33,19.3840289098668,4.102527896515957,missing
red1:lane1:snr12.0:seed4:frame60,12.0,60,profiled_cz,188,false,false,false,missing,false,true,gradient_only,1,1,16,676,55,1.6245187021953327,4.888508779409155,missing
red1:lane1:snr14.0:seed4:frame1,14.0,1,cwz_joint,62,false,false,true,missing,false,true,gradient_only,8,1,16,221,0,0.6869661239905922,72.13237620168785,missing
red1:lane1:snr14.0:seed4:frame2,14.0,2,cwz_joint,98,false,false,true,missing,false,true,gradient_only,8,1,16,359,0,1.679243630644311,64.75005404967615,missing
red1:lane1:snr14.0:seed4:frame3,14.0,3,cwz_joint,170,false,false,true,missing,false,true,gradient_only,8,1,16,675,0,1.3991353722678532,83.94944846083031,missing
red1:lane1:snr14.0:seed4:frame4,14.0,4,cwz_joint,219,false,false,true,missing,false,true,gradient_only,8,1,16,715,0,2.005402791541406,123.70497683963644,missing
red1:lane1:snr14.0:seed4:frame5,14.0,5,cwz_joint,26,false,false,true,missing,false,true,gradient_only,8,1,16,106,0,0.9287852063692393,52.97618312927749,missing
red1:lane1:snr14.0:seed4:frame6,14.0,6,cwz_joint,101,false,false,true,missing,false,true,gradient_only,8,1,16,363,0,0.960341478716485,52.35216709387539,missing
red1:lane1:snr14.0:seed4:frame7,14.0,7,cwz_joint,266,false,false,true,missing,false,true,gradient_only,8,1,16,835,0,1.9316004348732478,96.16171923881183,missing
red1:lane1:snr14.0:seed4:frame8,14.0,8,cwz_joint,277,false,false,true,missing,false,true,gradient_only,8,1,16,767,0,1.6130874370061636,118.25640899904784,missing
red1:lane1:snr14.0:seed4:frame9,14.0,9,cwz_joint,137,false,false,true,missing,false,true,gradient_only,8,1,16,433,0,0.6811449396132835,61.79641347804713,missing
red1:lane1:snr14.0:seed4:frame10,14.0,10,cwz_joint,313,false,false,true,missing,false,true,gradient_only,8,1,16,908,0,3.8561979830753543,69.36168550494205,missing
red1:lane1:snr14.0:seed4:frame11,14.0,11,cwz_joint,112,false,false,true,missing,false,true,gradient_only,8,1,16,340,0,0.9372069344674507,81.62128151631552,missing
red1:lane1:snr14.0:seed4:frame12,14.0,12,cwz_joint,60,false,false,true,missing,false,true,gradient_only,8,1,16,228,0,1.037353142321119,48.852800454590195,missing
red1:lane1:snr14.0:seed4:frame13,14.0,13,cwz_joint,376,false,false,true,missing,false,true,gradient_only,8,1,16,1016,0,1.875671668454889,104.43791948850222,missing
red1:lane1:snr14.0:seed4:frame14,14.0,14,cwz_joint,254,false,false,true,missing,false,true,gradient_only,8,1,16,614,0,2.3454017908018328,75.5836203436157,missing
red1:lane1:snr14.0:seed4:frame15,14.0,15,cwz_joint,123,false,false,true,missing,false,true,gradient_only,8,1,16,389,0,1.2810637986784206,52.421300241295285,missing
red1:lane1:snr14.0:seed4:frame16,14.0,16,cwz_joint,103,false,false,true,missing,false,true,gradient_only,8,1,16,418,0,1.0167035325440223,144.35015659088083,missing
red1:lane1:snr14.0:seed4:frame17,14.0,17,cwz_joint,104,false,false,true,missing,false,true,gradient_only,8,1,16,357,0,1.8317166583494386,53.40527404592001,missing
red1:lane1:snr14.0:seed4:frame18,14.0,18,cwz_joint,156,false,false,true,missing,false,true,gradient_only,8,1,16,489,0,1.547006750508004,60.32333609090066,missing
red1:lane1:snr14.0:seed4:frame19,14.0,19,cwz_joint,137,false,false,true,missing,false,true,gradient_only,8,1,16,401,0,13.983301415640492,58.317930413888334,missing
red1:lane1:snr14.0:seed4:frame20,14.0,20,cwz_joint,70,false,false,true,missing,false,true,gradient_only,8,1,16,296,0,1.0330930191574244,60.42058570921672,missing
red1:lane1:snr14.0:seed4:frame21,14.0,21,cwz_joint,69,false,false,true,missing,false,true,gradient_only,8,1,16,201,0,1.4095173916208972,54.86168055738223,missing
red1:lane1:snr14.0:seed4:frame22,14.0,22,cwz_joint,360,false,false,true,missing,false,true,gradient_only,8,1,16,1010,0,1.541070029279953,172.5562763943452,missing
red1:lane1:snr14.0:seed4:frame23,14.0,23,cwz_joint,224,false,false,true,missing,false,true,gradient_only,8,1,16,702,0,2.1911032508395554,77.27519881869985,missing
red1:lane1:snr14.0:seed4:frame24,14.0,24,cwz_joint,111,false,false,true,missing,false,true,gradient_only,8,1,16,410,0,1.013777954901943,100.01812995668469,missing
red1:lane1:snr14.0:seed4:frame25,14.0,25,cwz_joint,48,false,false,true,missing,false,true,gradient_only,8,1,16,163,0,1.6487513379464513,54.864027561582745,missing
red1:lane1:snr14.0:seed4:frame26,14.0,26,cwz_joint,54,false,false,true,missing,false,true,gradient_only,8,1,16,275,0,1.3933052078617398,43.708094554151344,missing
red1:lane1:snr14.0:seed4:frame27,14.0,27,cwz_joint,141,false,false,true,missing,false,true,gradient_only,8,1,16,475,0,1.1816881848228586,70.17264308053633,missing
red1:lane1:snr14.0:seed4:frame28,14.0,28,cwz_joint,48,false,false,true,missing,false,true,gradient_only,8,1,16,157,0,1.5277195270825126,45.16377361078542,missing
red1:lane1:snr14.0:seed4:frame29,14.0,29,cwz_joint,111,false,false,true,missing,false,true,gradient_only,8,1,16,415,0,0.7592700927844841,60.181660018788776,missing
red1:lane1:snr14.0:seed4:frame30,14.0,30,cwz_joint,217,false,false,true,missing,false,true,gradient_only,8,1,16,638,0,1.3164707871080077,210.30854746943984,missing
red1:lane1:snr14.0:seed4:frame31,14.0,31,cwz_joint,171,false,false,true,missing,false,true,gradient_only,8,1,16,483,0,1.639284027928765,71.42959450104613,missing
red1:lane1:snr14.0:seed4:frame32,14.0,32,cwz_joint,296,false,false,true,missing,false,true,gradient_only,8,1,16,890,0,1.1474180734172568,96.79571981763124,missing
red1:lane1:snr14.0:seed4:frame33,14.0,33,cwz_joint,13,false,false,true,missing,false,true,gradient_only,8,1,16,116,0,0.5830770599919461,37.389494357614986,missing
red1:lane1:snr14.0:seed4:frame34,14.0,34,cwz_joint,112,false,false,true,missing,false,true,gradient_only,8,1,16,310,0,1.8489856596496153,71.4734713038298,missing
red1:lane1:snr14.0:seed4:frame35,14.0,35,cwz_joint,396,false,false,true,missing,false,true,gradient_only,8,1,16,1133,0,2.1741125254280496,50.658674679059715,missing
red1:lane1:snr14.0:seed4:frame36,14.0,36,cwz_joint,133,false,false,true,missing,false,true,gradient_only,8,1,16,511,0,37.30494535787782,63.88131434414995,missing
red1:lane1:snr14.0:seed4:frame37,14.0,37,cwz_joint,32,false,false,true,missing,false,true,gradient_only,8,1,16,173,0,2.3913767096300287,31.54454858176224,missing
red1:lane1:snr14.0:seed4:frame38,14.0,38,cwz_joint,93,false,false,true,missing,false,true,gradient_only,8,1,16,238,0,1.3852896590631973,47.830135295479806,missing
red1:lane1:snr14.0:seed4:frame39,14.0,39,cwz_joint,18,false,false,true,missing,false,true,gradient_only,8,1,16,114,0,0.5998358303377562,38.22003360673689,missing
red1:lane1:snr14.0:seed4:frame40,14.0,40,cwz_joint,69,false,false,true,missing,false,true,gradient_only,8,1,16,240,0,0.8679862278729062,86.6596570887349,missing
red1:lane1:snr14.0:seed4:frame41,14.0,41,cwz_joint,140,false,false,true,missing,false,true,gradient_only,8,1,16,563,0,2.125250820246841,56.882282542342736,missing
red1:lane1:snr14.0:seed4:frame42,14.0,42,cwz_joint,84,false,false,true,missing,false,true,gradient_only,8,1,16,338,0,0.8637846149237317,105.67966568693066,missing
red1:lane1:snr14.0:seed4:frame43,14.0,43,cwz_joint,718,false,false,true,missing,false,true,gradient_only,8,1,16,1354,0,3.287928317673677,345.6419610646018,missing
red1:lane1:snr14.0:seed4:frame44,14.0,44,cwz_joint,31,false,false,true,missing,false,true,gradient_only,8,1,16,140,0,0.7029759927757809,43.45607362649807,missing
red1:lane1:snr14.0:seed4:frame45,14.0,45,cwz_joint,51,false,false,true,missing,false,true,gradient_only,8,1,16,195,0,1.3046189861129842,48.939187195055915,missing
red1:lane1:snr14.0:seed4:frame46,14.0,46,cwz_joint,266,false,false,true,missing,false,true,gradient_only,8,1,16,833,0,2.0012172962927246,943.6575911792291,missing
red1:lane1:snr14.0:seed4:frame47,14.0,47,cwz_joint,112,false,false,true,missing,false,true,gradient_only,8,1,16,398,0,2.6074423155098203,47.362243209519505,missing
red1:lane1:snr14.0:seed4:frame48,14.0,48,cwz_joint,32,false,false,true,missing,false,true,gradient_only,8,1,16,141,0,0.8214039142314217,54.56454023579927,missing
red1:lane1:snr14.0:seed4:frame49,14.0,49,cwz_joint,15,false,false,true,missing,false,true,gradient_only,8,1,16,85,0,1.161954423474708,69.48586140352405,missing
red1:lane1:snr14.0:seed4:frame50,14.0,50,cwz_joint,44,false,false,true,missing,false,true,gradient_only,8,1,16,206,0,1.0297764045973095,56.65910627852175,missing
red1:lane1:snr14.0:seed4:frame51,14.0,51,cwz_joint,68,false,false,false,missing,false,true,gradient_only,8,1,16,305,2,2.0911057494408016,41.55060831509317,missing
red1:lane1:snr14.0:seed4:frame52,14.0,52,cwz_joint,70,false,false,true,missing,false,true,gradient_only,8,1,16,324,0,1.2523360237006491,100.03672284099721,missing
red1:lane1:snr14.0:seed4:frame53,14.0,53,cwz_joint,75,false,false,true,missing,false,true,gradient_only,8,1,16,259,0,0.7793287803553943,121.57877621844267,missing
red1:lane1:snr14.0:seed4:frame54,14.0,54,cwz_joint,33,false,false,true,missing,false,true,gradient_only,8,1,16,111,0,1.3002710494929155,43.88968695233775,missing
red1:lane1:snr14.0:seed4:frame55,14.0,55,cwz_joint,78,false,false,true,missing,false,true,gradient_only,8,1,16,271,0,9.44147703248323,25.9571662143793,missing
red1:lane1:snr14.0:seed4:frame56,14.0,56,cwz_joint,48,false,false,true,missing,false,true,gradient_only,8,1,16,270,0,1.045063404136239,38.104339490238395,missing
red1:lane1:snr14.0:seed4:frame57,14.0,57,cwz_joint,97,false,false,true,missing,false,true,gradient_only,8,1,16,339,0,1.227796368968447,58.81573193084127,missing
red1:lane1:snr14.0:seed4:frame58,14.0,58,cwz_joint,33,false,false,true,missing,false,true,gradient_only,8,1,16,163,0,0.6384953502194981,164.7068225698715,missing
red1:lane1:snr14.0:seed4:frame59,14.0,59,cwz_joint,40,false,false,true,missing,false,true,gradient_only,8,1,16,184,0,1.026933576916211,75.51733465728582,missing
red1:lane1:snr14.0:seed4:frame60,14.0,60,cwz_joint,94,false,false,true,missing,false,true,gradient_only,8,1,16,372,0,2.0628542549082542,61.107299186334885,missing
red1:lane1:snr14.0:seed4:frame1,14.0,1,profiled_cz,64,false,false,false,missing,false,true,gradient_only,1,1,16,221,25,0.6869661239905922,3.8975831584373903,missing
red1:lane1:snr14.0:seed4:frame2,14.0,2,profiled_cz,98,false,false,false,missing,false,true,gradient_only,1,1,16,359,27,1.679243630644311,3.4130535382627563,missing
red1:lane1:snr14.0:seed4:frame3,14.0,3,profiled_cz,175,false,false,false,missing,false,true,gradient_only,7,1,16,675,108,1.3991353722678532,4.214134013172109,missing
red1:lane1:snr14.0:seed4:frame4,14.0,4,profiled_cz,216,false,false,false,missing,false,true,gradient_only,1,1,16,715,104,2.005402791541406,6.626606664354643,missing
red1:lane1:snr14.0:seed4:frame5,14.0,5,profiled_cz,26,false,false,false,missing,false,true,gradient_only,1,1,16,106,3,0.9287852063692393,2.588998831522961,missing
red1:lane1:snr14.0:seed4:frame6,14.0,6,profiled_cz,100,false,false,false,missing,false,true,gradient_only,1,1,16,363,47,0.960341478716485,2.624914787475159,missing
red1:lane1:snr14.0:seed4:frame7,14.0,7,profiled_cz,266,false,false,false,missing,false,true,gradient_only,1,1,16,835,74,1.9316004348732478,6.302049646494095,missing
red1:lane1:snr14.0:seed4:frame8,14.0,8,profiled_cz,276,false,false,false,missing,false,true,gradient_only,1,1,16,767,58,1.6130874370061636,7.558244679403997,missing
red1:lane1:snr14.0:seed4:frame9,14.0,9,profiled_cz,137,false,false,false,missing,false,true,gradient_only,1,1,16,433,16,0.6811449396132835,3.648838087046088,missing
red1:lane1:snr14.0:seed4:frame10,14.0,10,profiled_cz,312,false,false,false,missing,false,true,gradient_only,1,1,16,908,87,3.8561979830753543,5.578096430765509,missing
red1:lane1:snr14.0:seed4:frame11,14.0,11,profiled_cz,112,false,false,false,missing,false,true,gradient_only,1,1,16,340,22,0.9372069344674507,4.007985685025071,missing
red1:lane1:snr14.0:seed4:frame12,14.0,12,profiled_cz,60,false,false,false,missing,false,true,gradient_only,1,1,16,228,16,1.037353142321119,2.4974106039999877,missing
red1:lane1:snr14.0:seed4:frame13,14.0,13,profiled_cz,379,false,false,false,missing,false,true,gradient_only,1,1,16,1016,131,1.875671668454889,6.214920138985823,missing
red1:lane1:snr14.0:seed4:frame14,14.0,14,profiled_cz,253,false,false,false,missing,false,true,gradient_only,1,1,16,614,89,2.3454017908018328,4.781210369955572,missing
red1:lane1:snr14.0:seed4:frame15,14.0,15,profiled_cz,123,false,false,false,missing,false,true,gradient_only,1,1,16,389,45,1.2810637986784206,2.9817912153956785,missing
red1:lane1:snr14.0:seed4:frame16,14.0,16,profiled_cz,103,false,false,false,missing,false,true,gradient_only,1,1,16,418,27,1.0167035325440223,5.712496843370967,missing
red1:lane1:snr14.0:seed4:frame17,14.0,17,profiled_cz,103,false,false,false,missing,false,true,gradient_only,8,1,16,357,53,1.8317166583494386,2.905758932364849,missing
red1:lane1:snr14.0:seed4:frame18,14.0,18,profiled_cz,156,false,false,false,missing,false,true,gradient_only,1,1,16,489,80,1.547006750508004,3.0948004432916365,missing
red1:lane1:snr14.0:seed4:frame19,14.0,19,profiled_cz,137,false,false,false,missing,false,true,gradient_only,1,1,16,401,61,13.983301415640492,3.446209317946166,missing
red1:lane1:snr14.0:seed4:frame20,14.0,20,profiled_cz,70,false,false,false,missing,false,true,gradient_only,2,1,16,296,19,1.0330930191574244,4.293905160256867,missing
red1:lane1:snr14.0:seed4:frame21,14.0,21,profiled_cz,69,false,false,false,missing,false,true,gradient_only,1,1,16,201,18,1.4095173916208972,4.825202948702707,missing
red1:lane1:snr14.0:seed4:frame22,14.0,22,profiled_cz,358,false,false,false,missing,false,true,gradient_only,4,1,16,1010,99,1.541070029279953,9.882205160626263,missing
red1:lane1:snr14.0:seed4:frame23,14.0,23,profiled_cz,224,false,false,false,missing,false,true,gradient_only,1,1,16,702,46,2.1911032508395554,4.379239582672591,missing
red1:lane1:snr14.0:seed4:frame24,14.0,24,profiled_cz,111,false,false,false,missing,false,true,gradient_only,3,1,16,410,20,1.013777954901943,6.258220317584086,missing
red1:lane1:snr14.0:seed4:frame25,14.0,25,profiled_cz,48,false,false,false,missing,false,true,gradient_only,1,1,16,163,13,1.6487513379464513,2.3239694717382102,missing
red1:lane1:snr14.0:seed4:frame26,14.0,26,profiled_cz,55,false,false,false,missing,false,true,gradient_only,1,1,16,275,34,1.3933052078617398,2.12280746187882,missing
red1:lane1:snr14.0:seed4:frame27,14.0,27,profiled_cz,141,false,false,false,missing,false,true,gradient_only,1,1,16,475,37,1.1816881848228586,4.669349194368995,missing
red1:lane1:snr14.0:seed4:frame28,14.0,28,profiled_cz,48,false,false,false,missing,false,true,gradient_only,1,1,16,157,8,1.5277195270825126,2.436633821359151,missing
red1:lane1:snr14.0:seed4:frame29,14.0,29,profiled_cz,110,false,false,false,missing,false,true,gradient_only,1,1,16,415,58,0.7592700927844841,3.89859095103777,missing
red1:lane1:snr14.0:seed4:frame30,14.0,30,profiled_cz,216,false,false,false,missing,false,true,gradient_only,1,1,16,638,79,1.3164707871080077,5.1609662378050505,missing
red1:lane1:snr14.0:seed4:frame31,14.0,31,profiled_cz,172,false,false,false,missing,false,true,gradient_only,1,1,16,483,65,1.639284027928765,4.473536362174107,missing
red1:lane1:snr14.0:seed4:frame32,14.0,32,profiled_cz,293,false,false,false,missing,false,true,gradient_only,1,1,16,890,92,1.1474180734172568,8.103121470101833,missing
red1:lane1:snr14.0:seed4:frame33,14.0,33,profiled_cz,13,false,false,false,missing,false,true,gradient_only,1,1,16,116,10,0.5830770599919461,1.9114628773794502,missing
red1:lane1:snr14.0:seed4:frame34,14.0,34,profiled_cz,111,false,false,false,missing,false,true,gradient_only,1,1,16,310,27,1.8489856596496153,3.1579559069764684,missing
red1:lane1:snr14.0:seed4:frame35,14.0,35,profiled_cz,398,false,false,false,missing,false,true,gradient_only,5,1,16,1133,131,2.1741125254280496,5.343212845195417,missing
red1:lane1:snr14.0:seed4:frame36,14.0,36,profiled_cz,134,false,false,false,missing,false,true,gradient_only,1,1,16,511,56,37.30494535787782,3.6407247216086396,missing
red1:lane1:snr14.0:seed4:frame37,14.0,37,profiled_cz,31,false,false,false,missing,false,true,gradient_only,1,1,16,173,9,2.3913767096300287,2.1532508751118233,missing
red1:lane1:snr14.0:seed4:frame38,14.0,38,profiled_cz,93,false,false,false,missing,false,true,gradient_only,1,1,16,238,16,1.3852896590631973,3.3657131675014265,missing
red1:lane1:snr14.0:seed4:frame39,14.0,39,profiled_cz,18,false,false,false,missing,false,true,gradient_only,1,1,16,114,6,0.5998358303377562,1.716345670219119,missing
red1:lane1:snr14.0:seed4:frame40,14.0,40,profiled_cz,69,false,false,false,missing,false,true,gradient_only,1,1,16,240,21,0.8679862278729062,3.5873992008353786,missing
red1:lane1:snr14.0:seed4:frame41,14.0,41,profiled_cz,139,false,false,false,missing,false,true,gradient_only,1,1,16,563,26,2.125250820246841,4.003190070061006,missing
red1:lane1:snr14.0:seed4:frame42,14.0,42,profiled_cz,84,false,false,false,missing,false,true,gradient_only,1,1,16,338,35,0.8637846149237317,5.703120492255271,missing
red1:lane1:snr14.0:seed4:frame43,14.0,43,profiled_cz,716,false,false,false,missing,false,true,gradient_only,1,1,16,1354,107,3.287928317673677,48.75766407256969,missing
red1:lane1:snr14.0:seed4:frame44,14.0,44,profiled_cz,32,false,false,false,missing,false,true,gradient_only,1,1,16,140,10,0.7029759927757809,2.0055305948850157,missing
red1:lane1:snr14.0:seed4:frame45,14.0,45,profiled_cz,51,false,false,false,missing,false,true,gradient_only,8,1,16,195,18,1.3046189861129842,5.52034920485536,missing
red1:lane1:snr14.0:seed4:frame46,14.0,46,profiled_cz,266,false,false,false,missing,false,true,gradient_only,1,1,16,833,80,2.0012172962927246,5.679083876176581,missing
red1:lane1:snr14.0:seed4:frame47,14.0,47,profiled_cz,112,false,false,false,missing,false,true,gradient_only,1,1,16,398,30,2.6074423155098203,3.894589562565476,missing
red1:lane1:snr14.0:seed4:frame48,14.0,48,profiled_cz,32,false,false,false,missing,false,true,gradient_only,1,1,16,141,13,0.8214039142314217,2.4270799393891753,missing
red1:lane1:snr14.0:seed4:frame49,14.0,49,profiled_cz,15,false,false,false,missing,false,true,gradient_only,1,1,16,85,4,1.161954423474708,18.553631393950486,missing
red1:lane1:snr14.0:seed4:frame50,14.0,50,profiled_cz,44,false,false,false,missing,false,true,gradient_only,1,1,16,206,7,1.0297764045973095,4.0869005116774035,missing
red1:lane1:snr14.0:seed4:frame51,14.0,51,profiled_cz,69,false,false,false,missing,false,true,gradient_only,1,1,16,305,18,2.0911057494408016,2.4696658075197195,missing
red1:lane1:snr14.0:seed4:frame52,14.0,52,profiled_cz,69,false,false,false,missing,false,true,gradient_only,1,1,16,324,30,1.2523360237006491,7.619434214253707,missing
red1:lane1:snr14.0:seed4:frame53,14.0,53,profiled_cz,75,false,false,false,missing,false,true,gradient_only,1,1,16,259,17,0.7793287803553943,2.808929324627057,missing
red1:lane1:snr14.0:seed4:frame54,14.0,54,profiled_cz,33,false,false,false,missing,false,true,gradient_only,1,1,16,111,10,1.3002710494929155,2.8859672824077993,missing
red1:lane1:snr14.0:seed4:frame55,14.0,55,profiled_cz,78,false,false,false,missing,false,true,gradient_only,1,1,16,271,9,9.44147703248323,1.9448238485984588,missing
red1:lane1:snr14.0:seed4:frame56,14.0,56,profiled_cz,47,false,false,false,missing,false,true,gradient_only,1,1,16,270,17,1.045063404136239,2.0952188376113257,missing
red1:lane1:snr14.0:seed4:frame57,14.0,57,profiled_cz,96,false,false,false,missing,false,true,gradient_only,1,1,16,339,42,1.227796368968447,3.6848235989083586,missing
red1:lane1:snr14.0:seed4:frame58,14.0,58,profiled_cz,33,false,false,false,missing,false,true,gradient_only,1,1,16,163,29,0.6384953502194981,9.848041231017502,missing
red1:lane1:snr14.0:seed4:frame59,14.0,59,profiled_cz,40,false,false,false,missing,false,true,gradient_only,1,1,16,184,10,1.026933576916211,2.949851279883615,missing
red1:lane1:snr14.0:seed4:frame60,14.0,60,profiled_cz,94,false,false,false,missing,false,true,gradient_only,1,1,16,372,35,2.0628542549082542,3.3691988707853326,missing
red1:lane1:snr16.0:seed4:frame1,16.0,1,cwz_joint,32,false,false,true,missing,false,true,gradient_only,8,1,16,151,0,1.4421080656406153,65.87606547549936,missing
red1:lane1:snr16.0:seed4:frame2,16.0,2,cwz_joint,65,false,false,true,missing,false,true,gradient_only,8,1,16,206,0,1.3736256768383233,60.93622921168369,missing
red1:lane1:snr16.0:seed4:frame3,16.0,3,cwz_joint,95,false,false,true,missing,false,true,gradient_only,8,1,16,414,0,0.8249372653739441,66.53188701196001,missing
red1:lane1:snr16.0:seed4:frame4,16.0,4,cwz_joint,164,false,false,true,missing,false,true,gradient_only,8,1,16,494,0,2.088628670667515,94.49691208096692,missing
red1:lane1:snr16.0:seed4:frame5,16.0,5,cwz_joint,22,false,false,true,missing,false,true,gradient_only,8,1,16,94,0,0.7053236183706684,49.47151652319573,missing
red1:lane1:snr16.0:seed4:frame6,16.0,6,cwz_joint,89,false,false,true,missing,false,true,gradient_only,8,1,16,274,0,1.4486671239558946,48.63454971715212,missing
red1:lane1:snr16.0:seed4:frame7,16.0,7,cwz_joint,217,false,false,true,missing,false,true,gradient_only,8,1,16,651,0,2.1003768194441292,86.99644117115932,missing
red1:lane1:snr16.0:seed4:frame8,16.0,8,cwz_joint,201,false,false,true,missing,false,true,gradient_only,8,1,16,619,0,1.4860602097099338,106.3180811195664,missing
red1:lane1:snr16.0:seed4:frame9,16.0,9,cwz_joint,103,false,false,true,missing,false,true,gradient_only,8,1,16,316,0,0.8463718452698712,55.7864670799617,missing
red1:lane1:snr16.0:seed4:frame10,16.0,10,cwz_joint,148,false,false,true,missing,false,true,gradient_only,8,1,16,594,0,5.286653238378527,60.335628338944574,missing
red1:lane1:snr16.0:seed4:frame11,16.0,11,cwz_joint,55,false,false,true,missing,false,true,gradient_only,8,1,16,196,0,4.8828699342535415,66.9359430538032,missing
red1:lane1:snr16.0:seed4:frame12,16.0,12,cwz_joint,55,false,false,true,missing,false,true,gradient_only,8,1,16,184,0,1.1134189445960982,46.20008789280304,missing
red1:lane1:snr16.0:seed4:frame13,16.0,13,cwz_joint,334,false,false,true,missing,false,true,gradient_only,8,1,16,802,0,2.0267247574318827,87.66882829411684,missing
red1:lane1:snr16.0:seed4:frame14,16.0,14,cwz_joint,225,false,false,true,missing,false,true,gradient_only,8,1,16,629,0,1.4935471006624503,68.04428853435351,missing
red1:lane1:snr16.0:seed4:frame15,16.0,15,cwz_joint,65,false,false,true,missing,false,true,gradient_only,8,1,16,291,0,2.03189203402259,48.952143064872836,missing
red1:lane1:snr16.0:seed4:frame16,16.0,16,cwz_joint,88,false,false,true,missing,false,true,gradient_only,8,1,16,322,0,1.152370929296818,408.0815432624402,missing
red1:lane1:snr16.0:seed4:frame17,16.0,17,cwz_joint,65,false,false,true,missing,false,true,gradient_only,8,1,16,248,0,1.6535651562556963,47.819591073682396,missing
red1:lane1:snr16.0:seed4:frame18,16.0,18,cwz_joint,101,false,false,true,missing,false,true,gradient_only,8,1,16,311,0,1.3107687404768291,53.38433942231271,missing
red1:lane1:snr16.0:seed4:frame19,16.0,19,cwz_joint,76,false,false,true,missing,false,true,gradient_only,8,1,16,275,0,0.869222103429634,52.158149503198196,missing
red1:lane1:snr16.0:seed4:frame20,16.0,20,cwz_joint,34,false,false,true,missing,false,true,gradient_only,8,1,16,198,0,1.5693623608047589,48.8853714687206,missing
red1:lane1:snr16.0:seed4:frame21,16.0,21,cwz_joint,52,false,false,true,missing,false,true,gradient_only,8,1,16,194,0,0.9871174615093581,51.01325072901068,missing
red1:lane1:snr16.0:seed4:frame22,16.0,22,cwz_joint,292,false,false,true,missing,false,true,gradient_only,8,1,16,961,0,1.5892831208995857,121.64977487136213,missing
red1:lane1:snr16.0:seed4:frame23,16.0,23,cwz_joint,157,false,false,true,missing,false,true,gradient_only,8,1,16,637,0,1.910015358447448,65.20736122793869,missing
red1:lane1:snr16.0:seed4:frame24,16.0,24,cwz_joint,64,false,false,true,missing,false,true,gradient_only,8,1,16,271,0,1.044591480712609,92.27132755209288,missing
red1:lane1:snr16.0:seed4:frame25,16.0,25,cwz_joint,32,false,false,true,missing,false,true,gradient_only,8,1,16,106,0,0.6268757114955874,44.229481668284585,missing
red1:lane1:snr16.0:seed4:frame26,16.0,26,cwz_joint,36,false,false,true,missing,false,true,gradient_only,8,1,16,143,0,1.0266370953302022,39.234229582014514,missing
red1:lane1:snr16.0:seed4:frame27,16.0,27,cwz_joint,79,false,false,true,missing,false,true,gradient_only,8,1,16,274,0,7.394857920249582,52.9095291548948,missing
red1:lane1:snr16.0:seed4:frame28,16.0,28,cwz_joint,37,false,false,true,missing,false,true,gradient_only,8,1,16,124,0,1.4989475831655612,40.93973381677543,missing
red1:lane1:snr16.0:seed4:frame29,16.0,29,cwz_joint,60,false,false,true,missing,false,true,gradient_only,8,1,16,270,0,0.7828094312933513,52.78283019304688,missing
red1:lane1:snr16.0:seed4:frame30,16.0,30,cwz_joint,160,false,false,true,missing,false,true,gradient_only,8,1,16,497,0,0.9727397874775232,84.50566103690412,missing
red1:lane1:snr16.0:seed4:frame31,16.0,31,cwz_joint,70,false,false,true,missing,false,true,gradient_only,8,1,16,295,0,0.6447811479573292,55.43225066905493,missing
red1:lane1:snr16.0:seed4:frame32,16.0,32,cwz_joint,147,false,false,true,missing,false,true,gradient_only,8,1,16,531,0,1.1683764529132832,76.88251517259626,missing
red1:lane1:snr16.0:seed4:frame33,16.0,33,cwz_joint,8,false,false,true,missing,false,true,gradient_only,8,1,16,100,0,0.7485676588595236,33.98239054071083,missing
red1:lane1:snr16.0:seed4:frame34,16.0,34,cwz_joint,90,false,false,true,missing,false,true,gradient_only,8,1,16,264,0,1.0534685720706176,56.70670106589391,missing
red1:lane1:snr16.0:seed4:frame35,16.0,35,cwz_joint,334,false,false,true,missing,false,true,gradient_only,8,1,16,996,0,1.891687085963719,47.386516659088336,missing
red1:lane1:snr16.0:seed4:frame36,16.0,36,cwz_joint,90,false,false,true,missing,false,true,gradient_only,8,1,16,278,0,2.099318018942372,56.0158556236132,missing
red1:lane1:snr16.0:seed4:frame37,16.0,37,cwz_joint,15,false,false,true,missing,false,true,gradient_only,8,1,16,98,0,0.6976136487655078,28.819193703908212,missing
red1:lane1:snr16.0:seed4:frame38,16.0,38,cwz_joint,42,false,false,true,missing,false,true,gradient_only,8,1,16,194,0,0.6400689665946218,39.10791802892349,missing
red1:lane1:snr16.0:seed4:frame39,16.0,39,cwz_joint,13,false,false,true,missing,false,true,gradient_only,8,1,16,85,0,0.6660517368171471,33.879243028592875,missing
red1:lane1:snr16.0:seed4:frame40,16.0,40,cwz_joint,24,false,false,true,missing,false,true,gradient_only,8,1,16,213,0,4.054879978556228,56.69882930725665,missing
red1:lane1:snr16.0:seed4:frame41,16.0,41,cwz_joint,90,false,false,true,missing,false,true,gradient_only,8,1,16,271,0,1.7274476515913952,47.188736595691935,missing
red1:lane1:snr16.0:seed4:frame42,16.0,42,cwz_joint,35,false,false,true,missing,false,true,gradient_only,8,1,16,233,0,0.7588183278057861,83.46307936796862,missing
red1:lane1:snr16.0:seed4:frame43,16.0,43,cwz_joint,129,false,false,true,missing,false,true,gradient_only,8,1,16,489,0,0.8176475577895281,1783.669093205957,missing
red1:lane1:snr16.0:seed4:frame44,16.0,44,cwz_joint,12,false,false,true,missing,false,true,gradient_only,8,1,16,113,0,0.5116086726207857,36.994633173558064,missing
red1:lane1:snr16.0:seed4:frame45,16.0,45,cwz_joint,29,false,false,true,missing,false,true,gradient_only,8,1,16,155,0,0.8653164025691986,47.784267344877414,missing
red1:lane1:snr16.0:seed4:frame46,16.0,46,cwz_joint,187,false,false,true,missing,false,true,gradient_only,8,1,16,649,0,1.2224687625592734,163.38151075107666,missing
red1:lane1:snr16.0:seed4:frame47,16.0,47,cwz_joint,54,false,false,true,missing,false,true,gradient_only,8,1,16,262,0,0.9476078637411604,37.9502199074041,missing
red1:lane1:snr16.0:seed4:frame48,16.0,48,cwz_joint,18,false,false,true,missing,false,true,gradient_only,8,1,16,96,0,1.4410824922470613,41.96386921945194,missing
red1:lane1:snr16.0:seed4:frame49,16.0,49,cwz_joint,12,false,false,true,missing,false,true,gradient_only,8,1,16,79,0,0.9626886324009974,61.928834122492134,missing
red1:lane1:snr16.0:seed4:frame50,16.0,50,cwz_joint,15,false,false,true,missing,false,true,gradient_only,8,1,16,124,0,0.7702181169650455,50.50488411316329,missing
red1:lane1:snr16.0:seed4:frame51,16.0,51,cwz_joint,41,false,false,true,missing,false,true,gradient_only,8,1,16,150,0,0.8340146280860667,36.08794131495242,missing
red1:lane1:snr16.0:seed4:frame52,16.0,52,cwz_joint,34,false,false,true,missing,false,true,gradient_only,8,1,16,188,0,1.2578636102645608,78.1109742102296,missing
red1:lane1:snr16.0:seed4:frame53,16.0,53,cwz_joint,45,false,false,true,missing,false,true,gradient_only,8,1,16,150,0,0.6137979798668848,51.29294017121867,missing
red1:lane1:snr16.0:seed4:frame54,16.0,54,cwz_joint,17,false,false,true,missing,false,true,gradient_only,8,1,16,110,0,0.7205256985895546,34.857099264448415,missing
red1:lane1:snr16.0:seed4:frame55,16.0,55,cwz_joint,38,false,false,true,missing,false,true,gradient_only,8,1,16,174,0,1.023197707551756,22.219909685856557,missing
red1:lane1:snr16.0:seed4:frame56,16.0,56,cwz_joint,21,false,false,true,missing,false,true,gradient_only,8,1,16,128,0,0.9064242945835772,34.289231554373345,missing
red1:lane1:snr16.0:seed4:frame57,16.0,57,cwz_joint,52,false,false,true,missing,false,true,gradient_only,8,1,16,236,0,1.0967644246395638,47.970413876721516,missing
red1:lane1:snr16.0:seed4:frame58,16.0,58,cwz_joint,10,false,false,true,missing,false,true,gradient_only,8,1,16,96,0,0.5616181039463072,237.81270007468694,missing
red1:lane1:snr16.0:seed4:frame59,16.0,59,cwz_joint,16,false,false,true,missing,false,true,gradient_only,8,1,16,94,0,0.9940060090343071,53.19176360494495,missing
red1:lane1:snr16.0:seed4:frame60,16.0,60,cwz_joint,41,false,false,true,missing,false,true,gradient_only,8,1,16,192,0,0.860836804508735,49.628013974277465,missing
red1:lane1:snr16.0:seed4:frame1,16.0,1,profiled_cz,32,false,false,false,missing,false,true,gradient_only,1,1,16,151,3,1.4421080656406153,3.4054160340215924,missing
red1:lane1:snr16.0:seed4:frame2,16.0,2,profiled_cz,65,false,false,false,missing,false,true,gradient_only,1,1,16,206,7,1.3736256768383233,3.144209586853474,missing
red1:lane1:snr16.0:seed4:frame3,16.0,3,profiled_cz,94,false,false,false,missing,false,true,gradient_only,1,1,16,414,77,0.8249372653739441,3.7692714369540403,missing
red1:lane1:snr16.0:seed4:frame4,16.0,4,profiled_cz,164,false,false,false,missing,false,true,gradient_only,1,1,16,494,37,2.088628670667515,4.673519665393511,missing
red1:lane1:snr16.0:seed4:frame5,16.0,5,profiled_cz,22,false,false,true,missing,false,true,gradient_only,1,1,16,94,0,0.7053236183706684,2.3554653882127066,missing
red1:lane1:snr16.0:seed4:frame6,16.0,6,profiled_cz,89,false,false,false,missing,false,true,gradient_only,1,1,16,274,24,1.4486671239558946,2.3234919559673886,missing
red1:lane1:snr16.0:seed4:frame7,16.0,7,profiled_cz,219,false,false,false,missing,false,true,gradient_only,1,1,16,651,88,2.1003768194441292,5.635660991665512,missing
red1:lane1:snr16.0:seed4:frame8,16.0,8,profiled_cz,199,false,false,false,missing,false,true,gradient_only,6,1,16,619,72,1.4860602097099338,10.01280310923107,missing
red1:lane1:snr16.0:seed4:frame9,16.0,9,profiled_cz,103,false,false,false,missing,false,true,gradient_only,1,1,16,316,43,0.8463718452698712,3.176640914585335,missing
red1:lane1:snr16.0:seed4:frame10,16.0,10,profiled_cz,146,false,false,false,missing,false,true,gradient_only,6,1,16,594,74,5.286653238378527,3.8913997989993128,missing
red1:lane1:snr16.0:seed4:frame11,16.0,11,profiled_cz,56,false,false,false,missing,false,true,gradient_only,1,1,16,196,16,4.8828699342535415,3.1856340370564604,missing
red1:lane1:snr16.0:seed4:frame12,16.0,12,profiled_cz,55,false,false,false,missing,false,true,gradient_only,1,1,16,184,17,1.1134189445960982,2.339579286266722,missing
red1:lane1:snr16.0:seed4:frame13,16.0,13,profiled_cz,335,false,false,false,missing,false,true,gradient_only,7,1,16,802,103,2.0267247574318827,5.057024520772843,missing
red1:lane1:snr16.0:seed4:frame14,16.0,14,profiled_cz,226,false,false,false,missing,false,true,gradient_only,5,1,16,629,53,1.4935471006624503,3.899476360144866,missing
red1:lane1:snr16.0:seed4:frame15,16.0,15,profiled_cz,66,false,false,false,missing,false,true,gradient_only,1,1,16,291,29,2.03189203402259,2.729105527869483,missing
red1:lane1:snr16.0:seed4:frame16,16.0,16,profiled_cz,87,false,false,false,missing,false,true,gradient_only,1,1,16,322,18,1.152370929296818,3.9124254554523814,missing
red1:lane1:snr16.0:seed4:frame17,16.0,17,profiled_cz,65,false,false,false,missing,false,true,gradient_only,1,1,16,248,17,1.6535651562556963,2.4315247895950605,missing
red1:lane1:snr16.0:seed4:frame18,16.0,18,profiled_cz,100,false,false,false,missing,false,true,gradient_only,1,1,16,311,50,1.3107687404768291,2.7317154904050454,missing
red1:lane1:snr16.0:seed4:frame19,16.0,19,profiled_cz,76,false,false,false,missing,false,true,gradient_only,7,1,16,275,28,0.869222103429634,3.0615142763980954,missing
red1:lane1:snr16.0:seed4:frame20,16.0,20,profiled_cz,34,false,false,false,missing,false,true,gradient_only,1,1,16,198,5,1.5693623608047589,3.3080098872216688,missing
red1:lane1:snr16.0:seed4:frame21,16.0,21,profiled_cz,52,false,false,false,missing,false,true,gradient_only,1,1,16,194,14,0.9871174615093581,4.645127481180549,missing
red1:lane1:snr16.0:seed4:frame22,16.0,22,profiled_cz,292,false,false,false,missing,false,true,gradient_only,1,1,16,961,110,1.5892831208995857,7.213651891430663,missing
red1:lane1:snr16.0:seed4:frame23,16.0,23,profiled_cz,157,false,false,false,missing,false,true,gradient_only,1,1,16,637,50,1.910015358447448,3.4925690711570767,missing
red1:lane1:snr16.0:seed4:frame24,16.0,24,profiled_cz,64,false,false,false,missing,false,true,gradient_only,1,1,16,271,14,1.044591480712609,6.01501797980747,missing
red1:lane1:snr16.0:seed4:frame25,16.0,25,profiled_cz,32,false,false,false,missing,false,true,gradient_only,5,1,16,106,3,0.6268757114955874,1.969437916710624,missing
red1:lane1:snr16.0:seed4:frame26,16.0,26,profiled_cz,36,false,false,false,missing,false,true,gradient_only,1,1,16,143,3,1.0266370953302022,1.8781111273643756,missing
red1:lane1:snr16.0:seed4:frame27,16.0,27,profiled_cz,80,false,false,false,missing,false,true,gradient_only,1,1,16,274,7,7.394857920249582,3.4414627500436206,missing
red1:lane1:snr16.0:seed4:frame28,16.0,28,profiled_cz,37,false,false,false,missing,false,true,gradient_only,1,1,16,124,7,1.4989475831655612,2.150526071024016,missing
red1:lane1:snr16.0:seed4:frame29,16.0,29,profiled_cz,60,false,false,false,missing,false,true,gradient_only,1,1,16,270,30,0.7828094312933513,2.676189614598904,missing
red1:lane1:snr16.0:seed4:frame30,16.0,30,profiled_cz,159,false,false,false,missing,false,true,gradient_only,1,1,16,497,31,0.9727397874775232,3.827749452955201,missing
red1:lane1:snr16.0:seed4:frame31,16.0,31,profiled_cz,70,false,false,false,missing,false,true,gradient_only,1,1,16,295,26,0.6447811479573292,2.965414476750199,missing
red1:lane1:snr16.0:seed4:frame32,16.0,32,profiled_cz,148,false,false,false,missing,false,true,gradient_only,4,1,16,531,39,1.1683764529132832,6.047381385961514,missing
red1:lane1:snr16.0:seed4:frame33,16.0,33,profiled_cz,8,false,false,false,missing,false,true,gradient_only,1,1,16,100,4,0.7485676588595236,1.740086075262045,missing
red1:lane1:snr16.0:seed4:frame34,16.0,34,profiled_cz,90,false,false,false,missing,false,true,gradient_only,1,1,16,264,30,1.0534685720706176,2.435767653897415,missing
red1:lane1:snr16.0:seed4:frame35,16.0,35,profiled_cz,332,false,false,false,missing,false,true,gradient_only,1,1,16,996,151,1.891687085963719,3.9773591892704685,missing
red1:lane1:snr16.0:seed4:frame36,16.0,36,profiled_cz,90,false,false,false,missing,false,true,gradient_only,1,1,16,278,31,2.099318018942372,2.7739346517319805,missing
red1:lane1:snr16.0:seed4:frame37,16.0,37,profiled_cz,15,false,false,false,missing,false,true,gradient_only,1,1,16,98,2,0.6976136487655078,1.9296775417916865,missing
red1:lane1:snr16.0:seed4:frame38,16.0,38,profiled_cz,42,false,false,false,missing,false,true,gradient_only,1,1,16,194,17,0.6400689665946218,2.6300064809173573,missing
red1:lane1:snr16.0:seed4:frame39,16.0,39,profiled_cz,13,false,false,false,missing,false,true,gradient_only,1,1,16,85,2,0.6660517368171471,1.5196610666096524,missing
red1:lane1:snr16.0:seed4:frame40,16.0,40,profiled_cz,24,false,false,false,missing,false,true,gradient_only,1,1,16,213,7,4.054879978556228,2.5486980205462118,missing
red1:lane1:snr16.0:seed4:frame41,16.0,41,profiled_cz,89,false,false,false,missing,false,true,gradient_only,1,1,16,271,40,1.7274476515913952,3.0069306130551205,missing
red1:lane1:snr16.0:seed4:frame42,16.0,42,profiled_cz,35,false,false,false,missing,false,true,gradient_only,1,1,16,233,22,0.7588183278057861,3.8502728630882754,missing
red1:lane1:snr16.0:seed4:frame43,16.0,43,profiled_cz,127,false,false,false,missing,false,true,gradient_only,1,1,16,489,63,0.8176475577895281,122.58552134559895,missing
red1:lane1:snr16.0:seed4:frame44,16.0,44,profiled_cz,12,false,false,true,missing,false,true,gradient_only,1,1,16,113,0,0.5116086726207857,1.7203028261109465,missing
red1:lane1:snr16.0:seed4:frame45,16.0,45,profiled_cz,29,false,false,false,missing,false,true,gradient_only,2,1,16,155,7,0.8653164025691986,6.256047767653499,missing
red1:lane1:snr16.0:seed4:frame46,16.0,46,profiled_cz,186,false,false,false,missing,false,true,gradient_only,1,1,16,649,75,1.2224687625592734,3.590720101677008,missing
red1:lane1:snr16.0:seed4:frame47,16.0,47,profiled_cz,54,false,false,false,missing,false,true,gradient_only,1,1,16,262,31,0.9476078637411604,3.1202711871289477,missing
red1:lane1:snr16.0:seed4:frame48,16.0,48,profiled_cz,18,false,false,true,missing,false,true,gradient_only,1,1,16,96,0,1.4410824922470613,1.891467441287217,missing
red1:lane1:snr16.0:seed4:frame49,16.0,49,profiled_cz,12,false,false,false,missing,false,true,gradient_only,1,1,16,79,10,0.9626886324009974,29.9045892780432,missing
red1:lane1:snr16.0:seed4:frame50,16.0,50,profiled_cz,15,false,false,false,missing,false,true,gradient_only,1,1,16,124,3,0.7702181169650455,3.5206382094347637,missing
red1:lane1:snr16.0:seed4:frame51,16.0,51,profiled_cz,41,false,false,false,missing,false,true,gradient_only,1,1,16,150,8,0.8340146280860667,2.0601129730295895,missing
red1:lane1:snr16.0:seed4:frame52,16.0,52,profiled_cz,34,false,false,false,missing,false,true,gradient_only,1,1,16,188,15,1.2578636102645608,8.854267142385396,missing
red1:lane1:snr16.0:seed4:frame53,16.0,53,profiled_cz,45,false,false,false,missing,false,true,gradient_only,1,1,16,150,20,0.6137979798668848,2.738156181758162,missing
red1:lane1:snr16.0:seed4:frame54,16.0,54,profiled_cz,17,false,false,false,missing,false,true,gradient_only,1,1,16,110,8,0.7205256985895546,2.3890466295876425,missing
red1:lane1:snr16.0:seed4:frame55,16.0,55,profiled_cz,38,false,false,false,missing,false,true,gradient_only,1,1,16,174,7,1.023197707551756,1.596403249655579,missing
red1:lane1:snr16.0:seed4:frame56,16.0,56,profiled_cz,21,false,false,false,missing,false,true,gradient_only,3,1,16,128,1,0.9064242945835772,1.823763667075014,missing
red1:lane1:snr16.0:seed4:frame57,16.0,57,profiled_cz,52,false,false,false,missing,false,true,gradient_only,1,1,16,236,22,1.0967644246395638,3.1690207525086658,missing
red1:lane1:snr16.0:seed4:frame58,16.0,58,profiled_cz,10,false,false,false,missing,false,true,gradient_only,1,1,16,96,15,0.5616181039463072,5.5619235842106605,missing
red1:lane1:snr16.0:seed4:frame59,16.0,59,profiled_cz,16,false,false,false,missing,false,true,gradient_only,1,1,16,94,3,0.9940060090343071,2.4057241035097228,missing
red1:lane1:snr16.0:seed4:frame60,16.0,60,profiled_cz,41,false,false,false,missing,false,true,gradient_only,1,1,16,192,13,0.860836804508735,2.8266036004266306,missing
red1:lane1:snr18.0:seed4:frame1,18.0,1,cwz_joint,20,false,false,true,missing,false,true,gradient_only,8,1,16,130,0,1.4408671713851522,62.04940178707509,missing
red1:lane1:snr18.0:seed4:frame2,18.0,2,cwz_joint,46,false,false,true,missing,false,true,gradient_only,8,1,16,169,0,1.1423568948954999,58.80411537095826,missing
red1:lane1:snr18.0:seed4:frame3,18.0,3,cwz_joint,61,false,false,true,missing,false,true,gradient_only,8,1,16,213,0,0.6540975241609617,58.613930139250165,missing
red1:lane1:snr18.0:seed4:frame4,18.0,4,cwz_joint,96,false,false,true,missing,false,true,gradient_only,8,1,16,320,0,3.279000388822972,80.660657683351,missing
red1:lane1:snr18.0:seed4:frame5,18.0,5,cwz_joint,14,false,false,true,missing,false,true,gradient_only,8,1,16,94,0,0.8472301799731877,47.31035632772687,missing
red1:lane1:snr18.0:seed4:frame6,18.0,6,cwz_joint,41,false,false,true,missing,false,true,gradient_only,8,1,16,174,0,2.127729563552102,46.309779002175084,missing
red1:lane1:snr18.0:seed4:frame7,18.0,7,cwz_joint,198,false,false,true,missing,false,true,gradient_only,8,1,16,603,0,1.4687292835958985,81.32824578385961,missing
red1:lane1:snr18.0:seed4:frame8,18.0,8,cwz_joint,172,false,false,true,missing,false,true,gradient_only,8,1,16,482,0,1.0872534715065707,99.08886977950536,missing
red1:lane1:snr18.0:seed4:frame9,18.0,9,cwz_joint,84,false,false,true,missing,false,true,gradient_only,8,1,16,232,0,0.7389396491644005,52.26876493753275,missing
red1:lane1:snr18.0:seed4:frame10,18.0,10,cwz_joint,55,false,false,true,missing,false,true,gradient_only,8,1,16,249,0,1.9181995875496671,54.473278597878185,missing
red1:lane1:snr18.0:seed4:frame11,18.0,11,cwz_joint,38,false,false,true,missing,false,true,gradient_only,8,1,16,137,0,0.6430253754341714,58.38717044201201,missing
red1:lane1:snr18.0:seed4:frame12,18.0,12,cwz_joint,43,false,false,true,missing,false,true,gradient_only,8,1,16,171,0,1.624792771588725,44.554660929925944,missing
red1:lane1:snr18.0:seed4:frame13,18.0,13,cwz_joint,269,false,false,true,missing,false,true,gradient_only,8,1,16,799,0,2.8929690363021834,77.23709613756189,missing
red1:lane1:snr18.0:seed4:frame14,18.0,14,cwz_joint,179,false,false,true,missing,false,true,gradient_only,8,1,16,483,0,1.0502925861403833,63.400363303951536,missing
red1:lane1:snr18.0:seed4:frame15,18.0,15,cwz_joint,54,false,false,true,missing,false,true,gradient_only,8,1,16,225,0,1.5840760398557674,46.878508818435236,missing
red1:lane1:snr18.0:seed4:frame16,18.0,16,cwz_joint,72,false,false,true,missing,false,true,gradient_only,8,1,16,267,0,1.2303180638628197,521.7923954875474,missing
red1:lane1:snr18.0:seed4:frame17,18.0,17,cwz_joint,45,false,false,true,missing,false,true,gradient_only,8,1,16,213,0,1.915126548322311,44.5475257351181,missing
red1:lane1:snr18.0:seed4:frame18,18.0,18,cwz_joint,70,false,false,true,missing,false,true,gradient_only,8,1,16,254,0,2.643912603223913,48.92660615072531,missing
red1:lane1:snr18.0:seed4:frame19,18.0,19,cwz_joint,46,false,false,true,missing,false,true,gradient_only,8,1,16,188,0,1.5300420394212428,48.481858360124555,missing
red1:lane1:snr18.0:seed4:frame20,18.0,20,cwz_joint,20,false,false,true,missing,false,true,gradient_only,8,1,16,140,0,0.888777010202174,42.251920078983254,missing
red1:lane1:snr18.0:seed4:frame21,18.0,21,cwz_joint,38,false,false,true,missing,false,true,gradient_only,8,1,16,157,0,1.2218381939920313,48.243050489817314,missing
red1:lane1:snr18.0:seed4:frame22,18.0,22,cwz_joint,170,false,false,true,missing,false,true,gradient_only,8,1,16,749,0,1.496009015389463,92.72693237214602,missing
red1:lane1:snr18.0:seed4:frame23,18.0,23,cwz_joint,108,false,false,true,missing,false,true,gradient_only,8,1,16,366,0,1.1240524416322812,57.649058658628604,missing
red1:lane1:snr18.0:seed4:frame24,18.0,24,cwz_joint,57,false,false,true,missing,false,true,gradient_only,8,1,16,193,0,1.9597692205699506,88.57409313391196,missing
red1:lane1:snr18.0:seed4:frame25,18.0,25,cwz_joint,21,false,false,true,missing,false,true,gradient_only,8,1,16,99,0,0.613213602373909,38.10960961525413,missing
red1:lane1:snr18.0:seed4:frame26,18.0,26,cwz_joint,28,false,false,true,missing,false,true,gradient_only,8,1,16,134,0,2.1464127434555875,36.37026876738168,missing
red1:lane1:snr18.0:seed4:frame27,18.0,27,cwz_joint,52,false,false,true,missing,false,true,gradient_only,8,1,16,165,0,0.9783183544190406,45.564673475405115,missing
red1:lane1:snr18.0:seed4:frame28,18.0,28,cwz_joint,32,false,false,true,missing,false,true,gradient_only,8,1,16,110,0,1.6530822513228782,38.369982794101375,missing
red1:lane1:snr18.0:seed4:frame29,18.0,29,cwz_joint,32,false,false,true,missing,false,true,gradient_only,8,1,16,197,0,0.8307061676201346,48.25604809453138,missing
red1:lane1:snr18.0:seed4:frame30,18.0,30,cwz_joint,90,false,false,true,missing,false,true,gradient_only,8,1,16,352,0,0.9037466969358898,58.910606479963484,missing
red1:lane1:snr18.0:seed4:frame31,18.0,31,cwz_joint,19,false,false,true,missing,false,true,gradient_only,8,1,16,139,0,1.093095475896368,45.83936114613833,missing
red1:lane1:snr18.0:seed4:frame32,18.0,32,cwz_joint,33,false,false,true,missing,false,true,gradient_only,8,1,16,285,0,1.0295038365176616,63.61557019747165,missing
red1:lane1:snr18.0:seed4:frame33,18.0,33,cwz_joint,2,false,false,true,missing,false,true,gradient_only,8,1,16,99,0,0.8743304482007104,31.873247594933385,missing
red1:lane1:snr18.0:seed4:frame34,18.0,34,cwz_joint,65,false,false,true,missing,false,true,gradient_only,8,1,16,273,0,1.1346687712813943,48.96302485932491,missing
red1:lane1:snr18.0:seed4:frame35,18.0,35,cwz_joint,258,false,false,true,missing,false,true,gradient_only,8,1,16,859,0,1.647272775211818,43.34231993838624,missing
red1:lane1:snr18.0:seed4:frame36,18.0,36,cwz_joint,62,false,false,true,missing,false,true,gradient_only,8,1,16,216,0,3.2581616040664394,50.82852138130467,missing
red1:lane1:snr18.0:seed4:frame37,18.0,37,cwz_joint,10,false,false,true,missing,false,true,gradient_only,8,1,16,77,0,0.4451943820022486,27.066555377132005,missing
red1:lane1:snr18.0:seed4:frame38,18.0,38,cwz_joint,16,false,false,true,missing,false,true,gradient_only,8,1,16,123,0,1.0625277812089797,32.68322906451263,missing
red1:lane1:snr18.0:seed4:frame39,18.0,39,cwz_joint,3,false,false,true,missing,false,true,gradient_only,8,1,16,61,0,0.646687498867048,31.28258777346896,missing
red1:lane1:snr18.0:seed4:frame40,18.0,40,cwz_joint,11,false,false,true,missing,false,true,gradient_only,8,1,16,121,0,0.5136878000583864,44.729499555921116,missing
red1:lane1:snr18.0:seed4:frame41,18.0,41,cwz_joint,46,false,false,true,missing,false,true,gradient_only,8,1,16,225,0,0.968873230120772,41.345868694317566,missing
red1:lane1:snr18.0:seed4:frame42,18.0,42,cwz_joint,25,false,false,true,missing,false,true,gradient_only,8,1,16,164,0,0.5490163866684005,60.12271470781653,missing
red1:lane1:snr18.0:seed4:frame43,18.0,43,cwz_joint,104,false,false,true,missing,false,true,gradient_only,8,1,16,495,0,0.47255415294534653,1582.978577719573,missing
red1:lane1:snr18.0:seed4:frame44,18.0,44,cwz_joint,9,false,false,true,missing,false,true,gradient_only,8,1,16,71,0,0.7571090512299272,32.752923798101556,missing
red1:lane1:snr18.0:seed4:frame45,18.0,45,cwz_joint,20,false,false,true,missing,false,true,gradient_only,8,1,16,134,0,1.0283605995828102,48.02249082709034,missing
red1:lane1:snr18.0:seed4:frame46,18.0,46,cwz_joint,129,false,false,true,missing,false,true,gradient_only,8,1,16,369,0,1.3026974274426124,61.69536482094203,missing
red1:lane1:snr18.0:seed4:frame47,18.0,47,cwz_joint,25,false,false,true,missing,false,true,gradient_only,8,1,16,167,0,1.040578851113677,32.09026032664841,missing
red1:lane1:snr18.0:seed4:frame48,18.0,48,cwz_joint,6,false,false,true,missing,false,true,gradient_only,8,1,16,67,0,13.596130535817917,35.29604883594114,missing
red1:lane1:snr18.0:seed4:frame49,18.0,49,cwz_joint,6,false,false,true,missing,false,true,gradient_only,8,1,16,55,0,1.5138460023324867,57.31917603161998,missing
red1:lane1:snr18.0:seed4:frame50,18.0,50,cwz_joint,12,false,false,true,missing,false,true,gradient_only,8,1,16,87,0,0.5412703066988818,46.686972847210384,missing
red1:lane1:snr18.0:seed4:frame51,18.0,51,cwz_joint,22,false,false,true,missing,false,true,gradient_only,8,1,16,140,0,0.5620642130966385,32.767605601563794,missing
red1:lane1:snr18.0:seed4:frame52,18.0,52,cwz_joint,17,false,false,true,missing,false,true,gradient_only,8,1,16,133,0,0.7969324596949336,66.47945651502489,missing
red1:lane1:snr18.0:seed4:frame53,18.0,53,cwz_joint,29,false,false,true,missing,false,true,gradient_only,8,1,16,130,0,0.6072159575103597,40.65366422521869,missing
red1:lane1:snr18.0:seed4:frame54,18.0,54,cwz_joint,10,false,false,true,missing,false,true,gradient_only,8,1,16,71,0,0.7527696655701169,29.80415246019187,missing
red1:lane1:snr18.0:seed4:frame55,18.0,55,cwz_joint,19,false,false,true,missing,false,true,gradient_only,8,1,16,132,0,0.6278405987711315,19.968767008275506,missing
red1:lane1:snr18.0:seed4:frame56,18.0,56,cwz_joint,7,false,false,true,missing,false,true,gradient_only,8,1,16,93,0,0.7686169432716247,31.947931540051894,missing
red1:lane1:snr18.0:seed4:frame57,18.0,57,cwz_joint,35,false,false,true,missing,false,true,gradient_only,8,1,16,161,0,0.7586739344070572,40.595615865161605,missing
red1:lane1:snr18.0:seed4:frame58,18.0,58,cwz_joint,5,false,false,true,missing,false,true,gradient_only,8,1,16,53,0,0.5234863807291491,426.3792524039178,missing
red1:lane1:snr18.0:seed4:frame59,18.0,59,cwz_joint,7,false,false,true,missing,false,true,gradient_only,8,1,16,64,0,0.49656393347074534,42.68169318007671,missing
red1:lane1:snr18.0:seed4:frame60,18.0,60,cwz_joint,23,false,false,true,missing,false,true,gradient_only,8,1,16,118,0,0.7799739779908808,41.29210546668568,missing
red1:lane1:snr18.0:seed4:frame1,18.0,1,profiled_cz,20,false,false,false,missing,false,true,gradient_only,1,1,16,130,6,1.4408671713851522,3.141489193409367,missing
red1:lane1:snr18.0:seed4:frame2,18.0,2,profiled_cz,46,false,false,false,missing,false,true,gradient_only,1,1,16,169,14,1.1423568948954999,2.9795032828371215,missing
red1:lane1:snr18.0:seed4:frame3,18.0,3,profiled_cz,61,false,false,false,missing,false,true,gradient_only,1,1,16,213,24,0.6540975241609617,3.1249897232197603,missing
red1:lane1:snr18.0:seed4:frame4,18.0,4,profiled_cz,96,false,false,false,missing,false,true,gradient_only,1,1,16,320,40,3.279000388822972,4.302865164054377,missing
red1:lane1:snr18.0:seed4:frame5,18.0,5,profiled_cz,14,false,false,false,missing,false,true,gradient_only,1,1,16,94,3,0.8472301799731877,2.192783121205922,missing
red1:lane1:snr18.0:seed4:frame6,18.0,6,profiled_cz,41,false,false,false,missing,false,true,gradient_only,1,1,16,174,17,2.127729563552102,2.1380623595420722,missing
red1:lane1:snr18.0:seed4:frame7,18.0,7,profiled_cz,196,false,false,false,missing,false,true,gradient_only,1,1,16,603,39,1.4687292835958985,4.699384005914065,missing
red1:lane1:snr18.0:seed4:frame8,18.0,8,profiled_cz,173,false,false,false,missing,false,true,gradient_only,1,1,16,482,86,1.0872534715065707,6.638613075041411,missing
red1:lane1:snr18.0:seed4:frame9,18.0,9,profiled_cz,84,false,false,false,missing,false,true,gradient_only,1,1,16,232,24,0.7389396491644005,2.93775476530048,missing
red1:lane1:snr18.0:seed4:frame10,18.0,10,profiled_cz,55,false,false,false,missing,false,true,gradient_only,2,1,16,249,13,1.9181995875496671,2.989118384285216,missing
red1:lane1:snr18.0:seed4:frame11,18.0,11,profiled_cz,38,false,false,false,missing,false,true,gradient_only,1,1,16,137,5,0.6430253754341714,2.744660289408228,missing
red1:lane1:snr18.0:seed4:frame12,18.0,12,profiled_cz,43,false,false,false,missing,false,true,gradient_only,1,1,16,171,10,1.624792771588725,2.2259404106194935,missing
red1:lane1:snr18.0:seed4:frame13,18.0,13,profiled_cz,268,false,false,false,missing,false,true,gradient_only,1,1,16,799,55,2.8929690363021834,4.218339103070383,missing
red1:lane1:snr18.0:seed4:frame14,18.0,14,profiled_cz,180,false,false,false,missing,false,true,gradient_only,4,1,16,483,52,1.0502925861403833,3.5072156136028463,missing
red1:lane1:snr18.0:seed4:frame15,18.0,15,profiled_cz,54,false,false,false,missing,false,true,gradient_only,1,1,16,225,31,1.5840760398557674,2.509438779907649,missing
red1:lane1:snr18.0:seed4:frame16,18.0,16,profiled_cz,73,false,false,false,missing,false,true,gradient_only,1,1,16,267,26,1.2303180638628197,3.7198633519976,missing
red1:lane1:snr18.0:seed4:frame17,18.0,17,profiled_cz,45,false,false,false,missing,false,true,gradient_only,1,1,16,213,14,1.915126548322311,2.225146551791736,missing
red1:lane1:snr18.0:seed4:frame18,18.0,18,profiled_cz,70,false,false,false,missing,false,true,gradient_only,1,1,16,254,28,2.643912603223913,2.4104913096634464,missing
red1:lane1:snr18.0:seed4:frame19,18.0,19,profiled_cz,46,false,false,false,missing,false,true,gradient_only,1,1,16,188,20,1.5300420394212428,2.722992815105463,missing
red1:lane1:snr18.0:seed4:frame20,18.0,20,profiled_cz,20,false,false,false,missing,false,true,gradient_only,1,1,16,140,9,0.888777010202174,2.820453694780847,missing
red1:lane1:snr18.0:seed4:frame21,18.0,21,profiled_cz,38,false,false,false,missing,false,true,gradient_only,1,1,16,157,13,1.2218381939920313,3.9025858884030553,missing
red1:lane1:snr18.0:seed4:frame22,18.0,22,profiled_cz,170,false,false,false,missing,false,true,gradient_only,1,1,16,749,83,1.496009015389463,5.410334368391454,missing
red1:lane1:snr18.0:seed4:frame23,18.0,23,profiled_cz,109,false,false,false,missing,false,true,gradient_only,1,1,16,366,32,1.1240524416322812,3.1107046020938744,missing
red1:lane1:snr18.0:seed4:frame24,18.0,24,profiled_cz,56,false,false,false,missing,false,true,gradient_only,1,1,16,193,24,1.9597692205699506,4.759983093386321,missing
red1:lane1:snr18.0:seed4:frame25,18.0,25,profiled_cz,21,false,false,true,missing,false,true,gradient_only,1,1,16,99,0,0.613213602373909,1.8303134135431705,missing
red1:lane1:snr18.0:seed4:frame26,18.0,26,profiled_cz,28,false,false,false,missing,false,true,gradient_only,1,1,16,134,8,2.1464127434555875,1.7266597486669568,missing
red1:lane1:snr18.0:seed4:frame27,18.0,27,profiled_cz,52,false,false,false,missing,false,true,gradient_only,1,1,16,165,10,0.9783183544190406,2.7674414890176964,missing
red1:lane1:snr18.0:seed4:frame28,18.0,28,profiled_cz,32,false,false,false,missing,false,true,gradient_only,1,1,16,110,7,1.6530822513228782,1.9960246964108799,missing
red1:lane1:snr18.0:seed4:frame29,18.0,29,profiled_cz,32,false,false,false,missing,false,true,gradient_only,1,1,16,197,16,0.8307061676201346,2.344085751081741,missing
red1:lane1:snr18.0:seed4:frame30,18.0,30,profiled_cz,91,false,false,false,missing,false,true,gradient_only,1,1,16,352,21,0.9037466969358898,3.1583715262413365,missing
red1:lane1:snr18.0:seed4:frame31,18.0,31,profiled_cz,19,false,false,false,missing,false,true,gradient_only,1,1,16,139,10,1.093095475896368,2.432621319163095,missing
red1:lane1:snr18.0:seed4:frame32,18.0,32,profiled_cz,33,false,false,false,missing,false,true,gradient_only,1,1,16,285,18,1.0295038365176616,3.974266598380448,missing
red1:lane1:snr18.0:seed4:frame33,18.0,33,profiled_cz,2,false,false,false,missing,false,true,gradient_only,1,1,16,99,9,0.8743304482007104,1.611490960389869,missing
red1:lane1:snr18.0:seed4:frame34,18.0,34,profiled_cz,65,false,false,false,missing,false,true,gradient_only,1,1,16,273,11,1.1346687712813943,2.1632815468736806,missing
red1:lane1:snr18.0:seed4:frame35,18.0,35,profiled_cz,256,false,false,false,missing,false,true,gradient_only,1,1,16,859,82,1.647272775211818,4.068817627957073,missing
red1:lane1:snr18.0:seed4:frame36,18.0,36,profiled_cz,62,false,false,false,missing,false,true,gradient_only,4,1,16,216,25,3.2581616040664394,2.493820072370207,missing
red1:lane1:snr18.0:seed4:frame37,18.0,37,profiled_cz,10,false,false,true,missing,false,true,gradient_only,1,1,16,77,0,0.4451943820022486,1.7518270837315437,missing
red1:lane1:snr18.0:seed4:frame38,18.0,38,profiled_cz,16,false,false,false,missing,false,true,gradient_only,1,1,16,123,3,1.0625277812089797,2.010640045385559,missing
red1:lane1:snr18.0:seed4:frame39,18.0,39,profiled_cz,3,false,false,true,missing,false,true,gradient_only,1,1,16,61,0,0.646687498867048,1.381387759856822,missing
red1:lane1:snr18.0:seed4:frame40,18.0,40,profiled_cz,11,false,false,true,missing,false,true,gradient_only,1,1,16,121,0,0.5136878000583864,2.235752280767528,missing
red1:lane1:snr18.0:seed4:frame41,18.0,41,profiled_cz,46,false,false,false,missing,false,true,gradient_only,8,1,16,225,14,0.968873230120772,2.3569679093105718,missing
red1:lane1:snr18.0:seed4:frame42,18.0,42,profiled_cz,25,false,false,false,missing,false,true,gradient_only,1,1,16,164,6,0.5490163866684005,2.8086756499531425,missing
red1:lane1:snr18.0:seed4:frame43,18.0,43,profiled_cz,103,false,false,false,missing,false,true,gradient_only,8,1,16,495,33,0.47255415294534653,162.92223810225755,missing
red1:lane1:snr18.0:seed4:frame44,18.0,44,profiled_cz,9,false,false,false,missing,false,true,gradient_only,1,1,16,71,3,0.7571090512299272,1.5925065506494869,missing
red1:lane1:snr18.0:seed4:frame45,18.0,45,profiled_cz,20,false,false,false,missing,false,true,gradient_only,1,1,16,134,6,1.0283605995828102,6.968336811476166,missing
red1:lane1:snr18.0:seed4:frame46,18.0,46,profiled_cz,128,false,false,false,missing,false,true,gradient_only,1,1,16,369,55,1.3026974274426124,2.829166309669067,missing
red1:lane1:snr18.0:seed4:frame47,18.0,47,profiled_cz,25,false,false,false,missing,false,true,gradient_only,1,1,16,167,11,1.040578851113677,2.308562169331175,missing
red1:lane1:snr18.0:seed4:frame48,18.0,48,profiled_cz,6,false,false,false,missing,false,true,gradient_only,1,1,16,67,3,13.596130535817917,1.6149546309674123,missing
red1:lane1:snr18.0:seed4:frame49,18.0,49,profiled_cz,6,false,false,true,missing,false,true,gradient_only,1,1,16,55,0,1.5138460023324867,32.01767271287863,missing
red1:lane1:snr18.0:seed4:frame50,18.0,50,profiled_cz,12,false,false,false,missing,false,true,gradient_only,1,1,16,87,8,0.5412703066988818,3.2162106892330278,missing
red1:lane1:snr18.0:seed4:frame51,18.0,51,profiled_cz,22,false,false,false,missing,false,true,gradient_only,1,1,16,140,8,0.5620642130966385,1.8413688573367455,missing
red1:lane1:snr18.0:seed4:frame52,18.0,52,profiled_cz,17,false,false,true,missing,false,true,gradient_only,1,1,16,133,0,0.7969324596949336,14.218326610215895,missing
red1:lane1:snr18.0:seed4:frame53,18.0,53,profiled_cz,29,false,false,false,missing,false,true,gradient_only,1,1,16,130,17,0.6072159575103597,2.454021865956066,missing
red1:lane1:snr18.0:seed4:frame54,18.0,54,profiled_cz,10,false,false,false,missing,false,true,gradient_only,1,1,16,71,3,0.7527696655701169,2.0169757592871056,missing
red1:lane1:snr18.0:seed4:frame55,18.0,55,profiled_cz,19,false,false,false,missing,false,true,gradient_only,1,1,16,132,7,0.6278405987711315,1.3844633264817408,missing
red1:lane1:snr18.0:seed4:frame56,18.0,56,profiled_cz,7,false,false,false,missing,false,true,gradient_only,1,1,16,93,2,0.7686169432716247,1.632489734122638,missing
red1:lane1:snr18.0:seed4:frame57,18.0,57,profiled_cz,35,false,false,false,missing,false,true,gradient_only,1,1,16,161,16,0.7586739344070572,2.68699528668503,missing
red1:lane1:snr18.0:seed4:frame58,18.0,58,profiled_cz,5,false,false,false,missing,false,true,gradient_only,1,1,16,53,6,0.5234863807291491,4.331339260234208,missing
red1:lane1:snr18.0:seed4:frame59,18.0,59,profiled_cz,7,false,false,true,missing,false,true,gradient_only,1,1,16,64,0,0.49656393347074534,2.1160357774329586,missing
red1:lane1:snr18.0:seed4:frame60,18.0,60,profiled_cz,23,false,false,false,missing,false,true,gradient_only,1,1,16,118,8,0.7799739779908808,2.1751002335950673,missing
red1:lane1:snr20.0:seed4:frame1,20.0,1,cwz_joint,13,false,false,true,missing,false,true,gradient_only,8,1,16,101,0,0.8956723532375336,59.650983167364664,missing
red1:lane1:snr20.0:seed4:frame2,20.0,2,cwz_joint,42,false,false,true,missing,false,true,gradient_only,8,1,16,181,0,1.2785430601689076,57.68664981679078,missing
red1:lane1:snr20.0:seed4:frame3,20.0,3,cwz_joint,41,false,false,true,missing,false,true,gradient_only,8,1,16,180,0,0.6762847930137396,54.328552828072795,missing
red1:lane1:snr20.0:seed4:frame4,20.0,4,cwz_joint,70,false,false,true,missing,false,true,gradient_only,8,1,16,250,0,1.5520463777033058,73.61800312819385,missing
red1:lane1:snr20.0:seed4:frame5,20.0,5,cwz_joint,10,false,false,true,missing,false,true,gradient_only,8,1,16,79,0,1.022664783005118,46.00354177322594,missing
red1:lane1:snr20.0:seed4:frame6,20.0,6,cwz_joint,33,false,false,true,missing,false,true,gradient_only,8,1,16,120,0,3.1551011540614122,44.94933847931729,missing
red1:lane1:snr20.0:seed4:frame7,20.0,7,cwz_joint,148,false,false,true,missing,false,true,gradient_only,8,1,16,505,0,1.7045551071228777,77.68093873905998,missing
red1:lane1:snr20.0:seed4:frame8,20.0,8,cwz_joint,159,false,false,true,missing,false,true,gradient_only,8,1,16,510,0,1.2744293826148423,94.6561038260679,missing
red1:lane1:snr20.0:seed4:frame9,20.0,9,cwz_joint,62,false,false,true,missing,false,true,gradient_only,8,1,16,239,0,0.6746138921616077,50.214928184564755,missing
red1:lane1:snr20.0:seed4:frame10,20.0,10,cwz_joint,19,false,false,true,missing,false,true,gradient_only,8,1,16,141,0,3.074778508728428,50.633870742413784,missing
red1:lane1:snr20.0:seed4:frame11,20.0,11,cwz_joint,16,false,false,true,missing,false,true,gradient_only,8,1,16,106,0,0.8175546804433022,53.16616588741884,missing
red1:lane1:snr20.0:seed4:frame12,20.0,12,cwz_joint,41,false,false,true,missing,false,true,gradient_only,8,1,16,158,0,2.221861799764103,43.54865644588323,missing
red1:lane1:snr20.0:seed4:frame13,20.0,13,cwz_joint,234,false,false,true,missing,false,true,gradient_only,8,1,16,868,0,2.4000109816638293,70.88983687124309,missing
red1:lane1:snr20.0:seed4:frame14,20.0,14,cwz_joint,157,false,false,true,missing,false,true,gradient_only,8,1,16,442,0,0.9655653451471593,60.5216703841139,missing
red1:lane1:snr20.0:seed4:frame15,20.0,15,cwz_joint,36,false,false,true,missing,false,true,gradient_only,8,1,16,184,0,0.9864495232189748,45.55537728848743,missing
red1:lane1:snr20.0:seed4:frame16,20.0,16,cwz_joint,63,false,false,true,missing,false,true,gradient_only,8,1,16,231,0,0.9791501609158884,202.7708586402959,missing
red1:lane1:snr20.0:seed4:frame17,20.0,17,cwz_joint,41,false,false,true,missing,false,true,gradient_only,8,1,16,192,0,2.1954059873356555,42.58826474297179,missing
red1:lane1:snr20.0:seed4:frame18,20.0,18,cwz_joint,57,false,false,true,missing,false,true,gradient_only,8,1,16,197,0,1.4933108027069872,46.112159132931005,missing
red1:lane1:snr20.0:seed4:frame19,20.0,19,cwz_joint,33,false,false,true,missing,false,true,gradient_only,8,1,16,148,0,1.049231337048351,46.260893658003205,missing
red1:lane1:snr20.0:seed4:frame20,20.0,20,cwz_joint,11,false,false,true,missing,false,true,gradient_only,8,1,16,116,0,0.5949966371902692,38.290140016160564,missing
red1:lane1:snr20.0:seed4:frame21,20.0,21,cwz_joint,23,false,false,true,missing,false,true,gradient_only,8,1,16,117,0,0.8881178078872952,46.37321244770844,missing
red1:lane1:snr20.0:seed4:frame22,20.0,22,cwz_joint,117,false,false,true,missing,false,true,gradient_only,8,1,16,409,0,1.1465872298794517,75.66318770712498,missing
red1:lane1:snr20.0:seed4:frame23,20.0,23,cwz_joint,85,false,false,true,missing,false,true,gradient_only,8,1,16,274,0,3.377404611601007,52.86966823315122,missing
red1:lane1:snr20.0:seed4:frame24,20.0,24,cwz_joint,44,false,false,true,missing,false,true,gradient_only,8,1,16,183,0,1.4010188820500666,87.24084382566517,missing
red1:lane1:snr20.0:seed4:frame25,20.0,25,cwz_joint,13,false,false,true,missing,false,true,gradient_only,8,1,16,82,0,0.5338313577571896,35.12165233248726,missing
red1:lane1:snr20.0:seed4:frame26,20.0,26,cwz_joint,20,false,false,true,missing,false,true,gradient_only,8,1,16,119,0,0.805427219251427,34.55885922737077,missing
red1:lane1:snr20.0:seed4:frame27,20.0,27,cwz_joint,26,false,false,true,missing,false,true,gradient_only,8,1,16,133,0,0.9315038021068877,41.70525686200533,missing
red1:lane1:snr20.0:seed4:frame28,20.0,28,cwz_joint,24,false,false,true,missing,false,true,gradient_only,8,1,16,114,0,0.8271808406875915,36.76742721895089,missing
red1:lane1:snr20.0:seed4:frame29,20.0,29,cwz_joint,24,false,false,true,missing,false,true,gradient_only,8,1,16,154,0,0.745049756161823,45.47219519215675,missing
red1:lane1:snr20.0:seed4:frame30,20.0,30,cwz_joint,57,false,false,true,missing,false,true,gradient_only,8,1,16,232,0,0.875842682116622,49.40953360525302,missing
red1:lane1:snr20.0:seed4:frame31,20.0,31,cwz_joint,9,false,false,true,missing,false,true,gradient_only,8,1,16,93,0,0.8879744965449103,42.524947081064155,missing
red1:lane1:snr20.0:seed4:frame32,20.0,32,cwz_joint,13,false,false,true,missing,false,true,gradient_only,8,1,16,121,0,0.9515921404209007,54.90534956230692,missing
red1:lane1:snr20.0:seed4:frame33,20.0,33,cwz_joint,3,false,false,true,missing,false,true,gradient_only,8,1,16,80,0,1.0767073739486255,30.555053741300974,missing
red1:lane1:snr20.0:seed4:frame34,20.0,34,cwz_joint,53,false,false,true,missing,false,true,gradient_only,8,1,16,185,0,1.046205099331922,44.609574027092165,missing
red1:lane1:snr20.0:seed4:frame35,20.0,35,cwz_joint,217,false,false,true,missing,false,true,gradient_only,8,1,16,725,0,1.1210673814385208,41.928916313845086,missing
red1:lane1:snr20.0:seed4:frame36,20.0,36,cwz_joint,43,false,false,true,missing,false,true,gradient_only,8,1,16,149,0,0.9687484896521084,47.43215065939739,missing
red1:lane1:snr20.0:seed4:frame37,20.0,37,cwz_joint,8,false,false,true,missing,false,true,gradient_only,8,1,16,62,0,0.4033060602247294,25.947222899921858,missing
red1:lane1:snr20.0:seed4:frame38,20.0,38,cwz_joint,11,false,false,true,missing,false,true,gradient_only,8,1,16,82,0,0.5585434099884105,28.43004922718104,missing
red1:lane1:snr20.0:seed4:frame39,20.0,39,cwz_joint,1,false,false,true,missing,false,true,gradient_only,8,1,16,51,0,0.44198265141265064,29.664534233601813,missing
red1:lane1:snr20.0:seed4:frame40,20.0,40,cwz_joint,5,false,false,true,missing,false,true,gradient_only,8,1,16,103,0,0.44061545731523055,38.93783030114635,missing
red1:lane1:snr20.0:seed4:frame41,20.0,41,cwz_joint,20,false,false,true,missing,false,true,gradient_only,8,1,16,146,0,1.5145769436143464,37.80344067888465,missing
red1:lane1:snr20.0:seed4:frame42,20.0,42,cwz_joint,11,false,false,true,missing,false,true,gradient_only,8,1,16,137,0,1.0704729617279705,47.25531164226739,missing
red1:lane1:snr20.0:seed4:frame43,20.0,43,cwz_joint,73,false,false,true,missing,false,true,gradient_only,8,1,16,406,0,0.34190013296532806,1411.6327032181225,missing
red1:lane1:snr20.0:seed4:frame44,20.0,44,cwz_joint,7,false,false,true,missing,false,true,gradient_only,8,1,16,50,0,0.34600819491762813,30.13616026841782,missing
red1:lane1:snr20.0:seed4:frame45,20.0,45,cwz_joint,10,false,false,true,missing,false,true,gradient_only,8,1,16,132,0,0.6756812516194811,49.198654397280734,missing
red1:lane1:snr20.0:seed4:frame46,20.0,46,cwz_joint,83,false,false,true,missing,false,true,gradient_only,8,1,16,320,0,0.8525500530803863,41.817472170155376,missing
red1:lane1:snr20.0:seed4:frame47,20.0,47,cwz_joint,11,false,false,true,missing,false,true,gradient_only,8,1,16,109,0,1.3942669929978373,28.49302679645184,missing
red1:lane1:snr20.0:seed4:frame48,20.0,48,cwz_joint,3,false,false,true,missing,false,true,gradient_only,8,1,16,46,0,0.641350352119615,31.424376402577177,missing
red1:lane1:snr20.0:seed4:frame49,20.0,49,cwz_joint,5,false,false,true,missing,false,true,gradient_only,8,1,16,55,0,0.6659554978483531,54.385086384783094,missing
red1:lane1:snr20.0:seed4:frame50,20.0,50,cwz_joint,7,false,false,true,missing,false,true,gradient_only,8,1,16,72,0,0.45929423909829104,44.312273684220735,missing
red1:lane1:snr20.0:seed4:frame51,20.0,51,cwz_joint,11,false,false,true,missing,false,true,gradient_only,8,1,16,107,0,0.7251329098656795,30.714585462650824,missing
red1:lane1:snr20.0:seed4:frame52,20.0,52,cwz_joint,14,false,false,true,missing,false,true,gradient_only,8,1,16,104,0,1.3094623152752134,60.18875589768352,missing
red1:lane1:snr20.0:seed4:frame53,20.0,53,cwz_joint,15,false,false,true,missing,false,true,gradient_only,8,1,16,78,0,0.5394879047842221,37.740824393382844,missing
red1:lane1:snr20.0:seed4:frame54,20.0,54,cwz_joint,8,false,false,true,missing,false,true,gradient_only,8,1,16,58,0,0.42460400424755756,26.776894474763566,missing
red1:lane1:snr20.0:seed4:frame55,20.0,55,cwz_joint,5,false,false,true,missing,false,true,gradient_only,8,1,16,90,0,0.7009295140140831,18.57791205448405,missing
red1:lane1:snr20.0:seed4:frame56,20.0,56,cwz_joint,3,false,false,true,missing,false,true,gradient_only,8,1,16,75,0,0.6502904129124755,30.472706027943538,missing
red1:lane1:snr20.0:seed4:frame57,20.0,57,cwz_joint,20,false,false,true,missing,false,true,gradient_only,8,1,16,121,0,1.2380468886139435,35.628456883279334,missing
red1:lane1:snr20.0:seed4:frame58,20.0,58,cwz_joint,3,false,false,true,missing,false,true,gradient_only,8,1,16,39,0,0.4371877905111102,430.75785258419506,missing
red1:lane1:snr20.0:seed4:frame59,20.0,59,cwz_joint,3,false,false,true,missing,false,true,gradient_only,8,1,16,42,0,0.621549724793776,37.13785387053896,missing
red1:lane1:snr20.0:seed4:frame60,20.0,60,cwz_joint,10,false,false,true,missing,false,true,gradient_only,8,1,16,91,0,0.5183960281644361,35.580585033665145,missing
red1:lane1:snr20.0:seed4:frame1,20.0,1,profiled_cz,13,false,false,true,missing,false,true,gradient_only,1,1,16,101,0,0.8956723532375336,3.0149033538215817,missing
red1:lane1:snr20.0:seed4:frame2,20.0,2,profiled_cz,42,false,false,false,missing,false,true,gradient_only,1,1,16,181,13,1.2785430601689076,2.820580027082123,missing
red1:lane1:snr20.0:seed4:frame3,20.0,3,profiled_cz,41,false,false,false,missing,false,true,gradient_only,1,1,16,180,15,0.6762847930137396,2.812102495766924,missing
red1:lane1:snr20.0:seed4:frame4,20.0,4,profiled_cz,70,false,false,false,missing,false,true,gradient_only,1,1,16,250,23,1.5520463777033058,3.9683272852493126,missing
red1:lane1:snr20.0:seed4:frame5,20.0,5,profiled_cz,10,false,false,true,missing,false,true,gradient_only,1,1,16,79,0,1.022664783005118,2.1229709101153382,missing
red1:lane1:snr20.0:seed4:frame6,20.0,6,profiled_cz,33,false,false,false,missing,false,true,gradient_only,1,1,16,120,8,3.1551011540614122,2.0462224642759725,missing
red1:lane1:snr20.0:seed4:frame7,20.0,7,profiled_cz,148,false,false,false,missing,false,true,gradient_only,1,1,16,505,28,1.7045551071228777,4.037517063529001,missing
red1:lane1:snr20.0:seed4:frame8,20.0,8,profiled_cz,159,false,false,false,missing,false,true,gradient_only,8,1,16,510,72,1.2744293826148423,6.164270353758965,missing
red1:lane1:snr20.0:seed4:frame9,20.0,9,profiled_cz,61,false,false,false,missing,false,true,gradient_only,1,1,16,239,20,0.6746138921616077,2.699811607844803,missing
red1:lane1:snr20.0:seed4:frame10,20.0,10,profiled_cz,19,false,false,false,missing,false,true,gradient_only,1,1,16,141,5,3.074778508728428,2.727200035428196,missing
red1:lane1:snr20.0:seed4:frame11,20.0,11,profiled_cz,16,false,false,true,missing,false,true,gradient_only,1,1,16,106,0,0.8175546804433022,2.542473108681327,missing
red1:lane1:snr20.0:seed4:frame12,20.0,12,profiled_cz,41,false,false,false,missing,false,true,gradient_only,1,1,16,158,5,2.221861799764103,2.154838231312036,missing
red1:lane1:snr20.0:seed4:frame13,20.0,13,profiled_cz,235,false,false,false,missing,false,true,gradient_only,7,1,16,868,90,2.4000109816638293,3.7493126927920035,missing
red1:lane1:snr20.0:seed4:frame14,20.0,14,profiled_cz,156,false,false,false,missing,false,true,gradient_only,1,1,16,442,49,0.9655653451471593,3.285621253467337,missing
red1:lane1:snr20.0:seed4:frame15,20.0,15,profiled_cz,36,false,false,false,missing,false,true,gradient_only,1,1,16,184,25,0.9864495232189748,2.3611180967061682,missing
red1:lane1:snr20.0:seed4:frame16,20.0,16,profiled_cz,63,false,false,false,missing,false,true,gradient_only,1,1,16,231,31,0.9791501609158884,3.782502546432806,missing
red1:lane1:snr20.0:seed4:frame17,20.0,17,profiled_cz,41,false,false,false,missing,false,true,gradient_only,1,1,16,192,15,2.1954059873356555,2.14681254230495,missing
red1:lane1:snr20.0:seed4:frame18,20.0,18,profiled_cz,58,false,false,false,missing,false,true,gradient_only,1,1,16,197,6,1.4933108027069872,2.213389481507583,missing
red1:lane1:snr20.0:seed4:frame19,20.0,19,profiled_cz,33,false,false,false,missing,false,true,gradient_only,1,1,16,148,14,1.049231337048351,2.53301311557094,missing
red1:lane1:snr20.0:seed4:frame20,20.0,20,profiled_cz,11,false,false,false,missing,false,true,gradient_only,1,1,16,116,11,0.5949966371902692,2.4931171417721876,missing
red1:lane1:snr20.0:seed4:frame21,20.0,21,profiled_cz,23,false,false,false,missing,false,true,gradient_only,1,1,16,117,7,0.8881178078872952,3.7562118693091677,missing
red1:lane1:snr20.0:seed4:frame22,20.0,22,profiled_cz,117,false,false,false,missing,false,true,gradient_only,1,1,16,409,26,1.1465872298794517,4.153890646152231,missing
red1:lane1:snr20.0:seed4:frame23,20.0,23,profiled_cz,84,false,false,false,missing,false,true,gradient_only,1,1,16,274,35,3.377404611601007,2.732597046997039,missing
red1:lane1:snr20.0:seed4:frame24,20.0,24,profiled_cz,44,false,false,false,missing,false,true,gradient_only,1,1,16,183,9,1.4010188820500666,5.480871038508357,missing
red1:lane1:snr20.0:seed4:frame25,20.0,25,profiled_cz,13,false,false,false,missing,false,true,gradient_only,1,1,16,82,2,0.5338313577571896,1.7252187235780532,missing
red1:lane1:snr20.0:seed4:frame26,20.0,26,profiled_cz,20,false,false,true,missing,false,true,gradient_only,1,1,16,119,0,0.805427219251427,1.6366756431970424,missing
red1:lane1:snr20.0:seed4:frame27,20.0,27,profiled_cz,26,false,false,false,missing,false,true,gradient_only,1,1,16,133,10,0.9315038021068877,2.3629451470847336,missing
red1:lane1:snr20.0:seed4:frame28,20.0,28,profiled_cz,24,false,false,false,missing,false,true,gradient_only,1,1,16,114,4,0.8271808406875915,1.9128959758518302,missing
red1:lane1:snr20.0:seed4:frame29,20.0,29,profiled_cz,24,false,false,false,missing,false,true,gradient_only,1,1,16,154,19,0.745049756161823,2.206458300673098,missing
red1:lane1:snr20.0:seed4:frame30,20.0,30,profiled_cz,57,false,false,false,missing,false,true,gradient_only,1,1,16,232,12,0.875842682116622,2.8184905684435955,missing
red1:lane1:snr20.0:seed4:frame31,20.0,31,profiled_cz,9,false,false,false,missing,false,true,gradient_only,1,1,16,93,4,0.8879744965449103,2.1481396555059478,missing
red1:lane1:snr20.0:seed4:frame32,20.0,32,profiled_cz,13,false,false,false,missing,false,true,gradient_only,1,1,16,121,14,0.9515921404209007,3.5434254649662065,missing
red1:lane1:snr20.0:seed4:frame33,20.0,33,profiled_cz,3,false,false,false,missing,false,true,gradient_only,1,1,16,80,5,1.0767073739486255,1.527524671732227,missing
red1:lane1:snr20.0:seed4:frame34,20.0,34,profiled_cz,53,false,false,false,missing,false,true,gradient_only,1,1,16,185,13,1.046205099331922,2.055598073098956,missing
red1:lane1:snr20.0:seed4:frame35,20.0,35,profiled_cz,219,false,false,false,missing,false,true,gradient_only,1,1,16,725,66,1.1210673814385208,3.340356642517404,missing
red1:lane1:snr20.0:seed4:frame36,20.0,36,profiled_cz,43,false,false,false,missing,false,true,gradient_only,1,1,16,149,5,0.9687484896521084,2.3166287782347665,missing
red1:lane1:snr20.0:seed4:frame37,20.0,37,profiled_cz,8,false,false,true,missing,false,true,gradient_only,1,1,16,62,0,0.4033060602247294,1.6322586120384202,missing
red1:lane1:snr20.0:seed4:frame38,20.0,38,profiled_cz,11,false,false,false,missing,false,true,gradient_only,1,1,16,82,5,0.5585434099884105,1.7068212963420701,missing
red1:lane1:snr20.0:seed4:frame39,20.0,39,profiled_cz,1,false,false,true,missing,false,true,gradient_only,1,1,16,51,0,0.44198265141265064,1.2982269457102125,missing
red1:lane1:snr20.0:seed4:frame40,20.0,40,profiled_cz,5,false,false,false,missing,false,true,gradient_only,1,1,16,103,3,0.44061545731523055,2.0667169523351663,missing
red1:lane1:snr20.0:seed4:frame41,20.0,41,profiled_cz,20,false,false,false,missing,false,true,gradient_only,1,1,16,146,9,1.5145769436143464,2.050969894171224,missing
red1:lane1:snr20.0:seed4:frame42,20.0,42,profiled_cz,11,false,false,false,missing,false,true,gradient_only,1,1,16,137,9,1.0704729617279705,2.09809231354022,missing
red1:lane1:snr20.0:seed4:frame43,20.0,43,profiled_cz,73,false,false,false,missing,false,true,gradient_only,1,1,16,406,28,0.34190013296532806,557.561971294528,missing
red1:lane1:snr20.0:seed4:frame44,20.0,44,profiled_cz,7,false,false,true,missing,false,true,gradient_only,1,1,16,50,0,0.34600819491762813,1.5246945053468894,missing
red1:lane1:snr20.0:seed4:frame45,20.0,45,profiled_cz,10,false,false,false,missing,false,true,gradient_only,1,1,16,132,5,0.6756812516194811,7.7193824609160195,missing
red1:lane1:snr20.0:seed4:frame46,20.0,46,profiled_cz,82,false,false,false,missing,false,true,gradient_only,1,1,16,320,60,0.8525500530803863,2.151168441705771,missing
red1:lane1:snr20.0:seed4:frame47,20.0,47,profiled_cz,11,false,false,false,missing,false,true,gradient_only,1,1,16,109,6,1.3942669929978373,1.9925611662650087,missing
red1:lane1:snr20.0:seed4:frame48,20.0,48,profiled_cz,3,false,false,false,missing,false,true,gradient_only,1,1,16,46,2,0.641350352119615,1.4587957549052766,missing
red1:lane1:snr20.0:seed4:frame49,20.0,49,profiled_cz,5,false,false,true,missing,false,true,gradient_only,1,1,16,55,0,0.6659554978483531,33.29206156028759,missing
red1:lane1:snr20.0:seed4:frame50,20.0,50,profiled_cz,7,false,false,false,missing,false,true,gradient_only,1,1,16,72,6,0.45929423909829104,2.951930338302697,missing
red1:lane1:snr20.0:seed4:frame51,20.0,51,profiled_cz,11,false,false,false,missing,false,true,gradient_only,1,1,16,107,5,0.7251329098656795,1.6832482492503011,missing
red1:lane1:snr20.0:seed4:frame52,20.0,52,profiled_cz,14,false,false,false,missing,false,true,gradient_only,1,1,16,104,2,1.3094623152752134,11.760797622720283,missing
red1:lane1:snr20.0:seed4:frame53,20.0,53,profiled_cz,15,false,false,true,missing,false,true,gradient_only,1,1,16,78,0,0.5394879047842221,2.2744281015008285,missing
red1:lane1:snr20.0:seed4:frame54,20.0,54,profiled_cz,8,false,false,false,missing,false,true,gradient_only,1,1,16,58,2,0.42460400424755756,1.8166144899548855,missing
red1:lane1:snr20.0:seed4:frame55,20.0,55,profiled_cz,5,false,false,false,missing,false,true,gradient_only,1,1,16,90,5,0.7009295140140831,1.2509114958764818,missing
red1:lane1:snr20.0:seed4:frame56,20.0,56,profiled_cz,3,false,false,true,missing,false,true,gradient_only,1,1,16,75,0,0.6502904129124755,1.5372544711239045,missing
red1:lane1:snr20.0:seed4:frame57,20.0,57,profiled_cz,20,false,false,false,missing,false,true,gradient_only,1,1,16,121,7,1.2380468886139435,2.210536456337392,missing
red1:lane1:snr20.0:seed4:frame58,20.0,58,profiled_cz,3,false,false,true,missing,false,true,gradient_only,1,1,16,39,0,0.4371877905111102,3.1540849170316503,missing
red1:lane1:snr20.0:seed4:frame59,20.0,59,profiled_cz,3,false,false,false,missing,false,true,gradient_only,1,1,16,42,3,0.621549724793776,1.9338627089265694,missing
red1:lane1:snr20.0:seed4:frame60,20.0,60,profiled_cz,10,false,false,false,missing,false,true,gradient_only,1,1,16,91,2,0.5183960281644361,1.832793916756648,missing
red1:lane1:snr22.0:seed4:frame1,22.0,1,cwz_joint,9,false,false,true,missing,false,true,gradient_only,8,1,16,84,0,0.5645918075931146,58.12753060609338,missing
red1:lane1:snr22.0:seed4:frame2,22.0,2,cwz_joint,32,false,false,true,missing,false,true,gradient_only,8,1,16,167,0,1.2205754706073726,57.14105972275032,missing
red1:lane1:snr22.0:seed4:frame3,22.0,3,cwz_joint,28,false,false,true,missing,false,true,gradient_only,8,1,16,157,0,0.9795315745084506,51.825944752832264,missing
red1:lane1:snr22.0:seed4:frame4,22.0,4,cwz_joint,42,false,false,true,missing,false,true,gradient_only,8,1,16,167,0,1.2206345140264643,69.79863566819478,missing
red1:lane1:snr22.0:seed4:frame5,22.0,5,cwz_joint,6,false,false,true,missing,false,true,gradient_only,8,1,16,76,0,0.6816422012193268,45.21166201880574,missing
red1:lane1:snr22.0:seed4:frame6,22.0,6,cwz_joint,34,false,false,true,missing,false,true,gradient_only,8,1,16,88,0,1.5060731764957307,44.147542652643786,missing
red1:lane1:snr22.0:seed4:frame7,22.0,7,cwz_joint,136,false,false,true,missing,false,true,gradient_only,8,1,16,423,0,9.525281348800654,75.35726839391691,missing
red1:lane1:snr22.0:seed4:frame8,22.0,8,cwz_joint,136,false,false,true,missing,false,true,gradient_only,8,1,16,464,0,1.2210467794297333,91.9070343107242,missing
red1:lane1:snr22.0:seed4:frame9,22.0,9,cwz_joint,38,false,false,true,missing,false,true,gradient_only,8,1,16,231,0,0.9581095247412118,48.99513124316368,missing
red1:lane1:snr22.0:seed4:frame10,22.0,10,cwz_joint,11,false,false,true,missing,false,true,gradient_only,8,1,16,108,0,5.833686727880411,48.148197460554826,missing
red1:lane1:snr22.0:seed4:frame11,22.0,11,cwz_joint,14,false,false,true,missing,false,true,gradient_only,8,1,16,73,0,0.5646077737824268,49.90364006375006,missing
red1:lane1:snr22.0:seed4:frame12,22.0,12,cwz_joint,33,false,false,true,missing,false,true,gradient_only,8,1,16,134,0,1.0120283855198682,42.92178227741216,missing
red1:lane1:snr22.0:seed4:frame13,22.0,13,cwz_joint,208,false,false,true,missing,false,true,gradient_only,8,1,16,714,0,1.9324825254444828,66.85867228761269,missing
red1:lane1:snr22.0:seed4:frame14,22.0,14,cwz_joint,132,false,false,true,missing,false,true,gradient_only,8,1,16,318,0,1.1354632896941008,58.72818017259354,missing
red1:lane1:snr22.0:seed4:frame15,22.0,15,cwz_joint,32,false,false,true,missing,false,true,gradient_only,8,1,16,159,0,1.0001090967505852,44.788745616226734,missing
red1:lane1:snr22.0:seed4:frame16,22.0,16,cwz_joint,63,false,false,true,missing,false,true,gradient_only,8,1,16,221,0,0.9382123693086238,123.84754432832646,missing
red1:lane1:snr22.0:seed4:frame17,22.0,17,cwz_joint,38,false,false,true,missing,false,true,gradient_only,8,1,16,155,0,2.020150324950906,41.37645106228654,missing
red1:lane1:snr22.0:seed4:frame18,22.0,18,cwz_joint,50,false,false,true,missing,false,true,gradient_only,8,1,16,176,0,0.8523142202172114,44.32929088421131,missing
red1:lane1:snr22.0:seed4:frame19,22.0,19,cwz_joint,24,false,false,true,missing,false,true,gradient_only,8,1,16,147,0,0.5777834687367461,44.91133841968149,missing
red1:lane1:snr22.0:seed4:frame20,22.0,20,cwz_joint,11,false,false,true,missing,false,true,gradient_only,8,1,16,106,0,0.6198670835042486,35.920753405571794,missing
red1:lane1:snr22.0:seed4:frame21,22.0,21,cwz_joint,25,false,false,true,missing,false,true,gradient_only,8,1,16,98,0,0.7758387741927874,45.19647088219582,missing
red1:lane1:snr22.0:seed4:frame22,22.0,22,cwz_joint,76,false,false,true,missing,false,true,gradient_only,8,1,16,298,0,6.057243861946743,65.31687209388224,missing
red1:lane1:snr22.0:seed4:frame23,22.0,23,cwz_joint,66,false,false,true,missing,false,true,gradient_only,8,1,16,222,0,1.1462384489001953,49.79749011859721,missing
red1:lane1:snr22.0:seed4:frame24,22.0,24,cwz_joint,30,false,false,true,missing,false,true,gradient_only,8,1,16,149,0,0.9123687287443024,87.31450118318479,missing
red1:lane1:snr22.0:seed4:frame25,22.0,25,cwz_joint,11,false,false,true,missing,false,true,gradient_only,8,1,16,84,0,0.40456130106299965,33.516469596101416,missing
red1:lane1:snr22.0:seed4:frame26,22.0,26,cwz_joint,12,false,false,true,missing,false,true,gradient_only,8,1,16,106,0,0.7522864009992778,33.39503543256433,missing
red1:lane1:snr22.0:seed4:frame27,22.0,27,cwz_joint,12,false,false,true,missing,false,true,gradient_only,8,1,16,85,0,0.6957520485249217,39.52664362765195,missing
red1:lane1:snr22.0:seed4:frame28,22.0,28,cwz_joint,17,false,false,true,missing,false,true,gradient_only,8,1,16,109,0,0.9299247709918897,35.74912987778927,missing
red1:lane1:snr22.0:seed4:frame29,22.0,29,cwz_joint,20,false,false,true,missing,false,true,gradient_only,8,1,16,123,0,0.6851637774299152,43.75235335412263,missing
red1:lane1:snr22.0:seed4:frame30,22.0,30,cwz_joint,42,false,false,true,missing,false,true,gradient_only,8,1,16,169,0,2.615085806408891,44.5739485790277,missing
red1:lane1:snr22.0:seed4:frame31,22.0,31,cwz_joint,6,false,false,true,missing,false,true,gradient_only,8,1,16,66,0,0.5536374913836327,40.445732406308146,missing
red1:lane1:snr22.0:seed4:frame32,22.0,32,cwz_joint,2,false,false,true,missing,false,true,gradient_only,8,1,16,64,0,0.9916547346977227,49.15357525956907,missing
red1:lane1:snr22.0:seed4:frame33,22.0,33,cwz_joint,3,false,false,true,missing,false,true,gradient_only,8,1,16,62,0,0.5482342339036983,29.712346221717056,missing
red1:lane1:snr22.0:seed4:frame34,22.0,34,cwz_joint,55,false,false,true,missing,false,true,gradient_only,8,1,16,161,0,1.0424373576203805,42.063677805327266,missing
red1:lane1:snr22.0:seed4:frame35,22.0,35,cwz_joint,189,false,false,true,missing,false,true,gradient_only,8,1,16,554,0,1.6602273875745346,41.935212718336004,missing
red1:lane1:snr22.0:seed4:frame36,22.0,36,cwz_joint,37,false,false,true,missing,false,true,gradient_only,8,1,16,131,0,1.2251295527981487,45.21074062866353,missing
red1:lane1:snr22.0:seed4:frame37,22.0,37,cwz_joint,9,false,false,true,missing,false,true,gradient_only,8,1,16,55,0,0.9934088744277721,25.23910924949976,missing
red1:lane1:snr22.0:seed4:frame38,22.0,38,cwz_joint,5,false,false,true,missing,false,true,gradient_only,8,1,16,60,0,0.3557660376671609,25.680000566779093,missing
red1:lane1:snr22.0:seed4:frame39,22.0,39,cwz_joint,1,false,false,true,missing,false,true,gradient_only,8,1,16,47,0,0.8349646209363033,28.632633415893558,missing
red1:lane1:snr22.0:seed4:frame40,22.0,40,cwz_joint,3,false,false,true,missing,false,true,gradient_only,8,1,16,78,0,0.6919383401257115,35.79945055125219,missing
red1:lane1:snr22.0:seed4:frame41,22.0,41,cwz_joint,13,false,false,true,missing,false,true,gradient_only,8,1,16,114,0,1.7943070047696301,35.69787046527063,missing
red1:lane1:snr22.0:seed4:frame42,22.0,42,cwz_joint,9,false,false,true,missing,false,true,gradient_only,8,1,16,103,0,0.6357406043139062,40.87246463943785,missing
red1:lane1:snr22.0:seed4:frame43,22.0,43,cwz_joint,64,false,false,true,missing,false,true,gradient_only,8,1,16,336,0,0.3373420452127148,1265.903684609641,missing
red1:lane1:snr22.0:seed4:frame44,22.0,44,cwz_joint,7,false,false,true,missing,false,true,gradient_only,8,1,16,42,0,0.3502629451016609,28.581657556754575,missing
red1:lane1:snr22.0:seed4:frame45,22.0,45,cwz_joint,4,false,false,true,missing,false,true,gradient_only,8,1,16,98,0,0.8162446078643113,50.882995901911535,missing
red1:lane1:snr22.0:seed4:frame46,22.0,46,cwz_joint,57,false,false,true,missing,false,true,gradient_only,8,1,16,221,0,0.7799676079691727,33.32350104573008,missing
red1:lane1:snr22.0:seed4:frame47,22.0,47,cwz_joint,4,false,false,true,missing,false,true,gradient_only,8,1,16,67,0,1.0882263097980145,26.287606860608143,missing
red1:lane1:snr22.0:seed4:frame48,22.0,48,cwz_joint,1,false,false,true,missing,false,true,gradient_only,8,1,16,34,0,0.4776760822053449,29.037378329956493,missing
red1:lane1:snr22.0:seed4:frame49,22.0,49,cwz_joint,3,false,false,true,missing,false,true,gradient_only,8,1,16,49,0,0.5594594846343018,52.46198906774137,missing
red1:lane1:snr22.0:seed4:frame50,22.0,50,cwz_joint,6,false,false,true,missing,false,true,gradient_only,8,1,16,53,0,0.3873093587943129,42.87514798590707,missing
red1:lane1:snr22.0:seed4:frame51,22.0,51,cwz_joint,9,false,false,true,missing,false,true,gradient_only,8,1,16,98,0,0.4482572063182939,29.45065532796914,missing
red1:lane1:snr22.0:seed4:frame52,22.0,52,cwz_joint,6,false,false,true,missing,false,true,gradient_only,8,1,16,90,0,1.0380148275665984,56.59927165719503,missing
red1:lane1:snr22.0:seed4:frame53,22.0,53,cwz_joint,13,false,false,true,missing,false,true,gradient_only,8,1,16,73,0,0.5880824985863083,36.67410865142255,missing
red1:lane1:snr22.0:seed4:frame54,22.0,54,cwz_joint,5,false,false,true,missing,false,true,gradient_only,8,1,16,52,0,6.508042687551944,24.891357024598243,missing
red1:lane1:snr22.0:seed4:frame55,22.0,55,cwz_joint,3,false,false,true,missing,false,true,gradient_only,8,1,16,69,0,1.7657049759329897,17.732130262228523,missing
red1:lane1:snr22.0:seed4:frame56,22.0,56,cwz_joint,2,false,false,true,missing,false,true,gradient_only,8,1,16,57,0,0.7249085798479513,29.505710397735584,missing
red1:lane1:snr22.0:seed4:frame57,22.0,57,cwz_joint,13,false,false,true,missing,false,true,gradient_only,8,1,16,106,0,2.335491374990293,32.355324517838824,missing
red1:lane1:snr22.0:seed4:frame58,22.0,58,cwz_joint,2,false,false,true,missing,false,true,gradient_only,8,1,16,34,0,0.4109742658367217,350.18920627377565,missing
red1:lane1:snr22.0:seed4:frame59,22.0,59,cwz_joint,1,false,false,true,missing,false,true,gradient_only,8,1,16,29,0,0.490264776793928,34.018795909933225,missing
red1:lane1:snr22.0:seed4:frame60,22.0,60,cwz_joint,6,false,false,true,missing,false,true,gradient_only,8,1,16,73,0,0.5520986383175008,31.918750463322542,missing
red1:lane1:snr22.0:seed4:frame1,22.0,1,profiled_cz,10,false,false,false,missing,false,true,gradient_only,1,1,16,84,5,0.5645918075931146,2.933690106756027,missing
red1:lane1:snr22.0:seed4:frame2,22.0,2,profiled_cz,32,false,false,false,missing,false,true,gradient_only,1,1,16,167,15,1.2205754706073726,2.7479065124421007,missing
red1:lane1:snr22.0:seed4:frame3,22.0,3,profiled_cz,28,false,false,false,missing,false,true,gradient_only,1,1,16,157,5,0.9795315745084506,2.6678880161157386,missing
red1:lane1:snr22.0:seed4:frame4,22.0,4,profiled_cz,42,false,false,false,missing,false,true,gradient_only,1,1,16,167,20,1.2206345140264643,3.499825322107967,missing
red1:lane1:snr22.0:seed4:frame5,22.0,5,profiled_cz,6,false,false,false,missing,false,true,gradient_only,1,1,16,76,2,0.6816422012193268,2.084619280113591,missing
red1:lane1:snr22.0:seed4:frame6,22.0,6,profiled_cz,34,false,false,false,missing,false,true,gradient_only,1,1,16,88,6,1.5060731764957307,1.9876998417524663,missing
red1:lane1:snr22.0:seed4:frame7,22.0,7,profiled_cz,136,false,false,false,missing,false,true,gradient_only,1,1,16,423,21,9.525281348800654,3.8094015713565175,missing
red1:lane1:snr22.0:seed4:frame8,22.0,8,profiled_cz,136,false,false,false,missing,false,true,gradient_only,1,1,16,464,59,1.2210467794297333,5.125980361495871,missing
red1:lane1:snr22.0:seed4:frame9,22.0,9,profiled_cz,39,false,false,false,missing,false,true,gradient_only,1,1,16,231,35,0.9581095247412118,2.5698789104288675,missing
red1:lane1:snr22.0:seed4:frame10,22.0,10,profiled_cz,11,false,false,false,missing,false,true,gradient_only,1,1,16,108,6,5.833686727880411,2.522066193273801,missing
red1:lane1:snr22.0:seed4:frame11,22.0,11,profiled_cz,14,false,false,true,missing,false,true,gradient_only,1,1,16,73,0,0.5646077737824268,2.406756794259622,missing
red1:lane1:snr22.0:seed4:frame12,22.0,12,profiled_cz,33,false,false,false,missing,false,true,gradient_only,1,1,16,134,12,1.0120283855198682,2.120459377200635,missing
red1:lane1:snr22.0:seed4:frame13,22.0,13,profiled_cz,211,false,false,false,missing,false,true,gradient_only,3,1,16,714,90,1.9324825254444828,3.5036846180991024,missing
red1:lane1:snr22.0:seed4:frame14,22.0,14,profiled_cz,133,false,false,false,missing,false,true,gradient_only,1,1,16,318,20,1.1354632896941008,3.1470294702336212,missing
red1:lane1:snr22.0:seed4:frame15,22.0,15,profiled_cz,32,false,false,false,missing,false,true,gradient_only,1,1,16,159,10,1.0001090967505852,2.306272583970516,missing
red1:lane1:snr22.0:seed4:frame16,22.0,16,profiled_cz,63,false,false,false,missing,false,true,gradient_only,1,1,16,221,10,0.9382123693086238,3.8991254970815885,missing
red1:lane1:snr22.0:seed4:frame17,22.0,17,profiled_cz,38,false,false,false,missing,false,true,gradient_only,1,1,16,155,7,2.020150324950906,2.1405006436018597,missing
red1:lane1:snr22.0:seed4:frame18,22.0,18,profiled_cz,50,false,false,false,missing,false,true,gradient_only,1,1,16,176,13,0.8523142202172114,2.181729262531651,missing
red1:lane1:snr22.0:seed4:frame19,22.0,19,profiled_cz,24,false,false,false,missing,false,true,gradient_only,1,1,16,147,5,0.5777834687367461,2.4288413064008365,missing
red1:lane1:snr22.0:seed4:frame20,22.0,20,profiled_cz,11,false,false,false,missing,false,true,gradient_only,1,1,16,106,4,0.6198670835042486,2.3378527649836682,missing
red1:lane1:snr22.0:seed4:frame21,22.0,21,profiled_cz,25,false,false,false,missing,false,true,gradient_only,1,1,16,98,7,0.7758387741927874,3.3359849791269394,missing
red1:lane1:snr22.0:seed4:frame22,22.0,22,profiled_cz,77,false,false,false,missing,false,true,gradient_only,1,1,16,298,32,6.057243861946743,3.585223247023276,missing
red1:lane1:snr22.0:seed4:frame23,22.0,23,profiled_cz,66,false,false,false,missing,false,true,gradient_only,2,1,16,222,20,1.1462384489001953,2.4905277076420416,missing
red1:lane1:snr22.0:seed4:frame24,22.0,24,profiled_cz,30,false,false,false,missing,false,true,gradient_only,7,1,16,149,19,0.9123687287443024,5.928725376186772,missing
red1:lane1:snr22.0:seed4:frame25,22.0,25,profiled_cz,11,false,false,false,missing,false,true,gradient_only,1,1,16,84,2,0.40456130106299965,1.6857875273618763,missing
red1:lane1:snr22.0:seed4:frame26,22.0,26,profiled_cz,12,false,false,false,missing,false,true,gradient_only,1,1,16,106,2,0.7522864009992778,1.5620544507856966,missing
red1:lane1:snr22.0:seed4:frame27,22.0,27,profiled_cz,12,false,false,false,missing,false,true,gradient_only,1,1,16,85,6,0.6957520485249217,2.20939676002176,missing
red1:lane1:snr22.0:seed4:frame28,22.0,28,profiled_cz,17,false,false,false,missing,false,true,gradient_only,1,1,16,109,7,0.9299247709918897,1.8202393299386008,missing
red1:lane1:snr22.0:seed4:frame29,22.0,29,profiled_cz,20,false,false,false,missing,false,true,gradient_only,1,1,16,123,23,0.6851637774299152,2.1462519390262127,missing
red1:lane1:snr22.0:seed4:frame30,22.0,30,profiled_cz,42,false,false,false,missing,false,true,gradient_only,1,1,16,169,2,2.615085806408891,2.597356526654907,missing
red1:lane1:snr22.0:seed4:frame31,22.0,31,profiled_cz,6,false,false,true,missing,false,true,gradient_only,1,1,16,66,0,0.5536374913836327,2.0051801501609554,missing
red1:lane1:snr22.0:seed4:frame32,22.0,32,profiled_cz,2,false,false,true,missing,false,true,gradient_only,1,1,16,64,0,0.9916547346977227,2.910099112525414,missing
red1:lane1:snr22.0:seed4:frame33,22.0,33,profiled_cz,3,false,false,false,missing,false,true,gradient_only,1,1,16,62,1,0.5482342339036983,1.471979670701522,missing
red1:lane1:snr22.0:seed4:frame34,22.0,34,profiled_cz,55,false,false,false,missing,false,true,gradient_only,1,1,16,161,15,1.0424373576203805,1.9750212493083612,missing
red1:lane1:snr22.0:seed4:frame35,22.0,35,profiled_cz,190,false,false,false,missing,false,true,gradient_only,1,1,16,554,60,1.6602273875745346,2.9269965660534205,missing
red1:lane1:snr22.0:seed4:frame36,22.0,36,profiled_cz,37,false,false,false,missing,false,true,gradient_only,1,1,16,131,15,1.2251295527981487,2.2106108376266325,missing
red1:lane1:snr22.0:seed4:frame37,22.0,37,profiled_cz,9,false,false,true,missing,false,true,gradient_only,1,1,16,55,0,0.9934088744277721,1.5841267093291276,missing
red1:lane1:snr22.0:seed4:frame38,22.0,38,profiled_cz,5,false,false,false,missing,false,true,gradient_only,1,1,16,60,3,0.3557660376671609,1.5293855533340157,missing
red1:lane1:snr22.0:seed4:frame39,22.0,39,profiled_cz,1,false,false,false,missing,false,true,gradient_only,1,1,16,47,2,0.8349646209363033,1.2519444088073481,missing
red1:lane1:snr22.0:seed4:frame40,22.0,40,profiled_cz,3,false,false,false,missing,false,true,gradient_only,1,1,16,78,3,0.6919383401257115,1.95498274203725,missing
red1:lane1:snr22.0:seed4:frame41,22.0,41,profiled_cz,13,false,false,true,missing,false,true,gradient_only,1,1,16,114,0,1.7943070047696301,1.8767585457479237,missing
red1:lane1:snr22.0:seed4:frame42,22.0,42,profiled_cz,9,false,false,false,missing,false,true,gradient_only,1,1,16,103,9,0.6357406043139062,1.8547487584167042,missing
red1:lane1:snr22.0:seed4:frame43,22.0,43,profiled_cz,63,false,false,false,missing,false,true,gradient_only,1,1,16,336,38,0.3373420452127148,132.4921162368244,missing
red1:lane1:snr22.0:seed4:frame44,22.0,44,profiled_cz,7,false,false,true,missing,false,true,gradient_only,1,1,16,42,0,0.3502629451016609,1.4879042850830824,missing
red1:lane1:snr22.0:seed4:frame45,22.0,45,profiled_cz,4,false,false,false,missing,false,true,gradient_only,1,1,16,98,3,0.8162446078643113,16.56624141525595,missing
red1:lane1:snr22.0:seed4:frame46,22.0,46,profiled_cz,57,false,false,false,missing,false,true,gradient_only,1,1,16,221,14,0.7799676079691727,1.7892422925199094,missing
red1:lane1:snr22.0:seed4:frame47,22.0,47,profiled_cz,4,false,false,true,missing,false,true,gradient_only,1,1,16,67,0,1.0882263097980145,1.8312018010071809,missing
red1:lane1:snr22.0:seed4:frame48,22.0,48,profiled_cz,1,false,false,true,missing,false,true,gradient_only,1,1,16,34,0,0.4776760822053449,1.372002275418257,missing
red1:lane1:snr22.0:seed4:frame49,22.0,49,profiled_cz,3,false,false,false,missing,false,true,gradient_only,1,1,16,49,2,0.5594594846343018,33.81784184935775,missing
red1:lane1:snr22.0:seed4:frame50,22.0,50,profiled_cz,6,false,false,true,missing,false,true,gradient_only,1,1,16,53,0,0.3873093587943129,2.778460492642293,missing
red1:lane1:snr22.0:seed4:frame51,22.0,51,profiled_cz,9,false,false,false,missing,false,true,gradient_only,5,1,16,98,6,0.4482572063182939,1.6239785773030062,missing
red1:lane1:snr22.0:seed4:frame52,22.0,52,profiled_cz,6,false,false,false,missing,false,true,gradient_only,1,1,16,90,5,1.0380148275665984,15.943483253157515,missing
red1:lane1:snr22.0:seed4:frame53,22.0,53,profiled_cz,13,false,false,false,missing,false,true,gradient_only,1,1,16,73,3,0.5880824985863083,2.113538667671101,missing
red1:lane1:snr22.0:seed4:frame54,22.0,54,profiled_cz,5,false,false,true,missing,false,true,gradient_only,1,1,16,52,0,6.508042687551944,1.6738572595137038,missing
red1:lane1:snr22.0:seed4:frame55,22.0,55,profiled_cz,3,false,false,false,missing,false,true,gradient_only,1,1,16,69,3,1.7657049759329897,1.1941014559097547,missing
red1:lane1:snr22.0:seed4:frame56,22.0,56,profiled_cz,2,false,false,false,missing,false,true,gradient_only,1,1,16,57,2,0.7249085798479513,1.4692818140401656,missing
red1:lane1:snr22.0:seed4:frame57,22.0,57,profiled_cz,13,false,false,false,missing,false,true,gradient_only,1,1,16,106,8,2.335491374990293,2.0023496240411327,missing
red1:lane1:snr22.0:seed4:frame58,22.0,58,profiled_cz,2,false,false,true,missing,false,true,gradient_only,1,1,16,34,0,0.4109742658367217,2.572074038226822,missing
red1:lane1:snr22.0:seed4:frame59,22.0,59,profiled_cz,1,false,false,false,missing,false,true,gradient_only,1,1,16,29,3,0.490264776793928,1.815730303470618,missing
red1:lane1:snr22.0:seed4:frame60,22.0,60,profiled_cz,6,false,false,true,missing,false,true,gradient_only,1,1,16,73,0,0.5520986383175008,1.643561991329645,missing
red1:lane1:snr24.0:seed4:frame1,24.0,1,cwz_joint,5,false,false,true,missing,false,true,gradient_only,8,1,16,81,0,0.5310915262357864,57.158913501220425,missing
red1:lane1:snr24.0:seed4:frame2,24.0,2,cwz_joint,35,false,false,true,missing,false,true,gradient_only,8,1,16,158,0,1.0194397719442425,56.97206614786987,missing
red1:lane1:snr24.0:seed4:frame3,24.0,3,cwz_joint,28,false,false,true,missing,false,true,gradient_only,8,1,16,146,0,2.7449619761388804,50.29974354150669,missing
red1:lane1:snr24.0:seed4:frame4,24.0,4,cwz_joint,30,false,false,true,missing,false,true,gradient_only,8,1,16,145,0,2.27823997700608,67.71190256698605,missing
red1:lane1:snr24.0:seed4:frame5,24.0,5,cwz_joint,5,false,false,true,missing,false,true,gradient_only,8,1,16,62,0,5.523218631304568,44.73534110365312,missing
red1:lane1:snr24.0:seed4:frame6,24.0,6,cwz_joint,29,false,false,true,missing,false,true,gradient_only,8,1,16,92,0,1.0262403660669475,43.669783035242375,missing
red1:lane1:snr24.0:seed4:frame7,24.0,7,cwz_joint,129,false,false,true,missing,false,true,gradient_only,8,1,16,403,0,1.3079169206885533,73.87223728650316,missing
red1:lane1:snr24.0:seed4:frame8,24.0,8,cwz_joint,127,false,false,true,missing,false,true,gradient_only,8,1,16,468,0,1.0912491177614128,90.26650106056351,missing
red1:lane1:snr24.0:seed4:frame9,24.0,9,cwz_joint,29,false,false,true,missing,false,true,gradient_only,8,1,16,176,0,2.06155992774464,48.28487120081029,missing
red1:lane1:snr24.0:seed4:frame10,24.0,10,cwz_joint,6,false,false,true,missing,false,true,gradient_only,8,1,16,80,0,1.1118818500102212,46.54895081773991,missing
red1:lane1:snr24.0:seed4:frame11,24.0,11,cwz_joint,14,false,false,true,missing,false,true,gradient_only,8,1,16,77,0,0.4540072191082075,47.823634705897064,missing
red1:lane1:snr24.0:seed4:frame12,24.0,12,cwz_joint,30,false,false,true,missing,false,true,gradient_only,8,1,16,134,0,1.6809760777173162,42.5298705195088,missing
red1:lane1:snr24.0:seed4:frame13,24.0,13,cwz_joint,187,false,false,true,missing,false,true,gradient_only,8,1,16,710,0,2.298364271855218,64.30245103120268,missing
red1:lane1:snr24.0:seed4:frame14,24.0,14,cwz_joint,114,false,false,true,missing,false,true,gradient_only,8,1,16,302,0,0.8484710581413346,57.58034802632245,missing
red1:lane1:snr24.0:seed4:frame15,24.0,15,cwz_joint,30,false,false,true,missing,false,true,gradient_only,8,1,16,152,0,1.0554380096488485,44.299508405601514,missing
red1:lane1:snr24.0:seed4:frame16,24.0,16,cwz_joint,58,false,false,true,missing,false,true,gradient_only,8,1,16,237,0,0.9051982239903417,96.85247397769666,missing
red1:lane1:snr24.0:seed4:frame17,24.0,17,cwz_joint,37,false,false,true,missing,false,true,gradient_only,8,1,16,151,0,1.570807897764488,40.60391164095859,missing
red1:lane1:snr24.0:seed4:frame18,24.0,18,cwz_joint,50,false,false,true,missing,false,true,gradient_only,8,1,16,164,0,0.769425088100113,43.18034196659993,missing
red1:lane1:snr24.0:seed4:frame19,24.0,19,cwz_joint,17,false,false,true,missing,false,true,gradient_only,8,1,16,127,0,0.48014689902938407,44.087587927079035,missing
red1:lane1:snr24.0:seed4:frame20,24.0,20,cwz_joint,11,false,false,true,missing,false,true,gradient_only,8,1,16,109,0,0.7006804977741526,34.46891166720512,missing
red1:lane1:snr24.0:seed4:frame21,24.0,21,cwz_joint,18,false,false,true,missing,false,true,gradient_only,8,1,16,92,0,0.6887002027989799,44.44953094913579,missing
red1:lane1:snr24.0:seed4:frame22,24.0,22,cwz_joint,50,false,false,true,missing,false,true,gradient_only,8,1,16,218,0,1.102177446923763,58.85325519484681,missing
red1:lane1:snr24.0:seed4:frame23,24.0,23,cwz_joint,51,false,false,true,missing,false,true,gradient_only,8,1,16,234,0,1.673661669978925,47.827820093049766,missing
red1:lane1:snr24.0:seed4:frame24,24.0,24,cwz_joint,28,false,false,true,missing,false,true,gradient_only,8,1,16,161,0,1.3420466296869058,88.28939073740902,missing
red1:lane1:snr24.0:seed4:frame25,24.0,25,cwz_joint,11,false,false,true,missing,false,true,gradient_only,8,1,16,66,0,0.35548565215905853,32.594498208361955,missing
red1:lane1:snr24.0:seed4:frame26,24.0,26,cwz_joint,10,false,false,true,missing,false,true,gradient_only,8,1,16,90,0,1.1943486173315065,32.66271954755808,missing
red1:lane1:snr24.0:seed4:frame27,24.0,27,cwz_joint,9,false,false,true,missing,false,true,gradient_only,8,1,16,80,0,0.5916921799471021,38.29428132930128,missing
red1:lane1:snr24.0:seed4:frame28,24.0,28,cwz_joint,11,false,false,true,missing,false,true,gradient_only,8,1,16,83,0,1.486031897011139,35.113626184078626,missing
red1:lane1:snr24.0:seed4:frame29,24.0,29,cwz_joint,17,false,false,true,missing,false,true,gradient_only,8,1,16,125,0,0.6150631557195261,42.683793606087875,missing
red1:lane1:snr24.0:seed4:frame30,24.0,30,cwz_joint,34,false,false,true,missing,false,true,gradient_only,8,1,16,172,0,0.6860621810001669,41.727899450616356,missing
red1:lane1:snr24.0:seed4:frame31,24.0,31,cwz_joint,5,false,false,true,missing,false,true,gradient_only,8,1,16,59,0,0.5016166605423462,39.087722023311116,missing
red1:lane1:snr24.0:seed4:frame32,24.0,32,cwz_joint,2,false,false,true,missing,false,true,gradient_only,8,1,16,58,0,0.5919812972283153,45.38500183940648,missing
red1:lane1:snr24.0:seed4:frame33,24.0,33,cwz_joint,3,false,false,true,missing,false,true,gradient_only,8,1,16,57,0,0.526618990715375,29.17210303193884,missing
red1:lane1:snr24.0:seed4:frame34,24.0,34,cwz_joint,48,false,false,true,missing,false,true,gradient_only,8,1,16,141,0,2.317181591895967,40.521223124008905,missing
red1:lane1:snr24.0:seed4:frame35,24.0,35,cwz_joint,167,false,false,true,missing,false,true,gradient_only,8,1,16,589,0,2.8444707603742243,41.1716089620282,missing
red1:lane1:snr24.0:seed4:frame36,24.0,36,cwz_joint,30,false,false,true,missing,false,true,gradient_only,8,1,16,131,0,0.6724033125285784,43.7341972122296,missing
red1:lane1:snr24.0:seed4:frame37,24.0,37,cwz_joint,6,false,false,true,missing,false,true,gradient_only,8,1,16,51,0,0.6169729965586779,24.788163350532646,missing
red1:lane1:snr24.0:seed4:frame38,24.0,38,cwz_joint,3,false,false,true,missing,false,true,gradient_only,8,1,16,39,0,0.3179838930276139,23.933450121192294,missing
red1:lane1:snr24.0:seed4:frame39,24.0,39,cwz_joint,2,false,false,true,missing,false,true,gradient_only,8,1,16,49,0,0.35971661814188144,27.959567253314358,missing
red1:lane1:snr24.0:seed4:frame40,24.0,40,cwz_joint,3,false,false,true,missing,false,true,gradient_only,8,1,16,71,0,0.5338039028451015,33.99894547188812,missing
red1:lane1:snr24.0:seed4:frame41,24.0,41,cwz_joint,5,false,false,true,missing,false,true,gradient_only,8,1,16,87,0,0.6957904833948486,34.4488179768237,missing
red1:lane1:snr24.0:seed4:frame42,24.0,42,cwz_joint,3,false,false,true,missing,false,true,gradient_only,8,1,16,96,0,0.6373034219092184,37.61610365075517,missing
red1:lane1:snr24.0:seed4:frame43,24.0,43,cwz_joint,65,false,false,true,missing,false,true,gradient_only,8,1,16,331,0,4.229311793966317,1185.3126152495456,missing
red1:lane1:snr24.0:seed4:frame44,24.0,44,cwz_joint,6,false,false,true,missing,false,true,gradient_only,8,1,16,44,0,0.6454973669534679,27.589224211026877,missing
red1:lane1:snr24.0:seed4:frame45,24.0,45,cwz_joint,5,false,false,true,missing,false,true,gradient_only,8,1,16,91,0,0.654214863362652,52.78438761229521,missing
red1:lane1:snr24.0:seed4:frame46,24.0,46,cwz_joint,38,false,false,true,missing,false,true,gradient_only,8,1,16,144,0,0.88104676303836,28.819808875205943,missing
red1:lane1:snr24.0:seed4:frame47,24.0,47,cwz_joint,4,false,false,true,missing,false,true,gradient_only,8,1,16,50,0,0.4529284201213043,24.96453057386714,missing
red1:lane1:snr24.0:seed4:frame48,24.0,48,cwz_joint,0,true,false,true,missing,false,true,gradient_only,8,1,16,25,0,0.328549595681637,27.50943337966092,missing
red1:lane1:snr24.0:seed4:frame49,24.0,49,cwz_joint,3,false,false,true,missing,false,true,gradient_only,8,1,16,43,0,0.4407055474513064,51.17403255559271,missing
red1:lane1:snr24.0:seed4:frame50,24.0,50,cwz_joint,5,false,false,true,missing,false,true,gradient_only,8,1,16,49,0,0.37145788818392356,42.01975302642726,missing
red1:lane1:snr24.0:seed4:frame51,24.0,51,cwz_joint,9,false,false,true,missing,false,true,gradient_only,8,1,16,88,0,0.4183737528947946,28.65944983466858,missing
red1:lane1:snr24.0:seed4:frame52,24.0,52,cwz_joint,6,false,false,true,missing,false,true,gradient_only,8,1,16,67,0,1.1074402286565146,54.480646615272505,missing
red1:lane1:snr24.0:seed4:frame53,24.0,53,cwz_joint,11,false,false,true,missing,false,true,gradient_only,8,1,16,69,0,1.1335590765550672,36.10646561827653,missing
red1:lane1:snr24.0:seed4:frame54,24.0,54,cwz_joint,4,false,false,true,missing,false,true,gradient_only,8,1,16,43,0,0.34706817115551536,23.682496931864087,missing
red1:lane1:snr24.0:seed4:frame55,24.0,55,cwz_joint,3,false,false,true,missing,false,true,gradient_only,8,1,16,57,0,0.7481024547278822,17.204725177306464,missing
red1:lane1:snr24.0:seed4:frame56,24.0,56,cwz_joint,4,false,false,true,missing,false,true,gradient_only,8,1,16,55,0,1.2614513859041945,28.865853069552198,missing
red1:lane1:snr24.0:seed4:frame57,24.0,57,cwz_joint,8,false,false,true,missing,false,true,gradient_only,8,1,16,85,0,0.42758794489691737,30.22946401636289,missing
red1:lane1:snr24.0:seed4:frame58,24.0,58,cwz_joint,1,false,false,true,missing,false,true,gradient_only,8,1,16,38,0,0.3103287828641405,208.3454270443633,missing
red1:lane1:snr24.0:seed4:frame59,24.0,59,cwz_joint,0,true,false,true,missing,false,true,gradient_only,8,1,16,21,0,0.42309302268248317,32.200187389750546,missing
red1:lane1:snr24.0:seed4:frame60,24.0,60,cwz_joint,4,false,false,true,missing,false,true,gradient_only,8,1,16,66,0,1.9157049512247306,29.626054104840602,missing
red1:lane1:snr24.0:seed4:frame1,24.0,1,profiled_cz,5,false,false,false,missing,false,true,gradient_only,1,1,16,81,5,0.5310915262357864,2.850455055305453,missing
red1:lane1:snr24.0:seed4:frame2,24.0,2,profiled_cz,35,false,false,false,missing,false,true,gradient_only,1,1,16,158,16,1.0194397719442425,2.689922903139614,missing
red1:lane1:snr24.0:seed4:frame3,24.0,3,profiled_cz,28,false,false,false,missing,false,true,gradient_only,1,1,16,146,12,2.7449619761388804,2.606854889442831,missing
red1:lane1:snr24.0:seed4:frame4,24.0,4,profiled_cz,30,false,false,false,missing,false,true,gradient_only,1,1,16,145,6,2.27823997700608,3.4315904370063537,missing
red1:lane1:snr24.0:seed4:frame5,24.0,5,profiled_cz,5,false,false,false,missing,false,true,gradient_only,1,1,16,62,3,5.523218631304568,2.068858667103409,missing
red1:lane1:snr24.0:seed4:frame6,24.0,6,profiled_cz,29,false,false,false,missing,false,true,gradient_only,1,1,16,92,9,1.0262403660669475,1.940932330032618,missing
red1:lane1:snr24.0:seed4:frame7,24.0,7,profiled_cz,128,false,false,false,missing,false,true,gradient_only,1,1,16,403,39,1.3079169206885533,3.569747057024309,missing
red1:lane1:snr24.0:seed4:frame8,24.0,8,profiled_cz,128,false,false,false,missing,false,true,gradient_only,1,1,16,468,47,1.0912491177614128,5.193846683915795,missing
red1:lane1:snr24.0:seed4:frame9,24.0,9,profiled_cz,29,false,false,false,missing,false,true,gradient_only,1,1,16,176,20,2.06155992774464,2.484824149551356,missing
red1:lane1:snr24.0:seed4:frame10,24.0,10,profiled_cz,6,false,false,true,missing,false,true,gradient_only,1,1,16,80,0,1.1118818500102212,2.3856645676533583,missing
red1:lane1:snr24.0:seed4:frame11,24.0,11,profiled_cz,14,false,false,true,missing,false,true,gradient_only,1,1,16,77,0,0.4540072191082075,2.3074066528852346,missing
red1:lane1:snr24.0:seed4:frame12,24.0,12,profiled_cz,30,false,false,false,missing,false,true,gradient_only,1,1,16,134,2,1.6809760777173162,2.09783629610828,missing
red1:lane1:snr24.0:seed4:frame13,24.0,13,profiled_cz,187,false,false,false,missing,false,true,gradient_only,1,1,16,710,66,2.298364271855218,3.3493289904405876,missing
red1:lane1:snr24.0:seed4:frame14,24.0,14,profiled_cz,114,false,false,false,missing,false,true,gradient_only,2,1,16,302,32,0.8484710581413346,2.97946303890718,missing
red1:lane1:snr24.0:seed4:frame15,24.0,15,profiled_cz,30,false,false,false,missing,false,true,gradient_only,1,1,16,152,5,1.0554380096488485,2.2756295635198307,missing
red1:lane1:snr24.0:seed4:frame16,24.0,16,profiled_cz,58,false,false,false,missing,false,true,gradient_only,1,1,16,237,9,0.9051982239903417,4.354823746716052,missing
red1:lane1:snr24.0:seed4:frame17,24.0,17,profiled_cz,37,false,false,false,missing,false,true,gradient_only,1,1,16,151,3,1.570807897764488,2.0992381700324376,missing
red1:lane1:snr24.0:seed4:frame18,24.0,18,profiled_cz,50,false,false,false,missing,false,true,gradient_only,1,1,16,164,18,0.769425088100113,2.1454862987807704,missing
red1:lane1:snr24.0:seed4:frame19,24.0,19,profiled_cz,17,false,false,false,missing,false,true,gradient_only,1,1,16,127,10,0.48014689902938407,2.3842677384393123,missing
red1:lane1:snr24.0:seed4:frame20,24.0,20,profiled_cz,11,false,false,true,missing,false,true,gradient_only,1,1,16,109,0,0.7006804977741526,2.2329298711358234,missing
red1:lane1:snr24.0:seed4:frame21,24.0,21,profiled_cz,18,false,false,false,missing,false,true,gradient_only,1,1,16,92,4,0.6887002027989799,3.250883645316394,missing
red1:lane1:snr24.0:seed4:frame22,24.0,22,profiled_cz,50,false,false,false,missing,false,true,gradient_only,1,1,16,218,22,1.102177446923763,3.1747231696754916,missing
red1:lane1:snr24.0:seed4:frame23,24.0,23,profiled_cz,50,false,false,false,missing,false,true,gradient_only,1,1,16,234,17,1.673661669978925,2.331967629727658,missing
red1:lane1:snr24.0:seed4:frame24,24.0,24,profiled_cz,28,false,false,false,missing,false,true,gradient_only,1,1,16,161,13,1.3420466296869058,5.0620551498463255,missing
red1:lane1:snr24.0:seed4:frame25,24.0,25,profiled_cz,11,false,false,false,missing,false,true,gradient_only,1,1,16,66,5,0.35548565215905853,1.638536429880215,missing
red1:lane1:snr24.0:seed4:frame26,24.0,26,profiled_cz,10,false,false,false,missing,false,true,gradient_only,1,1,16,90,10,1.1943486173315065,1.5253499789963096,missing
red1:lane1:snr24.0:seed4:frame27,24.0,27,profiled_cz,9,false,false,false,missing,false,true,gradient_only,1,1,16,80,10,0.5916921799471021,2.1127103583725675,missing
red1:lane1:snr24.0:seed4:frame28,24.0,28,profiled_cz,11,false,false,true,missing,false,true,gradient_only,1,1,16,83,0,1.486031897011139,1.7945304227674677,missing
red1:lane1:snr24.0:seed4:frame29,24.0,29,profiled_cz,17,false,false,false,missing,false,true,gradient_only,1,1,16,125,19,0.6150631557195261,2.0736093809906904,missing
red1:lane1:snr24.0:seed4:frame30,24.0,30,profiled_cz,34,false,false,false,missing,false,true,gradient_only,1,1,16,172,7,0.6860621810001669,2.4322112973856274,missing
red1:lane1:snr24.0:seed4:frame31,24.0,31,profiled_cz,5,false,false,true,missing,false,true,gradient_only,1,1,16,59,0,0.5016166605423462,1.9220037572282833,missing
red1:lane1:snr24.0:seed4:frame32,24.0,32,profiled_cz,2,false,false,true,missing,false,true,gradient_only,1,1,16,58,0,0.5919812972283153,2.5158095720718423,missing
red1:lane1:snr24.0:seed4:frame33,24.0,33,profiled_cz,3,false,false,false,missing,false,true,gradient_only,1,1,16,57,2,0.526618990715375,1.434207318426659,missing
red1:lane1:snr24.0:seed4:frame34,24.0,34,profiled_cz,48,false,false,false,missing,false,true,gradient_only,1,1,16,141,10,2.317181591895967,1.9152736133299195,missing
red1:lane1:snr24.0:seed4:frame35,24.0,35,profiled_cz,167,false,false,false,missing,false,true,gradient_only,6,1,16,589,50,2.8444707603742243,2.8335041171099187,missing
red1:lane1:snr24.0:seed4:frame36,24.0,36,profiled_cz,31,false,false,false,missing,false,true,gradient_only,1,1,16,131,6,0.6724033125285784,2.1331093098799996,missing
red1:lane1:snr24.0:seed4:frame37,24.0,37,profiled_cz,6,false,false,true,missing,false,true,gradient_only,1,1,16,51,0,0.6169729965586779,1.5375141943355393,missing
red1:lane1:snr24.0:seed4:frame38,24.0,38,profiled_cz,3,false,false,true,missing,false,true,gradient_only,1,1,16,39,0,0.3179838930276139,1.412471775950942,missing
red1:lane1:snr24.0:seed4:frame39,24.0,39,profiled_cz,2,false,false,true,missing,false,true,gradient_only,1,1,16,49,0,0.35971661814188144,1.2159569410969455,missing
red1:lane1:snr24.0:seed4:frame40,24.0,40,profiled_cz,3,false,false,false,missing,false,true,gradient_only,1,1,16,71,4,0.5338039028451015,1.8863658203699676,missing
red1:lane1:snr24.0:seed4:frame41,24.0,41,profiled_cz,5,false,false,false,missing,false,true,gradient_only,1,1,16,87,11,0.6957904833948486,1.7634988187415843,missing
red1:lane1:snr24.0:seed4:frame42,24.0,42,profiled_cz,3,false,false,false,missing,false,true,gradient_only,1,1,16,96,8,0.6373034219092184,1.7069623130685985,missing
red1:lane1:snr24.0:seed4:frame43,24.0,43,profiled_cz,65,false,false,false,missing,false,true,gradient_only,1,1,16,331,17,4.229311793966317,148.41081474553755,missing
red1:lane1:snr24.0:seed4:frame44,24.0,44,profiled_cz,6,false,false,true,missing,false,true,gradient_only,1,1,16,44,0,0.6454973669534679,1.454665267561337,missing
red1:lane1:snr24.0:seed4:frame45,24.0,45,profiled_cz,5,false,false,true,missing,false,true,gradient_only,1,1,16,91,0,0.654214863362652,19.46616290433306,missing
red1:lane1:snr24.0:seed4:frame46,24.0,46,profiled_cz,38,false,false,false,missing,false,true,gradient_only,1,1,16,144,7,0.88104676303836,1.6100163500436537,missing
red1:lane1:snr24.0:seed4:frame47,24.0,47,profiled_cz,4,false,false,true,missing,false,true,gradient_only,1,1,16,50,0,0.4529284201213043,1.7089308988382224,missing
red1:lane1:snr24.0:seed4:frame48,24.0,48,profiled_cz,0,true,false,true,missing,false,true,gradient_only,1,1,16,25,0,0.328549595681637,1.3088350376775286,missing
red1:lane1:snr24.0:seed4:frame49,24.0,49,profiled_cz,3,false,false,true,missing,false,true,gradient_only,1,1,16,43,0,0.4407055474513064,33.34194369096241,missing
red1:lane1:snr24.0:seed4:frame50,24.0,50,profiled_cz,5,false,false,false,missing,false,true,gradient_only,1,1,16,49,3,0.37145788818392356,2.6605996190226904,missing
red1:lane1:snr24.0:seed4:frame51,24.0,51,profiled_cz,9,false,false,false,missing,false,true,gradient_only,1,1,16,88,12,0.4183737528947946,1.5673773055969262,missing
red1:lane1:snr24.0:seed4:frame52,24.0,52,profiled_cz,6,false,false,false,missing,false,true,gradient_only,1,1,16,67,3,1.1074402286565146,13.440412663691333,missing
red1:lane1:snr24.0:seed4:frame53,24.0,53,profiled_cz,11,false,false,true,missing,false,true,gradient_only,1,1,16,69,0,1.1335590765550672,2.081633867772783,missing
red1:lane1:snr24.0:seed4:frame54,24.0,54,profiled_cz,4,false,false,true,missing,false,true,gradient_only,1,1,16,43,0,0.34706817115551536,1.592077122701748,missing
red1:lane1:snr24.0:seed4:frame55,24.0,55,profiled_cz,3,false,false,false,missing,false,true,gradient_only,1,1,16,57,3,0.7481024547278822,1.1597392510388904,missing
red1:lane1:snr24.0:seed4:frame56,24.0,56,profiled_cz,4,false,false,false,missing,false,true,gradient_only,1,1,16,55,2,1.2614513859041945,1.4407367666861115,missing
red1:lane1:snr24.0:seed4:frame57,24.0,57,profiled_cz,8,false,false,true,missing,false,true,gradient_only,1,1,16,85,0,0.42758794489691737,1.892781950386804,missing
red1:lane1:snr24.0:seed4:frame58,24.0,58,profiled_cz,1,false,false,true,missing,false,true,gradient_only,1,1,16,38,0,0.3103287828641405,2.3121019510316096,missing
red1:lane1:snr24.0:seed4:frame59,24.0,59,profiled_cz,0,true,false,true,missing,false,true,gradient_only,1,1,16,21,0,0.42309302268248317,1.7405388170826355,missing
red1:lane1:snr24.0:seed4:frame60,24.0,60,profiled_cz,4,false,false,true,missing,false,true,gradient_only,1,1,16,66,0,1.9157049512247306,1.5220888183120793,missing
red1:lane1:snr26.0:seed4:frame1,26.0,1,cwz_joint,7,false,false,true,missing,false,true,gradient_only,8,1,16,77,0,0.5213173310556637,56.53974535305854,missing
red1:lane1:snr26.0:seed4:frame2,26.0,2,cwz_joint,34,false,false,true,missing,false,true,gradient_only,8,1,16,157,0,1.0196338867829604,56.98857261428807,missing
red1:lane1:snr26.0:seed4:frame3,26.0,3,cwz_joint,27,false,false,true,missing,false,true,gradient_only,8,1,16,137,0,0.8607076881355092,49.33744649444414,missing
red1:lane1:snr26.0:seed4:frame4,26.0,4,cwz_joint,24,false,false,true,missing,false,true,gradient_only,8,1,16,128,0,1.841770703415736,66.55353722820152,missing
red1:lane1:snr26.0:seed4:frame5,26.0,5,cwz_joint,6,false,false,true,missing,false,true,gradient_only,8,1,16,50,0,0.7665738371405174,44.45724391511176,missing
red1:lane1:snr26.0:seed4:frame6,26.0,6,cwz_joint,30,false,false,true,missing,false,true,gradient_only,8,1,16,93,0,1.0269391963425318,43.40262984578502,missing
red1:lane1:snr26.0:seed4:frame7,26.0,7,cwz_joint,114,false,false,true,missing,false,true,gradient_only,8,1,16,389,0,2.1000519326368394,72.86000718182913,missing
red1:lane1:snr26.0:seed4:frame8,26.0,8,cwz_joint,112,false,false,true,missing,false,true,gradient_only,8,1,16,374,0,1.1220793947510421,89.26225561803474,missing
red1:lane1:snr26.0:seed4:frame9,26.0,9,cwz_joint,24,false,false,true,missing,false,true,gradient_only,8,1,16,148,0,1.39240168655007,47.91239399472204,missing
red1:lane1:snr26.0:seed4:frame10,26.0,10,cwz_joint,4,false,false,true,missing,false,true,gradient_only,8,1,16,72,0,2.5287792276747294,45.52529550080672,missing
red1:lane1:snr26.0:seed4:frame11,26.0,11,cwz_joint,9,false,false,true,missing,false,true,gradient_only,8,1,16,61,0,0.4296283097519472,46.47220073352017,missing
red1:lane1:snr26.0:seed4:frame12,26.0,12,cwz_joint,28,false,false,true,missing,false,true,gradient_only,8,1,16,135,0,3.260095061125057,42.2920994643776,missing
red1:lane1:snr26.0:seed4:frame13,26.0,13,cwz_joint,167,false,false,true,missing,false,true,gradient_only,8,1,16,678,0,1.9741843701343071,62.592231329402416,missing
red1:lane1:snr26.0:seed4:frame14,26.0,14,cwz_joint,97,false,false,true,missing,false,true,gradient_only,8,1,16,305,0,0.8309554869015627,56.87067153932628,missing
red1:lane1:snr26.0:seed4:frame15,26.0,15,cwz_joint,27,false,false,true,missing,false,true,gradient_only,8,1,16,132,0,1.167662478941935,44.01740549094435,missing
red1:lane1:snr26.0:seed4:frame16,26.0,16,cwz_joint,52,false,false,true,missing,false,true,gradient_only,8,1,16,207,0,0.9369205753147601,84.3835464303581,missing
red1:lane1:snr26.0:seed4:frame17,26.0,17,cwz_joint,34,false,false,true,missing,false,true,gradient_only,8,1,16,143,0,1.314905599725607,40.11080358771498,missing
red1:lane1:snr26.0:seed4:frame18,26.0,18,cwz_joint,52,false,false,true,missing,false,true,gradient_only,8,1,16,161,0,0.6567643862330363,42.444475394042676,missing
red1:lane1:snr26.0:seed4:frame19,26.0,19,cwz_joint,13,false,false,true,missing,false,true,gradient_only,8,1,16,107,0,0.4882801126333943,43.5842874064683,missing
red1:lane1:snr26.0:seed4:frame20,26.0,20,cwz_joint,9,false,false,true,missing,false,true,gradient_only,8,1,16,96,0,0.5827708234456833,33.575444067430276,missing
red1:lane1:snr26.0:seed4:frame21,26.0,21,cwz_joint,17,false,false,true,missing,false,true,gradient_only,8,1,16,77,0,0.5728392376455934,43.99242807483298,missing
red1:lane1:snr26.0:seed4:frame22,26.0,22,cwz_joint,27,false,false,true,missing,false,true,gradient_only,8,1,16,146,0,1.949511621270457,54.89918047846177,missing
red1:lane1:snr26.0:seed4:frame23,26.0,23,cwz_joint,41,false,false,true,missing,false,true,gradient_only,8,1,16,194,0,1.0781638519510142,46.571500557409294,missing
red1:lane1:snr26.0:seed4:frame24,26.0,24,cwz_joint,20,false,false,true,missing,false,true,gradient_only,8,1,16,151,0,1.033286481166787,89.70681716949859,missing
red1:lane1:snr26.0:seed4:frame25,26.0,25,cwz_joint,10,false,false,true,missing,false,true,gradient_only,8,1,16,65,0,0.33654698589331483,32.02475027502718,missing
red1:lane1:snr26.0:seed4:frame26,26.0,26,cwz_joint,8,false,false,true,missing,false,true,gradient_only,8,1,16,89,0,0.9053475331989652,32.183008690214244,missing
red1:lane1:snr26.0:seed4:frame27,26.0,27,cwz_joint,7,false,false,true,missing,false,true,gradient_only,8,1,16,69,0,0.7885454056295037,37.622555006384054,missing
red1:lane1:snr26.0:seed4:frame28,26.0,28,cwz_joint,11,false,false,true,missing,false,true,gradient_only,8,1,16,82,0,1.5673253513302434,34.735906942513296,missing
red1:lane1:snr26.0:seed4:frame29,26.0,29,cwz_joint,11,false,false,true,missing,false,true,gradient_only,8,1,16,101,0,0.49779045025219626,42.031463372326215,missing
red1:lane1:snr26.0:seed4:frame30,26.0,30,cwz_joint,21,false,false,true,missing,false,true,gradient_only,8,1,16,151,0,0.7320411414867646,39.96267939499139,missing
red1:lane1:snr26.0:seed4:frame31,26.0,31,cwz_joint,1,false,false,true,missing,false,true,gradient_only,8,1,16,53,0,0.6234485848452481,38.18012446634694,missing
red1:lane1:snr26.0:seed4:frame32,26.0,32,cwz_joint,1,false,false,true,missing,false,true,gradient_only,8,1,16,52,0,0.7468926229953873,42.92137839910756,missing
red1:lane1:snr26.0:seed4:frame33,26.0,33,cwz_joint,3,false,false,true,missing,false,true,gradient_only,8,1,16,56,0,1.1546295979171837,28.819231046426925,missing
red1:lane1:snr26.0:seed4:frame34,26.0,34,cwz_joint,44,false,false,true,missing,false,true,gradient_only,8,1,16,143,0,0.9293848063933761,39.54134387426924,missing
red1:lane1:snr26.0:seed4:frame35,26.0,35,cwz_joint,127,false,false,true,missing,false,true,gradient_only,8,1,16,460,0,2.017720683475413,39.808948288870354,missing
red1:lane1:snr26.0:seed4:frame36,26.0,36,cwz_joint,22,false,false,true,missing,false,true,gradient_only,8,1,16,117,0,0.6631096057357372,42.775313448645605,missing
red1:lane1:snr26.0:seed4:frame37,26.0,37,cwz_joint,5,false,false,true,missing,false,true,gradient_only,8,1,16,51,0,0.3415647245023196,24.50770086957211,missing
red1:lane1:snr26.0:seed4:frame38,26.0,38,cwz_joint,3,false,false,true,missing,false,true,gradient_only,8,1,16,38,0,0.31480496879605396,22.83500991901355,missing
red1:lane1:snr26.0:seed4:frame39,26.0,39,cwz_joint,2,false,false,true,missing,false,true,gradient_only,8,1,16,42,0,0.3171310698329044,27.51539786943644,missing
red1:lane1:snr26.0:seed4:frame40,26.0,40,cwz_joint,2,false,false,true,missing,false,true,gradient_only,8,1,16,60,0,0.5788650852993277,32.92646291569262,missing
red1:lane1:snr26.0:seed4:frame41,26.0,41,cwz_joint,4,false,false,true,missing,false,true,gradient_only,8,1,16,68,0,0.5732108481366267,33.732345646483374,missing
red1:lane1:snr26.0:seed4:frame42,26.0,42,cwz_joint,1,false,false,true,missing,false,true,gradient_only,8,1,16,78,0,0.48567957144999463,35.93563745413909,missing
red1:lane1:snr26.0:seed4:frame43,26.0,43,cwz_joint,59,false,false,true,missing,false,true,gradient_only,8,1,16,323,0,0.9447215728684438,1215.8726281062122,missing
red1:lane1:snr26.0:seed4:frame44,26.0,44,cwz_joint,6,false,false,true,missing,false,true,gradient_only,8,1,16,46,0,0.33323693094058326,26.949759626995004,missing
red1:lane1:snr26.0:seed4:frame45,26.0,45,cwz_joint,5,false,false,true,missing,false,true,gradient_only,8,1,16,93,0,0.6035727192621667,54.627278896707644,missing
red1:lane1:snr26.0:seed4:frame46,26.0,46,cwz_joint,19,false,false,true,missing,false,true,gradient_only,8,1,16,129,0,3.0338158418191923,26.18939738280527,missing
red1:lane1:snr26.0:seed4:frame47,26.0,47,cwz_joint,3,false,false,true,missing,false,true,gradient_only,8,1,16,35,0,0.34058713515081684,24.175564653664672,missing
red1:lane1:snr26.0:seed4:frame48,26.0,48,cwz_joint,0,true,false,true,missing,false,true,gradient_only,8,1,16,17,0,0.24615961889331553,26.506700952876965,missing
red1:lane1:snr26.0:seed4:frame49,26.0,49,cwz_joint,3,false,false,true,missing,false,true,gradient_only,8,1,16,36,0,0.38585039787579056,50.29049222256228,missing
red1:lane1:snr26.0:seed4:frame50,26.0,50,cwz_joint,4,false,false,true,missing,false,true,gradient_only,8,1,16,42,0,0.37577297857935693,41.52497408904627,missing
red1:lane1:snr26.0:seed4:frame51,26.0,51,cwz_joint,4,false,false,true,missing,false,true,gradient_only,8,1,16,80,0,0.4184865103380392,28.16659862972172,missing
red1:lane1:snr26.0:seed4:frame52,26.0,52,cwz_joint,5,false,false,true,missing,false,true,gradient_only,8,1,16,59,0,0.48993539100300687,53.20497568534448,missing
red1:lane1:snr26.0:seed4:frame53,26.0,53,cwz_joint,7,false,false,true,missing,false,true,gradient_only,8,1,16,58,0,2.359770746303505,35.65294358848169,missing
red1:lane1:snr26.0:seed4:frame54,26.0,54,cwz_joint,4,false,false,true,missing,false,true,gradient_only,8,1,16,40,0,0.32816178713632055,22.907633599181718,missing
red1:lane1:snr26.0:seed4:frame55,26.0,55,cwz_joint,2,false,false,true,missing,false,true,gradient_only,8,1,16,50,0,0.47446071931047135,16.87602795543347,missing
red1:lane1:snr26.0:seed4:frame56,26.0,56,cwz_joint,3,false,false,true,missing,false,true,gradient_only,8,1,16,57,0,1215.1787072568425,28.43207520686723,missing
red1:lane1:snr26.0:seed4:frame57,26.0,57,cwz_joint,7,false,false,true,missing,false,true,gradient_only,8,1,16,78,0,0.4039966258474423,28.88469326824154,missing
red1:lane1:snr26.0:seed4:frame58,26.0,58,cwz_joint,0,true,false,true,missing,false,true,gradient_only,8,1,16,30,0,0.4098783494515398,140.4917585772338,missing
red1:lane1:snr26.0:seed4:frame59,26.0,59,cwz_joint,0,true,false,true,missing,false,true,gradient_only,8,1,16,18,0,0.29838549471086323,31.117737821891208,missing
red1:lane1:snr26.0:seed4:frame60,26.0,60,cwz_joint,3,false,false,true,missing,false,true,gradient_only,8,1,16,65,0,0.33015393427246936,28.225590266123216,missing
red1:lane1:snr26.0:seed4:frame1,26.0,1,profiled_cz,7,false,false,false,missing,false,true,gradient_only,1,1,16,77,1,0.5213173310556637,2.8265033571996936,missing
red1:lane1:snr26.0:seed4:frame2,26.0,2,profiled_cz,33,false,false,false,missing,false,true,gradient_only,1,1,16,157,15,1.0196338867829604,2.633309370236004,missing
red1:lane1:snr26.0:seed4:frame3,26.0,3,profiled_cz,27,false,false,false,missing,false,true,gradient_only,3,1,16,137,8,0.8607076881355092,2.55748533796383,missing
red1:lane1:snr26.0:seed4:frame4,26.0,4,profiled_cz,24,false,false,false,missing,false,true,gradient_only,1,1,16,128,9,1.841770703415736,3.1892290201584848,missing
red1:lane1:snr26.0:seed4:frame5,26.0,5,profiled_cz,6,false,false,true,missing,false,true,gradient_only,1,1,16,50,0,0.7665738371405174,2.0407265076599437,missing
red1:lane1:snr26.0:seed4:frame6,26.0,6,profiled_cz,30,false,false,false,missing,false,true,gradient_only,1,1,16,93,8,1.0269391963425318,1.9199619806195525,missing
red1:lane1:snr26.0:seed4:frame7,26.0,7,profiled_cz,112,false,false,false,missing,false,true,gradient_only,1,1,16,389,31,2.1000519326368394,3.502437921270274,missing
red1:lane1:snr26.0:seed4:frame8,26.0,8,profiled_cz,113,false,false,false,missing,false,true,gradient_only,3,1,16,374,67,1.1220793947510421,4.994473686020607,missing
red1:lane1:snr26.0:seed4:frame9,26.0,9,profiled_cz,25,false,false,false,missing,false,true,gradient_only,1,1,16,148,16,1.39240168655007,2.4542950893352473,missing
red1:lane1:snr26.0:seed4:frame10,26.0,10,profiled_cz,4,false,false,false,missing,false,true,gradient_only,1,1,16,72,2,2.5287792276747294,2.2957703732464765,missing
red1:lane1:snr26.0:seed4:frame11,26.0,11,profiled_cz,9,false,false,true,missing,false,true,gradient_only,1,1,16,61,0,0.4296283097519472,2.245726250094157,missing
red1:lane1:snr26.0:seed4:frame12,26.0,12,profiled_cz,28,false,false,false,missing,false,true,gradient_only,1,1,16,135,3,3.260095061125057,2.089770034732499,missing
red1:lane1:snr26.0:seed4:frame13,26.0,13,profiled_cz,166,false,false,false,missing,false,true,gradient_only,1,1,16,678,68,1.9741843701343071,3.343015168726497,missing
red1:lane1:snr26.0:seed4:frame14,26.0,14,profiled_cz,97,false,false,false,missing,false,true,gradient_only,4,1,16,305,25,0.8309554869015627,2.8317977800946226,missing
red1:lane1:snr26.0:seed4:frame15,26.0,15,profiled_cz,27,false,false,false,missing,false,true,gradient_only,1,1,16,132,7,1.167662478941935,2.2431657651022103,missing
red1:lane1:snr26.0:seed4:frame16,26.0,16,profiled_cz,52,false,false,false,missing,false,true,gradient_only,1,1,16,207,17,0.9369205753147601,4.286112040701474,missing
red1:lane1:snr26.0:seed4:frame17,26.0,17,profiled_cz,35,false,false,false,missing,false,true,gradient_only,1,1,16,143,10,1.314905599725607,2.0624132975731344,missing
red1:lane1:snr26.0:seed4:frame18,26.0,18,profiled_cz,52,false,false,false,missing,false,true,gradient_only,1,1,16,161,15,0.6567643862330363,2.1461286932421935,missing
red1:lane1:snr26.0:seed4:frame19,26.0,19,profiled_cz,13,false,false,false,missing,false,true,gradient_only,1,1,16,107,1,0.4882801126333943,2.364845925778553,missing
red1:lane1:snr26.0:seed4:frame20,26.0,20,profiled_cz,9,false,false,false,missing,false,true,gradient_only,1,1,16,96,6,0.5827708234456833,2.166904348611391,missing
red1:lane1:snr26.0:seed4:frame21,26.0,21,profiled_cz,17,false,false,false,missing,false,true,gradient_only,1,1,16,77,3,0.5728392376455934,3.214720911507896,missing
red1:lane1:snr26.0:seed4:frame22,26.0,22,profiled_cz,27,false,false,false,missing,false,true,gradient_only,1,1,16,146,3,1.949511621270457,3.137727628158838,missing
red1:lane1:snr26.0:seed4:frame23,26.0,23,profiled_cz,42,false,false,false,missing,false,true,gradient_only,1,1,16,194,19,1.0781638519510142,2.213238902717208,missing
red1:lane1:snr26.0:seed4:frame24,26.0,24,profiled_cz,20,false,false,false,missing,false,true,gradient_only,1,1,16,151,11,1.033286481166787,4.952834528118619,missing
red1:lane1:snr26.0:seed4:frame25,26.0,25,profiled_cz,10,false,false,false,missing,false,true,gradient_only,1,1,16,65,2,0.33654698589331483,1.618447367665152,missing
red1:lane1:snr26.0:seed4:frame26,26.0,26,profiled_cz,8,false,false,false,missing,false,true,gradient_only,1,1,16,89,3,0.9053475331989652,1.5079759159048562,missing
red1:lane1:snr26.0:seed4:frame27,26.0,27,profiled_cz,7,false,false,true,missing,false,true,gradient_only,1,1,16,69,0,0.7885454056295037,2.0427696439014382,missing
red1:lane1:snr26.0:seed4:frame28,26.0,28,profiled_cz,11,false,false,false,missing,false,true,gradient_only,1,1,16,82,8,1.5673253513302434,1.7776424535660007,missing
red1:lane1:snr26.0:seed4:frame29,26.0,29,profiled_cz,11,false,false,false,missing,false,true,gradient_only,1,1,16,101,20,0.49779045025219626,2.0353886963225385,missing
red1:lane1:snr26.0:seed4:frame30,26.0,30,profiled_cz,22,false,false,false,missing,false,true,gradient_only,1,1,16,151,24,0.7320411414867646,2.3168688712186336,missing
red1:lane1:snr26.0:seed4:frame31,26.0,31,profiled_cz,1,false,false,true,missing,false,true,gradient_only,1,1,16,53,0,0.6234485848452481,1.8755908441049138,missing
red1:lane1:snr26.0:seed4:frame32,26.0,32,profiled_cz,1,false,false,true,missing,false,true,gradient_only,1,1,16,52,0,0.7468926229953873,2.2824693892944774,missing
red1:lane1:snr26.0:seed4:frame33,26.0,33,profiled_cz,3,false,false,false,missing,false,true,gradient_only,1,1,16,56,2,1.1546295979171837,1.4155713161351948,missing
red1:lane1:snr26.0:seed4:frame34,26.0,34,profiled_cz,43,false,false,false,missing,false,true,gradient_only,1,1,16,143,12,0.9293848063933761,1.885348798070166,missing
red1:lane1:snr26.0:seed4:frame35,26.0,35,profiled_cz,128,false,false,false,missing,false,true,gradient_only,7,1,16,460,51,2.017720683475413,2.600174807102364,missing
red1:lane1:snr26.0:seed4:frame36,26.0,36,profiled_cz,22,false,false,false,missing,false,true,gradient_only,1,1,16,117,26,0.6631096057357372,2.0825916621834817,missing
red1:lane1:snr26.0:seed4:frame37,26.0,37,profiled_cz,5,false,false,false,missing,false,true,gradient_only,1,1,16,51,3,0.3415647245023196,1.5091905854772898,missing
red1:lane1:snr26.0:seed4:frame38,26.0,38,profiled_cz,3,false,false,true,missing,false,true,gradient_only,1,1,16,38,0,0.31480496879605396,1.342233445772774,missing
red1:lane1:snr26.0:seed4:frame39,26.0,39,profiled_cz,2,false,false,true,missing,false,true,gradient_only,1,1,16,42,0,0.3171310698329044,1.195399142963576,missing
red1:lane1:snr26.0:seed4:frame40,26.0,40,profiled_cz,2,false,false,true,missing,false,true,gradient_only,1,1,16,60,0,0.5788650852993277,1.8382010887023081,missing
red1:lane1:snr26.0:seed4:frame41,26.0,41,profiled_cz,4,false,false,true,missing,false,true,gradient_only,1,1,16,68,0,0.5732108481366267,1.7215926205661511,missing
red1:lane1:snr26.0:seed4:frame42,26.0,42,profiled_cz,1,false,false,false,missing,false,true,gradient_only,1,1,16,78,8,0.48567957144999463,1.6430545334779096,missing
red1:lane1:snr26.0:seed4:frame43,26.0,43,profiled_cz,59,false,false,false,missing,false,true,gradient_only,6,1,16,323,31,0.9447215728684438,86.21521380280291,missing
red1:lane1:snr26.0:seed4:frame44,26.0,44,profiled_cz,6,false,false,true,missing,false,true,gradient_only,1,1,16,46,0,0.33323693094058326,1.432177537759232,missing
red1:lane1:snr26.0:seed4:frame45,26.0,45,profiled_cz,5,false,false,true,missing,false,true,gradient_only,1,1,16,93,0,0.6035727192621667,22.049818909811915,missing
red1:lane1:snr26.0:seed4:frame46,26.0,46,profiled_cz,19,false,false,false,missing,false,true,gradient_only,1,1,16,129,1,3.0338158418191923,1.4668875871375184,missing
red1:lane1:snr26.0:seed4:frame47,26.0,47,profiled_cz,3,false,false,true,missing,false,true,gradient_only,1,1,16,35,0,0.34058713515081684,1.6300882115568958,missing
red1:lane1:snr26.0:seed4:frame48,26.0,48,profiled_cz,0,true,false,true,missing,false,true,gradient_only,1,1,16,17,0,0.24615961889331553,1.2686328967197151,missing
red1:lane1:snr26.0:seed4:frame49,26.0,49,profiled_cz,3,false,false,true,missing,false,true,gradient_only,1,1,16,36,0,0.38585039787579056,23.19360620464143,missing
red1:lane1:snr26.0:seed4:frame50,26.0,50,profiled_cz,4,false,false,true,missing,false,true,gradient_only,1,1,16,42,0,0.37577297857935693,2.612116780888678,missing
red1:lane1:snr26.0:seed4:frame51,26.0,51,profiled_cz,4,false,false,false,missing,false,true,gradient_only,1,1,16,80,8,0.4184865103380392,1.530431607591569,missing
red1:lane1:snr26.0:seed4:frame52,26.0,52,profiled_cz,5,false,false,true,missing,false,true,gradient_only,1,1,16,59,0,0.48993539100300687,15.489504762393667,missing
red1:lane1:snr26.0:seed4:frame53,26.0,53,profiled_cz,7,false,false,true,missing,false,true,gradient_only,1,1,16,58,0,2.359770746303505,2.0474110277852198,missing
red1:lane1:snr26.0:seed4:frame54,26.0,54,profiled_cz,4,false,false,true,missing,false,true,gradient_only,1,1,16,40,0,0.32816178713632055,1.5700295240541495,missing
red1:lane1:snr26.0:seed4:frame55,26.0,55,profiled_cz,2,false,false,false,missing,false,true,gradient_only,1,1,16,50,3,0.47446071931047135,1.1355079527422811,missing
red1:lane1:snr26.0:seed4:frame56,26.0,56,profiled_cz,3,false,false,true,missing,false,true,gradient_only,1,1,16,57,0,1215.1787072568425,1.4192406285743295,missing
red1:lane1:snr26.0:seed4:frame57,26.0,57,profiled_cz,7,false,false,false,missing,false,true,gradient_only,1,1,16,78,2,0.4039966258474423,1.7800028738532525,missing
red1:lane1:snr26.0:seed4:frame58,26.0,58,profiled_cz,0,true,false,true,missing,false,true,gradient_only,1,1,16,30,0,0.4098783494515398,2.1693832344182287,missing
red1:lane1:snr26.0:seed4:frame59,26.0,59,profiled_cz,0,true,false,true,missing,false,true,gradient_only,1,1,16,18,0,0.29838549471086323,1.6955209145279753,missing
red1:lane1:snr26.0:seed4:frame60,26.0,60,profiled_cz,3,false,false,true,missing,false,true,gradient_only,1,1,16,65,0,0.33015393427246936,1.458294874469478,missing
red1:lane1:snr28.0:seed4:frame1,28.0,1,cwz_joint,9,false,false,true,missing,false,true,gradient_only,8,1,16,72,0,0.4825036671434918,56.136873966129386,missing
red1:lane1:snr28.0:seed4:frame2,28.0,2,cwz_joint,30,false,false,true,missing,false,true,gradient_only,8,1,16,149,0,0.9690497419369434,57.110648099861926,missing
red1:lane1:snr28.0:seed4:frame3,28.0,3,cwz_joint,27,false,false,true,missing,false,true,gradient_only,8,1,16,135,0,5.261881159619327,48.70322220742402,missing
red1:lane1:snr28.0:seed4:frame4,28.0,4,cwz_joint,20,false,false,true,missing,false,true,gradient_only,8,1,16,124,0,0.9193937790915916,65.91131407445091,missing
red1:lane1:snr28.0:seed4:frame5,28.0,5,cwz_joint,6,false,false,true,missing,false,true,gradient_only,8,1,16,54,0,2.7378797685467435,44.29748308294901,missing
red1:lane1:snr28.0:seed4:frame6,28.0,6,cwz_joint,29,false,false,true,missing,false,true,gradient_only,8,1,16,88,0,1.4970594684136687,43.258976965506164,missing
red1:lane1:snr28.0:seed4:frame7,28.0,7,cwz_joint,106,false,false,true,missing,false,true,gradient_only,8,1,16,369,0,3.6396531426322993,72.1728639682756,missing
red1:lane1:snr28.0:seed4:frame8,28.0,8,cwz_joint,114,false,false,true,missing,false,true,gradient_only,8,1,16,347,0,1.2188929371322383,88.69014194143655,missing
red1:lane1:snr28.0:seed4:frame9,28.0,9,cwz_joint,25,false,false,true,missing,false,true,gradient_only,8,1,16,148,0,0.7058829489179308,47.71852021253636,missing
red1:lane1:snr28.0:seed4:frame10,28.0,10,cwz_joint,4,false,false,true,missing,false,true,gradient_only,8,1,16,67,0,1.0222734173754577,44.881619273981954,missing
red1:lane1:snr28.0:seed4:frame11,28.0,11,cwz_joint,9,false,false,true,missing,false,true,gradient_only,8,1,16,60,0,0.44799429761052983,45.594294811571615,missing
red1:lane1:snr28.0:seed4:frame12,28.0,12,cwz_joint,29,false,false,true,missing,false,true,gradient_only,8,1,16,134,0,2.4571363743798553,42.149992310606585,missing
red1:lane1:snr28.0:seed4:frame13,28.0,13,cwz_joint,163,false,false,true,missing,false,true,gradient_only,8,1,16,731,0,1.5939005723672612,61.46895252616929,missing
red1:lane1:snr28.0:seed4:frame14,28.0,14,cwz_joint,81,false,false,true,missing,false,true,gradient_only,8,1,16,283,0,0.8063554377897357,56.42739399055674,missing
red1:lane1:snr28.0:seed4:frame15,28.0,15,cwz_joint,27,false,false,true,missing,false,true,gradient_only,8,1,16,138,0,0.8473407258597208,43.84301844161491,missing
red1:lane1:snr28.0:seed4:frame16,28.0,16,cwz_joint,55,false,false,true,missing,false,true,gradient_only,8,1,16,205,0,1.0646158131329435,77.60263771704848,missing
red1:lane1:snr28.0:seed4:frame17,28.0,17,cwz_joint,36,false,false,true,missing,false,true,gradient_only,8,1,16,141,0,1.2513373077895753,39.78894188984979,missing
red1:lane1:snr28.0:seed4:frame18,28.0,18,cwz_joint,50,false,false,true,missing,false,true,gradient_only,8,1,16,150,0,0.5924156950574492,41.952894793414465,missing
red1:lane1:snr28.0:seed4:frame19,28.0,19,cwz_joint,12,false,false,true,missing,false,true,gradient_only,8,1,16,89,0,0.5648862621082572,43.286211002390154,missing
red1:lane1:snr28.0:seed4:frame20,28.0,20,cwz_joint,9,false,false,true,missing,false,true,gradient_only,8,1,16,96,0,0.4905031204250506,33.02732087590519,missing
red1:lane1:snr28.0:seed4:frame21,28.0,21,cwz_joint,13,false,false,true,missing,false,true,gradient_only,8,1,16,69,0,0.5373085977904893,43.70522162813296,missing
red1:lane1:snr28.0:seed4:frame22,28.0,22,cwz_joint,24,false,false,true,missing,false,true,gradient_only,8,1,16,135,0,0.8883112766788357,52.485575911085675,missing
red1:lane1:snr28.0:seed4:frame23,28.0,23,cwz_joint,29,false,false,true,missing,false,true,gradient_only,8,1,16,188,0,0.9061598259866411,45.74046536385041,missing
red1:lane1:snr28.0:seed4:frame24,28.0,24,cwz_joint,25,false,false,true,missing,false,true,gradient_only,8,1,16,133,0,1.0414244654749358,91.3725677651611,missing
red1:lane1:snr28.0:seed4:frame25,28.0,25,cwz_joint,9,false,false,true,missing,false,true,gradient_only,8,1,16,64,0,0.33195762461369194,31.666050749548322,missing
red1:lane1:snr28.0:seed4:frame26,28.0,26,cwz_joint,7,false,false,true,missing,false,true,gradient_only,8,1,16,84,0,0.8006468038502805,31.86757290894718,missing
red1:lane1:snr28.0:seed4:frame27,28.0,27,cwz_joint,5,false,false,true,missing,false,true,gradient_only,8,1,16,56,0,0.40605145118204283,37.286525220764844,missing
red1:lane1:snr28.0:seed4:frame28,28.0,28,cwz_joint,11,false,false,true,missing,false,true,gradient_only,8,1,16,73,0,2.4762795858716213,34.50831897196586,missing
red1:lane1:snr28.0:seed4:frame29,28.0,29,cwz_joint,10,false,false,true,missing,false,true,gradient_only,8,1,16,84,0,0.472200139815704,41.63888176714192,missing
red1:lane1:snr28.0:seed4:frame30,28.0,30,cwz_joint,21,false,false,true,missing,false,true,gradient_only,8,1,16,139,0,0.5330663526292209,38.829423247246,missing
red1:lane1:snr28.0:seed4:frame31,28.0,31,cwz_joint,1,false,false,true,missing,false,true,gradient_only,8,1,16,51,0,0.6899493368632386,37.57523353526808,missing
red1:lane1:snr28.0:seed4:frame32,28.0,32,cwz_joint,1,false,false,true,missing,false,true,gradient_only,8,1,16,49,0,0.9388104594331791,41.317792306555894,missing
red1:lane1:snr28.0:seed4:frame33,28.0,33,cwz_joint,3,false,false,true,missing,false,true,gradient_only,8,1,16,49,0,0.454822351567875,28.58746151933506,missing
red1:lane1:snr28.0:seed4:frame34,28.0,34,cwz_joint,48,false,false,true,missing,false,true,gradient_only,8,1,16,144,0,0.8440745757937673,38.925512369702226,missing
red1:lane1:snr28.0:seed4:frame35,28.0,35,cwz_joint,112,false,false,true,missing,false,true,gradient_only,8,1,16,380,0,2.5043981749164854,38.73446576857208,missing
red1:lane1:snr28.0:seed4:frame36,28.0,36,cwz_joint,19,false,false,true,missing,false,true,gradient_only,8,1,16,106,0,0.7698718197914326,42.138428959572124,missing
red1:lane1:snr28.0:seed4:frame37,28.0,37,cwz_joint,5,false,false,true,missing,false,true,gradient_only,8,1,16,46,0,0.3235553055707937,24.333854306217543,missing
red1:lane1:snr28.0:seed4:frame38,28.0,38,cwz_joint,1,false,false,true,missing,false,true,gradient_only,8,1,16,32,0,0.33781056431257217,22.148502271177467,missing
red1:lane1:snr28.0:seed4:frame39,28.0,39,cwz_joint,2,false,false,true,missing,false,true,gradient_only,8,1,16,42,0,0.29622294382680486,27.22138205596975,missing
red1:lane1:snr28.0:seed4:frame40,28.0,40,cwz_joint,2,false,false,true,missing,false,true,gradient_only,8,1,16,54,0,0.46578015524465294,32.27432365125684,missing
red1:lane1:snr28.0:seed4:frame41,28.0,41,cwz_joint,3,false,false,true,missing,false,true,gradient_only,8,1,16,61,0,0.5929319921034397,33.34493026600727,missing
red1:lane1:snr28.0:seed4:frame42,28.0,42,cwz_joint,1,false,false,true,missing,false,true,gradient_only,8,1,16,64,0,0.5465138870274842,35.071835282584836,missing
red1:lane1:snr28.0:seed4:frame43,28.0,43,cwz_joint,54,false,false,true,missing,false,true,gradient_only,8,1,16,289,0,0.3689188849970069,1375.7176639538854,missing
red1:lane1:snr28.0:seed4:frame44,28.0,44,cwz_joint,5,false,false,true,missing,false,true,gradient_only,8,1,16,54,0,0.35239044795640156,26.52604123590277,missing
red1:lane1:snr28.0:seed4:frame45,28.0,45,cwz_joint,3,false,false,true,missing,false,true,gradient_only,8,1,16,83,0,0.5691310896806181,56.23906387299823,missing
red1:lane1:snr28.0:seed4:frame46,28.0,46,cwz_joint,18,false,false,true,missing,false,true,gradient_only,8,1,16,105,0,0.9039630041301915,24.61970208364887,missing
red1:lane1:snr28.0:seed4:frame47,28.0,47,cwz_joint,3,false,false,true,missing,false,true,gradient_only,8,1,16,36,0,0.35321546593352116,23.723861587846887,missing
red1:lane1:snr28.0:seed4:frame48,28.0,48,cwz_joint,0,true,false,true,missing,false,true,gradient_only,8,1,16,17,0,0.21302235894151134,25.833591568453784,missing
red1:lane1:snr28.0:seed4:frame49,28.0,49,cwz_joint,3,false,false,true,missing,false,true,gradient_only,8,1,16,32,0,0.3435231686017734,49.68200242915899,missing
red1:lane1:snr28.0:seed4:frame50,28.0,50,cwz_joint,4,false,false,true,missing,false,true,gradient_only,8,1,16,37,0,0.3611427397637508,41.251014469771114,missing
red1:lane1:snr28.0:seed4:frame51,28.0,51,cwz_joint,5,false,false,true,missing,false,true,gradient_only,8,1,16,67,0,0.4260559376024289,27.871935036028695,missing
red1:lane1:snr28.0:seed4:frame52,28.0,52,cwz_joint,5,false,false,true,missing,false,true,gradient_only,8,1,16,54,0,0.43777851563899245,52.424880842184756,missing
red1:lane1:snr28.0:seed4:frame53,28.0,53,cwz_joint,7,false,false,true,missing,false,true,gradient_only,8,1,16,61,0,0.5591097153857948,35.248757860257584,missing
red1:lane1:snr28.0:seed4:frame54,28.0,54,cwz_joint,4,false,false,true,missing,false,true,gradient_only,8,1,16,39,0,0.2904332932376738,22.395750019580145,missing
red1:lane1:snr28.0:seed4:frame55,28.0,55,cwz_joint,1,false,false,true,missing,false,true,gradient_only,8,1,16,43,0,0.3906093609988177,16.665973813707172,missing
red1:lane1:snr28.0:seed4:frame56,28.0,56,cwz_joint,3,false,false,true,missing,false,true,gradient_only,8,1,16,62,0,5.371552149264283,28.134122001135538,missing
red1:lane1:snr28.0:seed4:frame57,28.0,57,cwz_joint,3,false,false,true,missing,false,true,gradient_only,8,1,16,66,0,0.3873950487082544,28.029104991452304,missing
red1:lane1:snr28.0:seed4:frame58,28.0,58,cwz_joint,0,true,false,true,missing,false,true,gradient_only,8,1,16,26,0,0.30519472878892545,107.04165351927439,missing
red1:lane1:snr28.0:seed4:frame59,28.0,59,cwz_joint,0,true,false,true,missing,false,true,gradient_only,8,1,16,19,0,0.24643342829418552,30.464815835939987,missing
red1:lane1:snr28.0:seed4:frame60,28.0,60,cwz_joint,1,false,false,true,missing,false,true,gradient_only,8,1,16,54,0,0.3617570334878929,27.364014556010503,missing
red1:lane1:snr28.0:seed4:frame1,28.0,1,profiled_cz,8,false,false,false,missing,false,true,gradient_only,1,1,16,72,4,0.4825036671434918,2.828756027079291,missing
red1:lane1:snr28.0:seed4:frame2,28.0,2,profiled_cz,30,false,false,false,missing,false,true,gradient_only,1,1,16,149,13,0.9690497419369434,2.6378761483103834,missing
red1:lane1:snr28.0:seed4:frame3,28.0,3,profiled_cz,27,false,false,false,missing,false,true,gradient_only,1,1,16,135,3,5.261881159619327,2.5178828092738104,missing
red1:lane1:snr28.0:seed4:frame4,28.0,4,profiled_cz,20,false,false,false,missing,false,true,gradient_only,1,1,16,124,6,0.9193937790915916,3.0674697360995333,missing
red1:lane1:snr28.0:seed4:frame5,28.0,5,profiled_cz,6,false,false,true,missing,false,true,gradient_only,1,1,16,54,0,2.7378797685467435,2.021452279709626,missing
red1:lane1:snr28.0:seed4:frame6,28.0,6,profiled_cz,29,false,false,true,missing,false,true,gradient_only,1,1,16,88,0,1.4970594684136687,1.9193580353594304,missing
red1:lane1:snr28.0:seed4:frame7,28.0,7,profiled_cz,107,false,false,false,missing,false,true,gradient_only,1,1,16,369,22,3.6396531426322993,3.479885923140647,missing
red1:lane1:snr28.0:seed4:frame8,28.0,8,profiled_cz,114,false,false,false,missing,false,true,gradient_only,1,1,16,347,34,1.2188929371322383,4.705410617368338,missing
red1:lane1:snr28.0:seed4:frame9,28.0,9,profiled_cz,25,false,false,false,missing,false,true,gradient_only,1,1,16,148,18,0.7058829489179308,2.4400599803582788,missing
red1:lane1:snr28.0:seed4:frame10,28.0,10,profiled_cz,4,false,false,true,missing,false,true,gradient_only,1,1,16,67,0,1.0222734173754577,2.253536891436849,missing
red1:lane1:snr28.0:seed4:frame11,28.0,11,profiled_cz,9,false,false,true,missing,false,true,gradient_only,1,1,16,60,0,0.44799429761052983,2.208080389363121,missing
red1:lane1:snr28.0:seed4:frame12,28.0,12,profiled_cz,29,false,false,false,missing,false,true,gradient_only,1,1,16,134,11,2.4571363743798553,2.080259710975743,missing
red1:lane1:snr28.0:seed4:frame13,28.0,13,profiled_cz,165,false,false,false,missing,false,true,gradient_only,1,1,16,731,93,1.5939005723672612,3.2171692306727633,missing
red1:lane1:snr28.0:seed4:frame14,28.0,14,profiled_cz,82,false,false,false,missing,false,true,gradient_only,1,1,16,283,14,0.8063554377897357,2.787383678141775,missing
red1:lane1:snr28.0:seed4:frame15,28.0,15,profiled_cz,27,false,false,false,missing,false,true,gradient_only,1,1,16,138,7,0.8473407258597208,2.223985141322174,missing
red1:lane1:snr28.0:seed4:frame16,28.0,16,profiled_cz,54,false,false,false,missing,false,true,gradient_only,1,1,16,205,20,1.0646158131329435,3.7474902647136785,missing
red1:lane1:snr28.0:seed4:frame17,28.0,17,profiled_cz,36,false,false,false,missing,false,true,gradient_only,1,1,16,141,6,1.2513373077895753,2.0287017133861815,missing
red1:lane1:snr28.0:seed4:frame18,28.0,18,profiled_cz,50,false,false,false,missing,false,true,gradient_only,1,1,16,150,10,0.5924156950574492,2.0991217554219608,missing
red1:lane1:snr28.0:seed4:frame19,28.0,19,profiled_cz,12,false,false,true,missing,false,true,gradient_only,1,1,16,89,0,0.5648862621082572,2.369229490881749,missing
red1:lane1:snr28.0:seed4:frame20,28.0,20,profiled_cz,9,false,false,true,missing,false,true,gradient_only,1,1,16,96,0,0.4905031204250506,2.1194529934515076,missing
red1:lane1:snr28.0:seed4:frame21,28.0,21,profiled_cz,13,false,false,true,missing,false,true,gradient_only,1,1,16,69,0,0.5373085977904893,3.1613971369417104,missing
red1:lane1:snr28.0:seed4:frame22,28.0,22,profiled_cz,24,false,false,false,missing,false,true,gradient_only,1,1,16,135,9,0.8883112766788357,3.0390524253252296,missing
red1:lane1:snr28.0:seed4:frame23,28.0,23,profiled_cz,29,false,false,false,missing,false,true,gradient_only,1,1,16,188,14,0.9061598259866411,2.1697956308194706,missing
red1:lane1:snr28.0:seed4:frame24,28.0,24,profiled_cz,25,false,false,false,missing,false,true,gradient_only,1,1,16,133,11,1.0414244654749358,6.462892189165624,missing
red1:lane1:snr28.0:seed4:frame25,28.0,25,profiled_cz,9,false,false,false,missing,false,true,gradient_only,1,1,16,64,3,0.33195762461369194,1.6036293969479147,missing
red1:lane1:snr28.0:seed4:frame26,28.0,26,profiled_cz,7,false,false,false,missing,false,true,gradient_only,1,1,16,84,6,0.8006468038502805,1.4917316016629765,missing
red1:lane1:snr28.0:seed4:frame27,28.0,27,profiled_cz,5,false,false,true,missing,false,true,gradient_only,1,1,16,56,0,0.40605145118204283,2.023968233216955,missing
red1:lane1:snr28.0:seed4:frame28,28.0,28,profiled_cz,11,false,false,false,missing,false,true,gradient_only,1,1,16,73,3,2.4762795858716213,1.7704176874597277,missing
red1:lane1:snr28.0:seed4:frame29,28.0,29,profiled_cz,10,false,false,false,missing,false,true,gradient_only,1,1,16,84,18,0.472200139815704,2.0309870701853057,missing
red1:lane1:snr28.0:seed4:frame30,28.0,30,profiled_cz,21,false,false,false,missing,false,true,gradient_only,1,1,16,139,5,0.5330663526292209,2.2705751568744446,missing
red1:lane1:snr28.0:seed4:frame31,28.0,31,profiled_cz,1,false,false,false,missing,false,true,gradient_only,1,1,16,51,2,0.6899493368632386,1.8478344909637074,missing
red1:lane1:snr28.0:seed4:frame32,28.0,32,profiled_cz,1,false,false,true,missing,false,true,gradient_only,1,1,16,49,0,0.9388104594331791,2.135286671565879,missing
red1:lane1:snr28.0:seed4:frame33,28.0,33,profiled_cz,3,false,false,true,missing,false,true,gradient_only,1,1,16,49,0,0.454822351567875,1.403813550124291,missing
red1:lane1:snr28.0:seed4:frame34,28.0,34,profiled_cz,48,false,false,false,missing,false,true,gradient_only,1,1,16,144,9,0.8440745757937673,1.871054872379608,missing
red1:lane1:snr28.0:seed4:frame35,28.0,35,profiled_cz,111,false,false,false,missing,false,true,gradient_only,4,1,16,380,54,2.5043981749164854,2.4718432454198034,missing
red1:lane1:snr28.0:seed4:frame36,28.0,36,profiled_cz,19,false,false,false,missing,false,true,gradient_only,1,1,16,106,14,0.7698718197914326,2.0426539724734467,missing
red1:lane1:snr28.0:seed4:frame37,28.0,37,profiled_cz,5,false,false,true,missing,false,true,gradient_only,1,1,16,46,0,0.3235553055707937,1.481439698706564,missing
red1:lane1:snr28.0:seed4:frame38,28.0,38,profiled_cz,1,false,false,true,missing,false,true,gradient_only,1,1,16,32,0,0.33781056431257217,1.3155966725674135,missing
red1:lane1:snr28.0:seed4:frame39,28.0,39,profiled_cz,2,false,false,true,missing,false,true,gradient_only,1,1,16,42,0,0.29622294382680486,1.1824266683979017,missing
red1:lane1:snr28.0:seed4:frame40,28.0,40,profiled_cz,2,false,false,true,missing,false,true,gradient_only,1,1,16,54,0,0.46578015524465294,1.799235450574765,missing
red1:lane1:snr28.0:seed4:frame41,28.0,41,profiled_cz,3,false,false,true,missing,false,true,gradient_only,1,1,16,61,0,0.5929319921034397,1.6940633068461457,missing
red1:lane1:snr28.0:seed4:frame42,28.0,42,profiled_cz,1,false,false,false,missing,false,true,gradient_only,1,1,16,64,9,0.5465138870274842,1.589749725664019,missing
red1:lane1:snr28.0:seed4:frame43,28.0,43,profiled_cz,54,false,false,false,missing,false,true,gradient_only,1,1,16,289,35,0.3689188849970069,105.91561870416386,missing
red1:lane1:snr28.0:seed4:frame44,28.0,44,profiled_cz,5,false,false,false,missing,false,true,gradient_only,1,1,16,54,3,0.35239044795640156,1.4107342955727873,missing
red1:lane1:snr28.0:seed4:frame45,28.0,45,profiled_cz,3,false,false,false,missing,false,true,gradient_only,1,1,16,83,2,0.5691310896806181,24.121306224343726,missing
red1:lane1:snr28.0:seed4:frame46,28.0,46,profiled_cz,18,false,false,false,missing,false,true,gradient_only,1,1,16,105,10,0.9039630041301915,1.388412587702576,missing
red1:lane1:snr28.0:seed4:frame47,28.0,47,profiled_cz,3,false,false,false,missing,false,true,gradient_only,1,1,16,36,2,0.35321546593352116,1.5874359171573569,missing
red1:lane1:snr28.0:seed4:frame48,28.0,48,profiled_cz,0,true,false,true,missing,false,true,gradient_only,1,1,16,17,0,0.21302235894151134,1.2438059687908112,missing
red1:lane1:snr28.0:seed4:frame49,28.0,49,profiled_cz,3,false,false,true,missing,false,true,gradient_only,1,1,16,32,0,0.3435231686017734,29.82028888695221,missing
red1:lane1:snr28.0:seed4:frame50,28.0,50,profiled_cz,4,false,false,true,missing,false,true,gradient_only,1,1,16,37,0,0.3611427397637508,2.5660736534117996,missing
red1:lane1:snr28.0:seed4:frame51,28.0,51,profiled_cz,5,false,false,false,missing,false,true,gradient_only,1,1,16,67,6,0.4260559376024289,1.5208945120097908,missing
red1:lane1:snr28.0:seed4:frame52,28.0,52,profiled_cz,5,false,false,true,missing,false,true,gradient_only,1,1,16,54,0,0.43777851563899245,14.084119175834696,missing
red1:lane1:snr28.0:seed4:frame53,28.0,53,profiled_cz,7,false,false,false,missing,false,true,gradient_only,1,1,16,61,3,0.5591097153857948,2.1288328676064188,missing
red1:lane1:snr28.0:seed4:frame54,28.0,54,profiled_cz,4,false,false,true,missing,false,true,gradient_only,1,1,16,39,0,0.2904332932376738,1.5323197496347538,missing
red1:lane1:snr28.0:seed4:frame55,28.0,55,profiled_cz,1,false,false,true,missing,false,true,gradient_only,1,1,16,43,0,0.3906093609988177,1.1249712477942704,missing
red1:lane1:snr28.0:seed4:frame56,28.0,56,profiled_cz,3,false,false,false,missing,false,true,gradient_only,1,1,16,62,2,5.371552149264283,1.4053872158140126,missing
red1:lane1:snr28.0:seed4:frame57,28.0,57,profiled_cz,3,false,false,false,missing,false,true,gradient_only,1,1,16,66,2,0.3873950487082544,1.7218181882543906,missing
red1:lane1:snr28.0:seed4:frame58,28.0,58,profiled_cz,0,true,false,true,missing,false,true,gradient_only,1,1,16,26,0,0.30519472878892545,2.153478858757283,missing
red1:lane1:snr28.0:seed4:frame59,28.0,59,profiled_cz,0,true,false,true,missing,false,true,gradient_only,1,1,16,19,0,0.24643342829418552,1.6651404140970458,missing
red1:lane1:snr28.0:seed4:frame60,28.0,60,profiled_cz,2,false,false,false,missing,false,true,gradient_only,1,1,16,54,3,0.3617570334878929,1.4193364122124799,missing
red1:lane1:snr30.0:seed4:frame1,30.0,1,cwz_joint,8,false,false,true,missing,false,true,gradient_only,8,1,16,73,0,0.4932871962830193,55.876833078334805,missing
red1:lane1:snr30.0:seed4:frame2,30.0,2,cwz_joint,29,false,false,true,missing,false,true,gradient_only,8,1,16,139,0,0.9465909629627682,57.27838311295303,missing
red1:lane1:snr30.0:seed4:frame3,30.0,3,cwz_joint,27,false,false,true,missing,false,true,gradient_only,8,1,16,140,0,0.8639015462884724,48.30002100825968,missing
red1:lane1:snr30.0:seed4:frame4,30.0,4,cwz_joint,20,false,false,true,missing,false,true,gradient_only,8,1,16,125,0,1.0911128662551777,65.57442802954677,missing
red1:lane1:snr30.0:seed4:frame5,30.0,5,cwz_joint,5,false,false,true,missing,false,true,gradient_only,8,1,16,52,0,10.024792115497124,44.21183899291845,missing
red1:lane1:snr30.0:seed4:frame6,30.0,6,cwz_joint,29,false,false,true,missing,false,true,gradient_only,8,1,16,89,0,1.2733373022337744,43.18566612743286,missing
red1:lane1:snr30.0:seed4:frame7,30.0,7,cwz_joint,91,false,false,true,missing,false,true,gradient_only,8,1,16,361,0,2.0393410500312514,71.70060379431841,missing
red1:lane1:snr30.0:seed4:frame8,30.0,8,cwz_joint,105,false,false,true,missing,false,true,gradient_only,8,1,16,358,0,1.3028528617956787,88.34544605390721,missing
red1:lane1:snr30.0:seed4:frame9,30.0,9,cwz_joint,23,false,false,true,missing,false,true,gradient_only,8,1,16,141,0,0.6479717002357267,47.623447333787475,missing
red1:lane1:snr30.0:seed4:frame10,30.0,10,cwz_joint,3,false,false,true,missing,false,true,gradient_only,8,1,16,62,0,1.106633428133153,44.4700482148402,missing
red1:lane1:snr30.0:seed4:frame11,30.0,11,cwz_joint,8,false,false,true,missing,false,true,gradient_only,8,1,16,60,0,0.46125137495468455,45.014301537881686,missing
red1:lane1:snr30.0:seed4:frame12,30.0,12,cwz_joint,26,false,false,true,missing,false,true,gradient_only,8,1,16,132,0,1.7819357039049606,42.076671865379815,missing
red1:lane1:snr30.0:seed4:frame13,30.0,13,cwz_joint,157,false,false,true,missing,false,true,gradient_only,8,1,16,633,0,1.4126869964486028,60.680967525210434,missing
red1:lane1:snr30.0:seed4:frame14,30.0,14,cwz_joint,73,false,false,true,missing,false,true,gradient_only,8,1,16,300,0,0.8147150074486011,56.17503911731782,missing
red1:lane1:snr30.0:seed4:frame15,30.0,15,cwz_joint,28,false,false,true,missing,false,true,gradient_only,8,1,16,134,0,2.576716857306666,43.74363617704543,missing
red1:lane1:snr30.0:seed4:frame16,30.0,16,cwz_joint,44,false,false,true,missing,false,true,gradient_only,8,1,16,204,0,1.0565502391609987,73.39053828506044,missing
red1:lane1:snr30.0:seed4:frame17,30.0,17,cwz_joint,32,false,false,true,missing,false,true,gradient_only,8,1,16,146,0,1.0783942917197207,39.58056827606653,missing
red1:lane1:snr30.0:seed4:frame18,30.0,18,cwz_joint,41,false,false,true,missing,false,true,gradient_only,8,1,16,151,0,0.5785868609258176,41.66342774076399,missing
red1:lane1:snr30.0:seed4:frame19,30.0,19,cwz_joint,12,false,false,true,missing,false,true,gradient_only,8,1,16,95,0,0.7037758360113496,43.11213667970122,missing
red1:lane1:snr30.0:seed4:frame20,30.0,20,cwz_joint,9,false,false,true,missing,false,true,gradient_only,8,1,16,93,0,0.43665005519980815,32.68072574150268,missing
red1:lane1:snr30.0:seed4:frame21,30.0,21,cwz_joint,13,false,false,true,missing,false,true,gradient_only,8,1,16,76,0,0.5117080570905096,43.533478701890424,missing
red1:lane1:snr30.0:seed4:frame22,30.0,22,cwz_joint,17,false,false,true,missing,false,true,gradient_only,8,1,16,121,0,0.8376204197884211,51.02729457390486,missing
red1:lane1:snr30.0:seed4:frame23,30.0,23,cwz_joint,26,false,false,true,missing,false,true,gradient_only,8,1,16,181,0,0.8031643355700894,45.222999104606686,missing
red1:lane1:snr30.0:seed4:frame24,30.0,24,cwz_joint,19,false,false,true,missing,false,true,gradient_only,8,1,16,132,0,1.253969873383827,93.04227045293796,missing
red1:lane1:snr30.0:seed4:frame25,30.0,25,cwz_joint,10,false,false,true,missing,false,true,gradient_only,8,1,16,56,0,0.33839843172431805,31.431561199179303,missing
red1:lane1:snr30.0:seed4:frame26,30.0,26,cwz_joint,10,false,false,true,missing,false,true,gradient_only,8,1,16,80,0,0.7839776041756993,31.667820643471252,missing
red1:lane1:snr30.0:seed4:frame27,30.0,27,cwz_joint,5,false,false,true,missing,false,true,gradient_only,8,1,16,51,0,0.444382569006507,37.144736871481705,missing
red1:lane1:snr30.0:seed4:frame28,30.0,28,cwz_joint,13,false,false,true,missing,false,true,gradient_only,8,1,16,73,0,0.781544017057574,34.364561417252126,missing
red1:lane1:snr30.0:seed4:frame29,30.0,29,cwz_joint,9,false,false,true,missing,false,true,gradient_only,8,1,16,82,0,0.458643172531578,41.41080731757155,missing
red1:lane1:snr30.0:seed4:frame30,30.0,30,cwz_joint,19,false,false,true,missing,false,true,gradient_only,8,1,16,127,0,0.4998185839583699,38.07978727687571,missing
red1:lane1:snr30.0:seed4:frame31,30.0,31,cwz_joint,1,false,false,true,missing,false,true,gradient_only,8,1,16,43,0,0.64037059994172,37.16715559677151,missing
red1:lane1:snr30.0:seed4:frame32,30.0,32,cwz_joint,1,false,false,true,missing,false,true,gradient_only,8,1,16,42,0,0.7703526981506291,40.27921492962495,missing
red1:lane1:snr30.0:seed4:frame33,30.0,33,cwz_joint,3,false,false,true,missing,false,true,gradient_only,8,1,16,48,0,0.45356679037474024,28.4339971059391,missing
red1:lane1:snr30.0:seed4:frame34,30.0,34,cwz_joint,41,false,false,true,missing,false,true,gradient_only,8,1,16,133,0,1.577308598961315,38.516847052546304,missing
red1:lane1:snr30.0:seed4:frame35,30.0,35,cwz_joint,101,false,false,true,missing,false,true,gradient_only,8,1,16,299,0,3.948997636419466,38.12866599229118,missing
red1:lane1:snr30.0:seed4:frame36,30.0,36,cwz_joint,18,false,false,true,missing,false,true,gradient_only,8,1,16,98,0,0.850044344037831,41.71878780701405,missing
red1:lane1:snr30.0:seed4:frame37,30.0,37,cwz_joint,6,false,false,true,missing,false,true,gradient_only,8,1,16,48,0,0.33033903776771295,24.231065988800346,missing
red1:lane1:snr30.0:seed4:frame38,30.0,38,cwz_joint,0,true,false,true,missing,false,true,gradient_only,8,1,16,27,0,0.2504056122195164,21.720102348423104,missing
red1:lane1:snr30.0:seed4:frame39,30.0,39,cwz_joint,0,true,false,true,missing,false,true,gradient_only,8,1,16,26,0,0.38818760022075677,21.56034985787653,missing
red1:lane1:snr30.0:seed4:frame40,30.0,40,cwz_joint,2,false,false,true,missing,false,true,gradient_only,8,1,16,52,0,0.46520629188251283,31.87468233371101,missing
red1:lane1:snr30.0:seed4:frame41,30.0,41,cwz_joint,2,false,false,true,missing,false,true,gradient_only,8,1,16,58,0,0.620392071275112,33.147051612286546,missing
red1:lane1:snr30.0:seed4:frame42,30.0,42,cwz_joint,1,false,false,true,missing,false,true,gradient_only,8,1,16,66,0,33.81553088679795,34.647670753291244,missing
red1:lane1:snr30.0:seed4:frame43,30.0,43,cwz_joint,55,false,false,true,missing,false,true,gradient_only,8,1,16,281,0,0.4601906932784324,1337.2459432799744,missing
red1:lane1:snr30.0:seed4:frame44,30.0,44,cwz_joint,4,false,false,true,missing,false,true,gradient_only,8,1,16,54,0,0.5211150456620336,26.238917488214508,missing
red1:lane1:snr30.0:seed4:frame45,30.0,45,cwz_joint,3,false,false,true,missing,false,true,gradient_only,8,1,16,81,0,0.5518872715521548,57.56605474277988,missing
red1:lane1:snr30.0:seed4:frame46,30.0,46,cwz_joint,11,false,false,true,missing,false,true,gradient_only,8,1,16,91,0,0.5655876524300862,23.64445245484927,missing
red1:lane1:snr30.0:seed4:frame47,30.0,47,cwz_joint,1,false,false,true,missing,false,true,gradient_only,8,1,16,31,0,0.37150738900272046,23.470260544968486,missing
red1:lane1:snr30.0:seed4:frame48,30.0,48,cwz_joint,0,true,false,true,missing,false,true,gradient_only,8,1,16,16,0,0.2000927206149946,25.37290848255549,missing
red1:lane1:snr30.0:seed4:frame49,30.0,49,cwz_joint,3,false,false,true,missing,false,true,gradient_only,8,1,16,32,0,0.5733476361843188,49.25573056767647,missing
red1:lane1:snr30.0:seed4:frame50,30.0,50,cwz_joint,3,false,false,true,missing,false,true,gradient_only,8,1,16,37,0,0.354493422225598,41.10945484319651,missing
red1:lane1:snr30.0:seed4:frame51,30.0,51,cwz_joint,5,false,false,true,missing,false,true,gradient_only,8,1,16,65,0,0.46207693014689605,27.692214514920884,missing
red1:lane1:snr30.0:seed4:frame52,30.0,52,cwz_joint,5,false,false,true,missing,false,true,gradient_only,8,1,16,50,0,0.42349893505209146,51.94805398713735,missing
red1:lane1:snr30.0:seed4:frame53,30.0,53,cwz_joint,6,false,false,true,missing,false,true,gradient_only,8,1,16,70,0,0.4645045244397597,34.89577135569116,missing
red1:lane1:snr30.0:seed4:frame54,30.0,54,cwz_joint,4,false,false,true,missing,false,true,gradient_only,8,1,16,40,0,0.3014207402995568,22.055732359588298,missing
red1:lane1:snr30.0:seed4:frame55,30.0,55,cwz_joint,1,false,false,true,missing,false,true,gradient_only,8,1,16,39,0,0.36178100023714205,16.535625089412846,missing
red1:lane1:snr30.0:seed4:frame56,30.0,56,cwz_joint,7,false,false,true,missing,false,true,gradient_only,8,1,16,52,0,1.0623211218010453,27.951090585963804,missing
red1:lane1:snr30.0:seed4:frame57,30.0,57,cwz_joint,1,false,false,true,missing,false,true,gradient_only,8,1,16,57,0,0.30379809875832675,27.513214119404335,missing
red1:lane1:snr30.0:seed4:frame58,30.0,58,cwz_joint,0,true,false,true,missing,false,true,gradient_only,8,1,16,25,0,0.3697963670625159,88.80549489349544,missing
red1:lane1:snr30.0:seed4:frame59,30.0,59,cwz_joint,0,true,false,true,missing,false,true,gradient_only,8,1,16,18,0,0.20531197439929222,30.06862184502994,missing
red1:lane1:snr30.0:seed4:frame60,30.0,60,cwz_joint,0,true,false,true,missing,false,true,gradient_only,8,1,16,45,0,0.31182080736153783,26.836236384013354,missing
red1:lane1:snr30.0:seed4:frame1,30.0,1,profiled_cz,8,false,false,false,missing,false,true,gradient_only,1,1,16,73,2,0.4932871962830193,2.8194589004399746,missing
red1:lane1:snr30.0:seed4:frame2,30.0,2,profiled_cz,29,false,false,false,missing,false,true,gradient_only,1,1,16,139,3,0.9465909629627682,2.6187329791011646,missing
red1:lane1:snr30.0:seed4:frame3,30.0,3,profiled_cz,27,false,false,false,missing,false,true,gradient_only,1,1,16,140,5,0.8639015462884724,2.488368757271493,missing
red1:lane1:snr30.0:seed4:frame4,30.0,4,profiled_cz,20,false,false,false,missing,false,true,gradient_only,1,1,16,125,8,1.0911128662551777,3.060299442807395,missing
red1:lane1:snr30.0:seed4:frame5,30.0,5,profiled_cz,5,false,false,true,missing,false,true,gradient_only,1,1,16,52,0,10.024792115497124,2.011069973363007,missing
red1:lane1:snr30.0:seed4:frame6,30.0,6,profiled_cz,29,false,false,true,missing,false,true,gradient_only,1,1,16,89,0,1.2733373022337744,1.9177250838853732,missing
red1:lane1:snr30.0:seed4:frame7,30.0,7,profiled_cz,91,false,false,false,missing,false,true,gradient_only,1,1,16,361,32,2.0393410500312514,3.2796993323843595,missing
red1:lane1:snr30.0:seed4:frame8,30.0,8,profiled_cz,105,false,false,false,missing,false,true,gradient_only,1,1,16,358,33,1.3028528617956787,4.628735554677962,missing
red1:lane1:snr30.0:seed4:frame9,30.0,9,profiled_cz,23,false,false,false,missing,false,true,gradient_only,1,1,16,141,9,0.6479717002357267,2.4191363613546524,missing
red1:lane1:snr30.0:seed4:frame10,30.0,10,profiled_cz,3,false,false,true,missing,false,true,gradient_only,1,1,16,62,0,1.106633428133153,2.2189913218407855,missing
red1:lane1:snr30.0:seed4:frame11,30.0,11,profiled_cz,8,false,false,true,missing,false,true,gradient_only,1,1,16,60,0,0.46125137495468455,2.1923006261644145,missing
red1:lane1:snr30.0:seed4:frame12,30.0,12,profiled_cz,26,false,false,false,missing,false,true,gradient_only,1,1,16,132,12,1.7819357039049606,2.073947958070628,missing
red1:lane1:snr30.0:seed4:frame13,30.0,13,profiled_cz,157,false,false,false,missing,false,true,gradient_only,1,1,16,633,63,1.4126869964486028,3.1600862827831815,missing
red1:lane1:snr30.0:seed4:frame14,30.0,14,profiled_cz,74,false,false,false,missing,false,true,gradient_only,1,1,16,300,21,0.8147150074486011,2.7779398527976435,missing
red1:lane1:snr30.0:seed4:frame15,30.0,15,profiled_cz,28,false,false,false,missing,false,true,gradient_only,1,1,16,134,4,2.576716857306666,2.225429687293096,missing
red1:lane1:snr30.0:seed4:frame16,30.0,16,profiled_cz,44,false,false,false,missing,false,true,gradient_only,1,1,16,204,31,1.0565502391609987,3.8415469687103303,missing
red1:lane1:snr30.0:seed4:frame17,30.0,17,profiled_cz,32,false,false,false,missing,false,true,gradient_only,1,1,16,146,11,1.0783942917197207,2.015034558290278,missing
red1:lane1:snr30.0:seed4:frame18,30.0,18,profiled_cz,41,false,false,false,missing,false,true,gradient_only,1,1,16,151,11,0.5785868609258176,2.0463820179675816,missing
red1:lane1:snr30.0:seed4:frame19,30.0,19,profiled_cz,12,false,false,false,missing,false,true,gradient_only,1,1,16,95,1,0.7037758360113496,2.349785446495522,missing
red1:lane1:snr30.0:seed4:frame20,30.0,20,profiled_cz,9,false,false,false,missing,false,true,gradient_only,1,1,16,93,6,0.43665005519980815,2.0862090481974067,missing
red1:lane1:snr30.0:seed4:frame21,30.0,21,profiled_cz,13,false,false,true,missing,false,true,gradient_only,1,1,16,76,0,0.5117080570905096,3.1367999757513387,missing
red1:lane1:snr30.0:seed4:frame22,30.0,22,profiled_cz,17,false,false,false,missing,false,true,gradient_only,1,1,16,121,10,0.8376204197884211,2.9620639328290186,missing
red1:lane1:snr30.0:seed4:frame23,30.0,23,profiled_cz,26,false,false,false,missing,false,true,gradient_only,1,1,16,181,10,0.8031643355700894,2.147446349946089,missing
red1:lane1:snr30.0:seed4:frame24,30.0,24,profiled_cz,19,false,false,false,missing,false,true,gradient_only,1,1,16,132,17,1.253969873383827,5.995896217508206,missing
red1:lane1:snr30.0:seed4:frame25,30.0,25,profiled_cz,10,false,false,true,missing,false,true,gradient_only,1,1,16,56,0,0.33839843172431805,1.5953954583007315,missing
red1:lane1:snr30.0:seed4:frame26,30.0,26,profiled_cz,10,false,false,true,missing,false,true,gradient_only,1,1,16,80,0,0.7839776041756993,1.4822161013460504,missing
red1:lane1:snr30.0:seed4:frame27,30.0,27,profiled_cz,5,false,false,true,missing,false,true,gradient_only,1,1,16,51,0,0.444382569006507,2.009181353218218,missing
red1:lane1:snr30.0:seed4:frame28,30.0,28,profiled_cz,13,false,false,false,missing,false,true,gradient_only,1,1,16,73,3,0.781544017057574,1.763964362311999,missing
red1:lane1:snr30.0:seed4:frame29,30.0,29,profiled_cz,9,false,false,false,missing,false,true,gradient_only,1,1,16,82,22,0.458643172531578,2.04223381717403,missing
red1:lane1:snr30.0:seed4:frame30,30.0,30,profiled_cz,19,false,false,false,missing,false,true,gradient_only,1,1,16,127,5,0.4998185839583699,2.228730869118818,missing
red1:lane1:snr30.0:seed4:frame31,30.0,31,profiled_cz,1,false,false,false,missing,false,true,gradient_only,1,1,16,43,2,0.64037059994172,1.8308950138261078,missing
red1:lane1:snr30.0:seed4:frame32,30.0,32,profiled_cz,1,false,false,true,missing,false,true,gradient_only,1,1,16,42,0,0.7703526981506291,2.0309752557676695,missing
red1:lane1:snr30.0:seed4:frame33,30.0,33,profiled_cz,3,false,false,true,missing,false,true,gradient_only,1,1,16,48,0,0.45356679037474024,1.394768799823498,missing
red1:lane1:snr30.0:seed4:frame34,30.0,34,profiled_cz,41,false,false,false,missing,false,true,gradient_only,1,1,16,133,6,1.577308598961315,1.8711404979257242,missing
red1:lane1:snr30.0:seed4:frame35,30.0,35,profiled_cz,101,false,false,false,missing,false,true,gradient_only,1,1,16,299,14,3.948997636419466,2.3877590153141495,missing
red1:lane1:snr30.0:seed4:frame36,30.0,36,profiled_cz,18,false,false,false,missing,false,true,gradient_only,1,1,16,98,16,0.850044344037831,2.0296770602408167,missing
red1:lane1:snr30.0:seed4:frame37,30.0,37,profiled_cz,6,false,false,true,missing,false,true,gradient_only,1,1,16,48,0,0.33033903776771295,1.455866780977493,missing
red1:lane1:snr30.0:seed4:frame38,30.0,38,profiled_cz,0,true,false,true,missing,false,true,gradient_only,1,1,16,27,0,0.2504056122195164,1.2921931481670241,missing
red1:lane1:snr30.0:seed4:frame39,30.0,39,profiled_cz,0,true,false,true,missing,false,true,gradient_only,1,1,16,26,0,0.38818760022075677,1.0267345338858402,missing
red1:lane1:snr30.0:seed4:frame40,30.0,40,profiled_cz,2,false,false,true,missing,false,true,gradient_only,1,1,16,52,0,0.46520629188251283,1.7682073277385595,missing
red1:lane1:snr30.0:seed4:frame41,30.0,41,profiled_cz,2,false,false,true,missing,false,true,gradient_only,1,1,16,58,0,0.620392071275112,1.6786688827684983,missing
red1:lane1:snr30.0:seed4:frame42,30.0,42,profiled_cz,1,false,false,false,missing,false,true,gradient_only,1,1,16,66,3,33.81553088679795,1.541048412291583,missing
red1:lane1:snr30.0:seed4:frame43,30.0,43,profiled_cz,55,false,false,false,missing,false,true,gradient_only,1,1,16,281,19,0.4601906932784324,87.95570222710849,missing
red1:lane1:snr30.0:seed4:frame44,30.0,44,profiled_cz,4,false,false,true,missing,false,true,gradient_only,1,1,16,54,0,0.5211150456620336,1.403839245715134,missing
red1:lane1:snr30.0:seed4:frame45,30.0,45,profiled_cz,3,false,false,true,missing,false,true,gradient_only,1,1,16,81,0,0.5518872715521548,25.54955686477198,missing
red1:lane1:snr30.0:seed4:frame46,30.0,46,profiled_cz,11,false,false,false,missing,false,true,gradient_only,1,1,16,91,2,0.5655876524300862,1.3241486269131462,missing
red1:lane1:snr30.0:seed4:frame47,30.0,47,profiled_cz,1,false,false,true,missing,false,true,gradient_only,1,1,16,31,0,0.37150738900272046,1.5584754640065102,missing
red1:lane1:snr30.0:seed4:frame48,30.0,48,profiled_cz,0,true,false,true,missing,false,true,gradient_only,1,1,16,16,0,0.2000927206149946,1.2266364139176371,missing
red1:lane1:snr30.0:seed4:frame49,30.0,49,profiled_cz,3,false,false,true,missing,false,true,gradient_only,1,1,16,32,0,0.5733476361843188,45.094923858799056,missing
red1:lane1:snr30.0:seed4:frame50,30.0,50,profiled_cz,3,false,false,true,missing,false,true,gradient_only,1,1,16,37,0,0.354493422225598,2.5213984047058577,missing
red1:lane1:snr30.0:seed4:frame51,30.0,51,profiled_cz,5,false,false,false,missing,false,true,gradient_only,1,1,16,65,6,0.46207693014689605,1.514222199591372,missing
red1:lane1:snr30.0:seed4:frame52,30.0,52,profiled_cz,5,false,false,true,missing,false,true,gradient_only,1,1,16,50,0,0.42349893505209146,9.533024992685737,missing
red1:lane1:snr30.0:seed4:frame53,30.0,53,profiled_cz,6,false,false,true,missing,false,true,gradient_only,1,1,16,70,0,0.4645045244397597,2.1203098578410415,missing
red1:lane1:snr30.0:seed4:frame54,30.0,54,profiled_cz,4,false,false,true,missing,false,true,gradient_only,1,1,16,40,0,0.3014207402995568,1.5027833997530842,missing
red1:lane1:snr30.0:seed4:frame55,30.0,55,profiled_cz,1,false,false,true,missing,false,true,gradient_only,1,1,16,39,0,0.36178100023714205,1.1135482692502512,missing
red1:lane1:snr30.0:seed4:frame56,30.0,56,profiled_cz,7,false,false,true,missing,false,true,gradient_only,1,1,16,52,0,1.0623211218010453,1.4110271012485007,missing
red1:lane1:snr30.0:seed4:frame57,30.0,57,profiled_cz,1,false,false,false,missing,false,true,gradient_only,1,1,16,57,3,0.30379809875832675,1.6670645505774822,missing
red1:lane1:snr30.0:seed4:frame58,30.0,58,profiled_cz,0,true,false,true,missing,false,true,gradient_only,1,1,16,25,0,0.3697963670625159,2.101127103614066,missing
red1:lane1:snr30.0:seed4:frame59,30.0,59,profiled_cz,0,true,false,true,missing,false,true,gradient_only,1,1,16,18,0,0.20531197439929222,1.648680429320717,missing
red1:lane1:snr30.0:seed4:frame60,30.0,60,profiled_cz,0,true,false,true,missing,false,true,gradient_only,1,1,16,45,0,0.31182080736153783,1.388844714709735,missing
