workload_id,snr_db,frame,algorithm_id,bit_errors,success,decode_failure,decoder_valid,crc_valid,baseline_valid,accepted_update,selection_reason,selected_iteration,partial_fft_parts,partial_fft_bands,lite_syndrome,gradient_syndrome,lite_score,gradient_score,selected_mean_abs_lpost
red2:lane1:snr0.0:seed4:frame1,0.0,1,cwz_joint,1327,false,false,false,missing,false,true,gradient_only,8,1,16,1541,1266,13.359166660511232,190.6322928244483,missing
red2:lane1:snr0.0:seed4:frame2,0.0,2,cwz_joint,1374,false,false,false,missing,false,true,gradient_only,7,1,16,1522,1245,3.329787858708097,248.26938580039703,missing
red2:lane1:snr0.0:seed4:frame3,0.0,3,cwz_joint,1349,false,false,false,missing,false,true,gradient_only,8,1,16,1488,1304,4.661849637517814,204.55921398025268,missing
red2:lane1:snr0.0:seed4:frame4,0.0,4,cwz_joint,1401,false,false,false,missing,false,true,gradient_only,7,1,16,1578,1437,3.9274640789045474,116.1290842887955,missing
red2:lane1:snr0.0:seed4:frame5,0.0,5,cwz_joint,1193,false,false,false,missing,false,true,gradient_only,8,1,16,1594,1332,2.3814557278872126,387.7176510551028,missing
red2:lane1:snr0.0:seed4:frame6,0.0,6,cwz_joint,1312,false,false,false,missing,false,true,gradient_only,6,1,16,1617,1406,1.854958280205328,123.35804309249635,missing
red2:lane1:snr0.0:seed4:frame7,0.0,7,cwz_joint,1354,false,false,false,missing,false,true,gradient_only,7,1,16,1583,1349,3.4685162028411365,184.7706667508655,missing
red2:lane1:snr0.0:seed4:frame8,0.0,8,cwz_joint,1356,false,false,false,missing,false,true,gradient_only,8,1,16,1578,1374,2.3465773240640035,138.8938044165323,missing
red2:lane1:snr0.0:seed4:frame9,0.0,9,cwz_joint,1325,false,false,false,missing,false,true,gradient_only,6,1,16,1539,1382,5.630257961135342,185.53336026550926,missing
red2:lane1:snr0.0:seed4:frame10,0.0,10,cwz_joint,1450,false,false,false,missing,false,true,gradient_only,8,1,16,1481,1235,2.403825402041791,173.51757570127302,missing
red2:lane1:snr0.0:seed4:frame11,0.0,11,cwz_joint,1326,false,false,false,missing,false,true,gradient_only,8,1,16,1627,1396,1.9256594003704364,375.37572948352494,missing
red2:lane1:snr0.0:seed4:frame12,0.0,12,cwz_joint,1361,false,false,false,missing,false,true,gradient_only,7,1,16,1585,1383,23.579377170349215,258.73592084717484,missing
red2:lane1:snr0.0:seed4:frame13,0.0,13,cwz_joint,1376,false,false,false,missing,false,true,gradient_only,7,1,16,1613,1384,2.3214170194947727,87.3108357573189,missing
red2:lane1:snr0.0:seed4:frame14,0.0,14,cwz_joint,1400,false,false,false,missing,false,true,gradient_only,5,1,16,1527,1401,1.0705547343869726,3321.021553775179,missing
red2:lane1:snr0.0:seed4:frame15,0.0,15,cwz_joint,1348,false,false,false,missing,false,true,gradient_only,8,1,16,1567,1372,22.103175272157955,151.4921848189871,missing
red2:lane1:snr0.0:seed4:frame16,0.0,16,cwz_joint,1192,false,false,false,missing,false,true,gradient_only,8,1,16,1506,1289,5.5465697777419845,156.08855375099398,missing
red2:lane1:snr0.0:seed4:frame17,0.0,17,cwz_joint,1268,false,false,false,missing,false,true,gradient_only,8,1,16,1485,1238,1.5914843058629704,353.66031895954575,missing
red2:lane1:snr0.0:seed4:frame18,0.0,18,cwz_joint,1344,false,false,false,missing,false,true,gradient_only,8,1,16,1582,1393,1.869676850464758,662.5277589244843,missing
red2:lane1:snr0.0:seed4:frame19,0.0,19,cwz_joint,1385,false,false,false,missing,false,true,gradient_only,8,1,16,1537,1284,2.955382626497732,302.6904057109605,missing
red2:lane1:snr0.0:seed4:frame20,0.0,20,cwz_joint,1326,false,false,false,missing,false,true,gradient_only,6,1,16,1583,1414,2.8535507427402225,162.04059270791006,missing
red2:lane1:snr0.0:seed4:frame21,0.0,21,cwz_joint,1357,false,false,false,missing,false,true,gradient_only,8,1,16,1554,1405,3.012207822078455,196.10732159119405,missing
red2:lane1:snr0.0:seed4:frame22,0.0,22,cwz_joint,1459,false,false,false,missing,false,true,gradient_only,8,1,16,1538,1428,2.979588327911012,250.89932522804642,missing
red2:lane1:snr0.0:seed4:frame23,0.0,23,cwz_joint,1365,false,false,false,missing,false,true,gradient_only,8,1,16,1545,1428,1.4750206545079487,640.8176412249983,missing
red2:lane1:snr0.0:seed4:frame24,0.0,24,cwz_joint,1366,false,false,false,missing,false,true,gradient_only,8,1,16,1571,1415,2.620620571835252,487.207171198534,missing
red2:lane1:snr0.0:seed4:frame25,0.0,25,cwz_joint,1296,false,false,false,missing,false,true,gradient_only,8,1,16,1561,1333,1.7214983253546106,489.2670509007536,missing
red2:lane1:snr0.0:seed4:frame26,0.0,26,cwz_joint,1254,false,false,false,missing,false,true,gradient_only,7,1,16,1563,1441,10.082946697101839,63.29358958330262,missing
red2:lane1:snr0.0:seed4:frame27,0.0,27,cwz_joint,1350,false,false,false,missing,false,true,gradient_only,8,1,16,1602,1292,3.42409744895663,214.69452653550277,missing
red2:lane1:snr0.0:seed4:frame28,0.0,28,cwz_joint,1298,false,false,false,missing,false,true,gradient_only,8,1,16,1582,1390,2.679745516525345,192.80299612995728,missing
red2:lane1:snr0.0:seed4:frame29,0.0,29,cwz_joint,1376,false,false,false,missing,false,true,gradient_only,8,1,16,1603,1232,1.981927777232708,2191.5478087905353,missing
red2:lane1:snr0.0:seed4:frame30,0.0,30,cwz_joint,1386,false,false,false,missing,false,true,gradient_only,8,1,16,1632,1281,6.425879375352599,926.1525678888811,missing
red2:lane1:snr0.0:seed4:frame31,0.0,31,cwz_joint,1391,false,false,false,missing,false,true,gradient_only,8,1,16,1586,1339,2.5881465869174107,215.85762302511787,missing
red2:lane1:snr0.0:seed4:frame32,0.0,32,cwz_joint,1418,false,false,false,missing,false,true,gradient_only,8,1,16,1570,1317,3.0320823858895753,345.4553351322062,missing
red2:lane1:snr0.0:seed4:frame33,0.0,33,cwz_joint,1225,false,false,false,missing,false,true,gradient_only,8,1,16,1629,1453,4.012496087899645,324.87913161780943,missing
red2:lane1:snr0.0:seed4:frame34,0.0,34,cwz_joint,1301,false,false,false,missing,false,true,gradient_only,7,1,16,1541,1436,5.434013617878929,371.5679544044077,missing
red2:lane1:snr0.0:seed4:frame35,0.0,35,cwz_joint,1413,false,false,false,missing,false,true,gradient_only,8,1,16,1596,1350,2.5493706555751077,140.84755221712922,missing
red2:lane1:snr0.0:seed4:frame36,0.0,36,cwz_joint,1366,false,false,false,missing,false,true,gradient_only,7,1,16,1567,1274,2.0038883906733447,272.0540599463372,missing
red2:lane1:snr0.0:seed4:frame37,0.0,37,cwz_joint,1217,false,false,false,missing,false,true,gradient_only,8,1,16,1596,1308,1.672690373558802,266.7275529339198,missing
red2:lane1:snr0.0:seed4:frame38,0.0,38,cwz_joint,1387,false,false,false,missing,false,true,gradient_only,8,1,16,1544,1316,1.9974063997190827,508.78110764769184,missing
red2:lane1:snr0.0:seed4:frame39,0.0,39,cwz_joint,1430,false,false,false,missing,false,true,gradient_only,8,1,16,1557,1409,1.5405866537981958,209.5765700820004,missing
red2:lane1:snr0.0:seed4:frame40,0.0,40,cwz_joint,1324,false,false,false,missing,false,true,gradient_only,8,1,16,1607,1298,1.56395224569673,142.8544554367324,missing
red2:lane1:snr0.0:seed4:frame41,0.0,41,cwz_joint,1393,false,false,false,missing,false,true,gradient_only,8,1,16,1608,1343,2.288378657249246,163.91047774927875,missing
red2:lane1:snr0.0:seed4:frame42,0.0,42,cwz_joint,1283,false,false,false,missing,false,true,gradient_only,7,1,16,1584,1348,5.635272901586146,1455.4710931121049,missing
red2:lane1:snr0.0:seed4:frame43,0.0,43,cwz_joint,1439,false,false,false,missing,false,true,gradient_only,7,1,16,1590,1302,1.4593900800252708,3736.2794732518414,missing
red2:lane1:snr0.0:seed4:frame44,0.0,44,cwz_joint,1361,false,false,false,missing,false,true,gradient_only,8,1,16,1563,1325,2.942678769291986,271.9621694841575,missing
red2:lane1:snr0.0:seed4:frame45,0.0,45,cwz_joint,1296,false,false,false,missing,false,true,gradient_only,7,1,16,1580,1417,2.771450366506095,966.0941354247196,missing
red2:lane1:snr0.0:seed4:frame46,0.0,46,cwz_joint,1301,false,false,false,missing,false,true,gradient_only,7,1,16,1608,1358,1.568333190973436,1441.0021963595962,missing
red2:lane1:snr0.0:seed4:frame47,0.0,47,cwz_joint,1351,false,false,false,missing,false,true,gradient_only,6,1,16,1578,1434,3.46663388629234,246.53193329192757,missing
red2:lane1:snr0.0:seed4:frame48,0.0,48,cwz_joint,1365,false,false,false,missing,false,true,gradient_only,6,1,16,1550,1343,6.282567494667726,234.4689960232969,missing
red2:lane1:snr0.0:seed4:frame49,0.0,49,cwz_joint,1321,false,false,false,missing,false,true,gradient_only,8,1,16,1576,1291,1.8160828549973782,183.87813196946144,missing
red2:lane1:snr0.0:seed4:frame50,0.0,50,cwz_joint,1367,false,false,false,missing,false,true,gradient_only,7,1,16,1582,1362,1.6306640793628708,237.4995142822601,missing
red2:lane1:snr0.0:seed4:frame51,0.0,51,cwz_joint,1464,false,false,false,missing,false,true,gradient_only,8,1,16,1584,1299,3.1072043097627877,691.9920269829196,missing
red2:lane1:snr0.0:seed4:frame52,0.0,52,cwz_joint,1369,false,false,false,missing,false,true,gradient_only,7,1,16,1556,1412,3.3162105488807776,361.5490986763856,missing
red2:lane1:snr0.0:seed4:frame53,0.0,53,cwz_joint,1322,false,false,false,missing,false,true,gradient_only,8,1,16,1562,1385,18.68853608309254,524.9727516448194,missing
red2:lane1:snr0.0:seed4:frame54,0.0,54,cwz_joint,1361,false,false,false,missing,false,true,gradient_only,8,1,16,1572,1316,1.485112878312075,412.3112429464743,missing
red2:lane1:snr0.0:seed4:frame55,0.0,55,cwz_joint,1329,false,false,false,missing,false,true,gradient_only,6,1,16,1556,1328,2.549639762066029,138.41439095444017,missing
red2:lane1:snr0.0:seed4:frame56,0.0,56,cwz_joint,1272,false,false,false,missing,false,true,gradient_only,8,1,16,1553,1295,1.4865219556135243,114.18350980122051,missing
red2:lane1:snr0.0:seed4:frame57,0.0,57,cwz_joint,1288,false,false,false,missing,false,true,gradient_only,8,1,16,1533,1438,1.640511703599207,576.4071691402462,missing
red2:lane1:snr0.0:seed4:frame58,0.0,58,cwz_joint,1267,false,false,false,missing,false,true,gradient_only,8,1,16,1600,1361,4.167395007344785,190.37992653186922,missing
red2:lane1:snr0.0:seed4:frame59,0.0,59,cwz_joint,1266,false,false,false,missing,false,true,gradient_only,8,1,16,1584,1385,2.885869361347022,207.7475414379266,missing
red2:lane1:snr0.0:seed4:frame60,0.0,60,cwz_joint,1350,false,false,false,missing,false,true,gradient_only,8,1,16,1565,1366,1.7874887119151253,131.55315058029808,missing
red2:lane1:snr0.0:seed4:frame1,0.0,1,profiled_cz,1301,false,false,false,missing,false,true,gradient_only,5,1,16,1541,1523,13.359166660511232,100.40350132016161,missing
red2:lane1:snr0.0:seed4:frame2,0.0,2,profiled_cz,1321,false,false,false,missing,false,true,gradient_only,0,1,16,1522,1522,3.329787858708097,3.329787858708097,missing
red2:lane1:snr0.0:seed4:frame3,0.0,3,profiled_cz,1297,false,false,false,missing,false,true,gradient_only,0,1,16,1488,1488,4.661849637517814,4.661849637517814,missing
red2:lane1:snr0.0:seed4:frame4,0.0,4,profiled_cz,1372,false,false,false,missing,false,true,gradient_only,8,1,16,1578,1480,3.9274640789045474,67.1782824342223,missing
red2:lane1:snr0.0:seed4:frame5,0.0,5,profiled_cz,1140,false,false,false,missing,false,true,gradient_only,3,1,16,1594,1544,2.3814557278872126,43.53209762734338,missing
red2:lane1:snr0.0:seed4:frame6,0.0,6,profiled_cz,1259,false,false,false,missing,false,true,gradient_only,6,1,16,1617,1501,1.854958280205328,25.591183549600437,missing
red2:lane1:snr0.0:seed4:frame7,0.0,7,profiled_cz,1327,false,false,false,missing,false,true,gradient_only,1,1,16,1583,1502,3.4685162028411365,47.96864433288141,missing
red2:lane1:snr0.0:seed4:frame8,0.0,8,profiled_cz,1340,false,false,false,missing,false,true,gradient_only,1,1,16,1578,1491,2.3465773240640035,28.89457607086066,missing
red2:lane1:snr0.0:seed4:frame9,0.0,9,profiled_cz,1300,false,false,false,missing,false,true,gradient_only,5,1,16,1539,1502,5.630257961135342,654.9274569105085,missing
red2:lane1:snr0.0:seed4:frame10,0.0,10,profiled_cz,1393,false,false,false,missing,false,true,gradient_only,0,1,16,1481,1481,2.403825402041791,2.403825402041791,missing
red2:lane1:snr0.0:seed4:frame11,0.0,11,profiled_cz,1267,false,false,false,missing,false,true,gradient_only,5,1,16,1627,1545,1.9256594003704364,171.67087360204135,missing
red2:lane1:snr0.0:seed4:frame12,0.0,12,profiled_cz,1340,false,false,false,missing,false,true,gradient_only,3,1,16,1585,1506,23.579377170349215,38.74286593564326,missing
red2:lane1:snr0.0:seed4:frame13,0.0,13,profiled_cz,1359,false,false,false,missing,false,true,gradient_only,4,1,16,1613,1539,2.3214170194947727,24.163594852978424,missing
red2:lane1:snr0.0:seed4:frame14,0.0,14,profiled_cz,1373,false,false,false,missing,false,true,gradient_only,6,1,16,1527,1483,1.0705547343869726,920.3413600003032,missing
red2:lane1:snr0.0:seed4:frame15,0.0,15,profiled_cz,1280,false,false,false,missing,false,true,gradient_only,5,1,16,1567,1538,22.103175272157955,28.520604622093384,missing
red2:lane1:snr0.0:seed4:frame16,0.0,16,profiled_cz,1115,false,false,false,missing,false,true,gradient_only,0,1,16,1506,1506,5.5465697777419845,5.5465697777419845,missing
red2:lane1:snr0.0:seed4:frame17,0.0,17,profiled_cz,1183,false,false,false,missing,false,true,gradient_only,0,1,16,1485,1485,1.5914843058629704,1.5914843058629704,missing
red2:lane1:snr0.0:seed4:frame18,0.0,18,profiled_cz,1301,false,false,false,missing,false,true,gradient_only,4,1,16,1582,1535,1.869676850464758,50.43098559410876,missing
red2:lane1:snr0.0:seed4:frame19,0.0,19,profiled_cz,1386,false,false,false,missing,false,true,gradient_only,2,1,16,1537,1482,2.955382626497732,36.74030008359143,missing
red2:lane1:snr0.0:seed4:frame20,0.0,20,profiled_cz,1270,false,false,false,missing,false,true,gradient_only,2,1,16,1583,1523,2.8535507427402225,36.70263793087913,missing
red2:lane1:snr0.0:seed4:frame21,0.0,21,profiled_cz,1289,false,false,false,missing,false,true,gradient_only,1,1,16,1554,1512,3.012207822078455,25.101071680654737,missing
red2:lane1:snr0.0:seed4:frame22,0.0,22,profiled_cz,1399,false,false,false,missing,false,true,gradient_only,7,1,16,1538,1486,2.979588327911012,121.15797080480043,missing
red2:lane1:snr0.0:seed4:frame23,0.0,23,profiled_cz,1302,false,false,false,missing,false,true,gradient_only,4,1,16,1545,1507,1.4750206545079487,39.19375051133872,missing
red2:lane1:snr0.0:seed4:frame24,0.0,24,profiled_cz,1356,false,false,false,missing,false,true,gradient_only,8,1,16,1571,1438,2.620620571835252,221.91025151745393,missing
red2:lane1:snr0.0:seed4:frame25,0.0,25,profiled_cz,1284,false,false,false,missing,false,true,gradient_only,2,1,16,1561,1543,1.7214983253546106,34.114801518221455,missing
red2:lane1:snr0.0:seed4:frame26,0.0,26,profiled_cz,1238,false,false,false,missing,false,true,gradient_only,2,1,16,1563,1541,10.082946697101839,39.51322853109016,missing
red2:lane1:snr0.0:seed4:frame27,0.0,27,profiled_cz,1325,false,false,false,missing,false,true,gradient_only,4,1,16,1602,1539,3.42409744895663,92.51765660922021,missing
red2:lane1:snr0.0:seed4:frame28,0.0,28,profiled_cz,1255,false,false,false,missing,false,true,gradient_only,8,1,16,1582,1530,2.679745516525345,48.743252170414245,missing
red2:lane1:snr0.0:seed4:frame29,0.0,29,profiled_cz,1356,false,false,false,missing,false,true,gradient_only,6,1,16,1603,1519,1.981927777232708,132.38919353958133,missing
red2:lane1:snr0.0:seed4:frame30,0.0,30,profiled_cz,1375,false,false,false,missing,false,true,gradient_only,6,1,16,1632,1533,6.425879375352599,348.5607783077295,missing
red2:lane1:snr0.0:seed4:frame31,0.0,31,profiled_cz,1369,false,false,false,missing,false,true,gradient_only,3,1,16,1586,1479,2.5881465869174107,106.00424818593348,missing
red2:lane1:snr0.0:seed4:frame32,0.0,32,profiled_cz,1445,false,false,false,missing,false,true,gradient_only,8,1,16,1570,1521,3.0320823858895753,60.27049978933315,missing
red2:lane1:snr0.0:seed4:frame33,0.0,33,profiled_cz,1164,false,false,false,missing,false,true,gradient_only,8,1,16,1629,1522,4.012496087899645,279.81989619599494,missing
red2:lane1:snr0.0:seed4:frame34,0.0,34,profiled_cz,1250,false,false,false,missing,false,true,gradient_only,2,1,16,1541,1515,5.434013617878929,29.725623457002065,missing
red2:lane1:snr0.0:seed4:frame35,0.0,35,profiled_cz,1447,false,false,false,missing,false,true,gradient_only,3,1,16,1596,1530,2.5493706555751077,1928.5179050618817,missing
red2:lane1:snr0.0:seed4:frame36,0.0,36,profiled_cz,1340,false,false,false,missing,false,true,gradient_only,5,1,16,1567,1490,2.0038883906733447,38.1717289109241,missing
red2:lane1:snr0.0:seed4:frame37,0.0,37,profiled_cz,1155,false,false,false,missing,false,true,gradient_only,3,1,16,1596,1494,1.672690373558802,18.90575711490175,missing
red2:lane1:snr0.0:seed4:frame38,0.0,38,profiled_cz,1358,false,false,false,missing,false,true,gradient_only,5,1,16,1544,1480,1.9974063997190827,233.03863031026052,missing
red2:lane1:snr0.0:seed4:frame39,0.0,39,profiled_cz,1339,false,false,false,missing,false,true,gradient_only,0,1,16,1557,1557,1.5405866537981958,1.5405866537981958,missing
red2:lane1:snr0.0:seed4:frame40,0.0,40,profiled_cz,1308,false,false,false,missing,false,true,gradient_only,6,1,16,1607,1543,1.56395224569673,41.25652117421791,missing
red2:lane1:snr0.0:seed4:frame41,0.0,41,profiled_cz,1334,false,false,false,missing,false,true,gradient_only,2,1,16,1608,1517,2.288378657249246,76.00620680548302,missing
red2:lane1:snr0.0:seed4:frame42,0.0,42,profiled_cz,1297,false,false,false,missing,false,true,gradient_only,8,1,16,1584,1538,5.635272901586146,90.57804333879338,missing
red2:lane1:snr0.0:seed4:frame43,0.0,43,profiled_cz,1428,false,false,false,missing,false,true,gradient_only,7,1,16,1590,1550,1.4593900800252708,663.6547151363334,missing
red2:lane1:snr0.0:seed4:frame44,0.0,44,profiled_cz,1335,false,false,false,missing,false,true,gradient_only,1,1,16,1563,1510,2.942678769291986,47.16588405736179,missing
red2:lane1:snr0.0:seed4:frame45,0.0,45,profiled_cz,1238,false,false,false,missing,false,true,gradient_only,4,1,16,1580,1534,2.771450366506095,22.535476496408968,missing
red2:lane1:snr0.0:seed4:frame46,0.0,46,profiled_cz,1268,false,false,false,missing,false,true,gradient_only,7,1,16,1608,1543,1.568333190973436,109.1810043512705,missing
red2:lane1:snr0.0:seed4:frame47,0.0,47,profiled_cz,1377,false,false,false,missing,false,true,gradient_only,7,1,16,1578,1497,3.46663388629234,50.64300522259285,missing
red2:lane1:snr0.0:seed4:frame48,0.0,48,profiled_cz,1356,false,false,false,missing,false,true,gradient_only,3,1,16,1550,1517,6.282567494667726,50.78547444275205,missing
red2:lane1:snr0.0:seed4:frame49,0.0,49,profiled_cz,1295,false,false,false,missing,false,true,gradient_only,1,1,16,1576,1548,1.8160828549973782,24.825229814727965,missing
red2:lane1:snr0.0:seed4:frame50,0.0,50,profiled_cz,1314,false,false,false,missing,false,true,gradient_only,5,1,16,1582,1486,1.6306640793628708,46.228095270533174,missing
red2:lane1:snr0.0:seed4:frame51,0.0,51,profiled_cz,1470,false,false,false,missing,false,true,gradient_only,4,1,16,1584,1548,3.1072043097627877,70.87044804357672,missing
red2:lane1:snr0.0:seed4:frame52,0.0,52,profiled_cz,1266,false,false,false,missing,false,true,gradient_only,6,1,16,1556,1532,3.3162105488807776,21.25574423684183,missing
red2:lane1:snr0.0:seed4:frame53,0.0,53,profiled_cz,1297,false,false,false,missing,false,true,gradient_only,2,1,16,1562,1536,18.68853608309254,32.057683713051965,missing
red2:lane1:snr0.0:seed4:frame54,0.0,54,profiled_cz,1352,false,false,false,missing,false,true,gradient_only,2,1,16,1572,1522,1.485112878312075,120.94565889166918,missing
red2:lane1:snr0.0:seed4:frame55,0.0,55,profiled_cz,1309,false,false,false,missing,false,true,gradient_only,6,1,16,1556,1515,2.549639762066029,27.288319158120256,missing
red2:lane1:snr0.0:seed4:frame56,0.0,56,profiled_cz,1288,false,false,false,missing,false,true,gradient_only,8,1,16,1553,1457,1.4865219556135243,17.779771880521352,missing
red2:lane1:snr0.0:seed4:frame57,0.0,57,profiled_cz,1226,false,false,false,missing,false,true,gradient_only,2,1,16,1533,1531,1.640511703599207,66.7442120804184,missing
red2:lane1:snr0.0:seed4:frame58,0.0,58,profiled_cz,1190,false,false,false,missing,false,true,gradient_only,1,1,16,1600,1541,4.167395007344785,66.91279482623092,missing
red2:lane1:snr0.0:seed4:frame59,0.0,59,profiled_cz,1240,false,false,false,missing,false,true,gradient_only,2,1,16,1584,1556,2.885869361347022,916.8771310284063,missing
red2:lane1:snr0.0:seed4:frame60,0.0,60,profiled_cz,1323,false,false,false,missing,false,true,gradient_only,6,1,16,1565,1534,1.7874887119151253,54.48544928595267,missing
red2:lane1:snr2.0:seed4:frame1,2.0,1,cwz_joint,1289,false,false,false,missing,false,true,gradient_only,7,1,16,1573,1311,1.4806940392262136,186.1203987111817,missing
red2:lane1:snr2.0:seed4:frame2,2.0,2,cwz_joint,1322,false,false,false,missing,false,true,gradient_only,8,1,16,1581,1251,2.186353101829518,145.34896455201184,missing
red2:lane1:snr2.0:seed4:frame3,2.0,3,cwz_joint,1245,false,false,false,missing,false,true,gradient_only,7,1,16,1561,1286,3.8857419508197015,957.0359927700828,missing
red2:lane1:snr2.0:seed4:frame4,2.0,4,cwz_joint,1396,false,false,false,missing,false,true,gradient_only,8,1,16,1596,1303,5.136497857489742,94.50990062838456,missing
red2:lane1:snr2.0:seed4:frame5,2.0,5,cwz_joint,1145,false,false,false,missing,false,true,gradient_only,8,1,16,1581,1428,1.5947034240388418,435.07483495722283,missing
red2:lane1:snr2.0:seed4:frame6,2.0,6,cwz_joint,1226,false,false,false,missing,false,true,gradient_only,8,1,16,1620,1334,2.036104152478796,84.90782745842942,missing
red2:lane1:snr2.0:seed4:frame7,2.0,7,cwz_joint,1267,false,false,false,missing,false,true,gradient_only,8,1,16,1569,1301,2.7644409917124784,164.01660639443188,missing
red2:lane1:snr2.0:seed4:frame8,2.0,8,cwz_joint,1278,false,false,false,missing,false,true,gradient_only,7,1,16,1594,1335,2.8143230275755147,109.4928889775713,missing
red2:lane1:snr2.0:seed4:frame9,2.0,9,cwz_joint,1280,false,false,false,missing,false,true,gradient_only,8,1,16,1595,1452,3.4711499790431377,77.61870422381325,missing
red2:lane1:snr2.0:seed4:frame10,2.0,10,cwz_joint,1418,false,false,false,missing,false,true,gradient_only,8,1,16,1608,1272,1.5203248788578363,176.48543641715,missing
red2:lane1:snr2.0:seed4:frame11,2.0,11,cwz_joint,1296,false,false,false,missing,false,true,gradient_only,8,1,16,1627,1432,1.54293591997041,224.68415124229352,missing
red2:lane1:snr2.0:seed4:frame12,2.0,12,cwz_joint,1330,false,false,false,missing,false,true,gradient_only,8,1,16,1597,1288,224.5971573527858,132.21879699803995,missing
red2:lane1:snr2.0:seed4:frame13,2.0,13,cwz_joint,1313,false,false,false,missing,false,true,gradient_only,8,1,16,1564,1409,3.9304432599371273,89.61483386513484,missing
red2:lane1:snr2.0:seed4:frame14,2.0,14,cwz_joint,1364,false,false,false,missing,false,true,gradient_only,8,1,16,1529,1292,1.5110596462695767,1569.9850962461667,missing
red2:lane1:snr2.0:seed4:frame15,2.0,15,cwz_joint,1253,false,false,false,missing,false,true,gradient_only,8,1,16,1600,1410,4.174979535248749,88.90152902302474,missing
red2:lane1:snr2.0:seed4:frame16,2.0,16,cwz_joint,1198,false,false,false,missing,false,true,gradient_only,8,1,16,1613,1271,1.50121612601144,96.90040014011852,missing
red2:lane1:snr2.0:seed4:frame17,2.0,17,cwz_joint,1218,false,false,false,missing,false,true,gradient_only,8,1,16,1592,1382,3.276850728264089,174.1526883389785,missing
red2:lane1:snr2.0:seed4:frame18,2.0,18,cwz_joint,1272,false,false,false,missing,false,true,gradient_only,8,1,16,1600,1338,1.3486646968306155,472.37412352322775,missing
red2:lane1:snr2.0:seed4:frame19,2.0,19,cwz_joint,1369,false,false,false,missing,false,true,gradient_only,8,1,16,1545,1281,9.412731419407685,293.3600840303482,missing
red2:lane1:snr2.0:seed4:frame20,2.0,20,cwz_joint,1288,false,false,false,missing,false,true,gradient_only,8,1,16,1525,1277,6.012878867301448,183.73440501448277,missing
red2:lane1:snr2.0:seed4:frame21,2.0,21,cwz_joint,1265,false,false,false,missing,false,true,gradient_only,8,1,16,1593,1225,1.8151390496439708,126.3396831986538,missing
red2:lane1:snr2.0:seed4:frame22,2.0,22,cwz_joint,1428,false,false,false,missing,false,true,gradient_only,8,1,16,1629,1444,1.6845623907721277,251.22029837857173,missing
red2:lane1:snr2.0:seed4:frame23,2.0,23,cwz_joint,1305,false,false,false,missing,false,true,gradient_only,8,1,16,1601,1305,1.7526869157215705,274.94971499813755,missing
red2:lane1:snr2.0:seed4:frame24,2.0,24,cwz_joint,1362,false,false,false,missing,false,true,gradient_only,8,1,16,1559,1432,1.5719497486892966,275.24097381007687,missing
red2:lane1:snr2.0:seed4:frame25,2.0,25,cwz_joint,1237,false,false,false,missing,false,true,gradient_only,6,1,16,1535,1408,1.9533548325456482,216.68800069056078,missing
red2:lane1:snr2.0:seed4:frame26,2.0,26,cwz_joint,1197,false,false,false,missing,false,true,gradient_only,8,1,16,1538,1293,1.9747831959997497,53.99734470899566,missing
red2:lane1:snr2.0:seed4:frame27,2.0,27,cwz_joint,1313,false,false,false,missing,false,true,gradient_only,8,1,16,1616,1373,3.7063591473773663,141.05169032228997,missing
red2:lane1:snr2.0:seed4:frame28,2.0,28,cwz_joint,1220,false,false,false,missing,false,true,gradient_only,7,1,16,1623,1421,4.284291989879062,142.86802671132202,missing
red2:lane1:snr2.0:seed4:frame29,2.0,29,cwz_joint,1312,false,false,false,missing,false,true,gradient_only,8,1,16,1531,1342,2.353249700176504,1602.2224050090258,missing
red2:lane1:snr2.0:seed4:frame30,2.0,30,cwz_joint,1350,false,false,false,missing,false,true,gradient_only,8,1,16,1481,1179,4.740740271366164,274.47434907941744,missing
red2:lane1:snr2.0:seed4:frame31,2.0,31,cwz_joint,1352,false,false,false,missing,false,true,gradient_only,7,1,16,1589,1422,3.1025173620645794,154.77277422264717,missing
red2:lane1:snr2.0:seed4:frame32,2.0,32,cwz_joint,1355,false,false,false,missing,false,true,gradient_only,8,1,16,1573,1187,4.1007307045830395,190.86537496937444,missing
red2:lane1:snr2.0:seed4:frame33,2.0,33,cwz_joint,1107,false,false,false,missing,false,true,gradient_only,6,1,16,1578,1389,3.657160159450439,264.6044910310774,missing
red2:lane1:snr2.0:seed4:frame34,2.0,34,cwz_joint,1240,false,false,false,missing,false,true,gradient_only,8,1,16,1570,1321,2.2555054594616712,396.57831280176913,missing
red2:lane1:snr2.0:seed4:frame35,2.0,35,cwz_joint,1358,false,false,false,missing,false,true,gradient_only,8,1,16,1599,1406,2.1250230977141604,111.23862119227934,missing
red2:lane1:snr2.0:seed4:frame36,2.0,36,cwz_joint,1318,false,false,false,missing,false,true,gradient_only,7,1,16,1587,1302,4.458081195133506,164.436452638223,missing
red2:lane1:snr2.0:seed4:frame37,2.0,37,cwz_joint,1155,false,false,false,missing,false,true,gradient_only,8,1,16,1581,1284,1.6703132757231205,182.63006206756788,missing
red2:lane1:snr2.0:seed4:frame38,2.0,38,cwz_joint,1324,false,false,false,missing,false,true,gradient_only,8,1,16,1581,1437,1.3442603186815876,260.71496923497244,missing
red2:lane1:snr2.0:seed4:frame39,2.0,39,cwz_joint,1302,false,false,false,missing,false,true,gradient_only,7,1,16,1560,1241,4.1314429397709596,218.50127410037865,missing
red2:lane1:snr2.0:seed4:frame40,2.0,40,cwz_joint,1331,false,false,false,missing,false,true,gradient_only,8,1,16,1527,1326,3.322042267112716,96.04853200339463,missing
red2:lane1:snr2.0:seed4:frame41,2.0,41,cwz_joint,1352,false,false,false,missing,false,true,gradient_only,8,1,16,1572,1316,8.096505642095398,141.26108804132974,missing
red2:lane1:snr2.0:seed4:frame42,2.0,42,cwz_joint,1225,false,false,false,missing,false,true,gradient_only,8,1,16,1546,1280,3.0820221260642024,1294.0339545472282,missing
red2:lane1:snr2.0:seed4:frame43,2.0,43,cwz_joint,1492,false,false,false,missing,false,true,gradient_only,8,1,16,1581,1339,6.2437334620909635,9181.809380753175,missing
red2:lane1:snr2.0:seed4:frame44,2.0,44,cwz_joint,1285,false,false,false,missing,false,true,gradient_only,8,1,16,1571,1277,1.8508566388165488,252.63185624227225,missing
red2:lane1:snr2.0:seed4:frame45,2.0,45,cwz_joint,1238,false,false,false,missing,false,true,gradient_only,6,1,16,1577,1374,2.2940128703953224,91.24543601279166,missing
red2:lane1:snr2.0:seed4:frame46,2.0,46,cwz_joint,1250,false,false,false,missing,false,true,gradient_only,8,1,16,1540,1385,1.4223758746860902,1880.2290400686315,missing
red2:lane1:snr2.0:seed4:frame47,2.0,47,cwz_joint,1358,false,false,false,missing,false,true,gradient_only,8,1,16,1583,1290,2.8703223596642924,151.7214772500763,missing
red2:lane1:snr2.0:seed4:frame48,2.0,48,cwz_joint,1342,false,false,false,missing,false,true,gradient_only,7,1,16,1557,1308,1.5393980225980042,248.6835131789652,missing
red2:lane1:snr2.0:seed4:frame49,2.0,49,cwz_joint,1196,false,false,false,missing,false,true,gradient_only,8,1,16,1582,1371,1.4372994434476365,242.17581738353832,missing
red2:lane1:snr2.0:seed4:frame50,2.0,50,cwz_joint,1293,false,false,false,missing,false,true,gradient_only,8,1,16,1550,1424,2.1652210866592503,104.52040465079205,missing
red2:lane1:snr2.0:seed4:frame51,2.0,51,cwz_joint,1385,false,false,false,missing,false,true,gradient_only,8,1,16,1605,1334,3.1239481146730266,1023.4653627330285,missing
red2:lane1:snr2.0:seed4:frame52,2.0,52,cwz_joint,1248,false,false,false,missing,false,true,gradient_only,8,1,16,1599,1334,34.70383760588177,147.26273966506596,missing
red2:lane1:snr2.0:seed4:frame53,2.0,53,cwz_joint,1228,false,false,false,missing,false,true,gradient_only,5,1,16,1587,1403,4.059637522907516,234.6100809769415,missing
red2:lane1:snr2.0:seed4:frame54,2.0,54,cwz_joint,1316,false,false,false,missing,false,true,gradient_only,8,1,16,1591,1450,1.7591681085229425,238.77944034588413,missing
red2:lane1:snr2.0:seed4:frame55,2.0,55,cwz_joint,1291,false,false,false,missing,false,true,gradient_only,7,1,16,1576,1329,86.46752693534452,97.38919744607776,missing
red2:lane1:snr2.0:seed4:frame56,2.0,56,cwz_joint,1221,false,false,false,missing,false,true,gradient_only,7,1,16,1628,1333,1.2203317986479039,99.73600102275263,missing
red2:lane1:snr2.0:seed4:frame57,2.0,57,cwz_joint,1193,false,false,false,missing,false,true,gradient_only,8,1,16,1602,1318,0.941952587060642,87.40113789241359,missing
red2:lane1:snr2.0:seed4:frame58,2.0,58,cwz_joint,1138,false,false,false,missing,false,true,gradient_only,8,1,16,1631,1241,5.197747930575529,210.4367609903574,missing
red2:lane1:snr2.0:seed4:frame59,2.0,59,cwz_joint,1205,false,false,false,missing,false,true,gradient_only,8,1,16,1568,1375,5.3899180666942526,130.04288597638532,missing
red2:lane1:snr2.0:seed4:frame60,2.0,60,cwz_joint,1278,false,false,false,missing,false,true,gradient_only,8,1,16,1563,1343,1.3715085283809738,91.5805395340883,missing
red2:lane1:snr2.0:seed4:frame1,2.0,1,profiled_cz,1236,false,false,false,missing,false,true,gradient_only,8,1,16,1573,1495,1.4806940392262136,28.847736786261475,missing
red2:lane1:snr2.0:seed4:frame2,2.0,2,profiled_cz,1298,false,false,false,missing,false,true,gradient_only,7,1,16,1581,1521,2.186353101829518,158.17090279421217,missing
red2:lane1:snr2.0:seed4:frame3,2.0,3,profiled_cz,1257,false,false,false,missing,false,true,gradient_only,2,1,16,1561,1531,3.8857419508197015,84.3223031635429,missing
red2:lane1:snr2.0:seed4:frame4,2.0,4,profiled_cz,1367,false,false,false,missing,false,true,gradient_only,8,1,16,1596,1540,5.136497857489742,26.150819814037686,missing
red2:lane1:snr2.0:seed4:frame5,2.0,5,profiled_cz,1097,false,false,false,missing,false,true,gradient_only,2,1,16,1581,1515,1.5947034240388418,35.06811820004623,missing
red2:lane1:snr2.0:seed4:frame6,2.0,6,profiled_cz,1166,false,false,false,missing,false,true,gradient_only,6,1,16,1620,1532,2.036104152478796,81.66198776543868,missing
red2:lane1:snr2.0:seed4:frame7,2.0,7,profiled_cz,1230,false,false,false,missing,false,true,gradient_only,1,1,16,1569,1524,2.7644409917124784,19.95020389546188,missing
red2:lane1:snr2.0:seed4:frame8,2.0,8,profiled_cz,1296,false,false,false,missing,false,true,gradient_only,7,1,16,1594,1514,2.8143230275755147,18.653432862806994,missing
red2:lane1:snr2.0:seed4:frame9,2.0,9,profiled_cz,1223,false,false,false,missing,false,true,gradient_only,6,1,16,1595,1522,3.4711499790431377,24.524249039479493,missing
red2:lane1:snr2.0:seed4:frame10,2.0,10,profiled_cz,1417,false,false,false,missing,false,true,gradient_only,7,1,16,1608,1500,1.5203248788578363,88.96895948740635,missing
red2:lane1:snr2.0:seed4:frame11,2.0,11,profiled_cz,1245,false,false,false,missing,false,true,gradient_only,3,1,16,1627,1549,1.54293591997041,73.07220550934383,missing
red2:lane1:snr2.0:seed4:frame12,2.0,12,profiled_cz,1325,false,false,false,missing,false,true,gradient_only,5,1,16,1597,1532,224.5971573527858,20.582877720327026,missing
red2:lane1:snr2.0:seed4:frame13,2.0,13,profiled_cz,1249,false,false,false,missing,false,true,gradient_only,2,1,16,1564,1522,3.9304432599371273,22.10478143212579,missing
red2:lane1:snr2.0:seed4:frame14,2.0,14,profiled_cz,1275,false,false,false,missing,false,true,gradient_only,0,1,16,1529,1529,1.5110596462695767,1.5110596462695767,missing
red2:lane1:snr2.0:seed4:frame15,2.0,15,profiled_cz,1233,false,false,false,missing,false,true,gradient_only,5,1,16,1600,1532,4.174979535248749,60.67581812222137,missing
red2:lane1:snr2.0:seed4:frame16,2.0,16,profiled_cz,1073,false,false,false,missing,false,true,gradient_only,3,1,16,1613,1547,1.50121612601144,12.37396660408584,missing
red2:lane1:snr2.0:seed4:frame17,2.0,17,profiled_cz,1168,false,false,false,missing,false,true,gradient_only,1,1,16,1592,1521,3.276850728264089,25.902144661656546,missing
red2:lane1:snr2.0:seed4:frame18,2.0,18,profiled_cz,1234,false,false,false,missing,false,true,gradient_only,5,1,16,1600,1497,1.3486646968306155,164.72157670598466,missing
red2:lane1:snr2.0:seed4:frame19,2.0,19,profiled_cz,1273,false,false,false,missing,false,true,gradient_only,0,1,16,1545,1545,9.412731419407685,9.412731419407685,missing
red2:lane1:snr2.0:seed4:frame20,2.0,20,profiled_cz,1215,false,false,false,missing,false,true,gradient_only,8,1,16,1525,1503,6.012878867301448,65.04979826896293,missing
red2:lane1:snr2.0:seed4:frame21,2.0,21,profiled_cz,1214,false,false,false,missing,false,true,gradient_only,1,1,16,1593,1517,1.8151390496439708,14.406385058046125,missing
red2:lane1:snr2.0:seed4:frame22,2.0,22,profiled_cz,1390,false,false,false,missing,false,true,gradient_only,7,1,16,1629,1549,1.6845623907721277,53.13505839427034,missing
red2:lane1:snr2.0:seed4:frame23,2.0,23,profiled_cz,1260,false,false,false,missing,false,true,gradient_only,4,1,16,1601,1533,1.7526869157215705,29.650320996515223,missing
red2:lane1:snr2.0:seed4:frame24,2.0,24,profiled_cz,1349,false,false,false,missing,false,true,gradient_only,6,1,16,1559,1539,1.5719497486892966,60.038681485046084,missing
red2:lane1:snr2.0:seed4:frame25,2.0,25,profiled_cz,1195,false,false,false,missing,false,true,gradient_only,4,1,16,1535,1464,1.9533548325456482,26.17710542462994,missing
red2:lane1:snr2.0:seed4:frame26,2.0,26,profiled_cz,1178,false,false,false,missing,false,true,gradient_only,5,1,16,1538,1478,1.9747831959997497,13.900956802798124,missing
red2:lane1:snr2.0:seed4:frame27,2.0,27,profiled_cz,1231,false,false,false,missing,false,true,gradient_only,1,1,16,1616,1531,3.7063591473773663,93.25091730559276,missing
red2:lane1:snr2.0:seed4:frame28,2.0,28,profiled_cz,1183,false,false,false,missing,false,true,gradient_only,5,1,16,1623,1580,4.284291989879062,127.40756494001924,missing
red2:lane1:snr2.0:seed4:frame29,2.0,29,profiled_cz,1328,false,false,false,missing,false,true,gradient_only,7,1,16,1531,1483,2.353249700176504,155.26241298654065,missing
red2:lane1:snr2.0:seed4:frame30,2.0,30,profiled_cz,1262,false,false,false,missing,false,true,gradient_only,0,1,16,1481,1481,4.740740271366164,4.740740271366164,missing
red2:lane1:snr2.0:seed4:frame31,2.0,31,profiled_cz,1315,false,false,false,missing,false,true,gradient_only,2,1,16,1589,1501,3.1025173620645794,24.673694153088725,missing
red2:lane1:snr2.0:seed4:frame32,2.0,32,profiled_cz,1369,false,false,false,missing,false,true,gradient_only,8,1,16,1573,1537,4.1007307045830395,57.91140995718561,missing
red2:lane1:snr2.0:seed4:frame33,2.0,33,profiled_cz,1067,false,false,false,missing,false,true,gradient_only,2,1,16,1578,1517,3.657160159450439,53.5449781704817,missing
red2:lane1:snr2.0:seed4:frame34,2.0,34,profiled_cz,1178,false,false,false,missing,false,true,gradient_only,6,1,16,1570,1528,2.2555054594616712,16.001137106306167,missing
red2:lane1:snr2.0:seed4:frame35,2.0,35,profiled_cz,1339,false,false,false,missing,false,true,gradient_only,6,1,16,1599,1487,2.1250230977141604,34.782253397878684,missing
red2:lane1:snr2.0:seed4:frame36,2.0,36,profiled_cz,1290,false,false,false,missing,false,true,gradient_only,2,1,16,1587,1490,4.458081195133506,36.89548143311727,missing
red2:lane1:snr2.0:seed4:frame37,2.0,37,profiled_cz,1124,false,false,false,missing,false,true,gradient_only,5,1,16,1581,1480,1.6703132757231205,93.96125821719954,missing
red2:lane1:snr2.0:seed4:frame38,2.0,38,profiled_cz,1273,false,false,false,missing,false,true,gradient_only,2,1,16,1581,1526,1.3442603186815876,88.87918089440065,missing
red2:lane1:snr2.0:seed4:frame39,2.0,39,profiled_cz,1280,false,false,false,missing,false,true,gradient_only,4,1,16,1560,1536,4.1314429397709596,23.115324694216792,missing
red2:lane1:snr2.0:seed4:frame40,2.0,40,profiled_cz,1209,false,false,false,missing,false,true,gradient_only,0,1,16,1527,1527,3.322042267112716,3.322042267112716,missing
red2:lane1:snr2.0:seed4:frame41,2.0,41,profiled_cz,1332,false,false,false,missing,false,true,gradient_only,3,1,16,1572,1542,8.096505642095398,408.8126701723242,missing
red2:lane1:snr2.0:seed4:frame42,2.0,42,profiled_cz,1198,false,false,false,missing,false,true,gradient_only,2,1,16,1546,1459,3.0820221260642024,232.32244467699212,missing
red2:lane1:snr2.0:seed4:frame43,2.0,43,profiled_cz,1445,false,false,false,missing,false,true,gradient_only,1,1,16,1581,1509,6.2437334620909635,1074.8172781794358,missing
red2:lane1:snr2.0:seed4:frame44,2.0,44,profiled_cz,1270,false,false,false,missing,false,true,gradient_only,1,1,16,1571,1544,1.8508566388165488,73.13652982994574,missing
red2:lane1:snr2.0:seed4:frame45,2.0,45,profiled_cz,1210,false,false,false,missing,false,true,gradient_only,2,1,16,1577,1550,2.2940128703953224,16.700727082300173,missing
red2:lane1:snr2.0:seed4:frame46,2.0,46,profiled_cz,1239,false,false,false,missing,false,true,gradient_only,7,1,16,1540,1510,1.4223758746860902,64.45950049280005,missing
red2:lane1:snr2.0:seed4:frame47,2.0,47,profiled_cz,1344,false,false,false,missing,false,true,gradient_only,3,1,16,1583,1571,2.8703223596642924,58.78402287397716,missing
red2:lane1:snr2.0:seed4:frame48,2.0,48,profiled_cz,1292,false,false,false,missing,false,true,gradient_only,5,1,16,1557,1519,1.5393980225980042,35.84475104642315,missing
red2:lane1:snr2.0:seed4:frame49,2.0,49,profiled_cz,1175,false,false,false,missing,false,true,gradient_only,2,1,16,1582,1503,1.4372994434476365,26.618286283848764,missing
red2:lane1:snr2.0:seed4:frame50,2.0,50,profiled_cz,1260,false,false,false,missing,false,true,gradient_only,5,1,16,1550,1531,2.1652210866592503,31.595176388680606,missing
red2:lane1:snr2.0:seed4:frame51,2.0,51,profiled_cz,1359,false,false,false,missing,false,true,gradient_only,4,1,16,1605,1508,3.1239481146730266,78.13515448648586,missing
red2:lane1:snr2.0:seed4:frame52,2.0,52,profiled_cz,1188,false,false,false,missing,false,true,gradient_only,1,1,16,1599,1525,34.70383760588177,17.885402253145546,missing
red2:lane1:snr2.0:seed4:frame53,2.0,53,profiled_cz,1171,false,false,false,missing,false,true,gradient_only,6,1,16,1587,1537,4.059637522907516,23.55973793651736,missing
red2:lane1:snr2.0:seed4:frame54,2.0,54,profiled_cz,1275,false,false,false,missing,false,true,gradient_only,8,1,16,1591,1532,1.7591681085229425,73.99822625848799,missing
red2:lane1:snr2.0:seed4:frame55,2.0,55,profiled_cz,1264,false,false,false,missing,false,true,gradient_only,4,1,16,1576,1558,86.46752693534452,23.054250690799567,missing
red2:lane1:snr2.0:seed4:frame56,2.0,56,profiled_cz,1198,false,false,false,missing,false,true,gradient_only,4,1,16,1628,1504,1.2203317986479039,20.94686103983959,missing
red2:lane1:snr2.0:seed4:frame57,2.0,57,profiled_cz,1162,false,false,false,missing,false,true,gradient_only,8,1,16,1602,1516,0.941952587060642,58.4895830747782,missing
red2:lane1:snr2.0:seed4:frame58,2.0,58,profiled_cz,1122,false,false,false,missing,false,true,gradient_only,8,1,16,1631,1544,5.197747930575529,43.518334417480304,missing
red2:lane1:snr2.0:seed4:frame59,2.0,59,profiled_cz,1124,false,false,false,missing,false,true,gradient_only,5,1,16,1568,1553,5.3899180666942526,36.19680926468458,missing
red2:lane1:snr2.0:seed4:frame60,2.0,60,profiled_cz,1266,false,false,false,missing,false,true,gradient_only,1,1,16,1563,1485,1.3715085283809738,32.7107885983754,missing
red2:lane1:snr4.0:seed4:frame1,4.0,1,cwz_joint,1158,false,false,false,missing,false,true,gradient_only,8,1,16,1547,1372,1.402730368018495,221.46004937758354,missing
red2:lane1:snr4.0:seed4:frame2,4.0,2,cwz_joint,1223,false,false,false,missing,false,true,gradient_only,7,1,16,1585,1317,1.871965435821345,90.24658632534731,missing
red2:lane1:snr4.0:seed4:frame3,4.0,3,cwz_joint,1276,false,false,false,missing,false,true,gradient_only,8,1,16,1585,1319,3.6328449317613263,198.31760277117823,missing
red2:lane1:snr4.0:seed4:frame4,4.0,4,cwz_joint,1341,false,false,false,missing,false,true,gradient_only,8,1,16,1594,1358,2.571483677533128,147.10430689636308,missing
red2:lane1:snr4.0:seed4:frame5,4.0,5,cwz_joint,1067,false,false,false,missing,false,true,gradient_only,7,1,16,1557,1315,1.808216896678403,159.87912086662118,missing
red2:lane1:snr4.0:seed4:frame6,4.0,6,cwz_joint,1156,false,false,false,missing,false,true,gradient_only,8,1,16,1559,1301,6.052124535669832,67.71425294859031,missing
red2:lane1:snr4.0:seed4:frame7,4.0,7,cwz_joint,1218,false,false,false,missing,false,true,gradient_only,8,1,16,1547,1327,3.0894645102249423,126.07502108217491,missing
red2:lane1:snr4.0:seed4:frame8,4.0,8,cwz_joint,1234,false,false,false,missing,false,true,gradient_only,8,1,16,1564,1333,1.462207123569978,80.40558063947857,missing
red2:lane1:snr4.0:seed4:frame9,4.0,9,cwz_joint,1251,false,false,false,missing,false,true,gradient_only,8,1,16,1573,1331,1.9009867082229215,49.09616649927315,missing
red2:lane1:snr4.0:seed4:frame10,4.0,10,cwz_joint,1358,false,false,false,missing,false,true,gradient_only,8,1,16,1541,1315,3.477730649824523,198.89650195091235,missing
red2:lane1:snr4.0:seed4:frame11,4.0,11,cwz_joint,1274,false,false,false,missing,false,true,gradient_only,8,1,16,1594,1353,1.6058776146117586,168.8433659114749,missing
red2:lane1:snr4.0:seed4:frame12,4.0,12,cwz_joint,1268,false,false,false,missing,false,true,gradient_only,8,1,16,1585,1393,3.4774305648915167,74.0721654572144,missing
red2:lane1:snr4.0:seed4:frame13,4.0,13,cwz_joint,1215,false,false,false,missing,false,true,gradient_only,7,1,16,1568,1356,4.4027905896774575,101.67386935542117,missing
red2:lane1:snr4.0:seed4:frame14,4.0,14,cwz_joint,1300,false,false,false,missing,false,true,gradient_only,8,1,16,1565,1347,1.9783030004898927,1547.2611009039497,missing
red2:lane1:snr4.0:seed4:frame15,4.0,15,cwz_joint,1173,false,false,false,missing,false,true,gradient_only,7,1,16,1603,1363,2.0335069001059596,63.6285516176384,missing
red2:lane1:snr4.0:seed4:frame16,4.0,16,cwz_joint,1089,false,false,false,missing,false,true,gradient_only,8,1,16,1544,1285,2.398376496914547,50.31457671343362,missing
red2:lane1:snr4.0:seed4:frame17,4.0,17,cwz_joint,1096,false,false,false,missing,false,true,gradient_only,8,1,16,1593,1370,1.2135436092869072,119.10160162019966,missing
red2:lane1:snr4.0:seed4:frame18,4.0,18,cwz_joint,1228,false,false,false,missing,false,true,gradient_only,8,1,16,1556,1390,1.0454994820634655,314.3546604043391,missing
red2:lane1:snr4.0:seed4:frame19,4.0,19,cwz_joint,1237,false,false,false,missing,false,true,gradient_only,8,1,16,1572,1288,2.118986670498775,132.50224192358527,missing
red2:lane1:snr4.0:seed4:frame20,4.0,20,cwz_joint,1201,false,false,false,missing,false,true,gradient_only,8,1,16,1617,1417,2.207042480478945,92.44646816207711,missing
red2:lane1:snr4.0:seed4:frame21,4.0,21,cwz_joint,1205,false,false,false,missing,false,true,gradient_only,8,1,16,1591,1380,2.49237967183344,84.93842897740491,missing
red2:lane1:snr4.0:seed4:frame22,4.0,22,cwz_joint,1357,false,false,false,missing,false,true,gradient_only,8,1,16,1509,1236,1.0757894988757601,217.79110317907745,missing
red2:lane1:snr4.0:seed4:frame23,4.0,23,cwz_joint,1229,false,false,false,missing,false,true,gradient_only,8,1,16,1604,1324,3.952453898989973,163.23515816080388,missing
red2:lane1:snr4.0:seed4:frame24,4.0,24,cwz_joint,1304,false,false,false,missing,false,true,gradient_only,7,1,16,1558,1417,3.9909165888961775,184.58818352162632,missing
red2:lane1:snr4.0:seed4:frame25,4.0,25,cwz_joint,1177,false,false,false,missing,false,true,gradient_only,8,1,16,1570,1363,2.7273503526395033,164.11395002339373,missing
red2:lane1:snr4.0:seed4:frame26,4.0,26,cwz_joint,1109,false,false,false,missing,false,true,gradient_only,8,1,16,1555,1316,1.6298782481254612,320.0980031675087,missing
red2:lane1:snr4.0:seed4:frame27,4.0,27,cwz_joint,1236,false,false,false,missing,false,true,gradient_only,8,1,16,1592,1384,1.6963992291205412,116.40491864906745,missing
red2:lane1:snr4.0:seed4:frame28,4.0,28,cwz_joint,1138,false,false,false,missing,false,true,gradient_only,7,1,16,1571,1346,30.007734622668398,107.7058818168831,missing
red2:lane1:snr4.0:seed4:frame29,4.0,29,cwz_joint,1289,false,false,false,missing,false,true,gradient_only,8,1,16,1579,1468,20.93905851870427,378.35199636646325,missing
red2:lane1:snr4.0:seed4:frame30,4.0,30,cwz_joint,1289,false,false,false,missing,false,true,gradient_only,8,1,16,1551,1357,1.5303864473342734,141.78267239756192,missing
red2:lane1:snr4.0:seed4:frame31,4.0,31,cwz_joint,1326,false,false,false,missing,false,true,gradient_only,7,1,16,1596,1344,2.0053890482876247,150.55857714499774,missing
red2:lane1:snr4.0:seed4:frame32,4.0,32,cwz_joint,1309,false,false,false,missing,false,true,gradient_only,7,1,16,1649,1399,5.058999297530321,136.98375148250096,missing
red2:lane1:snr4.0:seed4:frame33,4.0,33,cwz_joint,1091,false,false,false,missing,false,true,gradient_only,8,1,16,1598,1377,1.8188806876639083,174.62348956893987,missing
red2:lane1:snr4.0:seed4:frame34,4.0,34,cwz_joint,1092,false,false,false,missing,false,true,gradient_only,8,1,16,1542,1357,1.6147321774048666,365.6049464390243,missing
red2:lane1:snr4.0:seed4:frame35,4.0,35,cwz_joint,1331,false,false,false,missing,false,true,gradient_only,7,1,16,1551,1373,2.3766102520805976,109.72027896793956,missing
red2:lane1:snr4.0:seed4:frame36,4.0,36,cwz_joint,1230,false,false,false,missing,false,true,gradient_only,8,1,16,1573,1225,1.8966331730801944,99.74958876581125,missing
red2:lane1:snr4.0:seed4:frame37,4.0,37,cwz_joint,1126,false,false,false,missing,false,true,gradient_only,7,1,16,1587,1328,4.643526591497486,75.78896744685791,missing
red2:lane1:snr4.0:seed4:frame38,4.0,38,cwz_joint,1263,false,false,false,missing,false,true,gradient_only,8,1,16,1561,1345,0.9668327255789165,157.15061412076534,missing
red2:lane1:snr4.0:seed4:frame39,4.0,39,cwz_joint,1245,false,false,false,missing,false,true,gradient_only,8,1,16,1591,1324,2.3760382652237846,107.48432684085651,missing
red2:lane1:snr4.0:seed4:frame40,4.0,40,cwz_joint,1211,false,false,false,missing,false,true,gradient_only,8,1,16,1549,1412,2.0907578578814463,68.56776225680842,missing
red2:lane1:snr4.0:seed4:frame41,4.0,41,cwz_joint,1272,false,false,false,missing,false,true,gradient_only,8,1,16,1586,1388,1.268611562666456,82.98266123476,missing
red2:lane1:snr4.0:seed4:frame42,4.0,42,cwz_joint,1159,false,false,false,missing,false,true,gradient_only,8,1,16,1582,1269,4.4718968181994025,1241.5569965617372,missing
red2:lane1:snr4.0:seed4:frame43,4.0,43,cwz_joint,1409,false,false,false,missing,false,true,gradient_only,8,1,16,1582,1479,4.629464270057288,1091.657405600878,missing
red2:lane1:snr4.0:seed4:frame44,4.0,44,cwz_joint,1191,false,false,false,missing,false,true,gradient_only,8,1,16,1568,1243,24.57433636144138,133.2455842826862,missing
red2:lane1:snr4.0:seed4:frame45,4.0,45,cwz_joint,1230,false,false,false,missing,false,true,gradient_only,7,1,16,1530,1345,1.3889806298351446,97.42184644657587,missing
red2:lane1:snr4.0:seed4:frame46,4.0,46,cwz_joint,1258,false,false,false,missing,false,true,gradient_only,8,1,16,1594,1370,1.9619574756462428,6120.175347966028,missing
red2:lane1:snr4.0:seed4:frame47,4.0,47,cwz_joint,1248,false,false,false,missing,false,true,gradient_only,8,1,16,1547,1372,3.3982999489399295,116.22431847500906,missing
red2:lane1:snr4.0:seed4:frame48,4.0,48,cwz_joint,1237,false,false,false,missing,false,true,gradient_only,8,1,16,1539,1284,2.226014712490343,389.69374066276424,missing
red2:lane1:snr4.0:seed4:frame49,4.0,49,cwz_joint,1165,false,false,false,missing,false,true,gradient_only,8,1,16,1543,1331,2.3400934923033616,152.50995613241778,missing
red2:lane1:snr4.0:seed4:frame50,4.0,50,cwz_joint,1225,false,false,false,missing,false,true,gradient_only,8,1,16,1558,1370,1.9275587710727278,72.30407947322301,missing
red2:lane1:snr4.0:seed4:frame51,4.0,51,cwz_joint,1318,false,false,false,missing,false,true,gradient_only,7,1,16,1617,1397,1.6863582087473932,358.94071157506033,missing
red2:lane1:snr4.0:seed4:frame52,4.0,52,cwz_joint,1153,false,false,false,missing,false,true,gradient_only,7,1,16,1571,1394,2.765843247123679,84.73065722271379,missing
red2:lane1:snr4.0:seed4:frame53,4.0,53,cwz_joint,1150,false,false,false,missing,false,true,gradient_only,8,1,16,1546,1318,2.1826563473814873,156.20373434350492,missing
red2:lane1:snr4.0:seed4:frame54,4.0,54,cwz_joint,1275,false,false,false,missing,false,true,gradient_only,8,1,16,1567,1361,2.3060635900395585,180.94390369665606,missing
red2:lane1:snr4.0:seed4:frame55,4.0,55,cwz_joint,1183,false,false,false,missing,false,true,gradient_only,6,1,16,1571,1364,12.381097785154099,78.6573749077609,missing
red2:lane1:snr4.0:seed4:frame56,4.0,56,cwz_joint,1199,false,false,false,missing,false,true,gradient_only,8,1,16,1588,1442,4.608537796236658,82.51526978444284,missing
red2:lane1:snr4.0:seed4:frame57,4.0,57,cwz_joint,1174,false,false,false,missing,false,true,gradient_only,8,1,16,1491,1406,4.655024701798155,71.56915328986764,missing
red2:lane1:snr4.0:seed4:frame58,4.0,58,cwz_joint,1091,false,false,false,missing,false,true,gradient_only,7,1,16,1575,1367,2.262019923009649,293.21746351265904,missing
red2:lane1:snr4.0:seed4:frame59,4.0,59,cwz_joint,1112,false,false,false,missing,false,true,gradient_only,6,1,16,1545,1370,3.192708762926036,103.28825914939736,missing
red2:lane1:snr4.0:seed4:frame60,4.0,60,cwz_joint,1261,false,false,false,missing,false,true,gradient_only,8,1,16,1558,1403,1.8038185911664195,70.18823858491396,missing
red2:lane1:snr4.0:seed4:frame1,4.0,1,profiled_cz,1128,false,false,false,missing,false,true,gradient_only,8,1,16,1547,1473,1.402730368018495,19.628959007065276,missing
red2:lane1:snr4.0:seed4:frame2,4.0,2,profiled_cz,1211,false,false,false,missing,false,true,gradient_only,2,1,16,1585,1516,1.871965435821345,14.153217636695885,missing
red2:lane1:snr4.0:seed4:frame3,4.0,3,profiled_cz,1248,false,false,false,missing,false,true,gradient_only,7,1,16,1585,1500,3.6328449317613263,83.04669596282535,missing
red2:lane1:snr4.0:seed4:frame4,4.0,4,profiled_cz,1285,false,false,false,missing,false,true,gradient_only,8,1,16,1594,1560,2.571483677533128,173.65852491217402,missing
red2:lane1:snr4.0:seed4:frame5,4.0,5,profiled_cz,999,false,false,false,missing,false,true,gradient_only,1,1,16,1557,1543,1.808216896678403,30.8403708951578,missing
red2:lane1:snr4.0:seed4:frame6,4.0,6,profiled_cz,1103,false,false,false,missing,false,true,gradient_only,7,1,16,1559,1471,6.052124535669832,13.328346768549503,missing
red2:lane1:snr4.0:seed4:frame7,4.0,7,profiled_cz,1139,false,false,false,missing,false,true,gradient_only,8,1,16,1547,1496,3.0894645102249423,17.952369943707343,missing
red2:lane1:snr4.0:seed4:frame8,4.0,8,profiled_cz,1188,false,false,false,missing,false,true,gradient_only,5,1,16,1564,1463,1.462207123569978,16.931698431713453,missing
red2:lane1:snr4.0:seed4:frame9,4.0,9,profiled_cz,1175,false,false,false,missing,false,true,gradient_only,6,1,16,1573,1514,1.9009867082229215,10.541956114056584,missing
red2:lane1:snr4.0:seed4:frame10,4.0,10,profiled_cz,1339,false,false,false,missing,false,true,gradient_only,8,1,16,1541,1492,3.477730649824523,35.81775127553409,missing
red2:lane1:snr4.0:seed4:frame11,4.0,11,profiled_cz,1199,false,false,false,missing,false,true,gradient_only,2,1,16,1594,1510,1.6058776146117586,108.11764566555092,missing
red2:lane1:snr4.0:seed4:frame12,4.0,12,profiled_cz,1218,false,false,false,missing,false,true,gradient_only,3,1,16,1585,1541,3.4774305648915167,69.72719872777044,missing
red2:lane1:snr4.0:seed4:frame13,4.0,13,profiled_cz,1200,false,false,false,missing,false,true,gradient_only,1,1,16,1568,1502,4.4027905896774575,13.259990954136224,missing
red2:lane1:snr4.0:seed4:frame14,4.0,14,profiled_cz,1257,false,false,false,missing,false,true,gradient_only,2,1,16,1565,1515,1.9783030004898927,75.19136543934357,missing
red2:lane1:snr4.0:seed4:frame15,4.0,15,profiled_cz,1139,false,false,false,missing,false,true,gradient_only,8,1,16,1603,1496,2.0335069001059596,13.00397459358387,missing
red2:lane1:snr4.0:seed4:frame16,4.0,16,profiled_cz,1045,false,false,false,missing,false,true,gradient_only,4,1,16,1544,1451,2.398376496914547,8.260806257304692,missing
red2:lane1:snr4.0:seed4:frame17,4.0,17,profiled_cz,1041,false,false,false,missing,false,true,gradient_only,4,1,16,1593,1508,1.2135436092869072,43.964064207537135,missing
red2:lane1:snr4.0:seed4:frame18,4.0,18,profiled_cz,1155,false,false,false,missing,false,true,gradient_only,5,1,16,1556,1500,1.0454994820634655,52.761463952678305,missing
red2:lane1:snr4.0:seed4:frame19,4.0,19,profiled_cz,1253,false,false,false,missing,false,true,gradient_only,7,1,16,1572,1496,2.118986670498775,12.05942556127497,missing
red2:lane1:snr4.0:seed4:frame20,4.0,20,profiled_cz,1121,false,false,false,missing,false,true,gradient_only,1,1,16,1617,1568,2.207042480478945,23.1520366156831,missing
red2:lane1:snr4.0:seed4:frame21,4.0,21,profiled_cz,1129,false,false,false,missing,false,true,gradient_only,3,1,16,1591,1477,2.49237967183344,14.259734330500033,missing
red2:lane1:snr4.0:seed4:frame22,4.0,22,profiled_cz,1285,false,false,false,missing,false,true,gradient_only,0,1,16,1509,1509,1.0757894988757601,1.0757894988757601,missing
red2:lane1:snr4.0:seed4:frame23,4.0,23,profiled_cz,1186,false,false,false,missing,false,true,gradient_only,8,1,16,1604,1512,3.952453898989973,21.352150154334634,missing
red2:lane1:snr4.0:seed4:frame24,4.0,24,profiled_cz,1271,false,false,false,missing,false,true,gradient_only,7,1,16,1558,1546,3.9909165888961775,32.2282460930814,missing
red2:lane1:snr4.0:seed4:frame25,4.0,25,profiled_cz,1130,false,false,false,missing,false,true,gradient_only,6,1,16,1570,1542,2.7273503526395033,18.87463399027411,missing
red2:lane1:snr4.0:seed4:frame26,4.0,26,profiled_cz,1067,false,false,false,missing,false,true,gradient_only,7,1,16,1555,1501,1.6298782481254612,9.490323331281761,missing
red2:lane1:snr4.0:seed4:frame27,4.0,27,profiled_cz,1179,false,false,false,missing,false,true,gradient_only,6,1,16,1592,1549,1.6963992291205412,192.86401297116493,missing
red2:lane1:snr4.0:seed4:frame28,4.0,28,profiled_cz,1038,false,false,false,missing,false,true,gradient_only,3,1,16,1571,1552,30.007734622668398,68.25237546276378,missing
red2:lane1:snr4.0:seed4:frame29,4.0,29,profiled_cz,1247,false,false,false,missing,false,true,gradient_only,3,1,16,1579,1575,20.93905851870427,2883.259021467419,missing
red2:lane1:snr4.0:seed4:frame30,4.0,30,profiled_cz,1253,false,false,false,missing,false,true,gradient_only,6,1,16,1551,1475,1.5303864473342734,46.30650053091819,missing
red2:lane1:snr4.0:seed4:frame31,4.0,31,profiled_cz,1287,false,false,false,missing,false,true,gradient_only,4,1,16,1596,1544,2.0053890482876247,48.343942807837614,missing
red2:lane1:snr4.0:seed4:frame32,4.0,32,profiled_cz,1284,false,false,false,missing,false,true,gradient_only,1,1,16,1649,1544,5.058999297530321,87.61569775587408,missing
red2:lane1:snr4.0:seed4:frame33,4.0,33,profiled_cz,1006,false,false,false,missing,false,true,gradient_only,7,1,16,1598,1511,1.8188806876639083,59.789402127495435,missing
red2:lane1:snr4.0:seed4:frame34,4.0,34,profiled_cz,991,false,false,false,missing,false,true,gradient_only,0,1,16,1542,1542,1.6147321774048666,1.6147321774048666,missing
red2:lane1:snr4.0:seed4:frame35,4.0,35,profiled_cz,1285,false,false,false,missing,false,true,gradient_only,1,1,16,1551,1512,2.3766102520805976,82.41211335891526,missing
red2:lane1:snr4.0:seed4:frame36,4.0,36,profiled_cz,1214,false,false,false,missing,false,true,gradient_only,4,1,16,1573,1522,1.8966331730801944,123.36549592374566,missing
red2:lane1:snr4.0:seed4:frame37,4.0,37,profiled_cz,1064,false,false,false,missing,false,true,gradient_only,2,1,16,1587,1542,4.643526591497486,10.448197813648246,missing
red2:lane1:snr4.0:seed4:frame38,4.0,38,profiled_cz,1222,false,false,false,missing,false,true,gradient_only,2,1,16,1561,1541,0.9668327255789165,46.73468884486089,missing
red2:lane1:snr4.0:seed4:frame39,4.0,39,profiled_cz,1206,false,false,false,missing,false,true,gradient_only,3,1,16,1591,1495,2.3760382652237846,19.151907261627468,missing
red2:lane1:snr4.0:seed4:frame40,4.0,40,profiled_cz,1116,false,false,false,missing,false,true,gradient_only,7,1,16,1549,1481,2.0907578578814463,28.30525518748972,missing
red2:lane1:snr4.0:seed4:frame41,4.0,41,profiled_cz,1270,false,false,false,missing,false,true,gradient_only,6,1,16,1586,1524,1.268611562666456,15.991451183322395,missing
red2:lane1:snr4.0:seed4:frame42,4.0,42,profiled_cz,1128,false,false,false,missing,false,true,gradient_only,7,1,16,1582,1452,4.4718968181994025,48.80737048237861,missing
red2:lane1:snr4.0:seed4:frame43,4.0,43,profiled_cz,1401,false,false,false,missing,false,true,gradient_only,6,1,16,1582,1552,4.629464270057288,455.63618509081726,missing
red2:lane1:snr4.0:seed4:frame44,4.0,44,profiled_cz,1186,false,false,false,missing,false,true,gradient_only,6,1,16,1568,1525,24.57433636144138,21.107800745198844,missing
red2:lane1:snr4.0:seed4:frame45,4.0,45,profiled_cz,1126,false,false,false,missing,false,true,gradient_only,5,1,16,1530,1507,1.3889806298351446,29.44335960841749,missing
red2:lane1:snr4.0:seed4:frame46,4.0,46,profiled_cz,1159,false,false,false,missing,false,true,gradient_only,8,1,16,1594,1529,1.9619574756462428,57.03211582456423,missing
red2:lane1:snr4.0:seed4:frame47,4.0,47,profiled_cz,1203,false,false,false,missing,false,true,gradient_only,3,1,16,1547,1513,3.3982999489399295,39.90346732633639,missing
red2:lane1:snr4.0:seed4:frame48,4.0,48,profiled_cz,1218,false,false,false,missing,false,true,gradient_only,3,1,16,1539,1495,2.226014712490343,45.11377328228887,missing
red2:lane1:snr4.0:seed4:frame49,4.0,49,profiled_cz,1085,false,false,false,missing,false,true,gradient_only,6,1,16,1543,1473,2.3400934923033616,41.208904025282926,missing
red2:lane1:snr4.0:seed4:frame50,4.0,50,profiled_cz,1119,false,false,false,missing,false,true,gradient_only,0,1,16,1558,1558,1.9275587710727278,1.9275587710727278,missing
red2:lane1:snr4.0:seed4:frame51,4.0,51,profiled_cz,1307,false,false,false,missing,false,true,gradient_only,6,1,16,1617,1565,1.6863582087473932,28.225837747439094,missing
red2:lane1:snr4.0:seed4:frame52,4.0,52,profiled_cz,1120,false,false,false,missing,false,true,gradient_only,1,1,16,1571,1538,2.765843247123679,15.563140923275492,missing
red2:lane1:snr4.0:seed4:frame53,4.0,53,profiled_cz,1060,false,false,false,missing,false,true,gradient_only,3,1,16,1546,1501,2.1826563473814873,21.89420690041657,missing
red2:lane1:snr4.0:seed4:frame54,4.0,54,profiled_cz,1197,false,false,false,missing,false,true,gradient_only,4,1,16,1567,1488,2.3060635900395585,52.95333000854386,missing
red2:lane1:snr4.0:seed4:frame55,4.0,55,profiled_cz,1200,false,false,false,missing,false,true,gradient_only,2,1,16,1571,1532,12.381097785154099,21.552385699216018,missing
red2:lane1:snr4.0:seed4:frame56,4.0,56,profiled_cz,1110,false,false,false,missing,false,true,gradient_only,2,1,16,1588,1515,4.608537796236658,15.425655229595375,missing
red2:lane1:snr4.0:seed4:frame57,4.0,57,profiled_cz,1066,false,false,false,missing,false,true,gradient_only,0,1,16,1491,1491,4.655024701798155,4.655024701798155,missing
red2:lane1:snr4.0:seed4:frame58,4.0,58,profiled_cz,1045,false,false,false,missing,false,true,gradient_only,5,1,16,1575,1548,2.262019923009649,50.71521859994384,missing
red2:lane1:snr4.0:seed4:frame59,4.0,59,profiled_cz,1080,false,false,false,missing,false,true,gradient_only,7,1,16,1545,1534,3.192708762926036,15.999303564675659,missing
red2:lane1:snr4.0:seed4:frame60,4.0,60,profiled_cz,1213,false,false,false,missing,false,true,gradient_only,1,1,16,1558,1489,1.8038185911664195,255.25994695356766,missing
red2:lane1:snr6.0:seed4:frame1,6.0,1,cwz_joint,1140,false,false,false,missing,false,true,gradient_only,8,1,16,1582,1362,1.635311885433506,274.0871711769598,missing
red2:lane1:snr6.0:seed4:frame2,6.0,2,cwz_joint,1212,false,false,false,missing,false,true,gradient_only,8,1,16,1559,1248,2.5292039599985756,55.61001548443991,missing
red2:lane1:snr6.0:seed4:frame3,6.0,3,cwz_joint,1199,false,false,false,missing,false,true,gradient_only,7,1,16,1584,1323,1.874168439895043,214.84634533480073,missing
red2:lane1:snr6.0:seed4:frame4,6.0,4,cwz_joint,1276,false,false,false,missing,false,true,gradient_only,8,1,16,1558,1401,2.3042758554748906,158.51991381292765,missing
red2:lane1:snr6.0:seed4:frame5,6.0,5,cwz_joint,960,false,false,false,missing,false,true,gradient_only,8,1,16,1582,1263,1.3810837413755568,122.7221997958207,missing
red2:lane1:snr6.0:seed4:frame6,6.0,6,cwz_joint,1107,false,false,false,missing,false,true,gradient_only,8,1,16,1562,1284,2.4888218929820503,58.07290352616501,missing
red2:lane1:snr6.0:seed4:frame7,6.0,7,cwz_joint,1174,false,false,false,missing,false,true,gradient_only,8,1,16,1564,1348,3.617668941203533,88.24018368025257,missing
red2:lane1:snr6.0:seed4:frame8,6.0,8,cwz_joint,1167,false,false,false,missing,false,true,gradient_only,7,1,16,1612,1311,2.039895452216231,69.85355068527356,missing
red2:lane1:snr6.0:seed4:frame9,6.0,9,cwz_joint,1122,false,false,false,missing,false,true,gradient_only,8,1,16,1543,1412,1.3905041948520567,35.333313120519584,missing
red2:lane1:snr6.0:seed4:frame10,6.0,10,cwz_joint,1333,false,false,false,missing,false,true,gradient_only,8,1,16,1555,1340,1.7236625032927217,142.6352416326384,missing
red2:lane1:snr6.0:seed4:frame11,6.0,11,cwz_joint,1194,false,false,false,missing,false,true,gradient_only,8,1,16,1565,1341,1.7246948188090576,137.16881762411245,missing
red2:lane1:snr6.0:seed4:frame12,6.0,12,cwz_joint,1165,false,false,false,missing,false,true,gradient_only,8,1,16,1560,1370,3.09519995511433,54.72013456038767,missing
red2:lane1:snr6.0:seed4:frame13,6.0,13,cwz_joint,1205,false,false,false,missing,false,true,gradient_only,7,1,16,1571,1375,2.1403061038571236,264.56679358685335,missing
red2:lane1:snr6.0:seed4:frame14,6.0,14,cwz_joint,1268,false,false,false,missing,false,true,gradient_only,8,1,16,1539,1361,2.1324434487868644,584.4691721027283,missing
red2:lane1:snr6.0:seed4:frame15,6.0,15,cwz_joint,1074,false,false,false,missing,false,true,gradient_only,7,1,16,1578,1313,1.3338585530702498,50.796585382637325,missing
red2:lane1:snr6.0:seed4:frame16,6.0,16,cwz_joint,1032,false,false,false,missing,false,true,gradient_only,8,1,16,1563,1323,3.216454002498691,32.36089049706935,missing
red2:lane1:snr6.0:seed4:frame17,6.0,17,cwz_joint,1022,false,false,false,missing,false,true,gradient_only,8,1,16,1541,1364,1.3076719484860198,64.80774990394683,missing
red2:lane1:snr6.0:seed4:frame18,6.0,18,cwz_joint,1188,false,false,false,missing,false,true,gradient_only,8,1,16,1632,1385,1.800600205036137,115.17772147784272,missing
red2:lane1:snr6.0:seed4:frame19,6.0,19,cwz_joint,1186,false,false,false,missing,false,true,gradient_only,8,1,16,1550,1377,2.4409107697269894,76.94887597769629,missing
red2:lane1:snr6.0:seed4:frame20,6.0,20,cwz_joint,1117,false,false,false,missing,false,true,gradient_only,7,1,16,1581,1284,6.052204099148729,157.21401801971825,missing
red2:lane1:snr6.0:seed4:frame21,6.0,21,cwz_joint,1074,false,false,false,missing,false,true,gradient_only,8,1,16,1586,1376,2.466602558164518,62.48789330054751,missing
red2:lane1:snr6.0:seed4:frame22,6.0,22,cwz_joint,1281,false,false,false,missing,false,true,gradient_only,8,1,16,1552,1338,10.305113435390787,141.419015149023,missing
red2:lane1:snr6.0:seed4:frame23,6.0,23,cwz_joint,1175,false,false,false,missing,false,true,gradient_only,8,1,16,1597,1322,2.324431239107975,162.11891968902353,missing
red2:lane1:snr6.0:seed4:frame24,6.0,24,cwz_joint,1253,false,false,false,missing,false,true,gradient_only,7,1,16,1580,1256,1.6545839666520967,131.42918157049175,missing
red2:lane1:snr6.0:seed4:frame25,6.0,25,cwz_joint,1100,false,false,false,missing,false,true,gradient_only,7,1,16,1559,1318,1.531208519462691,137.9097888805896,missing
red2:lane1:snr6.0:seed4:frame26,6.0,26,cwz_joint,1044,false,false,false,missing,false,true,gradient_only,8,1,16,1567,1258,3.016139118584154,65.39837526846044,missing
red2:lane1:snr6.0:seed4:frame27,6.0,27,cwz_joint,1140,false,false,false,missing,false,true,gradient_only,8,1,16,1523,1274,3.14195412551247,152.12547563798418,missing
red2:lane1:snr6.0:seed4:frame28,6.0,28,cwz_joint,1116,false,false,false,missing,false,true,gradient_only,8,1,16,1598,1395,1.5665167760699632,69.19593121930053,missing
red2:lane1:snr6.0:seed4:frame29,6.0,29,cwz_joint,1228,false,false,false,missing,false,true,gradient_only,8,1,16,1578,1335,2.468695022651912,194.61529309839779,missing
red2:lane1:snr6.0:seed4:frame30,6.0,30,cwz_joint,1207,false,false,false,missing,false,true,gradient_only,7,1,16,1574,1369,3.4829478811318477,109.89080766158536,missing
red2:lane1:snr6.0:seed4:frame31,6.0,31,cwz_joint,1273,false,false,false,missing,false,true,gradient_only,8,1,16,1544,1365,1.9810420646480185,374.79648266123365,missing
red2:lane1:snr6.0:seed4:frame32,6.0,32,cwz_joint,1266,false,false,false,missing,false,true,gradient_only,8,1,16,1584,1439,2.1008937509458936,99.74048291980405,missing
red2:lane1:snr6.0:seed4:frame33,6.0,33,cwz_joint,987,false,false,false,missing,false,true,gradient_only,8,1,16,1555,1258,3.05357127906303,126.18239588771092,missing
red2:lane1:snr6.0:seed4:frame34,6.0,34,cwz_joint,1091,false,false,false,missing,false,true,gradient_only,8,1,16,1568,1341,4.805133560845371,220.90283751439674,missing
red2:lane1:snr6.0:seed4:frame35,6.0,35,cwz_joint,1293,false,false,false,missing,false,true,gradient_only,8,1,16,1607,1382,2.950899690521074,143.50848752742257,missing
red2:lane1:snr6.0:seed4:frame36,6.0,36,cwz_joint,1212,false,false,false,missing,false,true,gradient_only,8,1,16,1533,1309,1.2794049757243622,75.51789893952923,missing
red2:lane1:snr6.0:seed4:frame37,6.0,37,cwz_joint,1054,false,false,false,missing,false,true,gradient_only,8,1,16,1619,1209,1.386248511436441,41.54702641918008,missing
red2:lane1:snr6.0:seed4:frame38,6.0,38,cwz_joint,1182,false,false,false,missing,false,true,gradient_only,8,1,16,1600,1416,1.593312370783818,102.40256916835173,missing
red2:lane1:snr6.0:seed4:frame39,6.0,39,cwz_joint,1167,false,false,false,missing,false,true,gradient_only,8,1,16,1614,1410,1.592427589279151,76.23818090749657,missing
red2:lane1:snr6.0:seed4:frame40,6.0,40,cwz_joint,1110,false,false,false,missing,false,true,gradient_only,7,1,16,1586,1333,2.1001581401465086,61.47953140956282,missing
red2:lane1:snr6.0:seed4:frame41,6.0,41,cwz_joint,1194,false,false,false,missing,false,true,gradient_only,8,1,16,1540,1362,1.465820889427725,54.108931948000965,missing
red2:lane1:snr6.0:seed4:frame42,6.0,42,cwz_joint,1091,false,false,false,missing,false,true,gradient_only,7,1,16,1546,1386,3.0168808986548217,1100.4257494406463,missing
red2:lane1:snr6.0:seed4:frame43,6.0,43,cwz_joint,1405,false,false,false,missing,false,true,gradient_only,8,1,16,1624,1311,2.2089460018182066,957.9367277004835,missing
red2:lane1:snr6.0:seed4:frame44,6.0,44,cwz_joint,1119,false,false,false,missing,false,true,gradient_only,8,1,16,1577,1339,4.763076047188108,86.72724492933983,missing
red2:lane1:snr6.0:seed4:frame45,6.0,45,cwz_joint,1095,false,false,false,missing,false,true,gradient_only,8,1,16,1610,1321,1.0005902574254446,78.1881137706995,missing
red2:lane1:snr6.0:seed4:frame46,6.0,46,cwz_joint,1186,false,false,false,missing,false,true,gradient_only,8,1,16,1572,1388,1.4066762113055624,3211.017166895711,missing
red2:lane1:snr6.0:seed4:frame47,6.0,47,cwz_joint,1207,false,false,false,missing,false,true,gradient_only,8,1,16,1562,1318,2.506229813467073,104.28550680203364,missing
red2:lane1:snr6.0:seed4:frame48,6.0,48,cwz_joint,1155,false,false,false,missing,false,true,gradient_only,8,1,16,1565,1349,1.3794002711339997,279.4547497635058,missing
red2:lane1:snr6.0:seed4:frame49,6.0,49,cwz_joint,1062,false,false,false,missing,false,true,gradient_only,8,1,16,1559,1320,6.0432752346019685,123.50639531242305,missing
red2:lane1:snr6.0:seed4:frame50,6.0,50,cwz_joint,1224,false,false,false,missing,false,true,gradient_only,7,1,16,1594,1403,1.2715919177491009,64.72490887708992,missing
red2:lane1:snr6.0:seed4:frame51,6.0,51,cwz_joint,1251,false,false,false,missing,false,true,gradient_only,8,1,16,1609,1352,7.427141170394282,224.6762361915595,missing
red2:lane1:snr6.0:seed4:frame52,6.0,52,cwz_joint,1088,false,false,false,missing,false,true,gradient_only,8,1,16,1633,1246,1.78902191015907,60.57383278307937,missing
red2:lane1:snr6.0:seed4:frame53,6.0,53,cwz_joint,1028,false,false,false,missing,false,true,gradient_only,8,1,16,1580,1348,1.9729734924734756,102.7642463049143,missing
red2:lane1:snr6.0:seed4:frame54,6.0,54,cwz_joint,1224,false,false,false,missing,false,true,gradient_only,8,1,16,1573,1345,2.4254469306183655,135.08544954937886,missing
red2:lane1:snr6.0:seed4:frame55,6.0,55,cwz_joint,1191,false,false,false,missing,false,true,gradient_only,8,1,16,1604,1399,1.6783934900796036,53.22301206531839,missing
red2:lane1:snr6.0:seed4:frame56,6.0,56,cwz_joint,1153,false,false,false,missing,false,true,gradient_only,7,1,16,1604,1338,1.3708125671896099,74.06971721467761,missing
red2:lane1:snr6.0:seed4:frame57,6.0,57,cwz_joint,1110,false,false,false,missing,false,true,gradient_only,8,1,16,1581,1319,1.5779407392833864,61.94704402020789,missing
red2:lane1:snr6.0:seed4:frame58,6.0,58,cwz_joint,1031,false,false,false,missing,false,true,gradient_only,8,1,16,1568,1281,3.3779057867180686,131.46202138946745,missing
red2:lane1:snr6.0:seed4:frame59,6.0,59,cwz_joint,1068,false,false,false,missing,false,true,gradient_only,7,1,16,1530,1403,1.7033828115681469,71.31927483644444,missing
red2:lane1:snr6.0:seed4:frame60,6.0,60,cwz_joint,1195,false,false,false,missing,false,true,gradient_only,8,1,16,1553,1386,1.1799511725172038,55.40206415034135,missing
red2:lane1:snr6.0:seed4:frame1,6.0,1,profiled_cz,1058,false,false,false,missing,false,true,gradient_only,4,1,16,1582,1541,1.635311885433506,13.249000413017361,missing
red2:lane1:snr6.0:seed4:frame2,6.0,2,profiled_cz,1168,false,false,false,missing,false,true,gradient_only,5,1,16,1559,1544,2.5292039599985756,10.721655906092955,missing
red2:lane1:snr6.0:seed4:frame3,6.0,3,profiled_cz,1135,false,false,false,missing,false,true,gradient_only,4,1,16,1584,1496,1.874168439895043,29.896103388654446,missing
red2:lane1:snr6.0:seed4:frame4,6.0,4,profiled_cz,1241,false,false,false,missing,false,true,gradient_only,8,1,16,1558,1507,2.3042758554748906,36.97333995326217,missing
red2:lane1:snr6.0:seed4:frame5,6.0,5,profiled_cz,945,false,false,false,missing,false,true,gradient_only,2,1,16,1582,1528,1.3810837413755568,14.521189327963986,missing
red2:lane1:snr6.0:seed4:frame6,6.0,6,profiled_cz,972,false,false,false,missing,false,true,gradient_only,6,1,16,1562,1541,2.4888218929820503,9.036624345418069,missing
red2:lane1:snr6.0:seed4:frame7,6.0,7,profiled_cz,1106,false,false,false,missing,false,true,gradient_only,8,1,16,1564,1514,3.617668941203533,41.006115228334224,missing
red2:lane1:snr6.0:seed4:frame8,6.0,8,profiled_cz,1095,false,false,false,missing,false,true,gradient_only,5,1,16,1612,1512,2.039895452216231,14.616359080308797,missing
red2:lane1:snr6.0:seed4:frame9,6.0,9,profiled_cz,1070,false,false,false,missing,false,true,gradient_only,4,1,16,1543,1497,1.3905041948520567,8.460636939822882,missing
red2:lane1:snr6.0:seed4:frame10,6.0,10,profiled_cz,1249,false,false,false,missing,false,true,gradient_only,4,1,16,1555,1501,1.7236625032927217,32.27230518367042,missing
red2:lane1:snr6.0:seed4:frame11,6.0,11,profiled_cz,1145,false,false,false,missing,false,true,gradient_only,1,1,16,1565,1533,1.7246948188090576,25.016713168047197,missing
red2:lane1:snr6.0:seed4:frame12,6.0,12,profiled_cz,1165,false,false,false,missing,false,true,gradient_only,3,1,16,1560,1514,3.09519995511433,9.146685575280083,missing
red2:lane1:snr6.0:seed4:frame13,6.0,13,profiled_cz,1163,false,false,false,missing,false,true,gradient_only,6,1,16,1571,1488,2.1403061038571236,11.241052425858785,missing
red2:lane1:snr6.0:seed4:frame14,6.0,14,profiled_cz,1236,false,false,false,missing,false,true,gradient_only,6,1,16,1539,1533,2.1324434487868644,63.59835923774667,missing
red2:lane1:snr6.0:seed4:frame15,6.0,15,profiled_cz,1047,false,false,false,missing,false,true,gradient_only,2,1,16,1578,1553,1.3338585530702498,16.541659304013915,missing
red2:lane1:snr6.0:seed4:frame16,6.0,16,profiled_cz,948,false,false,false,missing,false,true,gradient_only,5,1,16,1563,1534,3.216454002498691,5.806501981362563,missing
red2:lane1:snr6.0:seed4:frame17,6.0,17,profiled_cz,907,false,false,false,missing,false,true,gradient_only,3,1,16,1541,1503,1.3076719484860198,10.629621215550507,missing
red2:lane1:snr6.0:seed4:frame18,6.0,18,profiled_cz,1139,false,false,false,missing,false,true,gradient_only,8,1,16,1632,1546,1.800600205036137,21.72425101502069,missing
red2:lane1:snr6.0:seed4:frame19,6.0,19,profiled_cz,1141,false,false,false,missing,false,true,gradient_only,1,1,16,1550,1545,2.4409107697269894,12.836265571676964,missing
red2:lane1:snr6.0:seed4:frame20,6.0,20,profiled_cz,1077,false,false,false,missing,false,true,gradient_only,3,1,16,1581,1529,6.052204099148729,15.65802940008568,missing
red2:lane1:snr6.0:seed4:frame21,6.0,21,profiled_cz,1034,false,false,false,missing,false,true,gradient_only,4,1,16,1586,1558,2.466602558164518,13.303736424230532,missing
red2:lane1:snr6.0:seed4:frame22,6.0,22,profiled_cz,1265,false,false,false,missing,false,true,gradient_only,8,1,16,1552,1536,10.305113435390787,51.11782605144516,missing
red2:lane1:snr6.0:seed4:frame23,6.0,23,profiled_cz,1074,false,false,false,missing,false,true,gradient_only,3,1,16,1597,1530,2.324431239107975,10.686484855993047,missing
red2:lane1:snr6.0:seed4:frame24,6.0,24,profiled_cz,1223,false,false,false,missing,false,true,gradient_only,5,1,16,1580,1554,1.6545839666520967,31.68282090423631,missing
red2:lane1:snr6.0:seed4:frame25,6.0,25,profiled_cz,1068,false,false,false,missing,false,true,gradient_only,6,1,16,1559,1505,1.531208519462691,17.811225646300052,missing
red2:lane1:snr6.0:seed4:frame26,6.0,26,profiled_cz,970,false,false,false,missing,false,true,gradient_only,7,1,16,1567,1509,3.016139118584154,8.101757379135544,missing
red2:lane1:snr6.0:seed4:frame27,6.0,27,profiled_cz,1069,false,false,false,missing,false,true,gradient_only,3,1,16,1523,1469,3.14195412551247,144.9805007651341,missing
red2:lane1:snr6.0:seed4:frame28,6.0,28,profiled_cz,1017,false,false,false,missing,false,true,gradient_only,3,1,16,1598,1509,1.5665167760699632,12.427051782910778,missing
red2:lane1:snr6.0:seed4:frame29,6.0,29,profiled_cz,1217,false,false,false,missing,false,true,gradient_only,8,1,16,1578,1511,2.468695022651912,41.2249933238807,missing
red2:lane1:snr6.0:seed4:frame30,6.0,30,profiled_cz,1218,false,false,false,missing,false,true,gradient_only,3,1,16,1574,1553,3.4829478811318477,21.726901439238706,missing
red2:lane1:snr6.0:seed4:frame31,6.0,31,profiled_cz,1204,false,false,false,missing,false,true,gradient_only,3,1,16,1544,1518,1.9810420646480185,17.293250611296198,missing
red2:lane1:snr6.0:seed4:frame32,6.0,32,profiled_cz,1216,false,false,false,missing,false,true,gradient_only,2,1,16,1584,1554,2.1008937509458936,63.47640682296231,missing
red2:lane1:snr6.0:seed4:frame33,6.0,33,profiled_cz,899,false,false,false,missing,false,true,gradient_only,5,1,16,1555,1505,3.05357127906303,55.193409060362036,missing
red2:lane1:snr6.0:seed4:frame34,6.0,34,profiled_cz,989,false,false,false,missing,false,true,gradient_only,7,1,16,1568,1530,4.805133560845371,8.99678065650662,missing
red2:lane1:snr6.0:seed4:frame35,6.0,35,profiled_cz,1266,false,false,false,missing,false,true,gradient_only,8,1,16,1607,1564,2.950899690521074,31.187927057294,missing
red2:lane1:snr6.0:seed4:frame36,6.0,36,profiled_cz,1066,false,false,false,missing,false,true,gradient_only,0,1,16,1533,1533,1.2794049757243622,1.2794049757243622,missing
red2:lane1:snr6.0:seed4:frame37,6.0,37,profiled_cz,983,false,false,false,missing,false,true,gradient_only,7,1,16,1619,1502,1.386248511436441,6.848549305851137,missing
red2:lane1:snr6.0:seed4:frame38,6.0,38,profiled_cz,1152,false,false,false,missing,false,true,gradient_only,4,1,16,1600,1514,1.593312370783818,33.624502342294846,missing
red2:lane1:snr6.0:seed4:frame39,6.0,39,profiled_cz,1103,false,false,false,missing,false,true,gradient_only,5,1,16,1614,1521,1.592427589279151,8.914688003154177,missing
red2:lane1:snr6.0:seed4:frame40,6.0,40,profiled_cz,1056,false,false,false,missing,false,true,gradient_only,5,1,16,1586,1500,2.1001581401465086,28.020441930887582,missing
red2:lane1:snr6.0:seed4:frame41,6.0,41,profiled_cz,1127,false,false,false,missing,false,true,gradient_only,1,1,16,1540,1529,1.465820889427725,38.94576923929154,missing
red2:lane1:snr6.0:seed4:frame42,6.0,42,profiled_cz,1021,false,false,false,missing,false,true,gradient_only,6,1,16,1546,1515,3.0168808986548217,19.517640952541516,missing
red2:lane1:snr6.0:seed4:frame43,6.0,43,profiled_cz,1331,false,false,false,missing,false,true,gradient_only,1,1,16,1624,1560,2.2089460018182066,1310.9640201616992,missing
red2:lane1:snr6.0:seed4:frame44,6.0,44,profiled_cz,1070,false,false,false,missing,false,true,gradient_only,4,1,16,1577,1511,4.763076047188108,14.897435984019934,missing
red2:lane1:snr6.0:seed4:frame45,6.0,45,profiled_cz,1051,false,false,false,missing,false,true,gradient_only,7,1,16,1610,1531,1.0005902574254446,28.093923933340157,missing
red2:lane1:snr6.0:seed4:frame46,6.0,46,profiled_cz,1068,false,false,false,missing,false,true,gradient_only,4,1,16,1572,1547,1.4066762113055624,72.05968607281574,missing
red2:lane1:snr6.0:seed4:frame47,6.0,47,profiled_cz,1167,false,false,false,missing,false,true,gradient_only,4,1,16,1562,1517,2.506229813467073,73.12973389215558,missing
red2:lane1:snr6.0:seed4:frame48,6.0,48,profiled_cz,1129,false,false,false,missing,false,true,gradient_only,1,1,16,1565,1478,1.3794002711339997,31.9445378335155,missing
red2:lane1:snr6.0:seed4:frame49,6.0,49,profiled_cz,1015,false,false,false,missing,false,true,gradient_only,7,1,16,1559,1547,6.0432752346019685,14.513745400042893,missing
red2:lane1:snr6.0:seed4:frame50,6.0,50,profiled_cz,1144,false,false,false,missing,false,true,gradient_only,8,1,16,1594,1539,1.2715919177491009,11.373036030501265,missing
red2:lane1:snr6.0:seed4:frame51,6.0,51,profiled_cz,1200,false,false,false,missing,false,true,gradient_only,4,1,16,1609,1531,7.427141170394282,22.14810321464304,missing
red2:lane1:snr6.0:seed4:frame52,6.0,52,profiled_cz,1039,false,false,false,missing,false,true,gradient_only,7,1,16,1633,1533,1.78902191015907,13.787671471330677,missing
red2:lane1:snr6.0:seed4:frame53,6.0,53,profiled_cz,996,false,false,false,missing,false,true,gradient_only,7,1,16,1580,1551,1.9729734924734756,15.947771269027934,missing
red2:lane1:snr6.0:seed4:frame54,6.0,54,profiled_cz,1161,false,false,false,missing,false,true,gradient_only,8,1,16,1573,1468,2.4254469306183655,68.668662506046,missing
red2:lane1:snr6.0:seed4:frame55,6.0,55,profiled_cz,1099,false,false,false,missing,false,true,gradient_only,3,1,16,1604,1556,1.6783934900796036,34.52711926173784,missing
red2:lane1:snr6.0:seed4:frame56,6.0,56,profiled_cz,1070,false,false,false,missing,false,true,gradient_only,3,1,16,1604,1541,1.3708125671896099,14.467090250849823,missing
red2:lane1:snr6.0:seed4:frame57,6.0,57,profiled_cz,1015,false,false,false,missing,false,true,gradient_only,2,1,16,1581,1530,1.5779407392833864,79.7018891523443,missing
red2:lane1:snr6.0:seed4:frame58,6.0,58,profiled_cz,968,false,false,false,missing,false,true,gradient_only,1,1,16,1568,1518,3.3779057867180686,25.465224942247865,missing
red2:lane1:snr6.0:seed4:frame59,6.0,59,profiled_cz,1001,false,false,false,missing,false,true,gradient_only,5,1,16,1530,1484,1.7033828115681469,14.379863285126016,missing
red2:lane1:snr6.0:seed4:frame60,6.0,60,profiled_cz,1142,false,false,false,missing,false,true,gradient_only,1,1,16,1553,1516,1.1799511725172038,39.53717636963409,missing
red2:lane1:snr8.0:seed4:frame1,8.0,1,cwz_joint,1078,false,false,false,missing,false,true,gradient_only,8,1,16,1520,1364,2.7241299111243515,215.73810361790999,missing
red2:lane1:snr8.0:seed4:frame2,8.0,2,cwz_joint,1116,false,false,false,missing,false,true,gradient_only,8,1,16,1543,1285,2.683297973293843,37.31231712273914,missing
red2:lane1:snr8.0:seed4:frame3,8.0,3,cwz_joint,1152,false,false,false,missing,false,true,gradient_only,6,1,16,1533,1400,6.419435230343689,257.01953122797005,missing
red2:lane1:snr8.0:seed4:frame4,8.0,4,cwz_joint,1213,false,false,false,missing,false,true,gradient_only,8,1,16,1587,1381,0.9915912814715533,65.59248704631453,missing
red2:lane1:snr8.0:seed4:frame5,8.0,5,cwz_joint,941,false,false,false,missing,false,true,gradient_only,8,1,16,1557,1309,0.9522459343022314,119.65520300615836,missing
red2:lane1:snr8.0:seed4:frame6,8.0,6,cwz_joint,992,false,false,false,missing,false,true,gradient_only,6,1,16,1571,1312,1.7172300104985185,64.0874873021912,missing
red2:lane1:snr8.0:seed4:frame7,8.0,7,cwz_joint,1120,false,false,false,missing,false,true,gradient_only,8,1,16,1552,1347,2.2578132980176084,73.09592019154134,missing
red2:lane1:snr8.0:seed4:frame8,8.0,8,cwz_joint,1140,false,false,false,missing,false,true,gradient_only,8,1,16,1570,1323,1.8269139633455993,56.150109628944996,missing
red2:lane1:snr8.0:seed4:frame9,8.0,9,cwz_joint,1091,false,false,false,missing,false,true,gradient_only,8,1,16,1575,1327,1.1554270790192804,27.126368405586348,missing
red2:lane1:snr8.0:seed4:frame10,8.0,10,cwz_joint,1222,false,false,false,missing,false,true,gradient_only,8,1,16,1563,1340,0.8315478063833799,106.78254712100852,missing
red2:lane1:snr8.0:seed4:frame11,8.0,11,cwz_joint,1072,false,false,false,missing,false,true,gradient_only,8,1,16,1567,1337,10.20347681655979,113.37688953859121,missing
red2:lane1:snr8.0:seed4:frame12,8.0,12,cwz_joint,1154,false,false,false,missing,false,true,gradient_only,8,1,16,1603,1391,1.7236475155666717,43.53012227677008,missing
red2:lane1:snr8.0:seed4:frame13,8.0,13,cwz_joint,1116,false,false,false,missing,false,true,gradient_only,5,1,16,1610,1465,1.7477742603387385,27.076548784815266,missing
red2:lane1:snr8.0:seed4:frame14,8.0,14,cwz_joint,1219,false,false,false,missing,false,true,gradient_only,8,1,16,1579,1341,3.276944699571552,260.16568959109884,missing
red2:lane1:snr8.0:seed4:frame15,8.0,15,cwz_joint,1057,false,false,false,missing,false,true,gradient_only,8,1,16,1586,1316,1.008831347467513,46.159189811705275,missing
red2:lane1:snr8.0:seed4:frame16,8.0,16,cwz_joint,949,false,false,false,missing,false,true,gradient_only,8,1,16,1595,1303,1.2680532823183137,23.98414003271885,missing
red2:lane1:snr8.0:seed4:frame17,8.0,17,cwz_joint,926,false,false,false,missing,false,true,gradient_only,7,1,16,1541,1407,1.2374038883254772,40.977140920883066,missing
red2:lane1:snr8.0:seed4:frame18,8.0,18,cwz_joint,1126,false,false,false,missing,false,true,gradient_only,6,1,16,1572,1394,1.0177893371640343,63.93141649488419,missing
red2:lane1:snr8.0:seed4:frame19,8.0,19,cwz_joint,1124,false,false,false,missing,false,true,gradient_only,7,1,16,1571,1284,2.071310859800729,49.90020059273686,missing
red2:lane1:snr8.0:seed4:frame20,8.0,20,cwz_joint,1085,false,false,false,missing,false,true,gradient_only,8,1,16,1584,1315,10.174608856235437,120.46761610590089,missing
red2:lane1:snr8.0:seed4:frame21,8.0,21,cwz_joint,1021,false,false,false,missing,false,true,gradient_only,7,1,16,1560,1291,1.368626545154228,50.39061045901894,missing
red2:lane1:snr8.0:seed4:frame22,8.0,22,cwz_joint,1176,false,false,false,missing,false,true,gradient_only,6,1,16,1597,1356,1.6659920103926096,106.27800820984349,missing
red2:lane1:snr8.0:seed4:frame23,8.0,23,cwz_joint,1099,false,false,false,missing,false,true,gradient_only,8,1,16,1555,1326,5.536123042970963,87.58378313217443,missing
red2:lane1:snr8.0:seed4:frame24,8.0,24,cwz_joint,1172,false,false,false,missing,false,true,gradient_only,8,1,16,1600,1223,1.6006909414808501,96.9757047927289,missing
red2:lane1:snr8.0:seed4:frame25,8.0,25,cwz_joint,1011,false,false,false,missing,false,true,gradient_only,8,1,16,1596,1368,2.797201951177579,99.1001422070399,missing
red2:lane1:snr8.0:seed4:frame26,8.0,26,cwz_joint,933,false,false,false,missing,false,true,gradient_only,8,1,16,1599,1340,1.6029371204371856,27.073704801269592,missing
red2:lane1:snr8.0:seed4:frame27,8.0,27,cwz_joint,1095,false,false,false,missing,false,true,gradient_only,8,1,16,1599,1255,4.115410945402126,333.6479756372603,missing
red2:lane1:snr8.0:seed4:frame28,8.0,28,cwz_joint,1026,false,false,false,missing,false,true,gradient_only,8,1,16,1553,1247,1.658912926271117,47.18297899356757,missing
red2:lane1:snr8.0:seed4:frame29,8.0,29,cwz_joint,1163,false,false,false,missing,false,true,gradient_only,8,1,16,1579,1361,1.787155400025257,128.90163186300256,missing
red2:lane1:snr8.0:seed4:frame30,8.0,30,cwz_joint,1180,false,false,false,missing,false,true,gradient_only,7,1,16,1562,1376,1.9483637542294632,87.27425070982288,missing
red2:lane1:snr8.0:seed4:frame31,8.0,31,cwz_joint,1157,false,false,false,missing,false,true,gradient_only,8,1,16,1568,1352,1.0081186413619179,84.93808574004639,missing
red2:lane1:snr8.0:seed4:frame32,8.0,32,cwz_joint,1202,false,false,false,missing,false,true,gradient_only,8,1,16,1584,1409,2.526969404535555,85.20142449410218,missing
red2:lane1:snr8.0:seed4:frame33,8.0,33,cwz_joint,887,false,false,false,missing,false,true,gradient_only,8,1,16,1556,1295,1.1288916271183898,97.09842218846211,missing
red2:lane1:snr8.0:seed4:frame34,8.0,34,cwz_joint,1072,false,false,false,missing,false,true,gradient_only,8,1,16,1571,1205,1.5708604726122442,123.99431010025448,missing
red2:lane1:snr8.0:seed4:frame35,8.0,35,cwz_joint,1247,false,false,false,missing,false,true,gradient_only,8,1,16,1595,1307,3.0133710155892857,542.1066193598629,missing
red2:lane1:snr8.0:seed4:frame36,8.0,36,cwz_joint,1122,false,false,false,missing,false,true,gradient_only,8,1,16,1560,1206,1.6755200965736643,58.316196852860834,missing
red2:lane1:snr8.0:seed4:frame37,8.0,37,cwz_joint,932,false,false,false,missing,false,true,gradient_only,8,1,16,1568,1234,1.098184763383572,28.313474194815136,missing
red2:lane1:snr8.0:seed4:frame38,8.0,38,cwz_joint,1115,false,false,false,missing,false,true,gradient_only,8,1,16,1567,1339,0.8843483676819616,68.88150784147139,missing
red2:lane1:snr8.0:seed4:frame39,8.0,39,cwz_joint,1112,false,false,false,missing,false,true,gradient_only,8,1,16,1634,1315,0.908933165104066,39.69566495094765,missing
red2:lane1:snr8.0:seed4:frame40,8.0,40,cwz_joint,1064,false,false,false,missing,false,true,gradient_only,8,1,16,1585,1341,1.777270910416674,51.290820001998604,missing
red2:lane1:snr8.0:seed4:frame41,8.0,41,cwz_joint,1101,false,false,false,missing,false,true,gradient_only,6,1,16,1584,1345,1.3875158756501724,46.5575125486855,missing
red2:lane1:snr8.0:seed4:frame42,8.0,42,cwz_joint,1059,false,false,false,missing,false,true,gradient_only,8,1,16,1580,1379,6.041637357285549,1562.6915538824858,missing
red2:lane1:snr8.0:seed4:frame43,8.0,43,cwz_joint,1293,false,false,false,missing,false,true,gradient_only,7,1,16,1547,1350,2.3272575824337385,7454.631027902089,missing
red2:lane1:snr8.0:seed4:frame44,8.0,44,cwz_joint,1092,false,false,false,missing,false,true,gradient_only,8,1,16,1578,1318,1.9064311444792068,67.19380501106583,missing
red2:lane1:snr8.0:seed4:frame45,8.0,45,cwz_joint,1065,false,false,false,missing,false,true,gradient_only,8,1,16,1595,1333,1.7422515995616181,63.455695808175484,missing
red2:lane1:snr8.0:seed4:frame46,8.0,46,cwz_joint,1120,false,false,false,missing,false,true,gradient_only,8,1,16,1622,1384,1.6260765340210224,704.8952779477995,missing
red2:lane1:snr8.0:seed4:frame47,8.0,47,cwz_joint,1158,false,false,false,missing,false,true,gradient_only,7,1,16,1657,1372,1.9057275984978086,115.13828862598375,missing
red2:lane1:snr8.0:seed4:frame48,8.0,48,cwz_joint,1092,false,false,false,missing,false,true,gradient_only,7,1,16,1524,1251,1.562229322418019,141.08172729246198,missing
red2:lane1:snr8.0:seed4:frame49,8.0,49,cwz_joint,999,false,false,false,missing,false,true,gradient_only,7,1,16,1528,1344,1.146345041097854,85.495035545486,missing
red2:lane1:snr8.0:seed4:frame50,8.0,50,cwz_joint,1155,false,false,false,missing,false,true,gradient_only,8,1,16,1570,1323,1.0347124715940066,59.20075406870922,missing
red2:lane1:snr8.0:seed4:frame51,8.0,51,cwz_joint,1199,false,false,false,missing,false,true,gradient_only,7,1,16,1564,1390,1.8135372530819678,239.47262741055076,missing
red2:lane1:snr8.0:seed4:frame52,8.0,52,cwz_joint,1035,false,false,false,missing,false,true,gradient_only,8,1,16,1614,1382,5.231817567863528,49.45052221248886,missing
red2:lane1:snr8.0:seed4:frame53,8.0,53,cwz_joint,945,false,false,false,missing,false,true,gradient_only,7,1,16,1556,1341,4.316260851640849,75.54324083131469,missing
red2:lane1:snr8.0:seed4:frame54,8.0,54,cwz_joint,1143,false,false,false,missing,false,true,gradient_only,8,1,16,1584,1425,8.429350744067984,113.01900572622705,missing
red2:lane1:snr8.0:seed4:frame55,8.0,55,cwz_joint,1109,false,false,false,missing,false,true,gradient_only,8,1,16,1588,1308,2.071234347639723,42.867381611229234,missing
red2:lane1:snr8.0:seed4:frame56,8.0,56,cwz_joint,1077,false,false,false,missing,false,true,gradient_only,8,1,16,1529,1321,1.2784727782504188,60.32025251285029,missing
red2:lane1:snr8.0:seed4:frame57,8.0,57,cwz_joint,1067,false,false,false,missing,false,true,gradient_only,8,1,16,1602,1347,2.018902481600044,53.52550105873071,missing
red2:lane1:snr8.0:seed4:frame58,8.0,58,cwz_joint,957,false,false,false,missing,false,true,gradient_only,8,1,16,1598,1313,2.11709767197937,84.88323136678055,missing
red2:lane1:snr8.0:seed4:frame59,8.0,59,cwz_joint,987,false,false,false,missing,false,true,gradient_only,8,1,16,1531,1310,3.1537357462621602,51.00321304634268,missing
red2:lane1:snr8.0:seed4:frame60,8.0,60,cwz_joint,1113,false,false,false,missing,false,true,gradient_only,7,1,16,1565,1379,1.6838745750124042,46.87803655714606,missing
red2:lane1:snr8.0:seed4:frame1,8.0,1,profiled_cz,1023,false,false,false,missing,false,true,gradient_only,5,1,16,1520,1494,2.7241299111243515,11.592371729147231,missing
red2:lane1:snr8.0:seed4:frame2,8.0,2,profiled_cz,1067,false,false,false,missing,false,true,gradient_only,5,1,16,1543,1535,2.683297973293843,7.131147730044459,missing
red2:lane1:snr8.0:seed4:frame3,8.0,3,profiled_cz,1081,false,false,false,missing,false,true,gradient_only,5,1,16,1533,1516,6.419435230343689,13.074056471166955,missing
red2:lane1:snr8.0:seed4:frame4,8.0,4,profiled_cz,1136,false,false,false,missing,false,true,gradient_only,3,1,16,1587,1531,0.9915912814715533,15.397147227502865,missing
red2:lane1:snr8.0:seed4:frame5,8.0,5,profiled_cz,852,false,false,false,missing,false,true,gradient_only,1,1,16,1557,1493,0.9522459343022314,15.357944689342828,missing
red2:lane1:snr8.0:seed4:frame6,8.0,6,profiled_cz,940,false,false,false,missing,false,true,gradient_only,5,1,16,1571,1551,1.7172300104985185,6.869927904773375,missing
red2:lane1:snr8.0:seed4:frame7,8.0,7,profiled_cz,1034,false,false,false,missing,false,true,gradient_only,1,1,16,1552,1531,2.2578132980176084,12.489951305660142,missing
red2:lane1:snr8.0:seed4:frame8,8.0,8,profiled_cz,1043,false,false,false,missing,false,true,gradient_only,8,1,16,1570,1471,1.8269139633455993,11.31179150510832,missing
red2:lane1:snr8.0:seed4:frame9,8.0,9,profiled_cz,1004,false,false,false,missing,false,true,gradient_only,1,1,16,1575,1523,1.1554270790192804,6.358051894605032,missing
red2:lane1:snr8.0:seed4:frame10,8.0,10,profiled_cz,1234,false,false,false,missing,false,true,gradient_only,4,1,16,1563,1482,0.8315478063833799,38.09796578470802,missing
red2:lane1:snr8.0:seed4:frame11,8.0,11,profiled_cz,1046,false,false,false,missing,false,true,gradient_only,7,1,16,1567,1525,10.20347681655979,13.889988706257423,missing
red2:lane1:snr8.0:seed4:frame12,8.0,12,profiled_cz,1088,false,false,false,missing,false,true,gradient_only,2,1,16,1603,1557,1.7236475155666717,7.36026790175379,missing
red2:lane1:snr8.0:seed4:frame13,8.0,13,profiled_cz,1079,false,false,false,missing,false,true,gradient_only,1,1,16,1610,1508,1.7477742603387385,5.039758350615032,missing
red2:lane1:snr8.0:seed4:frame14,8.0,14,profiled_cz,1130,false,false,false,missing,false,true,gradient_only,8,1,16,1579,1476,3.276944699571552,33.9762529243621,missing
red2:lane1:snr8.0:seed4:frame15,8.0,15,profiled_cz,964,false,false,false,missing,false,true,gradient_only,2,1,16,1586,1496,1.008831347467513,9.459422770476932,missing
red2:lane1:snr8.0:seed4:frame16,8.0,16,profiled_cz,850,false,false,false,missing,false,true,gradient_only,1,1,16,1595,1514,1.2680532823183137,4.77539100158079,missing
red2:lane1:snr8.0:seed4:frame17,8.0,17,profiled_cz,839,false,false,false,missing,false,true,gradient_only,1,1,16,1541,1508,1.2374038883254772,7.128863001228085,missing
red2:lane1:snr8.0:seed4:frame18,8.0,18,profiled_cz,1019,false,false,false,missing,false,true,gradient_only,7,1,16,1572,1553,1.0177893371640343,25.299484727034688,missing
red2:lane1:snr8.0:seed4:frame19,8.0,19,profiled_cz,1114,false,false,false,missing,false,true,gradient_only,2,1,16,1571,1543,2.071310859800729,20.188703066172785,missing
red2:lane1:snr8.0:seed4:frame20,8.0,20,profiled_cz,962,false,false,false,missing,false,true,gradient_only,2,1,16,1584,1541,10.174608856235437,7.816935745436884,missing
red2:lane1:snr8.0:seed4:frame21,8.0,21,profiled_cz,959,false,false,false,missing,false,true,gradient_only,1,1,16,1560,1514,1.368626545154228,8.496503977369587,missing
red2:lane1:snr8.0:seed4:frame22,8.0,22,profiled_cz,1196,false,false,false,missing,false,true,gradient_only,3,1,16,1597,1522,1.6659920103926096,31.375962593757116,missing
red2:lane1:snr8.0:seed4:frame23,8.0,23,profiled_cz,1040,false,false,false,missing,false,true,gradient_only,5,1,16,1555,1527,5.536123042970963,7.459804523584498,missing
red2:lane1:snr8.0:seed4:frame24,8.0,24,profiled_cz,1149,false,false,false,missing,false,true,gradient_only,2,1,16,1600,1514,1.6006909414808501,22.990092219063143,missing
red2:lane1:snr8.0:seed4:frame25,8.0,25,profiled_cz,923,false,false,false,missing,false,true,gradient_only,6,1,16,1596,1564,2.797201951177579,28.676448001339693,missing
red2:lane1:snr8.0:seed4:frame26,8.0,26,profiled_cz,872,false,false,false,missing,false,true,gradient_only,5,1,16,1599,1494,1.6029371204371856,4.793494828153855,missing
red2:lane1:snr8.0:seed4:frame27,8.0,27,profiled_cz,1034,false,false,false,missing,false,true,gradient_only,8,1,16,1599,1484,4.115410945402126,13.6594768748332,missing
red2:lane1:snr8.0:seed4:frame28,8.0,28,profiled_cz,972,false,false,false,missing,false,true,gradient_only,7,1,16,1553,1540,1.658912926271117,8.610473524634127,missing
red2:lane1:snr8.0:seed4:frame29,8.0,29,profiled_cz,1103,false,false,false,missing,false,true,gradient_only,5,1,16,1579,1530,1.787155400025257,33.92985058843273,missing
red2:lane1:snr8.0:seed4:frame30,8.0,30,profiled_cz,1156,false,false,false,missing,false,true,gradient_only,7,1,16,1562,1504,1.9483637542294632,20.557616819582453,missing
red2:lane1:snr8.0:seed4:frame31,8.0,31,profiled_cz,1053,false,false,false,missing,false,true,gradient_only,2,1,16,1568,1558,1.0081186413619179,57.98528870629366,missing
red2:lane1:snr8.0:seed4:frame32,8.0,32,profiled_cz,1144,false,false,false,missing,false,true,gradient_only,8,1,16,1584,1541,2.526969404535555,32.7250096282129,missing
red2:lane1:snr8.0:seed4:frame33,8.0,33,profiled_cz,765,false,false,false,missing,false,true,gradient_only,1,1,16,1556,1489,1.1288916271183898,16.419031489322812,missing
red2:lane1:snr8.0:seed4:frame34,8.0,34,profiled_cz,968,false,false,false,missing,false,true,gradient_only,3,1,16,1571,1528,1.5708604726122442,125.62712909966525,missing
red2:lane1:snr8.0:seed4:frame35,8.0,35,profiled_cz,1216,false,false,false,missing,false,true,gradient_only,4,1,16,1595,1552,3.0133710155892857,136.07957549921497,missing
red2:lane1:snr8.0:seed4:frame36,8.0,36,profiled_cz,1118,false,false,false,missing,false,true,gradient_only,2,1,16,1560,1495,1.6755200965736643,19.458243777728274,missing
red2:lane1:snr8.0:seed4:frame37,8.0,37,profiled_cz,852,false,false,false,missing,false,true,gradient_only,1,1,16,1568,1541,1.098184763383572,4.967369591548811,missing
red2:lane1:snr8.0:seed4:frame38,8.0,38,profiled_cz,1001,false,false,false,missing,false,true,gradient_only,7,1,16,1567,1528,0.8843483676819616,22.65360517661305,missing
red2:lane1:snr8.0:seed4:frame39,8.0,39,profiled_cz,1019,false,false,false,missing,false,true,gradient_only,1,1,16,1634,1581,0.908933165104066,9.903473006233973,missing
red2:lane1:snr8.0:seed4:frame40,8.0,40,profiled_cz,870,false,false,false,missing,false,true,gradient_only,0,1,16,1585,1585,1.777270910416674,1.777270910416674,missing
red2:lane1:snr8.0:seed4:frame41,8.0,41,profiled_cz,1034,false,false,false,missing,false,true,gradient_only,6,1,16,1584,1491,1.3875158756501724,6.052808670457608,missing
red2:lane1:snr8.0:seed4:frame42,8.0,42,profiled_cz,987,false,false,false,missing,false,true,gradient_only,7,1,16,1580,1515,6.041637357285549,15.059811590416246,missing
red2:lane1:snr8.0:seed4:frame43,8.0,43,profiled_cz,1232,false,false,false,missing,false,true,gradient_only,0,1,16,1547,1547,2.3272575824337385,2.3272575824337385,missing
red2:lane1:snr8.0:seed4:frame44,8.0,44,profiled_cz,1006,false,false,false,missing,false,true,gradient_only,2,1,16,1578,1520,1.9064311444792068,12.713747728184304,missing
red2:lane1:snr8.0:seed4:frame45,8.0,45,profiled_cz,1009,false,false,false,missing,false,true,gradient_only,8,1,16,1595,1552,1.7422515995616181,13.565037391658679,missing
red2:lane1:snr8.0:seed4:frame46,8.0,46,profiled_cz,1030,false,false,false,missing,false,true,gradient_only,6,1,16,1622,1526,1.6260765340210224,75.72027962613352,missing
red2:lane1:snr8.0:seed4:frame47,8.0,47,profiled_cz,1093,false,false,false,missing,false,true,gradient_only,6,1,16,1657,1508,1.9057275984978086,16.674986802279907,missing
red2:lane1:snr8.0:seed4:frame48,8.0,48,profiled_cz,1018,false,false,false,missing,false,true,gradient_only,2,1,16,1524,1513,1.562229322418019,21.50491814719011,missing
red2:lane1:snr8.0:seed4:frame49,8.0,49,profiled_cz,976,false,false,false,missing,false,true,gradient_only,8,1,16,1528,1512,1.146345041097854,10.978290410857795,missing
red2:lane1:snr8.0:seed4:frame50,8.0,50,profiled_cz,1072,false,false,false,missing,false,true,gradient_only,7,1,16,1570,1529,1.0347124715940066,9.985524616739157,missing
red2:lane1:snr8.0:seed4:frame51,8.0,51,profiled_cz,1146,false,false,false,missing,false,true,gradient_only,7,1,16,1564,1542,1.8135372530819678,14.92378705666526,missing
red2:lane1:snr8.0:seed4:frame52,8.0,52,profiled_cz,959,false,false,false,missing,false,true,gradient_only,7,1,16,1614,1577,5.231817567863528,12.326613255756143,missing
red2:lane1:snr8.0:seed4:frame53,8.0,53,profiled_cz,860,false,false,false,missing,false,true,gradient_only,7,1,16,1556,1492,4.316260851640849,24.477654468945993,missing
red2:lane1:snr8.0:seed4:frame54,8.0,54,profiled_cz,1077,false,false,false,missing,false,true,gradient_only,4,1,16,1584,1519,8.429350744067984,51.56555282589292,missing
red2:lane1:snr8.0:seed4:frame55,8.0,55,profiled_cz,1047,false,false,false,missing,false,true,gradient_only,8,1,16,1588,1522,2.071234347639723,9.787044058352935,missing
red2:lane1:snr8.0:seed4:frame56,8.0,56,profiled_cz,899,false,false,false,missing,false,true,gradient_only,0,1,16,1529,1529,1.2784727782504188,1.2784727782504188,missing
red2:lane1:snr8.0:seed4:frame57,8.0,57,profiled_cz,1003,false,false,false,missing,false,true,gradient_only,6,1,16,1602,1525,2.018902481600044,112.33941568581554,missing
red2:lane1:snr8.0:seed4:frame58,8.0,58,profiled_cz,838,false,false,false,missing,false,true,gradient_only,3,1,16,1598,1554,2.11709767197937,23.574930032091114,missing
red2:lane1:snr8.0:seed4:frame59,8.0,59,profiled_cz,811,false,false,false,missing,false,true,gradient_only,0,1,16,1531,1531,3.1537357462621602,3.1537357462621602,missing
red2:lane1:snr8.0:seed4:frame60,8.0,60,profiled_cz,1034,false,false,false,missing,false,true,gradient_only,5,1,16,1565,1516,1.6838745750124042,13.78123753376641,missing
red2:lane1:snr10.0:seed4:frame1,10.0,1,cwz_joint,1004,false,false,false,missing,false,true,gradient_only,8,1,16,1539,1296,1.1855596457804634,137.00245036449212,missing
red2:lane1:snr10.0:seed4:frame2,10.0,2,cwz_joint,1041,false,false,false,missing,false,true,gradient_only,7,1,16,1532,1297,2.1362333610215654,29.797502317762696,missing
red2:lane1:snr10.0:seed4:frame3,10.0,3,cwz_joint,1084,false,false,false,missing,false,true,gradient_only,8,1,16,1573,1287,4.780879003434309,130.6955467412377,missing
red2:lane1:snr10.0:seed4:frame4,10.0,4,cwz_joint,1145,false,false,false,missing,false,true,gradient_only,8,1,16,1510,1431,2.767361940161054,53.78466968873942,missing
red2:lane1:snr10.0:seed4:frame5,10.0,5,cwz_joint,821,false,false,false,missing,false,true,gradient_only,7,1,16,1556,1264,0.9964108724838314,136.35497625941588,missing
red2:lane1:snr10.0:seed4:frame6,10.0,6,cwz_joint,947,false,false,false,missing,false,true,gradient_only,8,1,16,1569,1320,1.5305338303231988,56.773841838205875,missing
red2:lane1:snr10.0:seed4:frame7,10.0,7,cwz_joint,1028,false,false,false,missing,false,true,gradient_only,8,1,16,1598,1239,2.1014749489842433,59.99719177924824,missing
red2:lane1:snr10.0:seed4:frame8,10.0,8,cwz_joint,1087,false,false,false,missing,false,true,gradient_only,8,1,16,1573,1169,1.789128264377302,44.48758098101872,missing
red2:lane1:snr10.0:seed4:frame9,10.0,9,cwz_joint,1033,false,false,false,missing,false,true,gradient_only,8,1,16,1544,1419,1.1602608787445323,21.99617594869905,missing
red2:lane1:snr10.0:seed4:frame10,10.0,10,cwz_joint,1203,false,false,false,missing,false,true,gradient_only,7,1,16,1583,1314,1.4929407880487249,79.22958264181602,missing
red2:lane1:snr10.0:seed4:frame11,10.0,11,cwz_joint,1054,false,false,false,missing,false,true,gradient_only,7,1,16,1550,1329,1.3360623281428117,95.33321542027494,missing
red2:lane1:snr10.0:seed4:frame12,10.0,12,cwz_joint,1073,false,false,false,missing,false,true,gradient_only,8,1,16,1539,1341,4.26348264900935,35.782762854094365,missing
red2:lane1:snr10.0:seed4:frame13,10.0,13,cwz_joint,1050,false,false,false,missing,false,true,gradient_only,8,1,16,1559,1406,7.456523033902405,12.231317941590255,missing
red2:lane1:snr10.0:seed4:frame14,10.0,14,cwz_joint,1163,false,false,false,missing,false,true,gradient_only,7,1,16,1585,1407,1.1626239702064327,159.50498013142897,missing
red2:lane1:snr10.0:seed4:frame15,10.0,15,cwz_joint,1000,false,false,false,missing,false,true,gradient_only,8,1,16,1550,1322,1.2809239892128415,48.04372028100422,missing
red2:lane1:snr10.0:seed4:frame16,10.0,16,cwz_joint,890,false,false,false,missing,false,true,gradient_only,7,1,16,1549,1377,1.38757061504537,20.38127528906647,missing
red2:lane1:snr10.0:seed4:frame17,10.0,17,cwz_joint,849,false,false,false,missing,false,true,gradient_only,8,1,16,1545,1391,0.9568708980741113,29.82023244990686,missing
red2:lane1:snr10.0:seed4:frame18,10.0,18,cwz_joint,1078,false,false,false,missing,false,true,gradient_only,8,1,16,1619,1416,1.0653790890762345,37.85445137050505,missing
red2:lane1:snr10.0:seed4:frame19,10.0,19,cwz_joint,1049,false,false,false,missing,false,true,gradient_only,8,1,16,1571,1331,2.207169239336494,32.781408708931146,missing
red2:lane1:snr10.0:seed4:frame20,10.0,20,cwz_joint,973,false,false,false,missing,false,true,gradient_only,8,1,16,1582,1260,1.4693878586799005,37.03515876533061,missing
red2:lane1:snr10.0:seed4:frame21,10.0,21,cwz_joint,966,false,false,false,missing,false,true,gradient_only,8,1,16,1557,1369,0.8559120575192596,38.481398191641546,missing
red2:lane1:snr10.0:seed4:frame22,10.0,22,cwz_joint,1153,false,false,false,missing,false,true,gradient_only,8,1,16,1548,1345,0.8906722947068478,64.98326958945842,missing
red2:lane1:snr10.0:seed4:frame23,10.0,23,cwz_joint,995,false,false,false,missing,false,true,gradient_only,7,1,16,1557,1200,1.5088749330769864,49.16197421007109,missing
red2:lane1:snr10.0:seed4:frame24,10.0,24,cwz_joint,1186,false,false,false,missing,false,true,gradient_only,8,1,16,1627,1267,2.6179274846617027,77.09048952087608,missing
red2:lane1:snr10.0:seed4:frame25,10.0,25,cwz_joint,916,false,false,false,missing,false,true,gradient_only,3,1,16,1525,1443,1.322888870406793,85.59343341383476,missing
red2:lane1:snr10.0:seed4:frame26,10.0,26,cwz_joint,886,false,false,false,missing,false,true,gradient_only,7,1,16,1547,1374,4.783061630430353,21.5866552927814,missing
red2:lane1:snr10.0:seed4:frame27,10.0,27,cwz_joint,1022,false,false,false,missing,false,true,gradient_only,8,1,16,1598,1446,1.0468878763348768,77.24769567750864,missing
red2:lane1:snr10.0:seed4:frame28,10.0,28,cwz_joint,954,false,false,false,missing,false,true,gradient_only,8,1,16,1604,1394,1.5164189505802415,35.51727312878259,missing
red2:lane1:snr10.0:seed4:frame29,10.0,29,cwz_joint,1164,false,false,false,missing,false,true,gradient_only,8,1,16,1554,1432,1.5033895006404545,107.281023298409,missing
red2:lane1:snr10.0:seed4:frame30,10.0,30,cwz_joint,1122,false,false,false,missing,false,true,gradient_only,8,1,16,1591,1369,2.4050371809672493,46.30004236927271,missing
red2:lane1:snr10.0:seed4:frame31,10.0,31,cwz_joint,1076,false,false,false,missing,false,true,gradient_only,8,1,16,1585,1319,1.2826371816749995,42.350455931752144,missing
red2:lane1:snr10.0:seed4:frame32,10.0,32,cwz_joint,1104,false,false,false,missing,false,true,gradient_only,8,1,16,1558,1250,0.8161272217212807,92.14947348759011,missing
red2:lane1:snr10.0:seed4:frame33,10.0,33,cwz_joint,873,false,false,false,missing,false,true,gradient_only,8,1,16,1557,1394,1.4468307034185421,80.69697768319377,missing
red2:lane1:snr10.0:seed4:frame34,10.0,34,cwz_joint,1005,false,false,false,missing,false,true,gradient_only,8,1,16,1527,1408,3.227536931659833,77.96071722966518,missing
red2:lane1:snr10.0:seed4:frame35,10.0,35,cwz_joint,1172,false,false,false,missing,false,true,gradient_only,8,1,16,1571,1324,1.7610416991024391,145.26514489147473,missing
red2:lane1:snr10.0:seed4:frame36,10.0,36,cwz_joint,1138,false,false,false,missing,false,true,gradient_only,8,1,16,1581,1320,9.063913830168289,38.02755917562887,missing
red2:lane1:snr10.0:seed4:frame37,10.0,37,cwz_joint,913,false,false,false,missing,false,true,gradient_only,7,1,16,1594,1336,1.350403005338714,22.784576427922598,missing
red2:lane1:snr10.0:seed4:frame38,10.0,38,cwz_joint,1037,false,false,false,missing,false,true,gradient_only,8,1,16,1532,1362,0.8358122332653727,48.498899706743735,missing
red2:lane1:snr10.0:seed4:frame39,10.0,39,cwz_joint,1044,false,false,false,missing,false,true,gradient_only,8,1,16,1538,1241,0.7402045985279422,25.89140496712519,missing
red2:lane1:snr10.0:seed4:frame40,10.0,40,cwz_joint,943,false,false,false,missing,false,true,gradient_only,7,1,16,1554,1346,1.5156063168024776,47.57455371789254,missing
red2:lane1:snr10.0:seed4:frame41,10.0,41,cwz_joint,1078,false,false,false,missing,false,true,gradient_only,8,1,16,1572,1405,0.8634474257778701,36.28134054568716,missing
red2:lane1:snr10.0:seed4:frame42,10.0,42,cwz_joint,984,false,false,false,missing,false,true,gradient_only,8,1,16,1561,1378,3.7772807063894556,592.4027970106639,missing
red2:lane1:snr10.0:seed4:frame43,10.0,43,cwz_joint,1281,false,false,false,missing,false,true,gradient_only,8,1,16,1576,1372,5.2671019977253515,863.6041470545664,missing
red2:lane1:snr10.0:seed4:frame44,10.0,44,cwz_joint,1052,false,false,false,missing,false,true,gradient_only,8,1,16,1603,1351,2.6368010922249954,58.790431452841375,missing
red2:lane1:snr10.0:seed4:frame45,10.0,45,cwz_joint,1017,false,false,false,missing,false,true,gradient_only,7,1,16,1601,1400,2.7719409665987467,53.16258982380161,missing
red2:lane1:snr10.0:seed4:frame46,10.0,46,cwz_joint,1049,false,false,false,missing,false,true,gradient_only,8,1,16,1555,1294,1.355836400913758,282.5281212696158,missing
red2:lane1:snr10.0:seed4:frame47,10.0,47,cwz_joint,1066,false,false,false,missing,false,true,gradient_only,7,1,16,1560,1404,2.0649742261904533,138.3792592201315,missing
red2:lane1:snr10.0:seed4:frame48,10.0,48,cwz_joint,953,false,false,false,missing,false,true,gradient_only,7,1,16,1606,1345,1.041583612018892,207.0421782561762,missing
red2:lane1:snr10.0:seed4:frame49,10.0,49,cwz_joint,963,false,false,false,missing,false,true,gradient_only,7,1,16,1559,1391,2.246593477286592,54.07156679849866,missing
red2:lane1:snr10.0:seed4:frame50,10.0,50,cwz_joint,1071,false,false,false,missing,false,true,gradient_only,8,1,16,1552,1437,0.9775323778174714,52.339693329177145,missing
red2:lane1:snr10.0:seed4:frame51,10.0,51,cwz_joint,1162,false,false,false,missing,false,true,gradient_only,8,1,16,1590,1425,2.0515986014159906,194.11482248485544,missing
red2:lane1:snr10.0:seed4:frame52,10.0,52,cwz_joint,1025,false,false,false,missing,false,true,gradient_only,8,1,16,1565,1385,8.467856750787943,42.546342811245445,missing
red2:lane1:snr10.0:seed4:frame53,10.0,53,cwz_joint,882,false,false,false,missing,false,true,gradient_only,8,1,16,1568,1325,1.2515849994579966,53.78618103824512,missing
red2:lane1:snr10.0:seed4:frame54,10.0,54,cwz_joint,1086,false,false,false,missing,false,true,gradient_only,6,1,16,1576,1442,1.4921581696786885,112.09841532951789,missing
red2:lane1:snr10.0:seed4:frame55,10.0,55,cwz_joint,1046,false,false,false,missing,false,true,gradient_only,7,1,16,1524,1350,1.4317399796523669,38.418375724480825,missing
red2:lane1:snr10.0:seed4:frame56,10.0,56,cwz_joint,1018,false,false,false,missing,false,true,gradient_only,7,1,16,1613,1413,0.9874163371361903,53.19438422076274,missing
red2:lane1:snr10.0:seed4:frame57,10.0,57,cwz_joint,971,false,false,false,missing,false,true,gradient_only,7,1,16,1598,1350,0.8423496010814033,47.553555020514,missing
red2:lane1:snr10.0:seed4:frame58,10.0,58,cwz_joint,913,false,false,false,missing,false,true,gradient_only,8,1,16,1611,1315,1.0711388081774722,68.0836434671513,missing
red2:lane1:snr10.0:seed4:frame59,10.0,59,cwz_joint,915,false,false,false,missing,false,true,gradient_only,7,1,16,1587,1372,1.4730603133911961,42.76168756732502,missing
red2:lane1:snr10.0:seed4:frame60,10.0,60,cwz_joint,1035,false,false,false,missing,false,true,gradient_only,6,1,16,1548,1380,1.069562734638004,40.746442228316326,missing
red2:lane1:snr10.0:seed4:frame1,10.0,1,profiled_cz,921,false,false,false,missing,false,true,gradient_only,5,1,16,1539,1493,1.1855596457804634,12.404921951451461,missing
red2:lane1:snr10.0:seed4:frame2,10.0,2,profiled_cz,966,false,false,false,missing,false,true,gradient_only,4,1,16,1532,1496,2.1362333610215654,5.271390720229438,missing
red2:lane1:snr10.0:seed4:frame3,10.0,3,profiled_cz,1028,false,false,false,missing,false,true,gradient_only,5,1,16,1573,1478,4.780879003434309,10.77513324731657,missing
red2:lane1:snr10.0:seed4:frame4,10.0,4,profiled_cz,1058,false,false,false,missing,false,true,gradient_only,6,1,16,1510,1471,2.767361940161054,16.670282308908384,missing
red2:lane1:snr10.0:seed4:frame5,10.0,5,profiled_cz,773,false,false,false,missing,false,true,gradient_only,8,1,16,1556,1505,0.9964108724838314,22.33242270024928,missing
red2:lane1:snr10.0:seed4:frame6,10.0,6,profiled_cz,785,false,false,false,missing,false,true,gradient_only,6,1,16,1569,1536,1.5305338303231988,8.66376292841734,missing
red2:lane1:snr10.0:seed4:frame7,10.0,7,profiled_cz,962,false,false,false,missing,false,true,gradient_only,5,1,16,1598,1561,2.1014749489842433,55.001905946204296,missing
red2:lane1:snr10.0:seed4:frame8,10.0,8,profiled_cz,1035,false,false,false,missing,false,true,gradient_only,2,1,16,1573,1553,1.789128264377302,8.058215220069561,missing
red2:lane1:snr10.0:seed4:frame9,10.0,9,profiled_cz,867,false,false,false,missing,false,true,gradient_only,3,1,16,1544,1511,1.1602608787445323,5.3379196293483275,missing
red2:lane1:snr10.0:seed4:frame10,10.0,10,profiled_cz,1140,false,false,false,missing,false,true,gradient_only,5,1,16,1583,1541,1.4929407880487249,70.57798762636334,missing
red2:lane1:snr10.0:seed4:frame11,10.0,11,profiled_cz,1006,false,false,false,missing,false,true,gradient_only,3,1,16,1550,1490,1.3360623281428117,13.098171890308238,missing
red2:lane1:snr10.0:seed4:frame12,10.0,12,profiled_cz,979,false,false,false,missing,false,true,gradient_only,2,1,16,1539,1533,4.26348264900935,6.098032059433042,missing
red2:lane1:snr10.0:seed4:frame13,10.0,13,profiled_cz,958,false,false,false,missing,false,true,gradient_only,1,1,16,1559,1518,7.456523033902405,3.840730648789391,missing
red2:lane1:snr10.0:seed4:frame14,10.0,14,profiled_cz,1083,false,false,false,missing,false,true,gradient_only,1,1,16,1585,1505,1.1626239702064327,33.7908894206038,missing
red2:lane1:snr10.0:seed4:frame15,10.0,15,profiled_cz,910,false,false,false,missing,false,true,gradient_only,3,1,16,1550,1506,1.2809239892128415,21.209614435467905,missing
red2:lane1:snr10.0:seed4:frame16,10.0,16,profiled_cz,811,false,false,false,missing,false,true,gradient_only,1,1,16,1549,1526,1.38757061504537,4.755268681638351,missing
red2:lane1:snr10.0:seed4:frame17,10.0,17,profiled_cz,728,false,false,false,missing,false,true,gradient_only,8,1,16,1545,1463,0.9568708980741113,4.685260132231929,missing
red2:lane1:snr10.0:seed4:frame18,10.0,18,profiled_cz,985,false,false,false,missing,false,true,gradient_only,2,1,16,1619,1512,1.0653790890762345,28.969462289944495,missing
red2:lane1:snr10.0:seed4:frame19,10.0,19,profiled_cz,980,false,false,false,missing,false,true,gradient_only,8,1,16,1571,1526,2.207169239336494,9.879229137659376,missing
red2:lane1:snr10.0:seed4:frame20,10.0,20,profiled_cz,925,false,false,false,missing,false,true,gradient_only,6,1,16,1582,1505,1.4693878586799005,4.794982449383182,missing
red2:lane1:snr10.0:seed4:frame21,10.0,21,profiled_cz,915,false,false,false,missing,false,true,gradient_only,5,1,16,1557,1536,0.8559120575192596,9.010296430426918,missing
red2:lane1:snr10.0:seed4:frame22,10.0,22,profiled_cz,1076,false,false,false,missing,false,true,gradient_only,2,1,16,1548,1529,0.8906722947068478,17.933719615871055,missing
red2:lane1:snr10.0:seed4:frame23,10.0,23,profiled_cz,982,false,false,false,missing,false,true,gradient_only,1,1,16,1557,1529,1.5088749330769864,5.125889877432334,missing
red2:lane1:snr10.0:seed4:frame24,10.0,24,profiled_cz,1115,false,false,false,missing,false,true,gradient_only,4,1,16,1627,1538,2.6179274846617027,23.318402203637536,missing
red2:lane1:snr10.0:seed4:frame25,10.0,25,profiled_cz,781,false,false,false,missing,false,true,gradient_only,0,1,16,1525,1525,1.322888870406793,1.322888870406793,missing
red2:lane1:snr10.0:seed4:frame26,10.0,26,profiled_cz,764,false,false,false,missing,false,true,gradient_only,5,1,16,1547,1531,4.783061630430353,4.481573141734518,missing
red2:lane1:snr10.0:seed4:frame27,10.0,27,profiled_cz,1007,false,false,false,missing,false,true,gradient_only,5,1,16,1598,1489,1.0468878763348768,15.644807712024614,missing
red2:lane1:snr10.0:seed4:frame28,10.0,28,profiled_cz,849,false,false,false,missing,false,true,gradient_only,1,1,16,1604,1543,1.5164189505802415,8.468721490147253,missing
red2:lane1:snr10.0:seed4:frame29,10.0,29,profiled_cz,1073,false,false,false,missing,false,true,gradient_only,7,1,16,1554,1530,1.5033895006404545,43.20034866391432,missing
red2:lane1:snr10.0:seed4:frame30,10.0,30,profiled_cz,1056,false,false,false,missing,false,true,gradient_only,6,1,16,1591,1575,2.4050371809672493,8.465042898764775,missing
red2:lane1:snr10.0:seed4:frame31,10.0,31,profiled_cz,1012,false,false,false,missing,false,true,gradient_only,5,1,16,1585,1499,1.2826371816749995,15.130947966268574,missing
red2:lane1:snr10.0:seed4:frame32,10.0,32,profiled_cz,1020,false,false,false,missing,false,true,gradient_only,1,1,16,1558,1525,0.8161272217212807,22.551605190904073,missing
red2:lane1:snr10.0:seed4:frame33,10.0,33,profiled_cz,742,false,false,false,missing,false,true,gradient_only,3,1,16,1557,1496,1.4468307034185421,10.690011994562076,missing
red2:lane1:snr10.0:seed4:frame34,10.0,34,profiled_cz,917,false,false,false,missing,false,true,gradient_only,1,1,16,1527,1494,3.227536931659833,14.632571563768712,missing
red2:lane1:snr10.0:seed4:frame35,10.0,35,profiled_cz,1126,false,false,false,missing,false,true,gradient_only,8,1,16,1571,1536,1.7610416991024391,19.094289630405424,missing
red2:lane1:snr10.0:seed4:frame36,10.0,36,profiled_cz,1059,false,false,false,missing,false,true,gradient_only,4,1,16,1581,1487,9.063913830168289,8.054666269645498,missing
red2:lane1:snr10.0:seed4:frame37,10.0,37,profiled_cz,815,false,false,false,missing,false,true,gradient_only,6,1,16,1594,1557,1.350403005338714,4.141660963997276,missing
red2:lane1:snr10.0:seed4:frame38,10.0,38,profiled_cz,923,false,false,false,missing,false,true,gradient_only,8,1,16,1532,1494,0.8358122332653727,14.314027693261519,missing
red2:lane1:snr10.0:seed4:frame39,10.0,39,profiled_cz,975,false,false,false,missing,false,true,gradient_only,1,1,16,1538,1510,0.7402045985279422,4.666646717913296,missing
red2:lane1:snr10.0:seed4:frame40,10.0,40,profiled_cz,867,false,false,false,missing,false,true,gradient_only,5,1,16,1554,1547,1.5156063168024776,8.13247426497674,missing
red2:lane1:snr10.0:seed4:frame41,10.0,41,profiled_cz,943,false,false,false,missing,false,true,gradient_only,3,1,16,1572,1554,0.8634474257778701,4.943363801254622,missing
red2:lane1:snr10.0:seed4:frame42,10.0,42,profiled_cz,947,false,false,false,missing,false,true,gradient_only,6,1,16,1561,1538,3.7772807063894556,13.418089588032391,missing
red2:lane1:snr10.0:seed4:frame43,10.0,43,profiled_cz,1264,false,false,false,missing,false,true,gradient_only,2,1,16,1576,1519,5.2671019977253515,445.48105512880693,missing
red2:lane1:snr10.0:seed4:frame44,10.0,44,profiled_cz,1021,false,false,false,missing,false,true,gradient_only,4,1,16,1603,1553,2.6368010922249954,9.989572498671558,missing
red2:lane1:snr10.0:seed4:frame45,10.0,45,profiled_cz,944,false,false,false,missing,false,true,gradient_only,5,1,16,1601,1549,2.7719409665987467,21.414206824662145,missing
red2:lane1:snr10.0:seed4:frame46,10.0,46,profiled_cz,1015,false,false,false,missing,false,true,gradient_only,6,1,16,1555,1510,1.355836400913758,39.58788464907229,missing
red2:lane1:snr10.0:seed4:frame47,10.0,47,profiled_cz,1021,false,false,false,missing,false,true,gradient_only,7,1,16,1560,1488,2.0649742261904533,45.45914461433198,missing
red2:lane1:snr10.0:seed4:frame48,10.0,48,profiled_cz,885,false,false,false,missing,false,true,gradient_only,1,1,16,1606,1520,1.041583612018892,13.621471910671207,missing
red2:lane1:snr10.0:seed4:frame49,10.0,49,profiled_cz,880,false,false,false,missing,false,true,gradient_only,7,1,16,1559,1535,2.246593477286592,8.922346050061874,missing
red2:lane1:snr10.0:seed4:frame50,10.0,50,profiled_cz,1014,false,false,false,missing,false,true,gradient_only,5,1,16,1552,1518,0.9775323778174714,9.701055809180442,missing
red2:lane1:snr10.0:seed4:frame51,10.0,51,profiled_cz,1046,false,false,false,missing,false,true,gradient_only,5,1,16,1590,1562,2.0515986014159906,11.382736546049431,missing
red2:lane1:snr10.0:seed4:frame52,10.0,52,profiled_cz,903,false,false,false,missing,false,true,gradient_only,5,1,16,1565,1495,8.467856750787943,8.998530839332348,missing
red2:lane1:snr10.0:seed4:frame53,10.0,53,profiled_cz,821,false,false,false,missing,false,true,gradient_only,4,1,16,1568,1515,1.2515849994579966,11.718103877267525,missing
red2:lane1:snr10.0:seed4:frame54,10.0,54,profiled_cz,1011,false,false,false,missing,false,true,gradient_only,4,1,16,1576,1539,1.4921581696786885,22.464176714252915,missing
red2:lane1:snr10.0:seed4:frame55,10.0,55,profiled_cz,1014,false,false,false,missing,false,true,gradient_only,3,1,16,1524,1492,1.4317399796523669,10.623511819424861,missing
red2:lane1:snr10.0:seed4:frame56,10.0,56,profiled_cz,883,false,false,false,missing,false,true,gradient_only,8,1,16,1613,1545,0.9874163371361903,8.023147719685197,missing
red2:lane1:snr10.0:seed4:frame57,10.0,57,profiled_cz,931,false,false,false,missing,false,true,gradient_only,2,1,16,1598,1522,0.8423496010814033,46.52423040785964,missing
red2:lane1:snr10.0:seed4:frame58,10.0,58,profiled_cz,842,false,false,false,missing,false,true,gradient_only,1,1,16,1611,1506,1.0711388081774722,11.952629090952613,missing
red2:lane1:snr10.0:seed4:frame59,10.0,59,profiled_cz,788,false,false,false,missing,false,true,gradient_only,1,1,16,1587,1542,1.4730603133911961,14.198162756030584,missing
red2:lane1:snr10.0:seed4:frame60,10.0,60,profiled_cz,979,false,false,false,missing,false,true,gradient_only,2,1,16,1548,1522,1.069562734638004,11.964150094471542,missing
red2:lane1:snr12.0:seed4:frame1,12.0,1,cwz_joint,945,false,false,false,missing,false,true,gradient_only,7,1,16,1554,1358,0.8616175495724817,98.36039219901035,missing
red2:lane1:snr12.0:seed4:frame2,12.0,2,cwz_joint,1052,false,false,false,missing,false,true,gradient_only,8,1,16,1641,1442,1.362840731529825,23.335446614377915,missing
red2:lane1:snr12.0:seed4:frame3,12.0,3,cwz_joint,973,false,false,false,missing,false,true,gradient_only,8,1,16,1558,1190,1.4313593625546654,73.20089558994731,missing
red2:lane1:snr12.0:seed4:frame4,12.0,4,cwz_joint,1024,false,false,false,missing,false,true,gradient_only,7,1,16,1599,1400,3.8844676976562713,50.459088031030994,missing
red2:lane1:snr12.0:seed4:frame5,12.0,5,cwz_joint,769,false,false,false,missing,false,true,gradient_only,8,1,16,1519,1313,0.6428847796628692,146.01457383834105,missing
red2:lane1:snr12.0:seed4:frame6,12.0,6,cwz_joint,847,false,false,false,missing,false,true,gradient_only,7,1,16,1597,1280,3.131170033333448,46.58030541309769,missing
red2:lane1:snr12.0:seed4:frame7,12.0,7,cwz_joint,973,false,false,false,missing,false,true,gradient_only,8,1,16,1511,1189,4.641137207647552,48.418977671940894,missing
red2:lane1:snr12.0:seed4:frame8,12.0,8,cwz_joint,1043,false,false,false,missing,false,true,gradient_only,7,1,16,1592,1332,1.725617440212245,36.88921322187761,missing
red2:lane1:snr12.0:seed4:frame9,12.0,9,cwz_joint,906,false,false,false,missing,false,true,gradient_only,8,1,16,1559,1282,1.269753946657868,18.446976886287292,missing
red2:lane1:snr12.0:seed4:frame10,12.0,10,cwz_joint,1125,false,false,false,missing,false,true,gradient_only,8,1,16,1588,1212,1.3408009553627058,81.39447461757975,missing
red2:lane1:snr12.0:seed4:frame11,12.0,11,cwz_joint,1031,false,false,false,missing,false,true,gradient_only,7,1,16,1580,1327,2.544091444417893,75.59823328548555,missing
red2:lane1:snr12.0:seed4:frame12,12.0,12,cwz_joint,995,false,false,false,missing,false,true,gradient_only,8,1,16,1594,1308,1.6138327282896403,30.85275155008516,missing
red2:lane1:snr12.0:seed4:frame13,12.0,13,cwz_joint,984,false,false,false,missing,false,true,gradient_only,7,1,16,1598,1385,1.6603322037200972,10.34661367190231,missing
red2:lane1:snr12.0:seed4:frame14,12.0,14,cwz_joint,1095,false,false,false,missing,false,true,gradient_only,8,1,16,1538,1365,1.9200563765859187,93.67068567896241,missing
red2:lane1:snr12.0:seed4:frame15,12.0,15,cwz_joint,879,false,false,false,missing,false,true,gradient_only,8,1,16,1550,1209,0.7129741580711789,41.20479234370811,missing
red2:lane1:snr12.0:seed4:frame16,12.0,16,cwz_joint,809,false,false,false,missing,false,true,gradient_only,8,1,16,1546,1235,2.2429381303460536,16.263199727466958,missing
red2:lane1:snr12.0:seed4:frame17,12.0,17,cwz_joint,840,false,false,false,missing,false,true,gradient_only,8,1,16,1545,1408,0.5775257529937176,25.267357872394175,missing
red2:lane1:snr12.0:seed4:frame18,12.0,18,cwz_joint,1005,false,false,false,missing,false,true,gradient_only,8,1,16,1633,1389,0.7440442771334123,27.300777781991897,missing
red2:lane1:snr12.0:seed4:frame19,12.0,19,cwz_joint,968,false,false,false,missing,false,true,gradient_only,8,1,16,1572,1227,1.642875925974184,24.438223265581865,missing
red2:lane1:snr12.0:seed4:frame20,12.0,20,cwz_joint,900,false,false,false,missing,false,true,gradient_only,6,1,16,1620,1440,0.8763983184938944,27.14702943331803,missing
red2:lane1:snr12.0:seed4:frame21,12.0,21,cwz_joint,930,false,false,false,missing,false,true,gradient_only,8,1,16,1552,1365,1.0002897480064605,31.59225164367923,missing
red2:lane1:snr12.0:seed4:frame22,12.0,22,cwz_joint,1055,false,false,false,missing,false,true,gradient_only,7,1,16,1583,1406,1.2980174884584068,54.476085486344395,missing
red2:lane1:snr12.0:seed4:frame23,12.0,23,cwz_joint,945,false,false,false,missing,false,true,gradient_only,8,1,16,1604,1370,0.7847864012726103,32.47489065617333,missing
red2:lane1:snr12.0:seed4:frame24,12.0,24,cwz_joint,1109,false,false,false,missing,false,true,gradient_only,8,1,16,1527,1322,1.9035600335413279,62.51404097003453,missing
red2:lane1:snr12.0:seed4:frame25,12.0,25,cwz_joint,929,false,false,false,missing,false,true,gradient_only,8,1,16,1499,1355,1.366006098096086,57.13770254636352,missing
red2:lane1:snr12.0:seed4:frame26,12.0,26,cwz_joint,794,false,false,false,missing,false,true,gradient_only,8,1,16,1559,1261,1.5396082810588996,17.354596704621716,missing
red2:lane1:snr12.0:seed4:frame27,12.0,27,cwz_joint,960,false,false,false,missing,false,true,gradient_only,7,1,16,1572,1356,0.7971301931540353,51.1625668190924,missing
red2:lane1:snr12.0:seed4:frame28,12.0,28,cwz_joint,911,false,false,false,missing,false,true,gradient_only,8,1,16,1571,1375,1.343239450111191,28.496396165911246,missing
red2:lane1:snr12.0:seed4:frame29,12.0,29,cwz_joint,1037,false,false,false,missing,false,true,gradient_only,7,1,16,1590,1380,13.085150096016696,108.58472498291393,missing
red2:lane1:snr12.0:seed4:frame30,12.0,30,cwz_joint,1079,false,false,false,missing,false,true,gradient_only,8,1,16,1560,1256,1.0066598543822793,29.688798665076607,missing
red2:lane1:snr12.0:seed4:frame31,12.0,31,cwz_joint,1072,false,false,false,missing,false,true,gradient_only,8,1,16,1560,1356,1.17819123790517,29.862234578185433,missing
red2:lane1:snr12.0:seed4:frame32,12.0,32,cwz_joint,1002,false,false,false,missing,false,true,gradient_only,8,1,16,1610,1324,1.1961991702992942,296.31867475499155,missing
red2:lane1:snr12.0:seed4:frame33,12.0,33,cwz_joint,788,false,false,false,missing,false,true,gradient_only,7,1,16,1560,1342,3.0284053974025884,73.88576575419077,missing
red2:lane1:snr12.0:seed4:frame34,12.0,34,cwz_joint,980,false,false,false,missing,false,true,gradient_only,8,1,16,1531,1360,2.2019635502920227,56.48192227181523,missing
red2:lane1:snr12.0:seed4:frame35,12.0,35,cwz_joint,1089,false,false,false,missing,false,true,gradient_only,8,1,16,1536,1350,2.6318104116117977,162.70973437753662,missing
red2:lane1:snr12.0:seed4:frame36,12.0,36,cwz_joint,1038,false,false,false,missing,false,true,gradient_only,8,1,16,1546,1302,1.7431524304895214,35.99762336643014,missing
red2:lane1:snr12.0:seed4:frame37,12.0,37,cwz_joint,837,false,false,false,missing,false,true,gradient_only,7,1,16,1572,1316,0.7000905309883916,18.26141854542887,missing
red2:lane1:snr12.0:seed4:frame38,12.0,38,cwz_joint,960,false,false,false,missing,false,true,gradient_only,8,1,16,1558,1343,1.625803783831849,35.82885555585655,missing
red2:lane1:snr12.0:seed4:frame39,12.0,39,cwz_joint,968,false,false,false,missing,false,true,gradient_only,8,1,16,1636,1360,0.6806664027010838,19.641034011322347,missing
red2:lane1:snr12.0:seed4:frame40,12.0,40,cwz_joint,905,false,false,false,missing,false,true,gradient_only,7,1,16,1542,1387,1.4048015462710621,44.23971279071374,missing
red2:lane1:snr12.0:seed4:frame41,12.0,41,cwz_joint,997,false,false,false,missing,false,true,gradient_only,8,1,16,1595,1366,0.8450676261068558,32.002143509786436,missing
red2:lane1:snr12.0:seed4:frame42,12.0,42,cwz_joint,955,false,false,false,missing,false,true,gradient_only,8,1,16,1595,1338,4.962362290012867,232.18002789409522,missing
red2:lane1:snr12.0:seed4:frame43,12.0,43,cwz_joint,1244,false,false,false,missing,false,true,gradient_only,8,1,16,1583,1383,1.2440057485498734,495.0005279064776,missing
red2:lane1:snr12.0:seed4:frame44,12.0,44,cwz_joint,1016,false,false,false,missing,false,true,gradient_only,8,1,16,1622,1316,1.3412418371413246,79.31704278416618,missing
red2:lane1:snr12.0:seed4:frame45,12.0,45,cwz_joint,948,false,false,false,missing,false,true,gradient_only,8,1,16,1553,1268,4.202537201826121,41.90989515255064,missing
red2:lane1:snr12.0:seed4:frame46,12.0,46,cwz_joint,978,false,false,false,missing,false,true,gradient_only,6,1,16,1544,1389,1.5438812396445503,164.76502595180986,missing
red2:lane1:snr12.0:seed4:frame47,12.0,47,cwz_joint,1018,false,false,false,missing,false,true,gradient_only,8,1,16,1655,1347,1.5113170026023615,164.86027569958753,missing
red2:lane1:snr12.0:seed4:frame48,12.0,48,cwz_joint,963,false,false,false,missing,false,true,gradient_only,7,1,16,1583,1479,1.2912684505524132,957.6073572263576,missing
red2:lane1:snr12.0:seed4:frame49,12.0,49,cwz_joint,962,false,false,false,missing,false,true,gradient_only,8,1,16,1620,1330,3.2315513053212714,36.324408767226046,missing
red2:lane1:snr12.0:seed4:frame50,12.0,50,cwz_joint,1003,false,false,false,missing,false,true,gradient_only,6,1,16,1552,1414,1.3424672867315175,47.841473005043326,missing
red2:lane1:snr12.0:seed4:frame51,12.0,51,cwz_joint,1023,false,false,false,missing,false,true,gradient_only,7,1,16,1579,1356,1.044005873513246,123.52454118214509,missing
red2:lane1:snr12.0:seed4:frame52,12.0,52,cwz_joint,933,false,false,false,missing,false,true,gradient_only,8,1,16,1551,1385,0.9476187585234593,37.8026962925873,missing
red2:lane1:snr12.0:seed4:frame53,12.0,53,cwz_joint,850,false,false,false,missing,false,true,gradient_only,8,1,16,1579,1352,1.1014062022134998,41.47725320846517,missing
red2:lane1:snr12.0:seed4:frame54,12.0,54,cwz_joint,983,false,false,false,missing,false,true,gradient_only,8,1,16,1566,1280,0.6451569442252156,97.77596789670297,missing
red2:lane1:snr12.0:seed4:frame55,12.0,55,cwz_joint,1014,false,false,false,missing,false,true,gradient_only,8,1,16,1606,1307,1.2801573704520783,31.422015958285805,missing
red2:lane1:snr12.0:seed4:frame56,12.0,56,cwz_joint,968,false,false,false,missing,false,true,gradient_only,7,1,16,1610,1316,1.1821457607944816,46.06368085309299,missing
red2:lane1:snr12.0:seed4:frame57,12.0,57,cwz_joint,960,false,false,false,missing,false,true,gradient_only,8,1,16,1586,1332,3.8058090967856106,38.10694793137294,missing
red2:lane1:snr12.0:seed4:frame58,12.0,58,cwz_joint,846,false,false,false,missing,false,true,gradient_only,7,1,16,1559,1315,1.0557603293006566,62.29050737635996,missing
red2:lane1:snr12.0:seed4:frame59,12.0,59,cwz_joint,855,false,false,false,missing,false,true,gradient_only,5,1,16,1576,1434,0.9396209859465311,39.30786267086086,missing
red2:lane1:snr12.0:seed4:frame60,12.0,60,cwz_joint,980,false,false,false,missing,false,true,gradient_only,7,1,16,1585,1349,1.0393037174894855,34.13346365000294,missing
red2:lane1:snr12.0:seed4:frame1,12.0,1,profiled_cz,899,false,false,false,missing,false,true,gradient_only,7,1,16,1554,1512,0.8616175495724817,73.00394077858921,missing
red2:lane1:snr12.0:seed4:frame2,12.0,2,profiled_cz,950,false,false,false,missing,false,true,gradient_only,8,1,16,1641,1513,1.362840731529825,4.499296728788059,missing
red2:lane1:snr12.0:seed4:frame3,12.0,3,profiled_cz,884,false,false,false,missing,false,true,gradient_only,6,1,16,1558,1463,1.4313593625546654,10.699477133078137,missing
red2:lane1:snr12.0:seed4:frame4,12.0,4,profiled_cz,947,false,false,false,missing,false,true,gradient_only,1,1,16,1599,1530,3.8844676976562713,84.80879456967487,missing
red2:lane1:snr12.0:seed4:frame5,12.0,5,profiled_cz,712,false,false,false,missing,false,true,gradient_only,4,1,16,1519,1504,0.6428847796628692,13.88729959275339,missing
red2:lane1:snr12.0:seed4:frame6,12.0,6,profiled_cz,833,false,false,false,missing,false,true,gradient_only,3,1,16,1597,1514,3.131170033333448,5.023837070283528,missing
red2:lane1:snr12.0:seed4:frame7,12.0,7,profiled_cz,771,false,false,false,missing,false,true,gradient_only,0,1,16,1511,1511,4.641137207647552,4.641137207647552,missing
red2:lane1:snr12.0:seed4:frame8,12.0,8,profiled_cz,932,false,false,false,missing,false,true,gradient_only,3,1,16,1592,1493,1.725617440212245,7.302495040778383,missing
red2:lane1:snr12.0:seed4:frame9,12.0,9,profiled_cz,803,false,false,false,missing,false,true,gradient_only,4,1,16,1559,1461,1.269753946657868,6.231947184065122,missing
red2:lane1:snr12.0:seed4:frame10,12.0,10,profiled_cz,1058,false,false,false,missing,false,true,gradient_only,6,1,16,1588,1476,1.3408009553627058,24.308578421002945,missing
red2:lane1:snr12.0:seed4:frame11,12.0,11,profiled_cz,948,false,false,false,missing,false,true,gradient_only,6,1,16,1580,1555,2.544091444417893,15.543858584797377,missing
red2:lane1:snr12.0:seed4:frame12,12.0,12,profiled_cz,902,false,false,false,missing,false,true,gradient_only,2,1,16,1594,1550,1.6138327282896403,5.0572409272756875,missing
red2:lane1:snr12.0:seed4:frame13,12.0,13,profiled_cz,883,false,false,false,missing,false,true,gradient_only,3,1,16,1598,1549,1.6603322037200972,2.6881459881134107,missing
red2:lane1:snr12.0:seed4:frame14,12.0,14,profiled_cz,967,false,false,false,missing,false,true,gradient_only,0,1,16,1538,1538,1.9200563765859187,1.9200563765859187,missing
red2:lane1:snr12.0:seed4:frame15,12.0,15,profiled_cz,760,false,false,false,missing,false,true,gradient_only,1,1,16,1550,1493,0.7129741580711789,4.8345646725832365,missing
red2:lane1:snr12.0:seed4:frame16,12.0,16,profiled_cz,790,false,false,false,missing,false,true,gradient_only,3,1,16,1546,1528,2.2429381303460536,3.7409170721935823,missing
red2:lane1:snr12.0:seed4:frame17,12.0,17,profiled_cz,726,false,false,false,missing,false,true,gradient_only,3,1,16,1545,1538,0.5775257529937176,4.209469967399352,missing
red2:lane1:snr12.0:seed4:frame18,12.0,18,profiled_cz,875,false,false,false,missing,false,true,gradient_only,5,1,16,1633,1566,0.7440442771334123,7.943257867877739,missing
red2:lane1:snr12.0:seed4:frame19,12.0,19,profiled_cz,926,false,false,false,missing,false,true,gradient_only,7,1,16,1572,1514,1.642875925974184,6.2145867701929465,missing
red2:lane1:snr12.0:seed4:frame20,12.0,20,profiled_cz,846,false,false,false,missing,false,true,gradient_only,7,1,16,1620,1547,0.8763983184938944,3.6930346322492342,missing
red2:lane1:snr12.0:seed4:frame21,12.0,21,profiled_cz,799,false,false,false,missing,false,true,gradient_only,6,1,16,1552,1529,1.0002897480064605,4.95901723270879,missing
red2:lane1:snr12.0:seed4:frame22,12.0,22,profiled_cz,897,false,false,false,missing,false,true,gradient_only,0,1,16,1583,1583,1.2980174884584068,1.2980174884584068,missing
red2:lane1:snr12.0:seed4:frame23,12.0,23,profiled_cz,858,false,false,false,missing,false,true,gradient_only,5,1,16,1604,1548,0.7847864012726103,4.578991337060961,missing
red2:lane1:snr12.0:seed4:frame24,12.0,24,profiled_cz,1054,false,false,false,missing,false,true,gradient_only,4,1,16,1527,1517,1.9035600335413279,13.426007609784792,missing
red2:lane1:snr12.0:seed4:frame25,12.0,25,profiled_cz,732,false,false,false,missing,false,true,gradient_only,0,1,16,1499,1499,1.366006098096086,1.366006098096086,missing
red2:lane1:snr12.0:seed4:frame26,12.0,26,profiled_cz,687,false,false,false,missing,false,true,gradient_only,2,1,16,1559,1507,1.5396082810588996,4.510935473772331,missing
red2:lane1:snr12.0:seed4:frame27,12.0,27,profiled_cz,855,false,false,false,missing,false,true,gradient_only,2,1,16,1572,1525,0.7971301931540353,10.162695195662682,missing
red2:lane1:snr12.0:seed4:frame28,12.0,28,profiled_cz,814,false,false,false,missing,false,true,gradient_only,5,1,16,1571,1493,1.343239450111191,7.631490333208164,missing
red2:lane1:snr12.0:seed4:frame29,12.0,29,profiled_cz,941,false,false,false,missing,false,true,gradient_only,7,1,16,1590,1544,13.085150096016696,17.915464810801957,missing
red2:lane1:snr12.0:seed4:frame30,12.0,30,profiled_cz,1023,false,false,false,missing,false,true,gradient_only,3,1,16,1560,1532,1.0066598543822793,6.2419197417667585,missing
red2:lane1:snr12.0:seed4:frame31,12.0,31,profiled_cz,941,false,false,false,missing,false,true,gradient_only,5,1,16,1560,1545,1.17819123790517,8.768120516167892,missing
red2:lane1:snr12.0:seed4:frame32,12.0,32,profiled_cz,925,false,false,false,missing,false,true,gradient_only,2,1,16,1610,1498,1.1961991702992942,12.62197968211112,missing
red2:lane1:snr12.0:seed4:frame33,12.0,33,profiled_cz,682,false,false,false,missing,false,true,gradient_only,4,1,16,1560,1512,3.0284053974025884,10.037149534719505,missing
red2:lane1:snr12.0:seed4:frame34,12.0,34,profiled_cz,851,false,false,false,missing,false,true,gradient_only,6,1,16,1531,1509,2.2019635502920227,6.914361582468733,missing
red2:lane1:snr12.0:seed4:frame35,12.0,35,profiled_cz,1055,false,false,false,missing,false,true,gradient_only,6,1,16,1536,1502,2.6318104116117977,21.752886291840028,missing
red2:lane1:snr12.0:seed4:frame36,12.0,36,profiled_cz,955,false,false,false,missing,false,true,gradient_only,7,1,16,1546,1506,1.7431524304895214,8.210879407829738,missing
red2:lane1:snr12.0:seed4:frame37,12.0,37,profiled_cz,793,false,false,false,missing,false,true,gradient_only,1,1,16,1572,1536,0.7000905309883916,3.445613890013962,missing
red2:lane1:snr12.0:seed4:frame38,12.0,38,profiled_cz,836,false,false,false,missing,false,true,gradient_only,2,1,16,1558,1542,1.625803783831849,8.903184552073593,missing
red2:lane1:snr12.0:seed4:frame39,12.0,39,profiled_cz,903,false,false,false,missing,false,true,gradient_only,1,1,16,1636,1518,0.6806664027010838,3.7803489768168195,missing
red2:lane1:snr12.0:seed4:frame40,12.0,40,profiled_cz,763,false,false,false,missing,false,true,gradient_only,8,1,16,1542,1451,1.4048015462710621,17.72603810537773,missing
red2:lane1:snr12.0:seed4:frame41,12.0,41,profiled_cz,896,false,false,false,missing,false,true,gradient_only,3,1,16,1595,1517,0.8450676261068558,5.074403847877744,missing
red2:lane1:snr12.0:seed4:frame42,12.0,42,profiled_cz,830,false,false,false,missing,false,true,gradient_only,1,1,16,1595,1539,4.962362290012867,20.78369648018196,missing
red2:lane1:snr12.0:seed4:frame43,12.0,43,profiled_cz,1198,false,false,false,missing,false,true,gradient_only,3,1,16,1583,1528,1.2440057485498734,157.94939938599433,missing
red2:lane1:snr12.0:seed4:frame44,12.0,44,profiled_cz,966,false,false,false,missing,false,true,gradient_only,3,1,16,1622,1569,1.3412418371413246,18.172114172469374,missing
red2:lane1:snr12.0:seed4:frame45,12.0,45,profiled_cz,896,false,false,false,missing,false,true,gradient_only,8,1,16,1553,1498,4.202537201826121,8.9095121477531,missing
red2:lane1:snr12.0:seed4:frame46,12.0,46,profiled_cz,959,false,false,false,missing,false,true,gradient_only,4,1,16,1544,1515,1.5438812396445503,22.56124467310367,missing
red2:lane1:snr12.0:seed4:frame47,12.0,47,profiled_cz,963,false,false,false,missing,false,true,gradient_only,8,1,16,1655,1509,1.5113170026023615,14.857362306776997,missing
red2:lane1:snr12.0:seed4:frame48,12.0,48,profiled_cz,784,false,false,false,missing,false,true,gradient_only,3,1,16,1583,1518,1.2912684505524132,21.964199421565795,missing
red2:lane1:snr12.0:seed4:frame49,12.0,49,profiled_cz,843,false,false,false,missing,false,true,gradient_only,3,1,16,1620,1552,3.2315513053212714,6.314349840790583,missing
red2:lane1:snr12.0:seed4:frame50,12.0,50,profiled_cz,899,false,false,false,missing,false,true,gradient_only,2,1,16,1552,1486,1.3424672867315175,8.462069371572689,missing
red2:lane1:snr12.0:seed4:frame51,12.0,51,profiled_cz,948,false,false,false,missing,false,true,gradient_only,2,1,16,1579,1539,1.044005873513246,10.879872179965163,missing
red2:lane1:snr12.0:seed4:frame52,12.0,52,profiled_cz,846,false,false,false,missing,false,true,gradient_only,1,1,16,1551,1502,0.9476187585234593,8.259140977481586,missing
red2:lane1:snr12.0:seed4:frame53,12.0,53,profiled_cz,795,false,false,false,missing,false,true,gradient_only,8,1,16,1579,1510,1.1014062022134998,92.00789227153761,missing
red2:lane1:snr12.0:seed4:frame54,12.0,54,profiled_cz,907,false,false,false,missing,false,true,gradient_only,6,1,16,1566,1522,0.6451569442252156,17.484129035615478,missing
red2:lane1:snr12.0:seed4:frame55,12.0,55,profiled_cz,884,false,false,false,missing,false,true,gradient_only,8,1,16,1606,1547,1.2801573704520783,7.007438966308704,missing
red2:lane1:snr12.0:seed4:frame56,12.0,56,profiled_cz,887,false,false,false,missing,false,true,gradient_only,4,1,16,1610,1511,1.1821457607944816,7.4882703137244775,missing
red2:lane1:snr12.0:seed4:frame57,12.0,57,profiled_cz,863,false,false,false,missing,false,true,gradient_only,3,1,16,1586,1478,3.8058090967856106,24.964975830176066,missing
red2:lane1:snr12.0:seed4:frame58,12.0,58,profiled_cz,701,false,false,false,missing,false,true,gradient_only,5,1,16,1559,1494,1.0557603293006566,8.681208770991521,missing
red2:lane1:snr12.0:seed4:frame59,12.0,59,profiled_cz,772,false,false,false,missing,false,true,gradient_only,8,1,16,1576,1507,0.9396209859465311,8.903195703825352,missing
red2:lane1:snr12.0:seed4:frame60,12.0,60,profiled_cz,914,false,false,false,missing,false,true,gradient_only,8,1,16,1585,1528,1.0393037174894855,13.329545847636448,missing
red2:lane1:snr14.0:seed4:frame1,14.0,1,cwz_joint,915,false,false,false,missing,false,true,gradient_only,6,1,16,1590,1369,5.265190169821138,80.08109195979743,missing
red2:lane1:snr14.0:seed4:frame2,14.0,2,cwz_joint,998,false,false,false,missing,false,true,gradient_only,7,1,16,1604,1306,1.1325908073844684,21.729661403961213,missing
red2:lane1:snr14.0:seed4:frame3,14.0,3,cwz_joint,906,false,false,false,missing,false,true,gradient_only,8,1,16,1628,1354,1.6551457609951463,51.721307626488326,missing
red2:lane1:snr14.0:seed4:frame4,14.0,4,cwz_joint,985,false,false,false,missing,false,true,gradient_only,7,1,16,1651,1353,2.0840141185943173,51.80757441598751,missing
red2:lane1:snr14.0:seed4:frame5,14.0,5,cwz_joint,737,false,false,false,missing,false,true,gradient_only,8,1,16,1539,1240,0.5412127923173647,150.3417745290895,missing
red2:lane1:snr14.0:seed4:frame6,14.0,6,cwz_joint,867,false,false,false,missing,false,true,gradient_only,7,1,16,1568,1388,5.162455014470274,46.150209790342025,missing
red2:lane1:snr14.0:seed4:frame7,14.0,7,cwz_joint,896,false,false,false,missing,false,true,gradient_only,7,1,16,1563,1233,2.233509250385331,41.40386955139118,missing
red2:lane1:snr14.0:seed4:frame8,14.0,8,cwz_joint,1019,false,false,false,missing,false,true,gradient_only,7,1,16,1653,1375,2.760382695831953,30.730387318667404,missing
red2:lane1:snr14.0:seed4:frame9,14.0,9,cwz_joint,882,false,false,false,missing,false,true,gradient_only,8,1,16,1615,1394,1.389090093280325,16.178482974634207,missing
red2:lane1:snr14.0:seed4:frame10,14.0,10,cwz_joint,1025,false,false,false,missing,false,true,gradient_only,8,1,16,1612,1298,0.7522805050048988,70.36123686243698,missing
red2:lane1:snr14.0:seed4:frame11,14.0,11,cwz_joint,914,false,false,false,missing,false,true,gradient_only,8,1,16,1538,1300,0.813703412415838,57.62681918526392,missing
red2:lane1:snr14.0:seed4:frame12,14.0,12,cwz_joint,1009,false,false,false,missing,false,true,gradient_only,8,1,16,1589,1405,1.1158773139442522,27.710694427642387,missing
red2:lane1:snr14.0:seed4:frame13,14.0,13,cwz_joint,905,false,false,false,missing,false,true,gradient_only,8,1,16,1569,1348,1.3683170103229534,7.442568285953656,missing
red2:lane1:snr14.0:seed4:frame14,14.0,14,cwz_joint,1069,false,false,false,missing,false,true,gradient_only,6,1,16,1590,1323,2.281929827572299,64.07093825923828,missing
red2:lane1:snr14.0:seed4:frame15,14.0,15,cwz_joint,855,false,false,false,missing,false,true,gradient_only,8,1,16,1532,1301,1.0107869030712253,37.922072509447894,missing
red2:lane1:snr14.0:seed4:frame16,14.0,16,cwz_joint,793,false,false,false,missing,false,true,gradient_only,8,1,16,1534,1325,1.0642159634569424,14.438949291816538,missing
red2:lane1:snr14.0:seed4:frame17,14.0,17,cwz_joint,780,false,false,false,missing,false,true,gradient_only,8,1,16,1538,1293,1.0986441490634689,22.805009692024584,missing
red2:lane1:snr14.0:seed4:frame18,14.0,18,cwz_joint,972,false,false,false,missing,false,true,gradient_only,7,1,16,1618,1464,1.0900171701034032,22.74190034869547,missing
red2:lane1:snr14.0:seed4:frame19,14.0,19,cwz_joint,947,false,false,false,missing,false,true,gradient_only,8,1,16,1555,1322,1.027012675283826,19.76420247585354,missing
red2:lane1:snr14.0:seed4:frame20,14.0,20,cwz_joint,836,false,false,false,missing,false,true,gradient_only,8,1,16,1542,1219,1.1689120414658145,18.63346479887185,missing
red2:lane1:snr14.0:seed4:frame21,14.0,21,cwz_joint,793,false,false,false,missing,false,true,gradient_only,8,1,16,1571,1244,1.234269433538663,27.25566125849387,missing
red2:lane1:snr14.0:seed4:frame22,14.0,22,cwz_joint,943,false,false,false,missing,false,true,gradient_only,6,1,16,1536,1296,1.6842565374428486,54.71229086469396,missing
red2:lane1:snr14.0:seed4:frame23,14.0,23,cwz_joint,888,false,false,false,missing,false,true,gradient_only,8,1,16,1573,1217,1.5718699567233188,25.824414297293067,missing
red2:lane1:snr14.0:seed4:frame24,14.0,24,cwz_joint,1051,false,false,false,missing,false,true,gradient_only,7,1,16,1544,1348,1.3883592717555595,53.82931029914017,missing
red2:lane1:snr14.0:seed4:frame25,14.0,25,cwz_joint,878,false,false,false,missing,false,true,gradient_only,6,1,16,1539,1357,1.4120316760597786,50.78371299140339,missing
red2:lane1:snr14.0:seed4:frame26,14.0,26,cwz_joint,841,false,false,false,missing,false,true,gradient_only,8,1,16,1524,1331,2.1830332508389643,15.905724039287525,missing
red2:lane1:snr14.0:seed4:frame27,14.0,27,cwz_joint,933,false,false,false,missing,false,true,gradient_only,7,1,16,1571,1355,0.762273466444735,40.58532000679682,missing
red2:lane1:snr14.0:seed4:frame28,14.0,28,cwz_joint,781,false,false,false,missing,false,true,gradient_only,7,1,16,1534,1297,0.674174105549558,25.747660465577212,missing
red2:lane1:snr14.0:seed4:frame29,14.0,29,cwz_joint,979,false,false,false,missing,false,true,gradient_only,8,1,16,1574,1344,1.0307489728660717,84.82566204863164,missing
red2:lane1:snr14.0:seed4:frame30,14.0,30,cwz_joint,1018,false,false,false,missing,false,true,gradient_only,8,1,16,1608,1304,2.666635456012891,22.294669621998633,missing
red2:lane1:snr14.0:seed4:frame31,14.0,31,cwz_joint,1008,false,false,false,missing,false,true,gradient_only,8,1,16,1574,1347,6.600783021766767,24.317701448644026,missing
red2:lane1:snr14.0:seed4:frame32,14.0,32,cwz_joint,942,false,false,false,missing,false,true,gradient_only,8,1,16,1594,1444,1.4536056614323767,160.0726483805992,missing
red2:lane1:snr14.0:seed4:frame33,14.0,33,cwz_joint,761,false,false,false,missing,false,true,gradient_only,8,1,16,1575,1299,1.3552009678021681,65.8986105325332,missing
red2:lane1:snr14.0:seed4:frame34,14.0,34,cwz_joint,869,false,false,false,missing,false,true,gradient_only,7,1,16,1535,1270,0.9333743393642545,47.25261353186147,missing
red2:lane1:snr14.0:seed4:frame35,14.0,35,cwz_joint,1074,false,false,false,missing,false,true,gradient_only,8,1,16,1614,1341,4.021668692671781,54.97193864469548,missing
red2:lane1:snr14.0:seed4:frame36,14.0,36,cwz_joint,982,false,false,false,missing,false,true,gradient_only,8,1,16,1570,1192,1.1476840914422213,37.85183912358529,missing
red2:lane1:snr14.0:seed4:frame37,14.0,37,cwz_joint,831,false,false,false,missing,false,true,gradient_only,8,1,16,1547,1323,1.0609808910675866,14.442626426746244,missing
red2:lane1:snr14.0:seed4:frame38,14.0,38,cwz_joint,856,false,false,false,missing,false,true,gradient_only,8,1,16,1572,1346,1.1751519137430808,27.931193067029213,missing
red2:lane1:snr14.0:seed4:frame39,14.0,39,cwz_joint,939,false,false,false,missing,false,true,gradient_only,8,1,16,1554,1407,0.5667823270335933,16.47178693318708,missing
red2:lane1:snr14.0:seed4:frame40,14.0,40,cwz_joint,861,false,false,false,missing,false,true,gradient_only,6,1,16,1568,1418,0.6661249823539032,48.14984404231104,missing
red2:lane1:snr14.0:seed4:frame41,14.0,41,cwz_joint,951,false,false,false,missing,false,true,gradient_only,6,1,16,1607,1409,0.6266668416755435,31.338325321856455,missing
red2:lane1:snr14.0:seed4:frame42,14.0,42,cwz_joint,918,false,false,false,missing,false,true,gradient_only,7,1,16,1545,1275,3.076073938737468,127.74445090508124,missing
red2:lane1:snr14.0:seed4:frame43,14.0,43,cwz_joint,1224,false,false,false,missing,false,true,gradient_only,8,1,16,1586,1380,1.2766551240689816,465.0253580936251,missing
red2:lane1:snr14.0:seed4:frame44,14.0,44,cwz_joint,984,false,false,false,missing,false,true,gradient_only,8,1,16,1530,1382,2.666936769515231,77.03550855147077,missing
red2:lane1:snr14.0:seed4:frame45,14.0,45,cwz_joint,918,false,false,false,missing,false,true,gradient_only,7,1,16,1591,1371,1.6418943382821645,36.79478783935891,missing
red2:lane1:snr14.0:seed4:frame46,14.0,46,cwz_joint,989,false,false,false,missing,false,true,gradient_only,8,1,16,1555,1356,1.093035594149396,99.23059671094136,missing
red2:lane1:snr14.0:seed4:frame47,14.0,47,cwz_joint,942,false,false,false,missing,false,true,gradient_only,8,1,16,1553,1420,1.5617394234135362,182.38837618426055,missing
red2:lane1:snr14.0:seed4:frame48,14.0,48,cwz_joint,896,false,false,false,missing,false,true,gradient_only,7,1,16,1610,1441,1.9690300195747628,344.06790273048654,missing
red2:lane1:snr14.0:seed4:frame49,14.0,49,cwz_joint,835,false,false,false,missing,false,true,gradient_only,8,1,16,1549,1349,0.7957440499904835,28.250995702912558,missing
red2:lane1:snr14.0:seed4:frame50,14.0,50,cwz_joint,964,false,false,false,missing,false,true,gradient_only,7,1,16,1516,1401,1.543936947696797,39.10827496658338,missing
red2:lane1:snr14.0:seed4:frame51,14.0,51,cwz_joint,950,false,false,false,missing,false,true,gradient_only,7,1,16,1552,1318,0.9724109742669702,80.63358856861552,missing
red2:lane1:snr14.0:seed4:frame52,14.0,52,cwz_joint,870,false,false,false,missing,false,true,gradient_only,8,1,16,1515,1350,1.0718903445538346,34.94442349592232,missing
red2:lane1:snr14.0:seed4:frame53,14.0,53,cwz_joint,758,false,false,false,missing,false,true,gradient_only,8,1,16,1586,1226,1.335906406662014,33.63538732611706,missing
red2:lane1:snr14.0:seed4:frame54,14.0,54,cwz_joint,898,false,false,false,missing,false,true,gradient_only,8,1,16,1541,1265,0.6208785150026412,87.88817377144257,missing
red2:lane1:snr14.0:seed4:frame55,14.0,55,cwz_joint,891,false,false,false,missing,false,true,gradient_only,7,1,16,1594,1259,0.8739523019204869,30.677618866804195,missing
red2:lane1:snr14.0:seed4:frame56,14.0,56,cwz_joint,950,false,false,false,missing,false,true,gradient_only,8,1,16,1527,1383,1.6300823530192496,39.90254360258933,missing
red2:lane1:snr14.0:seed4:frame57,14.0,57,cwz_joint,948,false,false,false,missing,false,true,gradient_only,8,1,16,1553,1339,8.340624983442043,34.51256409847893,missing
red2:lane1:snr14.0:seed4:frame58,14.0,58,cwz_joint,825,false,false,false,missing,false,true,gradient_only,7,1,16,1541,1363,1.2188361088510373,57.89256485259936,missing
red2:lane1:snr14.0:seed4:frame59,14.0,59,cwz_joint,767,false,false,false,missing,false,true,gradient_only,8,1,16,1568,1285,0.7603310376720291,27.01026083228414,missing
red2:lane1:snr14.0:seed4:frame60,14.0,60,cwz_joint,957,false,false,false,missing,false,true,gradient_only,8,1,16,1570,1243,1.351126621732654,32.859489966992825,missing
red2:lane1:snr14.0:seed4:frame1,14.0,1,profiled_cz,813,false,false,false,missing,false,true,gradient_only,6,1,16,1590,1508,5.265190169821138,21.13861981536334,missing
red2:lane1:snr14.0:seed4:frame2,14.0,2,profiled_cz,919,false,false,false,missing,false,true,gradient_only,2,1,16,1604,1543,1.1325908073844684,3.7006535013365354,missing
red2:lane1:snr14.0:seed4:frame3,14.0,3,profiled_cz,865,false,false,false,missing,false,true,gradient_only,6,1,16,1628,1540,1.6551457609951463,9.23627051764638,missing
red2:lane1:snr14.0:seed4:frame4,14.0,4,profiled_cz,893,false,false,false,missing,false,true,gradient_only,3,1,16,1651,1556,2.0840141185943173,14.812059300512722,missing
red2:lane1:snr14.0:seed4:frame5,14.0,5,profiled_cz,684,false,false,false,missing,false,true,gradient_only,7,1,16,1539,1487,0.5412127923173647,6.934661655074283,missing
red2:lane1:snr14.0:seed4:frame6,14.0,6,profiled_cz,743,false,false,false,missing,false,true,gradient_only,1,1,16,1568,1515,5.162455014470274,4.374174767474958,missing
red2:lane1:snr14.0:seed4:frame7,14.0,7,profiled_cz,705,false,false,false,missing,false,true,gradient_only,0,1,16,1563,1563,2.233509250385331,2.233509250385331,missing
red2:lane1:snr14.0:seed4:frame8,14.0,8,profiled_cz,973,false,false,false,missing,false,true,gradient_only,7,1,16,1653,1543,2.760382695831953,6.128438199632441,missing
red2:lane1:snr14.0:seed4:frame9,14.0,9,profiled_cz,761,false,false,false,missing,false,true,gradient_only,1,1,16,1615,1562,1.389090093280325,9.283997910592806,missing
red2:lane1:snr14.0:seed4:frame10,14.0,10,profiled_cz,948,false,false,false,missing,false,true,gradient_only,6,1,16,1612,1520,0.7522805050048988,20.749279374613387,missing
red2:lane1:snr14.0:seed4:frame11,14.0,11,profiled_cz,836,false,false,false,missing,false,true,gradient_only,5,1,16,1538,1494,0.813703412415838,13.39787831268258,missing
red2:lane1:snr14.0:seed4:frame12,14.0,12,profiled_cz,927,false,false,false,missing,false,true,gradient_only,7,1,16,1589,1565,1.1158773139442522,4.9313200971820095,missing
red2:lane1:snr14.0:seed4:frame13,14.0,13,profiled_cz,773,false,false,false,missing,false,true,gradient_only,1,1,16,1569,1532,1.3683170103229534,2.078497571805902,missing
red2:lane1:snr14.0:seed4:frame14,14.0,14,profiled_cz,915,false,false,false,missing,false,true,gradient_only,5,1,16,1590,1560,2.281929827572299,8.246050030336574,missing
red2:lane1:snr14.0:seed4:frame15,14.0,15,profiled_cz,763,false,false,false,missing,false,true,gradient_only,4,1,16,1532,1465,1.0107869030712253,5.396830084957194,missing
red2:lane1:snr14.0:seed4:frame16,14.0,16,profiled_cz,524,false,false,false,missing,false,true,gradient_only,0,1,16,1534,1534,1.0642159634569424,1.0642159634569424,missing
red2:lane1:snr14.0:seed4:frame17,14.0,17,profiled_cz,602,false,false,false,missing,false,true,gradient_only,5,1,16,1538,1497,1.0986441490634689,3.879634322920348,missing
red2:lane1:snr14.0:seed4:frame18,14.0,18,profiled_cz,887,false,false,false,missing,false,true,gradient_only,8,1,16,1618,1495,1.0900171701034032,5.210695952266066,missing
red2:lane1:snr14.0:seed4:frame19,14.0,19,profiled_cz,843,false,false,false,missing,false,true,gradient_only,7,1,16,1555,1547,1.027012675283826,6.386166575881922,missing
red2:lane1:snr14.0:seed4:frame20,14.0,20,profiled_cz,773,false,false,false,missing,false,true,gradient_only,8,1,16,1542,1521,1.1689120414658145,3.0751428118242976,missing
red2:lane1:snr14.0:seed4:frame21,14.0,21,profiled_cz,741,false,false,false,missing,false,true,gradient_only,7,1,16,1571,1499,1.234269433538663,4.932340220545682,missing
red2:lane1:snr14.0:seed4:frame22,14.0,22,profiled_cz,937,false,false,false,missing,false,true,gradient_only,1,1,16,1536,1510,1.6842565374428486,16.370818194196723,missing
red2:lane1:snr14.0:seed4:frame23,14.0,23,profiled_cz,839,false,false,false,missing,false,true,gradient_only,5,1,16,1573,1533,1.5718699567233188,4.139549745246906,missing
red2:lane1:snr14.0:seed4:frame24,14.0,24,profiled_cz,943,false,false,false,missing,false,true,gradient_only,4,1,16,1544,1469,1.3883592717555595,9.880737560193,missing
red2:lane1:snr14.0:seed4:frame25,14.0,25,profiled_cz,813,false,false,false,missing,false,true,gradient_only,3,1,16,1539,1535,1.4120316760597786,8.771435446726619,missing
red2:lane1:snr14.0:seed4:frame26,14.0,26,profiled_cz,720,false,false,false,missing,false,true,gradient_only,5,1,16,1524,1523,2.1830332508389643,4.240325870578568,missing
red2:lane1:snr14.0:seed4:frame27,14.0,27,profiled_cz,855,false,false,false,missing,false,true,gradient_only,3,1,16,1571,1479,0.762273466444735,7.2499658524500505,missing
red2:lane1:snr14.0:seed4:frame28,14.0,28,profiled_cz,699,false,false,false,missing,false,true,gradient_only,1,1,16,1534,1488,0.674174105549558,5.713835212591139,missing
red2:lane1:snr14.0:seed4:frame29,14.0,29,profiled_cz,958,false,false,false,missing,false,true,gradient_only,8,1,16,1574,1485,1.0307489728660717,12.488923901349109,missing
red2:lane1:snr14.0:seed4:frame30,14.0,30,profiled_cz,974,false,false,false,missing,false,true,gradient_only,5,1,16,1608,1564,2.666635456012891,5.003124318853965,missing
red2:lane1:snr14.0:seed4:frame31,14.0,31,profiled_cz,925,false,false,false,missing,false,true,gradient_only,5,1,16,1574,1524,6.600783021766767,8.753425988419123,missing
red2:lane1:snr14.0:seed4:frame32,14.0,32,profiled_cz,868,false,false,false,missing,false,true,gradient_only,6,1,16,1594,1483,1.4536056614323767,9.11366878402559,missing
red2:lane1:snr14.0:seed4:frame33,14.0,33,profiled_cz,610,false,false,false,missing,false,true,gradient_only,6,1,16,1575,1505,1.3552009678021681,8.255689550220847,missing
red2:lane1:snr14.0:seed4:frame34,14.0,34,profiled_cz,809,false,false,false,missing,false,true,gradient_only,6,1,16,1535,1512,0.9333743393642545,6.351703402201377,missing
red2:lane1:snr14.0:seed4:frame35,14.0,35,profiled_cz,1007,false,false,false,missing,false,true,gradient_only,1,1,16,1614,1511,4.021668692671781,11.493253411139378,missing
red2:lane1:snr14.0:seed4:frame36,14.0,36,profiled_cz,893,false,false,false,missing,false,true,gradient_only,5,1,16,1570,1549,1.1476840914422213,8.397405116318595,missing
red2:lane1:snr14.0:seed4:frame37,14.0,37,profiled_cz,716,false,false,false,missing,false,true,gradient_only,3,1,16,1547,1522,1.0609808910675866,2.8173335681191403,missing
red2:lane1:snr14.0:seed4:frame38,14.0,38,profiled_cz,803,false,false,false,missing,false,true,gradient_only,4,1,16,1572,1469,1.1751519137430808,7.55266826415287,missing
red2:lane1:snr14.0:seed4:frame39,14.0,39,profiled_cz,852,false,false,false,missing,false,true,gradient_only,4,1,16,1554,1517,0.5667823270335933,3.0210057234247496,missing
red2:lane1:snr14.0:seed4:frame40,14.0,40,profiled_cz,717,false,false,false,missing,false,true,gradient_only,3,1,16,1568,1499,0.6661249823539032,31.339351669615745,missing
red2:lane1:snr14.0:seed4:frame41,14.0,41,profiled_cz,874,false,false,false,missing,false,true,gradient_only,8,1,16,1607,1520,0.6266668416755435,4.405567523916992,missing
red2:lane1:snr14.0:seed4:frame42,14.0,42,profiled_cz,810,false,false,false,missing,false,true,gradient_only,4,1,16,1545,1507,3.076073938737468,8.669169634013933,missing
red2:lane1:snr14.0:seed4:frame43,14.0,43,profiled_cz,1150,false,false,false,missing,false,true,gradient_only,1,1,16,1586,1500,1.2766551240689816,147.40557375094392,missing
red2:lane1:snr14.0:seed4:frame44,14.0,44,profiled_cz,907,false,false,false,missing,false,true,gradient_only,7,1,16,1530,1505,2.666936769515231,15.322264103314396,missing
red2:lane1:snr14.0:seed4:frame45,14.0,45,profiled_cz,821,false,false,false,missing,false,true,gradient_only,3,1,16,1591,1523,1.6418943382821645,9.345648320759121,missing
red2:lane1:snr14.0:seed4:frame46,14.0,46,profiled_cz,894,false,false,false,missing,false,true,gradient_only,6,1,16,1555,1521,1.093035594149396,15.556063126736545,missing
red2:lane1:snr14.0:seed4:frame47,14.0,47,profiled_cz,832,false,false,false,missing,false,true,gradient_only,4,1,16,1553,1503,1.5617394234135362,29.19689477642044,missing
red2:lane1:snr14.0:seed4:frame48,14.0,48,profiled_cz,748,false,false,false,missing,false,true,gradient_only,6,1,16,1610,1515,1.9690300195747628,212.63682787274905,missing
red2:lane1:snr14.0:seed4:frame49,14.0,49,profiled_cz,740,false,false,false,missing,false,true,gradient_only,8,1,16,1549,1495,0.7957440499904835,4.110390823144661,missing
red2:lane1:snr14.0:seed4:frame50,14.0,50,profiled_cz,915,false,false,false,missing,false,true,gradient_only,3,1,16,1516,1512,1.543936947696797,7.5088785949376415,missing
red2:lane1:snr14.0:seed4:frame51,14.0,51,profiled_cz,877,false,false,false,missing,false,true,gradient_only,5,1,16,1552,1487,0.9724109742669702,7.23079526825774,missing
red2:lane1:snr14.0:seed4:frame52,14.0,52,profiled_cz,637,false,false,false,missing,false,true,gradient_only,0,1,16,1515,1515,1.0718903445538346,1.0718903445538346,missing
red2:lane1:snr14.0:seed4:frame53,14.0,53,profiled_cz,653,false,false,false,missing,false,true,gradient_only,1,1,16,1586,1562,1.335906406662014,7.93014041717391,missing
red2:lane1:snr14.0:seed4:frame54,14.0,54,profiled_cz,850,false,false,false,missing,false,true,gradient_only,1,1,16,1541,1511,0.6208785150026412,20.26327270515274,missing
red2:lane1:snr14.0:seed4:frame55,14.0,55,profiled_cz,847,false,false,false,missing,false,true,gradient_only,2,1,16,1594,1537,0.8739523019204869,6.7659245621340105,missing
red2:lane1:snr14.0:seed4:frame56,14.0,56,profiled_cz,721,false,false,false,missing,false,true,gradient_only,0,1,16,1527,1527,1.6300823530192496,1.6300823530192496,missing
red2:lane1:snr14.0:seed4:frame57,14.0,57,profiled_cz,844,false,false,false,missing,false,true,gradient_only,5,1,16,1553,1532,8.340624983442043,9.638963836553673,missing
red2:lane1:snr14.0:seed4:frame58,14.0,58,profiled_cz,548,false,false,false,missing,false,true,gradient_only,0,1,16,1541,1541,1.2188361088510373,1.2188361088510373,missing
red2:lane1:snr14.0:seed4:frame59,14.0,59,profiled_cz,734,false,false,false,missing,false,true,gradient_only,1,1,16,1568,1515,0.7603310376720291,12.392177983106217,missing
red2:lane1:snr14.0:seed4:frame60,14.0,60,profiled_cz,882,false,false,false,missing,false,true,gradient_only,1,1,16,1570,1505,1.351126621732654,10.888576527921208,missing
red2:lane1:snr16.0:seed4:frame1,16.0,1,cwz_joint,911,false,false,false,missing,false,true,gradient_only,8,1,16,1535,1382,1.112904134959699,63.93660827586554,missing
red2:lane1:snr16.0:seed4:frame2,16.0,2,cwz_joint,944,false,false,false,missing,false,true,gradient_only,8,1,16,1578,1252,2.140465219822437,18.712043024927674,missing
red2:lane1:snr16.0:seed4:frame3,16.0,3,cwz_joint,872,false,false,false,missing,false,true,gradient_only,8,1,16,1549,1312,0.9278181900897762,43.45532814239974,missing
red2:lane1:snr16.0:seed4:frame4,16.0,4,cwz_joint,937,false,false,false,missing,false,true,gradient_only,8,1,16,1583,1300,0.974100414179618,57.75426939858613,missing
red2:lane1:snr16.0:seed4:frame5,16.0,5,cwz_joint,692,false,false,false,missing,false,true,gradient_only,7,1,16,1523,1396,0.5290133058178732,144.7974729622404,missing
red2:lane1:snr16.0:seed4:frame6,16.0,6,cwz_joint,762,false,false,false,missing,false,true,gradient_only,8,1,16,1483,1317,1.7252783574619057,45.24751303691809,missing
red2:lane1:snr16.0:seed4:frame7,16.0,7,cwz_joint,935,false,false,false,missing,false,true,gradient_only,8,1,16,1558,1374,2.959309203939655,33.972730098467,missing
red2:lane1:snr16.0:seed4:frame8,16.0,8,cwz_joint,957,false,false,false,missing,false,true,gradient_only,8,1,16,1589,1338,0.8853606432589024,25.743257617585012,missing
red2:lane1:snr16.0:seed4:frame9,16.0,9,cwz_joint,783,false,false,false,missing,false,true,gradient_only,7,1,16,1462,1315,1.0794718945266617,15.618912122590004,missing
red2:lane1:snr16.0:seed4:frame10,16.0,10,cwz_joint,1027,false,false,false,missing,false,true,gradient_only,8,1,16,1609,1442,0.9521888787537051,50.2017176556609,missing
red2:lane1:snr16.0:seed4:frame11,16.0,11,cwz_joint,928,false,false,false,missing,false,true,gradient_only,8,1,16,1545,1374,0.8316925152954932,45.19783286773852,missing
red2:lane1:snr16.0:seed4:frame12,16.0,12,cwz_joint,951,false,false,false,missing,false,true,gradient_only,8,1,16,1546,1345,1.6573310593667052,25.974509332680988,missing
red2:lane1:snr16.0:seed4:frame13,16.0,13,cwz_joint,830,false,false,false,missing,false,true,gradient_only,7,1,16,1545,1309,0.7749832508382718,7.352775807772202,missing
red2:lane1:snr16.0:seed4:frame14,16.0,14,cwz_joint,1010,false,false,false,missing,false,true,gradient_only,8,1,16,1555,1385,1.0048480705721408,41.01821739050343,missing
red2:lane1:snr16.0:seed4:frame15,16.0,15,cwz_joint,780,false,false,false,missing,false,true,gradient_only,8,1,16,1570,1190,0.5332448571996331,38.85630361708943,missing
red2:lane1:snr16.0:seed4:frame16,16.0,16,cwz_joint,857,false,false,false,missing,false,true,gradient_only,8,1,16,1587,1461,0.5528636974839781,13.336855653605781,missing
red2:lane1:snr16.0:seed4:frame17,16.0,17,cwz_joint,760,false,false,false,missing,false,true,gradient_only,8,1,16,1519,1386,0.47111753828494396,21.467271732207333,missing
red2:lane1:snr16.0:seed4:frame18,16.0,18,cwz_joint,942,false,false,false,missing,false,true,gradient_only,8,1,16,1557,1428,0.8730602773425651,18.170567827982175,missing
red2:lane1:snr16.0:seed4:frame19,16.0,19,cwz_joint,914,false,false,false,missing,false,true,gradient_only,8,1,16,1551,1284,1.0889697379142484,16.92421002800843,missing
red2:lane1:snr16.0:seed4:frame20,16.0,20,cwz_joint,783,false,false,false,missing,false,true,gradient_only,8,1,16,1522,1314,0.8559135650489288,15.819212729949701,missing
red2:lane1:snr16.0:seed4:frame21,16.0,21,cwz_joint,832,false,false,false,missing,false,true,gradient_only,8,1,16,1553,1373,0.6034096583670101,24.66113671908616,missing
red2:lane1:snr16.0:seed4:frame22,16.0,22,cwz_joint,895,false,false,false,missing,false,true,gradient_only,8,1,16,1572,1264,0.774692897733707,31.48219759442233,missing
red2:lane1:snr16.0:seed4:frame23,16.0,23,cwz_joint,917,false,false,false,missing,false,true,gradient_only,7,1,16,1613,1371,0.8087000211933656,23.292716622981903,missing
red2:lane1:snr16.0:seed4:frame24,16.0,24,cwz_joint,1021,false,false,false,missing,false,true,gradient_only,8,1,16,1533,1374,1.4078076658546201,44.483437556232246,missing
red2:lane1:snr16.0:seed4:frame25,16.0,25,cwz_joint,817,false,false,false,missing,false,true,gradient_only,5,1,16,1588,1500,1.3498993686149559,45.909077853855884,missing
red2:lane1:snr16.0:seed4:frame26,16.0,26,cwz_joint,701,false,false,false,missing,false,true,gradient_only,8,1,16,1530,1373,0.6405292800972132,15.114929196067223,missing
red2:lane1:snr16.0:seed4:frame27,16.0,27,cwz_joint,902,false,false,false,missing,false,true,gradient_only,8,1,16,1590,1391,0.825012893576188,33.55117614403052,missing
red2:lane1:snr16.0:seed4:frame28,16.0,28,cwz_joint,839,false,false,false,missing,false,true,gradient_only,8,1,16,1596,1386,0.8865994522051258,21.73715533520019,missing
red2:lane1:snr16.0:seed4:frame29,16.0,29,cwz_joint,945,false,false,false,missing,false,true,gradient_only,8,1,16,1524,1456,0.9589601106227119,61.20681228770163,missing
red2:lane1:snr16.0:seed4:frame30,16.0,30,cwz_joint,959,false,false,false,missing,false,true,gradient_only,8,1,16,1571,1305,0.7920132627493682,18.256606620978978,missing
red2:lane1:snr16.0:seed4:frame31,16.0,31,cwz_joint,914,false,false,false,missing,false,true,gradient_only,8,1,16,1535,1266,0.7144715244367402,21.568754122003472,missing
red2:lane1:snr16.0:seed4:frame32,16.0,32,cwz_joint,831,false,false,false,missing,false,true,gradient_only,6,1,16,1582,1353,0.9189627285640283,74.66568124109304,missing
red2:lane1:snr16.0:seed4:frame33,16.0,33,cwz_joint,721,false,false,false,missing,false,true,gradient_only,8,1,16,1546,1238,1.199351431668245,63.05576500331835,missing
red2:lane1:snr16.0:seed4:frame34,16.0,34,cwz_joint,902,false,false,false,missing,false,true,gradient_only,8,1,16,1552,1372,0.8714592142648748,40.047763175771834,missing
red2:lane1:snr16.0:seed4:frame35,16.0,35,cwz_joint,1038,false,false,false,missing,false,true,gradient_only,8,1,16,1597,1332,1.76167766448167,41.06571397670355,missing
red2:lane1:snr16.0:seed4:frame36,16.0,36,cwz_joint,963,false,false,false,missing,false,true,gradient_only,8,1,16,1549,1347,0.7558153459979722,37.097089225927306,missing
red2:lane1:snr16.0:seed4:frame37,16.0,37,cwz_joint,796,false,false,false,missing,false,true,gradient_only,8,1,16,1562,1323,1.322371425935166,12.970440285105216,missing
red2:lane1:snr16.0:seed4:frame38,16.0,38,cwz_joint,852,false,false,false,missing,false,true,gradient_only,8,1,16,1624,1355,0.536380267681241,22.995890933123416,missing
red2:lane1:snr16.0:seed4:frame39,16.0,39,cwz_joint,914,false,false,false,missing,false,true,gradient_only,8,1,16,1584,1365,0.8955932803641194,14.751250627139013,missing
red2:lane1:snr16.0:seed4:frame40,16.0,40,cwz_joint,739,false,false,false,missing,false,true,gradient_only,7,1,16,1556,1282,0.9417509431541483,45.20118986575902,missing
red2:lane1:snr16.0:seed4:frame41,16.0,41,cwz_joint,858,false,false,false,missing,false,true,gradient_only,8,1,16,1503,1317,0.5977726685597959,25.024410782100112,missing
red2:lane1:snr16.0:seed4:frame42,16.0,42,cwz_joint,846,false,false,false,missing,false,true,gradient_only,8,1,16,1560,1311,1.700654309568311,80.74388371260385,missing
red2:lane1:snr16.0:seed4:frame43,16.0,43,cwz_joint,1197,false,false,false,missing,false,true,gradient_only,7,1,16,1576,1332,1.609226820415422,568.464363700508,missing
red2:lane1:snr16.0:seed4:frame44,16.0,44,cwz_joint,1004,false,false,false,missing,false,true,gradient_only,8,1,16,1572,1415,1.392044673083384,80.82917867473257,missing
red2:lane1:snr16.0:seed4:frame45,16.0,45,cwz_joint,959,false,false,false,missing,false,true,gradient_only,7,1,16,1571,1431,0.7015104870747525,32.5113747111828,missing
red2:lane1:snr16.0:seed4:frame46,16.0,46,cwz_joint,915,false,false,false,missing,false,true,gradient_only,8,1,16,1574,1338,1.405194266623995,72.78570891735764,missing
red2:lane1:snr16.0:seed4:frame47,16.0,47,cwz_joint,874,false,false,false,missing,false,true,gradient_only,7,1,16,1550,1413,0.7446369442172714,178.83292700047414,missing
red2:lane1:snr16.0:seed4:frame48,16.0,48,cwz_joint,809,false,false,false,missing,false,true,gradient_only,8,1,16,1546,1351,0.7956655484406737,163.6065098642729,missing
red2:lane1:snr16.0:seed4:frame49,16.0,49,cwz_joint,845,false,false,false,missing,false,true,gradient_only,8,1,16,1594,1329,0.5702195833638968,23.538672065212545,missing
red2:lane1:snr16.0:seed4:frame50,16.0,50,cwz_joint,881,false,false,false,missing,false,true,gradient_only,7,1,16,1532,1361,1.4327741533638791,34.9729395678073,missing
red2:lane1:snr16.0:seed4:frame51,16.0,51,cwz_joint,935,false,false,false,missing,false,true,gradient_only,8,1,16,1577,1360,1.1482630827077522,57.49133889249863,missing
red2:lane1:snr16.0:seed4:frame52,16.0,52,cwz_joint,817,false,false,false,missing,false,true,gradient_only,8,1,16,1556,1401,0.8138812859115958,33.66051301313297,missing
red2:lane1:snr16.0:seed4:frame53,16.0,53,cwz_joint,752,false,false,false,missing,false,true,gradient_only,8,1,16,1565,1356,0.4763931446558286,28.305936222993598,missing
red2:lane1:snr16.0:seed4:frame54,16.0,54,cwz_joint,897,false,false,false,missing,false,true,gradient_only,7,1,16,1604,1371,0.6302470974850539,81.16044272141383,missing
red2:lane1:snr16.0:seed4:frame55,16.0,55,cwz_joint,868,false,false,false,missing,false,true,gradient_only,7,1,16,1553,1358,0.834977189488281,29.16081916485172,missing
red2:lane1:snr16.0:seed4:frame56,16.0,56,cwz_joint,891,false,false,false,missing,false,true,gradient_only,8,1,16,1553,1301,0.7383423012467143,37.00217086844079,missing
red2:lane1:snr16.0:seed4:frame57,16.0,57,cwz_joint,901,false,false,false,missing,false,true,gradient_only,8,1,16,1603,1380,1.0577249497540626,33.046984018505604,missing
red2:lane1:snr16.0:seed4:frame58,16.0,58,cwz_joint,808,false,false,false,missing,false,true,gradient_only,8,1,16,1570,1333,0.6092429484366914,52.20809848274242,missing
red2:lane1:snr16.0:seed4:frame59,16.0,59,cwz_joint,800,false,false,false,missing,false,true,gradient_only,8,1,16,1525,1408,0.6112492208911263,23.493044503446747,missing
red2:lane1:snr16.0:seed4:frame60,16.0,60,cwz_joint,884,false,false,false,missing,false,true,gradient_only,8,1,16,1569,1247,0.8778284294641643,56.31895854486227,missing
red2:lane1:snr16.0:seed4:frame1,16.0,1,profiled_cz,797,false,false,false,missing,false,true,gradient_only,8,1,16,1535,1512,1.112904134959699,26.952782501044148,missing
red2:lane1:snr16.0:seed4:frame2,16.0,2,profiled_cz,874,false,false,false,missing,false,true,gradient_only,7,1,16,1578,1480,2.140465219822437,3.3954639751549145,missing
red2:lane1:snr16.0:seed4:frame3,16.0,3,profiled_cz,770,false,false,false,missing,false,true,gradient_only,8,1,16,1549,1484,0.9278181900897762,6.636789065912001,missing
red2:lane1:snr16.0:seed4:frame4,16.0,4,profiled_cz,855,false,false,false,missing,false,true,gradient_only,7,1,16,1583,1494,0.974100414179618,22.958459073934616,missing
red2:lane1:snr16.0:seed4:frame5,16.0,5,profiled_cz,576,false,false,false,missing,false,true,gradient_only,6,1,16,1523,1520,0.5290133058178732,5.218315869015572,missing
red2:lane1:snr16.0:seed4:frame6,16.0,6,profiled_cz,557,false,false,false,missing,false,true,gradient_only,0,1,16,1483,1483,1.7252783574619057,1.7252783574619057,missing
red2:lane1:snr16.0:seed4:frame7,16.0,7,profiled_cz,809,false,false,false,missing,false,true,gradient_only,3,1,16,1558,1517,2.959309203939655,4.921109001434239,missing
red2:lane1:snr16.0:seed4:frame8,16.0,8,profiled_cz,893,false,false,false,missing,false,true,gradient_only,1,1,16,1589,1475,0.8853606432589024,4.777294657362169,missing
red2:lane1:snr16.0:seed4:frame9,16.0,9,profiled_cz,567,false,false,false,missing,false,true,gradient_only,0,1,16,1462,1462,1.0794718945266617,1.0794718945266617,missing
red2:lane1:snr16.0:seed4:frame10,16.0,10,profiled_cz,901,false,false,false,missing,false,true,gradient_only,1,1,16,1609,1557,0.9521888787537051,13.805342176864821,missing
red2:lane1:snr16.0:seed4:frame11,16.0,11,profiled_cz,771,false,false,false,missing,false,true,gradient_only,4,1,16,1545,1523,0.8316925152954932,4.775660337257201,missing
red2:lane1:snr16.0:seed4:frame12,16.0,12,profiled_cz,855,false,false,false,missing,false,true,gradient_only,8,1,16,1546,1463,1.6573310593667052,4.843842662691325,missing
red2:lane1:snr16.0:seed4:frame13,16.0,13,profiled_cz,736,false,false,false,missing,false,true,gradient_only,2,1,16,1545,1509,0.7749832508382718,1.728484128910436,missing
red2:lane1:snr16.0:seed4:frame14,16.0,14,profiled_cz,913,false,false,false,missing,false,true,gradient_only,4,1,16,1555,1527,1.0048480705721408,6.849703490932904,missing
red2:lane1:snr16.0:seed4:frame15,16.0,15,profiled_cz,679,false,false,false,missing,false,true,gradient_only,7,1,16,1570,1508,0.5332448571996331,4.382965336126584,missing
red2:lane1:snr16.0:seed4:frame16,16.0,16,profiled_cz,676,false,false,false,missing,false,true,gradient_only,8,1,16,1587,1520,0.5528636974839781,3.213953075856017,missing
red2:lane1:snr16.0:seed4:frame17,16.0,17,profiled_cz,659,false,false,false,missing,false,true,gradient_only,8,1,16,1519,1514,0.47111753828494396,3.8826616207104343,missing
red2:lane1:snr16.0:seed4:frame18,16.0,18,profiled_cz,804,false,false,false,missing,false,true,gradient_only,3,1,16,1557,1506,0.8730602773425651,4.912426916271936,missing
red2:lane1:snr16.0:seed4:frame19,16.0,19,profiled_cz,817,false,false,false,missing,false,true,gradient_only,7,1,16,1551,1537,1.0889697379142484,4.24461568694391,missing
red2:lane1:snr16.0:seed4:frame20,16.0,20,profiled_cz,704,false,false,false,missing,false,true,gradient_only,2,1,16,1522,1509,0.8559135650489288,2.9065512656092167,missing
red2:lane1:snr16.0:seed4:frame21,16.0,21,profiled_cz,714,false,false,false,missing,false,true,gradient_only,2,1,16,1553,1515,0.6034096583670101,5.511058720722913,missing
red2:lane1:snr16.0:seed4:frame22,16.0,22,profiled_cz,798,false,false,false,missing,false,true,gradient_only,2,1,16,1572,1534,0.774692897733707,14.325637558736743,missing
red2:lane1:snr16.0:seed4:frame23,16.0,23,profiled_cz,838,false,false,false,missing,false,true,gradient_only,6,1,16,1613,1546,0.8087000211933656,3.7247478709431125,missing
red2:lane1:snr16.0:seed4:frame24,16.0,24,profiled_cz,947,false,false,false,missing,false,true,gradient_only,7,1,16,1533,1515,1.4078076658546201,8.762691918611756,missing
red2:lane1:snr16.0:seed4:frame25,16.0,25,profiled_cz,742,false,false,false,missing,false,true,gradient_only,3,1,16,1588,1521,1.3498993686149559,6.131488126729077,missing
red2:lane1:snr16.0:seed4:frame26,16.0,26,profiled_cz,603,false,false,false,missing,false,true,gradient_only,1,1,16,1530,1498,0.6405292800972132,7.196106274602211,missing
red2:lane1:snr16.0:seed4:frame27,16.0,27,profiled_cz,807,false,false,false,missing,false,true,gradient_only,8,1,16,1590,1540,0.825012893576188,7.649293114770236,missing
red2:lane1:snr16.0:seed4:frame28,16.0,28,profiled_cz,680,false,false,false,missing,false,true,gradient_only,3,1,16,1596,1567,0.8865994522051258,5.173563860922763,missing
red2:lane1:snr16.0:seed4:frame29,16.0,29,profiled_cz,846,false,false,false,missing,false,true,gradient_only,2,1,16,1524,1492,0.9589601106227119,13.026842683744356,missing
red2:lane1:snr16.0:seed4:frame30,16.0,30,profiled_cz,864,false,false,false,missing,false,true,gradient_only,1,1,16,1571,1511,0.7920132627493682,3.6353162988887333,missing
red2:lane1:snr16.0:seed4:frame31,16.0,31,profiled_cz,733,false,false,false,missing,false,true,gradient_only,0,1,16,1535,1535,0.7144715244367402,0.7144715244367402,missing
red2:lane1:snr16.0:seed4:frame32,16.0,32,profiled_cz,797,false,false,false,missing,false,true,gradient_only,2,1,16,1582,1535,0.9189627285640283,36.79756535579005,missing
red2:lane1:snr16.0:seed4:frame33,16.0,33,profiled_cz,487,false,false,false,missing,false,true,gradient_only,0,1,16,1546,1546,1.199351431668245,1.199351431668245,missing
red2:lane1:snr16.0:seed4:frame34,16.0,34,profiled_cz,808,false,false,false,missing,false,true,gradient_only,5,1,16,1552,1492,0.8714592142648748,6.260326156372014,missing
red2:lane1:snr16.0:seed4:frame35,16.0,35,profiled_cz,905,false,false,false,missing,false,true,gradient_only,1,1,16,1597,1483,1.76167766448167,13.209901248072027,missing
red2:lane1:snr16.0:seed4:frame36,16.0,36,profiled_cz,874,false,false,false,missing,false,true,gradient_only,4,1,16,1549,1515,0.7558153459979722,7.33296557170013,missing
red2:lane1:snr16.0:seed4:frame37,16.0,37,profiled_cz,576,false,false,false,missing,false,true,gradient_only,0,1,16,1562,1562,1.322371425935166,1.322371425935166,missing
red2:lane1:snr16.0:seed4:frame38,16.0,38,profiled_cz,741,false,false,false,missing,false,true,gradient_only,3,1,16,1624,1485,0.536380267681241,7.032371511720728,missing
red2:lane1:snr16.0:seed4:frame39,16.0,39,profiled_cz,807,false,false,false,missing,false,true,gradient_only,7,1,16,1584,1546,0.8955932803641194,2.796795010043831,missing
red2:lane1:snr16.0:seed4:frame40,16.0,40,profiled_cz,650,false,false,false,missing,false,true,gradient_only,1,1,16,1556,1489,0.9417509431541483,11.947524619509924,missing
red2:lane1:snr16.0:seed4:frame41,16.0,41,profiled_cz,770,false,false,false,missing,false,true,gradient_only,8,1,16,1503,1499,0.5977726685597959,4.153414071232461,missing
red2:lane1:snr16.0:seed4:frame42,16.0,42,profiled_cz,741,false,false,false,missing,false,true,gradient_only,1,1,16,1560,1513,1.700654309568311,6.226073287327457,missing
red2:lane1:snr16.0:seed4:frame43,16.0,43,profiled_cz,1092,false,false,false,missing,false,true,gradient_only,6,1,16,1576,1544,1.609226820415422,170.16012776548837,missing
red2:lane1:snr16.0:seed4:frame44,16.0,44,profiled_cz,902,false,false,false,missing,false,true,gradient_only,4,1,16,1572,1540,1.392044673083384,15.563530298397652,missing
red2:lane1:snr16.0:seed4:frame45,16.0,45,profiled_cz,833,false,false,false,missing,false,true,gradient_only,4,1,16,1571,1528,0.7015104870747525,13.17944743702361,missing
red2:lane1:snr16.0:seed4:frame46,16.0,46,profiled_cz,812,false,false,false,missing,false,true,gradient_only,5,1,16,1574,1567,1.405194266623995,12.449128562047914,missing
red2:lane1:snr16.0:seed4:frame47,16.0,47,profiled_cz,806,false,false,false,missing,false,true,gradient_only,5,1,16,1550,1508,0.7446369442172714,21.743252941082783,missing
red2:lane1:snr16.0:seed4:frame48,16.0,48,profiled_cz,664,false,false,false,missing,false,true,gradient_only,7,1,16,1546,1533,0.7956655484406737,24.235446502353575,missing
red2:lane1:snr16.0:seed4:frame49,16.0,49,profiled_cz,734,false,false,false,missing,false,true,gradient_only,5,1,16,1594,1500,0.5702195833638968,3.510962012974585,missing
red2:lane1:snr16.0:seed4:frame50,16.0,50,profiled_cz,822,false,false,false,missing,false,true,gradient_only,4,1,16,1532,1528,1.4327741533638791,7.221780378100174,missing
red2:lane1:snr16.0:seed4:frame51,16.0,51,profiled_cz,854,false,false,false,missing,false,true,gradient_only,5,1,16,1577,1519,1.1482630827077522,6.107195442805611,missing
red2:lane1:snr16.0:seed4:frame52,16.0,52,profiled_cz,765,false,false,false,missing,false,true,gradient_only,1,1,16,1556,1533,0.8138812859115958,8.509875423542299,missing
red2:lane1:snr16.0:seed4:frame53,16.0,53,profiled_cz,609,false,false,false,missing,false,true,gradient_only,7,1,16,1565,1487,0.4763931446558286,6.04679799686723,missing
red2:lane1:snr16.0:seed4:frame54,16.0,54,profiled_cz,805,false,false,false,missing,false,true,gradient_only,7,1,16,1604,1497,0.6302470974850539,10.958011968667133,missing
red2:lane1:snr16.0:seed4:frame55,16.0,55,profiled_cz,813,false,false,false,missing,false,true,gradient_only,1,1,16,1553,1542,0.834977189488281,10.743017359393564,missing
red2:lane1:snr16.0:seed4:frame56,16.0,56,profiled_cz,763,false,false,false,missing,false,true,gradient_only,3,1,16,1553,1463,0.7383423012467143,6.959866440486566,missing
red2:lane1:snr16.0:seed4:frame57,16.0,57,profiled_cz,845,false,false,false,missing,false,true,gradient_only,7,1,16,1603,1551,1.0577249497540626,9.194201947455122,missing
red2:lane1:snr16.0:seed4:frame58,16.0,58,profiled_cz,692,false,false,false,missing,false,true,gradient_only,6,1,16,1570,1556,0.6092429484366914,7.758841525683133,missing
red2:lane1:snr16.0:seed4:frame59,16.0,59,profiled_cz,687,false,false,false,missing,false,true,gradient_only,5,1,16,1525,1486,0.6112492208911263,6.256949057871956,missing
red2:lane1:snr16.0:seed4:frame60,16.0,60,profiled_cz,814,false,false,false,missing,false,true,gradient_only,1,1,16,1569,1535,0.8778284294641643,8.69545171555674,missing
red2:lane1:snr18.0:seed4:frame1,18.0,1,cwz_joint,816,false,false,false,missing,false,true,gradient_only,7,1,16,1587,1234,1.863597508246343,59.53645027712347,missing
red2:lane1:snr18.0:seed4:frame2,18.0,2,cwz_joint,925,false,false,false,missing,false,true,gradient_only,8,1,16,1565,1297,1.3999589861378987,17.63163342962543,missing
red2:lane1:snr18.0:seed4:frame3,18.0,3,cwz_joint,818,false,false,false,missing,false,true,gradient_only,7,1,16,1583,1297,0.55801655533187,42.1544886459425,missing
red2:lane1:snr18.0:seed4:frame4,18.0,4,cwz_joint,879,false,false,false,missing,false,true,gradient_only,8,1,16,1557,1352,0.6966368636340211,73.76775691979424,missing
red2:lane1:snr18.0:seed4:frame5,18.0,5,cwz_joint,642,false,false,false,missing,false,true,gradient_only,7,1,16,1456,1260,0.31278493786522976,129.81109560550047,missing
red2:lane1:snr18.0:seed4:frame6,18.0,6,cwz_joint,784,false,false,false,missing,false,true,gradient_only,6,1,16,1576,1375,1.7938155973726782,45.33181465672219,missing
red2:lane1:snr18.0:seed4:frame7,18.0,7,cwz_joint,807,false,false,false,missing,false,true,gradient_only,8,1,16,1560,1206,3.8735689138611433,30.138428611176632,missing
red2:lane1:snr18.0:seed4:frame8,18.0,8,cwz_joint,942,false,false,false,missing,false,true,gradient_only,8,1,16,1614,1364,0.7556804115326592,23.627414563869415,missing
red2:lane1:snr18.0:seed4:frame9,18.0,9,cwz_joint,816,false,false,false,missing,false,true,gradient_only,8,1,16,1550,1329,0.6683911081627493,13.826384361033904,missing
red2:lane1:snr18.0:seed4:frame10,18.0,10,cwz_joint,910,false,false,false,missing,false,true,gradient_only,8,1,16,1600,1411,0.5036102973403066,37.96888399883932,missing
red2:lane1:snr18.0:seed4:frame11,18.0,11,cwz_joint,864,false,false,false,missing,false,true,gradient_only,8,1,16,1567,1350,0.93209250044731,35.810806991090125,missing
red2:lane1:snr18.0:seed4:frame12,18.0,12,cwz_joint,863,false,false,false,missing,false,true,gradient_only,8,1,16,1574,1265,0.8005541054672272,25.03683583696207,missing
red2:lane1:snr18.0:seed4:frame13,18.0,13,cwz_joint,759,false,false,false,missing,false,true,gradient_only,8,1,16,1515,1370,0.4551264319787952,5.885468231265138,missing
red2:lane1:snr18.0:seed4:frame14,18.0,14,cwz_joint,920,false,false,false,missing,false,true,gradient_only,6,1,16,1580,1390,0.9019562337827541,33.50895348321212,missing
red2:lane1:snr18.0:seed4:frame15,18.0,15,cwz_joint,734,false,false,false,missing,false,true,gradient_only,7,1,16,1567,1243,1.507471103561077,45.13060960345695,missing
red2:lane1:snr18.0:seed4:frame16,18.0,16,cwz_joint,620,false,false,false,missing,false,true,gradient_only,8,1,16,1476,1287,0.59112108800798,12.537642976389984,missing
red2:lane1:snr18.0:seed4:frame17,18.0,17,cwz_joint,682,false,false,false,missing,false,true,gradient_only,8,1,16,1515,1285,0.5180565477113919,20.770618095557627,missing
red2:lane1:snr18.0:seed4:frame18,18.0,18,cwz_joint,880,false,false,false,missing,false,true,gradient_only,6,1,16,1541,1374,1.0165233084672154,17.774435533720972,missing
red2:lane1:snr18.0:seed4:frame19,18.0,19,cwz_joint,803,false,false,false,missing,false,true,gradient_only,6,1,16,1553,1334,0.8308390029438312,17.13712893899171,missing
red2:lane1:snr18.0:seed4:frame20,18.0,20,cwz_joint,793,false,false,false,missing,false,true,gradient_only,7,1,16,1530,1393,0.934955177404019,15.254527533679513,missing
red2:lane1:snr18.0:seed4:frame21,18.0,21,cwz_joint,735,false,false,false,missing,false,true,gradient_only,7,1,16,1490,1374,1.381484863840978,24.340022846702713,missing
red2:lane1:snr18.0:seed4:frame22,18.0,22,cwz_joint,864,false,false,false,missing,false,true,gradient_only,8,1,16,1527,1294,1.9779764633530437,21.325084113984392,missing
red2:lane1:snr18.0:seed4:frame23,18.0,23,cwz_joint,800,false,false,false,missing,false,true,gradient_only,7,1,16,1518,1397,1.2299231323634123,21.39813995842046,missing
red2:lane1:snr18.0:seed4:frame24,18.0,24,cwz_joint,1045,false,false,false,missing,false,true,gradient_only,8,1,16,1621,1384,2.6675208874162273,39.65555326596448,missing
red2:lane1:snr18.0:seed4:frame25,18.0,25,cwz_joint,803,false,false,false,missing,false,true,gradient_only,8,1,16,1549,1357,0.6061649745764582,37.42014701753314,missing
red2:lane1:snr18.0:seed4:frame26,18.0,26,cwz_joint,607,false,false,false,missing,false,true,gradient_only,8,1,16,1502,1272,0.4701074559040852,14.743970282644023,missing
red2:lane1:snr18.0:seed4:frame27,18.0,27,cwz_joint,849,false,false,false,missing,false,true,gradient_only,7,1,16,1523,1378,3.2362971254133255,31.41438457643982,missing
red2:lane1:snr18.0:seed4:frame28,18.0,28,cwz_joint,730,false,false,false,missing,false,true,gradient_only,8,1,16,1523,1346,1.1634875350277132,20.059064882663648,missing
red2:lane1:snr18.0:seed4:frame29,18.0,29,cwz_joint,848,false,false,false,missing,false,true,gradient_only,8,1,16,1555,1145,0.9916919231074175,47.58138254264607,missing
red2:lane1:snr18.0:seed4:frame30,18.0,30,cwz_joint,917,false,false,false,missing,false,true,gradient_only,6,1,16,1504,1385,0.711070765336334,18.478618359678055,missing
red2:lane1:snr18.0:seed4:frame31,18.0,31,cwz_joint,939,false,false,false,missing,false,true,gradient_only,8,1,16,1588,1420,0.7035663018427284,20.350817347584872,missing
red2:lane1:snr18.0:seed4:frame32,18.0,32,cwz_joint,762,false,false,false,missing,false,true,gradient_only,8,1,16,1549,1263,0.6842526425630701,54.96587729472745,missing
red2:lane1:snr18.0:seed4:frame33,18.0,33,cwz_joint,682,false,false,false,missing,false,true,gradient_only,7,1,16,1538,1362,0.5960817414976285,63.64906667642043,missing
red2:lane1:snr18.0:seed4:frame34,18.0,34,cwz_joint,843,false,false,false,missing,false,true,gradient_only,8,1,16,1560,1329,1.0976031817960323,36.519807640316586,missing
red2:lane1:snr18.0:seed4:frame35,18.0,35,cwz_joint,910,false,false,false,missing,false,true,gradient_only,7,1,16,1569,1332,1.4162854834147145,36.89153311612582,missing
red2:lane1:snr18.0:seed4:frame36,18.0,36,cwz_joint,849,false,false,false,missing,false,true,gradient_only,6,1,16,1539,1241,0.8943824428653241,39.54132890512931,missing
red2:lane1:snr18.0:seed4:frame37,18.0,37,cwz_joint,667,false,false,false,missing,false,true,gradient_only,8,1,16,1521,1276,0.6394961290468555,12.045150513234011,missing
red2:lane1:snr18.0:seed4:frame38,18.0,38,cwz_joint,767,false,false,false,missing,false,true,gradient_only,7,1,16,1538,1421,0.7105925853731753,21.42574953715401,missing
red2:lane1:snr18.0:seed4:frame39,18.0,39,cwz_joint,861,false,false,false,missing,false,true,gradient_only,7,1,16,1607,1327,0.7595536695600175,14.559523681755936,missing
red2:lane1:snr18.0:seed4:frame40,18.0,40,cwz_joint,747,false,false,false,missing,false,true,gradient_only,8,1,16,1572,1354,0.6602158340102475,40.92843989384943,missing
red2:lane1:snr18.0:seed4:frame41,18.0,41,cwz_joint,849,false,false,false,missing,false,true,gradient_only,8,1,16,1499,1343,0.5870119157460016,21.90169839193988,missing
red2:lane1:snr18.0:seed4:frame42,18.0,42,cwz_joint,901,false,false,false,missing,false,true,gradient_only,8,1,16,1558,1402,0.9521046448447309,59.85685694269344,missing
red2:lane1:snr18.0:seed4:frame43,18.0,43,cwz_joint,1153,false,false,false,missing,false,true,gradient_only,8,1,16,1584,1322,1.7679498091003454,220.90633220493345,missing
red2:lane1:snr18.0:seed4:frame44,18.0,44,cwz_joint,959,false,false,false,missing,false,true,gradient_only,8,1,16,1573,1377,0.9855544787806924,90.66909987899767,missing
red2:lane1:snr18.0:seed4:frame45,18.0,45,cwz_joint,923,false,false,false,missing,false,true,gradient_only,8,1,16,1577,1361,4.1993355344032475,28.542979227278614,missing
red2:lane1:snr18.0:seed4:frame46,18.0,46,cwz_joint,842,false,false,false,missing,false,true,gradient_only,7,1,16,1565,1323,1.0218822701615309,59.91909259149151,missing
red2:lane1:snr18.0:seed4:frame47,18.0,47,cwz_joint,836,false,false,false,missing,false,true,gradient_only,8,1,16,1568,1350,0.7993764002183258,151.10293192954418,missing
red2:lane1:snr18.0:seed4:frame48,18.0,48,cwz_joint,763,false,false,false,missing,false,true,gradient_only,8,1,16,1528,1342,0.7423011084544947,114.70040017845314,missing
red2:lane1:snr18.0:seed4:frame49,18.0,49,cwz_joint,770,false,false,false,missing,false,true,gradient_only,8,1,16,1526,1420,1.5066308915378281,20.605038048790238,missing
red2:lane1:snr18.0:seed4:frame50,18.0,50,cwz_joint,850,false,false,false,missing,false,true,gradient_only,7,1,16,1543,1321,2.063790471723178,32.66659314733506,missing
red2:lane1:snr18.0:seed4:frame51,18.0,51,cwz_joint,890,false,false,false,missing,false,true,gradient_only,8,1,16,1578,1359,5.891070886315275,47.056734027232245,missing
red2:lane1:snr18.0:seed4:frame52,18.0,52,cwz_joint,810,false,false,false,missing,false,true,gradient_only,8,1,16,1563,1357,0.6626216108710601,33.14699925507663,missing
red2:lane1:snr18.0:seed4:frame53,18.0,53,cwz_joint,663,false,false,false,missing,false,true,gradient_only,8,1,16,1495,1304,0.5386293031573246,24.866421920566136,missing
red2:lane1:snr18.0:seed4:frame54,18.0,54,cwz_joint,898,false,false,false,missing,false,true,gradient_only,8,1,16,1580,1351,0.8070254050099133,72.54784583860642,missing
red2:lane1:snr18.0:seed4:frame55,18.0,55,cwz_joint,857,false,false,false,missing,false,true,gradient_only,8,1,16,1506,1327,0.8105875034602681,26.565484594252037,missing
red2:lane1:snr18.0:seed4:frame56,18.0,56,cwz_joint,840,false,false,false,missing,false,true,gradient_only,8,1,16,1539,1307,0.5746840272962225,35.763880567773214,missing
red2:lane1:snr18.0:seed4:frame57,18.0,57,cwz_joint,821,false,false,false,missing,false,true,gradient_only,7,1,16,1577,1380,1.8077767034525587,34.08724905141559,missing
red2:lane1:snr18.0:seed4:frame58,18.0,58,cwz_joint,731,false,false,false,missing,false,true,gradient_only,8,1,16,1533,1340,0.5770280627241012,50.3317440695992,missing
red2:lane1:snr18.0:seed4:frame59,18.0,59,cwz_joint,796,false,false,false,missing,false,true,gradient_only,8,1,16,1555,1354,0.65409806563728,21.05791801803996,missing
red2:lane1:snr18.0:seed4:frame60,18.0,60,cwz_joint,887,false,false,false,missing,false,true,gradient_only,8,1,16,1583,1369,3.2614447400050834,31.265218914605676,missing
red2:lane1:snr18.0:seed4:frame1,18.0,1,profiled_cz,719,false,false,false,missing,false,true,gradient_only,2,1,16,1587,1470,1.863597508246343,10.316684760604407,missing
red2:lane1:snr18.0:seed4:frame2,18.0,2,profiled_cz,865,false,false,false,missing,false,true,gradient_only,5,1,16,1565,1526,1.3999589861378987,3.14268012580286,missing
red2:lane1:snr18.0:seed4:frame3,18.0,3,profiled_cz,732,false,false,false,missing,false,true,gradient_only,5,1,16,1583,1541,0.55801655533187,6.051263911616402,missing
red2:lane1:snr18.0:seed4:frame4,18.0,4,profiled_cz,782,false,false,false,missing,false,true,gradient_only,8,1,16,1557,1496,0.6966368636340211,7.964574090832405,missing
red2:lane1:snr18.0:seed4:frame5,18.0,5,profiled_cz,399,false,false,false,missing,false,true,gradient_only,0,1,16,1456,1456,0.31278493786522976,0.31278493786522976,missing
red2:lane1:snr18.0:seed4:frame6,18.0,6,profiled_cz,625,false,false,false,missing,false,true,gradient_only,7,1,16,1576,1498,1.7938155973726782,4.492762281892888,missing
red2:lane1:snr18.0:seed4:frame7,18.0,7,profiled_cz,772,false,false,false,missing,false,true,gradient_only,4,1,16,1560,1532,3.8735689138611433,4.59817023167043,missing
red2:lane1:snr18.0:seed4:frame8,18.0,8,profiled_cz,836,false,false,false,missing,false,true,gradient_only,5,1,16,1614,1540,0.7556804115326592,5.20765729191751,missing
red2:lane1:snr18.0:seed4:frame9,18.0,9,profiled_cz,535,false,false,false,missing,false,true,gradient_only,0,1,16,1550,1550,0.6683911081627493,0.6683911081627493,missing
red2:lane1:snr18.0:seed4:frame10,18.0,10,profiled_cz,841,false,false,false,missing,false,true,gradient_only,8,1,16,1600,1527,0.5036102973403066,36.13447419035145,missing
red2:lane1:snr18.0:seed4:frame11,18.0,11,profiled_cz,694,false,false,false,missing,false,true,gradient_only,2,1,16,1567,1519,0.93209250044731,4.894141511371439,missing
red2:lane1:snr18.0:seed4:frame12,18.0,12,profiled_cz,774,false,false,false,missing,false,true,gradient_only,7,1,16,1574,1450,0.8005541054672272,3.867424922745748,missing
red2:lane1:snr18.0:seed4:frame13,18.0,13,profiled_cz,526,false,false,false,missing,false,true,gradient_only,0,1,16,1515,1515,0.4551264319787952,0.4551264319787952,missing
red2:lane1:snr18.0:seed4:frame14,18.0,14,profiled_cz,866,false,false,false,missing,false,true,gradient_only,8,1,16,1580,1511,0.9019562337827541,6.208535660454272,missing
red2:lane1:snr18.0:seed4:frame15,18.0,15,profiled_cz,667,false,false,false,missing,false,true,gradient_only,6,1,16,1567,1516,1.507471103561077,14.750750672464367,missing
red2:lane1:snr18.0:seed4:frame16,18.0,16,profiled_cz,404,false,false,false,missing,false,true,gradient_only,0,1,16,1476,1476,0.59112108800798,0.59112108800798,missing
red2:lane1:snr18.0:seed4:frame17,18.0,17,profiled_cz,590,false,false,false,missing,false,true,gradient_only,2,1,16,1515,1491,0.5180565477113919,3.6012558135762385,missing
red2:lane1:snr18.0:seed4:frame18,18.0,18,profiled_cz,660,false,false,false,missing,false,true,gradient_only,0,1,16,1541,1541,1.0165233084672154,1.0165233084672154,missing
red2:lane1:snr18.0:seed4:frame19,18.0,19,profiled_cz,738,false,false,false,missing,false,true,gradient_only,6,1,16,1553,1500,0.8308390029438312,4.5512315348409365,missing
red2:lane1:snr18.0:seed4:frame20,18.0,20,profiled_cz,693,false,false,false,missing,false,true,gradient_only,7,1,16,1530,1524,0.934955177404019,2.5128154281885164,missing
red2:lane1:snr18.0:seed4:frame21,18.0,21,profiled_cz,494,false,false,false,missing,false,true,gradient_only,0,1,16,1490,1490,1.381484863840978,1.381484863840978,missing
red2:lane1:snr18.0:seed4:frame22,18.0,22,profiled_cz,597,false,false,false,missing,false,true,gradient_only,0,1,16,1527,1527,1.9779764633530437,1.9779764633530437,missing
red2:lane1:snr18.0:seed4:frame23,18.0,23,profiled_cz,564,false,false,false,missing,false,true,gradient_only,0,1,16,1518,1518,1.2299231323634123,1.2299231323634123,missing
red2:lane1:snr18.0:seed4:frame24,18.0,24,profiled_cz,942,false,false,false,missing,false,true,gradient_only,7,1,16,1621,1500,2.6675208874162273,14.753933449422119,missing
red2:lane1:snr18.0:seed4:frame25,18.0,25,profiled_cz,712,false,false,false,missing,false,true,gradient_only,2,1,16,1549,1515,0.6061649745764582,7.750131340850676,missing
red2:lane1:snr18.0:seed4:frame26,18.0,26,profiled_cz,398,false,false,false,missing,false,true,gradient_only,0,1,16,1502,1502,0.4701074559040852,0.4701074559040852,missing
red2:lane1:snr18.0:seed4:frame27,18.0,27,profiled_cz,736,false,false,false,missing,false,true,gradient_only,4,1,16,1523,1493,3.2362971254133255,6.114753004344131,missing
red2:lane1:snr18.0:seed4:frame28,18.0,28,profiled_cz,480,false,false,false,missing,false,true,gradient_only,0,1,16,1523,1523,1.1634875350277132,1.1634875350277132,missing
red2:lane1:snr18.0:seed4:frame29,18.0,29,profiled_cz,767,false,false,false,missing,false,true,gradient_only,2,1,16,1555,1550,0.9916919231074175,9.463094544259127,missing
red2:lane1:snr18.0:seed4:frame30,18.0,30,profiled_cz,754,false,false,false,missing,false,true,gradient_only,5,1,16,1504,1450,0.711070765336334,2.9172802981232118,missing
red2:lane1:snr18.0:seed4:frame31,18.0,31,profiled_cz,838,false,false,false,missing,false,true,gradient_only,8,1,16,1588,1489,0.7035663018427284,4.674229923710986,missing
red2:lane1:snr18.0:seed4:frame32,18.0,32,profiled_cz,692,false,false,false,missing,false,true,gradient_only,7,1,16,1549,1517,0.6842526425630701,12.15547467755066,missing
red2:lane1:snr18.0:seed4:frame33,18.0,33,profiled_cz,563,false,false,false,missing,false,true,gradient_only,7,1,16,1538,1505,0.5960817414976285,7.282345317371138,missing
red2:lane1:snr18.0:seed4:frame34,18.0,34,profiled_cz,786,false,false,false,missing,false,true,gradient_only,7,1,16,1560,1512,1.0976031817960323,5.336290686199678,missing
red2:lane1:snr18.0:seed4:frame35,18.0,35,profiled_cz,834,false,false,false,missing,false,true,gradient_only,2,1,16,1569,1530,1.4162854834147145,10.894849373532006,missing
red2:lane1:snr18.0:seed4:frame36,18.0,36,profiled_cz,840,false,false,false,missing,false,true,gradient_only,5,1,16,1539,1474,0.8943824428653241,6.626093098978538,missing
red2:lane1:snr18.0:seed4:frame37,18.0,37,profiled_cz,596,false,false,false,missing,false,true,gradient_only,6,1,16,1521,1486,0.6394961290468555,2.5232583390611216,missing
red2:lane1:snr18.0:seed4:frame38,18.0,38,profiled_cz,677,false,false,false,missing,false,true,gradient_only,1,1,16,1538,1469,0.7105925853731753,6.24156399689225,missing
red2:lane1:snr18.0:seed4:frame39,18.0,39,profiled_cz,764,false,false,false,missing,false,true,gradient_only,8,1,16,1607,1498,0.7595536695600175,2.5523656882215495,missing
red2:lane1:snr18.0:seed4:frame40,18.0,40,profiled_cz,633,false,false,false,missing,false,true,gradient_only,4,1,16,1572,1451,0.6602158340102475,13.710100218540317,missing
red2:lane1:snr18.0:seed4:frame41,18.0,41,profiled_cz,569,false,false,false,missing,false,true,gradient_only,0,1,16,1499,1499,0.5870119157460016,0.5870119157460016,missing
red2:lane1:snr18.0:seed4:frame42,18.0,42,profiled_cz,714,false,false,false,missing,false,true,gradient_only,2,1,16,1558,1522,0.9521046448447309,5.6916947000631275,missing
red2:lane1:snr18.0:seed4:frame43,18.0,43,profiled_cz,1035,false,false,false,missing,false,true,gradient_only,2,1,16,1584,1522,1.7679498091003454,53.028362332457704,missing
red2:lane1:snr18.0:seed4:frame44,18.0,44,profiled_cz,863,false,false,false,missing,false,true,gradient_only,7,1,16,1573,1484,0.9855544787806924,13.707825876665035,missing
red2:lane1:snr18.0:seed4:frame45,18.0,45,profiled_cz,774,false,false,false,missing,false,true,gradient_only,7,1,16,1577,1523,4.1993355344032475,9.858992929658372,missing
red2:lane1:snr18.0:seed4:frame46,18.0,46,profiled_cz,724,false,false,false,missing,false,true,gradient_only,8,1,16,1565,1464,1.0218822701615309,10.088880481357199,missing
red2:lane1:snr18.0:seed4:frame47,18.0,47,profiled_cz,715,false,false,false,missing,false,true,gradient_only,2,1,16,1568,1477,0.7993764002183258,32.491446099148234,missing
red2:lane1:snr18.0:seed4:frame48,18.0,48,profiled_cz,639,false,false,false,missing,false,true,gradient_only,1,1,16,1528,1503,0.7423011084544947,9.624094718451985,missing
red2:lane1:snr18.0:seed4:frame49,18.0,49,profiled_cz,486,false,false,false,missing,false,true,gradient_only,0,1,16,1526,1526,1.5066308915378281,1.5066308915378281,missing
red2:lane1:snr18.0:seed4:frame50,18.0,50,profiled_cz,771,false,false,false,missing,false,true,gradient_only,7,1,16,1543,1539,2.063790471723178,7.420271937772773,missing
red2:lane1:snr18.0:seed4:frame51,18.0,51,profiled_cz,756,false,false,false,missing,false,true,gradient_only,8,1,16,1578,1498,5.891070886315275,4.958643804960436,missing
red2:lane1:snr18.0:seed4:frame52,18.0,52,profiled_cz,700,false,false,false,missing,false,true,gradient_only,8,1,16,1563,1488,0.6626216108710601,7.59385205964596,missing
red2:lane1:snr18.0:seed4:frame53,18.0,53,profiled_cz,443,false,false,false,missing,false,true,gradient_only,0,1,16,1495,1495,0.5386293031573246,0.5386293031573246,missing
red2:lane1:snr18.0:seed4:frame54,18.0,54,profiled_cz,769,false,false,false,missing,false,true,gradient_only,8,1,16,1580,1542,0.8070254050099133,13.317897271086776,missing
red2:lane1:snr18.0:seed4:frame55,18.0,55,profiled_cz,683,false,false,false,missing,false,true,gradient_only,3,1,16,1506,1504,0.8105875034602681,6.623237176448951,missing
red2:lane1:snr18.0:seed4:frame56,18.0,56,profiled_cz,744,false,false,false,missing,false,true,gradient_only,1,1,16,1539,1522,0.5746840272962225,5.615786069795356,missing
red2:lane1:snr18.0:seed4:frame57,18.0,57,profiled_cz,721,false,false,false,missing,false,true,gradient_only,5,1,16,1577,1489,1.8077767034525587,6.708798437011142,missing
red2:lane1:snr18.0:seed4:frame58,18.0,58,profiled_cz,625,false,false,false,missing,false,true,gradient_only,1,1,16,1533,1470,0.5770280627241012,6.790089532079463,missing
red2:lane1:snr18.0:seed4:frame59,18.0,59,profiled_cz,633,false,false,false,missing,false,true,gradient_only,7,1,16,1555,1514,0.65409806563728,4.639774452561402,missing
red2:lane1:snr18.0:seed4:frame60,18.0,60,profiled_cz,629,false,false,false,missing,false,true,gradient_only,0,1,16,1583,1583,3.2614447400050834,3.2614447400050834,missing
red2:lane1:snr20.0:seed4:frame1,20.0,1,cwz_joint,834,false,false,false,missing,false,true,gradient_only,8,1,16,1583,1397,1.3917556801683302,53.77473262596345,missing
red2:lane1:snr20.0:seed4:frame2,20.0,2,cwz_joint,930,false,false,false,missing,false,true,gradient_only,8,1,16,1621,1324,1.1311876276110253,16.925391091542895,missing
red2:lane1:snr20.0:seed4:frame3,20.0,3,cwz_joint,860,false,false,false,missing,false,true,gradient_only,8,1,16,1581,1349,0.5556644626118901,39.58331833725972,missing
red2:lane1:snr20.0:seed4:frame4,20.0,4,cwz_joint,841,false,false,false,missing,false,true,gradient_only,8,1,16,1577,1282,4.889742716480421,106.88689740921664,missing
red2:lane1:snr20.0:seed4:frame5,20.0,5,cwz_joint,561,false,false,false,missing,false,true,gradient_only,8,1,16,1399,1304,0.30190261274567315,115.70434388519362,missing
red2:lane1:snr20.0:seed4:frame6,20.0,6,cwz_joint,692,false,false,false,missing,false,true,gradient_only,5,1,16,1553,1466,1.2349179476907013,42.98259422708854,missing
red2:lane1:snr20.0:seed4:frame7,20.0,7,cwz_joint,836,false,false,false,missing,false,true,gradient_only,7,1,16,1547,1416,8.896205089348976,28.900184291626317,missing
red2:lane1:snr20.0:seed4:frame8,20.0,8,cwz_joint,908,false,false,false,missing,false,true,gradient_only,8,1,16,1569,1443,1.08854987221669,22.219798097023332,missing
red2:lane1:snr20.0:seed4:frame9,20.0,9,cwz_joint,766,false,false,false,missing,false,true,gradient_only,7,1,16,1567,1393,0.503488859751211,13.984801135515696,missing
red2:lane1:snr20.0:seed4:frame10,20.0,10,cwz_joint,824,false,false,false,missing,false,true,gradient_only,5,1,16,1585,1402,0.5191225065045165,35.00356095169574,missing
red2:lane1:snr20.0:seed4:frame11,20.0,11,cwz_joint,775,false,false,false,missing,false,true,gradient_only,8,1,16,1576,1343,1.0747923281395764,29.288841820718023,missing
red2:lane1:snr20.0:seed4:frame12,20.0,12,cwz_joint,832,false,false,false,missing,false,true,gradient_only,5,1,16,1560,1437,0.7309553132036877,28.067353229946317,missing
red2:lane1:snr20.0:seed4:frame13,20.0,13,cwz_joint,759,false,false,false,missing,false,true,gradient_only,7,1,16,1534,1330,0.4375544946817358,6.353349916099672,missing
red2:lane1:snr20.0:seed4:frame14,20.0,14,cwz_joint,949,false,false,false,missing,false,true,gradient_only,8,1,16,1574,1349,1.390780374821983,24.900959059962673,missing
red2:lane1:snr20.0:seed4:frame15,20.0,15,cwz_joint,687,false,false,false,missing,false,true,gradient_only,8,1,16,1500,1318,0.40445644988053575,55.836394996995914,missing
red2:lane1:snr20.0:seed4:frame16,20.0,16,cwz_joint,725,false,false,false,missing,false,true,gradient_only,8,1,16,1521,1287,0.475050322974551,12.115623703198947,missing
red2:lane1:snr20.0:seed4:frame17,20.0,17,cwz_joint,719,false,false,false,missing,false,true,gradient_only,8,1,16,1479,1210,0.47995305974713026,20.40144728639819,missing
red2:lane1:snr20.0:seed4:frame18,20.0,18,cwz_joint,933,false,false,false,missing,false,true,gradient_only,8,1,16,1573,1431,0.9054802431386861,14.465948592410287,missing
red2:lane1:snr20.0:seed4:frame19,20.0,19,cwz_joint,817,false,false,false,missing,false,true,gradient_only,8,1,16,1571,1274,0.672811173538908,14.102779587485117,missing
red2:lane1:snr20.0:seed4:frame20,20.0,20,cwz_joint,738,false,false,false,missing,false,true,gradient_only,8,1,16,1523,1252,0.680132760251075,13.078063407298925,missing
red2:lane1:snr20.0:seed4:frame21,20.0,21,cwz_joint,697,false,false,false,missing,false,true,gradient_only,8,1,16,1499,1263,0.3809078664790666,22.548706881923096,missing
red2:lane1:snr20.0:seed4:frame22,20.0,22,cwz_joint,754,false,false,false,missing,false,true,gradient_only,7,1,16,1559,1327,0.7202242908702814,19.02401959893263,missing
red2:lane1:snr20.0:seed4:frame23,20.0,23,cwz_joint,862,false,false,false,missing,false,true,gradient_only,8,1,16,1596,1360,1.784685905516614,19.417536300225503,missing
red2:lane1:snr20.0:seed4:frame24,20.0,24,cwz_joint,995,false,false,false,missing,false,true,gradient_only,8,1,16,1566,1341,214.85338261740512,36.31286921447114,missing
red2:lane1:snr20.0:seed4:frame25,20.0,25,cwz_joint,803,false,false,false,missing,false,true,gradient_only,6,1,16,1557,1382,0.9293082005046261,37.67822361737462,missing
red2:lane1:snr20.0:seed4:frame26,20.0,26,cwz_joint,600,false,false,false,missing,false,true,gradient_only,8,1,16,1417,1365,0.4471559293662869,14.640222845838801,missing
red2:lane1:snr20.0:seed4:frame27,20.0,27,cwz_joint,804,false,false,false,missing,false,true,gradient_only,8,1,16,1519,1363,1.732328311733043,28.03867687878395,missing
red2:lane1:snr20.0:seed4:frame28,20.0,28,cwz_joint,647,false,false,false,missing,false,true,gradient_only,7,1,16,1533,1296,0.6002757696335005,20.202951028306924,missing
red2:lane1:snr20.0:seed4:frame29,20.0,29,cwz_joint,832,false,false,false,missing,false,true,gradient_only,7,1,16,1572,1314,1.469160393951679,42.026432910304145,missing
red2:lane1:snr20.0:seed4:frame30,20.0,30,cwz_joint,863,false,false,false,missing,false,true,gradient_only,8,1,16,1597,1357,0.786050348767886,14.59543251095673,missing
red2:lane1:snr20.0:seed4:frame31,20.0,31,cwz_joint,894,false,false,false,missing,false,true,gradient_only,7,1,16,1564,1305,1.2645830167797714,20.552839886062536,missing
red2:lane1:snr20.0:seed4:frame32,20.0,32,cwz_joint,803,false,false,false,missing,false,true,gradient_only,8,1,16,1514,1388,0.4361411888845886,51.283147081427074,missing
red2:lane1:snr20.0:seed4:frame33,20.0,33,cwz_joint,705,false,false,false,missing,false,true,gradient_only,8,1,16,1489,1304,0.6889510499813271,60.78736488802643,missing
red2:lane1:snr20.0:seed4:frame34,20.0,34,cwz_joint,852,false,false,false,missing,false,true,gradient_only,8,1,16,1560,1371,1.3924188820428252,34.532998682003445,missing
red2:lane1:snr20.0:seed4:frame35,20.0,35,cwz_joint,940,false,false,false,missing,false,true,gradient_only,8,1,16,1553,1334,1.4548389757208844,37.02949337397983,missing
red2:lane1:snr20.0:seed4:frame36,20.0,36,cwz_joint,909,false,false,false,missing,false,true,gradient_only,8,1,16,1550,1366,0.7740299454526528,38.65864713012333,missing
red2:lane1:snr20.0:seed4:frame37,20.0,37,cwz_joint,741,false,false,false,missing,false,true,gradient_only,8,1,16,1523,1330,0.7389461267529797,11.579876551870198,missing
red2:lane1:snr20.0:seed4:frame38,20.0,38,cwz_joint,746,false,false,false,missing,false,true,gradient_only,8,1,16,1569,1373,2.725441854925963,17.669805753782377,missing
red2:lane1:snr20.0:seed4:frame39,20.0,39,cwz_joint,845,false,false,false,missing,false,true,gradient_only,8,1,16,1560,1374,0.6334355984409237,13.26728423089436,missing
red2:lane1:snr20.0:seed4:frame40,20.0,40,cwz_joint,686,false,false,false,missing,false,true,gradient_only,8,1,16,1558,1241,0.5538686004014357,48.52883210538609,missing
red2:lane1:snr20.0:seed4:frame41,20.0,41,cwz_joint,745,false,false,false,missing,false,true,gradient_only,8,1,16,1508,1293,0.5845454808855266,19.01452672560257,missing
red2:lane1:snr20.0:seed4:frame42,20.0,42,cwz_joint,926,false,false,false,missing,false,true,gradient_only,8,1,16,1558,1398,1.1508393569211934,49.71653314752635,missing
red2:lane1:snr20.0:seed4:frame43,20.0,43,cwz_joint,1079,false,false,false,missing,false,true,gradient_only,7,1,16,1555,1276,1.26016103493847,111.25796055072858,missing
red2:lane1:snr20.0:seed4:frame44,20.0,44,cwz_joint,960,false,false,false,missing,false,true,gradient_only,8,1,16,1565,1370,1.3123400307015471,107.46660404334914,missing
red2:lane1:snr20.0:seed4:frame45,20.0,45,cwz_joint,933,false,false,false,missing,false,true,gradient_only,8,1,16,1577,1379,0.6463121266551645,26.785090694361013,missing
red2:lane1:snr20.0:seed4:frame46,20.0,46,cwz_joint,809,false,false,false,missing,false,true,gradient_only,8,1,16,1571,1329,1.8184034593038256,48.531183592445544,missing
red2:lane1:snr20.0:seed4:frame47,20.0,47,cwz_joint,722,false,false,false,missing,false,true,gradient_only,7,1,16,1532,1320,0.5483630045412301,131.76869284512614,missing
red2:lane1:snr20.0:seed4:frame48,20.0,48,cwz_joint,703,false,false,false,missing,false,true,gradient_only,8,1,16,1527,1468,0.5487461188745423,95.0957831365679,missing
red2:lane1:snr20.0:seed4:frame49,20.0,49,cwz_joint,782,false,false,false,missing,false,true,gradient_only,7,1,16,1572,1310,2.1251135800341556,20.318848518736676,missing
red2:lane1:snr20.0:seed4:frame50,20.0,50,cwz_joint,798,false,false,false,missing,false,true,gradient_only,8,1,16,1549,1348,1.075678457236129,30.35461305812349,missing
red2:lane1:snr20.0:seed4:frame51,20.0,51,cwz_joint,782,false,false,false,missing,false,true,gradient_only,7,1,16,1588,1297,0.7862798179284881,43.344167648167634,missing
red2:lane1:snr20.0:seed4:frame52,20.0,52,cwz_joint,707,false,false,false,missing,false,true,gradient_only,8,1,16,1494,1294,0.44423842345413883,33.28651703721361,missing
red2:lane1:snr20.0:seed4:frame53,20.0,53,cwz_joint,657,false,false,false,missing,false,true,gradient_only,8,1,16,1509,1312,2.0514182841695927,22.686849203669972,missing
red2:lane1:snr20.0:seed4:frame54,20.0,54,cwz_joint,848,false,false,false,missing,false,true,gradient_only,8,1,16,1551,1321,0.7314432033694722,69.70087151463197,missing
red2:lane1:snr20.0:seed4:frame55,20.0,55,cwz_joint,782,false,false,false,missing,false,true,gradient_only,8,1,16,1581,1249,0.8865311647163722,26.427346644844135,missing
red2:lane1:snr20.0:seed4:frame56,20.0,56,cwz_joint,826,false,false,false,missing,false,true,gradient_only,8,1,16,1569,1359,0.9955618566911365,35.48354705646009,missing
red2:lane1:snr20.0:seed4:frame57,20.0,57,cwz_joint,820,false,false,false,missing,false,true,gradient_only,8,1,16,1542,1253,1.0147363300662093,32.22673945310319,missing
red2:lane1:snr20.0:seed4:frame58,20.0,58,cwz_joint,661,false,false,false,missing,false,true,gradient_only,8,1,16,1545,1275,0.44478727002238,48.37922129003977,missing
red2:lane1:snr20.0:seed4:frame59,20.0,59,cwz_joint,763,false,false,false,missing,false,true,gradient_only,8,1,16,1565,1336,0.5624379031447925,19.420592737861,missing
red2:lane1:snr20.0:seed4:frame60,20.0,60,cwz_joint,769,false,false,false,missing,false,true,gradient_only,8,1,16,1534,1294,2.4365464001422645,25.196078776483134,missing
red2:lane1:snr20.0:seed4:frame1,20.0,1,profiled_cz,690,false,false,false,missing,false,true,gradient_only,7,1,16,1583,1518,1.3917556801683302,7.902416124699631,missing
red2:lane1:snr20.0:seed4:frame2,20.0,2,profiled_cz,837,false,false,false,missing,false,true,gradient_only,4,1,16,1621,1517,1.1311876276110253,3.025561964828548,missing
red2:lane1:snr20.0:seed4:frame3,20.0,3,profiled_cz,696,false,false,false,missing,false,true,gradient_only,6,1,16,1581,1575,0.5556644626118901,5.202563853089582,missing
red2:lane1:snr20.0:seed4:frame4,20.0,4,profiled_cz,759,false,false,false,missing,false,true,gradient_only,8,1,16,1577,1511,4.889742716480421,10.565389577952123,missing
red2:lane1:snr20.0:seed4:frame5,20.0,5,profiled_cz,331,false,false,false,missing,false,true,gradient_only,0,1,16,1399,1399,0.30190261274567315,0.30190261274567315,missing
red2:lane1:snr20.0:seed4:frame6,20.0,6,profiled_cz,636,false,false,false,missing,false,true,gradient_only,3,1,16,1553,1503,1.2349179476907013,6.361323526198538,missing
red2:lane1:snr20.0:seed4:frame7,20.0,7,profiled_cz,798,false,false,false,missing,false,true,gradient_only,4,1,16,1547,1523,8.896205089348976,4.315857691275373,missing
red2:lane1:snr20.0:seed4:frame8,20.0,8,profiled_cz,771,false,false,false,missing,false,true,gradient_only,1,1,16,1569,1528,1.08854987221669,4.74040803594745,missing
red2:lane1:snr20.0:seed4:frame9,20.0,9,profiled_cz,714,false,false,false,missing,false,true,gradient_only,1,1,16,1567,1526,0.503488859751211,2.498095572814593,missing
red2:lane1:snr20.0:seed4:frame10,20.0,10,profiled_cz,767,false,false,false,missing,false,true,gradient_only,4,1,16,1585,1504,0.5191225065045165,34.96982977452552,missing
red2:lane1:snr20.0:seed4:frame11,20.0,11,profiled_cz,696,false,false,false,missing,false,true,gradient_only,3,1,16,1576,1532,1.0747923281395764,3.542714086293601,missing
red2:lane1:snr20.0:seed4:frame12,20.0,12,profiled_cz,789,false,false,false,missing,false,true,gradient_only,1,1,16,1560,1530,0.7309553132036877,4.69228573260711,missing
red2:lane1:snr20.0:seed4:frame13,20.0,13,profiled_cz,498,false,false,false,missing,false,true,gradient_only,0,1,16,1534,1534,0.4375544946817358,0.4375544946817358,missing
red2:lane1:snr20.0:seed4:frame14,20.0,14,profiled_cz,789,false,false,false,missing,false,true,gradient_only,3,1,16,1574,1567,1.390780374821983,5.839993654698922,missing
red2:lane1:snr20.0:seed4:frame15,20.0,15,profiled_cz,605,false,false,false,missing,false,true,gradient_only,2,1,16,1500,1497,0.40445644988053575,6.461897104925786,missing
red2:lane1:snr20.0:seed4:frame16,20.0,16,profiled_cz,591,false,false,false,missing,false,true,gradient_only,6,1,16,1521,1479,0.475050322974551,2.655694247485266,missing
red2:lane1:snr20.0:seed4:frame17,20.0,17,profiled_cz,572,false,false,false,missing,false,true,gradient_only,2,1,16,1479,1465,0.47995305974713026,3.712866577330436,missing
red2:lane1:snr20.0:seed4:frame18,20.0,18,profiled_cz,803,false,false,false,missing,false,true,gradient_only,2,1,16,1573,1557,0.9054802431386861,2.9522305640691098,missing
red2:lane1:snr20.0:seed4:frame19,20.0,19,profiled_cz,748,false,false,false,missing,false,true,gradient_only,4,1,16,1571,1528,0.672811173538908,3.2309278513547004,missing
red2:lane1:snr20.0:seed4:frame20,20.0,20,profiled_cz,484,false,false,false,missing,false,true,gradient_only,0,1,16,1523,1523,0.680132760251075,0.680132760251075,missing
red2:lane1:snr20.0:seed4:frame21,20.0,21,profiled_cz,583,false,false,false,missing,false,true,gradient_only,7,1,16,1499,1492,0.3809078664790666,3.564404192167275,missing
red2:lane1:snr20.0:seed4:frame22,20.0,22,profiled_cz,667,false,false,false,missing,false,true,gradient_only,1,1,16,1559,1524,0.7202242908702814,5.462011418479507,missing
red2:lane1:snr20.0:seed4:frame23,20.0,23,profiled_cz,701,false,false,false,missing,false,true,gradient_only,1,1,16,1596,1529,1.784685905516614,2.978048073452237,missing
red2:lane1:snr20.0:seed4:frame24,20.0,24,profiled_cz,859,false,false,false,missing,false,true,gradient_only,7,1,16,1566,1477,214.85338261740512,7.383468251068154,missing
red2:lane1:snr20.0:seed4:frame25,20.0,25,profiled_cz,731,false,false,false,missing,false,true,gradient_only,5,1,16,1557,1517,0.9293082005046261,6.190178328255782,missing
red2:lane1:snr20.0:seed4:frame26,20.0,26,profiled_cz,367,false,false,false,missing,false,true,gradient_only,0,1,16,1417,1417,0.4471559293662869,0.4471559293662869,missing
red2:lane1:snr20.0:seed4:frame27,20.0,27,profiled_cz,518,false,false,false,missing,false,true,gradient_only,0,1,16,1519,1519,1.732328311733043,1.732328311733043,missing
red2:lane1:snr20.0:seed4:frame28,20.0,28,profiled_cz,502,false,false,false,missing,false,true,gradient_only,4,1,16,1533,1506,0.6002757696335005,8.05112655128763,missing
red2:lane1:snr20.0:seed4:frame29,20.0,29,profiled_cz,713,false,false,false,missing,false,true,gradient_only,1,1,16,1572,1497,1.469160393951679,6.408701185847374,missing
red2:lane1:snr20.0:seed4:frame30,20.0,30,profiled_cz,824,false,false,false,missing,false,true,gradient_only,7,1,16,1597,1501,0.786050348767886,2.901347796507315,missing
red2:lane1:snr20.0:seed4:frame31,20.0,31,profiled_cz,694,false,false,false,missing,false,true,gradient_only,0,1,16,1564,1564,1.2645830167797714,1.2645830167797714,missing
red2:lane1:snr20.0:seed4:frame32,20.0,32,profiled_cz,509,false,false,false,missing,false,true,gradient_only,0,1,16,1514,1514,0.4361411888845886,0.4361411888845886,missing
red2:lane1:snr20.0:seed4:frame33,20.0,33,profiled_cz,399,false,false,false,missing,false,true,gradient_only,0,1,16,1489,1489,0.6889510499813271,0.6889510499813271,missing
red2:lane1:snr20.0:seed4:frame34,20.0,34,profiled_cz,757,false,false,false,missing,false,true,gradient_only,8,1,16,1560,1511,1.3924188820428252,5.430997856615343,missing
red2:lane1:snr20.0:seed4:frame35,20.0,35,profiled_cz,809,false,false,false,missing,false,true,gradient_only,2,1,16,1553,1492,1.4548389757208844,10.548628698323755,missing
red2:lane1:snr20.0:seed4:frame36,20.0,36,profiled_cz,797,false,false,false,missing,false,true,gradient_only,3,1,16,1550,1516,0.7740299454526528,5.5981343178071095,missing
red2:lane1:snr20.0:seed4:frame37,20.0,37,profiled_cz,628,false,false,false,missing,false,true,gradient_only,4,1,16,1523,1464,0.7389461267529797,2.4585610471323434,missing
red2:lane1:snr20.0:seed4:frame38,20.0,38,profiled_cz,649,false,false,false,missing,false,true,gradient_only,8,1,16,1569,1506,2.725441854925963,4.708062949251682,missing
red2:lane1:snr20.0:seed4:frame39,20.0,39,profiled_cz,711,false,false,false,missing,false,true,gradient_only,4,1,16,1560,1509,0.6334355984409237,2.0827278893917156,missing
red2:lane1:snr20.0:seed4:frame40,20.0,40,profiled_cz,585,false,false,false,missing,false,true,gradient_only,3,1,16,1558,1496,0.5538686004014357,10.152285275498476,missing
red2:lane1:snr20.0:seed4:frame41,20.0,41,profiled_cz,682,false,false,false,missing,false,true,gradient_only,2,1,16,1508,1477,0.5845454808855266,2.8281156584362352,missing
red2:lane1:snr20.0:seed4:frame42,20.0,42,profiled_cz,772,false,false,false,missing,false,true,gradient_only,3,1,16,1558,1544,1.1508393569211934,7.762771896927096,missing
red2:lane1:snr20.0:seed4:frame43,20.0,43,profiled_cz,1030,false,false,false,missing,false,true,gradient_only,6,1,16,1555,1506,1.26016103493847,51.782523468232746,missing
red2:lane1:snr20.0:seed4:frame44,20.0,44,profiled_cz,875,false,false,false,missing,false,true,gradient_only,8,1,16,1565,1538,1.3123400307015471,11.875850821423619,missing
red2:lane1:snr20.0:seed4:frame45,20.0,45,profiled_cz,789,false,false,false,missing,false,true,gradient_only,6,1,16,1577,1537,0.6463121266551645,15.957565966853531,missing
red2:lane1:snr20.0:seed4:frame46,20.0,46,profiled_cz,796,false,false,false,missing,false,true,gradient_only,6,1,16,1571,1533,1.8184034593038256,16.676640606260666,missing
red2:lane1:snr20.0:seed4:frame47,20.0,47,profiled_cz,644,false,false,false,missing,false,true,gradient_only,8,1,16,1532,1497,0.5483630045412301,9.584812945510564,missing
red2:lane1:snr20.0:seed4:frame48,20.0,48,profiled_cz,582,false,false,false,missing,false,true,gradient_only,8,1,16,1527,1511,0.5487461188745423,16.590670519442735,missing
red2:lane1:snr20.0:seed4:frame49,20.0,49,profiled_cz,702,false,false,false,missing,false,true,gradient_only,3,1,16,1572,1542,2.1251135800341556,3.3343949780925453,missing
red2:lane1:snr20.0:seed4:frame50,20.0,50,profiled_cz,705,false,false,false,missing,false,true,gradient_only,4,1,16,1549,1490,1.075678457236129,9.210974080957572,missing
red2:lane1:snr20.0:seed4:frame51,20.0,51,profiled_cz,724,false,false,false,missing,false,true,gradient_only,3,1,16,1588,1490,0.7862798179284881,4.80221091861505,missing
red2:lane1:snr20.0:seed4:frame52,20.0,52,profiled_cz,507,false,false,false,missing,false,true,gradient_only,0,1,16,1494,1494,0.44423842345413883,0.44423842345413883,missing
red2:lane1:snr20.0:seed4:frame53,20.0,53,profiled_cz,543,false,false,false,missing,false,true,gradient_only,4,1,16,1509,1503,2.0514182841695927,3.90553925319093,missing
red2:lane1:snr20.0:seed4:frame54,20.0,54,profiled_cz,578,false,false,false,missing,false,true,gradient_only,0,1,16,1551,1551,0.7314432033694722,0.7314432033694722,missing
red2:lane1:snr20.0:seed4:frame55,20.0,55,profiled_cz,752,false,false,false,missing,false,true,gradient_only,1,1,16,1581,1502,0.8865311647163722,22.503144325684993,missing
red2:lane1:snr20.0:seed4:frame56,20.0,56,profiled_cz,728,false,false,false,missing,false,true,gradient_only,4,1,16,1569,1550,0.9955618566911365,5.524146695543244,missing
red2:lane1:snr20.0:seed4:frame57,20.0,57,profiled_cz,695,false,false,false,missing,false,true,gradient_only,7,1,16,1542,1516,1.0147363300662093,7.07123860467301,missing
red2:lane1:snr20.0:seed4:frame58,20.0,58,profiled_cz,573,false,false,false,missing,false,true,gradient_only,7,1,16,1545,1498,0.44478727002238,7.7914325656823005,missing
red2:lane1:snr20.0:seed4:frame59,20.0,59,profiled_cz,608,false,false,false,missing,false,true,gradient_only,8,1,16,1565,1499,0.5624379031447925,4.058743558144033,missing
red2:lane1:snr20.0:seed4:frame60,20.0,60,profiled_cz,656,false,false,false,missing,false,true,gradient_only,2,1,16,1534,1507,2.4365464001422645,4.516462861357787,missing
red2:lane1:snr22.0:seed4:frame1,22.0,1,cwz_joint,768,false,false,false,missing,false,true,gradient_only,8,1,16,1563,1209,1.499923127051536,51.45666031280307,missing
red2:lane1:snr22.0:seed4:frame2,22.0,2,cwz_joint,883,false,false,false,missing,false,true,gradient_only,8,1,16,1542,1371,0.9323104758605228,16.49963864252974,missing
red2:lane1:snr22.0:seed4:frame3,22.0,3,cwz_joint,779,false,false,false,missing,false,true,gradient_only,5,1,16,1549,1362,0.6548485183816082,44.9528765228077,missing
red2:lane1:snr22.0:seed4:frame4,22.0,4,cwz_joint,847,false,false,false,missing,false,true,gradient_only,8,1,16,1495,1309,0.6111778660138525,160.5445517110559,missing
red2:lane1:snr22.0:seed4:frame5,22.0,5,cwz_joint,547,false,false,false,missing,false,true,gradient_only,8,1,16,1438,1217,0.282607454279647,106.4942610650804,missing
red2:lane1:snr22.0:seed4:frame6,22.0,6,cwz_joint,735,false,false,false,missing,false,true,gradient_only,8,1,16,1481,1286,0.7022407558088023,34.83763449677802,missing
red2:lane1:snr22.0:seed4:frame7,22.0,7,cwz_joint,810,false,false,false,missing,false,true,gradient_only,6,1,16,1575,1310,2.033557115070012,28.61755103679285,missing
red2:lane1:snr22.0:seed4:frame8,22.0,8,cwz_joint,881,false,false,false,missing,false,true,gradient_only,8,1,16,1594,1444,1.06056095682338,21.351808111980112,missing
red2:lane1:snr22.0:seed4:frame9,22.0,9,cwz_joint,766,false,false,false,missing,false,true,gradient_only,8,1,16,1495,1374,0.43687892344226104,12.877068988355713,missing
red2:lane1:snr22.0:seed4:frame10,22.0,10,cwz_joint,865,false,false,false,missing,false,true,gradient_only,8,1,16,1593,1458,0.42400604860107144,27.65243517274121,missing
red2:lane1:snr22.0:seed4:frame11,22.0,11,cwz_joint,734,false,false,false,missing,false,true,gradient_only,7,1,16,1574,1298,0.6441898061358979,25.687645381589487,missing
red2:lane1:snr22.0:seed4:frame12,22.0,12,cwz_joint,810,false,false,false,missing,false,true,gradient_only,8,1,16,1543,1255,1.511515707484377,24.574286675304787,missing
red2:lane1:snr22.0:seed4:frame13,22.0,13,cwz_joint,739,false,false,false,missing,false,true,gradient_only,8,1,16,1564,1354,0.468708168161736,5.352957763379318,missing
red2:lane1:snr22.0:seed4:frame14,22.0,14,cwz_joint,880,false,false,false,missing,false,true,gradient_only,8,1,16,1550,1351,0.6695347396703991,21.32937984322714,missing
red2:lane1:snr22.0:seed4:frame15,22.0,15,cwz_joint,668,false,false,false,missing,false,true,gradient_only,5,1,16,1520,1415,0.3381521615791909,95.27621413124848,missing
red2:lane1:snr22.0:seed4:frame16,22.0,16,cwz_joint,654,false,false,false,missing,false,true,gradient_only,8,1,16,1479,1275,0.9369957544063773,11.813475706366226,missing
red2:lane1:snr22.0:seed4:frame17,22.0,17,cwz_joint,639,false,false,false,missing,false,true,gradient_only,7,1,16,1433,1299,0.4342111688359344,21.312024553070025,missing
red2:lane1:snr22.0:seed4:frame18,22.0,18,cwz_joint,866,false,false,false,missing,false,true,gradient_only,8,1,16,1539,1313,0.7622614800207651,13.506379611082373,missing
red2:lane1:snr22.0:seed4:frame19,22.0,19,cwz_joint,785,false,false,false,missing,false,true,gradient_only,7,1,16,1560,1305,1.1698451524278255,14.37174695042106,missing
red2:lane1:snr22.0:seed4:frame20,22.0,20,cwz_joint,719,false,false,false,missing,false,true,gradient_only,5,1,16,1523,1367,0.5178823412554635,15.793787117796269,missing
red2:lane1:snr22.0:seed4:frame21,22.0,21,cwz_joint,603,false,false,false,missing,false,true,gradient_only,8,1,16,1474,1225,0.4835818167221612,22.255537954899488,missing
red2:lane1:snr22.0:seed4:frame22,22.0,22,cwz_joint,710,false,false,false,missing,false,true,gradient_only,7,1,16,1529,1355,0.48987048399098476,16.908454371395194,missing
red2:lane1:snr22.0:seed4:frame23,22.0,23,cwz_joint,785,false,false,false,missing,false,true,gradient_only,7,1,16,1552,1297,1.1284785994704467,19.66984187757126,missing
red2:lane1:snr22.0:seed4:frame24,22.0,24,cwz_joint,964,false,false,false,missing,false,true,gradient_only,8,1,16,1605,1306,3.6131831661080236,34.32991106077521,missing
red2:lane1:snr22.0:seed4:frame25,22.0,25,cwz_joint,763,false,false,false,missing,false,true,gradient_only,8,1,16,1569,1341,0.5911117583451614,33.35229886269045,missing
red2:lane1:snr22.0:seed4:frame26,22.0,26,cwz_joint,566,false,false,false,missing,false,true,gradient_only,8,1,16,1440,1233,0.5151717578236826,14.596963485089537,missing
red2:lane1:snr22.0:seed4:frame27,22.0,27,cwz_joint,754,false,false,false,missing,false,true,gradient_only,8,1,16,1582,1318,2.094805924502293,26.669867777707584,missing
red2:lane1:snr22.0:seed4:frame28,22.0,28,cwz_joint,686,false,false,false,missing,false,true,gradient_only,8,1,16,1547,1209,0.8198912089420614,18.288299219059752,missing
red2:lane1:snr22.0:seed4:frame29,22.0,29,cwz_joint,875,false,false,false,missing,false,true,gradient_only,8,1,16,1621,1210,0.7634331688829838,35.282805263191726,missing
red2:lane1:snr22.0:seed4:frame30,22.0,30,cwz_joint,818,false,false,false,missing,false,true,gradient_only,8,1,16,1543,1271,1.0459353823185829,13.738100773816742,missing
red2:lane1:snr22.0:seed4:frame31,22.0,31,cwz_joint,890,false,false,false,missing,false,true,gradient_only,7,1,16,1576,1393,0.7721520336336812,20.447374428462602,missing
red2:lane1:snr22.0:seed4:frame32,22.0,32,cwz_joint,623,false,false,false,missing,false,true,gradient_only,8,1,16,1457,1257,0.5892804092933749,49.33785427991573,missing
red2:lane1:snr22.0:seed4:frame33,22.0,33,cwz_joint,632,false,false,false,missing,false,true,gradient_only,8,1,16,1503,1288,0.5082550095336631,61.05560962894014,missing
red2:lane1:snr22.0:seed4:frame34,22.0,34,cwz_joint,831,false,false,false,missing,false,true,gradient_only,8,1,16,1555,1226,1.4513330048728286,33.26206991602116,missing
red2:lane1:snr22.0:seed4:frame35,22.0,35,cwz_joint,926,false,false,false,missing,false,true,gradient_only,8,1,16,1554,1325,2.4585681229868883,35.46994365984288,missing
red2:lane1:snr22.0:seed4:frame36,22.0,36,cwz_joint,890,false,false,false,missing,false,true,gradient_only,8,1,16,1533,1366,0.6368633158623684,37.68962718360261,missing
red2:lane1:snr22.0:seed4:frame37,22.0,37,cwz_joint,754,false,false,false,missing,false,true,gradient_only,8,1,16,1517,1396,0.6308242668070565,11.243878901942656,missing
red2:lane1:snr22.0:seed4:frame38,22.0,38,cwz_joint,747,false,false,false,missing,false,true,gradient_only,8,1,16,1575,1280,0.5575752126549833,16.41213122357169,missing
red2:lane1:snr22.0:seed4:frame39,22.0,39,cwz_joint,792,false,false,false,missing,false,true,gradient_only,8,1,16,1564,1246,0.6588715392881186,12.877312101790098,missing
red2:lane1:snr22.0:seed4:frame40,22.0,40,cwz_joint,634,false,false,false,missing,false,true,gradient_only,8,1,16,1468,1333,0.5460413532242446,72.10790166208774,missing
red2:lane1:snr22.0:seed4:frame41,22.0,41,cwz_joint,795,false,false,false,missing,false,true,gradient_only,8,1,16,1530,1373,0.9370861146854524,16.908234908622365,missing
red2:lane1:snr22.0:seed4:frame42,22.0,42,cwz_joint,783,false,false,false,missing,false,true,gradient_only,5,1,16,1514,1403,1.3036455115427783,49.61816532220017,missing
red2:lane1:snr22.0:seed4:frame43,22.0,43,cwz_joint,1093,false,false,false,missing,false,true,gradient_only,8,1,16,1624,1329,2.061170774122799,68.0206616876164,missing
red2:lane1:snr22.0:seed4:frame44,22.0,44,cwz_joint,946,false,false,false,missing,false,true,gradient_only,7,1,16,1587,1358,1.0071899200406362,136.24748769681173,missing
red2:lane1:snr22.0:seed4:frame45,22.0,45,cwz_joint,893,false,false,false,missing,false,true,gradient_only,8,1,16,1569,1388,0.8534386165969577,25.715778167677414,missing
red2:lane1:snr22.0:seed4:frame46,22.0,46,cwz_joint,754,false,false,false,missing,false,true,gradient_only,7,1,16,1536,1389,0.5996230420216924,45.24707176839327,missing
red2:lane1:snr22.0:seed4:frame47,22.0,47,cwz_joint,739,false,false,false,missing,false,true,gradient_only,8,1,16,1515,1332,0.6362682144949604,110.84943987743964,missing
red2:lane1:snr22.0:seed4:frame48,22.0,48,cwz_joint,664,false,false,false,missing,false,true,gradient_only,8,1,16,1565,1286,0.49374108795686283,84.23055813135078,missing
red2:lane1:snr22.0:seed4:frame49,22.0,49,cwz_joint,695,false,false,false,missing,false,true,gradient_only,8,1,16,1550,1333,1.794123744782226,17.775190361458456,missing
red2:lane1:snr22.0:seed4:frame50,22.0,50,cwz_joint,890,false,false,false,missing,false,true,gradient_only,8,1,16,1537,1381,1.2114913129863158,30.213115859268417,missing
red2:lane1:snr22.0:seed4:frame51,22.0,51,cwz_joint,791,false,false,false,missing,false,true,gradient_only,8,1,16,1542,1301,0.8871915684637794,37.670505620640064,missing
red2:lane1:snr22.0:seed4:frame52,22.0,52,cwz_joint,660,false,false,false,missing,false,true,gradient_only,8,1,16,1482,1226,0.6347618058990657,33.87153185365141,missing
red2:lane1:snr22.0:seed4:frame53,22.0,53,cwz_joint,672,false,false,false,missing,false,true,gradient_only,7,1,16,1521,1325,0.5089558904488662,22.521478467784796,missing
red2:lane1:snr22.0:seed4:frame54,22.0,54,cwz_joint,769,false,false,false,missing,false,true,gradient_only,7,1,16,1513,1297,0.9721099258381772,71.74248632592057,missing
red2:lane1:snr22.0:seed4:frame55,22.0,55,cwz_joint,815,false,false,false,missing,false,true,gradient_only,8,1,16,1536,1408,0.8803410123139894,26.591461138355722,missing
red2:lane1:snr22.0:seed4:frame56,22.0,56,cwz_joint,825,false,false,false,missing,false,true,gradient_only,8,1,16,1568,1357,0.7386752038254902,35.83916904354044,missing
red2:lane1:snr22.0:seed4:frame57,22.0,57,cwz_joint,796,false,false,false,missing,false,true,gradient_only,8,1,16,1535,1351,0.7980981568432295,31.26806901458068,missing
red2:lane1:snr22.0:seed4:frame58,22.0,58,cwz_joint,619,false,false,false,missing,false,true,gradient_only,7,1,16,1477,1304,0.39462399388576963,48.88094860996895,missing
red2:lane1:snr22.0:seed4:frame59,22.0,59,cwz_joint,689,false,false,false,missing,false,true,gradient_only,8,1,16,1518,1242,0.6046219120061508,18.337920571758247,missing
red2:lane1:snr22.0:seed4:frame60,22.0,60,cwz_joint,781,false,false,false,missing,false,true,gradient_only,8,1,16,1515,1368,0.6878854183608161,27.341056253861396,missing
red2:lane1:snr22.0:seed4:frame1,22.0,1,profiled_cz,752,false,false,false,missing,false,true,gradient_only,1,1,16,1563,1522,1.499923127051536,9.678703909182302,missing
red2:lane1:snr22.0:seed4:frame2,22.0,2,profiled_cz,799,false,false,false,missing,false,true,gradient_only,6,1,16,1542,1448,0.9323104758605228,2.9278472284371997,missing
red2:lane1:snr22.0:seed4:frame3,22.0,3,profiled_cz,655,false,false,false,missing,false,true,gradient_only,1,1,16,1549,1537,0.6548485183816082,4.802943870131786,missing
red2:lane1:snr22.0:seed4:frame4,22.0,4,profiled_cz,751,false,false,false,missing,false,true,gradient_only,2,1,16,1495,1494,0.6111778660138525,12.896775017456594,missing
red2:lane1:snr22.0:seed4:frame5,22.0,5,profiled_cz,352,false,false,false,missing,false,true,gradient_only,0,1,16,1438,1438,0.282607454279647,0.282607454279647,missing
red2:lane1:snr22.0:seed4:frame6,22.0,6,profiled_cz,618,false,false,false,missing,false,true,gradient_only,7,1,16,1481,1454,0.7022407558088023,4.299610718032846,missing
red2:lane1:snr22.0:seed4:frame7,22.0,7,profiled_cz,709,false,false,false,missing,false,true,gradient_only,2,1,16,1575,1503,2.033557115070012,4.751243354218868,missing
red2:lane1:snr22.0:seed4:frame8,22.0,8,profiled_cz,814,false,false,false,missing,false,true,gradient_only,6,1,16,1594,1505,1.06056095682338,4.6180498722262975,missing
red2:lane1:snr22.0:seed4:frame9,22.0,9,profiled_cz,509,false,false,false,missing,false,true,gradient_only,0,1,16,1495,1495,0.43687892344226104,0.43687892344226104,missing
red2:lane1:snr22.0:seed4:frame10,22.0,10,profiled_cz,732,false,false,false,missing,false,true,gradient_only,1,1,16,1593,1530,0.42400604860107144,14.159022693544449,missing
red2:lane1:snr22.0:seed4:frame11,22.0,11,profiled_cz,641,false,false,false,missing,false,true,gradient_only,8,1,16,1574,1528,0.6441898061358979,3.7180452073031343,missing
red2:lane1:snr22.0:seed4:frame12,22.0,12,profiled_cz,739,false,false,false,missing,false,true,gradient_only,4,1,16,1543,1469,1.511515707484377,4.08435856568589,missing
red2:lane1:snr22.0:seed4:frame13,22.0,13,profiled_cz,609,false,false,false,missing,false,true,gradient_only,7,1,16,1564,1522,0.468708168161736,1.4716233113777784,missing
red2:lane1:snr22.0:seed4:frame14,22.0,14,profiled_cz,790,false,false,false,missing,false,true,gradient_only,6,1,16,1550,1501,0.6695347396703991,8.922996294308232,missing
red2:lane1:snr22.0:seed4:frame15,22.0,15,profiled_cz,418,false,false,false,missing,false,true,gradient_only,0,1,16,1520,1520,0.3381521615791909,0.3381521615791909,missing
red2:lane1:snr22.0:seed4:frame16,22.0,16,profiled_cz,389,false,false,false,missing,false,true,gradient_only,0,1,16,1479,1479,0.9369957544063773,0.9369957544063773,missing
red2:lane1:snr22.0:seed4:frame17,22.0,17,profiled_cz,360,false,false,false,missing,false,true,gradient_only,0,1,16,1433,1433,0.4342111688359344,0.4342111688359344,missing
red2:lane1:snr22.0:seed4:frame18,22.0,18,profiled_cz,745,false,false,false,missing,false,true,gradient_only,3,1,16,1539,1498,0.7622614800207651,3.0351619135942562,missing
red2:lane1:snr22.0:seed4:frame19,22.0,19,profiled_cz,680,false,false,false,missing,false,true,gradient_only,8,1,16,1560,1506,1.1698451524278255,3.375032105517004,missing
red2:lane1:snr22.0:seed4:frame20,22.0,20,profiled_cz,685,false,false,false,missing,false,true,gradient_only,4,1,16,1523,1510,0.5178823412554635,2.3545057926725637,missing
red2:lane1:snr22.0:seed4:frame21,22.0,21,profiled_cz,410,false,false,false,missing,false,true,gradient_only,0,1,16,1474,1474,0.4835818167221612,0.4835818167221612,missing
red2:lane1:snr22.0:seed4:frame22,22.0,22,profiled_cz,571,false,false,false,missing,false,true,gradient_only,8,1,16,1529,1449,0.48987048399098476,3.6257834242897586,missing
red2:lane1:snr22.0:seed4:frame23,22.0,23,profiled_cz,755,false,false,false,missing,false,true,gradient_only,5,1,16,1552,1510,1.1284785994704467,3.3127512042883183,missing
red2:lane1:snr22.0:seed4:frame24,22.0,24,profiled_cz,866,false,false,false,missing,false,true,gradient_only,4,1,16,1605,1507,3.6131831661080236,6.386531054851323,missing
red2:lane1:snr22.0:seed4:frame25,22.0,25,profiled_cz,660,false,false,false,missing,false,true,gradient_only,1,1,16,1569,1529,0.5911117583451614,5.028056311437597,missing
red2:lane1:snr22.0:seed4:frame26,22.0,26,profiled_cz,350,false,false,false,missing,false,true,gradient_only,0,1,16,1440,1440,0.5151717578236826,0.5151717578236826,missing
red2:lane1:snr22.0:seed4:frame27,22.0,27,profiled_cz,688,false,false,false,missing,false,true,gradient_only,6,1,16,1582,1558,2.094805924502293,5.6552851110753295,missing
red2:lane1:snr22.0:seed4:frame28,22.0,28,profiled_cz,574,false,false,false,missing,false,true,gradient_only,6,1,16,1547,1502,0.8198912089420614,6.197505203420688,missing
red2:lane1:snr22.0:seed4:frame29,22.0,29,profiled_cz,741,false,false,false,missing,false,true,gradient_only,7,1,16,1621,1497,0.7634331688829838,10.505330992297027,missing
red2:lane1:snr22.0:seed4:frame30,22.0,30,profiled_cz,770,false,false,false,missing,false,true,gradient_only,1,1,16,1543,1496,1.0459353823185829,2.7073184229404452,missing
red2:lane1:snr22.0:seed4:frame31,22.0,31,profiled_cz,804,false,false,false,missing,false,true,gradient_only,8,1,16,1576,1519,0.7721520336336812,4.336804024505139,missing
red2:lane1:snr22.0:seed4:frame32,22.0,32,profiled_cz,404,false,false,false,missing,false,true,gradient_only,0,1,16,1457,1457,0.5892804092933749,0.5892804092933749,missing
red2:lane1:snr22.0:seed4:frame33,22.0,33,profiled_cz,518,false,false,false,missing,false,true,gradient_only,4,1,16,1503,1455,0.5082550095336631,7.399991465682773,missing
red2:lane1:snr22.0:seed4:frame34,22.0,34,profiled_cz,804,false,false,false,missing,false,true,gradient_only,3,1,16,1555,1473,1.4513330048728286,5.9487274944481285,missing
red2:lane1:snr22.0:seed4:frame35,22.0,35,profiled_cz,880,false,false,false,missing,false,true,gradient_only,2,1,16,1554,1544,2.4585681229868883,152.26268460295697,missing
red2:lane1:snr22.0:seed4:frame36,22.0,36,profiled_cz,730,false,false,false,missing,false,true,gradient_only,3,1,16,1533,1506,0.6368633158623684,5.33078028056203,missing
red2:lane1:snr22.0:seed4:frame37,22.0,37,profiled_cz,585,false,false,false,missing,false,true,gradient_only,5,1,16,1517,1428,0.6308242668070565,2.488300924197826,missing
red2:lane1:snr22.0:seed4:frame38,22.0,38,profiled_cz,596,false,false,false,missing,false,true,gradient_only,7,1,16,1575,1521,0.5575752126549833,4.679484574899424,missing
red2:lane1:snr22.0:seed4:frame39,22.0,39,profiled_cz,752,false,false,false,missing,false,true,gradient_only,1,1,16,1564,1515,0.6588715392881186,2.22646355617827,missing
red2:lane1:snr22.0:seed4:frame40,22.0,40,profiled_cz,567,false,false,false,missing,false,true,gradient_only,6,1,16,1468,1466,0.5460413532242446,21.059025575317925,missing
red2:lane1:snr22.0:seed4:frame41,22.0,41,profiled_cz,632,false,false,false,missing,false,true,gradient_only,1,1,16,1530,1464,0.9370861146854524,6.877809350555943,missing
red2:lane1:snr22.0:seed4:frame42,22.0,42,profiled_cz,715,false,false,false,missing,false,true,gradient_only,2,1,16,1514,1511,1.3036455115427783,6.091046664293132,missing
red2:lane1:snr22.0:seed4:frame43,22.0,43,profiled_cz,1050,false,false,false,missing,false,true,gradient_only,6,1,16,1624,1520,2.061170774122799,14.736688105622171,missing
red2:lane1:snr22.0:seed4:frame44,22.0,44,profiled_cz,875,false,false,false,missing,false,true,gradient_only,8,1,16,1587,1534,1.0071899200406362,14.833804455552103,missing
red2:lane1:snr22.0:seed4:frame45,22.0,45,profiled_cz,784,false,false,false,missing,false,true,gradient_only,7,1,16,1569,1560,0.8534386165969577,10.975486967071763,missing
red2:lane1:snr22.0:seed4:frame46,22.0,46,profiled_cz,612,false,false,false,missing,false,true,gradient_only,4,1,16,1536,1531,0.5996230420216924,8.581243495763985,missing
red2:lane1:snr22.0:seed4:frame47,22.0,47,profiled_cz,478,false,false,false,missing,false,true,gradient_only,0,1,16,1515,1515,0.6362682144949604,0.6362682144949604,missing
red2:lane1:snr22.0:seed4:frame48,22.0,48,profiled_cz,536,false,false,false,missing,false,true,gradient_only,8,1,16,1565,1514,0.49374108795686283,12.92933108871463,missing
red2:lane1:snr22.0:seed4:frame49,22.0,49,profiled_cz,426,false,false,false,missing,false,true,gradient_only,0,1,16,1550,1550,1.794123744782226,1.794123744782226,missing
red2:lane1:snr22.0:seed4:frame50,22.0,50,profiled_cz,752,false,false,false,missing,false,true,gradient_only,2,1,16,1537,1480,1.2114913129863158,6.227708981605107,missing
red2:lane1:snr22.0:seed4:frame51,22.0,51,profiled_cz,711,false,false,false,missing,false,true,gradient_only,6,1,16,1542,1489,0.8871915684637794,4.528468048371083,missing
red2:lane1:snr22.0:seed4:frame52,22.0,52,profiled_cz,455,false,false,false,missing,false,true,gradient_only,0,1,16,1482,1482,0.6347618058990657,0.6347618058990657,missing
red2:lane1:snr22.0:seed4:frame53,22.0,53,profiled_cz,566,false,false,false,missing,false,true,gradient_only,8,1,16,1521,1519,0.5089558904488662,3.9710807795988003,missing
red2:lane1:snr22.0:seed4:frame54,22.0,54,profiled_cz,647,false,false,false,missing,false,true,gradient_only,7,1,16,1513,1505,0.9721099258381772,12.595616333323296,missing
red2:lane1:snr22.0:seed4:frame55,22.0,55,profiled_cz,750,false,false,false,missing,false,true,gradient_only,5,1,16,1536,1496,0.8803410123139894,5.453333045583518,missing
red2:lane1:snr22.0:seed4:frame56,22.0,56,profiled_cz,744,false,false,false,missing,false,true,gradient_only,2,1,16,1568,1494,0.7386752038254902,6.330153828827934,missing
red2:lane1:snr22.0:seed4:frame57,22.0,57,profiled_cz,532,false,false,false,missing,false,true,gradient_only,0,1,16,1535,1535,0.7980981568432295,0.7980981568432295,missing
red2:lane1:snr22.0:seed4:frame58,22.0,58,profiled_cz,418,false,false,false,missing,false,true,gradient_only,0,1,16,1477,1477,0.39462399388576963,0.39462399388576963,missing
red2:lane1:snr22.0:seed4:frame59,22.0,59,profiled_cz,593,false,false,false,missing,false,true,gradient_only,3,1,16,1518,1484,0.6046219120061508,3.737476149680387,missing
red2:lane1:snr22.0:seed4:frame60,22.0,60,profiled_cz,637,false,false,false,missing,false,true,gradient_only,6,1,16,1515,1505,0.6878854183608161,4.190328302037952,missing
red2:lane1:snr24.0:seed4:frame1,24.0,1,cwz_joint,827,false,false,false,missing,false,true,gradient_only,8,1,16,1595,1389,1.3973421191616986,50.16787171275536,missing
red2:lane1:snr24.0:seed4:frame2,24.0,2,cwz_joint,890,false,false,false,missing,false,true,gradient_only,8,1,16,1573,1266,1.7801882155337325,16.2084035631799,missing
red2:lane1:snr24.0:seed4:frame3,24.0,3,cwz_joint,765,false,false,false,missing,false,true,gradient_only,6,1,16,1547,1374,0.5666273630744973,43.71002073607336,missing
red2:lane1:snr24.0:seed4:frame4,24.0,4,cwz_joint,792,false,false,false,missing,false,true,gradient_only,7,1,16,1543,1407,0.5587173169073693,246.96426391153148,missing
red2:lane1:snr24.0:seed4:frame5,24.0,5,cwz_joint,657,false,false,false,missing,false,true,gradient_only,7,1,16,1497,1428,0.2913625546595356,102.66867052430166,missing
red2:lane1:snr24.0:seed4:frame6,24.0,6,cwz_joint,703,false,false,false,missing,false,true,gradient_only,8,1,16,1530,1342,0.7588408859124043,32.2493877049505,missing
red2:lane1:snr24.0:seed4:frame7,24.0,7,cwz_joint,862,false,false,false,missing,false,true,gradient_only,8,1,16,1562,1289,2.7662753586981808,24.774609682494937,missing
red2:lane1:snr24.0:seed4:frame8,24.0,8,cwz_joint,900,false,false,false,missing,false,true,gradient_only,7,1,16,1551,1328,1.803904582559768,21.764578854640728,missing
red2:lane1:snr24.0:seed4:frame9,24.0,9,cwz_joint,730,false,false,false,missing,false,true,gradient_only,7,1,16,1538,1334,0.410059514836533,13.365441022443921,missing
red2:lane1:snr24.0:seed4:frame10,24.0,10,cwz_joint,787,false,false,false,missing,false,true,gradient_only,8,1,16,1580,1276,0.5281042448520522,25.442107273261318,missing
red2:lane1:snr24.0:seed4:frame11,24.0,11,cwz_joint,751,false,false,false,missing,false,true,gradient_only,8,1,16,1494,1366,0.6513639638205286,21.71364380895213,missing
red2:lane1:snr24.0:seed4:frame12,24.0,12,cwz_joint,929,false,false,false,missing,false,true,gradient_only,8,1,16,1611,1377,1.124326528839281,24.67905252166718,missing
red2:lane1:snr24.0:seed4:frame13,24.0,13,cwz_joint,690,false,false,false,missing,false,true,gradient_only,8,1,16,1478,1361,0.5469074938062918,5.235559733076163,missing
red2:lane1:snr24.0:seed4:frame14,24.0,14,cwz_joint,875,false,false,false,missing,false,true,gradient_only,8,1,16,1574,1377,0.686978499934409,19.269396479854223,missing
red2:lane1:snr24.0:seed4:frame15,24.0,15,cwz_joint,631,false,false,false,missing,false,true,gradient_only,8,1,16,1524,1287,0.32256188051415347,164.92446549327954,missing
red2:lane1:snr24.0:seed4:frame16,24.0,16,cwz_joint,583,false,false,false,missing,false,true,gradient_only,8,1,16,1455,1311,0.6288946192603593,11.580648110295751,missing
red2:lane1:snr24.0:seed4:frame17,24.0,17,cwz_joint,667,false,false,false,missing,false,true,gradient_only,8,1,16,1460,1314,0.43728885677339296,20.0521695728459,missing
red2:lane1:snr24.0:seed4:frame18,24.0,18,cwz_joint,844,false,false,false,missing,false,true,gradient_only,8,1,16,1563,1339,0.7644141849773475,12.874907156308215,missing
red2:lane1:snr24.0:seed4:frame19,24.0,19,cwz_joint,790,false,false,false,missing,false,true,gradient_only,7,1,16,1527,1341,0.6981676325585509,13.985264894562887,missing
red2:lane1:snr24.0:seed4:frame20,24.0,20,cwz_joint,737,false,false,false,missing,false,true,gradient_only,8,1,16,1567,1322,0.6315094754479966,12.021335940617996,missing
red2:lane1:snr24.0:seed4:frame21,24.0,21,cwz_joint,640,false,false,false,missing,false,true,gradient_only,8,1,16,1514,1319,0.3902094714244105,22.33636709003283,missing
red2:lane1:snr24.0:seed4:frame22,24.0,22,cwz_joint,682,false,false,false,missing,false,true,gradient_only,8,1,16,1524,1334,0.35301187111302196,14.530117429681034,missing
red2:lane1:snr24.0:seed4:frame23,24.0,23,cwz_joint,758,false,false,false,missing,false,true,gradient_only,7,1,16,1549,1266,2.7690938742433278,19.419739253745327,missing
red2:lane1:snr24.0:seed4:frame24,24.0,24,cwz_joint,947,false,false,false,missing,false,true,gradient_only,8,1,16,1495,1405,1.968864607261421,32.979585094604055,missing
red2:lane1:snr24.0:seed4:frame25,24.0,25,cwz_joint,686,false,false,false,missing,false,true,gradient_only,7,1,16,1529,1221,0.5641819839153999,33.840099120192036,missing
red2:lane1:snr24.0:seed4:frame26,24.0,26,cwz_joint,511,false,false,false,missing,false,true,gradient_only,7,1,16,1457,1188,0.8785739673979491,15.681522695231903,missing
red2:lane1:snr24.0:seed4:frame27,24.0,27,cwz_joint,670,false,false,false,missing,false,true,gradient_only,8,1,16,1579,1170,1.005271879534158,25.961017878354816,missing
red2:lane1:snr24.0:seed4:frame28,24.0,28,cwz_joint,615,false,false,false,missing,false,true,gradient_only,7,1,16,1537,1297,0.4506141460437438,18.941341402476546,missing
red2:lane1:snr24.0:seed4:frame29,24.0,29,cwz_joint,763,false,false,false,missing,false,true,gradient_only,7,1,16,1586,1295,0.597558475364083,34.67128682439339,missing
red2:lane1:snr24.0:seed4:frame30,24.0,30,cwz_joint,813,false,false,false,missing,false,true,gradient_only,8,1,16,1545,1331,0.6177955448769704,13.195074099338921,missing
red2:lane1:snr24.0:seed4:frame31,24.0,31,cwz_joint,926,false,false,false,missing,false,true,gradient_only,8,1,16,1592,1357,1.0278415837674801,19.527941635165824,missing
red2:lane1:snr24.0:seed4:frame32,24.0,32,cwz_joint,566,false,false,false,missing,false,true,gradient_only,8,1,16,1462,1162,0.5899613999128673,48.60342740726834,missing
red2:lane1:snr24.0:seed4:frame33,24.0,33,cwz_joint,604,false,false,false,missing,false,true,gradient_only,8,1,16,1510,1365,0.5765324917685564,61.29369565370183,missing
red2:lane1:snr24.0:seed4:frame34,24.0,34,cwz_joint,893,false,false,false,missing,false,true,gradient_only,8,1,16,1548,1387,4.600891969192306,32.373602498029165,missing
red2:lane1:snr24.0:seed4:frame35,24.0,35,cwz_joint,929,false,false,false,missing,false,true,gradient_only,7,1,16,1595,1341,4.19804674957353,35.70392937945099,missing
red2:lane1:snr24.0:seed4:frame36,24.0,36,cwz_joint,849,false,false,false,missing,false,true,gradient_only,8,1,16,1576,1349,0.9597183298148856,33.269447468446806,missing
red2:lane1:snr24.0:seed4:frame37,24.0,37,cwz_joint,709,false,false,false,missing,false,true,gradient_only,8,1,16,1513,1366,0.6806205520821341,11.070134398010246,missing
red2:lane1:snr24.0:seed4:frame38,24.0,38,cwz_joint,663,false,false,false,missing,false,true,gradient_only,5,1,16,1532,1403,0.48239520438319206,19.909989758325047,missing
red2:lane1:snr24.0:seed4:frame39,24.0,39,cwz_joint,789,false,false,false,missing,false,true,gradient_only,8,1,16,1553,1275,0.5671056307376942,12.768300230728459,missing
red2:lane1:snr24.0:seed4:frame40,24.0,40,cwz_joint,612,false,false,false,missing,false,true,gradient_only,7,1,16,1509,1253,0.5652514697706134,148.88205915433542,missing
red2:lane1:snr24.0:seed4:frame41,24.0,41,cwz_joint,718,false,false,false,missing,false,true,gradient_only,8,1,16,1497,1309,0.46156386960237467,15.504101213494957,missing
red2:lane1:snr24.0:seed4:frame42,24.0,42,cwz_joint,835,false,false,false,missing,false,true,gradient_only,8,1,16,1550,1439,1.1562589914157198,42.9542253958649,missing
red2:lane1:snr24.0:seed4:frame43,24.0,43,cwz_joint,1048,false,false,false,missing,false,true,gradient_only,8,1,16,1611,1386,1.8966041926656314,50.410179243218984,missing
red2:lane1:snr24.0:seed4:frame44,24.0,44,cwz_joint,955,false,false,false,missing,false,true,gradient_only,8,1,16,1570,1292,1.7051562566438225,162.80614025848197,missing
red2:lane1:snr24.0:seed4:frame45,24.0,45,cwz_joint,852,false,false,false,missing,false,true,gradient_only,8,1,16,1571,1299,0.9938346608429605,25.059512426828157,missing
red2:lane1:snr24.0:seed4:frame46,24.0,46,cwz_joint,780,false,false,false,missing,false,true,gradient_only,8,1,16,1551,1357,1.3272679992187792,39.33846711491539,missing
red2:lane1:snr24.0:seed4:frame47,24.0,47,cwz_joint,675,false,false,false,missing,false,true,gradient_only,7,1,16,1526,1248,0.4608248911953456,101.97456771983641,missing
red2:lane1:snr24.0:seed4:frame48,24.0,48,cwz_joint,610,false,false,false,missing,false,true,gradient_only,8,1,16,1501,1339,0.588990950428828,77.68484144726342,missing
red2:lane1:snr24.0:seed4:frame49,24.0,49,cwz_joint,672,false,false,false,missing,false,true,gradient_only,8,1,16,1533,1369,0.44787032060187026,17.07858153433706,missing
red2:lane1:snr24.0:seed4:frame50,24.0,50,cwz_joint,845,false,false,false,missing,false,true,gradient_only,7,1,16,1544,1338,3.6010829693248576,31.55125420585159,missing
red2:lane1:snr24.0:seed4:frame51,24.0,51,cwz_joint,721,false,false,false,missing,false,true,gradient_only,7,1,16,1542,1283,1.0184371080046346,37.42029507562399,missing
red2:lane1:snr24.0:seed4:frame52,24.0,52,cwz_joint,696,false,false,false,missing,false,true,gradient_only,7,1,16,1507,1242,0.49209686730436575,36.33097039025402,missing
red2:lane1:snr24.0:seed4:frame53,24.0,53,cwz_joint,596,false,false,false,missing,false,true,gradient_only,8,1,16,1440,1296,0.9565905582337922,20.18968542789085,missing
red2:lane1:snr24.0:seed4:frame54,24.0,54,cwz_joint,745,false,false,false,missing,false,true,gradient_only,8,1,16,1538,1340,0.6187542490259258,71.06585852149617,missing
red2:lane1:snr24.0:seed4:frame55,24.0,55,cwz_joint,848,false,false,false,missing,false,true,gradient_only,6,1,16,1588,1433,0.9084319078257451,30.8533715958462,missing
red2:lane1:snr24.0:seed4:frame56,24.0,56,cwz_joint,807,false,false,false,missing,false,true,gradient_only,8,1,16,1562,1314,0.7166399531035554,36.90372448047356,missing
red2:lane1:snr24.0:seed4:frame57,24.0,57,cwz_joint,766,false,false,false,missing,false,true,gradient_only,8,1,16,1473,1313,0.9119807682890371,30.071542183723786,missing
red2:lane1:snr24.0:seed4:frame58,24.0,58,cwz_joint,633,false,false,false,missing,false,true,gradient_only,8,1,16,1499,1328,0.4496693109280575,45.68582976426306,missing
red2:lane1:snr24.0:seed4:frame59,24.0,59,cwz_joint,735,false,false,false,missing,false,true,gradient_only,6,1,16,1494,1427,0.6173049199134113,20.46565130015598,missing
red2:lane1:snr24.0:seed4:frame60,24.0,60,cwz_joint,669,false,false,false,missing,false,true,gradient_only,7,1,16,1545,1340,0.5125005282617809,32.75592626903009,missing
red2:lane1:snr24.0:seed4:frame1,24.0,1,profiled_cz,721,false,false,false,missing,false,true,gradient_only,6,1,16,1595,1530,1.3973421191616986,7.326156245995594,missing
red2:lane1:snr24.0:seed4:frame2,24.0,2,profiled_cz,799,false,false,false,missing,false,true,gradient_only,1,1,16,1573,1508,1.7801882155337325,2.9373050365367868,missing
red2:lane1:snr24.0:seed4:frame3,24.0,3,profiled_cz,621,false,false,false,missing,false,true,gradient_only,8,1,16,1547,1475,0.5666273630744973,4.553320318126648,missing
red2:lane1:snr24.0:seed4:frame4,24.0,4,profiled_cz,645,false,false,false,missing,false,true,gradient_only,7,1,16,1543,1500,0.5587173169073693,7.3410805030964585,missing
red2:lane1:snr24.0:seed4:frame5,24.0,5,profiled_cz,350,false,false,false,missing,false,true,gradient_only,0,1,16,1497,1497,0.2913625546595356,0.2913625546595356,missing
red2:lane1:snr24.0:seed4:frame6,24.0,6,profiled_cz,412,false,false,false,missing,false,true,gradient_only,0,1,16,1530,1530,0.7588408859124043,0.7588408859124043,missing
red2:lane1:snr24.0:seed4:frame7,24.0,7,profiled_cz,770,false,false,false,missing,false,true,gradient_only,7,1,16,1562,1512,2.7662753586981808,4.075267301021506,missing
red2:lane1:snr24.0:seed4:frame8,24.0,8,profiled_cz,779,false,false,false,missing,false,true,gradient_only,5,1,16,1551,1444,1.803904582559768,4.443638846373732,missing
red2:lane1:snr24.0:seed4:frame9,24.0,9,profiled_cz,461,false,false,false,missing,false,true,gradient_only,0,1,16,1538,1538,0.410059514836533,0.410059514836533,missing
red2:lane1:snr24.0:seed4:frame10,24.0,10,profiled_cz,666,false,false,false,missing,false,true,gradient_only,3,1,16,1580,1529,0.5281042448520522,6.02503238745091,missing
red2:lane1:snr24.0:seed4:frame11,24.0,11,profiled_cz,441,false,false,false,missing,false,true,gradient_only,0,1,16,1494,1494,0.6513639638205286,0.6513639638205286,missing
red2:lane1:snr24.0:seed4:frame12,24.0,12,profiled_cz,770,false,false,false,missing,false,true,gradient_only,5,1,16,1611,1532,1.124326528839281,3.8142955997314076,missing
red2:lane1:snr24.0:seed4:frame13,24.0,13,profiled_cz,427,false,false,false,missing,false,true,gradient_only,0,1,16,1478,1478,0.5469074938062918,0.5469074938062918,missing
red2:lane1:snr24.0:seed4:frame14,24.0,14,profiled_cz,786,false,false,false,missing,false,true,gradient_only,2,1,16,1574,1499,0.686978499934409,4.887972998919402,missing
red2:lane1:snr24.0:seed4:frame15,24.0,15,profiled_cz,545,false,false,false,missing,false,true,gradient_only,1,1,16,1524,1490,0.32256188051415347,25.486551326356317,missing
red2:lane1:snr24.0:seed4:frame16,24.0,16,profiled_cz,336,false,false,false,missing,false,true,gradient_only,0,1,16,1455,1455,0.6288946192603593,0.6288946192603593,missing
red2:lane1:snr24.0:seed4:frame17,24.0,17,profiled_cz,544,false,false,false,missing,false,true,gradient_only,7,1,16,1460,1440,0.43728885677339296,3.7019969119648257,missing
red2:lane1:snr24.0:seed4:frame18,24.0,18,profiled_cz,752,false,false,false,missing,false,true,gradient_only,7,1,16,1563,1533,0.7644141849773475,2.8249172459594964,missing
red2:lane1:snr24.0:seed4:frame19,24.0,19,profiled_cz,702,false,false,false,missing,false,true,gradient_only,3,1,16,1527,1508,0.6981676325585509,3.4272220257447743,missing
red2:lane1:snr24.0:seed4:frame20,24.0,20,profiled_cz,645,false,false,false,missing,false,true,gradient_only,1,1,16,1567,1492,0.6315094754479966,2.313873570097721,missing
red2:lane1:snr24.0:seed4:frame21,24.0,21,profiled_cz,545,false,false,false,missing,false,true,gradient_only,5,1,16,1514,1500,0.3902094714244105,4.352474511635721,missing
red2:lane1:snr24.0:seed4:frame22,24.0,22,profiled_cz,429,false,false,false,missing,false,true,gradient_only,0,1,16,1524,1524,0.35301187111302196,0.35301187111302196,missing
red2:lane1:snr24.0:seed4:frame23,24.0,23,profiled_cz,684,false,false,false,missing,false,true,gradient_only,7,1,16,1549,1532,2.7690938742433278,3.388829582337113,missing
red2:lane1:snr24.0:seed4:frame24,24.0,24,profiled_cz,727,false,false,false,missing,false,true,gradient_only,0,1,16,1495,1495,1.968864607261421,1.968864607261421,missing
red2:lane1:snr24.0:seed4:frame25,24.0,25,profiled_cz,617,false,false,false,missing,false,true,gradient_only,3,1,16,1529,1462,0.5641819839153999,5.724102800118878,missing
red2:lane1:snr24.0:seed4:frame26,24.0,26,profiled_cz,329,false,false,false,missing,false,true,gradient_only,0,1,16,1457,1457,0.8785739673979491,0.8785739673979491,missing
red2:lane1:snr24.0:seed4:frame27,24.0,27,profiled_cz,606,false,false,false,missing,false,true,gradient_only,6,1,16,1579,1530,1.005271879534158,4.8879530952019286,missing
red2:lane1:snr24.0:seed4:frame28,24.0,28,profiled_cz,503,false,false,false,missing,false,true,gradient_only,2,1,16,1537,1446,0.4506141460437438,5.158323984408081,missing
red2:lane1:snr24.0:seed4:frame29,24.0,29,profiled_cz,639,false,false,false,missing,false,true,gradient_only,8,1,16,1586,1522,0.597558475364083,7.0250093347679625,missing
red2:lane1:snr24.0:seed4:frame30,24.0,30,profiled_cz,724,false,false,false,missing,false,true,gradient_only,8,1,16,1545,1541,0.6177955448769704,2.534956390199617,missing
red2:lane1:snr24.0:seed4:frame31,24.0,31,profiled_cz,745,false,false,false,missing,false,true,gradient_only,1,1,16,1592,1537,1.0278415837674801,4.677686229214054,missing
red2:lane1:snr24.0:seed4:frame32,24.0,32,profiled_cz,355,false,false,false,missing,false,true,gradient_only,0,1,16,1462,1462,0.5899613999128673,0.5899613999128673,missing
red2:lane1:snr24.0:seed4:frame33,24.0,33,profiled_cz,490,false,false,false,missing,false,true,gradient_only,5,1,16,1510,1477,0.5765324917685564,8.35068968408998,missing
red2:lane1:snr24.0:seed4:frame34,24.0,34,profiled_cz,724,false,false,false,missing,false,true,gradient_only,6,1,16,1548,1480,4.600891969192306,5.888511451790706,missing
red2:lane1:snr24.0:seed4:frame35,24.0,35,profiled_cz,863,false,false,false,missing,false,true,gradient_only,2,1,16,1595,1540,4.19804674957353,9.227886924971378,missing
red2:lane1:snr24.0:seed4:frame36,24.0,36,profiled_cz,751,false,false,false,missing,false,true,gradient_only,2,1,16,1576,1554,0.9597183298148856,5.137747143357258,missing
red2:lane1:snr24.0:seed4:frame37,24.0,37,profiled_cz,463,false,false,false,missing,false,true,gradient_only,0,1,16,1513,1513,0.6806205520821341,0.6806205520821341,missing
red2:lane1:snr24.0:seed4:frame38,24.0,38,profiled_cz,572,false,false,false,missing,false,true,gradient_only,6,1,16,1532,1479,0.48239520438319206,3.2652190309788574,missing
red2:lane1:snr24.0:seed4:frame39,24.0,39,profiled_cz,708,false,false,false,missing,false,true,gradient_only,1,1,16,1553,1551,0.5671056307376942,2.6231550685725176,missing
red2:lane1:snr24.0:seed4:frame40,24.0,40,profiled_cz,575,false,false,false,missing,false,true,gradient_only,3,1,16,1509,1454,0.5652514697706134,14.03265486078824,missing
red2:lane1:snr24.0:seed4:frame41,24.0,41,profiled_cz,608,false,false,false,missing,false,true,gradient_only,8,1,16,1497,1488,0.46156386960237467,3.7822225174949433,missing
red2:lane1:snr24.0:seed4:frame42,24.0,42,profiled_cz,689,false,false,false,missing,false,true,gradient_only,4,1,16,1550,1502,1.1562589914157198,8.448724302980523,missing
red2:lane1:snr24.0:seed4:frame43,24.0,43,profiled_cz,981,false,false,false,missing,false,true,gradient_only,6,1,16,1611,1512,1.8966041926656314,44.053802641301395,missing
red2:lane1:snr24.0:seed4:frame44,24.0,44,profiled_cz,814,false,false,false,missing,false,true,gradient_only,7,1,16,1570,1523,1.7051562566438225,19.001256477217215,missing
red2:lane1:snr24.0:seed4:frame45,24.0,45,profiled_cz,771,false,false,false,missing,false,true,gradient_only,3,1,16,1571,1547,0.9938346608429605,46.33700719195904,missing
red2:lane1:snr24.0:seed4:frame46,24.0,46,profiled_cz,645,false,false,false,missing,false,true,gradient_only,2,1,16,1551,1527,1.3272679992187792,5.854649528798887,missing
red2:lane1:snr24.0:seed4:frame47,24.0,47,profiled_cz,577,false,false,false,missing,false,true,gradient_only,1,1,16,1526,1468,0.4608248911953456,23.82521897919826,missing
red2:lane1:snr24.0:seed4:frame48,24.0,48,profiled_cz,377,false,false,false,missing,false,true,gradient_only,0,1,16,1501,1501,0.588990950428828,0.588990950428828,missing
red2:lane1:snr24.0:seed4:frame49,24.0,49,profiled_cz,535,false,false,false,missing,false,true,gradient_only,2,1,16,1533,1528,0.44787032060187026,3.0532102530148775,missing
red2:lane1:snr24.0:seed4:frame50,24.0,50,profiled_cz,746,false,false,false,missing,false,true,gradient_only,1,1,16,1544,1517,3.6010829693248576,5.957625932625595,missing
red2:lane1:snr24.0:seed4:frame51,24.0,51,profiled_cz,652,false,false,false,missing,false,true,gradient_only,8,1,16,1542,1491,1.0184371080046346,4.109563831589419,missing
red2:lane1:snr24.0:seed4:frame52,24.0,52,profiled_cz,467,false,false,false,missing,false,true,gradient_only,0,1,16,1507,1507,0.49209686730436575,0.49209686730436575,missing
red2:lane1:snr24.0:seed4:frame53,24.0,53,profiled_cz,322,false,false,false,missing,false,true,gradient_only,0,1,16,1440,1440,0.9565905582337922,0.9565905582337922,missing
red2:lane1:snr24.0:seed4:frame54,24.0,54,profiled_cz,653,false,false,false,missing,false,true,gradient_only,4,1,16,1538,1499,0.6187542490259258,11.955823088261242,missing
red2:lane1:snr24.0:seed4:frame55,24.0,55,profiled_cz,704,false,false,false,missing,false,true,gradient_only,6,1,16,1588,1538,0.9084319078257451,5.5761197911509655,missing
red2:lane1:snr24.0:seed4:frame56,24.0,56,profiled_cz,714,false,false,false,missing,false,true,gradient_only,6,1,16,1562,1506,0.7166399531035554,5.545933371641063,missing
red2:lane1:snr24.0:seed4:frame57,24.0,57,profiled_cz,522,false,false,false,missing,false,true,gradient_only,0,1,16,1473,1473,0.9119807682890371,0.9119807682890371,missing
red2:lane1:snr24.0:seed4:frame58,24.0,58,profiled_cz,540,false,false,false,missing,false,true,gradient_only,1,1,16,1499,1498,0.4496693109280575,8.979355037798225,missing
red2:lane1:snr24.0:seed4:frame59,24.0,59,profiled_cz,595,false,false,false,missing,false,true,gradient_only,8,1,16,1494,1464,0.6173049199134113,3.4714025517647165,missing
red2:lane1:snr24.0:seed4:frame60,24.0,60,profiled_cz,590,false,false,false,missing,false,true,gradient_only,2,1,16,1545,1501,0.5125005282617809,3.458165783638951,missing
red2:lane1:snr26.0:seed4:frame1,26.0,1,cwz_joint,840,false,false,false,missing,false,true,gradient_only,8,1,16,1545,1408,0.9029461457114395,49.26209000851263,missing
red2:lane1:snr26.0:seed4:frame2,26.0,2,cwz_joint,927,false,false,false,missing,false,true,gradient_only,8,1,16,1548,1340,1.4522685932471304,16.02785184512616,missing
red2:lane1:snr26.0:seed4:frame3,26.0,3,cwz_joint,746,false,false,false,missing,false,true,gradient_only,8,1,16,1511,1306,1.1746324593873134,41.04584796575848,missing
red2:lane1:snr26.0:seed4:frame4,26.0,4,cwz_joint,796,false,false,false,missing,false,true,gradient_only,8,1,16,1545,1360,0.548087264620503,312.1803646926402,missing
red2:lane1:snr26.0:seed4:frame5,26.0,5,cwz_joint,540,false,false,false,missing,false,true,gradient_only,8,1,16,1405,1314,0.31843944946152697,94.16832528834813,missing
red2:lane1:snr26.0:seed4:frame6,26.0,6,cwz_joint,695,false,false,false,missing,false,true,gradient_only,8,1,16,1467,1297,0.6703360120547749,30.061082386797274,missing
red2:lane1:snr26.0:seed4:frame7,26.0,7,cwz_joint,782,false,false,false,missing,false,true,gradient_only,8,1,16,1507,1194,0.9257981875866506,24.123119531524544,missing
red2:lane1:snr26.0:seed4:frame8,26.0,8,cwz_joint,869,false,false,false,missing,false,true,gradient_only,8,1,16,1578,1246,2.40006815755431,20.544343947350228,missing
red2:lane1:snr26.0:seed4:frame9,26.0,9,cwz_joint,744,false,false,false,missing,false,true,gradient_only,7,1,16,1539,1405,0.4708781615378399,13.239615404561848,missing
red2:lane1:snr26.0:seed4:frame10,26.0,10,cwz_joint,778,false,false,false,missing,false,true,gradient_only,8,1,16,1502,1267,0.7605468544816923,24.207077027186173,missing
red2:lane1:snr26.0:seed4:frame11,26.0,11,cwz_joint,655,false,false,false,missing,false,true,gradient_only,8,1,16,1520,1325,0.8733950896439595,19.840509688704135,missing
red2:lane1:snr26.0:seed4:frame12,26.0,12,cwz_joint,888,false,false,false,missing,false,true,gradient_only,8,1,16,1544,1320,1.4179449645242777,24.865840312831764,missing
red2:lane1:snr26.0:seed4:frame13,26.0,13,cwz_joint,674,false,false,false,missing,false,true,gradient_only,8,1,16,1458,1264,1.2481224500852632,5.178894450212436,missing
red2:lane1:snr26.0:seed4:frame14,26.0,14,cwz_joint,863,false,false,false,missing,false,true,gradient_only,7,1,16,1571,1341,0.795915839771793,18.898264394028356,missing
red2:lane1:snr26.0:seed4:frame15,26.0,15,cwz_joint,717,false,false,false,missing,false,true,gradient_only,7,1,16,1542,1406,0.33526634796204713,159.1757831683903,missing
red2:lane1:snr26.0:seed4:frame16,26.0,16,cwz_joint,514,false,false,false,missing,false,true,gradient_only,7,1,16,1432,1179,0.7194769527996647,12.262966471173058,missing
red2:lane1:snr26.0:seed4:frame17,26.0,17,cwz_joint,619,false,false,false,missing,false,true,gradient_only,8,1,16,1512,1283,0.373759893173278,20.03883963992098,missing
red2:lane1:snr26.0:seed4:frame18,26.0,18,cwz_joint,843,false,false,false,missing,false,true,gradient_only,7,1,16,1557,1420,0.8608390402074586,13.269175973763657,missing
red2:lane1:snr26.0:seed4:frame19,26.0,19,cwz_joint,812,false,false,false,missing,false,true,gradient_only,8,1,16,1560,1350,1.2589598325348899,12.843624969834805,missing
red2:lane1:snr26.0:seed4:frame20,26.0,20,cwz_joint,776,false,false,false,missing,false,true,gradient_only,8,1,16,1562,1437,0.4614346493309301,11.708258949723833,missing
red2:lane1:snr26.0:seed4:frame21,26.0,21,cwz_joint,654,false,false,false,missing,false,true,gradient_only,8,1,16,1455,1344,0.3050252253952404,22.458946190486838,missing
red2:lane1:snr26.0:seed4:frame22,26.0,22,cwz_joint,549,false,false,false,missing,false,true,gradient_only,7,1,16,1452,1200,0.2847255152387851,14.835884856660055,missing
red2:lane1:snr26.0:seed4:frame23,26.0,23,cwz_joint,844,false,false,false,missing,false,true,gradient_only,8,1,16,1587,1272,2.501034761639561,18.427317685376803,missing
red2:lane1:snr26.0:seed4:frame24,26.0,24,cwz_joint,938,false,false,false,missing,false,true,gradient_only,8,1,16,1601,1356,1.7594774801438708,32.317931763857835,missing
red2:lane1:snr26.0:seed4:frame25,26.0,25,cwz_joint,730,false,false,false,missing,false,true,gradient_only,7,1,16,1567,1329,0.5581838278761564,33.29027922666207,missing
red2:lane1:snr26.0:seed4:frame26,26.0,26,cwz_joint,514,false,false,false,missing,false,true,gradient_only,8,1,16,1435,1255,0.7582537788390953,14.650705816679531,missing
red2:lane1:snr26.0:seed4:frame27,26.0,27,cwz_joint,712,false,false,false,missing,false,true,gradient_only,8,1,16,1543,1315,0.8311398154373241,25.508989043350386,missing
red2:lane1:snr26.0:seed4:frame28,26.0,28,cwz_joint,665,false,false,false,missing,false,true,gradient_only,8,1,16,1547,1342,0.41241516637046666,17.547713540122775,missing
red2:lane1:snr26.0:seed4:frame29,26.0,29,cwz_joint,785,false,false,false,missing,false,true,gradient_only,7,1,16,1552,1346,1.288968222771202,33.0673579199903,missing
red2:lane1:snr26.0:seed4:frame30,26.0,30,cwz_joint,847,false,false,false,missing,false,true,gradient_only,8,1,16,1547,1367,3.4817018467410343,12.840461356976466,missing
red2:lane1:snr26.0:seed4:frame31,26.0,31,cwz_joint,866,false,false,false,missing,false,true,gradient_only,8,1,16,1566,1372,1.0889001266566283,19.66183427647048,missing
red2:lane1:snr26.0:seed4:frame32,26.0,32,cwz_joint,485,false,false,false,missing,false,true,gradient_only,8,1,16,1336,1225,0.4560817570287208,47.58437056358905,missing
red2:lane1:snr26.0:seed4:frame33,26.0,33,cwz_joint,553,false,false,false,missing,false,true,gradient_only,8,1,16,1455,1257,0.7011350524863635,61.338927062268105,missing
red2:lane1:snr26.0:seed4:frame34,26.0,34,cwz_joint,837,false,false,false,missing,false,true,gradient_only,8,1,16,1594,1313,1.3519440724690532,31.784741225312807,missing
red2:lane1:snr26.0:seed4:frame35,26.0,35,cwz_joint,916,false,false,false,missing,false,true,gradient_only,8,1,16,1551,1280,1.1540184670036109,33.90471286883369,missing
red2:lane1:snr26.0:seed4:frame36,26.0,36,cwz_joint,883,false,false,false,missing,false,true,gradient_only,8,1,16,1580,1377,2.0560476481156487,30.053602903915742,missing
red2:lane1:snr26.0:seed4:frame37,26.0,37,cwz_joint,686,false,false,false,missing,false,true,gradient_only,8,1,16,1558,1317,0.7480734281361056,10.961749456500026,missing
red2:lane1:snr26.0:seed4:frame38,26.0,38,cwz_joint,687,false,false,false,missing,false,true,gradient_only,8,1,16,1486,1301,0.5960829420379412,14.952005983039436,missing
red2:lane1:snr26.0:seed4:frame39,26.0,39,cwz_joint,829,false,false,false,missing,false,true,gradient_only,8,1,16,1539,1381,0.5803217539063239,12.730064933835486,missing
red2:lane1:snr26.0:seed4:frame40,26.0,40,cwz_joint,609,false,false,false,missing,false,true,gradient_only,7,1,16,1495,1391,0.485684389291768,446.33684288713465,missing
red2:lane1:snr26.0:seed4:frame41,26.0,41,cwz_joint,669,false,false,false,missing,false,true,gradient_only,8,1,16,1507,1198,0.35644665017464316,14.544600514257874,missing
red2:lane1:snr26.0:seed4:frame42,26.0,42,cwz_joint,798,false,false,false,missing,false,true,gradient_only,8,1,16,1542,1300,7.2514440904079205,42.875543450057194,missing
red2:lane1:snr26.0:seed4:frame43,26.0,43,cwz_joint,1133,false,false,false,missing,false,true,gradient_only,8,1,16,1633,1364,4.100475161801277,40.369401544787465,missing
red2:lane1:snr26.0:seed4:frame44,26.0,44,cwz_joint,972,false,false,false,missing,false,true,gradient_only,8,1,16,1555,1286,1.1328857744468397,205.9510997041294,missing
red2:lane1:snr26.0:seed4:frame45,26.0,45,cwz_joint,831,false,false,false,missing,false,true,gradient_only,7,1,16,1544,1266,0.6369817588107117,25.723215943033722,missing
red2:lane1:snr26.0:seed4:frame46,26.0,46,cwz_joint,697,false,false,false,missing,false,true,gradient_only,8,1,16,1550,1315,0.6341371800637967,36.94497235034398,missing
red2:lane1:snr26.0:seed4:frame47,26.0,47,cwz_joint,697,false,false,false,missing,false,true,gradient_only,8,1,16,1511,1362,0.4750865785440579,90.03169146792283,missing
red2:lane1:snr26.0:seed4:frame48,26.0,48,cwz_joint,602,false,false,false,missing,false,true,gradient_only,8,1,16,1460,1255,0.5679169496903481,73.48343331463278,missing
red2:lane1:snr26.0:seed4:frame49,26.0,49,cwz_joint,692,false,false,false,missing,false,true,gradient_only,7,1,16,1547,1340,1.3766205353065866,17.838617928124172,missing
red2:lane1:snr26.0:seed4:frame50,26.0,50,cwz_joint,812,false,false,false,missing,false,true,gradient_only,8,1,16,1579,1387,25.65484228234155,30.5664106384876,missing
red2:lane1:snr26.0:seed4:frame51,26.0,51,cwz_joint,721,false,false,false,missing,false,true,gradient_only,8,1,16,1500,1315,2.0640817375746963,34.314831033541736,missing
red2:lane1:snr26.0:seed4:frame52,26.0,52,cwz_joint,755,false,false,false,missing,false,true,gradient_only,7,1,16,1484,1317,0.6502188115611285,66.4197479239095,missing
red2:lane1:snr26.0:seed4:frame53,26.0,53,cwz_joint,550,false,false,false,missing,false,true,gradient_only,7,1,16,1450,1297,0.4822980033701081,20.91930749926274,missing
red2:lane1:snr26.0:seed4:frame54,26.0,54,cwz_joint,717,false,false,false,missing,false,true,gradient_only,8,1,16,1545,1280,0.5671573275225948,75.154767145263,missing
red2:lane1:snr26.0:seed4:frame55,26.0,55,cwz_joint,789,false,false,false,missing,false,true,gradient_only,8,1,16,1499,1392,0.8806163086005818,27.353062445984733,missing
red2:lane1:snr26.0:seed4:frame56,26.0,56,cwz_joint,787,false,false,false,missing,false,true,gradient_only,8,1,16,1512,1306,0.7236237412635443,38.17639667700444,missing
red2:lane1:snr26.0:seed4:frame57,26.0,57,cwz_joint,765,false,false,false,missing,false,true,gradient_only,8,1,16,1560,1316,0.6426870965418764,28.983812061961633,missing
red2:lane1:snr26.0:seed4:frame58,26.0,58,cwz_joint,632,false,false,false,missing,false,true,gradient_only,8,1,16,1436,1376,0.7746046238907329,44.45708576818454,missing
red2:lane1:snr26.0:seed4:frame59,26.0,59,cwz_joint,677,false,false,false,missing,false,true,gradient_only,8,1,16,1459,1331,0.6061986716081389,17.1834496253187,missing
red2:lane1:snr26.0:seed4:frame60,26.0,60,cwz_joint,637,false,false,false,missing,false,true,gradient_only,7,1,16,1501,1319,0.4626366492587188,36.982859088075095,missing
red2:lane1:snr26.0:seed4:frame1,26.0,1,profiled_cz,688,false,false,false,missing,false,true,gradient_only,5,1,16,1545,1513,0.9029461457114395,15.382339094146598,missing
red2:lane1:snr26.0:seed4:frame2,26.0,2,profiled_cz,804,false,false,false,missing,false,true,gradient_only,3,1,16,1548,1510,1.4522685932471304,2.8784144401687963,missing
red2:lane1:snr26.0:seed4:frame3,26.0,3,profiled_cz,612,false,false,false,missing,false,true,gradient_only,2,1,16,1511,1486,1.1746324593873134,5.152634225825785,missing
red2:lane1:snr26.0:seed4:frame4,26.0,4,profiled_cz,695,false,false,false,missing,false,true,gradient_only,4,1,16,1545,1534,0.548087264620503,10.177056634226103,missing
red2:lane1:snr26.0:seed4:frame5,26.0,5,profiled_cz,298,false,false,false,missing,false,true,gradient_only,0,1,16,1405,1405,0.31843944946152697,0.31843944946152697,missing
red2:lane1:snr26.0:seed4:frame6,26.0,6,profiled_cz,403,false,false,false,missing,false,true,gradient_only,0,1,16,1467,1467,0.6703360120547749,0.6703360120547749,missing
red2:lane1:snr26.0:seed4:frame7,26.0,7,profiled_cz,673,false,false,false,missing,false,true,gradient_only,5,1,16,1507,1493,0.9257981875866506,4.0463277356366,missing
red2:lane1:snr26.0:seed4:frame8,26.0,8,profiled_cz,774,false,false,false,missing,false,true,gradient_only,3,1,16,1578,1567,2.40006815755431,3.9276226997104082,missing
red2:lane1:snr26.0:seed4:frame9,26.0,9,profiled_cz,627,false,false,false,missing,false,true,gradient_only,8,1,16,1539,1476,0.4708781615378399,2.401192094900352,missing
red2:lane1:snr26.0:seed4:frame10,26.0,10,profiled_cz,541,false,false,false,missing,false,true,gradient_only,0,1,16,1502,1502,0.7605468544816923,0.7605468544816923,missing
red2:lane1:snr26.0:seed4:frame11,26.0,11,profiled_cz,410,false,false,false,missing,false,true,gradient_only,0,1,16,1520,1520,0.8733950896439595,0.8733950896439595,missing
red2:lane1:snr26.0:seed4:frame12,26.0,12,profiled_cz,752,false,false,false,missing,false,true,gradient_only,3,1,16,1544,1540,1.4179449645242777,3.792953115784444,missing
red2:lane1:snr26.0:seed4:frame13,26.0,13,profiled_cz,591,false,false,false,missing,false,true,gradient_only,6,1,16,1458,1450,1.2481224500852632,1.3813252655853625,missing
red2:lane1:snr26.0:seed4:frame14,26.0,14,profiled_cz,693,false,false,false,missing,false,true,gradient_only,4,1,16,1571,1491,0.795915839771793,4.698047016424872,missing
red2:lane1:snr26.0:seed4:frame15,26.0,15,profiled_cz,595,false,false,false,missing,false,true,gradient_only,8,1,16,1542,1520,0.33526634796204713,9.685058733862235,missing
red2:lane1:snr26.0:seed4:frame16,26.0,16,profiled_cz,344,false,false,false,missing,false,true,gradient_only,0,1,16,1432,1432,0.7194769527996647,0.7194769527996647,missing
red2:lane1:snr26.0:seed4:frame17,26.0,17,profiled_cz,533,false,false,false,missing,false,true,gradient_only,1,1,16,1512,1458,0.373759893173278,3.6078295943957426,missing
red2:lane1:snr26.0:seed4:frame18,26.0,18,profiled_cz,600,false,false,false,missing,false,true,gradient_only,0,1,16,1557,1557,0.8608390402074586,0.8608390402074586,missing
red2:lane1:snr26.0:seed4:frame19,26.0,19,profiled_cz,701,false,false,false,missing,false,true,gradient_only,1,1,16,1560,1537,1.2589598325348899,2.855925774321286,missing
red2:lane1:snr26.0:seed4:frame20,26.0,20,profiled_cz,628,false,false,false,missing,false,true,gradient_only,8,1,16,1562,1535,0.4614346493309301,2.2947456836433555,missing
red2:lane1:snr26.0:seed4:frame21,26.0,21,profiled_cz,390,false,false,false,missing,false,true,gradient_only,0,1,16,1455,1455,0.3050252253952404,0.3050252253952404,missing
red2:lane1:snr26.0:seed4:frame22,26.0,22,profiled_cz,331,false,false,false,missing,false,true,gradient_only,0,1,16,1452,1452,0.2847255152387851,0.2847255152387851,missing
red2:lane1:snr26.0:seed4:frame23,26.0,23,profiled_cz,763,false,false,false,missing,false,true,gradient_only,5,1,16,1587,1507,2.501034761639561,3.1343079606278312,missing
red2:lane1:snr26.0:seed4:frame24,26.0,24,profiled_cz,886,false,false,false,missing,false,true,gradient_only,7,1,16,1601,1477,1.7594774801438708,5.974437833802187,missing
red2:lane1:snr26.0:seed4:frame25,26.0,25,profiled_cz,625,false,false,false,missing,false,true,gradient_only,8,1,16,1567,1518,0.5581838278761564,5.242447526956178,missing
red2:lane1:snr26.0:seed4:frame26,26.0,26,profiled_cz,329,false,false,false,missing,false,true,gradient_only,0,1,16,1435,1435,0.7582537788390953,0.7582537788390953,missing
red2:lane1:snr26.0:seed4:frame27,26.0,27,profiled_cz,600,false,false,false,missing,false,true,gradient_only,7,1,16,1543,1509,0.8311398154373241,5.868443295860781,missing
red2:lane1:snr26.0:seed4:frame28,26.0,28,profiled_cz,521,false,false,false,missing,false,true,gradient_only,4,1,16,1547,1502,0.41241516637046666,6.073007940541604,missing
red2:lane1:snr26.0:seed4:frame29,26.0,29,profiled_cz,724,false,false,false,missing,false,true,gradient_only,6,1,16,1552,1529,1.288968222771202,9.277833935357886,missing
red2:lane1:snr26.0:seed4:frame30,26.0,30,profiled_cz,742,false,false,false,missing,false,true,gradient_only,1,1,16,1547,1521,3.4817018467410343,2.4921647888129685,missing
red2:lane1:snr26.0:seed4:frame31,26.0,31,profiled_cz,778,false,false,false,missing,false,true,gradient_only,4,1,16,1566,1538,1.0889001266566283,4.392350056213029,missing
red2:lane1:snr26.0:seed4:frame32,26.0,32,profiled_cz,295,false,false,false,missing,false,true,gradient_only,0,1,16,1336,1336,0.4560817570287208,0.4560817570287208,missing
red2:lane1:snr26.0:seed4:frame33,26.0,33,profiled_cz,457,false,false,false,missing,false,true,gradient_only,2,1,16,1455,1448,0.7011350524863635,8.021438344383158,missing
red2:lane1:snr26.0:seed4:frame34,26.0,34,profiled_cz,779,false,false,false,missing,false,true,gradient_only,7,1,16,1594,1500,1.3519440724690532,5.340713112269791,missing
red2:lane1:snr26.0:seed4:frame35,26.0,35,profiled_cz,820,false,false,false,missing,false,true,gradient_only,2,1,16,1551,1537,1.1540184670036109,12.091091848920831,missing
red2:lane1:snr26.0:seed4:frame36,26.0,36,profiled_cz,739,false,false,false,missing,false,true,gradient_only,2,1,16,1580,1538,2.0560476481156487,5.326251139073524,missing
red2:lane1:snr26.0:seed4:frame37,26.0,37,profiled_cz,580,false,false,false,missing,false,true,gradient_only,6,1,16,1558,1543,0.7480734281361056,2.439725797448187,missing
red2:lane1:snr26.0:seed4:frame38,26.0,38,profiled_cz,582,false,false,false,missing,false,true,gradient_only,1,1,16,1486,1481,0.5960829420379412,3.7290830508899253,missing
red2:lane1:snr26.0:seed4:frame39,26.0,39,profiled_cz,738,false,false,false,missing,false,true,gradient_only,1,1,16,1539,1536,0.5803217539063239,2.103128938103132,missing
red2:lane1:snr26.0:seed4:frame40,26.0,40,profiled_cz,558,false,false,false,missing,false,true,gradient_only,5,1,16,1495,1491,0.485684389291768,12.74300527577974,missing
red2:lane1:snr26.0:seed4:frame41,26.0,41,profiled_cz,468,false,false,false,missing,false,true,gradient_only,0,1,16,1507,1507,0.35644665017464316,0.35644665017464316,missing
red2:lane1:snr26.0:seed4:frame42,26.0,42,profiled_cz,719,false,false,false,missing,false,true,gradient_only,8,1,16,1542,1521,7.2514440904079205,10.177760654857172,missing
red2:lane1:snr26.0:seed4:frame43,26.0,43,profiled_cz,1016,false,false,false,missing,false,true,gradient_only,5,1,16,1633,1525,4.100475161801277,15.919035671410896,missing
red2:lane1:snr26.0:seed4:frame44,26.0,44,profiled_cz,830,false,false,false,missing,false,true,gradient_only,5,1,16,1555,1538,1.1328857744468397,17.958888704155974,missing
red2:lane1:snr26.0:seed4:frame45,26.0,45,profiled_cz,738,false,false,false,missing,false,true,gradient_only,7,1,16,1544,1534,0.6369817588107117,6.796036546357177,missing
red2:lane1:snr26.0:seed4:frame46,26.0,46,profiled_cz,668,false,false,false,missing,false,true,gradient_only,8,1,16,1550,1541,0.6341371800637967,5.823060028682536,missing
red2:lane1:snr26.0:seed4:frame47,26.0,47,profiled_cz,613,false,false,false,missing,false,true,gradient_only,8,1,16,1511,1478,0.4750865785440579,7.978212885435628,missing
red2:lane1:snr26.0:seed4:frame48,26.0,48,profiled_cz,355,false,false,false,missing,false,true,gradient_only,0,1,16,1460,1460,0.5679169496903481,0.5679169496903481,missing
red2:lane1:snr26.0:seed4:frame49,26.0,49,profiled_cz,613,false,false,false,missing,false,true,gradient_only,7,1,16,1547,1522,1.3766205353065866,3.083913165084506,missing
red2:lane1:snr26.0:seed4:frame50,26.0,50,profiled_cz,692,false,false,false,missing,false,true,gradient_only,5,1,16,1579,1524,25.65484228234155,8.600429138498248,missing
red2:lane1:snr26.0:seed4:frame51,26.0,51,profiled_cz,488,false,false,false,missing,false,true,gradient_only,0,1,16,1500,1500,2.0640817375746963,2.0640817375746963,missing
red2:lane1:snr26.0:seed4:frame52,26.0,52,profiled_cz,503,false,false,false,missing,false,true,gradient_only,0,1,16,1484,1484,0.6502188115611285,0.6502188115611285,missing
red2:lane1:snr26.0:seed4:frame53,26.0,53,profiled_cz,349,false,false,false,missing,false,true,gradient_only,0,1,16,1450,1450,0.4822980033701081,0.4822980033701081,missing
red2:lane1:snr26.0:seed4:frame54,26.0,54,profiled_cz,600,false,false,false,missing,false,true,gradient_only,4,1,16,1545,1483,0.5671573275225948,96.71136180814393,missing
red2:lane1:snr26.0:seed4:frame55,26.0,55,profiled_cz,512,false,false,false,missing,false,true,gradient_only,0,1,16,1499,1499,0.8806163086005818,0.8806163086005818,missing
red2:lane1:snr26.0:seed4:frame56,26.0,56,profiled_cz,527,false,false,false,missing,false,true,gradient_only,0,1,16,1512,1512,0.7236237412635443,0.7236237412635443,missing
red2:lane1:snr26.0:seed4:frame57,26.0,57,profiled_cz,656,false,false,false,missing,false,true,gradient_only,6,1,16,1560,1535,0.6426870965418764,5.126458069734122,missing
red2:lane1:snr26.0:seed4:frame58,26.0,58,profiled_cz,375,false,false,false,missing,false,true,gradient_only,0,1,16,1436,1436,0.7746046238907329,0.7746046238907329,missing
red2:lane1:snr26.0:seed4:frame59,26.0,59,profiled_cz,558,false,false,false,missing,false,true,gradient_only,5,1,16,1459,1438,0.6061986716081389,3.6487118915845245,missing
red2:lane1:snr26.0:seed4:frame60,26.0,60,profiled_cz,398,false,false,false,missing,false,true,gradient_only,0,1,16,1501,1501,0.4626366492587188,0.4626366492587188,missing
red2:lane1:snr28.0:seed4:frame1,28.0,1,cwz_joint,808,false,false,false,missing,false,true,gradient_only,7,1,16,1560,1419,0.7812990614799563,50.87546319383917,missing
red2:lane1:snr28.0:seed4:frame2,28.0,2,cwz_joint,888,false,false,false,missing,false,true,gradient_only,7,1,16,1558,1325,2.7995660354726977,17.00381046854989,missing
red2:lane1:snr28.0:seed4:frame3,28.0,3,cwz_joint,768,false,false,false,missing,false,true,gradient_only,8,1,16,1531,1377,0.5388649598894394,41.85105972512377,missing
red2:lane1:snr28.0:seed4:frame4,28.0,4,cwz_joint,783,false,false,false,missing,false,true,gradient_only,8,1,16,1583,1347,0.5451257481541204,277.95240575878944,missing
red2:lane1:snr28.0:seed4:frame5,28.0,5,cwz_joint,612,false,false,false,missing,false,true,gradient_only,8,1,16,1470,1328,0.3522931888504901,92.33778871601254,missing
red2:lane1:snr28.0:seed4:frame6,28.0,6,cwz_joint,634,false,false,false,missing,false,true,gradient_only,8,1,16,1534,1243,0.6399541426823372,28.890127620287732,missing
red2:lane1:snr28.0:seed4:frame7,28.0,7,cwz_joint,791,false,false,false,missing,false,true,gradient_only,8,1,16,1568,1265,0.8122312366037383,23.630514573912762,missing
red2:lane1:snr28.0:seed4:frame8,28.0,8,cwz_joint,978,false,false,false,missing,false,true,gradient_only,8,1,16,1580,1414,1.0509935879537065,20.248613159105226,missing
red2:lane1:snr28.0:seed4:frame9,28.0,9,cwz_joint,711,false,false,false,missing,false,true,gradient_only,8,1,16,1602,1335,0.4139823653060821,12.447945882415066,missing
red2:lane1:snr28.0:seed4:frame10,28.0,10,cwz_joint,670,false,false,false,missing,false,true,gradient_only,8,1,16,1556,1146,0.521394259348076,23.28740073692397,missing
red2:lane1:snr28.0:seed4:frame11,28.0,11,cwz_joint,629,false,false,false,missing,false,true,gradient_only,7,1,16,1510,1281,0.6830895709714676,19.33382508280195,missing
red2:lane1:snr28.0:seed4:frame12,28.0,12,cwz_joint,837,false,false,false,missing,false,true,gradient_only,8,1,16,1489,1289,0.9290336327545975,25.06606265720536,missing
red2:lane1:snr28.0:seed4:frame13,28.0,13,cwz_joint,612,false,false,false,missing,false,true,gradient_only,7,1,16,1490,1304,1.2590328823217285,5.864535956083206,missing
red2:lane1:snr28.0:seed4:frame14,28.0,14,cwz_joint,817,false,false,false,missing,false,true,gradient_only,8,1,16,1554,1295,0.6762039790698151,17.141417813518178,missing
red2:lane1:snr28.0:seed4:frame15,28.0,15,cwz_joint,625,false,false,false,missing,false,true,gradient_only,7,1,16,1518,1307,0.3618094413475512,137.6794559452176,missing
red2:lane1:snr28.0:seed4:frame16,28.0,16,cwz_joint,566,false,false,false,missing,false,true,gradient_only,6,1,16,1438,1263,0.9419385820809757,13.118610165660257,missing
red2:lane1:snr28.0:seed4:frame17,28.0,17,cwz_joint,593,false,false,false,missing,false,true,gradient_only,8,1,16,1523,1305,0.37407187085756577,20.030887751150566,missing
red2:lane1:snr28.0:seed4:frame18,28.0,18,cwz_joint,832,false,false,false,missing,false,true,gradient_only,8,1,16,1570,1322,0.9184597560338158,12.183177581032364,missing
red2:lane1:snr28.0:seed4:frame19,28.0,19,cwz_joint,739,false,false,false,missing,false,true,gradient_only,8,1,16,1553,1301,1.364910875244699,12.697164939335174,missing
red2:lane1:snr28.0:seed4:frame20,28.0,20,cwz_joint,700,false,false,false,missing,false,true,gradient_only,8,1,16,1511,1262,0.4244974330969681,11.510029792147511,missing
red2:lane1:snr28.0:seed4:frame21,28.0,21,cwz_joint,610,false,false,false,missing,false,true,gradient_only,8,1,16,1461,1275,0.2876654882574139,22.762032328215827,missing
red2:lane1:snr28.0:seed4:frame22,28.0,22,cwz_joint,581,false,false,false,missing,false,true,gradient_only,8,1,16,1517,1229,0.31894388111179944,13.252173139141275,missing
red2:lane1:snr28.0:seed4:frame23,28.0,23,cwz_joint,756,false,false,false,missing,false,true,gradient_only,8,1,16,1563,1302,2.1877129381813236,18.389105772414144,missing
red2:lane1:snr28.0:seed4:frame24,28.0,24,cwz_joint,970,false,false,false,missing,false,true,gradient_only,8,1,16,1553,1410,1.291900554340791,31.94001370647123,missing
red2:lane1:snr28.0:seed4:frame25,28.0,25,cwz_joint,766,false,false,false,missing,false,true,gradient_only,7,1,16,1530,1344,0.5215128928655651,32.74224921388657,missing
red2:lane1:snr28.0:seed4:frame26,28.0,26,cwz_joint,549,false,false,false,missing,false,true,gradient_only,7,1,16,1361,1280,0.38923000465362906,15.78784970202293,missing
red2:lane1:snr28.0:seed4:frame27,28.0,27,cwz_joint,735,false,false,false,missing,false,true,gradient_only,7,1,16,1591,1415,0.8829613557219176,26.437019989241072,missing
red2:lane1:snr28.0:seed4:frame28,28.0,28,cwz_joint,494,false,false,false,missing,false,true,gradient_only,7,1,16,1447,1197,0.38534819002718296,18.42890538182101,missing
red2:lane1:snr28.0:seed4:frame29,28.0,29,cwz_joint,728,false,false,false,missing,false,true,gradient_only,5,1,16,1524,1420,1.8702222583990187,35.58516700120206,missing
red2:lane1:snr28.0:seed4:frame30,28.0,30,cwz_joint,798,false,false,false,missing,false,true,gradient_only,8,1,16,1559,1295,4.9644760879449406,12.686788002152083,missing
red2:lane1:snr28.0:seed4:frame31,28.0,31,cwz_joint,895,false,false,false,missing,false,true,gradient_only,6,1,16,1594,1447,1.0573633886305869,21.88953138957544,missing
red2:lane1:snr28.0:seed4:frame32,28.0,32,cwz_joint,529,false,false,false,missing,false,true,gradient_only,6,1,16,1498,1282,0.5204853691922041,49.800522115428784,missing
red2:lane1:snr28.0:seed4:frame33,28.0,33,cwz_joint,603,false,false,false,missing,false,true,gradient_only,8,1,16,1451,1277,0.8161653698001501,61.688233051378994,missing
red2:lane1:snr28.0:seed4:frame34,28.0,34,cwz_joint,845,false,false,false,missing,false,true,gradient_only,8,1,16,1587,1383,1.0727986959268778,31.458558045260673,missing
red2:lane1:snr28.0:seed4:frame35,28.0,35,cwz_joint,900,false,false,false,missing,false,true,gradient_only,8,1,16,1565,1348,0.8526152426968041,33.44609536990545,missing
red2:lane1:snr28.0:seed4:frame36,28.0,36,cwz_joint,836,false,false,false,missing,false,true,gradient_only,7,1,16,1560,1359,0.6189398494125902,29.29951868041634,missing
red2:lane1:snr28.0:seed4:frame37,28.0,37,cwz_joint,610,false,false,false,missing,false,true,gradient_only,6,1,16,1495,1268,3.3081114026840917,12.958874896670407,missing
red2:lane1:snr28.0:seed4:frame38,28.0,38,cwz_joint,606,false,false,false,missing,false,true,gradient_only,8,1,16,1460,1273,0.5294122658217885,14.632942401377575,missing
red2:lane1:snr28.0:seed4:frame39,28.0,39,cwz_joint,758,false,false,false,missing,false,true,gradient_only,8,1,16,1570,1230,0.4435547343064966,12.686828838571076,missing
red2:lane1:snr28.0:seed4:frame40,28.0,40,cwz_joint,596,false,false,false,missing,false,true,gradient_only,8,1,16,1498,1243,0.4414863085581804,1173.318850425725,missing
red2:lane1:snr28.0:seed4:frame41,28.0,41,cwz_joint,623,false,false,false,missing,false,true,gradient_only,8,1,16,1465,1227,0.3459011639004061,13.897458762089823,missing
red2:lane1:snr28.0:seed4:frame42,28.0,42,cwz_joint,785,false,false,false,missing,false,true,gradient_only,8,1,16,1585,1389,1.6828073936237242,44.0381384346368,missing
red2:lane1:snr28.0:seed4:frame43,28.0,43,cwz_joint,1063,false,false,false,missing,false,true,gradient_only,8,1,16,1586,1356,1.902758415613859,34.366439770479175,missing
red2:lane1:snr28.0:seed4:frame44,28.0,44,cwz_joint,901,false,false,false,missing,false,true,gradient_only,8,1,16,1561,1455,1.1674162701212354,254.9134745032731,missing
red2:lane1:snr28.0:seed4:frame45,28.0,45,cwz_joint,852,false,false,false,missing,false,true,gradient_only,7,1,16,1559,1353,0.6306654573721963,25.588178602621138,missing
red2:lane1:snr28.0:seed4:frame46,28.0,46,cwz_joint,639,false,false,false,missing,false,true,gradient_only,7,1,16,1495,1335,0.5125814112699727,37.33594509254706,missing
red2:lane1:snr28.0:seed4:frame47,28.0,47,cwz_joint,761,false,false,false,missing,false,true,gradient_only,7,1,16,1503,1441,0.7610617856292862,87.36004968860912,missing
red2:lane1:snr28.0:seed4:frame48,28.0,48,cwz_joint,605,false,false,false,missing,false,true,gradient_only,7,1,16,1486,1346,0.6515454304046532,72.96993878070187,missing
red2:lane1:snr28.0:seed4:frame49,28.0,49,cwz_joint,690,false,false,false,missing,false,true,gradient_only,8,1,16,1498,1325,0.4918440923622714,16.344945515902616,missing
red2:lane1:snr28.0:seed4:frame50,28.0,50,cwz_joint,811,false,false,false,missing,false,true,gradient_only,8,1,16,1526,1285,2.212290107037087,31.14624781730611,missing
red2:lane1:snr28.0:seed4:frame51,28.0,51,cwz_joint,731,false,false,false,missing,false,true,gradient_only,8,1,16,1558,1283,1.6466679709799035,33.55819179749902,missing
red2:lane1:snr28.0:seed4:frame52,28.0,52,cwz_joint,765,false,false,false,missing,false,true,gradient_only,8,1,16,1529,1325,0.7191874884668069,63.281702279183605,missing
red2:lane1:snr28.0:seed4:frame53,28.0,53,cwz_joint,506,false,false,false,missing,false,true,gradient_only,8,1,16,1416,1274,0.4419685879968016,19.063890582520216,missing
red2:lane1:snr28.0:seed4:frame54,28.0,54,cwz_joint,726,false,false,false,missing,false,true,gradient_only,8,1,16,1503,1359,0.7061355336468068,82.51608145444594,missing
red2:lane1:snr28.0:seed4:frame55,28.0,55,cwz_joint,726,false,false,false,missing,false,true,gradient_only,7,1,16,1497,1351,0.8452792700844672,29.613260322288596,missing
red2:lane1:snr28.0:seed4:frame56,28.0,56,cwz_joint,808,false,false,false,missing,false,true,gradient_only,8,1,16,1541,1349,0.6904662692688764,39.83237895131337,missing
red2:lane1:snr28.0:seed4:frame57,28.0,57,cwz_joint,710,false,false,false,missing,false,true,gradient_only,8,1,16,1543,1309,0.9267148921605912,28.00974903213445,missing
red2:lane1:snr28.0:seed4:frame58,28.0,58,cwz_joint,600,false,false,false,missing,false,true,gradient_only,7,1,16,1398,1343,0.4620685356298252,46.15387053305728,missing
red2:lane1:snr28.0:seed4:frame59,28.0,59,cwz_joint,657,false,false,false,missing,false,true,gradient_only,8,1,16,1509,1325,0.8646876874865557,16.927793651940902,missing
red2:lane1:snr28.0:seed4:frame60,28.0,60,cwz_joint,694,false,false,false,missing,false,true,gradient_only,7,1,16,1544,1280,0.39886462398266853,43.31093197346499,missing
red2:lane1:snr28.0:seed4:frame1,28.0,1,profiled_cz,642,false,false,false,missing,false,true,gradient_only,7,1,16,1560,1520,0.7812990614799563,10.409885546807333,missing
red2:lane1:snr28.0:seed4:frame2,28.0,2,profiled_cz,784,false,false,false,missing,false,true,gradient_only,6,1,16,1558,1499,2.7995660354726977,2.9753262168725887,missing
red2:lane1:snr28.0:seed4:frame3,28.0,3,profiled_cz,637,false,false,false,missing,false,true,gradient_only,4,1,16,1531,1527,0.5388649598894394,5.218412762237449,missing
red2:lane1:snr28.0:seed4:frame4,28.0,4,profiled_cz,676,false,false,false,missing,false,true,gradient_only,3,1,16,1583,1515,0.5451257481541204,6.329651271409851,missing
red2:lane1:snr28.0:seed4:frame5,28.0,5,profiled_cz,482,false,false,false,missing,false,true,gradient_only,1,1,16,1470,1465,0.3522931888504901,9.75089262334199,missing
red2:lane1:snr28.0:seed4:frame6,28.0,6,profiled_cz,557,false,false,false,missing,false,true,gradient_only,3,1,16,1534,1517,0.6399541426823372,3.7081779120760574,missing
red2:lane1:snr28.0:seed4:frame7,28.0,7,profiled_cz,656,false,false,false,missing,false,true,gradient_only,1,1,16,1568,1552,0.8122312366037383,4.113936255934455,missing
red2:lane1:snr28.0:seed4:frame8,28.0,8,profiled_cz,826,false,false,false,missing,false,true,gradient_only,8,1,16,1580,1523,1.0509935879537065,4.091609367143995,missing
red2:lane1:snr28.0:seed4:frame9,28.0,9,profiled_cz,579,false,false,false,missing,false,true,gradient_only,4,1,16,1602,1535,0.4139823653060821,2.3812434410961747,missing
red2:lane1:snr28.0:seed4:frame10,28.0,10,profiled_cz,605,false,false,false,missing,false,true,gradient_only,8,1,16,1556,1477,0.521394259348076,8.117592777255364,missing
red2:lane1:snr28.0:seed4:frame11,28.0,11,profiled_cz,561,false,false,false,missing,false,true,gradient_only,4,1,16,1510,1478,0.6830895709714676,3.036405613508197,missing
red2:lane1:snr28.0:seed4:frame12,28.0,12,profiled_cz,628,false,false,false,missing,false,true,gradient_only,0,1,16,1489,1489,0.9290336327545975,0.9290336327545975,missing
red2:lane1:snr28.0:seed4:frame13,28.0,13,profiled_cz,523,false,false,false,missing,false,true,gradient_only,1,1,16,1490,1483,1.2590328823217285,1.3234104010569099,missing
red2:lane1:snr28.0:seed4:frame14,28.0,14,profiled_cz,702,false,false,false,missing,false,true,gradient_only,1,1,16,1554,1512,0.6762039790698151,4.305197080327235,missing
red2:lane1:snr28.0:seed4:frame15,28.0,15,profiled_cz,380,false,false,false,missing,false,true,gradient_only,0,1,16,1518,1518,0.3618094413475512,0.3618094413475512,missing
red2:lane1:snr28.0:seed4:frame16,28.0,16,profiled_cz,339,false,false,false,missing,false,true,gradient_only,0,1,16,1438,1438,0.9419385820809757,0.9419385820809757,missing
red2:lane1:snr28.0:seed4:frame17,28.0,17,profiled_cz,518,false,false,false,missing,false,true,gradient_only,4,1,16,1523,1457,0.37407187085756577,3.953483873944487,missing
red2:lane1:snr28.0:seed4:frame18,28.0,18,profiled_cz,727,false,false,false,missing,false,true,gradient_only,1,1,16,1570,1533,0.9184597560338158,3.102674239605848,missing
red2:lane1:snr28.0:seed4:frame19,28.0,19,profiled_cz,681,false,false,false,missing,false,true,gradient_only,4,1,16,1553,1479,1.364910875244699,2.8434274635769494,missing
red2:lane1:snr28.0:seed4:frame20,28.0,20,profiled_cz,561,false,false,false,missing,false,true,gradient_only,6,1,16,1511,1502,0.4244974330969681,2.2742653957755734,missing
red2:lane1:snr28.0:seed4:frame21,28.0,21,profiled_cz,369,false,false,false,missing,false,true,gradient_only,0,1,16,1461,1461,0.2876654882574139,0.2876654882574139,missing
red2:lane1:snr28.0:seed4:frame22,28.0,22,profiled_cz,370,false,false,false,missing,false,true,gradient_only,0,1,16,1517,1517,0.31894388111179944,0.31894388111179944,missing
red2:lane1:snr28.0:seed4:frame23,28.0,23,profiled_cz,672,false,false,false,missing,false,true,gradient_only,4,1,16,1563,1508,2.1877129381813236,3.258685977364824,missing
red2:lane1:snr28.0:seed4:frame24,28.0,24,profiled_cz,850,false,false,false,missing,false,true,gradient_only,8,1,16,1553,1499,1.291900554340791,5.721438832496913,missing
red2:lane1:snr28.0:seed4:frame25,28.0,25,profiled_cz,653,false,false,false,missing,false,true,gradient_only,5,1,16,1530,1509,0.5215128928655651,5.053196890044087,missing
red2:lane1:snr28.0:seed4:frame26,28.0,26,profiled_cz,291,false,false,false,missing,false,true,gradient_only,0,1,16,1361,1361,0.38923000465362906,0.38923000465362906,missing
red2:lane1:snr28.0:seed4:frame27,28.0,27,profiled_cz,608,false,false,false,missing,false,true,gradient_only,8,1,16,1591,1528,0.8829613557219176,7.996534627727479,missing
red2:lane1:snr28.0:seed4:frame28,28.0,28,profiled_cz,307,false,false,false,missing,false,true,gradient_only,0,1,16,1447,1447,0.38534819002718296,0.38534819002718296,missing
red2:lane1:snr28.0:seed4:frame29,28.0,29,profiled_cz,607,false,false,false,missing,false,true,gradient_only,5,1,16,1524,1503,1.8702222583990187,5.32451397262162,missing
red2:lane1:snr28.0:seed4:frame30,28.0,30,profiled_cz,718,false,false,false,missing,false,true,gradient_only,8,1,16,1559,1491,4.9644760879449406,2.4438584417780853,missing
red2:lane1:snr28.0:seed4:frame31,28.0,31,profiled_cz,743,false,false,false,missing,false,true,gradient_only,2,1,16,1594,1482,1.0573633886305869,4.346118201160271,missing
red2:lane1:snr28.0:seed4:frame32,28.0,32,profiled_cz,488,false,false,false,missing,false,true,gradient_only,6,1,16,1498,1473,0.5204853691922041,9.360722254670867,missing
red2:lane1:snr28.0:seed4:frame33,28.0,33,profiled_cz,350,false,false,false,missing,false,true,gradient_only,0,1,16,1451,1451,0.8161653698001501,0.8161653698001501,missing
red2:lane1:snr28.0:seed4:frame34,28.0,34,profiled_cz,731,false,false,false,missing,false,true,gradient_only,2,1,16,1587,1518,1.0727986959268778,6.066086930703278,missing
red2:lane1:snr28.0:seed4:frame35,28.0,35,profiled_cz,700,false,false,false,missing,false,true,gradient_only,0,1,16,1565,1565,0.8526152426968041,0.8526152426968041,missing
red2:lane1:snr28.0:seed4:frame36,28.0,36,profiled_cz,708,false,false,false,missing,false,true,gradient_only,8,1,16,1560,1487,0.6189398494125902,4.808579947198913,missing
red2:lane1:snr28.0:seed4:frame37,28.0,37,profiled_cz,400,false,false,false,missing,false,true,gradient_only,0,1,16,1495,1495,3.3081114026840917,3.3081114026840917,missing
red2:lane1:snr28.0:seed4:frame38,28.0,38,profiled_cz,388,false,false,false,missing,false,true,gradient_only,0,1,16,1460,1460,0.5294122658217885,0.5294122658217885,missing
red2:lane1:snr28.0:seed4:frame39,28.0,39,profiled_cz,700,false,false,false,missing,false,true,gradient_only,8,1,16,1570,1534,0.4435547343064966,2.2691278713404723,missing
red2:lane1:snr28.0:seed4:frame40,28.0,40,profiled_cz,537,false,false,false,missing,false,true,gradient_only,8,1,16,1498,1473,0.4414863085581804,15.025380137665271,missing
red2:lane1:snr28.0:seed4:frame41,28.0,41,profiled_cz,401,false,false,false,missing,false,true,gradient_only,0,1,16,1465,1465,0.3459011639004061,0.3459011639004061,missing
red2:lane1:snr28.0:seed4:frame42,28.0,42,profiled_cz,677,false,false,false,missing,false,true,gradient_only,7,1,16,1585,1564,1.6828073936237242,10.18628617624246,missing
red2:lane1:snr28.0:seed4:frame43,28.0,43,profiled_cz,989,false,false,false,missing,false,true,gradient_only,7,1,16,1586,1538,1.902758415613859,7.05714608275385,missing
red2:lane1:snr28.0:seed4:frame44,28.0,44,profiled_cz,802,false,false,false,missing,false,true,gradient_only,2,1,16,1561,1515,1.1674162701212354,17.505832550896518,missing
red2:lane1:snr28.0:seed4:frame45,28.0,45,profiled_cz,744,false,false,false,missing,false,true,gradient_only,6,1,16,1559,1445,0.6306654573721963,17.560426805413528,missing
red2:lane1:snr28.0:seed4:frame46,28.0,46,profiled_cz,550,false,false,false,missing,false,true,gradient_only,4,1,16,1495,1480,0.5125814112699727,5.347167956267782,missing
red2:lane1:snr28.0:seed4:frame47,28.0,47,profiled_cz,422,false,false,false,missing,false,true,gradient_only,0,1,16,1503,1503,0.7610617856292862,0.7610617856292862,missing
red2:lane1:snr28.0:seed4:frame48,28.0,48,profiled_cz,366,false,false,false,missing,false,true,gradient_only,0,1,16,1486,1486,0.6515454304046532,0.6515454304046532,missing
red2:lane1:snr28.0:seed4:frame49,28.0,49,profiled_cz,431,false,false,false,missing,false,true,gradient_only,0,1,16,1498,1498,0.4918440923622714,0.4918440923622714,missing
red2:lane1:snr28.0:seed4:frame50,28.0,50,profiled_cz,711,false,false,false,missing,false,true,gradient_only,3,1,16,1526,1514,2.212290107037087,7.769785267782883,missing
red2:lane1:snr28.0:seed4:frame51,28.0,51,profiled_cz,651,false,false,false,missing,false,true,gradient_only,2,1,16,1558,1547,1.6466679709799035,4.091516369414331,missing
red2:lane1:snr28.0:seed4:frame52,28.0,52,profiled_cz,690,false,false,false,missing,false,true,gradient_only,4,1,16,1529,1499,0.7191874884668069,7.98027029356696,missing
red2:lane1:snr28.0:seed4:frame53,28.0,53,profiled_cz,317,false,false,false,missing,false,true,gradient_only,0,1,16,1416,1416,0.4419685879968016,0.4419685879968016,missing
red2:lane1:snr28.0:seed4:frame54,28.0,54,profiled_cz,464,false,false,false,missing,false,true,gradient_only,0,1,16,1503,1503,0.7061355336468068,0.7061355336468068,missing
red2:lane1:snr28.0:seed4:frame55,28.0,55,profiled_cz,629,false,false,false,missing,false,true,gradient_only,7,1,16,1497,1495,0.8452792700844672,5.731169024536744,missing
red2:lane1:snr28.0:seed4:frame56,28.0,56,profiled_cz,698,false,false,false,missing,false,true,gradient_only,4,1,16,1541,1534,0.6904662692688764,6.583098019397045,missing
red2:lane1:snr28.0:seed4:frame57,28.0,57,profiled_cz,637,false,false,false,missing,false,true,gradient_only,8,1,16,1543,1516,0.9267148921605912,5.372313940501063,missing
red2:lane1:snr28.0:seed4:frame58,28.0,58,profiled_cz,330,false,false,false,missing,false,true,gradient_only,0,1,16,1398,1398,0.4620685356298252,0.4620685356298252,missing
red2:lane1:snr28.0:seed4:frame59,28.0,59,profiled_cz,505,false,false,false,missing,false,true,gradient_only,6,1,16,1509,1487,0.8646876874865557,3.8844668846642683,missing
red2:lane1:snr28.0:seed4:frame60,28.0,60,profiled_cz,535,false,false,false,missing,false,true,gradient_only,3,1,16,1544,1472,0.39886462398266853,3.750347326310167,missing
red2:lane1:snr30.0:seed4:frame1,30.0,1,cwz_joint,794,false,false,false,missing,false,true,gradient_only,8,1,16,1515,1356,0.7230000121055378,48.84445994085249,missing
red2:lane1:snr30.0:seed4:frame2,30.0,2,cwz_joint,875,false,false,false,missing,false,true,gradient_only,7,1,16,1585,1219,10.184591528368946,16.93228972838101,missing
red2:lane1:snr30.0:seed4:frame3,30.0,3,cwz_joint,772,false,false,false,missing,false,true,gradient_only,8,1,16,1532,1293,0.5969671400705105,42.17427367130724,missing
red2:lane1:snr30.0:seed4:frame4,30.0,4,cwz_joint,707,false,false,false,missing,false,true,gradient_only,8,1,16,1546,1315,0.9023621825746995,193.56009661903727,missing
red2:lane1:snr30.0:seed4:frame5,30.0,5,cwz_joint,553,false,false,false,missing,false,true,gradient_only,8,1,16,1446,1245,0.4223349653161129,89.9100464730816,missing
red2:lane1:snr30.0:seed4:frame6,30.0,6,cwz_joint,665,false,false,false,missing,false,true,gradient_only,8,1,16,1491,1339,0.5338494106415601,27.657095961386812,missing
red2:lane1:snr30.0:seed4:frame7,30.0,7,cwz_joint,797,false,false,false,missing,false,true,gradient_only,8,1,16,1506,1294,0.8113325962515641,23.324766674389338,missing
red2:lane1:snr30.0:seed4:frame8,30.0,8,cwz_joint,893,false,false,false,missing,false,true,gradient_only,6,1,16,1536,1336,1.0348899995181873,22.209103127866214,missing
red2:lane1:snr30.0:seed4:frame9,30.0,9,cwz_joint,736,false,false,false,missing,false,true,gradient_only,8,1,16,1536,1341,0.421561199318154,12.353866217618922,missing
red2:lane1:snr30.0:seed4:frame10,30.0,10,cwz_joint,715,false,false,false,missing,false,true,gradient_only,8,1,16,1493,1305,0.6728648126216431,22.821259605378923,missing
red2:lane1:snr30.0:seed4:frame11,30.0,11,cwz_joint,567,false,false,false,missing,false,true,gradient_only,7,1,16,1441,1223,0.5382837520364746,18.49348552218794,missing
red2:lane1:snr30.0:seed4:frame12,30.0,12,cwz_joint,845,false,false,false,missing,false,true,gradient_only,7,1,16,1569,1320,1.0320371901571845,26.271638621528496,missing
red2:lane1:snr30.0:seed4:frame13,30.0,13,cwz_joint,625,false,false,false,missing,false,true,gradient_only,7,1,16,1515,1434,0.5646244654230497,5.861962396844755,missing
red2:lane1:snr30.0:seed4:frame14,30.0,14,cwz_joint,813,false,false,false,missing,false,true,gradient_only,8,1,16,1548,1323,1.098055141813931,16.59860992767224,missing
red2:lane1:snr30.0:seed4:frame15,30.0,15,cwz_joint,537,false,false,false,missing,false,true,gradient_only,8,1,16,1438,1133,0.37100956322082246,198.59126545716924,missing
red2:lane1:snr30.0:seed4:frame16,30.0,16,cwz_joint,560,false,false,false,missing,false,true,gradient_only,7,1,16,1515,1232,0.6230328637602232,12.149599159043333,missing
red2:lane1:snr30.0:seed4:frame17,30.0,17,cwz_joint,561,false,false,false,missing,false,true,gradient_only,8,1,16,1470,1281,0.3739990171238182,20.005221589660923,missing
red2:lane1:snr30.0:seed4:frame18,30.0,18,cwz_joint,801,false,false,false,missing,false,true,gradient_only,8,1,16,1530,1363,1.1339443909606783,12.040013438078873,missing
red2:lane1:snr30.0:seed4:frame19,30.0,19,cwz_joint,759,false,false,false,missing,false,true,gradient_only,8,1,16,1525,1255,1.2908687074929879,12.649049814724007,missing
red2:lane1:snr30.0:seed4:frame20,30.0,20,cwz_joint,775,false,false,false,missing,false,true,gradient_only,8,1,16,1514,1292,0.46075590967127156,11.38479983418562,missing
red2:lane1:snr30.0:seed4:frame21,30.0,21,cwz_joint,587,false,false,false,missing,false,true,gradient_only,8,1,16,1461,1206,0.29865990727248704,23.06465516639571,missing
red2:lane1:snr30.0:seed4:frame22,30.0,22,cwz_joint,391,false,false,false,missing,false,true,gradient_only,5,1,16,1350,1138,0.23812395762862634,16.52333954509032,missing
red2:lane1:snr30.0:seed4:frame23,30.0,23,cwz_joint,773,false,false,false,missing,false,true,gradient_only,8,1,16,1556,1342,0.8813498922667844,18.438606788334265,missing
red2:lane1:snr30.0:seed4:frame24,30.0,24,cwz_joint,913,false,false,false,missing,false,true,gradient_only,7,1,16,1542,1341,1.1477649032266692,33.029282861534284,missing
red2:lane1:snr30.0:seed4:frame25,30.0,25,cwz_joint,742,false,false,false,missing,false,true,gradient_only,8,1,16,1568,1342,0.4955889901453495,31.525436965245518,missing
red2:lane1:snr30.0:seed4:frame26,30.0,26,cwz_joint,582,false,false,false,missing,false,true,gradient_only,8,1,16,1436,1281,0.357437075959321,14.877365665902682,missing
red2:lane1:snr30.0:seed4:frame27,30.0,27,cwz_joint,666,false,false,false,missing,false,true,gradient_only,8,1,16,1523,1225,0.8745753153927323,25.217300094684813,missing
red2:lane1:snr30.0:seed4:frame28,30.0,28,cwz_joint,597,false,false,false,missing,false,true,gradient_only,8,1,16,1464,1316,0.3580231362793796,17.229306869726027,missing
red2:lane1:snr30.0:seed4:frame29,30.0,29,cwz_joint,781,false,false,false,missing,false,true,gradient_only,7,1,16,1512,1342,0.9599761655293659,31.34499557217141,missing
red2:lane1:snr30.0:seed4:frame30,30.0,30,cwz_joint,843,false,false,false,missing,false,true,gradient_only,8,1,16,1574,1379,0.6804001701621865,12.578288811864837,missing
red2:lane1:snr30.0:seed4:frame31,30.0,31,cwz_joint,847,false,false,false,missing,false,true,gradient_only,7,1,16,1541,1404,1.0059218509380061,21.087425789298138,missing
red2:lane1:snr30.0:seed4:frame32,30.0,32,cwz_joint,0,true,false,true,missing,true,true,gradient_only,0,1,16,0,0,0.5918166722225079,0.5918166722225079,missing
red2:lane1:snr30.0:seed4:frame33,30.0,33,cwz_joint,589,false,false,false,missing,false,true,gradient_only,8,1,16,1479,1343,0.8793331563209182,62.23883517093275,missing
red2:lane1:snr30.0:seed4:frame34,30.0,34,cwz_joint,848,false,false,false,missing,false,true,gradient_only,8,1,16,1550,1375,1.129578849226814,31.210073503807347,missing
red2:lane1:snr30.0:seed4:frame35,30.0,35,cwz_joint,877,false,false,false,missing,false,true,gradient_only,7,1,16,1524,1284,0.8862328292224584,34.67165428976195,missing
red2:lane1:snr30.0:seed4:frame36,30.0,36,cwz_joint,782,false,false,false,missing,false,true,gradient_only,8,1,16,1544,1189,0.5197537003586753,26.40456743877966,missing
red2:lane1:snr30.0:seed4:frame37,30.0,37,cwz_joint,707,false,false,false,missing,false,true,gradient_only,7,1,16,1581,1401,0.48449001117334445,11.845112774711403,missing
red2:lane1:snr30.0:seed4:frame38,30.0,38,cwz_joint,602,false,false,false,missing,false,true,gradient_only,8,1,16,1488,1273,0.5845870844475692,14.377398386563604,missing
red2:lane1:snr30.0:seed4:frame39,30.0,39,cwz_joint,721,false,false,false,missing,false,true,gradient_only,7,1,16,1546,1322,0.5244760504139283,13.607771320134656,missing
red2:lane1:snr30.0:seed4:frame40,30.0,40,cwz_joint,693,false,false,false,missing,false,true,gradient_only,8,1,16,1571,1426,0.41547417398917663,1200.6332408572825,missing
red2:lane1:snr30.0:seed4:frame41,30.0,41,cwz_joint,598,false,false,false,missing,false,true,gradient_only,8,1,16,1485,1134,0.40270372396981946,13.453229291764973,missing
red2:lane1:snr30.0:seed4:frame42,30.0,42,cwz_joint,784,false,false,false,missing,false,true,gradient_only,8,1,16,1559,1369,2.7800176540736508,45.3693318701201,missing
red2:lane1:snr30.0:seed4:frame43,30.0,43,cwz_joint,1002,false,false,false,missing,false,true,gradient_only,7,1,16,1566,1279,1.2842298599012194,31.94343517089749,missing
red2:lane1:snr30.0:seed4:frame44,30.0,44,cwz_joint,867,false,false,false,missing,false,true,gradient_only,8,1,16,1571,1246,1.3198737470187236,304.98441036480006,missing
red2:lane1:snr30.0:seed4:frame45,30.0,45,cwz_joint,825,false,false,false,missing,false,true,gradient_only,8,1,16,1565,1371,0.6379144708866424,24.267580408592583,missing
red2:lane1:snr30.0:seed4:frame46,30.0,46,cwz_joint,630,false,false,false,missing,false,true,gradient_only,8,1,16,1502,1325,0.7213533300617324,34.63138700011435,missing
red2:lane1:snr30.0:seed4:frame47,30.0,47,cwz_joint,620,false,false,false,missing,false,true,gradient_only,8,1,16,1465,1176,0.6143226701412007,79.43433151604991,missing
red2:lane1:snr30.0:seed4:frame48,30.0,48,cwz_joint,599,false,false,false,missing,false,true,gradient_only,7,1,16,1419,1350,1.2321118894436875,71.23423045381773,missing
red2:lane1:snr30.0:seed4:frame49,30.0,49,cwz_joint,664,false,false,false,missing,false,true,gradient_only,8,1,16,1523,1293,0.6582677469950965,16.137747719140833,missing
red2:lane1:snr30.0:seed4:frame50,30.0,50,cwz_joint,776,false,false,false,missing,false,true,gradient_only,8,1,16,1525,1407,1.2868215604707605,31.32233857626373,missing
red2:lane1:snr30.0:seed4:frame51,30.0,51,cwz_joint,716,false,false,false,missing,false,true,gradient_only,8,1,16,1566,1370,0.7942357788222153,33.00470486381057,missing
red2:lane1:snr30.0:seed4:frame52,30.0,52,cwz_joint,736,false,false,false,missing,false,true,gradient_only,8,1,16,1512,1283,0.8300944784969783,62.74402348041125,missing
red2:lane1:snr30.0:seed4:frame53,30.0,53,cwz_joint,525,false,false,false,missing,false,true,gradient_only,8,1,16,1467,1201,0.37937541069208475,18.75361528568398,missing
red2:lane1:snr30.0:seed4:frame54,30.0,54,cwz_joint,677,false,false,false,missing,false,true,gradient_only,8,1,16,1520,1122,0.5739289523659231,92.48892870820582,missing
red2:lane1:snr30.0:seed4:frame55,30.0,55,cwz_joint,769,false,false,false,missing,false,true,gradient_only,7,1,16,1571,1307,0.875316328197743,29.98227160235284,missing
red2:lane1:snr30.0:seed4:frame56,30.0,56,cwz_joint,784,false,false,false,missing,false,true,gradient_only,8,1,16,1568,1316,0.6641934966955239,41.358436682989044,missing
red2:lane1:snr30.0:seed4:frame57,30.0,57,cwz_joint,704,false,false,false,missing,false,true,gradient_only,8,1,16,1553,1333,0.9790898984349875,27.07801908431795,missing
red2:lane1:snr30.0:seed4:frame58,30.0,58,cwz_joint,623,false,false,false,missing,false,true,gradient_only,8,1,16,1461,1272,0.4050933338089161,43.72240368914877,missing
red2:lane1:snr30.0:seed4:frame59,30.0,59,cwz_joint,649,false,false,false,missing,false,true,gradient_only,8,1,16,1514,1228,5.038022183218894,16.703627708595587,missing
red2:lane1:snr30.0:seed4:frame60,30.0,60,cwz_joint,659,false,false,false,missing,false,true,gradient_only,8,1,16,1420,1292,0.44700917014944963,47.560980745192175,missing
red2:lane1:snr30.0:seed4:frame1,30.0,1,profiled_cz,629,false,false,false,missing,false,true,gradient_only,2,1,16,1515,1465,0.7230000121055378,11.975101636834072,missing
red2:lane1:snr30.0:seed4:frame2,30.0,2,profiled_cz,804,false,false,false,missing,false,true,gradient_only,8,1,16,1585,1514,10.184591528368946,2.939176298160387,missing
red2:lane1:snr30.0:seed4:frame3,30.0,3,profiled_cz,646,false,false,false,missing,false,true,gradient_only,4,1,16,1532,1503,0.5969671400705105,5.139361176799044,missing
red2:lane1:snr30.0:seed4:frame4,30.0,4,profiled_cz,489,false,false,false,missing,false,true,gradient_only,0,1,16,1546,1546,0.9023621825746995,0.9023621825746995,missing
red2:lane1:snr30.0:seed4:frame5,30.0,5,profiled_cz,321,false,false,false,missing,false,true,gradient_only,0,1,16,1446,1446,0.4223349653161129,0.4223349653161129,missing
red2:lane1:snr30.0:seed4:frame6,30.0,6,profiled_cz,408,false,false,false,missing,false,true,gradient_only,0,1,16,1491,1491,0.5338494106415601,0.5338494106415601,missing
red2:lane1:snr30.0:seed4:frame7,30.0,7,profiled_cz,703,false,false,false,missing,false,true,gradient_only,5,1,16,1506,1455,0.8113325962515641,3.97923260586369,missing
red2:lane1:snr30.0:seed4:frame8,30.0,8,profiled_cz,770,false,false,false,missing,false,true,gradient_only,8,1,16,1536,1512,1.0348899995181873,3.7572810585189993,missing
red2:lane1:snr30.0:seed4:frame9,30.0,9,profiled_cz,611,false,false,false,missing,false,true,gradient_only,8,1,16,1536,1514,0.421561199318154,2.2531324633300067,missing
red2:lane1:snr30.0:seed4:frame10,30.0,10,profiled_cz,464,false,false,false,missing,false,true,gradient_only,0,1,16,1493,1493,0.6728648126216431,0.6728648126216431,missing
red2:lane1:snr30.0:seed4:frame11,30.0,11,profiled_cz,366,false,false,false,missing,false,true,gradient_only,0,1,16,1441,1441,0.5382837520364746,0.5382837520364746,missing
red2:lane1:snr30.0:seed4:frame12,30.0,12,profiled_cz,751,false,false,false,missing,false,true,gradient_only,2,1,16,1569,1496,1.0320371901571845,3.931718929217876,missing
red2:lane1:snr30.0:seed4:frame13,30.0,13,profiled_cz,576,false,false,false,missing,false,true,gradient_only,7,1,16,1515,1508,0.5646244654230497,1.3391096413254764,missing
red2:lane1:snr30.0:seed4:frame14,30.0,14,profiled_cz,700,false,false,false,missing,false,true,gradient_only,1,1,16,1548,1537,1.098055141813931,3.6742032262417967,missing
red2:lane1:snr30.0:seed4:frame15,30.0,15,profiled_cz,349,false,false,false,missing,false,true,gradient_only,0,1,16,1438,1438,0.37100956322082246,0.37100956322082246,missing
red2:lane1:snr30.0:seed4:frame16,30.0,16,profiled_cz,500,false,false,false,missing,false,true,gradient_only,4,1,16,1515,1468,0.6230328637602232,2.780552038368256,missing
red2:lane1:snr30.0:seed4:frame17,30.0,17,profiled_cz,362,false,false,false,missing,false,true,gradient_only,0,1,16,1470,1470,0.3739990171238182,0.3739990171238182,missing
red2:lane1:snr30.0:seed4:frame18,30.0,18,profiled_cz,702,false,false,false,missing,false,true,gradient_only,8,1,16,1530,1510,1.1339443909606783,2.5497839854203046,missing
red2:lane1:snr30.0:seed4:frame19,30.0,19,profiled_cz,656,false,false,false,missing,false,true,gradient_only,7,1,16,1525,1458,1.2908687074929879,2.753572290092915,missing
red2:lane1:snr30.0:seed4:frame20,30.0,20,profiled_cz,583,false,false,false,missing,false,true,gradient_only,3,1,16,1514,1490,0.46075590967127156,2.280562785496133,missing
red2:lane1:snr30.0:seed4:frame21,30.0,21,profiled_cz,360,false,false,false,missing,false,true,gradient_only,0,1,16,1461,1461,0.29865990727248704,0.29865990727248704,missing
red2:lane1:snr30.0:seed4:frame22,30.0,22,profiled_cz,245,false,false,false,missing,false,true,gradient_only,0,1,16,1350,1350,0.23812395762862634,0.23812395762862634,missing
red2:lane1:snr30.0:seed4:frame23,30.0,23,profiled_cz,677,false,false,false,missing,false,true,gradient_only,4,1,16,1556,1478,0.8813498922667844,3.131118530097793,missing
red2:lane1:snr30.0:seed4:frame24,30.0,24,profiled_cz,856,false,false,false,missing,false,true,gradient_only,7,1,16,1542,1496,1.1477649032266692,5.346557250902839,missing
red2:lane1:snr30.0:seed4:frame25,30.0,25,profiled_cz,625,false,false,false,missing,false,true,gradient_only,7,1,16,1568,1504,0.4955889901453495,4.593701010320171,missing
red2:lane1:snr30.0:seed4:frame26,30.0,26,profiled_cz,299,false,false,false,missing,false,true,gradient_only,0,1,16,1436,1436,0.357437075959321,0.357437075959321,missing
red2:lane1:snr30.0:seed4:frame27,30.0,27,profiled_cz,589,false,false,false,missing,false,true,gradient_only,6,1,16,1523,1508,0.8745753153927323,5.11579033856567,missing
red2:lane1:snr30.0:seed4:frame28,30.0,28,profiled_cz,458,false,false,false,missing,false,true,gradient_only,5,1,16,1464,1463,0.3580231362793796,5.532362933723299,missing
red2:lane1:snr30.0:seed4:frame29,30.0,29,profiled_cz,651,false,false,false,missing,false,true,gradient_only,8,1,16,1512,1485,0.9599761655293659,12.105769015733058,missing
red2:lane1:snr30.0:seed4:frame30,30.0,30,profiled_cz,748,false,false,false,missing,false,true,gradient_only,7,1,16,1574,1508,0.6804001701621865,2.4739320173230785,missing
red2:lane1:snr30.0:seed4:frame31,30.0,31,profiled_cz,799,false,false,false,missing,false,true,gradient_only,2,1,16,1541,1516,1.0059218509380061,4.659786575195403,missing
red2:lane1:snr30.0:seed4:frame32,30.0,32,profiled_cz,0,true,false,true,missing,true,true,gradient_only,0,1,16,0,0,0.5918166722225079,0.5918166722225079,missing
red2:lane1:snr30.0:seed4:frame33,30.0,33,profiled_cz,488,false,false,false,missing,false,true,gradient_only,5,1,16,1479,1452,0.8793331563209182,10.419663598939428,missing
red2:lane1:snr30.0:seed4:frame34,30.0,34,profiled_cz,710,false,false,false,missing,false,true,gradient_only,4,1,16,1550,1518,1.129578849226814,6.237691318146248,missing
red2:lane1:snr30.0:seed4:frame35,30.0,35,profiled_cz,838,false,false,false,missing,false,true,gradient_only,3,1,16,1524,1478,0.8862328292224584,8.34059285979215,missing
red2:lane1:snr30.0:seed4:frame36,30.0,36,profiled_cz,726,false,false,false,missing,false,true,gradient_only,1,1,16,1544,1543,0.5197537003586753,4.425870088572415,missing
red2:lane1:snr30.0:seed4:frame37,30.0,37,profiled_cz,598,false,false,false,missing,false,true,gradient_only,1,1,16,1581,1523,0.48449001117334445,2.436720141153614,missing
red2:lane1:snr30.0:seed4:frame38,30.0,38,profiled_cz,466,false,false,false,missing,false,true,gradient_only,8,1,16,1488,1480,0.5845870844475692,3.300973643195618,missing
red2:lane1:snr30.0:seed4:frame39,30.0,39,profiled_cz,630,false,false,false,missing,false,true,gradient_only,2,1,16,1546,1472,0.5244760504139283,2.2228835920889525,missing
red2:lane1:snr30.0:seed4:frame40,30.0,40,profiled_cz,545,false,false,false,missing,false,true,gradient_only,8,1,16,1571,1494,0.41547417398917663,21.223194640088867,missing
red2:lane1:snr30.0:seed4:frame41,30.0,41,profiled_cz,536,false,false,false,missing,false,true,gradient_only,5,1,16,1485,1483,0.40270372396981946,8.86739052395252,missing
red2:lane1:snr30.0:seed4:frame42,30.0,42,profiled_cz,649,false,false,false,missing,false,true,gradient_only,3,1,16,1559,1536,2.7800176540736508,6.310393714786087,missing
red2:lane1:snr30.0:seed4:frame43,30.0,43,profiled_cz,933,false,false,false,missing,false,true,gradient_only,8,1,16,1566,1508,1.2842298599012194,5.549595523062105,missing
red2:lane1:snr30.0:seed4:frame44,30.0,44,profiled_cz,792,false,false,false,missing,false,true,gradient_only,7,1,16,1571,1503,1.3198737470187236,11.476003017163638,missing
red2:lane1:snr30.0:seed4:frame45,30.0,45,profiled_cz,729,false,false,false,missing,false,true,gradient_only,4,1,16,1565,1490,0.6379144708866424,25.047269149127832,missing
red2:lane1:snr30.0:seed4:frame46,30.0,46,profiled_cz,395,false,false,false,missing,false,true,gradient_only,0,1,16,1502,1502,0.7213533300617324,0.7213533300617324,missing
red2:lane1:snr30.0:seed4:frame47,30.0,47,profiled_cz,374,false,false,false,missing,false,true,gradient_only,0,1,16,1465,1465,0.6143226701412007,0.6143226701412007,missing
red2:lane1:snr30.0:seed4:frame48,30.0,48,profiled_cz,319,false,false,false,missing,false,true,gradient_only,0,1,16,1419,1419,1.2321118894436875,1.2321118894436875,missing
red2:lane1:snr30.0:seed4:frame49,30.0,49,profiled_cz,564,false,false,false,missing,false,true,gradient_only,5,1,16,1523,1455,0.6582677469950965,3.411374541162874,missing
red2:lane1:snr30.0:seed4:frame50,30.0,50,profiled_cz,539,false,false,false,missing,false,true,gradient_only,0,1,16,1525,1525,1.2868215604707605,1.2868215604707605,missing
red2:lane1:snr30.0:seed4:frame51,30.0,51,profiled_cz,636,false,false,false,missing,false,true,gradient_only,4,1,16,1566,1543,0.7942357788222153,4.232479851647824,missing
red2:lane1:snr30.0:seed4:frame52,30.0,52,profiled_cz,507,false,false,false,missing,false,true,gradient_only,0,1,16,1512,1512,0.8300944784969783,0.8300944784969783,missing
red2:lane1:snr30.0:seed4:frame53,30.0,53,profiled_cz,324,false,false,false,missing,false,true,gradient_only,0,1,16,1467,1467,0.37937541069208475,0.37937541069208475,missing
red2:lane1:snr30.0:seed4:frame54,30.0,54,profiled_cz,666,false,false,false,missing,false,true,gradient_only,5,1,16,1520,1507,0.5739289523659231,15.030716964206823,missing
red2:lane1:snr30.0:seed4:frame55,30.0,55,profiled_cz,677,false,false,false,missing,false,true,gradient_only,4,1,16,1571,1518,0.875316328197743,6.428294561936121,missing
red2:lane1:snr30.0:seed4:frame56,30.0,56,profiled_cz,679,false,false,false,missing,false,true,gradient_only,7,1,16,1568,1540,0.6641934966955239,7.632185558298387,missing
red2:lane1:snr30.0:seed4:frame57,30.0,57,profiled_cz,617,false,false,false,missing,false,true,gradient_only,6,1,16,1553,1490,0.9790898984349875,5.161367361518332,missing
red2:lane1:snr30.0:seed4:frame58,30.0,58,profiled_cz,373,false,false,false,missing,false,true,gradient_only,0,1,16,1461,1461,0.4050933338089161,0.4050933338089161,missing
red2:lane1:snr30.0:seed4:frame59,30.0,59,profiled_cz,528,false,false,false,missing,false,true,gradient_only,2,1,16,1514,1456,5.038022183218894,3.6943389782278144,missing
red2:lane1:snr30.0:seed4:frame60,30.0,60,profiled_cz,377,false,false,false,missing,false,true,gradient_only,0,1,16,1420,1420,0.44700917014944963,0.44700917014944963,missing
