workload_id,snr_db,frame,algorithm_id,noise_model,capture_start_seconds,capture_stop_seconds,snapshot_index,snapshot_seconds,replay_support_end_seconds,frame_duration_seconds,frame_samples,payload_bits,payload_seed,noise_seed,replay_seed,optimizer_seed,bit_errors,success,decode_failure,partial_fft_parts,partial_fft_bands
red4:lane3:snr0.0:seed4:frame1,0.0,1,cwz_joint,awgn,0.0,32.0,1,0.0,1.0355208333333332,0.9933333333333333,9536,3248,4,4,4,4,988,false,false,4,16
red4:lane3:snr0.0:seed4:frame2,0.0,2,cwz_joint,awgn,0.0,32.0,96,0.9895833333333334,2.0251041666666665,0.9933333333333333,9536,3248,5,5,5,4,1065,false,false,4,16
red4:lane3:snr0.0:seed4:frame3,0.0,3,cwz_joint,awgn,0.0,32.0,190,1.96875,3.004270833333333,0.9933333333333333,9536,3248,6,6,6,4,1096,false,false,4,16
red4:lane3:snr0.0:seed4:frame4,0.0,4,cwz_joint,awgn,0.0,32.0,285,2.9583333333333335,3.993854166666667,0.9933333333333333,9536,3248,7,7,7,4,1166,false,false,4,16
red4:lane3:snr0.0:seed4:frame5,0.0,5,cwz_joint,awgn,0.0,32.0,385,4.0,5.035520833333333,0.9933333333333333,9536,3248,8,8,8,4,1173,false,false,4,16
red4:lane3:snr0.0:seed4:frame6,0.0,6,cwz_joint,awgn,0.0,32.0,480,4.989583333333333,6.025104166666666,0.9933333333333333,9536,3248,9,9,9,4,1035,false,false,4,16
red4:lane3:snr0.0:seed4:frame7,0.0,7,cwz_joint,awgn,0.0,32.0,574,5.96875,7.004270833333333,0.9933333333333333,9536,3248,10,10,10,4,1216,false,false,4,16
red4:lane3:snr0.0:seed4:frame8,0.0,8,cwz_joint,awgn,0.0,32.0,669,6.958333333333333,7.993854166666666,0.9933333333333333,9536,3248,11,11,11,4,1114,false,false,4,16
red4:lane3:snr0.0:seed4:frame9,0.0,9,cwz_joint,awgn,0.0,32.0,769,8.0,9.035520833333333,0.9933333333333333,9536,3248,12,12,12,4,1157,false,false,4,16
red4:lane3:snr0.0:seed4:frame10,0.0,10,cwz_joint,awgn,0.0,32.0,864,8.989583333333334,10.025104166666667,0.9933333333333333,9536,3248,13,13,13,4,1074,false,false,4,16
red4:lane3:snr0.0:seed4:frame11,0.0,11,cwz_joint,awgn,0.0,32.0,958,9.96875,11.004270833333333,0.9933333333333333,9536,3248,14,14,14,4,1192,false,false,4,16
red4:lane3:snr0.0:seed4:frame12,0.0,12,cwz_joint,awgn,0.0,32.0,1053,10.958333333333334,11.993854166666667,0.9933333333333333,9536,3248,15,15,15,4,1051,false,false,4,16
red4:lane3:snr0.0:seed4:frame13,0.0,13,cwz_joint,awgn,0.0,32.0,1153,12.0,13.035520833333333,0.9933333333333333,9536,3248,16,16,16,4,1041,false,false,4,16
red4:lane3:snr0.0:seed4:frame14,0.0,14,cwz_joint,awgn,0.0,32.0,1248,12.989583333333334,14.025104166666667,0.9933333333333333,9536,3248,17,17,17,4,1092,false,false,4,16
red4:lane3:snr0.0:seed4:frame15,0.0,15,cwz_joint,awgn,0.0,32.0,1342,13.96875,15.004270833333333,0.9933333333333333,9536,3248,18,18,18,4,1104,false,false,4,16
red4:lane3:snr0.0:seed4:frame16,0.0,16,cwz_joint,awgn,0.0,32.0,1437,14.958333333333334,15.993854166666667,0.9933333333333333,9536,3248,19,19,19,4,1145,false,false,4,16
red4:lane3:snr0.0:seed4:frame17,0.0,17,cwz_joint,awgn,0.0,32.0,1537,16.0,17.035520833333333,0.9933333333333333,9536,3248,20,20,20,4,1050,false,false,4,16
red4:lane3:snr0.0:seed4:frame18,0.0,18,cwz_joint,awgn,0.0,32.0,1632,16.989583333333332,18.025104166666665,0.9933333333333333,9536,3248,21,21,21,4,1146,false,false,4,16
red4:lane3:snr0.0:seed4:frame19,0.0,19,cwz_joint,awgn,0.0,32.0,1726,17.96875,19.004270833333333,0.9933333333333333,9536,3248,22,22,22,4,1136,false,false,4,16
red4:lane3:snr0.0:seed4:frame20,0.0,20,cwz_joint,awgn,0.0,32.0,1821,18.958333333333332,19.993854166666665,0.9933333333333333,9536,3248,23,23,23,4,1039,false,false,4,16
red4:lane3:snr0.0:seed4:frame21,0.0,21,cwz_joint,awgn,0.0,32.0,1921,20.0,21.035520833333333,0.9933333333333333,9536,3248,24,24,24,4,1075,false,false,4,16
red4:lane3:snr0.0:seed4:frame22,0.0,22,cwz_joint,awgn,0.0,32.0,2016,20.989583333333332,22.025104166666665,0.9933333333333333,9536,3248,25,25,25,4,1038,false,false,4,16
red4:lane3:snr0.0:seed4:frame23,0.0,23,cwz_joint,awgn,0.0,32.0,2110,21.96875,23.004270833333333,0.9933333333333333,9536,3248,26,26,26,4,1120,false,false,4,16
red4:lane3:snr0.0:seed4:frame24,0.0,24,cwz_joint,awgn,0.0,32.0,2205,22.958333333333332,23.993854166666665,0.9933333333333333,9536,3248,27,27,27,4,1116,false,false,4,16
red4:lane3:snr0.0:seed4:frame25,0.0,25,cwz_joint,awgn,0.0,32.0,2305,24.0,25.035520833333333,0.9933333333333333,9536,3248,28,28,28,4,1165,false,false,4,16
red4:lane3:snr0.0:seed4:frame26,0.0,26,cwz_joint,awgn,0.0,32.0,2400,24.989583333333332,26.025104166666665,0.9933333333333333,9536,3248,29,29,29,4,1120,false,false,4,16
red4:lane3:snr0.0:seed4:frame27,0.0,27,cwz_joint,awgn,0.0,32.0,2494,25.96875,27.004270833333333,0.9933333333333333,9536,3248,30,30,30,4,1127,false,false,4,16
red4:lane3:snr0.0:seed4:frame28,0.0,28,cwz_joint,awgn,0.0,32.0,2589,26.958333333333332,27.993854166666665,0.9933333333333333,9536,3248,31,31,31,4,1019,false,false,4,16
red4:lane3:snr0.0:seed4:frame29,0.0,29,cwz_joint,awgn,0.0,32.0,2689,28.0,29.035520833333333,0.9933333333333333,9536,3248,32,32,32,4,1069,false,false,4,16
red4:lane3:snr0.0:seed4:frame30,0.0,30,cwz_joint,awgn,0.0,32.0,2784,28.989583333333332,30.025104166666665,0.9933333333333333,9536,3248,33,33,33,4,1024,false,false,4,16
red4:lane3:snr0.0:seed4:frame31,0.0,31,cwz_joint,awgn,0.0,32.0,2878,29.96875,31.004270833333333,0.9933333333333333,9536,3248,34,34,34,4,1065,false,false,4,16
red4:lane3:snr0.0:seed4:frame32,0.0,32,cwz_joint,awgn,0.0,32.0,2973,30.958333333333332,31.993854166666665,0.9933333333333333,9536,3248,35,35,35,4,1052,false,false,4,16
red4:lane3:snr0.0:seed4:frame1,0.0,1,lite,awgn,0.0,32.0,1,0.0,1.0355208333333332,0.9933333333333333,9536,3248,4,4,4,4,1106,false,false,4,16
red4:lane3:snr0.0:seed4:frame2,0.0,2,lite,awgn,0.0,32.0,96,0.9895833333333334,2.0251041666666665,0.9933333333333333,9536,3248,5,5,5,4,1063,false,false,4,16
red4:lane3:snr0.0:seed4:frame3,0.0,3,lite,awgn,0.0,32.0,190,1.96875,3.004270833333333,0.9933333333333333,9536,3248,6,6,6,4,1216,false,false,4,16
red4:lane3:snr0.0:seed4:frame4,0.0,4,lite,awgn,0.0,32.0,285,2.9583333333333335,3.993854166666667,0.9933333333333333,9536,3248,7,7,7,4,1272,false,false,4,16
red4:lane3:snr0.0:seed4:frame5,0.0,5,lite,awgn,0.0,32.0,385,4.0,5.035520833333333,0.9933333333333333,9536,3248,8,8,8,4,1168,false,false,4,16
red4:lane3:snr0.0:seed4:frame6,0.0,6,lite,awgn,0.0,32.0,480,4.989583333333333,6.025104166666666,0.9933333333333333,9536,3248,9,9,9,4,1190,false,false,4,16
red4:lane3:snr0.0:seed4:frame7,0.0,7,lite,awgn,0.0,32.0,574,5.96875,7.004270833333333,0.9933333333333333,9536,3248,10,10,10,4,1241,false,false,4,16
red4:lane3:snr0.0:seed4:frame8,0.0,8,lite,awgn,0.0,32.0,669,6.958333333333333,7.993854166666666,0.9933333333333333,9536,3248,11,11,11,4,1094,false,false,4,16
red4:lane3:snr0.0:seed4:frame9,0.0,9,lite,awgn,0.0,32.0,769,8.0,9.035520833333333,0.9933333333333333,9536,3248,12,12,12,4,1193,false,false,4,16
red4:lane3:snr0.0:seed4:frame10,0.0,10,lite,awgn,0.0,32.0,864,8.989583333333334,10.025104166666667,0.9933333333333333,9536,3248,13,13,13,4,1039,false,false,4,16
red4:lane3:snr0.0:seed4:frame11,0.0,11,lite,awgn,0.0,32.0,958,9.96875,11.004270833333333,0.9933333333333333,9536,3248,14,14,14,4,1183,false,false,4,16
red4:lane3:snr0.0:seed4:frame12,0.0,12,lite,awgn,0.0,32.0,1053,10.958333333333334,11.993854166666667,0.9933333333333333,9536,3248,15,15,15,4,1063,false,false,4,16
red4:lane3:snr0.0:seed4:frame13,0.0,13,lite,awgn,0.0,32.0,1153,12.0,13.035520833333333,0.9933333333333333,9536,3248,16,16,16,4,1124,false,false,4,16
red4:lane3:snr0.0:seed4:frame14,0.0,14,lite,awgn,0.0,32.0,1248,12.989583333333334,14.025104166666667,0.9933333333333333,9536,3248,17,17,17,4,1148,false,false,4,16
red4:lane3:snr0.0:seed4:frame15,0.0,15,lite,awgn,0.0,32.0,1342,13.96875,15.004270833333333,0.9933333333333333,9536,3248,18,18,18,4,1129,false,false,4,16
red4:lane3:snr0.0:seed4:frame16,0.0,16,lite,awgn,0.0,32.0,1437,14.958333333333334,15.993854166666667,0.9933333333333333,9536,3248,19,19,19,4,1210,false,false,4,16
red4:lane3:snr0.0:seed4:frame17,0.0,17,lite,awgn,0.0,32.0,1537,16.0,17.035520833333333,0.9933333333333333,9536,3248,20,20,20,4,1167,false,false,4,16
red4:lane3:snr0.0:seed4:frame18,0.0,18,lite,awgn,0.0,32.0,1632,16.989583333333332,18.025104166666665,0.9933333333333333,9536,3248,21,21,21,4,1161,false,false,4,16
red4:lane3:snr0.0:seed4:frame19,0.0,19,lite,awgn,0.0,32.0,1726,17.96875,19.004270833333333,0.9933333333333333,9536,3248,22,22,22,4,1128,false,false,4,16
red4:lane3:snr0.0:seed4:frame20,0.0,20,lite,awgn,0.0,32.0,1821,18.958333333333332,19.993854166666665,0.9933333333333333,9536,3248,23,23,23,4,1125,false,false,4,16
red4:lane3:snr0.0:seed4:frame21,0.0,21,lite,awgn,0.0,32.0,1921,20.0,21.035520833333333,0.9933333333333333,9536,3248,24,24,24,4,1182,false,false,4,16
red4:lane3:snr0.0:seed4:frame22,0.0,22,lite,awgn,0.0,32.0,2016,20.989583333333332,22.025104166666665,0.9933333333333333,9536,3248,25,25,25,4,1107,false,false,4,16
red4:lane3:snr0.0:seed4:frame23,0.0,23,lite,awgn,0.0,32.0,2110,21.96875,23.004270833333333,0.9933333333333333,9536,3248,26,26,26,4,1192,false,false,4,16
red4:lane3:snr0.0:seed4:frame24,0.0,24,lite,awgn,0.0,32.0,2205,22.958333333333332,23.993854166666665,0.9933333333333333,9536,3248,27,27,27,4,1189,false,false,4,16
red4:lane3:snr0.0:seed4:frame25,0.0,25,lite,awgn,0.0,32.0,2305,24.0,25.035520833333333,0.9933333333333333,9536,3248,28,28,28,4,1189,false,false,4,16
red4:lane3:snr0.0:seed4:frame26,0.0,26,lite,awgn,0.0,32.0,2400,24.989583333333332,26.025104166666665,0.9933333333333333,9536,3248,29,29,29,4,1184,false,false,4,16
red4:lane3:snr0.0:seed4:frame27,0.0,27,lite,awgn,0.0,32.0,2494,25.96875,27.004270833333333,0.9933333333333333,9536,3248,30,30,30,4,1145,false,false,4,16
red4:lane3:snr0.0:seed4:frame28,0.0,28,lite,awgn,0.0,32.0,2589,26.958333333333332,27.993854166666665,0.9933333333333333,9536,3248,31,31,31,4,1131,false,false,4,16
red4:lane3:snr0.0:seed4:frame29,0.0,29,lite,awgn,0.0,32.0,2689,28.0,29.035520833333333,0.9933333333333333,9536,3248,32,32,32,4,1163,false,false,4,16
red4:lane3:snr0.0:seed4:frame30,0.0,30,lite,awgn,0.0,32.0,2784,28.989583333333332,30.025104166666665,0.9933333333333333,9536,3248,33,33,33,4,1081,false,false,4,16
red4:lane3:snr0.0:seed4:frame31,0.0,31,lite,awgn,0.0,32.0,2878,29.96875,31.004270833333333,0.9933333333333333,9536,3248,34,34,34,4,1154,false,false,4,16
red4:lane3:snr0.0:seed4:frame32,0.0,32,lite,awgn,0.0,32.0,2973,30.958333333333332,31.993854166666665,0.9933333333333333,9536,3248,35,35,35,4,1120,false,false,4,16
red4:lane3:snr0.0:seed4:frame1,0.0,1,ofdm_fec,awgn,0.0,32.0,1,0.0,1.0355208333333332,0.9933333333333333,9536,3248,4,4,4,4,988,false,false,4,16
red4:lane3:snr0.0:seed4:frame2,0.0,2,ofdm_fec,awgn,0.0,32.0,96,0.9895833333333334,2.0251041666666665,0.9933333333333333,9536,3248,5,5,5,4,1065,false,false,4,16
red4:lane3:snr0.0:seed4:frame3,0.0,3,ofdm_fec,awgn,0.0,32.0,190,1.96875,3.004270833333333,0.9933333333333333,9536,3248,6,6,6,4,1096,false,false,4,16
red4:lane3:snr0.0:seed4:frame4,0.0,4,ofdm_fec,awgn,0.0,32.0,285,2.9583333333333335,3.993854166666667,0.9933333333333333,9536,3248,7,7,7,4,1166,false,false,4,16
red4:lane3:snr0.0:seed4:frame5,0.0,5,ofdm_fec,awgn,0.0,32.0,385,4.0,5.035520833333333,0.9933333333333333,9536,3248,8,8,8,4,1173,false,false,4,16
red4:lane3:snr0.0:seed4:frame6,0.0,6,ofdm_fec,awgn,0.0,32.0,480,4.989583333333333,6.025104166666666,0.9933333333333333,9536,3248,9,9,9,4,1035,false,false,4,16
red4:lane3:snr0.0:seed4:frame7,0.0,7,ofdm_fec,awgn,0.0,32.0,574,5.96875,7.004270833333333,0.9933333333333333,9536,3248,10,10,10,4,1216,false,false,4,16
red4:lane3:snr0.0:seed4:frame8,0.0,8,ofdm_fec,awgn,0.0,32.0,669,6.958333333333333,7.993854166666666,0.9933333333333333,9536,3248,11,11,11,4,1114,false,false,4,16
red4:lane3:snr0.0:seed4:frame9,0.0,9,ofdm_fec,awgn,0.0,32.0,769,8.0,9.035520833333333,0.9933333333333333,9536,3248,12,12,12,4,1157,false,false,4,16
red4:lane3:snr0.0:seed4:frame10,0.0,10,ofdm_fec,awgn,0.0,32.0,864,8.989583333333334,10.025104166666667,0.9933333333333333,9536,3248,13,13,13,4,1074,false,false,4,16
red4:lane3:snr0.0:seed4:frame11,0.0,11,ofdm_fec,awgn,0.0,32.0,958,9.96875,11.004270833333333,0.9933333333333333,9536,3248,14,14,14,4,1192,false,false,4,16
red4:lane3:snr0.0:seed4:frame12,0.0,12,ofdm_fec,awgn,0.0,32.0,1053,10.958333333333334,11.993854166666667,0.9933333333333333,9536,3248,15,15,15,4,1051,false,false,4,16
red4:lane3:snr0.0:seed4:frame13,0.0,13,ofdm_fec,awgn,0.0,32.0,1153,12.0,13.035520833333333,0.9933333333333333,9536,3248,16,16,16,4,1041,false,false,4,16
red4:lane3:snr0.0:seed4:frame14,0.0,14,ofdm_fec,awgn,0.0,32.0,1248,12.989583333333334,14.025104166666667,0.9933333333333333,9536,3248,17,17,17,4,1092,false,false,4,16
red4:lane3:snr0.0:seed4:frame15,0.0,15,ofdm_fec,awgn,0.0,32.0,1342,13.96875,15.004270833333333,0.9933333333333333,9536,3248,18,18,18,4,1104,false,false,4,16
red4:lane3:snr0.0:seed4:frame16,0.0,16,ofdm_fec,awgn,0.0,32.0,1437,14.958333333333334,15.993854166666667,0.9933333333333333,9536,3248,19,19,19,4,1145,false,false,4,16
red4:lane3:snr0.0:seed4:frame17,0.0,17,ofdm_fec,awgn,0.0,32.0,1537,16.0,17.035520833333333,0.9933333333333333,9536,3248,20,20,20,4,1050,false,false,4,16
red4:lane3:snr0.0:seed4:frame18,0.0,18,ofdm_fec,awgn,0.0,32.0,1632,16.989583333333332,18.025104166666665,0.9933333333333333,9536,3248,21,21,21,4,1146,false,false,4,16
red4:lane3:snr0.0:seed4:frame19,0.0,19,ofdm_fec,awgn,0.0,32.0,1726,17.96875,19.004270833333333,0.9933333333333333,9536,3248,22,22,22,4,1136,false,false,4,16
red4:lane3:snr0.0:seed4:frame20,0.0,20,ofdm_fec,awgn,0.0,32.0,1821,18.958333333333332,19.993854166666665,0.9933333333333333,9536,3248,23,23,23,4,1039,false,false,4,16
red4:lane3:snr0.0:seed4:frame21,0.0,21,ofdm_fec,awgn,0.0,32.0,1921,20.0,21.035520833333333,0.9933333333333333,9536,3248,24,24,24,4,1075,false,false,4,16
red4:lane3:snr0.0:seed4:frame22,0.0,22,ofdm_fec,awgn,0.0,32.0,2016,20.989583333333332,22.025104166666665,0.9933333333333333,9536,3248,25,25,25,4,1038,false,false,4,16
red4:lane3:snr0.0:seed4:frame23,0.0,23,ofdm_fec,awgn,0.0,32.0,2110,21.96875,23.004270833333333,0.9933333333333333,9536,3248,26,26,26,4,1120,false,false,4,16
red4:lane3:snr0.0:seed4:frame24,0.0,24,ofdm_fec,awgn,0.0,32.0,2205,22.958333333333332,23.993854166666665,0.9933333333333333,9536,3248,27,27,27,4,1116,false,false,4,16
red4:lane3:snr0.0:seed4:frame25,0.0,25,ofdm_fec,awgn,0.0,32.0,2305,24.0,25.035520833333333,0.9933333333333333,9536,3248,28,28,28,4,1165,false,false,4,16
red4:lane3:snr0.0:seed4:frame26,0.0,26,ofdm_fec,awgn,0.0,32.0,2400,24.989583333333332,26.025104166666665,0.9933333333333333,9536,3248,29,29,29,4,1120,false,false,4,16
red4:lane3:snr0.0:seed4:frame27,0.0,27,ofdm_fec,awgn,0.0,32.0,2494,25.96875,27.004270833333333,0.9933333333333333,9536,3248,30,30,30,4,1127,false,false,4,16
red4:lane3:snr0.0:seed4:frame28,0.0,28,ofdm_fec,awgn,0.0,32.0,2589,26.958333333333332,27.993854166666665,0.9933333333333333,9536,3248,31,31,31,4,1019,false,false,4,16
red4:lane3:snr0.0:seed4:frame29,0.0,29,ofdm_fec,awgn,0.0,32.0,2689,28.0,29.035520833333333,0.9933333333333333,9536,3248,32,32,32,4,1069,false,false,4,16
red4:lane3:snr0.0:seed4:frame30,0.0,30,ofdm_fec,awgn,0.0,32.0,2784,28.989583333333332,30.025104166666665,0.9933333333333333,9536,3248,33,33,33,4,1024,false,false,4,16
red4:lane3:snr0.0:seed4:frame31,0.0,31,ofdm_fec,awgn,0.0,32.0,2878,29.96875,31.004270833333333,0.9933333333333333,9536,3248,34,34,34,4,1065,false,false,4,16
red4:lane3:snr0.0:seed4:frame32,0.0,32,ofdm_fec,awgn,0.0,32.0,2973,30.958333333333332,31.993854166666665,0.9933333333333333,9536,3248,35,35,35,4,1052,false,false,4,16
red4:lane3:snr0.0:seed4:frame1,0.0,1,pfft,awgn,0.0,32.0,1,0.0,1.0355208333333332,0.9933333333333333,9536,3248,4,4,4,4,1106,false,false,4,16
red4:lane3:snr0.0:seed4:frame2,0.0,2,pfft,awgn,0.0,32.0,96,0.9895833333333334,2.0251041666666665,0.9933333333333333,9536,3248,5,5,5,4,1108,false,false,4,16
red4:lane3:snr0.0:seed4:frame3,0.0,3,pfft,awgn,0.0,32.0,190,1.96875,3.004270833333333,0.9933333333333333,9536,3248,6,6,6,4,1216,false,false,4,16
red4:lane3:snr0.0:seed4:frame4,0.0,4,pfft,awgn,0.0,32.0,285,2.9583333333333335,3.993854166666667,0.9933333333333333,9536,3248,7,7,7,4,1272,false,false,4,16
red4:lane3:snr0.0:seed4:frame5,0.0,5,pfft,awgn,0.0,32.0,385,4.0,5.035520833333333,0.9933333333333333,9536,3248,8,8,8,4,1212,false,false,4,16
red4:lane3:snr0.0:seed4:frame6,0.0,6,pfft,awgn,0.0,32.0,480,4.989583333333333,6.025104166666666,0.9933333333333333,9536,3248,9,9,9,4,1149,false,false,4,16
red4:lane3:snr0.0:seed4:frame7,0.0,7,pfft,awgn,0.0,32.0,574,5.96875,7.004270833333333,0.9933333333333333,9536,3248,10,10,10,4,1241,false,false,4,16
red4:lane3:snr0.0:seed4:frame8,0.0,8,pfft,awgn,0.0,32.0,669,6.958333333333333,7.993854166666666,0.9933333333333333,9536,3248,11,11,11,4,1101,false,false,4,16
red4:lane3:snr0.0:seed4:frame9,0.0,9,pfft,awgn,0.0,32.0,769,8.0,9.035520833333333,0.9933333333333333,9536,3248,12,12,12,4,1182,false,false,4,16
red4:lane3:snr0.0:seed4:frame10,0.0,10,pfft,awgn,0.0,32.0,864,8.989583333333334,10.025104166666667,0.9933333333333333,9536,3248,13,13,13,4,1039,false,false,4,16
red4:lane3:snr0.0:seed4:frame11,0.0,11,pfft,awgn,0.0,32.0,958,9.96875,11.004270833333333,0.9933333333333333,9536,3248,14,14,14,4,1200,false,false,4,16
red4:lane3:snr0.0:seed4:frame12,0.0,12,pfft,awgn,0.0,32.0,1053,10.958333333333334,11.993854166666667,0.9933333333333333,9536,3248,15,15,15,4,1179,false,false,4,16
red4:lane3:snr0.0:seed4:frame13,0.0,13,pfft,awgn,0.0,32.0,1153,12.0,13.035520833333333,0.9933333333333333,9536,3248,16,16,16,4,1124,false,false,4,16
red4:lane3:snr0.0:seed4:frame14,0.0,14,pfft,awgn,0.0,32.0,1248,12.989583333333334,14.025104166666667,0.9933333333333333,9536,3248,17,17,17,4,1198,false,false,4,16
red4:lane3:snr0.0:seed4:frame15,0.0,15,pfft,awgn,0.0,32.0,1342,13.96875,15.004270833333333,0.9933333333333333,9536,3248,18,18,18,4,1175,false,false,4,16
red4:lane3:snr0.0:seed4:frame16,0.0,16,pfft,awgn,0.0,32.0,1437,14.958333333333334,15.993854166666667,0.9933333333333333,9536,3248,19,19,19,4,1210,false,false,4,16
red4:lane3:snr0.0:seed4:frame17,0.0,17,pfft,awgn,0.0,32.0,1537,16.0,17.035520833333333,0.9933333333333333,9536,3248,20,20,20,4,1197,false,false,4,16
red4:lane3:snr0.0:seed4:frame18,0.0,18,pfft,awgn,0.0,32.0,1632,16.989583333333332,18.025104166666665,0.9933333333333333,9536,3248,21,21,21,4,1161,false,false,4,16
red4:lane3:snr0.0:seed4:frame19,0.0,19,pfft,awgn,0.0,32.0,1726,17.96875,19.004270833333333,0.9933333333333333,9536,3248,22,22,22,4,1171,false,false,4,16
red4:lane3:snr0.0:seed4:frame20,0.0,20,pfft,awgn,0.0,32.0,1821,18.958333333333332,19.993854166666665,0.9933333333333333,9536,3248,23,23,23,4,1150,false,false,4,16
red4:lane3:snr0.0:seed4:frame21,0.0,21,pfft,awgn,0.0,32.0,1921,20.0,21.035520833333333,0.9933333333333333,9536,3248,24,24,24,4,1210,false,false,4,16
red4:lane3:snr0.0:seed4:frame22,0.0,22,pfft,awgn,0.0,32.0,2016,20.989583333333332,22.025104166666665,0.9933333333333333,9536,3248,25,25,25,4,1109,false,false,4,16
red4:lane3:snr0.0:seed4:frame23,0.0,23,pfft,awgn,0.0,32.0,2110,21.96875,23.004270833333333,0.9933333333333333,9536,3248,26,26,26,4,1203,false,false,4,16
red4:lane3:snr0.0:seed4:frame24,0.0,24,pfft,awgn,0.0,32.0,2205,22.958333333333332,23.993854166666665,0.9933333333333333,9536,3248,27,27,27,4,1190,false,false,4,16
red4:lane3:snr0.0:seed4:frame25,0.0,25,pfft,awgn,0.0,32.0,2305,24.0,25.035520833333333,0.9933333333333333,9536,3248,28,28,28,4,1195,false,false,4,16
red4:lane3:snr0.0:seed4:frame26,0.0,26,pfft,awgn,0.0,32.0,2400,24.989583333333332,26.025104166666665,0.9933333333333333,9536,3248,29,29,29,4,1184,false,false,4,16
red4:lane3:snr0.0:seed4:frame27,0.0,27,pfft,awgn,0.0,32.0,2494,25.96875,27.004270833333333,0.9933333333333333,9536,3248,30,30,30,4,1146,false,false,4,16
red4:lane3:snr0.0:seed4:frame28,0.0,28,pfft,awgn,0.0,32.0,2589,26.958333333333332,27.993854166666665,0.9933333333333333,9536,3248,31,31,31,4,1131,false,false,4,16
red4:lane3:snr0.0:seed4:frame29,0.0,29,pfft,awgn,0.0,32.0,2689,28.0,29.035520833333333,0.9933333333333333,9536,3248,32,32,32,4,1112,false,false,4,16
red4:lane3:snr0.0:seed4:frame30,0.0,30,pfft,awgn,0.0,32.0,2784,28.989583333333332,30.025104166666665,0.9933333333333333,9536,3248,33,33,33,4,1081,false,false,4,16
red4:lane3:snr0.0:seed4:frame31,0.0,31,pfft,awgn,0.0,32.0,2878,29.96875,31.004270833333333,0.9933333333333333,9536,3248,34,34,34,4,1154,false,false,4,16
red4:lane3:snr0.0:seed4:frame32,0.0,32,pfft,awgn,0.0,32.0,2973,30.958333333333332,31.993854166666665,0.9933333333333333,9536,3248,35,35,35,4,1119,false,false,4,16
red4:lane3:snr0.0:seed4:frame1,0.0,1,profiled_cz,awgn,0.0,32.0,1,0.0,1.0355208333333332,0.9933333333333333,9536,3248,4,4,4,4,988,false,false,4,16
red4:lane3:snr0.0:seed4:frame2,0.0,2,profiled_cz,awgn,0.0,32.0,96,0.9895833333333334,2.0251041666666665,0.9933333333333333,9536,3248,5,5,5,4,1065,false,false,4,16
red4:lane3:snr0.0:seed4:frame3,0.0,3,profiled_cz,awgn,0.0,32.0,190,1.96875,3.004270833333333,0.9933333333333333,9536,3248,6,6,6,4,1096,false,false,4,16
red4:lane3:snr0.0:seed4:frame4,0.0,4,profiled_cz,awgn,0.0,32.0,285,2.9583333333333335,3.993854166666667,0.9933333333333333,9536,3248,7,7,7,4,1166,false,false,4,16
red4:lane3:snr0.0:seed4:frame5,0.0,5,profiled_cz,awgn,0.0,32.0,385,4.0,5.035520833333333,0.9933333333333333,9536,3248,8,8,8,4,1173,false,false,4,16
red4:lane3:snr0.0:seed4:frame6,0.0,6,profiled_cz,awgn,0.0,32.0,480,4.989583333333333,6.025104166666666,0.9933333333333333,9536,3248,9,9,9,4,1035,false,false,4,16
red4:lane3:snr0.0:seed4:frame7,0.0,7,profiled_cz,awgn,0.0,32.0,574,5.96875,7.004270833333333,0.9933333333333333,9536,3248,10,10,10,4,1216,false,false,4,16
red4:lane3:snr0.0:seed4:frame8,0.0,8,profiled_cz,awgn,0.0,32.0,669,6.958333333333333,7.993854166666666,0.9933333333333333,9536,3248,11,11,11,4,1114,false,false,4,16
red4:lane3:snr0.0:seed4:frame9,0.0,9,profiled_cz,awgn,0.0,32.0,769,8.0,9.035520833333333,0.9933333333333333,9536,3248,12,12,12,4,1157,false,false,4,16
red4:lane3:snr0.0:seed4:frame10,0.0,10,profiled_cz,awgn,0.0,32.0,864,8.989583333333334,10.025104166666667,0.9933333333333333,9536,3248,13,13,13,4,1074,false,false,4,16
red4:lane3:snr0.0:seed4:frame11,0.0,11,profiled_cz,awgn,0.0,32.0,958,9.96875,11.004270833333333,0.9933333333333333,9536,3248,14,14,14,4,1192,false,false,4,16
red4:lane3:snr0.0:seed4:frame12,0.0,12,profiled_cz,awgn,0.0,32.0,1053,10.958333333333334,11.993854166666667,0.9933333333333333,9536,3248,15,15,15,4,1051,false,false,4,16
red4:lane3:snr0.0:seed4:frame13,0.0,13,profiled_cz,awgn,0.0,32.0,1153,12.0,13.035520833333333,0.9933333333333333,9536,3248,16,16,16,4,1041,false,false,4,16
red4:lane3:snr0.0:seed4:frame14,0.0,14,profiled_cz,awgn,0.0,32.0,1248,12.989583333333334,14.025104166666667,0.9933333333333333,9536,3248,17,17,17,4,1092,false,false,4,16
red4:lane3:snr0.0:seed4:frame15,0.0,15,profiled_cz,awgn,0.0,32.0,1342,13.96875,15.004270833333333,0.9933333333333333,9536,3248,18,18,18,4,1104,false,false,4,16
red4:lane3:snr0.0:seed4:frame16,0.0,16,profiled_cz,awgn,0.0,32.0,1437,14.958333333333334,15.993854166666667,0.9933333333333333,9536,3248,19,19,19,4,1145,false,false,4,16
red4:lane3:snr0.0:seed4:frame17,0.0,17,profiled_cz,awgn,0.0,32.0,1537,16.0,17.035520833333333,0.9933333333333333,9536,3248,20,20,20,4,1050,false,false,4,16
red4:lane3:snr0.0:seed4:frame18,0.0,18,profiled_cz,awgn,0.0,32.0,1632,16.989583333333332,18.025104166666665,0.9933333333333333,9536,3248,21,21,21,4,1146,false,false,4,16
red4:lane3:snr0.0:seed4:frame19,0.0,19,profiled_cz,awgn,0.0,32.0,1726,17.96875,19.004270833333333,0.9933333333333333,9536,3248,22,22,22,4,1136,false,false,4,16
red4:lane3:snr0.0:seed4:frame20,0.0,20,profiled_cz,awgn,0.0,32.0,1821,18.958333333333332,19.993854166666665,0.9933333333333333,9536,3248,23,23,23,4,1039,false,false,4,16
red4:lane3:snr0.0:seed4:frame21,0.0,21,profiled_cz,awgn,0.0,32.0,1921,20.0,21.035520833333333,0.9933333333333333,9536,3248,24,24,24,4,1075,false,false,4,16
red4:lane3:snr0.0:seed4:frame22,0.0,22,profiled_cz,awgn,0.0,32.0,2016,20.989583333333332,22.025104166666665,0.9933333333333333,9536,3248,25,25,25,4,1038,false,false,4,16
red4:lane3:snr0.0:seed4:frame23,0.0,23,profiled_cz,awgn,0.0,32.0,2110,21.96875,23.004270833333333,0.9933333333333333,9536,3248,26,26,26,4,1120,false,false,4,16
red4:lane3:snr0.0:seed4:frame24,0.0,24,profiled_cz,awgn,0.0,32.0,2205,22.958333333333332,23.993854166666665,0.9933333333333333,9536,3248,27,27,27,4,1116,false,false,4,16
red4:lane3:snr0.0:seed4:frame25,0.0,25,profiled_cz,awgn,0.0,32.0,2305,24.0,25.035520833333333,0.9933333333333333,9536,3248,28,28,28,4,1165,false,false,4,16
red4:lane3:snr0.0:seed4:frame26,0.0,26,profiled_cz,awgn,0.0,32.0,2400,24.989583333333332,26.025104166666665,0.9933333333333333,9536,3248,29,29,29,4,1120,false,false,4,16
red4:lane3:snr0.0:seed4:frame27,0.0,27,profiled_cz,awgn,0.0,32.0,2494,25.96875,27.004270833333333,0.9933333333333333,9536,3248,30,30,30,4,1127,false,false,4,16
red4:lane3:snr0.0:seed4:frame28,0.0,28,profiled_cz,awgn,0.0,32.0,2589,26.958333333333332,27.993854166666665,0.9933333333333333,9536,3248,31,31,31,4,1019,false,false,4,16
red4:lane3:snr0.0:seed4:frame29,0.0,29,profiled_cz,awgn,0.0,32.0,2689,28.0,29.035520833333333,0.9933333333333333,9536,3248,32,32,32,4,1069,false,false,4,16
red4:lane3:snr0.0:seed4:frame30,0.0,30,profiled_cz,awgn,0.0,32.0,2784,28.989583333333332,30.025104166666665,0.9933333333333333,9536,3248,33,33,33,4,1024,false,false,4,16
red4:lane3:snr0.0:seed4:frame31,0.0,31,profiled_cz,awgn,0.0,32.0,2878,29.96875,31.004270833333333,0.9933333333333333,9536,3248,34,34,34,4,1065,false,false,4,16
red4:lane3:snr0.0:seed4:frame32,0.0,32,profiled_cz,awgn,0.0,32.0,2973,30.958333333333332,31.993854166666665,0.9933333333333333,9536,3248,35,35,35,4,1052,false,false,4,16
red4:lane3:snr2.0:seed4:frame1,2.0,1,cwz_joint,awgn,0.0,32.0,1,0.0,1.0355208333333332,0.9933333333333333,9536,3248,4,4,4,4,880,false,false,4,16
red4:lane3:snr2.0:seed4:frame2,2.0,2,cwz_joint,awgn,0.0,32.0,96,0.9895833333333334,2.0251041666666665,0.9933333333333333,9536,3248,5,5,5,4,947,false,false,4,16
red4:lane3:snr2.0:seed4:frame3,2.0,3,cwz_joint,awgn,0.0,32.0,190,1.96875,3.004270833333333,0.9933333333333333,9536,3248,6,6,6,4,985,false,false,4,16
red4:lane3:snr2.0:seed4:frame4,2.0,4,cwz_joint,awgn,0.0,32.0,285,2.9583333333333335,3.993854166666667,0.9933333333333333,9536,3248,7,7,7,4,1050,false,false,4,16
red4:lane3:snr2.0:seed4:frame5,2.0,5,cwz_joint,awgn,0.0,32.0,385,4.0,5.035520833333333,0.9933333333333333,9536,3248,8,8,8,4,1062,false,false,4,16
red4:lane3:snr2.0:seed4:frame6,2.0,6,cwz_joint,awgn,0.0,32.0,480,4.989583333333333,6.025104166666666,0.9933333333333333,9536,3248,9,9,9,4,939,false,false,4,16
red4:lane3:snr2.0:seed4:frame7,2.0,7,cwz_joint,awgn,0.0,32.0,574,5.96875,7.004270833333333,0.9933333333333333,9536,3248,10,10,10,4,1088,false,false,4,16
red4:lane3:snr2.0:seed4:frame8,2.0,8,cwz_joint,awgn,0.0,32.0,669,6.958333333333333,7.993854166666666,0.9933333333333333,9536,3248,11,11,11,4,968,false,false,4,16
red4:lane3:snr2.0:seed4:frame9,2.0,9,cwz_joint,awgn,0.0,32.0,769,8.0,9.035520833333333,0.9933333333333333,9536,3248,12,12,12,4,1037,false,false,4,16
red4:lane3:snr2.0:seed4:frame10,2.0,10,cwz_joint,awgn,0.0,32.0,864,8.989583333333334,10.025104166666667,0.9933333333333333,9536,3248,13,13,13,4,1027,false,false,4,16
red4:lane3:snr2.0:seed4:frame11,2.0,11,cwz_joint,awgn,0.0,32.0,958,9.96875,11.004270833333333,0.9933333333333333,9536,3248,14,14,14,4,1045,false,false,4,16
red4:lane3:snr2.0:seed4:frame12,2.0,12,cwz_joint,awgn,0.0,32.0,1053,10.958333333333334,11.993854166666667,0.9933333333333333,9536,3248,15,15,15,4,946,false,false,4,16
red4:lane3:snr2.0:seed4:frame13,2.0,13,cwz_joint,awgn,0.0,32.0,1153,12.0,13.035520833333333,0.9933333333333333,9536,3248,16,16,16,4,925,false,false,4,16
red4:lane3:snr2.0:seed4:frame14,2.0,14,cwz_joint,awgn,0.0,32.0,1248,12.989583333333334,14.025104166666667,0.9933333333333333,9536,3248,17,17,17,4,972,false,false,4,16
red4:lane3:snr2.0:seed4:frame15,2.0,15,cwz_joint,awgn,0.0,32.0,1342,13.96875,15.004270833333333,0.9933333333333333,9536,3248,18,18,18,4,1046,false,false,4,16
red4:lane3:snr2.0:seed4:frame16,2.0,16,cwz_joint,awgn,0.0,32.0,1437,14.958333333333334,15.993854166666667,0.9933333333333333,9536,3248,19,19,19,4,1026,false,false,4,16
red4:lane3:snr2.0:seed4:frame17,2.0,17,cwz_joint,awgn,0.0,32.0,1537,16.0,17.035520833333333,0.9933333333333333,9536,3248,20,20,20,4,855,false,false,4,16
red4:lane3:snr2.0:seed4:frame18,2.0,18,cwz_joint,awgn,0.0,32.0,1632,16.989583333333332,18.025104166666665,0.9933333333333333,9536,3248,21,21,21,4,999,false,false,4,16
red4:lane3:snr2.0:seed4:frame19,2.0,19,cwz_joint,awgn,0.0,32.0,1726,17.96875,19.004270833333333,0.9933333333333333,9536,3248,22,22,22,4,1013,false,false,4,16
red4:lane3:snr2.0:seed4:frame20,2.0,20,cwz_joint,awgn,0.0,32.0,1821,18.958333333333332,19.993854166666665,0.9933333333333333,9536,3248,23,23,23,4,988,false,false,4,16
red4:lane3:snr2.0:seed4:frame21,2.0,21,cwz_joint,awgn,0.0,32.0,1921,20.0,21.035520833333333,0.9933333333333333,9536,3248,24,24,24,4,971,false,false,4,16
red4:lane3:snr2.0:seed4:frame22,2.0,22,cwz_joint,awgn,0.0,32.0,2016,20.989583333333332,22.025104166666665,0.9933333333333333,9536,3248,25,25,25,4,946,false,false,4,16
red4:lane3:snr2.0:seed4:frame23,2.0,23,cwz_joint,awgn,0.0,32.0,2110,21.96875,23.004270833333333,0.9933333333333333,9536,3248,26,26,26,4,987,false,false,4,16
red4:lane3:snr2.0:seed4:frame24,2.0,24,cwz_joint,awgn,0.0,32.0,2205,22.958333333333332,23.993854166666665,0.9933333333333333,9536,3248,27,27,27,4,960,false,false,4,16
red4:lane3:snr2.0:seed4:frame25,2.0,25,cwz_joint,awgn,0.0,32.0,2305,24.0,25.035520833333333,0.9933333333333333,9536,3248,28,28,28,4,1017,false,false,4,16
red4:lane3:snr2.0:seed4:frame26,2.0,26,cwz_joint,awgn,0.0,32.0,2400,24.989583333333332,26.025104166666665,0.9933333333333333,9536,3248,29,29,29,4,1023,false,false,4,16
red4:lane3:snr2.0:seed4:frame27,2.0,27,cwz_joint,awgn,0.0,32.0,2494,25.96875,27.004270833333333,0.9933333333333333,9536,3248,30,30,30,4,1001,false,false,4,16
red4:lane3:snr2.0:seed4:frame28,2.0,28,cwz_joint,awgn,0.0,32.0,2589,26.958333333333332,27.993854166666665,0.9933333333333333,9536,3248,31,31,31,4,833,false,false,4,16
red4:lane3:snr2.0:seed4:frame29,2.0,29,cwz_joint,awgn,0.0,32.0,2689,28.0,29.035520833333333,0.9933333333333333,9536,3248,32,32,32,4,924,false,false,4,16
red4:lane3:snr2.0:seed4:frame30,2.0,30,cwz_joint,awgn,0.0,32.0,2784,28.989583333333332,30.025104166666665,0.9933333333333333,9536,3248,33,33,33,4,920,false,false,4,16
red4:lane3:snr2.0:seed4:frame31,2.0,31,cwz_joint,awgn,0.0,32.0,2878,29.96875,31.004270833333333,0.9933333333333333,9536,3248,34,34,34,4,931,false,false,4,16
red4:lane3:snr2.0:seed4:frame32,2.0,32,cwz_joint,awgn,0.0,32.0,2973,30.958333333333332,31.993854166666665,0.9933333333333333,9536,3248,35,35,35,4,965,false,false,4,16
red4:lane3:snr2.0:seed4:frame1,2.0,1,lite,awgn,0.0,32.0,1,0.0,1.0355208333333332,0.9933333333333333,9536,3248,4,4,4,4,1045,false,false,4,16
red4:lane3:snr2.0:seed4:frame2,2.0,2,lite,awgn,0.0,32.0,96,0.9895833333333334,2.0251041666666665,0.9933333333333333,9536,3248,5,5,5,4,968,false,false,4,16
red4:lane3:snr2.0:seed4:frame3,2.0,3,lite,awgn,0.0,32.0,190,1.96875,3.004270833333333,0.9933333333333333,9536,3248,6,6,6,4,1055,false,false,4,16
red4:lane3:snr2.0:seed4:frame4,2.0,4,lite,awgn,0.0,32.0,285,2.9583333333333335,3.993854166666667,0.9933333333333333,9536,3248,7,7,7,4,1142,false,false,4,16
red4:lane3:snr2.0:seed4:frame5,2.0,5,lite,awgn,0.0,32.0,385,4.0,5.035520833333333,0.9933333333333333,9536,3248,8,8,8,4,1074,false,false,4,16
red4:lane3:snr2.0:seed4:frame6,2.0,6,lite,awgn,0.0,32.0,480,4.989583333333333,6.025104166666666,0.9933333333333333,9536,3248,9,9,9,4,1066,false,false,4,16
red4:lane3:snr2.0:seed4:frame7,2.0,7,lite,awgn,0.0,32.0,574,5.96875,7.004270833333333,0.9933333333333333,9536,3248,10,10,10,4,1145,false,false,4,16
red4:lane3:snr2.0:seed4:frame8,2.0,8,lite,awgn,0.0,32.0,669,6.958333333333333,7.993854166666666,0.9933333333333333,9536,3248,11,11,11,4,1000,false,false,4,16
red4:lane3:snr2.0:seed4:frame9,2.0,9,lite,awgn,0.0,32.0,769,8.0,9.035520833333333,0.9933333333333333,9536,3248,12,12,12,4,1066,false,false,4,16
red4:lane3:snr2.0:seed4:frame10,2.0,10,lite,awgn,0.0,32.0,864,8.989583333333334,10.025104166666667,0.9933333333333333,9536,3248,13,13,13,4,993,false,false,4,16
red4:lane3:snr2.0:seed4:frame11,2.0,11,lite,awgn,0.0,32.0,958,9.96875,11.004270833333333,0.9933333333333333,9536,3248,14,14,14,4,1077,false,false,4,16
red4:lane3:snr2.0:seed4:frame12,2.0,12,lite,awgn,0.0,32.0,1053,10.958333333333334,11.993854166666667,0.9933333333333333,9536,3248,15,15,15,4,1018,false,false,4,16
red4:lane3:snr2.0:seed4:frame13,2.0,13,lite,awgn,0.0,32.0,1153,12.0,13.035520833333333,0.9933333333333333,9536,3248,16,16,16,4,1039,false,false,4,16
red4:lane3:snr2.0:seed4:frame14,2.0,14,lite,awgn,0.0,32.0,1248,12.989583333333334,14.025104166666667,0.9933333333333333,9536,3248,17,17,17,4,1047,false,false,4,16
red4:lane3:snr2.0:seed4:frame15,2.0,15,lite,awgn,0.0,32.0,1342,13.96875,15.004270833333333,0.9933333333333333,9536,3248,18,18,18,4,1004,false,false,4,16
red4:lane3:snr2.0:seed4:frame16,2.0,16,lite,awgn,0.0,32.0,1437,14.958333333333334,15.993854166666667,0.9933333333333333,9536,3248,19,19,19,4,1088,false,false,4,16
red4:lane3:snr2.0:seed4:frame17,2.0,17,lite,awgn,0.0,32.0,1537,16.0,17.035520833333333,0.9933333333333333,9536,3248,20,20,20,4,1044,false,false,4,16
red4:lane3:snr2.0:seed4:frame18,2.0,18,lite,awgn,0.0,32.0,1632,16.989583333333332,18.025104166666665,0.9933333333333333,9536,3248,21,21,21,4,1005,false,false,4,16
red4:lane3:snr2.0:seed4:frame19,2.0,19,lite,awgn,0.0,32.0,1726,17.96875,19.004270833333333,0.9933333333333333,9536,3248,22,22,22,4,1055,false,false,4,16
red4:lane3:snr2.0:seed4:frame20,2.0,20,lite,awgn,0.0,32.0,1821,18.958333333333332,19.993854166666665,0.9933333333333333,9536,3248,23,23,23,4,1062,false,false,4,16
red4:lane3:snr2.0:seed4:frame21,2.0,21,lite,awgn,0.0,32.0,1921,20.0,21.035520833333333,0.9933333333333333,9536,3248,24,24,24,4,1106,false,false,4,16
red4:lane3:snr2.0:seed4:frame22,2.0,22,lite,awgn,0.0,32.0,2016,20.989583333333332,22.025104166666665,0.9933333333333333,9536,3248,25,25,25,4,979,false,false,4,16
red4:lane3:snr2.0:seed4:frame23,2.0,23,lite,awgn,0.0,32.0,2110,21.96875,23.004270833333333,0.9933333333333333,9536,3248,26,26,26,4,1115,false,false,4,16
red4:lane3:snr2.0:seed4:frame24,2.0,24,lite,awgn,0.0,32.0,2205,22.958333333333332,23.993854166666665,0.9933333333333333,9536,3248,27,27,27,4,1043,false,false,4,16
red4:lane3:snr2.0:seed4:frame25,2.0,25,lite,awgn,0.0,32.0,2305,24.0,25.035520833333333,0.9933333333333333,9536,3248,28,28,28,4,1058,false,false,4,16
red4:lane3:snr2.0:seed4:frame26,2.0,26,lite,awgn,0.0,32.0,2400,24.989583333333332,26.025104166666665,0.9933333333333333,9536,3248,29,29,29,4,1083,false,false,4,16
red4:lane3:snr2.0:seed4:frame27,2.0,27,lite,awgn,0.0,32.0,2494,25.96875,27.004270833333333,0.9933333333333333,9536,3248,30,30,30,4,1071,false,false,4,16
red4:lane3:snr2.0:seed4:frame28,2.0,28,lite,awgn,0.0,32.0,2589,26.958333333333332,27.993854166666665,0.9933333333333333,9536,3248,31,31,31,4,1010,false,false,4,16
red4:lane3:snr2.0:seed4:frame29,2.0,29,lite,awgn,0.0,32.0,2689,28.0,29.035520833333333,0.9933333333333333,9536,3248,32,32,32,4,1058,false,false,4,16
red4:lane3:snr2.0:seed4:frame30,2.0,30,lite,awgn,0.0,32.0,2784,28.989583333333332,30.025104166666665,0.9933333333333333,9536,3248,33,33,33,4,924,false,false,4,16
red4:lane3:snr2.0:seed4:frame31,2.0,31,lite,awgn,0.0,32.0,2878,29.96875,31.004270833333333,0.9933333333333333,9536,3248,34,34,34,4,1063,false,false,4,16
red4:lane3:snr2.0:seed4:frame32,2.0,32,lite,awgn,0.0,32.0,2973,30.958333333333332,31.993854166666665,0.9933333333333333,9536,3248,35,35,35,4,1008,false,false,4,16
red4:lane3:snr2.0:seed4:frame1,2.0,1,ofdm_fec,awgn,0.0,32.0,1,0.0,1.0355208333333332,0.9933333333333333,9536,3248,4,4,4,4,880,false,false,4,16
red4:lane3:snr2.0:seed4:frame2,2.0,2,ofdm_fec,awgn,0.0,32.0,96,0.9895833333333334,2.0251041666666665,0.9933333333333333,9536,3248,5,5,5,4,947,false,false,4,16
red4:lane3:snr2.0:seed4:frame3,2.0,3,ofdm_fec,awgn,0.0,32.0,190,1.96875,3.004270833333333,0.9933333333333333,9536,3248,6,6,6,4,985,false,false,4,16
red4:lane3:snr2.0:seed4:frame4,2.0,4,ofdm_fec,awgn,0.0,32.0,285,2.9583333333333335,3.993854166666667,0.9933333333333333,9536,3248,7,7,7,4,1050,false,false,4,16
red4:lane3:snr2.0:seed4:frame5,2.0,5,ofdm_fec,awgn,0.0,32.0,385,4.0,5.035520833333333,0.9933333333333333,9536,3248,8,8,8,4,1062,false,false,4,16
red4:lane3:snr2.0:seed4:frame6,2.0,6,ofdm_fec,awgn,0.0,32.0,480,4.989583333333333,6.025104166666666,0.9933333333333333,9536,3248,9,9,9,4,939,false,false,4,16
red4:lane3:snr2.0:seed4:frame7,2.0,7,ofdm_fec,awgn,0.0,32.0,574,5.96875,7.004270833333333,0.9933333333333333,9536,3248,10,10,10,4,1088,false,false,4,16
red4:lane3:snr2.0:seed4:frame8,2.0,8,ofdm_fec,awgn,0.0,32.0,669,6.958333333333333,7.993854166666666,0.9933333333333333,9536,3248,11,11,11,4,968,false,false,4,16
red4:lane3:snr2.0:seed4:frame9,2.0,9,ofdm_fec,awgn,0.0,32.0,769,8.0,9.035520833333333,0.9933333333333333,9536,3248,12,12,12,4,1037,false,false,4,16
red4:lane3:snr2.0:seed4:frame10,2.0,10,ofdm_fec,awgn,0.0,32.0,864,8.989583333333334,10.025104166666667,0.9933333333333333,9536,3248,13,13,13,4,1027,false,false,4,16
red4:lane3:snr2.0:seed4:frame11,2.0,11,ofdm_fec,awgn,0.0,32.0,958,9.96875,11.004270833333333,0.9933333333333333,9536,3248,14,14,14,4,1045,false,false,4,16
red4:lane3:snr2.0:seed4:frame12,2.0,12,ofdm_fec,awgn,0.0,32.0,1053,10.958333333333334,11.993854166666667,0.9933333333333333,9536,3248,15,15,15,4,946,false,false,4,16
red4:lane3:snr2.0:seed4:frame13,2.0,13,ofdm_fec,awgn,0.0,32.0,1153,12.0,13.035520833333333,0.9933333333333333,9536,3248,16,16,16,4,925,false,false,4,16
red4:lane3:snr2.0:seed4:frame14,2.0,14,ofdm_fec,awgn,0.0,32.0,1248,12.989583333333334,14.025104166666667,0.9933333333333333,9536,3248,17,17,17,4,972,false,false,4,16
red4:lane3:snr2.0:seed4:frame15,2.0,15,ofdm_fec,awgn,0.0,32.0,1342,13.96875,15.004270833333333,0.9933333333333333,9536,3248,18,18,18,4,1046,false,false,4,16
red4:lane3:snr2.0:seed4:frame16,2.0,16,ofdm_fec,awgn,0.0,32.0,1437,14.958333333333334,15.993854166666667,0.9933333333333333,9536,3248,19,19,19,4,1026,false,false,4,16
red4:lane3:snr2.0:seed4:frame17,2.0,17,ofdm_fec,awgn,0.0,32.0,1537,16.0,17.035520833333333,0.9933333333333333,9536,3248,20,20,20,4,855,false,false,4,16
red4:lane3:snr2.0:seed4:frame18,2.0,18,ofdm_fec,awgn,0.0,32.0,1632,16.989583333333332,18.025104166666665,0.9933333333333333,9536,3248,21,21,21,4,999,false,false,4,16
red4:lane3:snr2.0:seed4:frame19,2.0,19,ofdm_fec,awgn,0.0,32.0,1726,17.96875,19.004270833333333,0.9933333333333333,9536,3248,22,22,22,4,1013,false,false,4,16
red4:lane3:snr2.0:seed4:frame20,2.0,20,ofdm_fec,awgn,0.0,32.0,1821,18.958333333333332,19.993854166666665,0.9933333333333333,9536,3248,23,23,23,4,988,false,false,4,16
red4:lane3:snr2.0:seed4:frame21,2.0,21,ofdm_fec,awgn,0.0,32.0,1921,20.0,21.035520833333333,0.9933333333333333,9536,3248,24,24,24,4,971,false,false,4,16
red4:lane3:snr2.0:seed4:frame22,2.0,22,ofdm_fec,awgn,0.0,32.0,2016,20.989583333333332,22.025104166666665,0.9933333333333333,9536,3248,25,25,25,4,946,false,false,4,16
red4:lane3:snr2.0:seed4:frame23,2.0,23,ofdm_fec,awgn,0.0,32.0,2110,21.96875,23.004270833333333,0.9933333333333333,9536,3248,26,26,26,4,987,false,false,4,16
red4:lane3:snr2.0:seed4:frame24,2.0,24,ofdm_fec,awgn,0.0,32.0,2205,22.958333333333332,23.993854166666665,0.9933333333333333,9536,3248,27,27,27,4,960,false,false,4,16
red4:lane3:snr2.0:seed4:frame25,2.0,25,ofdm_fec,awgn,0.0,32.0,2305,24.0,25.035520833333333,0.9933333333333333,9536,3248,28,28,28,4,1017,false,false,4,16
red4:lane3:snr2.0:seed4:frame26,2.0,26,ofdm_fec,awgn,0.0,32.0,2400,24.989583333333332,26.025104166666665,0.9933333333333333,9536,3248,29,29,29,4,1023,false,false,4,16
red4:lane3:snr2.0:seed4:frame27,2.0,27,ofdm_fec,awgn,0.0,32.0,2494,25.96875,27.004270833333333,0.9933333333333333,9536,3248,30,30,30,4,1001,false,false,4,16
red4:lane3:snr2.0:seed4:frame28,2.0,28,ofdm_fec,awgn,0.0,32.0,2589,26.958333333333332,27.993854166666665,0.9933333333333333,9536,3248,31,31,31,4,833,false,false,4,16
red4:lane3:snr2.0:seed4:frame29,2.0,29,ofdm_fec,awgn,0.0,32.0,2689,28.0,29.035520833333333,0.9933333333333333,9536,3248,32,32,32,4,924,false,false,4,16
red4:lane3:snr2.0:seed4:frame30,2.0,30,ofdm_fec,awgn,0.0,32.0,2784,28.989583333333332,30.025104166666665,0.9933333333333333,9536,3248,33,33,33,4,920,false,false,4,16
red4:lane3:snr2.0:seed4:frame31,2.0,31,ofdm_fec,awgn,0.0,32.0,2878,29.96875,31.004270833333333,0.9933333333333333,9536,3248,34,34,34,4,931,false,false,4,16
red4:lane3:snr2.0:seed4:frame32,2.0,32,ofdm_fec,awgn,0.0,32.0,2973,30.958333333333332,31.993854166666665,0.9933333333333333,9536,3248,35,35,35,4,965,false,false,4,16
red4:lane3:snr2.0:seed4:frame1,2.0,1,pfft,awgn,0.0,32.0,1,0.0,1.0355208333333332,0.9933333333333333,9536,3248,4,4,4,4,1045,false,false,4,16
red4:lane3:snr2.0:seed4:frame2,2.0,2,pfft,awgn,0.0,32.0,96,0.9895833333333334,2.0251041666666665,0.9933333333333333,9536,3248,5,5,5,4,1007,false,false,4,16
red4:lane3:snr2.0:seed4:frame3,2.0,3,pfft,awgn,0.0,32.0,190,1.96875,3.004270833333333,0.9933333333333333,9536,3248,6,6,6,4,1083,false,false,4,16
red4:lane3:snr2.0:seed4:frame4,2.0,4,pfft,awgn,0.0,32.0,285,2.9583333333333335,3.993854166666667,0.9933333333333333,9536,3248,7,7,7,4,1171,false,false,4,16
red4:lane3:snr2.0:seed4:frame5,2.0,5,pfft,awgn,0.0,32.0,385,4.0,5.035520833333333,0.9933333333333333,9536,3248,8,8,8,4,1123,false,false,4,16
red4:lane3:snr2.0:seed4:frame6,2.0,6,pfft,awgn,0.0,32.0,480,4.989583333333333,6.025104166666666,0.9933333333333333,9536,3248,9,9,9,4,1066,false,false,4,16
red4:lane3:snr2.0:seed4:frame7,2.0,7,pfft,awgn,0.0,32.0,574,5.96875,7.004270833333333,0.9933333333333333,9536,3248,10,10,10,4,1148,false,false,4,16
red4:lane3:snr2.0:seed4:frame8,2.0,8,pfft,awgn,0.0,32.0,669,6.958333333333333,7.993854166666666,0.9933333333333333,9536,3248,11,11,11,4,1000,false,false,4,16
red4:lane3:snr2.0:seed4:frame9,2.0,9,pfft,awgn,0.0,32.0,769,8.0,9.035520833333333,0.9933333333333333,9536,3248,12,12,12,4,1068,false,false,4,16
red4:lane3:snr2.0:seed4:frame10,2.0,10,pfft,awgn,0.0,32.0,864,8.989583333333334,10.025104166666667,0.9933333333333333,9536,3248,13,13,13,4,993,false,false,4,16
red4:lane3:snr2.0:seed4:frame11,2.0,11,pfft,awgn,0.0,32.0,958,9.96875,11.004270833333333,0.9933333333333333,9536,3248,14,14,14,4,1077,false,false,4,16
red4:lane3:snr2.0:seed4:frame12,2.0,12,pfft,awgn,0.0,32.0,1053,10.958333333333334,11.993854166666667,0.9933333333333333,9536,3248,15,15,15,4,1018,false,false,4,16
red4:lane3:snr2.0:seed4:frame13,2.0,13,pfft,awgn,0.0,32.0,1153,12.0,13.035520833333333,0.9933333333333333,9536,3248,16,16,16,4,1039,false,false,4,16
red4:lane3:snr2.0:seed4:frame14,2.0,14,pfft,awgn,0.0,32.0,1248,12.989583333333334,14.025104166666667,0.9933333333333333,9536,3248,17,17,17,4,1059,false,false,4,16
red4:lane3:snr2.0:seed4:frame15,2.0,15,pfft,awgn,0.0,32.0,1342,13.96875,15.004270833333333,0.9933333333333333,9536,3248,18,18,18,4,1066,false,false,4,16
red4:lane3:snr2.0:seed4:frame16,2.0,16,pfft,awgn,0.0,32.0,1437,14.958333333333334,15.993854166666667,0.9933333333333333,9536,3248,19,19,19,4,1088,false,false,4,16
red4:lane3:snr2.0:seed4:frame17,2.0,17,pfft,awgn,0.0,32.0,1537,16.0,17.035520833333333,0.9933333333333333,9536,3248,20,20,20,4,1084,false,false,4,16
red4:lane3:snr2.0:seed4:frame18,2.0,18,pfft,awgn,0.0,32.0,1632,16.989583333333332,18.025104166666665,0.9933333333333333,9536,3248,21,21,21,4,1093,false,false,4,16
red4:lane3:snr2.0:seed4:frame19,2.0,19,pfft,awgn,0.0,32.0,1726,17.96875,19.004270833333333,0.9933333333333333,9536,3248,22,22,22,4,1054,false,false,4,16
red4:lane3:snr2.0:seed4:frame20,2.0,20,pfft,awgn,0.0,32.0,1821,18.958333333333332,19.993854166666665,0.9933333333333333,9536,3248,23,23,23,4,1062,false,false,4,16
red4:lane3:snr2.0:seed4:frame21,2.0,21,pfft,awgn,0.0,32.0,1921,20.0,21.035520833333333,0.9933333333333333,9536,3248,24,24,24,4,1106,false,false,4,16
red4:lane3:snr2.0:seed4:frame22,2.0,22,pfft,awgn,0.0,32.0,2016,20.989583333333332,22.025104166666665,0.9933333333333333,9536,3248,25,25,25,4,979,false,false,4,16
red4:lane3:snr2.0:seed4:frame23,2.0,23,pfft,awgn,0.0,32.0,2110,21.96875,23.004270833333333,0.9933333333333333,9536,3248,26,26,26,4,1095,false,false,4,16
red4:lane3:snr2.0:seed4:frame24,2.0,24,pfft,awgn,0.0,32.0,2205,22.958333333333332,23.993854166666665,0.9933333333333333,9536,3248,27,27,27,4,1080,false,false,4,16
red4:lane3:snr2.0:seed4:frame25,2.0,25,pfft,awgn,0.0,32.0,2305,24.0,25.035520833333333,0.9933333333333333,9536,3248,28,28,28,4,1107,false,false,4,16
red4:lane3:snr2.0:seed4:frame26,2.0,26,pfft,awgn,0.0,32.0,2400,24.989583333333332,26.025104166666665,0.9933333333333333,9536,3248,29,29,29,4,1083,false,false,4,16
red4:lane3:snr2.0:seed4:frame27,2.0,27,pfft,awgn,0.0,32.0,2494,25.96875,27.004270833333333,0.9933333333333333,9536,3248,30,30,30,4,1047,false,false,4,16
red4:lane3:snr2.0:seed4:frame28,2.0,28,pfft,awgn,0.0,32.0,2589,26.958333333333332,27.993854166666665,0.9933333333333333,9536,3248,31,31,31,4,1010,false,false,4,16
red4:lane3:snr2.0:seed4:frame29,2.0,29,pfft,awgn,0.0,32.0,2689,28.0,29.035520833333333,0.9933333333333333,9536,3248,32,32,32,4,1011,false,false,4,16
red4:lane3:snr2.0:seed4:frame30,2.0,30,pfft,awgn,0.0,32.0,2784,28.989583333333332,30.025104166666665,0.9933333333333333,9536,3248,33,33,33,4,937,false,false,4,16
red4:lane3:snr2.0:seed4:frame31,2.0,31,pfft,awgn,0.0,32.0,2878,29.96875,31.004270833333333,0.9933333333333333,9536,3248,34,34,34,4,1086,false,false,4,16
red4:lane3:snr2.0:seed4:frame32,2.0,32,pfft,awgn,0.0,32.0,2973,30.958333333333332,31.993854166666665,0.9933333333333333,9536,3248,35,35,35,4,1008,false,false,4,16
red4:lane3:snr2.0:seed4:frame1,2.0,1,profiled_cz,awgn,0.0,32.0,1,0.0,1.0355208333333332,0.9933333333333333,9536,3248,4,4,4,4,880,false,false,4,16
red4:lane3:snr2.0:seed4:frame2,2.0,2,profiled_cz,awgn,0.0,32.0,96,0.9895833333333334,2.0251041666666665,0.9933333333333333,9536,3248,5,5,5,4,947,false,false,4,16
red4:lane3:snr2.0:seed4:frame3,2.0,3,profiled_cz,awgn,0.0,32.0,190,1.96875,3.004270833333333,0.9933333333333333,9536,3248,6,6,6,4,985,false,false,4,16
red4:lane3:snr2.0:seed4:frame4,2.0,4,profiled_cz,awgn,0.0,32.0,285,2.9583333333333335,3.993854166666667,0.9933333333333333,9536,3248,7,7,7,4,1050,false,false,4,16
red4:lane3:snr2.0:seed4:frame5,2.0,5,profiled_cz,awgn,0.0,32.0,385,4.0,5.035520833333333,0.9933333333333333,9536,3248,8,8,8,4,1062,false,false,4,16
red4:lane3:snr2.0:seed4:frame6,2.0,6,profiled_cz,awgn,0.0,32.0,480,4.989583333333333,6.025104166666666,0.9933333333333333,9536,3248,9,9,9,4,939,false,false,4,16
red4:lane3:snr2.0:seed4:frame7,2.0,7,profiled_cz,awgn,0.0,32.0,574,5.96875,7.004270833333333,0.9933333333333333,9536,3248,10,10,10,4,1088,false,false,4,16
red4:lane3:snr2.0:seed4:frame8,2.0,8,profiled_cz,awgn,0.0,32.0,669,6.958333333333333,7.993854166666666,0.9933333333333333,9536,3248,11,11,11,4,968,false,false,4,16
red4:lane3:snr2.0:seed4:frame9,2.0,9,profiled_cz,awgn,0.0,32.0,769,8.0,9.035520833333333,0.9933333333333333,9536,3248,12,12,12,4,1037,false,false,4,16
red4:lane3:snr2.0:seed4:frame10,2.0,10,profiled_cz,awgn,0.0,32.0,864,8.989583333333334,10.025104166666667,0.9933333333333333,9536,3248,13,13,13,4,1027,false,false,4,16
red4:lane3:snr2.0:seed4:frame11,2.0,11,profiled_cz,awgn,0.0,32.0,958,9.96875,11.004270833333333,0.9933333333333333,9536,3248,14,14,14,4,1045,false,false,4,16
red4:lane3:snr2.0:seed4:frame12,2.0,12,profiled_cz,awgn,0.0,32.0,1053,10.958333333333334,11.993854166666667,0.9933333333333333,9536,3248,15,15,15,4,946,false,false,4,16
red4:lane3:snr2.0:seed4:frame13,2.0,13,profiled_cz,awgn,0.0,32.0,1153,12.0,13.035520833333333,0.9933333333333333,9536,3248,16,16,16,4,925,false,false,4,16
red4:lane3:snr2.0:seed4:frame14,2.0,14,profiled_cz,awgn,0.0,32.0,1248,12.989583333333334,14.025104166666667,0.9933333333333333,9536,3248,17,17,17,4,972,false,false,4,16
red4:lane3:snr2.0:seed4:frame15,2.0,15,profiled_cz,awgn,0.0,32.0,1342,13.96875,15.004270833333333,0.9933333333333333,9536,3248,18,18,18,4,1046,false,false,4,16
red4:lane3:snr2.0:seed4:frame16,2.0,16,profiled_cz,awgn,0.0,32.0,1437,14.958333333333334,15.993854166666667,0.9933333333333333,9536,3248,19,19,19,4,1026,false,false,4,16
red4:lane3:snr2.0:seed4:frame17,2.0,17,profiled_cz,awgn,0.0,32.0,1537,16.0,17.035520833333333,0.9933333333333333,9536,3248,20,20,20,4,855,false,false,4,16
red4:lane3:snr2.0:seed4:frame18,2.0,18,profiled_cz,awgn,0.0,32.0,1632,16.989583333333332,18.025104166666665,0.9933333333333333,9536,3248,21,21,21,4,999,false,false,4,16
red4:lane3:snr2.0:seed4:frame19,2.0,19,profiled_cz,awgn,0.0,32.0,1726,17.96875,19.004270833333333,0.9933333333333333,9536,3248,22,22,22,4,1013,false,false,4,16
red4:lane3:snr2.0:seed4:frame20,2.0,20,profiled_cz,awgn,0.0,32.0,1821,18.958333333333332,19.993854166666665,0.9933333333333333,9536,3248,23,23,23,4,988,false,false,4,16
red4:lane3:snr2.0:seed4:frame21,2.0,21,profiled_cz,awgn,0.0,32.0,1921,20.0,21.035520833333333,0.9933333333333333,9536,3248,24,24,24,4,971,false,false,4,16
red4:lane3:snr2.0:seed4:frame22,2.0,22,profiled_cz,awgn,0.0,32.0,2016,20.989583333333332,22.025104166666665,0.9933333333333333,9536,3248,25,25,25,4,946,false,false,4,16
red4:lane3:snr2.0:seed4:frame23,2.0,23,profiled_cz,awgn,0.0,32.0,2110,21.96875,23.004270833333333,0.9933333333333333,9536,3248,26,26,26,4,987,false,false,4,16
red4:lane3:snr2.0:seed4:frame24,2.0,24,profiled_cz,awgn,0.0,32.0,2205,22.958333333333332,23.993854166666665,0.9933333333333333,9536,3248,27,27,27,4,960,false,false,4,16
red4:lane3:snr2.0:seed4:frame25,2.0,25,profiled_cz,awgn,0.0,32.0,2305,24.0,25.035520833333333,0.9933333333333333,9536,3248,28,28,28,4,1017,false,false,4,16
red4:lane3:snr2.0:seed4:frame26,2.0,26,profiled_cz,awgn,0.0,32.0,2400,24.989583333333332,26.025104166666665,0.9933333333333333,9536,3248,29,29,29,4,1023,false,false,4,16
red4:lane3:snr2.0:seed4:frame27,2.0,27,profiled_cz,awgn,0.0,32.0,2494,25.96875,27.004270833333333,0.9933333333333333,9536,3248,30,30,30,4,1001,false,false,4,16
red4:lane3:snr2.0:seed4:frame28,2.0,28,profiled_cz,awgn,0.0,32.0,2589,26.958333333333332,27.993854166666665,0.9933333333333333,9536,3248,31,31,31,4,833,false,false,4,16
red4:lane3:snr2.0:seed4:frame29,2.0,29,profiled_cz,awgn,0.0,32.0,2689,28.0,29.035520833333333,0.9933333333333333,9536,3248,32,32,32,4,924,false,false,4,16
red4:lane3:snr2.0:seed4:frame30,2.0,30,profiled_cz,awgn,0.0,32.0,2784,28.989583333333332,30.025104166666665,0.9933333333333333,9536,3248,33,33,33,4,920,false,false,4,16
red4:lane3:snr2.0:seed4:frame31,2.0,31,profiled_cz,awgn,0.0,32.0,2878,29.96875,31.004270833333333,0.9933333333333333,9536,3248,34,34,34,4,931,false,false,4,16
red4:lane3:snr2.0:seed4:frame32,2.0,32,profiled_cz,awgn,0.0,32.0,2973,30.958333333333332,31.993854166666665,0.9933333333333333,9536,3248,35,35,35,4,965,false,false,4,16
red4:lane3:snr4.0:seed4:frame1,4.0,1,cwz_joint,awgn,0.0,32.0,1,0.0,1.0355208333333332,0.9933333333333333,9536,3248,4,4,4,4,780,false,false,4,16
red4:lane3:snr4.0:seed4:frame2,4.0,2,cwz_joint,awgn,0.0,32.0,96,0.9895833333333334,2.0251041666666665,0.9933333333333333,9536,3248,5,5,5,4,857,false,false,4,16
red4:lane3:snr4.0:seed4:frame3,4.0,3,cwz_joint,awgn,0.0,32.0,190,1.96875,3.004270833333333,0.9933333333333333,9536,3248,6,6,6,4,768,false,false,4,16
red4:lane3:snr4.0:seed4:frame4,4.0,4,cwz_joint,awgn,0.0,32.0,285,2.9583333333333335,3.993854166666667,0.9933333333333333,9536,3248,7,7,7,4,1015,false,false,4,16
red4:lane3:snr4.0:seed4:frame5,4.0,5,cwz_joint,awgn,0.0,32.0,385,4.0,5.035520833333333,0.9933333333333333,9536,3248,8,8,8,4,924,false,false,4,16
red4:lane3:snr4.0:seed4:frame6,4.0,6,cwz_joint,awgn,0.0,32.0,480,4.989583333333333,6.025104166666666,0.9933333333333333,9536,3248,9,9,9,4,838,false,false,4,16
red4:lane3:snr4.0:seed4:frame7,4.0,7,cwz_joint,awgn,0.0,32.0,574,5.96875,7.004270833333333,0.9933333333333333,9536,3248,10,10,10,4,1018,false,false,4,16
red4:lane3:snr4.0:seed4:frame8,4.0,8,cwz_joint,awgn,0.0,32.0,669,6.958333333333333,7.993854166666666,0.9933333333333333,9536,3248,11,11,11,4,836,false,false,4,16
red4:lane3:snr4.0:seed4:frame9,4.0,9,cwz_joint,awgn,0.0,32.0,769,8.0,9.035520833333333,0.9933333333333333,9536,3248,12,12,12,4,943,false,false,4,16
red4:lane3:snr4.0:seed4:frame10,4.0,10,cwz_joint,awgn,0.0,32.0,864,8.989583333333334,10.025104166666667,0.9933333333333333,9536,3248,13,13,13,4,920,false,false,4,16
red4:lane3:snr4.0:seed4:frame11,4.0,11,cwz_joint,awgn,0.0,32.0,958,9.96875,11.004270833333333,0.9933333333333333,9536,3248,14,14,14,4,940,false,false,4,16
red4:lane3:snr4.0:seed4:frame12,4.0,12,cwz_joint,awgn,0.0,32.0,1053,10.958333333333334,11.993854166666667,0.9933333333333333,9536,3248,15,15,15,4,788,false,false,4,16
red4:lane3:snr4.0:seed4:frame13,4.0,13,cwz_joint,awgn,0.0,32.0,1153,12.0,13.035520833333333,0.9933333333333333,9536,3248,16,16,16,4,798,false,false,4,16
red4:lane3:snr4.0:seed4:frame14,4.0,14,cwz_joint,awgn,0.0,32.0,1248,12.989583333333334,14.025104166666667,0.9933333333333333,9536,3248,17,17,17,4,874,false,false,4,16
red4:lane3:snr4.0:seed4:frame15,4.0,15,cwz_joint,awgn,0.0,32.0,1342,13.96875,15.004270833333333,0.9933333333333333,9536,3248,18,18,18,4,894,false,false,4,16
red4:lane3:snr4.0:seed4:frame16,4.0,16,cwz_joint,awgn,0.0,32.0,1437,14.958333333333334,15.993854166666667,0.9933333333333333,9536,3248,19,19,19,4,929,false,false,4,16
red4:lane3:snr4.0:seed4:frame17,4.0,17,cwz_joint,awgn,0.0,32.0,1537,16.0,17.035520833333333,0.9933333333333333,9536,3248,20,20,20,4,752,false,false,4,16
red4:lane3:snr4.0:seed4:frame18,4.0,18,cwz_joint,awgn,0.0,32.0,1632,16.989583333333332,18.025104166666665,0.9933333333333333,9536,3248,21,21,21,4,877,false,false,4,16
red4:lane3:snr4.0:seed4:frame19,4.0,19,cwz_joint,awgn,0.0,32.0,1726,17.96875,19.004270833333333,0.9933333333333333,9536,3248,22,22,22,4,936,false,false,4,16
red4:lane3:snr4.0:seed4:frame20,4.0,20,cwz_joint,awgn,0.0,32.0,1821,18.958333333333332,19.993854166666665,0.9933333333333333,9536,3248,23,23,23,4,845,false,false,4,16
red4:lane3:snr4.0:seed4:frame21,4.0,21,cwz_joint,awgn,0.0,32.0,1921,20.0,21.035520833333333,0.9933333333333333,9536,3248,24,24,24,4,816,false,false,4,16
red4:lane3:snr4.0:seed4:frame22,4.0,22,cwz_joint,awgn,0.0,32.0,2016,20.989583333333332,22.025104166666665,0.9933333333333333,9536,3248,25,25,25,4,819,false,false,4,16
red4:lane3:snr4.0:seed4:frame23,4.0,23,cwz_joint,awgn,0.0,32.0,2110,21.96875,23.004270833333333,0.9933333333333333,9536,3248,26,26,26,4,893,false,false,4,16
red4:lane3:snr4.0:seed4:frame24,4.0,24,cwz_joint,awgn,0.0,32.0,2205,22.958333333333332,23.993854166666665,0.9933333333333333,9536,3248,27,27,27,4,833,false,false,4,16
red4:lane3:snr4.0:seed4:frame25,4.0,25,cwz_joint,awgn,0.0,32.0,2305,24.0,25.035520833333333,0.9933333333333333,9536,3248,28,28,28,4,904,false,false,4,16
red4:lane3:snr4.0:seed4:frame26,4.0,26,cwz_joint,awgn,0.0,32.0,2400,24.989583333333332,26.025104166666665,0.9933333333333333,9536,3248,29,29,29,4,908,false,false,4,16
red4:lane3:snr4.0:seed4:frame27,4.0,27,cwz_joint,awgn,0.0,32.0,2494,25.96875,27.004270833333333,0.9933333333333333,9536,3248,30,30,30,4,926,false,false,4,16
red4:lane3:snr4.0:seed4:frame28,4.0,28,cwz_joint,awgn,0.0,32.0,2589,26.958333333333332,27.993854166666665,0.9933333333333333,9536,3248,31,31,31,4,764,false,false,4,16
red4:lane3:snr4.0:seed4:frame29,4.0,29,cwz_joint,awgn,0.0,32.0,2689,28.0,29.035520833333333,0.9933333333333333,9536,3248,32,32,32,4,863,false,false,4,16
red4:lane3:snr4.0:seed4:frame30,4.0,30,cwz_joint,awgn,0.0,32.0,2784,28.989583333333332,30.025104166666665,0.9933333333333333,9536,3248,33,33,33,4,787,false,false,4,16
red4:lane3:snr4.0:seed4:frame31,4.0,31,cwz_joint,awgn,0.0,32.0,2878,29.96875,31.004270833333333,0.9933333333333333,9536,3248,34,34,34,4,850,false,false,4,16
red4:lane3:snr4.0:seed4:frame32,4.0,32,cwz_joint,awgn,0.0,32.0,2973,30.958333333333332,31.993854166666665,0.9933333333333333,9536,3248,35,35,35,4,810,false,false,4,16
red4:lane3:snr4.0:seed4:frame1,4.0,1,lite,awgn,0.0,32.0,1,0.0,1.0355208333333332,0.9933333333333333,9536,3248,4,4,4,4,868,false,false,4,16
red4:lane3:snr4.0:seed4:frame2,4.0,2,lite,awgn,0.0,32.0,96,0.9895833333333334,2.0251041666666665,0.9933333333333333,9536,3248,5,5,5,4,863,false,false,4,16
red4:lane3:snr4.0:seed4:frame3,4.0,3,lite,awgn,0.0,32.0,190,1.96875,3.004270833333333,0.9933333333333333,9536,3248,6,6,6,4,952,false,false,4,16
red4:lane3:snr4.0:seed4:frame4,4.0,4,lite,awgn,0.0,32.0,285,2.9583333333333335,3.993854166666667,0.9933333333333333,9536,3248,7,7,7,4,1023,false,false,4,16
red4:lane3:snr4.0:seed4:frame5,4.0,5,lite,awgn,0.0,32.0,385,4.0,5.035520833333333,0.9933333333333333,9536,3248,8,8,8,4,975,false,false,4,16
red4:lane3:snr4.0:seed4:frame6,4.0,6,lite,awgn,0.0,32.0,480,4.989583333333333,6.025104166666666,0.9933333333333333,9536,3248,9,9,9,4,951,false,false,4,16
red4:lane3:snr4.0:seed4:frame7,4.0,7,lite,awgn,0.0,32.0,574,5.96875,7.004270833333333,0.9933333333333333,9536,3248,10,10,10,4,1037,false,false,4,16
red4:lane3:snr4.0:seed4:frame8,4.0,8,lite,awgn,0.0,32.0,669,6.958333333333333,7.993854166666666,0.9933333333333333,9536,3248,11,11,11,4,847,false,false,4,16
red4:lane3:snr4.0:seed4:frame9,4.0,9,lite,awgn,0.0,32.0,769,8.0,9.035520833333333,0.9933333333333333,9536,3248,12,12,12,4,943,false,false,4,16
red4:lane3:snr4.0:seed4:frame10,4.0,10,lite,awgn,0.0,32.0,864,8.989583333333334,10.025104166666667,0.9933333333333333,9536,3248,13,13,13,4,884,false,false,4,16
red4:lane3:snr4.0:seed4:frame11,4.0,11,lite,awgn,0.0,32.0,958,9.96875,11.004270833333333,0.9933333333333333,9536,3248,14,14,14,4,935,false,false,4,16
red4:lane3:snr4.0:seed4:frame12,4.0,12,lite,awgn,0.0,32.0,1053,10.958333333333334,11.993854166666667,0.9933333333333333,9536,3248,15,15,15,4,962,false,false,4,16
red4:lane3:snr4.0:seed4:frame13,4.0,13,lite,awgn,0.0,32.0,1153,12.0,13.035520833333333,0.9933333333333333,9536,3248,16,16,16,4,946,false,false,4,16
red4:lane3:snr4.0:seed4:frame14,4.0,14,lite,awgn,0.0,32.0,1248,12.989583333333334,14.025104166666667,0.9933333333333333,9536,3248,17,17,17,4,934,false,false,4,16
red4:lane3:snr4.0:seed4:frame15,4.0,15,lite,awgn,0.0,32.0,1342,13.96875,15.004270833333333,0.9933333333333333,9536,3248,18,18,18,4,917,false,false,4,16
red4:lane3:snr4.0:seed4:frame16,4.0,16,lite,awgn,0.0,32.0,1437,14.958333333333334,15.993854166666667,0.9933333333333333,9536,3248,19,19,19,4,946,false,false,4,16
red4:lane3:snr4.0:seed4:frame17,4.0,17,lite,awgn,0.0,32.0,1537,16.0,17.035520833333333,0.9933333333333333,9536,3248,20,20,20,4,870,false,false,4,16
red4:lane3:snr4.0:seed4:frame18,4.0,18,lite,awgn,0.0,32.0,1632,16.989583333333332,18.025104166666665,0.9933333333333333,9536,3248,21,21,21,4,940,false,false,4,16
red4:lane3:snr4.0:seed4:frame19,4.0,19,lite,awgn,0.0,32.0,1726,17.96875,19.004270833333333,0.9933333333333333,9536,3248,22,22,22,4,939,false,false,4,16
red4:lane3:snr4.0:seed4:frame20,4.0,20,lite,awgn,0.0,32.0,1821,18.958333333333332,19.993854166666665,0.9933333333333333,9536,3248,23,23,23,4,916,false,false,4,16
red4:lane3:snr4.0:seed4:frame21,4.0,21,lite,awgn,0.0,32.0,1921,20.0,21.035520833333333,0.9933333333333333,9536,3248,24,24,24,4,996,false,false,4,16
red4:lane3:snr4.0:seed4:frame22,4.0,22,lite,awgn,0.0,32.0,2016,20.989583333333332,22.025104166666665,0.9933333333333333,9536,3248,25,25,25,4,876,false,false,4,16
red4:lane3:snr4.0:seed4:frame23,4.0,23,lite,awgn,0.0,32.0,2110,21.96875,23.004270833333333,0.9933333333333333,9536,3248,26,26,26,4,965,false,false,4,16
red4:lane3:snr4.0:seed4:frame24,4.0,24,lite,awgn,0.0,32.0,2205,22.958333333333332,23.993854166666665,0.9933333333333333,9536,3248,27,27,27,4,963,false,false,4,16
red4:lane3:snr4.0:seed4:frame25,4.0,25,lite,awgn,0.0,32.0,2305,24.0,25.035520833333333,0.9933333333333333,9536,3248,28,28,28,4,1021,false,false,4,16
red4:lane3:snr4.0:seed4:frame26,4.0,26,lite,awgn,0.0,32.0,2400,24.989583333333332,26.025104166666665,0.9933333333333333,9536,3248,29,29,29,4,1010,false,false,4,16
red4:lane3:snr4.0:seed4:frame27,4.0,27,lite,awgn,0.0,32.0,2494,25.96875,27.004270833333333,0.9933333333333333,9536,3248,30,30,30,4,873,false,false,4,16
red4:lane3:snr4.0:seed4:frame28,4.0,28,lite,awgn,0.0,32.0,2589,26.958333333333332,27.993854166666665,0.9933333333333333,9536,3248,31,31,31,4,885,false,false,4,16
red4:lane3:snr4.0:seed4:frame29,4.0,29,lite,awgn,0.0,32.0,2689,28.0,29.035520833333333,0.9933333333333333,9536,3248,32,32,32,4,935,false,false,4,16
red4:lane3:snr4.0:seed4:frame30,4.0,30,lite,awgn,0.0,32.0,2784,28.989583333333332,30.025104166666665,0.9933333333333333,9536,3248,33,33,33,4,824,false,false,4,16
red4:lane3:snr4.0:seed4:frame31,4.0,31,lite,awgn,0.0,32.0,2878,29.96875,31.004270833333333,0.9933333333333333,9536,3248,34,34,34,4,932,false,false,4,16
red4:lane3:snr4.0:seed4:frame32,4.0,32,lite,awgn,0.0,32.0,2973,30.958333333333332,31.993854166666665,0.9933333333333333,9536,3248,35,35,35,4,912,false,false,4,16
red4:lane3:snr4.0:seed4:frame1,4.0,1,ofdm_fec,awgn,0.0,32.0,1,0.0,1.0355208333333332,0.9933333333333333,9536,3248,4,4,4,4,780,false,false,4,16
red4:lane3:snr4.0:seed4:frame2,4.0,2,ofdm_fec,awgn,0.0,32.0,96,0.9895833333333334,2.0251041666666665,0.9933333333333333,9536,3248,5,5,5,4,857,false,false,4,16
red4:lane3:snr4.0:seed4:frame3,4.0,3,ofdm_fec,awgn,0.0,32.0,190,1.96875,3.004270833333333,0.9933333333333333,9536,3248,6,6,6,4,768,false,false,4,16
red4:lane3:snr4.0:seed4:frame4,4.0,4,ofdm_fec,awgn,0.0,32.0,285,2.9583333333333335,3.993854166666667,0.9933333333333333,9536,3248,7,7,7,4,1015,false,false,4,16
red4:lane3:snr4.0:seed4:frame5,4.0,5,ofdm_fec,awgn,0.0,32.0,385,4.0,5.035520833333333,0.9933333333333333,9536,3248,8,8,8,4,924,false,false,4,16
red4:lane3:snr4.0:seed4:frame6,4.0,6,ofdm_fec,awgn,0.0,32.0,480,4.989583333333333,6.025104166666666,0.9933333333333333,9536,3248,9,9,9,4,838,false,false,4,16
red4:lane3:snr4.0:seed4:frame7,4.0,7,ofdm_fec,awgn,0.0,32.0,574,5.96875,7.004270833333333,0.9933333333333333,9536,3248,10,10,10,4,1018,false,false,4,16
red4:lane3:snr4.0:seed4:frame8,4.0,8,ofdm_fec,awgn,0.0,32.0,669,6.958333333333333,7.993854166666666,0.9933333333333333,9536,3248,11,11,11,4,836,false,false,4,16
red4:lane3:snr4.0:seed4:frame9,4.0,9,ofdm_fec,awgn,0.0,32.0,769,8.0,9.035520833333333,0.9933333333333333,9536,3248,12,12,12,4,943,false,false,4,16
red4:lane3:snr4.0:seed4:frame10,4.0,10,ofdm_fec,awgn,0.0,32.0,864,8.989583333333334,10.025104166666667,0.9933333333333333,9536,3248,13,13,13,4,920,false,false,4,16
red4:lane3:snr4.0:seed4:frame11,4.0,11,ofdm_fec,awgn,0.0,32.0,958,9.96875,11.004270833333333,0.9933333333333333,9536,3248,14,14,14,4,940,false,false,4,16
red4:lane3:snr4.0:seed4:frame12,4.0,12,ofdm_fec,awgn,0.0,32.0,1053,10.958333333333334,11.993854166666667,0.9933333333333333,9536,3248,15,15,15,4,788,false,false,4,16
red4:lane3:snr4.0:seed4:frame13,4.0,13,ofdm_fec,awgn,0.0,32.0,1153,12.0,13.035520833333333,0.9933333333333333,9536,3248,16,16,16,4,798,false,false,4,16
red4:lane3:snr4.0:seed4:frame14,4.0,14,ofdm_fec,awgn,0.0,32.0,1248,12.989583333333334,14.025104166666667,0.9933333333333333,9536,3248,17,17,17,4,874,false,false,4,16
red4:lane3:snr4.0:seed4:frame15,4.0,15,ofdm_fec,awgn,0.0,32.0,1342,13.96875,15.004270833333333,0.9933333333333333,9536,3248,18,18,18,4,894,false,false,4,16
red4:lane3:snr4.0:seed4:frame16,4.0,16,ofdm_fec,awgn,0.0,32.0,1437,14.958333333333334,15.993854166666667,0.9933333333333333,9536,3248,19,19,19,4,929,false,false,4,16
red4:lane3:snr4.0:seed4:frame17,4.0,17,ofdm_fec,awgn,0.0,32.0,1537,16.0,17.035520833333333,0.9933333333333333,9536,3248,20,20,20,4,752,false,false,4,16
red4:lane3:snr4.0:seed4:frame18,4.0,18,ofdm_fec,awgn,0.0,32.0,1632,16.989583333333332,18.025104166666665,0.9933333333333333,9536,3248,21,21,21,4,877,false,false,4,16
red4:lane3:snr4.0:seed4:frame19,4.0,19,ofdm_fec,awgn,0.0,32.0,1726,17.96875,19.004270833333333,0.9933333333333333,9536,3248,22,22,22,4,936,false,false,4,16
red4:lane3:snr4.0:seed4:frame20,4.0,20,ofdm_fec,awgn,0.0,32.0,1821,18.958333333333332,19.993854166666665,0.9933333333333333,9536,3248,23,23,23,4,845,false,false,4,16
red4:lane3:snr4.0:seed4:frame21,4.0,21,ofdm_fec,awgn,0.0,32.0,1921,20.0,21.035520833333333,0.9933333333333333,9536,3248,24,24,24,4,816,false,false,4,16
red4:lane3:snr4.0:seed4:frame22,4.0,22,ofdm_fec,awgn,0.0,32.0,2016,20.989583333333332,22.025104166666665,0.9933333333333333,9536,3248,25,25,25,4,819,false,false,4,16
red4:lane3:snr4.0:seed4:frame23,4.0,23,ofdm_fec,awgn,0.0,32.0,2110,21.96875,23.004270833333333,0.9933333333333333,9536,3248,26,26,26,4,893,false,false,4,16
red4:lane3:snr4.0:seed4:frame24,4.0,24,ofdm_fec,awgn,0.0,32.0,2205,22.958333333333332,23.993854166666665,0.9933333333333333,9536,3248,27,27,27,4,833,false,false,4,16
red4:lane3:snr4.0:seed4:frame25,4.0,25,ofdm_fec,awgn,0.0,32.0,2305,24.0,25.035520833333333,0.9933333333333333,9536,3248,28,28,28,4,904,false,false,4,16
red4:lane3:snr4.0:seed4:frame26,4.0,26,ofdm_fec,awgn,0.0,32.0,2400,24.989583333333332,26.025104166666665,0.9933333333333333,9536,3248,29,29,29,4,908,false,false,4,16
red4:lane3:snr4.0:seed4:frame27,4.0,27,ofdm_fec,awgn,0.0,32.0,2494,25.96875,27.004270833333333,0.9933333333333333,9536,3248,30,30,30,4,926,false,false,4,16
red4:lane3:snr4.0:seed4:frame28,4.0,28,ofdm_fec,awgn,0.0,32.0,2589,26.958333333333332,27.993854166666665,0.9933333333333333,9536,3248,31,31,31,4,764,false,false,4,16
red4:lane3:snr4.0:seed4:frame29,4.0,29,ofdm_fec,awgn,0.0,32.0,2689,28.0,29.035520833333333,0.9933333333333333,9536,3248,32,32,32,4,863,false,false,4,16
red4:lane3:snr4.0:seed4:frame30,4.0,30,ofdm_fec,awgn,0.0,32.0,2784,28.989583333333332,30.025104166666665,0.9933333333333333,9536,3248,33,33,33,4,787,false,false,4,16
red4:lane3:snr4.0:seed4:frame31,4.0,31,ofdm_fec,awgn,0.0,32.0,2878,29.96875,31.004270833333333,0.9933333333333333,9536,3248,34,34,34,4,850,false,false,4,16
red4:lane3:snr4.0:seed4:frame32,4.0,32,ofdm_fec,awgn,0.0,32.0,2973,30.958333333333332,31.993854166666665,0.9933333333333333,9536,3248,35,35,35,4,810,false,false,4,16
red4:lane3:snr4.0:seed4:frame1,4.0,1,pfft,awgn,0.0,32.0,1,0.0,1.0355208333333332,0.9933333333333333,9536,3248,4,4,4,4,886,false,false,4,16
red4:lane3:snr4.0:seed4:frame2,4.0,2,pfft,awgn,0.0,32.0,96,0.9895833333333334,2.0251041666666665,0.9933333333333333,9536,3248,5,5,5,4,886,false,false,4,16
red4:lane3:snr4.0:seed4:frame3,4.0,3,pfft,awgn,0.0,32.0,190,1.96875,3.004270833333333,0.9933333333333333,9536,3248,6,6,6,4,952,false,false,4,16
red4:lane3:snr4.0:seed4:frame4,4.0,4,pfft,awgn,0.0,32.0,285,2.9583333333333335,3.993854166666667,0.9933333333333333,9536,3248,7,7,7,4,1047,false,false,4,16
red4:lane3:snr4.0:seed4:frame5,4.0,5,pfft,awgn,0.0,32.0,385,4.0,5.035520833333333,0.9933333333333333,9536,3248,8,8,8,4,1002,false,false,4,16
red4:lane3:snr4.0:seed4:frame6,4.0,6,pfft,awgn,0.0,32.0,480,4.989583333333333,6.025104166666666,0.9933333333333333,9536,3248,9,9,9,4,936,false,false,4,16
red4:lane3:snr4.0:seed4:frame7,4.0,7,pfft,awgn,0.0,32.0,574,5.96875,7.004270833333333,0.9933333333333333,9536,3248,10,10,10,4,1034,false,false,4,16
red4:lane3:snr4.0:seed4:frame8,4.0,8,pfft,awgn,0.0,32.0,669,6.958333333333333,7.993854166666666,0.9933333333333333,9536,3248,11,11,11,4,900,false,false,4,16
red4:lane3:snr4.0:seed4:frame9,4.0,9,pfft,awgn,0.0,32.0,769,8.0,9.035520833333333,0.9933333333333333,9536,3248,12,12,12,4,943,false,false,4,16
red4:lane3:snr4.0:seed4:frame10,4.0,10,pfft,awgn,0.0,32.0,864,8.989583333333334,10.025104166666667,0.9933333333333333,9536,3248,13,13,13,4,884,false,false,4,16
red4:lane3:snr4.0:seed4:frame11,4.0,11,pfft,awgn,0.0,32.0,958,9.96875,11.004270833333333,0.9933333333333333,9536,3248,14,14,14,4,935,false,false,4,16
red4:lane3:snr4.0:seed4:frame12,4.0,12,pfft,awgn,0.0,32.0,1053,10.958333333333334,11.993854166666667,0.9933333333333333,9536,3248,15,15,15,4,962,false,false,4,16
red4:lane3:snr4.0:seed4:frame13,4.0,13,pfft,awgn,0.0,32.0,1153,12.0,13.035520833333333,0.9933333333333333,9536,3248,16,16,16,4,957,false,false,4,16
red4:lane3:snr4.0:seed4:frame14,4.0,14,pfft,awgn,0.0,32.0,1248,12.989583333333334,14.025104166666667,0.9933333333333333,9536,3248,17,17,17,4,964,false,false,4,16
red4:lane3:snr4.0:seed4:frame15,4.0,15,pfft,awgn,0.0,32.0,1342,13.96875,15.004270833333333,0.9933333333333333,9536,3248,18,18,18,4,966,false,false,4,16
red4:lane3:snr4.0:seed4:frame16,4.0,16,pfft,awgn,0.0,32.0,1437,14.958333333333334,15.993854166666667,0.9933333333333333,9536,3248,19,19,19,4,983,false,false,4,16
red4:lane3:snr4.0:seed4:frame17,4.0,17,pfft,awgn,0.0,32.0,1537,16.0,17.035520833333333,0.9933333333333333,9536,3248,20,20,20,4,958,false,false,4,16
red4:lane3:snr4.0:seed4:frame18,4.0,18,pfft,awgn,0.0,32.0,1632,16.989583333333332,18.025104166666665,0.9933333333333333,9536,3248,21,21,21,4,940,false,false,4,16
red4:lane3:snr4.0:seed4:frame19,4.0,19,pfft,awgn,0.0,32.0,1726,17.96875,19.004270833333333,0.9933333333333333,9536,3248,22,22,22,4,939,false,false,4,16
red4:lane3:snr4.0:seed4:frame20,4.0,20,pfft,awgn,0.0,32.0,1821,18.958333333333332,19.993854166666665,0.9933333333333333,9536,3248,23,23,23,4,968,false,false,4,16
red4:lane3:snr4.0:seed4:frame21,4.0,21,pfft,awgn,0.0,32.0,1921,20.0,21.035520833333333,0.9933333333333333,9536,3248,24,24,24,4,946,false,false,4,16
red4:lane3:snr4.0:seed4:frame22,4.0,22,pfft,awgn,0.0,32.0,2016,20.989583333333332,22.025104166666665,0.9933333333333333,9536,3248,25,25,25,4,876,false,false,4,16
red4:lane3:snr4.0:seed4:frame23,4.0,23,pfft,awgn,0.0,32.0,2110,21.96875,23.004270833333333,0.9933333333333333,9536,3248,26,26,26,4,965,false,false,4,16
red4:lane3:snr4.0:seed4:frame24,4.0,24,pfft,awgn,0.0,32.0,2205,22.958333333333332,23.993854166666665,0.9933333333333333,9536,3248,27,27,27,4,963,false,false,4,16
red4:lane3:snr4.0:seed4:frame25,4.0,25,pfft,awgn,0.0,32.0,2305,24.0,25.035520833333333,0.9933333333333333,9536,3248,28,28,28,4,1021,false,false,4,16
red4:lane3:snr4.0:seed4:frame26,4.0,26,pfft,awgn,0.0,32.0,2400,24.989583333333332,26.025104166666665,0.9933333333333333,9536,3248,29,29,29,4,1010,false,false,4,16
red4:lane3:snr4.0:seed4:frame27,4.0,27,pfft,awgn,0.0,32.0,2494,25.96875,27.004270833333333,0.9933333333333333,9536,3248,30,30,30,4,903,false,false,4,16
red4:lane3:snr4.0:seed4:frame28,4.0,28,pfft,awgn,0.0,32.0,2589,26.958333333333332,27.993854166666665,0.9933333333333333,9536,3248,31,31,31,4,877,false,false,4,16
red4:lane3:snr4.0:seed4:frame29,4.0,29,pfft,awgn,0.0,32.0,2689,28.0,29.035520833333333,0.9933333333333333,9536,3248,32,32,32,4,933,false,false,4,16
red4:lane3:snr4.0:seed4:frame30,4.0,30,pfft,awgn,0.0,32.0,2784,28.989583333333332,30.025104166666665,0.9933333333333333,9536,3248,33,33,33,4,807,false,false,4,16
red4:lane3:snr4.0:seed4:frame31,4.0,31,pfft,awgn,0.0,32.0,2878,29.96875,31.004270833333333,0.9933333333333333,9536,3248,34,34,34,4,1001,false,false,4,16
red4:lane3:snr4.0:seed4:frame32,4.0,32,pfft,awgn,0.0,32.0,2973,30.958333333333332,31.993854166666665,0.9933333333333333,9536,3248,35,35,35,4,934,false,false,4,16
red4:lane3:snr4.0:seed4:frame1,4.0,1,profiled_cz,awgn,0.0,32.0,1,0.0,1.0355208333333332,0.9933333333333333,9536,3248,4,4,4,4,780,false,false,4,16
red4:lane3:snr4.0:seed4:frame2,4.0,2,profiled_cz,awgn,0.0,32.0,96,0.9895833333333334,2.0251041666666665,0.9933333333333333,9536,3248,5,5,5,4,857,false,false,4,16
red4:lane3:snr4.0:seed4:frame3,4.0,3,profiled_cz,awgn,0.0,32.0,190,1.96875,3.004270833333333,0.9933333333333333,9536,3248,6,6,6,4,768,false,false,4,16
red4:lane3:snr4.0:seed4:frame4,4.0,4,profiled_cz,awgn,0.0,32.0,285,2.9583333333333335,3.993854166666667,0.9933333333333333,9536,3248,7,7,7,4,1015,false,false,4,16
red4:lane3:snr4.0:seed4:frame5,4.0,5,profiled_cz,awgn,0.0,32.0,385,4.0,5.035520833333333,0.9933333333333333,9536,3248,8,8,8,4,924,false,false,4,16
red4:lane3:snr4.0:seed4:frame6,4.0,6,profiled_cz,awgn,0.0,32.0,480,4.989583333333333,6.025104166666666,0.9933333333333333,9536,3248,9,9,9,4,838,false,false,4,16
red4:lane3:snr4.0:seed4:frame7,4.0,7,profiled_cz,awgn,0.0,32.0,574,5.96875,7.004270833333333,0.9933333333333333,9536,3248,10,10,10,4,1018,false,false,4,16
red4:lane3:snr4.0:seed4:frame8,4.0,8,profiled_cz,awgn,0.0,32.0,669,6.958333333333333,7.993854166666666,0.9933333333333333,9536,3248,11,11,11,4,836,false,false,4,16
red4:lane3:snr4.0:seed4:frame9,4.0,9,profiled_cz,awgn,0.0,32.0,769,8.0,9.035520833333333,0.9933333333333333,9536,3248,12,12,12,4,943,false,false,4,16
red4:lane3:snr4.0:seed4:frame10,4.0,10,profiled_cz,awgn,0.0,32.0,864,8.989583333333334,10.025104166666667,0.9933333333333333,9536,3248,13,13,13,4,920,false,false,4,16
red4:lane3:snr4.0:seed4:frame11,4.0,11,profiled_cz,awgn,0.0,32.0,958,9.96875,11.004270833333333,0.9933333333333333,9536,3248,14,14,14,4,940,false,false,4,16
red4:lane3:snr4.0:seed4:frame12,4.0,12,profiled_cz,awgn,0.0,32.0,1053,10.958333333333334,11.993854166666667,0.9933333333333333,9536,3248,15,15,15,4,788,false,false,4,16
red4:lane3:snr4.0:seed4:frame13,4.0,13,profiled_cz,awgn,0.0,32.0,1153,12.0,13.035520833333333,0.9933333333333333,9536,3248,16,16,16,4,798,false,false,4,16
red4:lane3:snr4.0:seed4:frame14,4.0,14,profiled_cz,awgn,0.0,32.0,1248,12.989583333333334,14.025104166666667,0.9933333333333333,9536,3248,17,17,17,4,874,false,false,4,16
red4:lane3:snr4.0:seed4:frame15,4.0,15,profiled_cz,awgn,0.0,32.0,1342,13.96875,15.004270833333333,0.9933333333333333,9536,3248,18,18,18,4,894,false,false,4,16
red4:lane3:snr4.0:seed4:frame16,4.0,16,profiled_cz,awgn,0.0,32.0,1437,14.958333333333334,15.993854166666667,0.9933333333333333,9536,3248,19,19,19,4,929,false,false,4,16
red4:lane3:snr4.0:seed4:frame17,4.0,17,profiled_cz,awgn,0.0,32.0,1537,16.0,17.035520833333333,0.9933333333333333,9536,3248,20,20,20,4,752,false,false,4,16
red4:lane3:snr4.0:seed4:frame18,4.0,18,profiled_cz,awgn,0.0,32.0,1632,16.989583333333332,18.025104166666665,0.9933333333333333,9536,3248,21,21,21,4,877,false,false,4,16
red4:lane3:snr4.0:seed4:frame19,4.0,19,profiled_cz,awgn,0.0,32.0,1726,17.96875,19.004270833333333,0.9933333333333333,9536,3248,22,22,22,4,936,false,false,4,16
red4:lane3:snr4.0:seed4:frame20,4.0,20,profiled_cz,awgn,0.0,32.0,1821,18.958333333333332,19.993854166666665,0.9933333333333333,9536,3248,23,23,23,4,845,false,false,4,16
red4:lane3:snr4.0:seed4:frame21,4.0,21,profiled_cz,awgn,0.0,32.0,1921,20.0,21.035520833333333,0.9933333333333333,9536,3248,24,24,24,4,816,false,false,4,16
red4:lane3:snr4.0:seed4:frame22,4.0,22,profiled_cz,awgn,0.0,32.0,2016,20.989583333333332,22.025104166666665,0.9933333333333333,9536,3248,25,25,25,4,819,false,false,4,16
red4:lane3:snr4.0:seed4:frame23,4.0,23,profiled_cz,awgn,0.0,32.0,2110,21.96875,23.004270833333333,0.9933333333333333,9536,3248,26,26,26,4,893,false,false,4,16
red4:lane3:snr4.0:seed4:frame24,4.0,24,profiled_cz,awgn,0.0,32.0,2205,22.958333333333332,23.993854166666665,0.9933333333333333,9536,3248,27,27,27,4,833,false,false,4,16
red4:lane3:snr4.0:seed4:frame25,4.0,25,profiled_cz,awgn,0.0,32.0,2305,24.0,25.035520833333333,0.9933333333333333,9536,3248,28,28,28,4,904,false,false,4,16
red4:lane3:snr4.0:seed4:frame26,4.0,26,profiled_cz,awgn,0.0,32.0,2400,24.989583333333332,26.025104166666665,0.9933333333333333,9536,3248,29,29,29,4,908,false,false,4,16
red4:lane3:snr4.0:seed4:frame27,4.0,27,profiled_cz,awgn,0.0,32.0,2494,25.96875,27.004270833333333,0.9933333333333333,9536,3248,30,30,30,4,926,false,false,4,16
red4:lane3:snr4.0:seed4:frame28,4.0,28,profiled_cz,awgn,0.0,32.0,2589,26.958333333333332,27.993854166666665,0.9933333333333333,9536,3248,31,31,31,4,764,false,false,4,16
red4:lane3:snr4.0:seed4:frame29,4.0,29,profiled_cz,awgn,0.0,32.0,2689,28.0,29.035520833333333,0.9933333333333333,9536,3248,32,32,32,4,863,false,false,4,16
red4:lane3:snr4.0:seed4:frame30,4.0,30,profiled_cz,awgn,0.0,32.0,2784,28.989583333333332,30.025104166666665,0.9933333333333333,9536,3248,33,33,33,4,787,false,false,4,16
red4:lane3:snr4.0:seed4:frame31,4.0,31,profiled_cz,awgn,0.0,32.0,2878,29.96875,31.004270833333333,0.9933333333333333,9536,3248,34,34,34,4,850,false,false,4,16
red4:lane3:snr4.0:seed4:frame32,4.0,32,profiled_cz,awgn,0.0,32.0,2973,30.958333333333332,31.993854166666665,0.9933333333333333,9536,3248,35,35,35,4,810,false,false,4,16
red4:lane3:snr6.0:seed4:frame1,6.0,1,cwz_joint,awgn,0.0,32.0,1,0.0,1.0355208333333332,0.9933333333333333,9536,3248,4,4,4,4,656,false,false,4,16
red4:lane3:snr6.0:seed4:frame2,6.0,2,cwz_joint,awgn,0.0,32.0,96,0.9895833333333334,2.0251041666666665,0.9933333333333333,9536,3248,5,5,5,4,732,false,false,4,16
red4:lane3:snr6.0:seed4:frame3,6.0,3,cwz_joint,awgn,0.0,32.0,190,1.96875,3.004270833333333,0.9933333333333333,9536,3248,6,6,6,4,617,false,false,4,16
red4:lane3:snr6.0:seed4:frame4,6.0,4,cwz_joint,awgn,0.0,32.0,285,2.9583333333333335,3.993854166666667,0.9933333333333333,9536,3248,7,7,7,4,870,false,false,4,16
red4:lane3:snr6.0:seed4:frame5,6.0,5,cwz_joint,awgn,0.0,32.0,385,4.0,5.035520833333333,0.9933333333333333,9536,3248,8,8,8,4,838,false,false,4,16
red4:lane3:snr6.0:seed4:frame6,6.0,6,cwz_joint,awgn,0.0,32.0,480,4.989583333333333,6.025104166666666,0.9933333333333333,9536,3248,9,9,9,4,767,false,false,4,16
red4:lane3:snr6.0:seed4:frame7,6.0,7,cwz_joint,awgn,0.0,32.0,574,5.96875,7.004270833333333,0.9933333333333333,9536,3248,10,10,10,4,903,false,false,4,16
red4:lane3:snr6.0:seed4:frame8,6.0,8,cwz_joint,awgn,0.0,32.0,669,6.958333333333333,7.993854166666666,0.9933333333333333,9536,3248,11,11,11,4,997,false,false,4,16
red4:lane3:snr6.0:seed4:frame9,6.0,9,cwz_joint,awgn,0.0,32.0,769,8.0,9.035520833333333,0.9933333333333333,9536,3248,12,12,12,4,828,false,false,4,16
red4:lane3:snr6.0:seed4:frame10,6.0,10,cwz_joint,awgn,0.0,32.0,864,8.989583333333334,10.025104166666667,0.9933333333333333,9536,3248,13,13,13,4,801,false,false,4,16
red4:lane3:snr6.0:seed4:frame11,6.0,11,cwz_joint,awgn,0.0,32.0,958,9.96875,11.004270833333333,0.9933333333333333,9536,3248,14,14,14,4,810,false,false,4,16
red4:lane3:snr6.0:seed4:frame12,6.0,12,cwz_joint,awgn,0.0,32.0,1053,10.958333333333334,11.993854166666667,0.9933333333333333,9536,3248,15,15,15,4,741,false,false,4,16
red4:lane3:snr6.0:seed4:frame13,6.0,13,cwz_joint,awgn,0.0,32.0,1153,12.0,13.035520833333333,0.9933333333333333,9536,3248,16,16,16,4,707,false,false,4,16
red4:lane3:snr6.0:seed4:frame14,6.0,14,cwz_joint,awgn,0.0,32.0,1248,12.989583333333334,14.025104166666667,0.9933333333333333,9536,3248,17,17,17,4,720,false,false,4,16
red4:lane3:snr6.0:seed4:frame15,6.0,15,cwz_joint,awgn,0.0,32.0,1342,13.96875,15.004270833333333,0.9933333333333333,9536,3248,18,18,18,4,810,false,false,4,16
red4:lane3:snr6.0:seed4:frame16,6.0,16,cwz_joint,awgn,0.0,32.0,1437,14.958333333333334,15.993854166666667,0.9933333333333333,9536,3248,19,19,19,4,828,false,false,4,16
red4:lane3:snr6.0:seed4:frame17,6.0,17,cwz_joint,awgn,0.0,32.0,1537,16.0,17.035520833333333,0.9933333333333333,9536,3248,20,20,20,4,688,false,false,4,16
red4:lane3:snr6.0:seed4:frame18,6.0,18,cwz_joint,awgn,0.0,32.0,1632,16.989583333333332,18.025104166666665,0.9933333333333333,9536,3248,21,21,21,4,785,false,false,4,16
red4:lane3:snr6.0:seed4:frame19,6.0,19,cwz_joint,awgn,0.0,32.0,1726,17.96875,19.004270833333333,0.9933333333333333,9536,3248,22,22,22,4,832,false,false,4,16
red4:lane3:snr6.0:seed4:frame20,6.0,20,cwz_joint,awgn,0.0,32.0,1821,18.958333333333332,19.993854166666665,0.9933333333333333,9536,3248,23,23,23,4,751,false,false,4,16
red4:lane3:snr6.0:seed4:frame21,6.0,21,cwz_joint,awgn,0.0,32.0,1921,20.0,21.035520833333333,0.9933333333333333,9536,3248,24,24,24,4,708,false,false,4,16
red4:lane3:snr6.0:seed4:frame22,6.0,22,cwz_joint,awgn,0.0,32.0,2016,20.989583333333332,22.025104166666665,0.9933333333333333,9536,3248,25,25,25,4,753,false,false,4,16
red4:lane3:snr6.0:seed4:frame23,6.0,23,cwz_joint,awgn,0.0,32.0,2110,21.96875,23.004270833333333,0.9933333333333333,9536,3248,26,26,26,4,772,false,false,4,16
red4:lane3:snr6.0:seed4:frame24,6.0,24,cwz_joint,awgn,0.0,32.0,2205,22.958333333333332,23.993854166666665,0.9933333333333333,9536,3248,27,27,27,4,727,false,false,4,16
red4:lane3:snr6.0:seed4:frame25,6.0,25,cwz_joint,awgn,0.0,32.0,2305,24.0,25.035520833333333,0.9933333333333333,9536,3248,28,28,28,4,826,false,false,4,16
red4:lane3:snr6.0:seed4:frame26,6.0,26,cwz_joint,awgn,0.0,32.0,2400,24.989583333333332,26.025104166666665,0.9933333333333333,9536,3248,29,29,29,4,807,false,false,4,16
red4:lane3:snr6.0:seed4:frame27,6.0,27,cwz_joint,awgn,0.0,32.0,2494,25.96875,27.004270833333333,0.9933333333333333,9536,3248,30,30,30,4,825,false,false,4,16
red4:lane3:snr6.0:seed4:frame28,6.0,28,cwz_joint,awgn,0.0,32.0,2589,26.958333333333332,27.993854166666665,0.9933333333333333,9536,3248,31,31,31,4,615,false,false,4,16
red4:lane3:snr6.0:seed4:frame29,6.0,29,cwz_joint,awgn,0.0,32.0,2689,28.0,29.035520833333333,0.9933333333333333,9536,3248,32,32,32,4,686,false,false,4,16
red4:lane3:snr6.0:seed4:frame30,6.0,30,cwz_joint,awgn,0.0,32.0,2784,28.989583333333332,30.025104166666665,0.9933333333333333,9536,3248,33,33,33,4,689,false,false,4,16
red4:lane3:snr6.0:seed4:frame31,6.0,31,cwz_joint,awgn,0.0,32.0,2878,29.96875,31.004270833333333,0.9933333333333333,9536,3248,34,34,34,4,698,false,false,4,16
red4:lane3:snr6.0:seed4:frame32,6.0,32,cwz_joint,awgn,0.0,32.0,2973,30.958333333333332,31.993854166666665,0.9933333333333333,9536,3248,35,35,35,4,680,false,false,4,16
red4:lane3:snr6.0:seed4:frame1,6.0,1,lite,awgn,0.0,32.0,1,0.0,1.0355208333333332,0.9933333333333333,9536,3248,4,4,4,4,772,false,false,4,16
red4:lane3:snr6.0:seed4:frame2,6.0,2,lite,awgn,0.0,32.0,96,0.9895833333333334,2.0251041666666665,0.9933333333333333,9536,3248,5,5,5,4,750,false,false,4,16
red4:lane3:snr6.0:seed4:frame3,6.0,3,lite,awgn,0.0,32.0,190,1.96875,3.004270833333333,0.9933333333333333,9536,3248,6,6,6,4,819,false,false,4,16
red4:lane3:snr6.0:seed4:frame4,6.0,4,lite,awgn,0.0,32.0,285,2.9583333333333335,3.993854166666667,0.9933333333333333,9536,3248,7,7,7,4,988,false,false,4,16
red4:lane3:snr6.0:seed4:frame5,6.0,5,lite,awgn,0.0,32.0,385,4.0,5.035520833333333,0.9933333333333333,9536,3248,8,8,8,4,903,false,false,4,16
red4:lane3:snr6.0:seed4:frame6,6.0,6,lite,awgn,0.0,32.0,480,4.989583333333333,6.025104166666666,0.9933333333333333,9536,3248,9,9,9,4,863,false,false,4,16
red4:lane3:snr6.0:seed4:frame7,6.0,7,lite,awgn,0.0,32.0,574,5.96875,7.004270833333333,0.9933333333333333,9536,3248,10,10,10,4,940,false,false,4,16
red4:lane3:snr6.0:seed4:frame8,6.0,8,lite,awgn,0.0,32.0,669,6.958333333333333,7.993854166666666,0.9933333333333333,9536,3248,11,11,11,4,804,false,false,4,16
red4:lane3:snr6.0:seed4:frame9,6.0,9,lite,awgn,0.0,32.0,769,8.0,9.035520833333333,0.9933333333333333,9536,3248,12,12,12,4,907,false,false,4,16
red4:lane3:snr6.0:seed4:frame10,6.0,10,lite,awgn,0.0,32.0,864,8.989583333333334,10.025104166666667,0.9933333333333333,9536,3248,13,13,13,4,798,false,false,4,16
red4:lane3:snr6.0:seed4:frame11,6.0,11,lite,awgn,0.0,32.0,958,9.96875,11.004270833333333,0.9933333333333333,9536,3248,14,14,14,4,761,false,false,4,16
red4:lane3:snr6.0:seed4:frame12,6.0,12,lite,awgn,0.0,32.0,1053,10.958333333333334,11.993854166666667,0.9933333333333333,9536,3248,15,15,15,4,885,false,false,4,16
red4:lane3:snr6.0:seed4:frame13,6.0,13,lite,awgn,0.0,32.0,1153,12.0,13.035520833333333,0.9933333333333333,9536,3248,16,16,16,4,757,false,false,4,16
red4:lane3:snr6.0:seed4:frame14,6.0,14,lite,awgn,0.0,32.0,1248,12.989583333333334,14.025104166666667,0.9933333333333333,9536,3248,17,17,17,4,881,false,false,4,16
red4:lane3:snr6.0:seed4:frame15,6.0,15,lite,awgn,0.0,32.0,1342,13.96875,15.004270833333333,0.9933333333333333,9536,3248,18,18,18,4,861,false,false,4,16
red4:lane3:snr6.0:seed4:frame16,6.0,16,lite,awgn,0.0,32.0,1437,14.958333333333334,15.993854166666667,0.9933333333333333,9536,3248,19,19,19,4,896,false,false,4,16
red4:lane3:snr6.0:seed4:frame17,6.0,17,lite,awgn,0.0,32.0,1537,16.0,17.035520833333333,0.9933333333333333,9536,3248,20,20,20,4,820,false,false,4,16
red4:lane3:snr6.0:seed4:frame18,6.0,18,lite,awgn,0.0,32.0,1632,16.989583333333332,18.025104166666665,0.9933333333333333,9536,3248,21,21,21,4,797,false,false,4,16
red4:lane3:snr6.0:seed4:frame19,6.0,19,lite,awgn,0.0,32.0,1726,17.96875,19.004270833333333,0.9933333333333333,9536,3248,22,22,22,4,865,false,false,4,16
red4:lane3:snr6.0:seed4:frame20,6.0,20,lite,awgn,0.0,32.0,1821,18.958333333333332,19.993854166666665,0.9933333333333333,9536,3248,23,23,23,4,818,false,false,4,16
red4:lane3:snr6.0:seed4:frame21,6.0,21,lite,awgn,0.0,32.0,1921,20.0,21.035520833333333,0.9933333333333333,9536,3248,24,24,24,4,904,false,false,4,16
red4:lane3:snr6.0:seed4:frame22,6.0,22,lite,awgn,0.0,32.0,2016,20.989583333333332,22.025104166666665,0.9933333333333333,9536,3248,25,25,25,4,745,false,false,4,16
red4:lane3:snr6.0:seed4:frame23,6.0,23,lite,awgn,0.0,32.0,2110,21.96875,23.004270833333333,0.9933333333333333,9536,3248,26,26,26,4,809,false,false,4,16
red4:lane3:snr6.0:seed4:frame24,6.0,24,lite,awgn,0.0,32.0,2205,22.958333333333332,23.993854166666665,0.9933333333333333,9536,3248,27,27,27,4,792,false,false,4,16
red4:lane3:snr6.0:seed4:frame25,6.0,25,lite,awgn,0.0,32.0,2305,24.0,25.035520833333333,0.9933333333333333,9536,3248,28,28,28,4,893,false,false,4,16
red4:lane3:snr6.0:seed4:frame26,6.0,26,lite,awgn,0.0,32.0,2400,24.989583333333332,26.025104166666665,0.9933333333333333,9536,3248,29,29,29,4,876,false,false,4,16
red4:lane3:snr6.0:seed4:frame27,6.0,27,lite,awgn,0.0,32.0,2494,25.96875,27.004270833333333,0.9933333333333333,9536,3248,30,30,30,4,831,false,false,4,16
red4:lane3:snr6.0:seed4:frame28,6.0,28,lite,awgn,0.0,32.0,2589,26.958333333333332,27.993854166666665,0.9933333333333333,9536,3248,31,31,31,4,790,false,false,4,16
red4:lane3:snr6.0:seed4:frame29,6.0,29,lite,awgn,0.0,32.0,2689,28.0,29.035520833333333,0.9933333333333333,9536,3248,32,32,32,4,803,false,false,4,16
red4:lane3:snr6.0:seed4:frame30,6.0,30,lite,awgn,0.0,32.0,2784,28.989583333333332,30.025104166666665,0.9933333333333333,9536,3248,33,33,33,4,777,false,false,4,16
red4:lane3:snr6.0:seed4:frame31,6.0,31,lite,awgn,0.0,32.0,2878,29.96875,31.004270833333333,0.9933333333333333,9536,3248,34,34,34,4,856,false,false,4,16
red4:lane3:snr6.0:seed4:frame32,6.0,32,lite,awgn,0.0,32.0,2973,30.958333333333332,31.993854166666665,0.9933333333333333,9536,3248,35,35,35,4,865,false,false,4,16
red4:lane3:snr6.0:seed4:frame1,6.0,1,ofdm_fec,awgn,0.0,32.0,1,0.0,1.0355208333333332,0.9933333333333333,9536,3248,4,4,4,4,656,false,false,4,16
red4:lane3:snr6.0:seed4:frame2,6.0,2,ofdm_fec,awgn,0.0,32.0,96,0.9895833333333334,2.0251041666666665,0.9933333333333333,9536,3248,5,5,5,4,732,false,false,4,16
red4:lane3:snr6.0:seed4:frame3,6.0,3,ofdm_fec,awgn,0.0,32.0,190,1.96875,3.004270833333333,0.9933333333333333,9536,3248,6,6,6,4,617,false,false,4,16
red4:lane3:snr6.0:seed4:frame4,6.0,4,ofdm_fec,awgn,0.0,32.0,285,2.9583333333333335,3.993854166666667,0.9933333333333333,9536,3248,7,7,7,4,870,false,false,4,16
red4:lane3:snr6.0:seed4:frame5,6.0,5,ofdm_fec,awgn,0.0,32.0,385,4.0,5.035520833333333,0.9933333333333333,9536,3248,8,8,8,4,838,false,false,4,16
red4:lane3:snr6.0:seed4:frame6,6.0,6,ofdm_fec,awgn,0.0,32.0,480,4.989583333333333,6.025104166666666,0.9933333333333333,9536,3248,9,9,9,4,767,false,false,4,16
red4:lane3:snr6.0:seed4:frame7,6.0,7,ofdm_fec,awgn,0.0,32.0,574,5.96875,7.004270833333333,0.9933333333333333,9536,3248,10,10,10,4,903,false,false,4,16
red4:lane3:snr6.0:seed4:frame8,6.0,8,ofdm_fec,awgn,0.0,32.0,669,6.958333333333333,7.993854166666666,0.9933333333333333,9536,3248,11,11,11,4,714,false,false,4,16
red4:lane3:snr6.0:seed4:frame9,6.0,9,ofdm_fec,awgn,0.0,32.0,769,8.0,9.035520833333333,0.9933333333333333,9536,3248,12,12,12,4,828,false,false,4,16
red4:lane3:snr6.0:seed4:frame10,6.0,10,ofdm_fec,awgn,0.0,32.0,864,8.989583333333334,10.025104166666667,0.9933333333333333,9536,3248,13,13,13,4,801,false,false,4,16
red4:lane3:snr6.0:seed4:frame11,6.0,11,ofdm_fec,awgn,0.0,32.0,958,9.96875,11.004270833333333,0.9933333333333333,9536,3248,14,14,14,4,810,false,false,4,16
red4:lane3:snr6.0:seed4:frame12,6.0,12,ofdm_fec,awgn,0.0,32.0,1053,10.958333333333334,11.993854166666667,0.9933333333333333,9536,3248,15,15,15,4,741,false,false,4,16
red4:lane3:snr6.0:seed4:frame13,6.0,13,ofdm_fec,awgn,0.0,32.0,1153,12.0,13.035520833333333,0.9933333333333333,9536,3248,16,16,16,4,707,false,false,4,16
red4:lane3:snr6.0:seed4:frame14,6.0,14,ofdm_fec,awgn,0.0,32.0,1248,12.989583333333334,14.025104166666667,0.9933333333333333,9536,3248,17,17,17,4,720,false,false,4,16
red4:lane3:snr6.0:seed4:frame15,6.0,15,ofdm_fec,awgn,0.0,32.0,1342,13.96875,15.004270833333333,0.9933333333333333,9536,3248,18,18,18,4,810,false,false,4,16
red4:lane3:snr6.0:seed4:frame16,6.0,16,ofdm_fec,awgn,0.0,32.0,1437,14.958333333333334,15.993854166666667,0.9933333333333333,9536,3248,19,19,19,4,828,false,false,4,16
red4:lane3:snr6.0:seed4:frame17,6.0,17,ofdm_fec,awgn,0.0,32.0,1537,16.0,17.035520833333333,0.9933333333333333,9536,3248,20,20,20,4,688,false,false,4,16
red4:lane3:snr6.0:seed4:frame18,6.0,18,ofdm_fec,awgn,0.0,32.0,1632,16.989583333333332,18.025104166666665,0.9933333333333333,9536,3248,21,21,21,4,785,false,false,4,16
red4:lane3:snr6.0:seed4:frame19,6.0,19,ofdm_fec,awgn,0.0,32.0,1726,17.96875,19.004270833333333,0.9933333333333333,9536,3248,22,22,22,4,832,false,false,4,16
red4:lane3:snr6.0:seed4:frame20,6.0,20,ofdm_fec,awgn,0.0,32.0,1821,18.958333333333332,19.993854166666665,0.9933333333333333,9536,3248,23,23,23,4,751,false,false,4,16
red4:lane3:snr6.0:seed4:frame21,6.0,21,ofdm_fec,awgn,0.0,32.0,1921,20.0,21.035520833333333,0.9933333333333333,9536,3248,24,24,24,4,708,false,false,4,16
red4:lane3:snr6.0:seed4:frame22,6.0,22,ofdm_fec,awgn,0.0,32.0,2016,20.989583333333332,22.025104166666665,0.9933333333333333,9536,3248,25,25,25,4,753,false,false,4,16
red4:lane3:snr6.0:seed4:frame23,6.0,23,ofdm_fec,awgn,0.0,32.0,2110,21.96875,23.004270833333333,0.9933333333333333,9536,3248,26,26,26,4,772,false,false,4,16
red4:lane3:snr6.0:seed4:frame24,6.0,24,ofdm_fec,awgn,0.0,32.0,2205,22.958333333333332,23.993854166666665,0.9933333333333333,9536,3248,27,27,27,4,727,false,false,4,16
red4:lane3:snr6.0:seed4:frame25,6.0,25,ofdm_fec,awgn,0.0,32.0,2305,24.0,25.035520833333333,0.9933333333333333,9536,3248,28,28,28,4,826,false,false,4,16
red4:lane3:snr6.0:seed4:frame26,6.0,26,ofdm_fec,awgn,0.0,32.0,2400,24.989583333333332,26.025104166666665,0.9933333333333333,9536,3248,29,29,29,4,807,false,false,4,16
red4:lane3:snr6.0:seed4:frame27,6.0,27,ofdm_fec,awgn,0.0,32.0,2494,25.96875,27.004270833333333,0.9933333333333333,9536,3248,30,30,30,4,825,false,false,4,16
red4:lane3:snr6.0:seed4:frame28,6.0,28,ofdm_fec,awgn,0.0,32.0,2589,26.958333333333332,27.993854166666665,0.9933333333333333,9536,3248,31,31,31,4,615,false,false,4,16
red4:lane3:snr6.0:seed4:frame29,6.0,29,ofdm_fec,awgn,0.0,32.0,2689,28.0,29.035520833333333,0.9933333333333333,9536,3248,32,32,32,4,686,false,false,4,16
red4:lane3:snr6.0:seed4:frame30,6.0,30,ofdm_fec,awgn,0.0,32.0,2784,28.989583333333332,30.025104166666665,0.9933333333333333,9536,3248,33,33,33,4,689,false,false,4,16
red4:lane3:snr6.0:seed4:frame31,6.0,31,ofdm_fec,awgn,0.0,32.0,2878,29.96875,31.004270833333333,0.9933333333333333,9536,3248,34,34,34,4,698,false,false,4,16
red4:lane3:snr6.0:seed4:frame32,6.0,32,ofdm_fec,awgn,0.0,32.0,2973,30.958333333333332,31.993854166666665,0.9933333333333333,9536,3248,35,35,35,4,680,false,false,4,16
red4:lane3:snr6.0:seed4:frame1,6.0,1,pfft,awgn,0.0,32.0,1,0.0,1.0355208333333332,0.9933333333333333,9536,3248,4,4,4,4,861,false,false,4,16
red4:lane3:snr6.0:seed4:frame2,6.0,2,pfft,awgn,0.0,32.0,96,0.9895833333333334,2.0251041666666665,0.9933333333333333,9536,3248,5,5,5,4,750,false,false,4,16
red4:lane3:snr6.0:seed4:frame3,6.0,3,pfft,awgn,0.0,32.0,190,1.96875,3.004270833333333,0.9933333333333333,9536,3248,6,6,6,4,819,false,false,4,16
red4:lane3:snr6.0:seed4:frame4,6.0,4,pfft,awgn,0.0,32.0,285,2.9583333333333335,3.993854166666667,0.9933333333333333,9536,3248,7,7,7,4,988,false,false,4,16
red4:lane3:snr6.0:seed4:frame5,6.0,5,pfft,awgn,0.0,32.0,385,4.0,5.035520833333333,0.9933333333333333,9536,3248,8,8,8,4,903,false,false,4,16
red4:lane3:snr6.0:seed4:frame6,6.0,6,pfft,awgn,0.0,32.0,480,4.989583333333333,6.025104166666666,0.9933333333333333,9536,3248,9,9,9,4,863,false,false,4,16
red4:lane3:snr6.0:seed4:frame7,6.0,7,pfft,awgn,0.0,32.0,574,5.96875,7.004270833333333,0.9933333333333333,9536,3248,10,10,10,4,940,false,false,4,16
red4:lane3:snr6.0:seed4:frame8,6.0,8,pfft,awgn,0.0,32.0,669,6.958333333333333,7.993854166666666,0.9933333333333333,9536,3248,11,11,11,4,804,false,false,4,16
red4:lane3:snr6.0:seed4:frame9,6.0,9,pfft,awgn,0.0,32.0,769,8.0,9.035520833333333,0.9933333333333333,9536,3248,12,12,12,4,840,false,false,4,16
red4:lane3:snr6.0:seed4:frame10,6.0,10,pfft,awgn,0.0,32.0,864,8.989583333333334,10.025104166666667,0.9933333333333333,9536,3248,13,13,13,4,798,false,false,4,16
red4:lane3:snr6.0:seed4:frame11,6.0,11,pfft,awgn,0.0,32.0,958,9.96875,11.004270833333333,0.9933333333333333,9536,3248,14,14,14,4,870,false,false,4,16
red4:lane3:snr6.0:seed4:frame12,6.0,12,pfft,awgn,0.0,32.0,1053,10.958333333333334,11.993854166666667,0.9933333333333333,9536,3248,15,15,15,4,885,false,false,4,16
red4:lane3:snr6.0:seed4:frame13,6.0,13,pfft,awgn,0.0,32.0,1153,12.0,13.035520833333333,0.9933333333333333,9536,3248,16,16,16,4,836,false,false,4,16
red4:lane3:snr6.0:seed4:frame14,6.0,14,pfft,awgn,0.0,32.0,1248,12.989583333333334,14.025104166666667,0.9933333333333333,9536,3248,17,17,17,4,863,false,false,4,16
red4:lane3:snr6.0:seed4:frame15,6.0,15,pfft,awgn,0.0,32.0,1342,13.96875,15.004270833333333,0.9933333333333333,9536,3248,18,18,18,4,858,false,false,4,16
red4:lane3:snr6.0:seed4:frame16,6.0,16,pfft,awgn,0.0,32.0,1437,14.958333333333334,15.993854166666667,0.9933333333333333,9536,3248,19,19,19,4,896,false,false,4,16
red4:lane3:snr6.0:seed4:frame17,6.0,17,pfft,awgn,0.0,32.0,1537,16.0,17.035520833333333,0.9933333333333333,9536,3248,20,20,20,4,877,false,false,4,16
red4:lane3:snr6.0:seed4:frame18,6.0,18,pfft,awgn,0.0,32.0,1632,16.989583333333332,18.025104166666665,0.9933333333333333,9536,3248,21,21,21,4,819,false,false,4,16
red4:lane3:snr6.0:seed4:frame19,6.0,19,pfft,awgn,0.0,32.0,1726,17.96875,19.004270833333333,0.9933333333333333,9536,3248,22,22,22,4,865,false,false,4,16
red4:lane3:snr6.0:seed4:frame20,6.0,20,pfft,awgn,0.0,32.0,1821,18.958333333333332,19.993854166666665,0.9933333333333333,9536,3248,23,23,23,4,818,false,false,4,16
red4:lane3:snr6.0:seed4:frame21,6.0,21,pfft,awgn,0.0,32.0,1921,20.0,21.035520833333333,0.9933333333333333,9536,3248,24,24,24,4,855,false,false,4,16
red4:lane3:snr6.0:seed4:frame22,6.0,22,pfft,awgn,0.0,32.0,2016,20.989583333333332,22.025104166666665,0.9933333333333333,9536,3248,25,25,25,4,762,false,false,4,16
red4:lane3:snr6.0:seed4:frame23,6.0,23,pfft,awgn,0.0,32.0,2110,21.96875,23.004270833333333,0.9933333333333333,9536,3248,26,26,26,4,829,false,false,4,16
red4:lane3:snr6.0:seed4:frame24,6.0,24,pfft,awgn,0.0,32.0,2205,22.958333333333332,23.993854166666665,0.9933333333333333,9536,3248,27,27,27,4,898,false,false,4,16
red4:lane3:snr6.0:seed4:frame25,6.0,25,pfft,awgn,0.0,32.0,2305,24.0,25.035520833333333,0.9933333333333333,9536,3248,28,28,28,4,893,false,false,4,16
red4:lane3:snr6.0:seed4:frame26,6.0,26,pfft,awgn,0.0,32.0,2400,24.989583333333332,26.025104166666665,0.9933333333333333,9536,3248,29,29,29,4,876,false,false,4,16
red4:lane3:snr6.0:seed4:frame27,6.0,27,pfft,awgn,0.0,32.0,2494,25.96875,27.004270833333333,0.9933333333333333,9536,3248,30,30,30,4,827,false,false,4,16
red4:lane3:snr6.0:seed4:frame28,6.0,28,pfft,awgn,0.0,32.0,2589,26.958333333333332,27.993854166666665,0.9933333333333333,9536,3248,31,31,31,4,806,false,false,4,16
red4:lane3:snr6.0:seed4:frame29,6.0,29,pfft,awgn,0.0,32.0,2689,28.0,29.035520833333333,0.9933333333333333,9536,3248,32,32,32,4,803,false,false,4,16
red4:lane3:snr6.0:seed4:frame30,6.0,30,pfft,awgn,0.0,32.0,2784,28.989583333333332,30.025104166666665,0.9933333333333333,9536,3248,33,33,33,4,716,false,false,4,16
red4:lane3:snr6.0:seed4:frame31,6.0,31,pfft,awgn,0.0,32.0,2878,29.96875,31.004270833333333,0.9933333333333333,9536,3248,34,34,34,4,868,false,false,4,16
red4:lane3:snr6.0:seed4:frame32,6.0,32,pfft,awgn,0.0,32.0,2973,30.958333333333332,31.993854166666665,0.9933333333333333,9536,3248,35,35,35,4,865,false,false,4,16
red4:lane3:snr6.0:seed4:frame1,6.0,1,profiled_cz,awgn,0.0,32.0,1,0.0,1.0355208333333332,0.9933333333333333,9536,3248,4,4,4,4,656,false,false,4,16
red4:lane3:snr6.0:seed4:frame2,6.0,2,profiled_cz,awgn,0.0,32.0,96,0.9895833333333334,2.0251041666666665,0.9933333333333333,9536,3248,5,5,5,4,732,false,false,4,16
red4:lane3:snr6.0:seed4:frame3,6.0,3,profiled_cz,awgn,0.0,32.0,190,1.96875,3.004270833333333,0.9933333333333333,9536,3248,6,6,6,4,617,false,false,4,16
red4:lane3:snr6.0:seed4:frame4,6.0,4,profiled_cz,awgn,0.0,32.0,285,2.9583333333333335,3.993854166666667,0.9933333333333333,9536,3248,7,7,7,4,870,false,false,4,16
red4:lane3:snr6.0:seed4:frame5,6.0,5,profiled_cz,awgn,0.0,32.0,385,4.0,5.035520833333333,0.9933333333333333,9536,3248,8,8,8,4,838,false,false,4,16
red4:lane3:snr6.0:seed4:frame6,6.0,6,profiled_cz,awgn,0.0,32.0,480,4.989583333333333,6.025104166666666,0.9933333333333333,9536,3248,9,9,9,4,767,false,false,4,16
red4:lane3:snr6.0:seed4:frame7,6.0,7,profiled_cz,awgn,0.0,32.0,574,5.96875,7.004270833333333,0.9933333333333333,9536,3248,10,10,10,4,903,false,false,4,16
red4:lane3:snr6.0:seed4:frame8,6.0,8,profiled_cz,awgn,0.0,32.0,669,6.958333333333333,7.993854166666666,0.9933333333333333,9536,3248,11,11,11,4,714,false,false,4,16
red4:lane3:snr6.0:seed4:frame9,6.0,9,profiled_cz,awgn,0.0,32.0,769,8.0,9.035520833333333,0.9933333333333333,9536,3248,12,12,12,4,828,false,false,4,16
red4:lane3:snr6.0:seed4:frame10,6.0,10,profiled_cz,awgn,0.0,32.0,864,8.989583333333334,10.025104166666667,0.9933333333333333,9536,3248,13,13,13,4,801,false,false,4,16
red4:lane3:snr6.0:seed4:frame11,6.0,11,profiled_cz,awgn,0.0,32.0,958,9.96875,11.004270833333333,0.9933333333333333,9536,3248,14,14,14,4,810,false,false,4,16
red4:lane3:snr6.0:seed4:frame12,6.0,12,profiled_cz,awgn,0.0,32.0,1053,10.958333333333334,11.993854166666667,0.9933333333333333,9536,3248,15,15,15,4,741,false,false,4,16
red4:lane3:snr6.0:seed4:frame13,6.0,13,profiled_cz,awgn,0.0,32.0,1153,12.0,13.035520833333333,0.9933333333333333,9536,3248,16,16,16,4,707,false,false,4,16
red4:lane3:snr6.0:seed4:frame14,6.0,14,profiled_cz,awgn,0.0,32.0,1248,12.989583333333334,14.025104166666667,0.9933333333333333,9536,3248,17,17,17,4,720,false,false,4,16
red4:lane3:snr6.0:seed4:frame15,6.0,15,profiled_cz,awgn,0.0,32.0,1342,13.96875,15.004270833333333,0.9933333333333333,9536,3248,18,18,18,4,810,false,false,4,16
red4:lane3:snr6.0:seed4:frame16,6.0,16,profiled_cz,awgn,0.0,32.0,1437,14.958333333333334,15.993854166666667,0.9933333333333333,9536,3248,19,19,19,4,828,false,false,4,16
red4:lane3:snr6.0:seed4:frame17,6.0,17,profiled_cz,awgn,0.0,32.0,1537,16.0,17.035520833333333,0.9933333333333333,9536,3248,20,20,20,4,688,false,false,4,16
red4:lane3:snr6.0:seed4:frame18,6.0,18,profiled_cz,awgn,0.0,32.0,1632,16.989583333333332,18.025104166666665,0.9933333333333333,9536,3248,21,21,21,4,785,false,false,4,16
red4:lane3:snr6.0:seed4:frame19,6.0,19,profiled_cz,awgn,0.0,32.0,1726,17.96875,19.004270833333333,0.9933333333333333,9536,3248,22,22,22,4,832,false,false,4,16
red4:lane3:snr6.0:seed4:frame20,6.0,20,profiled_cz,awgn,0.0,32.0,1821,18.958333333333332,19.993854166666665,0.9933333333333333,9536,3248,23,23,23,4,751,false,false,4,16
red4:lane3:snr6.0:seed4:frame21,6.0,21,profiled_cz,awgn,0.0,32.0,1921,20.0,21.035520833333333,0.9933333333333333,9536,3248,24,24,24,4,708,false,false,4,16
red4:lane3:snr6.0:seed4:frame22,6.0,22,profiled_cz,awgn,0.0,32.0,2016,20.989583333333332,22.025104166666665,0.9933333333333333,9536,3248,25,25,25,4,753,false,false,4,16
red4:lane3:snr6.0:seed4:frame23,6.0,23,profiled_cz,awgn,0.0,32.0,2110,21.96875,23.004270833333333,0.9933333333333333,9536,3248,26,26,26,4,772,false,false,4,16
red4:lane3:snr6.0:seed4:frame24,6.0,24,profiled_cz,awgn,0.0,32.0,2205,22.958333333333332,23.993854166666665,0.9933333333333333,9536,3248,27,27,27,4,727,false,false,4,16
red4:lane3:snr6.0:seed4:frame25,6.0,25,profiled_cz,awgn,0.0,32.0,2305,24.0,25.035520833333333,0.9933333333333333,9536,3248,28,28,28,4,826,false,false,4,16
red4:lane3:snr6.0:seed4:frame26,6.0,26,profiled_cz,awgn,0.0,32.0,2400,24.989583333333332,26.025104166666665,0.9933333333333333,9536,3248,29,29,29,4,807,false,false,4,16
red4:lane3:snr6.0:seed4:frame27,6.0,27,profiled_cz,awgn,0.0,32.0,2494,25.96875,27.004270833333333,0.9933333333333333,9536,3248,30,30,30,4,825,false,false,4,16
red4:lane3:snr6.0:seed4:frame28,6.0,28,profiled_cz,awgn,0.0,32.0,2589,26.958333333333332,27.993854166666665,0.9933333333333333,9536,3248,31,31,31,4,615,false,false,4,16
red4:lane3:snr6.0:seed4:frame29,6.0,29,profiled_cz,awgn,0.0,32.0,2689,28.0,29.035520833333333,0.9933333333333333,9536,3248,32,32,32,4,686,false,false,4,16
red4:lane3:snr6.0:seed4:frame30,6.0,30,profiled_cz,awgn,0.0,32.0,2784,28.989583333333332,30.025104166666665,0.9933333333333333,9536,3248,33,33,33,4,689,false,false,4,16
red4:lane3:snr6.0:seed4:frame31,6.0,31,profiled_cz,awgn,0.0,32.0,2878,29.96875,31.004270833333333,0.9933333333333333,9536,3248,34,34,34,4,698,false,false,4,16
red4:lane3:snr6.0:seed4:frame32,6.0,32,profiled_cz,awgn,0.0,32.0,2973,30.958333333333332,31.993854166666665,0.9933333333333333,9536,3248,35,35,35,4,680,false,false,4,16
red4:lane3:snr8.0:seed4:frame1,8.0,1,cwz_joint,awgn,0.0,32.0,1,0.0,1.0355208333333332,0.9933333333333333,9536,3248,4,4,4,4,509,false,false,4,16
red4:lane3:snr8.0:seed4:frame2,8.0,2,cwz_joint,awgn,0.0,32.0,96,0.9895833333333334,2.0251041666666665,0.9933333333333333,9536,3248,5,5,5,4,639,false,false,4,16
red4:lane3:snr8.0:seed4:frame3,8.0,3,cwz_joint,awgn,0.0,32.0,190,1.96875,3.004270833333333,0.9933333333333333,9536,3248,6,6,6,4,553,false,false,4,16
red4:lane3:snr8.0:seed4:frame4,8.0,4,cwz_joint,awgn,0.0,32.0,285,2.9583333333333335,3.993854166666667,0.9933333333333333,9536,3248,7,7,7,4,761,false,false,4,16
red4:lane3:snr8.0:seed4:frame5,8.0,5,cwz_joint,awgn,0.0,32.0,385,4.0,5.035520833333333,0.9933333333333333,9536,3248,8,8,8,4,736,false,false,4,16
red4:lane3:snr8.0:seed4:frame6,8.0,6,cwz_joint,awgn,0.0,32.0,480,4.989583333333333,6.025104166666666,0.9933333333333333,9536,3248,9,9,9,4,639,false,false,4,16
red4:lane3:snr8.0:seed4:frame7,8.0,7,cwz_joint,awgn,0.0,32.0,574,5.96875,7.004270833333333,0.9933333333333333,9536,3248,10,10,10,4,785,false,false,4,16
red4:lane3:snr8.0:seed4:frame8,8.0,8,cwz_joint,awgn,0.0,32.0,669,6.958333333333333,7.993854166666666,0.9933333333333333,9536,3248,11,11,11,4,625,false,false,4,16
red4:lane3:snr8.0:seed4:frame9,8.0,9,cwz_joint,awgn,0.0,32.0,769,8.0,9.035520833333333,0.9933333333333333,9536,3248,12,12,12,4,745,false,false,4,16
red4:lane3:snr8.0:seed4:frame10,8.0,10,cwz_joint,awgn,0.0,32.0,864,8.989583333333334,10.025104166666667,0.9933333333333333,9536,3248,13,13,13,4,739,false,false,4,16
red4:lane3:snr8.0:seed4:frame11,8.0,11,cwz_joint,awgn,0.0,32.0,958,9.96875,11.004270833333333,0.9933333333333333,9536,3248,14,14,14,4,698,false,false,4,16
red4:lane3:snr8.0:seed4:frame12,8.0,12,cwz_joint,awgn,0.0,32.0,1053,10.958333333333334,11.993854166666667,0.9933333333333333,9536,3248,15,15,15,4,651,false,false,4,16
red4:lane3:snr8.0:seed4:frame13,8.0,13,cwz_joint,awgn,0.0,32.0,1153,12.0,13.035520833333333,0.9933333333333333,9536,3248,16,16,16,4,578,false,false,4,16
red4:lane3:snr8.0:seed4:frame14,8.0,14,cwz_joint,awgn,0.0,32.0,1248,12.989583333333334,14.025104166666667,0.9933333333333333,9536,3248,17,17,17,4,583,false,false,4,16
red4:lane3:snr8.0:seed4:frame15,8.0,15,cwz_joint,awgn,0.0,32.0,1342,13.96875,15.004270833333333,0.9933333333333333,9536,3248,18,18,18,4,773,false,false,4,16
red4:lane3:snr8.0:seed4:frame16,8.0,16,cwz_joint,awgn,0.0,32.0,1437,14.958333333333334,15.993854166666667,0.9933333333333333,9536,3248,19,19,19,4,797,false,false,4,16
red4:lane3:snr8.0:seed4:frame17,8.0,17,cwz_joint,awgn,0.0,32.0,1537,16.0,17.035520833333333,0.9933333333333333,9536,3248,20,20,20,4,535,false,false,4,16
red4:lane3:snr8.0:seed4:frame18,8.0,18,cwz_joint,awgn,0.0,32.0,1632,16.989583333333332,18.025104166666665,0.9933333333333333,9536,3248,21,21,21,4,683,false,false,4,16
red4:lane3:snr8.0:seed4:frame19,8.0,19,cwz_joint,awgn,0.0,32.0,1726,17.96875,19.004270833333333,0.9933333333333333,9536,3248,22,22,22,4,775,false,false,4,16
red4:lane3:snr8.0:seed4:frame20,8.0,20,cwz_joint,awgn,0.0,32.0,1821,18.958333333333332,19.993854166666665,0.9933333333333333,9536,3248,23,23,23,4,630,false,false,4,16
red4:lane3:snr8.0:seed4:frame21,8.0,21,cwz_joint,awgn,0.0,32.0,1921,20.0,21.035520833333333,0.9933333333333333,9536,3248,24,24,24,4,589,false,false,4,16
red4:lane3:snr8.0:seed4:frame22,8.0,22,cwz_joint,awgn,0.0,32.0,2016,20.989583333333332,22.025104166666665,0.9933333333333333,9536,3248,25,25,25,4,724,false,false,4,16
red4:lane3:snr8.0:seed4:frame23,8.0,23,cwz_joint,awgn,0.0,32.0,2110,21.96875,23.004270833333333,0.9933333333333333,9536,3248,26,26,26,4,622,false,false,4,16
red4:lane3:snr8.0:seed4:frame24,8.0,24,cwz_joint,awgn,0.0,32.0,2205,22.958333333333332,23.993854166666665,0.9933333333333333,9536,3248,27,27,27,4,609,false,false,4,16
red4:lane3:snr8.0:seed4:frame25,8.0,25,cwz_joint,awgn,0.0,32.0,2305,24.0,25.035520833333333,0.9933333333333333,9536,3248,28,28,28,4,707,false,false,4,16
red4:lane3:snr8.0:seed4:frame26,8.0,26,cwz_joint,awgn,0.0,32.0,2400,24.989583333333332,26.025104166666665,0.9933333333333333,9536,3248,29,29,29,4,716,false,false,4,16
red4:lane3:snr8.0:seed4:frame27,8.0,27,cwz_joint,awgn,0.0,32.0,2494,25.96875,27.004270833333333,0.9933333333333333,9536,3248,30,30,30,4,729,false,false,4,16
red4:lane3:snr8.0:seed4:frame28,8.0,28,cwz_joint,awgn,0.0,32.0,2589,26.958333333333332,27.993854166666665,0.9933333333333333,9536,3248,31,31,31,4,495,false,false,4,16
red4:lane3:snr8.0:seed4:frame29,8.0,29,cwz_joint,awgn,0.0,32.0,2689,28.0,29.035520833333333,0.9933333333333333,9536,3248,32,32,32,4,559,false,false,4,16
red4:lane3:snr8.0:seed4:frame30,8.0,30,cwz_joint,awgn,0.0,32.0,2784,28.989583333333332,30.025104166666665,0.9933333333333333,9536,3248,33,33,33,4,634,false,false,4,16
red4:lane3:snr8.0:seed4:frame31,8.0,31,cwz_joint,awgn,0.0,32.0,2878,29.96875,31.004270833333333,0.9933333333333333,9536,3248,34,34,34,4,599,false,false,4,16
red4:lane3:snr8.0:seed4:frame32,8.0,32,cwz_joint,awgn,0.0,32.0,2973,30.958333333333332,31.993854166666665,0.9933333333333333,9536,3248,35,35,35,4,581,false,false,4,16
red4:lane3:snr8.0:seed4:frame1,8.0,1,lite,awgn,0.0,32.0,1,0.0,1.0355208333333332,0.9933333333333333,9536,3248,4,4,4,4,713,false,false,4,16
red4:lane3:snr8.0:seed4:frame2,8.0,2,lite,awgn,0.0,32.0,96,0.9895833333333334,2.0251041666666665,0.9933333333333333,9536,3248,5,5,5,4,729,false,false,4,16
red4:lane3:snr8.0:seed4:frame3,8.0,3,lite,awgn,0.0,32.0,190,1.96875,3.004270833333333,0.9933333333333333,9536,3248,6,6,6,4,773,false,false,4,16
red4:lane3:snr8.0:seed4:frame4,8.0,4,lite,awgn,0.0,32.0,285,2.9583333333333335,3.993854166666667,0.9933333333333333,9536,3248,7,7,7,4,932,false,false,4,16
red4:lane3:snr8.0:seed4:frame5,8.0,5,lite,awgn,0.0,32.0,385,4.0,5.035520833333333,0.9933333333333333,9536,3248,8,8,8,4,763,false,false,4,16
red4:lane3:snr8.0:seed4:frame6,8.0,6,lite,awgn,0.0,32.0,480,4.989583333333333,6.025104166666666,0.9933333333333333,9536,3248,9,9,9,4,784,false,false,4,16
red4:lane3:snr8.0:seed4:frame7,8.0,7,lite,awgn,0.0,32.0,574,5.96875,7.004270833333333,0.9933333333333333,9536,3248,10,10,10,4,856,false,false,4,16
red4:lane3:snr8.0:seed4:frame8,8.0,8,lite,awgn,0.0,32.0,669,6.958333333333333,7.993854166666666,0.9933333333333333,9536,3248,11,11,11,4,710,false,false,4,16
red4:lane3:snr8.0:seed4:frame9,8.0,9,lite,awgn,0.0,32.0,769,8.0,9.035520833333333,0.9933333333333333,9536,3248,12,12,12,4,757,false,false,4,16
red4:lane3:snr8.0:seed4:frame10,8.0,10,lite,awgn,0.0,32.0,864,8.989583333333334,10.025104166666667,0.9933333333333333,9536,3248,13,13,13,4,662,false,false,4,16
red4:lane3:snr8.0:seed4:frame11,8.0,11,lite,awgn,0.0,32.0,958,9.96875,11.004270833333333,0.9933333333333333,9536,3248,14,14,14,4,715,false,false,4,16
red4:lane3:snr8.0:seed4:frame12,8.0,12,lite,awgn,0.0,32.0,1053,10.958333333333334,11.993854166666667,0.9933333333333333,9536,3248,15,15,15,4,764,false,false,4,16
red4:lane3:snr8.0:seed4:frame13,8.0,13,lite,awgn,0.0,32.0,1153,12.0,13.035520833333333,0.9933333333333333,9536,3248,16,16,16,4,696,false,false,4,16
red4:lane3:snr8.0:seed4:frame14,8.0,14,lite,awgn,0.0,32.0,1248,12.989583333333334,14.025104166666667,0.9933333333333333,9536,3248,17,17,17,4,781,false,false,4,16
red4:lane3:snr8.0:seed4:frame15,8.0,15,lite,awgn,0.0,32.0,1342,13.96875,15.004270833333333,0.9933333333333333,9536,3248,18,18,18,4,775,false,false,4,16
red4:lane3:snr8.0:seed4:frame16,8.0,16,lite,awgn,0.0,32.0,1437,14.958333333333334,15.993854166666667,0.9933333333333333,9536,3248,19,19,19,4,814,false,false,4,16
red4:lane3:snr8.0:seed4:frame17,8.0,17,lite,awgn,0.0,32.0,1537,16.0,17.035520833333333,0.9933333333333333,9536,3248,20,20,20,4,690,false,false,4,16
red4:lane3:snr8.0:seed4:frame18,8.0,18,lite,awgn,0.0,32.0,1632,16.989583333333332,18.025104166666665,0.9933333333333333,9536,3248,21,21,21,4,708,false,false,4,16
red4:lane3:snr8.0:seed4:frame19,8.0,19,lite,awgn,0.0,32.0,1726,17.96875,19.004270833333333,0.9933333333333333,9536,3248,22,22,22,4,778,false,false,4,16
red4:lane3:snr8.0:seed4:frame20,8.0,20,lite,awgn,0.0,32.0,1821,18.958333333333332,19.993854166666665,0.9933333333333333,9536,3248,23,23,23,4,770,false,false,4,16
red4:lane3:snr8.0:seed4:frame21,8.0,21,lite,awgn,0.0,32.0,1921,20.0,21.035520833333333,0.9933333333333333,9536,3248,24,24,24,4,779,false,false,4,16
red4:lane3:snr8.0:seed4:frame22,8.0,22,lite,awgn,0.0,32.0,2016,20.989583333333332,22.025104166666665,0.9933333333333333,9536,3248,25,25,25,4,657,false,false,4,16
red4:lane3:snr8.0:seed4:frame23,8.0,23,lite,awgn,0.0,32.0,2110,21.96875,23.004270833333333,0.9933333333333333,9536,3248,26,26,26,4,709,false,false,4,16
red4:lane3:snr8.0:seed4:frame24,8.0,24,lite,awgn,0.0,32.0,2205,22.958333333333332,23.993854166666665,0.9933333333333333,9536,3248,27,27,27,4,757,false,false,4,16
red4:lane3:snr8.0:seed4:frame25,8.0,25,lite,awgn,0.0,32.0,2305,24.0,25.035520833333333,0.9933333333333333,9536,3248,28,28,28,4,773,false,false,4,16
red4:lane3:snr8.0:seed4:frame26,8.0,26,lite,awgn,0.0,32.0,2400,24.989583333333332,26.025104166666665,0.9933333333333333,9536,3248,29,29,29,4,817,false,false,4,16
red4:lane3:snr8.0:seed4:frame27,8.0,27,lite,awgn,0.0,32.0,2494,25.96875,27.004270833333333,0.9933333333333333,9536,3248,30,30,30,4,748,false,false,4,16
red4:lane3:snr8.0:seed4:frame28,8.0,28,lite,awgn,0.0,32.0,2589,26.958333333333332,27.993854166666665,0.9933333333333333,9536,3248,31,31,31,4,681,false,false,4,16
red4:lane3:snr8.0:seed4:frame29,8.0,29,lite,awgn,0.0,32.0,2689,28.0,29.035520833333333,0.9933333333333333,9536,3248,32,32,32,4,750,false,false,4,16
red4:lane3:snr8.0:seed4:frame30,8.0,30,lite,awgn,0.0,32.0,2784,28.989583333333332,30.025104166666665,0.9933333333333333,9536,3248,33,33,33,4,644,false,false,4,16
red4:lane3:snr8.0:seed4:frame31,8.0,31,lite,awgn,0.0,32.0,2878,29.96875,31.004270833333333,0.9933333333333333,9536,3248,34,34,34,4,758,false,false,4,16
red4:lane3:snr8.0:seed4:frame32,8.0,32,lite,awgn,0.0,32.0,2973,30.958333333333332,31.993854166666665,0.9933333333333333,9536,3248,35,35,35,4,702,false,false,4,16
red4:lane3:snr8.0:seed4:frame1,8.0,1,ofdm_fec,awgn,0.0,32.0,1,0.0,1.0355208333333332,0.9933333333333333,9536,3248,4,4,4,4,509,false,false,4,16
red4:lane3:snr8.0:seed4:frame2,8.0,2,ofdm_fec,awgn,0.0,32.0,96,0.9895833333333334,2.0251041666666665,0.9933333333333333,9536,3248,5,5,5,4,639,false,false,4,16
red4:lane3:snr8.0:seed4:frame3,8.0,3,ofdm_fec,awgn,0.0,32.0,190,1.96875,3.004270833333333,0.9933333333333333,9536,3248,6,6,6,4,553,false,false,4,16
red4:lane3:snr8.0:seed4:frame4,8.0,4,ofdm_fec,awgn,0.0,32.0,285,2.9583333333333335,3.993854166666667,0.9933333333333333,9536,3248,7,7,7,4,761,false,false,4,16
red4:lane3:snr8.0:seed4:frame5,8.0,5,ofdm_fec,awgn,0.0,32.0,385,4.0,5.035520833333333,0.9933333333333333,9536,3248,8,8,8,4,736,false,false,4,16
red4:lane3:snr8.0:seed4:frame6,8.0,6,ofdm_fec,awgn,0.0,32.0,480,4.989583333333333,6.025104166666666,0.9933333333333333,9536,3248,9,9,9,4,639,false,false,4,16
red4:lane3:snr8.0:seed4:frame7,8.0,7,ofdm_fec,awgn,0.0,32.0,574,5.96875,7.004270833333333,0.9933333333333333,9536,3248,10,10,10,4,785,false,false,4,16
red4:lane3:snr8.0:seed4:frame8,8.0,8,ofdm_fec,awgn,0.0,32.0,669,6.958333333333333,7.993854166666666,0.9933333333333333,9536,3248,11,11,11,4,625,false,false,4,16
red4:lane3:snr8.0:seed4:frame9,8.0,9,ofdm_fec,awgn,0.0,32.0,769,8.0,9.035520833333333,0.9933333333333333,9536,3248,12,12,12,4,745,false,false,4,16
red4:lane3:snr8.0:seed4:frame10,8.0,10,ofdm_fec,awgn,0.0,32.0,864,8.989583333333334,10.025104166666667,0.9933333333333333,9536,3248,13,13,13,4,739,false,false,4,16
red4:lane3:snr8.0:seed4:frame11,8.0,11,ofdm_fec,awgn,0.0,32.0,958,9.96875,11.004270833333333,0.9933333333333333,9536,3248,14,14,14,4,698,false,false,4,16
red4:lane3:snr8.0:seed4:frame12,8.0,12,ofdm_fec,awgn,0.0,32.0,1053,10.958333333333334,11.993854166666667,0.9933333333333333,9536,3248,15,15,15,4,651,false,false,4,16
red4:lane3:snr8.0:seed4:frame13,8.0,13,ofdm_fec,awgn,0.0,32.0,1153,12.0,13.035520833333333,0.9933333333333333,9536,3248,16,16,16,4,578,false,false,4,16
red4:lane3:snr8.0:seed4:frame14,8.0,14,ofdm_fec,awgn,0.0,32.0,1248,12.989583333333334,14.025104166666667,0.9933333333333333,9536,3248,17,17,17,4,583,false,false,4,16
red4:lane3:snr8.0:seed4:frame15,8.0,15,ofdm_fec,awgn,0.0,32.0,1342,13.96875,15.004270833333333,0.9933333333333333,9536,3248,18,18,18,4,773,false,false,4,16
red4:lane3:snr8.0:seed4:frame16,8.0,16,ofdm_fec,awgn,0.0,32.0,1437,14.958333333333334,15.993854166666667,0.9933333333333333,9536,3248,19,19,19,4,797,false,false,4,16
red4:lane3:snr8.0:seed4:frame17,8.0,17,ofdm_fec,awgn,0.0,32.0,1537,16.0,17.035520833333333,0.9933333333333333,9536,3248,20,20,20,4,535,false,false,4,16
red4:lane3:snr8.0:seed4:frame18,8.0,18,ofdm_fec,awgn,0.0,32.0,1632,16.989583333333332,18.025104166666665,0.9933333333333333,9536,3248,21,21,21,4,683,false,false,4,16
red4:lane3:snr8.0:seed4:frame19,8.0,19,ofdm_fec,awgn,0.0,32.0,1726,17.96875,19.004270833333333,0.9933333333333333,9536,3248,22,22,22,4,775,false,false,4,16
red4:lane3:snr8.0:seed4:frame20,8.0,20,ofdm_fec,awgn,0.0,32.0,1821,18.958333333333332,19.993854166666665,0.9933333333333333,9536,3248,23,23,23,4,630,false,false,4,16
red4:lane3:snr8.0:seed4:frame21,8.0,21,ofdm_fec,awgn,0.0,32.0,1921,20.0,21.035520833333333,0.9933333333333333,9536,3248,24,24,24,4,589,false,false,4,16
red4:lane3:snr8.0:seed4:frame22,8.0,22,ofdm_fec,awgn,0.0,32.0,2016,20.989583333333332,22.025104166666665,0.9933333333333333,9536,3248,25,25,25,4,724,false,false,4,16
red4:lane3:snr8.0:seed4:frame23,8.0,23,ofdm_fec,awgn,0.0,32.0,2110,21.96875,23.004270833333333,0.9933333333333333,9536,3248,26,26,26,4,622,false,false,4,16
red4:lane3:snr8.0:seed4:frame24,8.0,24,ofdm_fec,awgn,0.0,32.0,2205,22.958333333333332,23.993854166666665,0.9933333333333333,9536,3248,27,27,27,4,609,false,false,4,16
red4:lane3:snr8.0:seed4:frame25,8.0,25,ofdm_fec,awgn,0.0,32.0,2305,24.0,25.035520833333333,0.9933333333333333,9536,3248,28,28,28,4,707,false,false,4,16
red4:lane3:snr8.0:seed4:frame26,8.0,26,ofdm_fec,awgn,0.0,32.0,2400,24.989583333333332,26.025104166666665,0.9933333333333333,9536,3248,29,29,29,4,716,false,false,4,16
red4:lane3:snr8.0:seed4:frame27,8.0,27,ofdm_fec,awgn,0.0,32.0,2494,25.96875,27.004270833333333,0.9933333333333333,9536,3248,30,30,30,4,729,false,false,4,16
red4:lane3:snr8.0:seed4:frame28,8.0,28,ofdm_fec,awgn,0.0,32.0,2589,26.958333333333332,27.993854166666665,0.9933333333333333,9536,3248,31,31,31,4,495,false,false,4,16
red4:lane3:snr8.0:seed4:frame29,8.0,29,ofdm_fec,awgn,0.0,32.0,2689,28.0,29.035520833333333,0.9933333333333333,9536,3248,32,32,32,4,559,false,false,4,16
red4:lane3:snr8.0:seed4:frame30,8.0,30,ofdm_fec,awgn,0.0,32.0,2784,28.989583333333332,30.025104166666665,0.9933333333333333,9536,3248,33,33,33,4,634,false,false,4,16
red4:lane3:snr8.0:seed4:frame31,8.0,31,ofdm_fec,awgn,0.0,32.0,2878,29.96875,31.004270833333333,0.9933333333333333,9536,3248,34,34,34,4,599,false,false,4,16
red4:lane3:snr8.0:seed4:frame32,8.0,32,ofdm_fec,awgn,0.0,32.0,2973,30.958333333333332,31.993854166666665,0.9933333333333333,9536,3248,35,35,35,4,581,false,false,4,16
red4:lane3:snr8.0:seed4:frame1,8.0,1,pfft,awgn,0.0,32.0,1,0.0,1.0355208333333332,0.9933333333333333,9536,3248,4,4,4,4,713,false,false,4,16
red4:lane3:snr8.0:seed4:frame2,8.0,2,pfft,awgn,0.0,32.0,96,0.9895833333333334,2.0251041666666665,0.9933333333333333,9536,3248,5,5,5,4,699,false,false,4,16
red4:lane3:snr8.0:seed4:frame3,8.0,3,pfft,awgn,0.0,32.0,190,1.96875,3.004270833333333,0.9933333333333333,9536,3248,6,6,6,4,773,false,false,4,16
red4:lane3:snr8.0:seed4:frame4,8.0,4,pfft,awgn,0.0,32.0,285,2.9583333333333335,3.993854166666667,0.9933333333333333,9536,3248,7,7,7,4,932,false,false,4,16
red4:lane3:snr8.0:seed4:frame5,8.0,5,pfft,awgn,0.0,32.0,385,4.0,5.035520833333333,0.9933333333333333,9536,3248,8,8,8,4,800,false,false,4,16
red4:lane3:snr8.0:seed4:frame6,8.0,6,pfft,awgn,0.0,32.0,480,4.989583333333333,6.025104166666666,0.9933333333333333,9536,3248,9,9,9,4,784,false,false,4,16
red4:lane3:snr8.0:seed4:frame7,8.0,7,pfft,awgn,0.0,32.0,574,5.96875,7.004270833333333,0.9933333333333333,9536,3248,10,10,10,4,839,false,false,4,16
red4:lane3:snr8.0:seed4:frame8,8.0,8,pfft,awgn,0.0,32.0,669,6.958333333333333,7.993854166666666,0.9933333333333333,9536,3248,11,11,11,4,710,false,false,4,16
red4:lane3:snr8.0:seed4:frame9,8.0,9,pfft,awgn,0.0,32.0,769,8.0,9.035520833333333,0.9933333333333333,9536,3248,12,12,12,4,757,false,false,4,16
red4:lane3:snr8.0:seed4:frame10,8.0,10,pfft,awgn,0.0,32.0,864,8.989583333333334,10.025104166666667,0.9933333333333333,9536,3248,13,13,13,4,662,false,false,4,16
red4:lane3:snr8.0:seed4:frame11,8.0,11,pfft,awgn,0.0,32.0,958,9.96875,11.004270833333333,0.9933333333333333,9536,3248,14,14,14,4,710,false,false,4,16
red4:lane3:snr8.0:seed4:frame12,8.0,12,pfft,awgn,0.0,32.0,1053,10.958333333333334,11.993854166666667,0.9933333333333333,9536,3248,15,15,15,4,769,false,false,4,16
red4:lane3:snr8.0:seed4:frame13,8.0,13,pfft,awgn,0.0,32.0,1153,12.0,13.035520833333333,0.9933333333333333,9536,3248,16,16,16,4,696,false,false,4,16
red4:lane3:snr8.0:seed4:frame14,8.0,14,pfft,awgn,0.0,32.0,1248,12.989583333333334,14.025104166666667,0.9933333333333333,9536,3248,17,17,17,4,781,false,false,4,16
red4:lane3:snr8.0:seed4:frame15,8.0,15,pfft,awgn,0.0,32.0,1342,13.96875,15.004270833333333,0.9933333333333333,9536,3248,18,18,18,4,778,false,false,4,16
red4:lane3:snr8.0:seed4:frame16,8.0,16,pfft,awgn,0.0,32.0,1437,14.958333333333334,15.993854166666667,0.9933333333333333,9536,3248,19,19,19,4,820,false,false,4,16
red4:lane3:snr8.0:seed4:frame17,8.0,17,pfft,awgn,0.0,32.0,1537,16.0,17.035520833333333,0.9933333333333333,9536,3248,20,20,20,4,731,false,false,4,16
red4:lane3:snr8.0:seed4:frame18,8.0,18,pfft,awgn,0.0,32.0,1632,16.989583333333332,18.025104166666665,0.9933333333333333,9536,3248,21,21,21,4,703,false,false,4,16
red4:lane3:snr8.0:seed4:frame19,8.0,19,pfft,awgn,0.0,32.0,1726,17.96875,19.004270833333333,0.9933333333333333,9536,3248,22,22,22,4,747,false,false,4,16
red4:lane3:snr8.0:seed4:frame20,8.0,20,pfft,awgn,0.0,32.0,1821,18.958333333333332,19.993854166666665,0.9933333333333333,9536,3248,23,23,23,4,770,false,false,4,16
red4:lane3:snr8.0:seed4:frame21,8.0,21,pfft,awgn,0.0,32.0,1921,20.0,21.035520833333333,0.9933333333333333,9536,3248,24,24,24,4,779,false,false,4,16
red4:lane3:snr8.0:seed4:frame22,8.0,22,pfft,awgn,0.0,32.0,2016,20.989583333333332,22.025104166666665,0.9933333333333333,9536,3248,25,25,25,4,657,false,false,4,16
red4:lane3:snr8.0:seed4:frame23,8.0,23,pfft,awgn,0.0,32.0,2110,21.96875,23.004270833333333,0.9933333333333333,9536,3248,26,26,26,4,772,false,false,4,16
red4:lane3:snr8.0:seed4:frame24,8.0,24,pfft,awgn,0.0,32.0,2205,22.958333333333332,23.993854166666665,0.9933333333333333,9536,3248,27,27,27,4,803,false,false,4,16
red4:lane3:snr8.0:seed4:frame25,8.0,25,pfft,awgn,0.0,32.0,2305,24.0,25.035520833333333,0.9933333333333333,9536,3248,28,28,28,4,773,false,false,4,16
red4:lane3:snr8.0:seed4:frame26,8.0,26,pfft,awgn,0.0,32.0,2400,24.989583333333332,26.025104166666665,0.9933333333333333,9536,3248,29,29,29,4,817,false,false,4,16
red4:lane3:snr8.0:seed4:frame27,8.0,27,pfft,awgn,0.0,32.0,2494,25.96875,27.004270833333333,0.9933333333333333,9536,3248,30,30,30,4,748,false,false,4,16
red4:lane3:snr8.0:seed4:frame28,8.0,28,pfft,awgn,0.0,32.0,2589,26.958333333333332,27.993854166666665,0.9933333333333333,9536,3248,31,31,31,4,725,false,false,4,16
red4:lane3:snr8.0:seed4:frame29,8.0,29,pfft,awgn,0.0,32.0,2689,28.0,29.035520833333333,0.9933333333333333,9536,3248,32,32,32,4,750,false,false,4,16
red4:lane3:snr8.0:seed4:frame30,8.0,30,pfft,awgn,0.0,32.0,2784,28.989583333333332,30.025104166666665,0.9933333333333333,9536,3248,33,33,33,4,644,false,false,4,16
red4:lane3:snr8.0:seed4:frame31,8.0,31,pfft,awgn,0.0,32.0,2878,29.96875,31.004270833333333,0.9933333333333333,9536,3248,34,34,34,4,758,false,false,4,16
red4:lane3:snr8.0:seed4:frame32,8.0,32,pfft,awgn,0.0,32.0,2973,30.958333333333332,31.993854166666665,0.9933333333333333,9536,3248,35,35,35,4,770,false,false,4,16
red4:lane3:snr8.0:seed4:frame1,8.0,1,profiled_cz,awgn,0.0,32.0,1,0.0,1.0355208333333332,0.9933333333333333,9536,3248,4,4,4,4,509,false,false,4,16
red4:lane3:snr8.0:seed4:frame2,8.0,2,profiled_cz,awgn,0.0,32.0,96,0.9895833333333334,2.0251041666666665,0.9933333333333333,9536,3248,5,5,5,4,639,false,false,4,16
red4:lane3:snr8.0:seed4:frame3,8.0,3,profiled_cz,awgn,0.0,32.0,190,1.96875,3.004270833333333,0.9933333333333333,9536,3248,6,6,6,4,553,false,false,4,16
red4:lane3:snr8.0:seed4:frame4,8.0,4,profiled_cz,awgn,0.0,32.0,285,2.9583333333333335,3.993854166666667,0.9933333333333333,9536,3248,7,7,7,4,761,false,false,4,16
red4:lane3:snr8.0:seed4:frame5,8.0,5,profiled_cz,awgn,0.0,32.0,385,4.0,5.035520833333333,0.9933333333333333,9536,3248,8,8,8,4,736,false,false,4,16
red4:lane3:snr8.0:seed4:frame6,8.0,6,profiled_cz,awgn,0.0,32.0,480,4.989583333333333,6.025104166666666,0.9933333333333333,9536,3248,9,9,9,4,639,false,false,4,16
red4:lane3:snr8.0:seed4:frame7,8.0,7,profiled_cz,awgn,0.0,32.0,574,5.96875,7.004270833333333,0.9933333333333333,9536,3248,10,10,10,4,785,false,false,4,16
red4:lane3:snr8.0:seed4:frame8,8.0,8,profiled_cz,awgn,0.0,32.0,669,6.958333333333333,7.993854166666666,0.9933333333333333,9536,3248,11,11,11,4,625,false,false,4,16
red4:lane3:snr8.0:seed4:frame9,8.0,9,profiled_cz,awgn,0.0,32.0,769,8.0,9.035520833333333,0.9933333333333333,9536,3248,12,12,12,4,745,false,false,4,16
red4:lane3:snr8.0:seed4:frame10,8.0,10,profiled_cz,awgn,0.0,32.0,864,8.989583333333334,10.025104166666667,0.9933333333333333,9536,3248,13,13,13,4,739,false,false,4,16
red4:lane3:snr8.0:seed4:frame11,8.0,11,profiled_cz,awgn,0.0,32.0,958,9.96875,11.004270833333333,0.9933333333333333,9536,3248,14,14,14,4,698,false,false,4,16
red4:lane3:snr8.0:seed4:frame12,8.0,12,profiled_cz,awgn,0.0,32.0,1053,10.958333333333334,11.993854166666667,0.9933333333333333,9536,3248,15,15,15,4,651,false,false,4,16
red4:lane3:snr8.0:seed4:frame13,8.0,13,profiled_cz,awgn,0.0,32.0,1153,12.0,13.035520833333333,0.9933333333333333,9536,3248,16,16,16,4,578,false,false,4,16
red4:lane3:snr8.0:seed4:frame14,8.0,14,profiled_cz,awgn,0.0,32.0,1248,12.989583333333334,14.025104166666667,0.9933333333333333,9536,3248,17,17,17,4,583,false,false,4,16
red4:lane3:snr8.0:seed4:frame15,8.0,15,profiled_cz,awgn,0.0,32.0,1342,13.96875,15.004270833333333,0.9933333333333333,9536,3248,18,18,18,4,773,false,false,4,16
red4:lane3:snr8.0:seed4:frame16,8.0,16,profiled_cz,awgn,0.0,32.0,1437,14.958333333333334,15.993854166666667,0.9933333333333333,9536,3248,19,19,19,4,797,false,false,4,16
red4:lane3:snr8.0:seed4:frame17,8.0,17,profiled_cz,awgn,0.0,32.0,1537,16.0,17.035520833333333,0.9933333333333333,9536,3248,20,20,20,4,535,false,false,4,16
red4:lane3:snr8.0:seed4:frame18,8.0,18,profiled_cz,awgn,0.0,32.0,1632,16.989583333333332,18.025104166666665,0.9933333333333333,9536,3248,21,21,21,4,683,false,false,4,16
red4:lane3:snr8.0:seed4:frame19,8.0,19,profiled_cz,awgn,0.0,32.0,1726,17.96875,19.004270833333333,0.9933333333333333,9536,3248,22,22,22,4,775,false,false,4,16
red4:lane3:snr8.0:seed4:frame20,8.0,20,profiled_cz,awgn,0.0,32.0,1821,18.958333333333332,19.993854166666665,0.9933333333333333,9536,3248,23,23,23,4,630,false,false,4,16
red4:lane3:snr8.0:seed4:frame21,8.0,21,profiled_cz,awgn,0.0,32.0,1921,20.0,21.035520833333333,0.9933333333333333,9536,3248,24,24,24,4,589,false,false,4,16
red4:lane3:snr8.0:seed4:frame22,8.0,22,profiled_cz,awgn,0.0,32.0,2016,20.989583333333332,22.025104166666665,0.9933333333333333,9536,3248,25,25,25,4,724,false,false,4,16
red4:lane3:snr8.0:seed4:frame23,8.0,23,profiled_cz,awgn,0.0,32.0,2110,21.96875,23.004270833333333,0.9933333333333333,9536,3248,26,26,26,4,622,false,false,4,16
red4:lane3:snr8.0:seed4:frame24,8.0,24,profiled_cz,awgn,0.0,32.0,2205,22.958333333333332,23.993854166666665,0.9933333333333333,9536,3248,27,27,27,4,609,false,false,4,16
red4:lane3:snr8.0:seed4:frame25,8.0,25,profiled_cz,awgn,0.0,32.0,2305,24.0,25.035520833333333,0.9933333333333333,9536,3248,28,28,28,4,707,false,false,4,16
red4:lane3:snr8.0:seed4:frame26,8.0,26,profiled_cz,awgn,0.0,32.0,2400,24.989583333333332,26.025104166666665,0.9933333333333333,9536,3248,29,29,29,4,716,false,false,4,16
red4:lane3:snr8.0:seed4:frame27,8.0,27,profiled_cz,awgn,0.0,32.0,2494,25.96875,27.004270833333333,0.9933333333333333,9536,3248,30,30,30,4,729,false,false,4,16
red4:lane3:snr8.0:seed4:frame28,8.0,28,profiled_cz,awgn,0.0,32.0,2589,26.958333333333332,27.993854166666665,0.9933333333333333,9536,3248,31,31,31,4,495,false,false,4,16
red4:lane3:snr8.0:seed4:frame29,8.0,29,profiled_cz,awgn,0.0,32.0,2689,28.0,29.035520833333333,0.9933333333333333,9536,3248,32,32,32,4,559,false,false,4,16
red4:lane3:snr8.0:seed4:frame30,8.0,30,profiled_cz,awgn,0.0,32.0,2784,28.989583333333332,30.025104166666665,0.9933333333333333,9536,3248,33,33,33,4,634,false,false,4,16
red4:lane3:snr8.0:seed4:frame31,8.0,31,profiled_cz,awgn,0.0,32.0,2878,29.96875,31.004270833333333,0.9933333333333333,9536,3248,34,34,34,4,599,false,false,4,16
red4:lane3:snr8.0:seed4:frame32,8.0,32,profiled_cz,awgn,0.0,32.0,2973,30.958333333333332,31.993854166666665,0.9933333333333333,9536,3248,35,35,35,4,581,false,false,4,16
red4:lane3:snr10.0:seed4:frame1,10.0,1,cwz_joint,awgn,0.0,32.0,1,0.0,1.0355208333333332,0.9933333333333333,9536,3248,4,4,4,4,443,false,false,4,16
red4:lane3:snr10.0:seed4:frame2,10.0,2,cwz_joint,awgn,0.0,32.0,96,0.9895833333333334,2.0251041666666665,0.9933333333333333,9536,3248,5,5,5,4,576,false,false,4,16
red4:lane3:snr10.0:seed4:frame3,10.0,3,cwz_joint,awgn,0.0,32.0,190,1.96875,3.004270833333333,0.9933333333333333,9536,3248,6,6,6,4,466,false,false,4,16
red4:lane3:snr10.0:seed4:frame4,10.0,4,cwz_joint,awgn,0.0,32.0,285,2.9583333333333335,3.993854166666667,0.9933333333333333,9536,3248,7,7,7,4,684,false,false,4,16
red4:lane3:snr10.0:seed4:frame5,10.0,5,cwz_joint,awgn,0.0,32.0,385,4.0,5.035520833333333,0.9933333333333333,9536,3248,8,8,8,4,678,false,false,4,16
red4:lane3:snr10.0:seed4:frame6,10.0,6,cwz_joint,awgn,0.0,32.0,480,4.989583333333333,6.025104166666666,0.9933333333333333,9536,3248,9,9,9,4,537,false,false,4,16
red4:lane3:snr10.0:seed4:frame7,10.0,7,cwz_joint,awgn,0.0,32.0,574,5.96875,7.004270833333333,0.9933333333333333,9536,3248,10,10,10,4,733,false,false,4,16
red4:lane3:snr10.0:seed4:frame8,10.0,8,cwz_joint,awgn,0.0,32.0,669,6.958333333333333,7.993854166666666,0.9933333333333333,9536,3248,11,11,11,4,577,false,false,4,16
red4:lane3:snr10.0:seed4:frame9,10.0,9,cwz_joint,awgn,0.0,32.0,769,8.0,9.035520833333333,0.9933333333333333,9536,3248,12,12,12,4,687,false,false,4,16
red4:lane3:snr10.0:seed4:frame10,10.0,10,cwz_joint,awgn,0.0,32.0,864,8.989583333333334,10.025104166666667,0.9933333333333333,9536,3248,13,13,13,4,707,false,false,4,16
red4:lane3:snr10.0:seed4:frame11,10.0,11,cwz_joint,awgn,0.0,32.0,958,9.96875,11.004270833333333,0.9933333333333333,9536,3248,14,14,14,4,652,false,false,4,16
red4:lane3:snr10.0:seed4:frame12,10.0,12,cwz_joint,awgn,0.0,32.0,1053,10.958333333333334,11.993854166666667,0.9933333333333333,9536,3248,15,15,15,4,508,false,false,4,16
red4:lane3:snr10.0:seed4:frame13,10.0,13,cwz_joint,awgn,0.0,32.0,1153,12.0,13.035520833333333,0.9933333333333333,9536,3248,16,16,16,4,496,false,false,4,16
red4:lane3:snr10.0:seed4:frame14,10.0,14,cwz_joint,awgn,0.0,32.0,1248,12.989583333333334,14.025104166666667,0.9933333333333333,9536,3248,17,17,17,4,562,false,false,4,16
red4:lane3:snr10.0:seed4:frame15,10.0,15,cwz_joint,awgn,0.0,32.0,1342,13.96875,15.004270833333333,0.9933333333333333,9536,3248,18,18,18,4,625,false,false,4,16
red4:lane3:snr10.0:seed4:frame16,10.0,16,cwz_joint,awgn,0.0,32.0,1437,14.958333333333334,15.993854166666667,0.9933333333333333,9536,3248,19,19,19,4,661,false,false,4,16
red4:lane3:snr10.0:seed4:frame17,10.0,17,cwz_joint,awgn,0.0,32.0,1537,16.0,17.035520833333333,0.9933333333333333,9536,3248,20,20,20,4,443,false,false,4,16
red4:lane3:snr10.0:seed4:frame18,10.0,18,cwz_joint,awgn,0.0,32.0,1632,16.989583333333332,18.025104166666665,0.9933333333333333,9536,3248,21,21,21,4,622,false,false,4,16
red4:lane3:snr10.0:seed4:frame19,10.0,19,cwz_joint,awgn,0.0,32.0,1726,17.96875,19.004270833333333,0.9933333333333333,9536,3248,22,22,22,4,684,false,false,4,16
red4:lane3:snr10.0:seed4:frame20,10.0,20,cwz_joint,awgn,0.0,32.0,1821,18.958333333333332,19.993854166666665,0.9933333333333333,9536,3248,23,23,23,4,528,false,false,4,16
red4:lane3:snr10.0:seed4:frame21,10.0,21,cwz_joint,awgn,0.0,32.0,1921,20.0,21.035520833333333,0.9933333333333333,9536,3248,24,24,24,4,511,false,false,4,16
red4:lane3:snr10.0:seed4:frame22,10.0,22,cwz_joint,awgn,0.0,32.0,2016,20.989583333333332,22.025104166666665,0.9933333333333333,9536,3248,25,25,25,4,610,false,false,4,16
red4:lane3:snr10.0:seed4:frame23,10.0,23,cwz_joint,awgn,0.0,32.0,2110,21.96875,23.004270833333333,0.9933333333333333,9536,3248,26,26,26,4,489,false,false,4,16
red4:lane3:snr10.0:seed4:frame24,10.0,24,cwz_joint,awgn,0.0,32.0,2205,22.958333333333332,23.993854166666665,0.9933333333333333,9536,3248,27,27,27,4,523,false,false,4,16
red4:lane3:snr10.0:seed4:frame25,10.0,25,cwz_joint,awgn,0.0,32.0,2305,24.0,25.035520833333333,0.9933333333333333,9536,3248,28,28,28,4,626,false,false,4,16
red4:lane3:snr10.0:seed4:frame26,10.0,26,cwz_joint,awgn,0.0,32.0,2400,24.989583333333332,26.025104166666665,0.9933333333333333,9536,3248,29,29,29,4,673,false,false,4,16
red4:lane3:snr10.0:seed4:frame27,10.0,27,cwz_joint,awgn,0.0,32.0,2494,25.96875,27.004270833333333,0.9933333333333333,9536,3248,30,30,30,4,670,false,false,4,16
red4:lane3:snr10.0:seed4:frame28,10.0,28,cwz_joint,awgn,0.0,32.0,2589,26.958333333333332,27.993854166666665,0.9933333333333333,9536,3248,31,31,31,4,436,false,false,4,16
red4:lane3:snr10.0:seed4:frame29,10.0,29,cwz_joint,awgn,0.0,32.0,2689,28.0,29.035520833333333,0.9933333333333333,9536,3248,32,32,32,4,480,false,false,4,16
red4:lane3:snr10.0:seed4:frame30,10.0,30,cwz_joint,awgn,0.0,32.0,2784,28.989583333333332,30.025104166666665,0.9933333333333333,9536,3248,33,33,33,4,534,false,false,4,16
red4:lane3:snr10.0:seed4:frame31,10.0,31,cwz_joint,awgn,0.0,32.0,2878,29.96875,31.004270833333333,0.9933333333333333,9536,3248,34,34,34,4,478,false,false,4,16
red4:lane3:snr10.0:seed4:frame32,10.0,32,cwz_joint,awgn,0.0,32.0,2973,30.958333333333332,31.993854166666665,0.9933333333333333,9536,3248,35,35,35,4,497,false,false,4,16
red4:lane3:snr10.0:seed4:frame1,10.0,1,lite,awgn,0.0,32.0,1,0.0,1.0355208333333332,0.9933333333333333,9536,3248,4,4,4,4,687,false,false,4,16
red4:lane3:snr10.0:seed4:frame2,10.0,2,lite,awgn,0.0,32.0,96,0.9895833333333334,2.0251041666666665,0.9933333333333333,9536,3248,5,5,5,4,651,false,false,4,16
red4:lane3:snr10.0:seed4:frame3,10.0,3,lite,awgn,0.0,32.0,190,1.96875,3.004270833333333,0.9933333333333333,9536,3248,6,6,6,4,726,false,false,4,16
red4:lane3:snr10.0:seed4:frame4,10.0,4,lite,awgn,0.0,32.0,285,2.9583333333333335,3.993854166666667,0.9933333333333333,9536,3248,7,7,7,4,857,false,false,4,16
red4:lane3:snr10.0:seed4:frame5,10.0,5,lite,awgn,0.0,32.0,385,4.0,5.035520833333333,0.9933333333333333,9536,3248,8,8,8,4,741,false,false,4,16
red4:lane3:snr10.0:seed4:frame6,10.0,6,lite,awgn,0.0,32.0,480,4.989583333333333,6.025104166666666,0.9933333333333333,9536,3248,9,9,9,4,662,false,false,4,16
red4:lane3:snr10.0:seed4:frame7,10.0,7,lite,awgn,0.0,32.0,574,5.96875,7.004270833333333,0.9933333333333333,9536,3248,10,10,10,4,803,false,false,4,16
red4:lane3:snr10.0:seed4:frame8,10.0,8,lite,awgn,0.0,32.0,669,6.958333333333333,7.993854166666666,0.9933333333333333,9536,3248,11,11,11,4,588,false,false,4,16
red4:lane3:snr10.0:seed4:frame9,10.0,9,lite,awgn,0.0,32.0,769,8.0,9.035520833333333,0.9933333333333333,9536,3248,12,12,12,4,682,false,false,4,16
red4:lane3:snr10.0:seed4:frame10,10.0,10,lite,awgn,0.0,32.0,864,8.989583333333334,10.025104166666667,0.9933333333333333,9536,3248,13,13,13,4,636,false,false,4,16
red4:lane3:snr10.0:seed4:frame11,10.0,11,lite,awgn,0.0,32.0,958,9.96875,11.004270833333333,0.9933333333333333,9536,3248,14,14,14,4,589,false,false,4,16
red4:lane3:snr10.0:seed4:frame12,10.0,12,lite,awgn,0.0,32.0,1053,10.958333333333334,11.993854166666667,0.9933333333333333,9536,3248,15,15,15,4,671,false,false,4,16
red4:lane3:snr10.0:seed4:frame13,10.0,13,lite,awgn,0.0,32.0,1153,12.0,13.035520833333333,0.9933333333333333,9536,3248,16,16,16,4,589,false,false,4,16
red4:lane3:snr10.0:seed4:frame14,10.0,14,lite,awgn,0.0,32.0,1248,12.989583333333334,14.025104166666667,0.9933333333333333,9536,3248,17,17,17,4,735,false,false,4,16
red4:lane3:snr10.0:seed4:frame15,10.0,15,lite,awgn,0.0,32.0,1342,13.96875,15.004270833333333,0.9933333333333333,9536,3248,18,18,18,4,699,false,false,4,16
red4:lane3:snr10.0:seed4:frame16,10.0,16,lite,awgn,0.0,32.0,1437,14.958333333333334,15.993854166666667,0.9933333333333333,9536,3248,19,19,19,4,785,false,false,4,16
red4:lane3:snr10.0:seed4:frame17,10.0,17,lite,awgn,0.0,32.0,1537,16.0,17.035520833333333,0.9933333333333333,9536,3248,20,20,20,4,607,false,false,4,16
red4:lane3:snr10.0:seed4:frame18,10.0,18,lite,awgn,0.0,32.0,1632,16.989583333333332,18.025104166666665,0.9933333333333333,9536,3248,21,21,21,4,679,false,false,4,16
red4:lane3:snr10.0:seed4:frame19,10.0,19,lite,awgn,0.0,32.0,1726,17.96875,19.004270833333333,0.9933333333333333,9536,3248,22,22,22,4,694,false,false,4,16
red4:lane3:snr10.0:seed4:frame20,10.0,20,lite,awgn,0.0,32.0,1821,18.958333333333332,19.993854166666665,0.9933333333333333,9536,3248,23,23,23,4,608,false,false,4,16
red4:lane3:snr10.0:seed4:frame21,10.0,21,lite,awgn,0.0,32.0,1921,20.0,21.035520833333333,0.9933333333333333,9536,3248,24,24,24,4,687,false,false,4,16
red4:lane3:snr10.0:seed4:frame22,10.0,22,lite,awgn,0.0,32.0,2016,20.989583333333332,22.025104166666665,0.9933333333333333,9536,3248,25,25,25,4,597,false,false,4,16
red4:lane3:snr10.0:seed4:frame23,10.0,23,lite,awgn,0.0,32.0,2110,21.96875,23.004270833333333,0.9933333333333333,9536,3248,26,26,26,4,662,false,false,4,16
red4:lane3:snr10.0:seed4:frame24,10.0,24,lite,awgn,0.0,32.0,2205,22.958333333333332,23.993854166666665,0.9933333333333333,9536,3248,27,27,27,4,622,false,false,4,16
red4:lane3:snr10.0:seed4:frame25,10.0,25,lite,awgn,0.0,32.0,2305,24.0,25.035520833333333,0.9933333333333333,9536,3248,28,28,28,4,723,false,false,4,16
red4:lane3:snr10.0:seed4:frame26,10.0,26,lite,awgn,0.0,32.0,2400,24.989583333333332,26.025104166666665,0.9933333333333333,9536,3248,29,29,29,4,756,false,false,4,16
red4:lane3:snr10.0:seed4:frame27,10.0,27,lite,awgn,0.0,32.0,2494,25.96875,27.004270833333333,0.9933333333333333,9536,3248,30,30,30,4,646,false,false,4,16
red4:lane3:snr10.0:seed4:frame28,10.0,28,lite,awgn,0.0,32.0,2589,26.958333333333332,27.993854166666665,0.9933333333333333,9536,3248,31,31,31,4,577,false,false,4,16
red4:lane3:snr10.0:seed4:frame29,10.0,29,lite,awgn,0.0,32.0,2689,28.0,29.035520833333333,0.9933333333333333,9536,3248,32,32,32,4,672,false,false,4,16
red4:lane3:snr10.0:seed4:frame30,10.0,30,lite,awgn,0.0,32.0,2784,28.989583333333332,30.025104166666665,0.9933333333333333,9536,3248,33,33,33,4,584,false,false,4,16
red4:lane3:snr10.0:seed4:frame31,10.0,31,lite,awgn,0.0,32.0,2878,29.96875,31.004270833333333,0.9933333333333333,9536,3248,34,34,34,4,689,false,false,4,16
red4:lane3:snr10.0:seed4:frame32,10.0,32,lite,awgn,0.0,32.0,2973,30.958333333333332,31.993854166666665,0.9933333333333333,9536,3248,35,35,35,4,653,false,false,4,16
red4:lane3:snr10.0:seed4:frame1,10.0,1,ofdm_fec,awgn,0.0,32.0,1,0.0,1.0355208333333332,0.9933333333333333,9536,3248,4,4,4,4,443,false,false,4,16
red4:lane3:snr10.0:seed4:frame2,10.0,2,ofdm_fec,awgn,0.0,32.0,96,0.9895833333333334,2.0251041666666665,0.9933333333333333,9536,3248,5,5,5,4,576,false,false,4,16
red4:lane3:snr10.0:seed4:frame3,10.0,3,ofdm_fec,awgn,0.0,32.0,190,1.96875,3.004270833333333,0.9933333333333333,9536,3248,6,6,6,4,466,false,false,4,16
red4:lane3:snr10.0:seed4:frame4,10.0,4,ofdm_fec,awgn,0.0,32.0,285,2.9583333333333335,3.993854166666667,0.9933333333333333,9536,3248,7,7,7,4,684,false,false,4,16
red4:lane3:snr10.0:seed4:frame5,10.0,5,ofdm_fec,awgn,0.0,32.0,385,4.0,5.035520833333333,0.9933333333333333,9536,3248,8,8,8,4,678,false,false,4,16
red4:lane3:snr10.0:seed4:frame6,10.0,6,ofdm_fec,awgn,0.0,32.0,480,4.989583333333333,6.025104166666666,0.9933333333333333,9536,3248,9,9,9,4,537,false,false,4,16
red4:lane3:snr10.0:seed4:frame7,10.0,7,ofdm_fec,awgn,0.0,32.0,574,5.96875,7.004270833333333,0.9933333333333333,9536,3248,10,10,10,4,733,false,false,4,16
red4:lane3:snr10.0:seed4:frame8,10.0,8,ofdm_fec,awgn,0.0,32.0,669,6.958333333333333,7.993854166666666,0.9933333333333333,9536,3248,11,11,11,4,577,false,false,4,16
red4:lane3:snr10.0:seed4:frame9,10.0,9,ofdm_fec,awgn,0.0,32.0,769,8.0,9.035520833333333,0.9933333333333333,9536,3248,12,12,12,4,687,false,false,4,16
red4:lane3:snr10.0:seed4:frame10,10.0,10,ofdm_fec,awgn,0.0,32.0,864,8.989583333333334,10.025104166666667,0.9933333333333333,9536,3248,13,13,13,4,707,false,false,4,16
red4:lane3:snr10.0:seed4:frame11,10.0,11,ofdm_fec,awgn,0.0,32.0,958,9.96875,11.004270833333333,0.9933333333333333,9536,3248,14,14,14,4,652,false,false,4,16
red4:lane3:snr10.0:seed4:frame12,10.0,12,ofdm_fec,awgn,0.0,32.0,1053,10.958333333333334,11.993854166666667,0.9933333333333333,9536,3248,15,15,15,4,508,false,false,4,16
red4:lane3:snr10.0:seed4:frame13,10.0,13,ofdm_fec,awgn,0.0,32.0,1153,12.0,13.035520833333333,0.9933333333333333,9536,3248,16,16,16,4,496,false,false,4,16
red4:lane3:snr10.0:seed4:frame14,10.0,14,ofdm_fec,awgn,0.0,32.0,1248,12.989583333333334,14.025104166666667,0.9933333333333333,9536,3248,17,17,17,4,562,false,false,4,16
red4:lane3:snr10.0:seed4:frame15,10.0,15,ofdm_fec,awgn,0.0,32.0,1342,13.96875,15.004270833333333,0.9933333333333333,9536,3248,18,18,18,4,625,false,false,4,16
red4:lane3:snr10.0:seed4:frame16,10.0,16,ofdm_fec,awgn,0.0,32.0,1437,14.958333333333334,15.993854166666667,0.9933333333333333,9536,3248,19,19,19,4,661,false,false,4,16
red4:lane3:snr10.0:seed4:frame17,10.0,17,ofdm_fec,awgn,0.0,32.0,1537,16.0,17.035520833333333,0.9933333333333333,9536,3248,20,20,20,4,443,false,false,4,16
red4:lane3:snr10.0:seed4:frame18,10.0,18,ofdm_fec,awgn,0.0,32.0,1632,16.989583333333332,18.025104166666665,0.9933333333333333,9536,3248,21,21,21,4,622,false,false,4,16
red4:lane3:snr10.0:seed4:frame19,10.0,19,ofdm_fec,awgn,0.0,32.0,1726,17.96875,19.004270833333333,0.9933333333333333,9536,3248,22,22,22,4,684,false,false,4,16
red4:lane3:snr10.0:seed4:frame20,10.0,20,ofdm_fec,awgn,0.0,32.0,1821,18.958333333333332,19.993854166666665,0.9933333333333333,9536,3248,23,23,23,4,528,false,false,4,16
red4:lane3:snr10.0:seed4:frame21,10.0,21,ofdm_fec,awgn,0.0,32.0,1921,20.0,21.035520833333333,0.9933333333333333,9536,3248,24,24,24,4,511,false,false,4,16
red4:lane3:snr10.0:seed4:frame22,10.0,22,ofdm_fec,awgn,0.0,32.0,2016,20.989583333333332,22.025104166666665,0.9933333333333333,9536,3248,25,25,25,4,610,false,false,4,16
red4:lane3:snr10.0:seed4:frame23,10.0,23,ofdm_fec,awgn,0.0,32.0,2110,21.96875,23.004270833333333,0.9933333333333333,9536,3248,26,26,26,4,489,false,false,4,16
red4:lane3:snr10.0:seed4:frame24,10.0,24,ofdm_fec,awgn,0.0,32.0,2205,22.958333333333332,23.993854166666665,0.9933333333333333,9536,3248,27,27,27,4,523,false,false,4,16
red4:lane3:snr10.0:seed4:frame25,10.0,25,ofdm_fec,awgn,0.0,32.0,2305,24.0,25.035520833333333,0.9933333333333333,9536,3248,28,28,28,4,626,false,false,4,16
red4:lane3:snr10.0:seed4:frame26,10.0,26,ofdm_fec,awgn,0.0,32.0,2400,24.989583333333332,26.025104166666665,0.9933333333333333,9536,3248,29,29,29,4,673,false,false,4,16
red4:lane3:snr10.0:seed4:frame27,10.0,27,ofdm_fec,awgn,0.0,32.0,2494,25.96875,27.004270833333333,0.9933333333333333,9536,3248,30,30,30,4,670,false,false,4,16
red4:lane3:snr10.0:seed4:frame28,10.0,28,ofdm_fec,awgn,0.0,32.0,2589,26.958333333333332,27.993854166666665,0.9933333333333333,9536,3248,31,31,31,4,436,false,false,4,16
red4:lane3:snr10.0:seed4:frame29,10.0,29,ofdm_fec,awgn,0.0,32.0,2689,28.0,29.035520833333333,0.9933333333333333,9536,3248,32,32,32,4,480,false,false,4,16
red4:lane3:snr10.0:seed4:frame30,10.0,30,ofdm_fec,awgn,0.0,32.0,2784,28.989583333333332,30.025104166666665,0.9933333333333333,9536,3248,33,33,33,4,534,false,false,4,16
red4:lane3:snr10.0:seed4:frame31,10.0,31,ofdm_fec,awgn,0.0,32.0,2878,29.96875,31.004270833333333,0.9933333333333333,9536,3248,34,34,34,4,478,false,false,4,16
red4:lane3:snr10.0:seed4:frame32,10.0,32,ofdm_fec,awgn,0.0,32.0,2973,30.958333333333332,31.993854166666665,0.9933333333333333,9536,3248,35,35,35,4,497,false,false,4,16
red4:lane3:snr10.0:seed4:frame1,10.0,1,pfft,awgn,0.0,32.0,1,0.0,1.0355208333333332,0.9933333333333333,9536,3248,4,4,4,4,687,false,false,4,16
red4:lane3:snr10.0:seed4:frame2,10.0,2,pfft,awgn,0.0,32.0,96,0.9895833333333334,2.0251041666666665,0.9933333333333333,9536,3248,5,5,5,4,685,false,false,4,16
red4:lane3:snr10.0:seed4:frame3,10.0,3,pfft,awgn,0.0,32.0,190,1.96875,3.004270833333333,0.9933333333333333,9536,3248,6,6,6,4,726,false,false,4,16
red4:lane3:snr10.0:seed4:frame4,10.0,4,pfft,awgn,0.0,32.0,285,2.9583333333333335,3.993854166666667,0.9933333333333333,9536,3248,7,7,7,4,857,false,false,4,16
red4:lane3:snr10.0:seed4:frame5,10.0,5,pfft,awgn,0.0,32.0,385,4.0,5.035520833333333,0.9933333333333333,9536,3248,8,8,8,4,693,false,false,4,16
red4:lane3:snr10.0:seed4:frame6,10.0,6,pfft,awgn,0.0,32.0,480,4.989583333333333,6.025104166666666,0.9933333333333333,9536,3248,9,9,9,4,734,false,false,4,16
red4:lane3:snr10.0:seed4:frame7,10.0,7,pfft,awgn,0.0,32.0,574,5.96875,7.004270833333333,0.9933333333333333,9536,3248,10,10,10,4,803,false,false,4,16
red4:lane3:snr10.0:seed4:frame8,10.0,8,pfft,awgn,0.0,32.0,669,6.958333333333333,7.993854166666666,0.9933333333333333,9536,3248,11,11,11,4,656,false,false,4,16
red4:lane3:snr10.0:seed4:frame9,10.0,9,pfft,awgn,0.0,32.0,769,8.0,9.035520833333333,0.9933333333333333,9536,3248,12,12,12,4,682,false,false,4,16
red4:lane3:snr10.0:seed4:frame10,10.0,10,pfft,awgn,0.0,32.0,864,8.989583333333334,10.025104166666667,0.9933333333333333,9536,3248,13,13,13,4,636,false,false,4,16
red4:lane3:snr10.0:seed4:frame11,10.0,11,pfft,awgn,0.0,32.0,958,9.96875,11.004270833333333,0.9933333333333333,9536,3248,14,14,14,4,604,false,false,4,16
red4:lane3:snr10.0:seed4:frame12,10.0,12,pfft,awgn,0.0,32.0,1053,10.958333333333334,11.993854166666667,0.9933333333333333,9536,3248,15,15,15,4,671,false,false,4,16
red4:lane3:snr10.0:seed4:frame13,10.0,13,pfft,awgn,0.0,32.0,1153,12.0,13.035520833333333,0.9933333333333333,9536,3248,16,16,16,4,634,false,false,4,16
red4:lane3:snr10.0:seed4:frame14,10.0,14,pfft,awgn,0.0,32.0,1248,12.989583333333334,14.025104166666667,0.9933333333333333,9536,3248,17,17,17,4,735,false,false,4,16
red4:lane3:snr10.0:seed4:frame15,10.0,15,pfft,awgn,0.0,32.0,1342,13.96875,15.004270833333333,0.9933333333333333,9536,3248,18,18,18,4,661,false,false,4,16
red4:lane3:snr10.0:seed4:frame16,10.0,16,pfft,awgn,0.0,32.0,1437,14.958333333333334,15.993854166666667,0.9933333333333333,9536,3248,19,19,19,4,785,false,false,4,16
red4:lane3:snr10.0:seed4:frame17,10.0,17,pfft,awgn,0.0,32.0,1537,16.0,17.035520833333333,0.9933333333333333,9536,3248,20,20,20,4,644,false,false,4,16
red4:lane3:snr10.0:seed4:frame18,10.0,18,pfft,awgn,0.0,32.0,1632,16.989583333333332,18.025104166666665,0.9933333333333333,9536,3248,21,21,21,4,679,false,false,4,16
red4:lane3:snr10.0:seed4:frame19,10.0,19,pfft,awgn,0.0,32.0,1726,17.96875,19.004270833333333,0.9933333333333333,9536,3248,22,22,22,4,659,false,false,4,16
red4:lane3:snr10.0:seed4:frame20,10.0,20,pfft,awgn,0.0,32.0,1821,18.958333333333332,19.993854166666665,0.9933333333333333,9536,3248,23,23,23,4,660,false,false,4,16
red4:lane3:snr10.0:seed4:frame21,10.0,21,pfft,awgn,0.0,32.0,1921,20.0,21.035520833333333,0.9933333333333333,9536,3248,24,24,24,4,736,false,false,4,16
red4:lane3:snr10.0:seed4:frame22,10.0,22,pfft,awgn,0.0,32.0,2016,20.989583333333332,22.025104166666665,0.9933333333333333,9536,3248,25,25,25,4,597,false,false,4,16
red4:lane3:snr10.0:seed4:frame23,10.0,23,pfft,awgn,0.0,32.0,2110,21.96875,23.004270833333333,0.9933333333333333,9536,3248,26,26,26,4,662,false,false,4,16
red4:lane3:snr10.0:seed4:frame24,10.0,24,pfft,awgn,0.0,32.0,2205,22.958333333333332,23.993854166666665,0.9933333333333333,9536,3248,27,27,27,4,654,false,false,4,16
red4:lane3:snr10.0:seed4:frame25,10.0,25,pfft,awgn,0.0,32.0,2305,24.0,25.035520833333333,0.9933333333333333,9536,3248,28,28,28,4,783,false,false,4,16
red4:lane3:snr10.0:seed4:frame26,10.0,26,pfft,awgn,0.0,32.0,2400,24.989583333333332,26.025104166666665,0.9933333333333333,9536,3248,29,29,29,4,756,false,false,4,16
red4:lane3:snr10.0:seed4:frame27,10.0,27,pfft,awgn,0.0,32.0,2494,25.96875,27.004270833333333,0.9933333333333333,9536,3248,30,30,30,4,722,false,false,4,16
red4:lane3:snr10.0:seed4:frame28,10.0,28,pfft,awgn,0.0,32.0,2589,26.958333333333332,27.993854166666665,0.9933333333333333,9536,3248,31,31,31,4,626,false,false,4,16
red4:lane3:snr10.0:seed4:frame29,10.0,29,pfft,awgn,0.0,32.0,2689,28.0,29.035520833333333,0.9933333333333333,9536,3248,32,32,32,4,652,false,false,4,16
red4:lane3:snr10.0:seed4:frame30,10.0,30,pfft,awgn,0.0,32.0,2784,28.989583333333332,30.025104166666665,0.9933333333333333,9536,3248,33,33,33,4,620,false,false,4,16
red4:lane3:snr10.0:seed4:frame31,10.0,31,pfft,awgn,0.0,32.0,2878,29.96875,31.004270833333333,0.9933333333333333,9536,3248,34,34,34,4,729,false,false,4,16
red4:lane3:snr10.0:seed4:frame32,10.0,32,pfft,awgn,0.0,32.0,2973,30.958333333333332,31.993854166666665,0.9933333333333333,9536,3248,35,35,35,4,694,false,false,4,16
red4:lane3:snr10.0:seed4:frame1,10.0,1,profiled_cz,awgn,0.0,32.0,1,0.0,1.0355208333333332,0.9933333333333333,9536,3248,4,4,4,4,443,false,false,4,16
red4:lane3:snr10.0:seed4:frame2,10.0,2,profiled_cz,awgn,0.0,32.0,96,0.9895833333333334,2.0251041666666665,0.9933333333333333,9536,3248,5,5,5,4,576,false,false,4,16
red4:lane3:snr10.0:seed4:frame3,10.0,3,profiled_cz,awgn,0.0,32.0,190,1.96875,3.004270833333333,0.9933333333333333,9536,3248,6,6,6,4,466,false,false,4,16
red4:lane3:snr10.0:seed4:frame4,10.0,4,profiled_cz,awgn,0.0,32.0,285,2.9583333333333335,3.993854166666667,0.9933333333333333,9536,3248,7,7,7,4,684,false,false,4,16
red4:lane3:snr10.0:seed4:frame5,10.0,5,profiled_cz,awgn,0.0,32.0,385,4.0,5.035520833333333,0.9933333333333333,9536,3248,8,8,8,4,678,false,false,4,16
red4:lane3:snr10.0:seed4:frame6,10.0,6,profiled_cz,awgn,0.0,32.0,480,4.989583333333333,6.025104166666666,0.9933333333333333,9536,3248,9,9,9,4,537,false,false,4,16
red4:lane3:snr10.0:seed4:frame7,10.0,7,profiled_cz,awgn,0.0,32.0,574,5.96875,7.004270833333333,0.9933333333333333,9536,3248,10,10,10,4,733,false,false,4,16
red4:lane3:snr10.0:seed4:frame8,10.0,8,profiled_cz,awgn,0.0,32.0,669,6.958333333333333,7.993854166666666,0.9933333333333333,9536,3248,11,11,11,4,577,false,false,4,16
red4:lane3:snr10.0:seed4:frame9,10.0,9,profiled_cz,awgn,0.0,32.0,769,8.0,9.035520833333333,0.9933333333333333,9536,3248,12,12,12,4,687,false,false,4,16
red4:lane3:snr10.0:seed4:frame10,10.0,10,profiled_cz,awgn,0.0,32.0,864,8.989583333333334,10.025104166666667,0.9933333333333333,9536,3248,13,13,13,4,707,false,false,4,16
red4:lane3:snr10.0:seed4:frame11,10.0,11,profiled_cz,awgn,0.0,32.0,958,9.96875,11.004270833333333,0.9933333333333333,9536,3248,14,14,14,4,652,false,false,4,16
red4:lane3:snr10.0:seed4:frame12,10.0,12,profiled_cz,awgn,0.0,32.0,1053,10.958333333333334,11.993854166666667,0.9933333333333333,9536,3248,15,15,15,4,508,false,false,4,16
red4:lane3:snr10.0:seed4:frame13,10.0,13,profiled_cz,awgn,0.0,32.0,1153,12.0,13.035520833333333,0.9933333333333333,9536,3248,16,16,16,4,496,false,false,4,16
red4:lane3:snr10.0:seed4:frame14,10.0,14,profiled_cz,awgn,0.0,32.0,1248,12.989583333333334,14.025104166666667,0.9933333333333333,9536,3248,17,17,17,4,562,false,false,4,16
red4:lane3:snr10.0:seed4:frame15,10.0,15,profiled_cz,awgn,0.0,32.0,1342,13.96875,15.004270833333333,0.9933333333333333,9536,3248,18,18,18,4,625,false,false,4,16
red4:lane3:snr10.0:seed4:frame16,10.0,16,profiled_cz,awgn,0.0,32.0,1437,14.958333333333334,15.993854166666667,0.9933333333333333,9536,3248,19,19,19,4,661,false,false,4,16
red4:lane3:snr10.0:seed4:frame17,10.0,17,profiled_cz,awgn,0.0,32.0,1537,16.0,17.035520833333333,0.9933333333333333,9536,3248,20,20,20,4,443,false,false,4,16
red4:lane3:snr10.0:seed4:frame18,10.0,18,profiled_cz,awgn,0.0,32.0,1632,16.989583333333332,18.025104166666665,0.9933333333333333,9536,3248,21,21,21,4,622,false,false,4,16
red4:lane3:snr10.0:seed4:frame19,10.0,19,profiled_cz,awgn,0.0,32.0,1726,17.96875,19.004270833333333,0.9933333333333333,9536,3248,22,22,22,4,684,false,false,4,16
red4:lane3:snr10.0:seed4:frame20,10.0,20,profiled_cz,awgn,0.0,32.0,1821,18.958333333333332,19.993854166666665,0.9933333333333333,9536,3248,23,23,23,4,528,false,false,4,16
red4:lane3:snr10.0:seed4:frame21,10.0,21,profiled_cz,awgn,0.0,32.0,1921,20.0,21.035520833333333,0.9933333333333333,9536,3248,24,24,24,4,511,false,false,4,16
red4:lane3:snr10.0:seed4:frame22,10.0,22,profiled_cz,awgn,0.0,32.0,2016,20.989583333333332,22.025104166666665,0.9933333333333333,9536,3248,25,25,25,4,610,false,false,4,16
red4:lane3:snr10.0:seed4:frame23,10.0,23,profiled_cz,awgn,0.0,32.0,2110,21.96875,23.004270833333333,0.9933333333333333,9536,3248,26,26,26,4,489,false,false,4,16
red4:lane3:snr10.0:seed4:frame24,10.0,24,profiled_cz,awgn,0.0,32.0,2205,22.958333333333332,23.993854166666665,0.9933333333333333,9536,3248,27,27,27,4,523,false,false,4,16
red4:lane3:snr10.0:seed4:frame25,10.0,25,profiled_cz,awgn,0.0,32.0,2305,24.0,25.035520833333333,0.9933333333333333,9536,3248,28,28,28,4,626,false,false,4,16
red4:lane3:snr10.0:seed4:frame26,10.0,26,profiled_cz,awgn,0.0,32.0,2400,24.989583333333332,26.025104166666665,0.9933333333333333,9536,3248,29,29,29,4,673,false,false,4,16
red4:lane3:snr10.0:seed4:frame27,10.0,27,profiled_cz,awgn,0.0,32.0,2494,25.96875,27.004270833333333,0.9933333333333333,9536,3248,30,30,30,4,670,false,false,4,16
red4:lane3:snr10.0:seed4:frame28,10.0,28,profiled_cz,awgn,0.0,32.0,2589,26.958333333333332,27.993854166666665,0.9933333333333333,9536,3248,31,31,31,4,436,false,false,4,16
red4:lane3:snr10.0:seed4:frame29,10.0,29,profiled_cz,awgn,0.0,32.0,2689,28.0,29.035520833333333,0.9933333333333333,9536,3248,32,32,32,4,480,false,false,4,16
red4:lane3:snr10.0:seed4:frame30,10.0,30,profiled_cz,awgn,0.0,32.0,2784,28.989583333333332,30.025104166666665,0.9933333333333333,9536,3248,33,33,33,4,534,false,false,4,16
red4:lane3:snr10.0:seed4:frame31,10.0,31,profiled_cz,awgn,0.0,32.0,2878,29.96875,31.004270833333333,0.9933333333333333,9536,3248,34,34,34,4,478,false,false,4,16
red4:lane3:snr10.0:seed4:frame32,10.0,32,profiled_cz,awgn,0.0,32.0,2973,30.958333333333332,31.993854166666665,0.9933333333333333,9536,3248,35,35,35,4,497,false,false,4,16
red4:lane3:snr12.0:seed4:frame1,12.0,1,cwz_joint,awgn,0.0,32.0,1,0.0,1.0355208333333332,0.9933333333333333,9536,3248,4,4,4,4,356,false,false,4,16
red4:lane3:snr12.0:seed4:frame2,12.0,2,cwz_joint,awgn,0.0,32.0,96,0.9895833333333334,2.0251041666666665,0.9933333333333333,9536,3248,5,5,5,4,318,false,false,4,16
red4:lane3:snr12.0:seed4:frame3,12.0,3,cwz_joint,awgn,0.0,32.0,190,1.96875,3.004270833333333,0.9933333333333333,9536,3248,6,6,6,4,389,false,false,4,16
red4:lane3:snr12.0:seed4:frame4,12.0,4,cwz_joint,awgn,0.0,32.0,285,2.9583333333333335,3.993854166666667,0.9933333333333333,9536,3248,7,7,7,4,580,false,false,4,16
red4:lane3:snr12.0:seed4:frame5,12.0,5,cwz_joint,awgn,0.0,32.0,385,4.0,5.035520833333333,0.9933333333333333,9536,3248,8,8,8,4,610,false,false,4,16
red4:lane3:snr12.0:seed4:frame6,12.0,6,cwz_joint,awgn,0.0,32.0,480,4.989583333333333,6.025104166666666,0.9933333333333333,9536,3248,9,9,9,4,491,false,false,4,16
red4:lane3:snr12.0:seed4:frame7,12.0,7,cwz_joint,awgn,0.0,32.0,574,5.96875,7.004270833333333,0.9933333333333333,9536,3248,10,10,10,4,699,false,false,4,16
red4:lane3:snr12.0:seed4:frame8,12.0,8,cwz_joint,awgn,0.0,32.0,669,6.958333333333333,7.993854166666666,0.9933333333333333,9536,3248,11,11,11,4,499,false,false,4,16
red4:lane3:snr12.0:seed4:frame9,12.0,9,cwz_joint,awgn,0.0,32.0,769,8.0,9.035520833333333,0.9933333333333333,9536,3248,12,12,12,4,613,false,false,4,16
red4:lane3:snr12.0:seed4:frame10,12.0,10,cwz_joint,awgn,0.0,32.0,864,8.989583333333334,10.025104166666667,0.9933333333333333,9536,3248,13,13,13,4,648,false,false,4,16
red4:lane3:snr12.0:seed4:frame11,12.0,11,cwz_joint,awgn,0.0,32.0,958,9.96875,11.004270833333333,0.9933333333333333,9536,3248,14,14,14,4,576,false,false,4,16
red4:lane3:snr12.0:seed4:frame12,12.0,12,cwz_joint,awgn,0.0,32.0,1053,10.958333333333334,11.993854166666667,0.9933333333333333,9536,3248,15,15,15,4,463,false,false,4,16
red4:lane3:snr12.0:seed4:frame13,12.0,13,cwz_joint,awgn,0.0,32.0,1153,12.0,13.035520833333333,0.9933333333333333,9536,3248,16,16,16,4,378,false,false,4,16
red4:lane3:snr12.0:seed4:frame14,12.0,14,cwz_joint,awgn,0.0,32.0,1248,12.989583333333334,14.025104166666667,0.9933333333333333,9536,3248,17,17,17,4,426,false,false,4,16
red4:lane3:snr12.0:seed4:frame15,12.0,15,cwz_joint,awgn,0.0,32.0,1342,13.96875,15.004270833333333,0.9933333333333333,9536,3248,18,18,18,4,581,false,false,4,16
red4:lane3:snr12.0:seed4:frame16,12.0,16,cwz_joint,awgn,0.0,32.0,1437,14.958333333333334,15.993854166666667,0.9933333333333333,9536,3248,19,19,19,4,613,false,false,4,16
red4:lane3:snr12.0:seed4:frame17,12.0,17,cwz_joint,awgn,0.0,32.0,1537,16.0,17.035520833333333,0.9933333333333333,9536,3248,20,20,20,4,408,false,false,4,16
red4:lane3:snr12.0:seed4:frame18,12.0,18,cwz_joint,awgn,0.0,32.0,1632,16.989583333333332,18.025104166666665,0.9933333333333333,9536,3248,21,21,21,4,527,false,false,4,16
red4:lane3:snr12.0:seed4:frame19,12.0,19,cwz_joint,awgn,0.0,32.0,1726,17.96875,19.004270833333333,0.9933333333333333,9536,3248,22,22,22,4,631,false,false,4,16
red4:lane3:snr12.0:seed4:frame20,12.0,20,cwz_joint,awgn,0.0,32.0,1821,18.958333333333332,19.993854166666665,0.9933333333333333,9536,3248,23,23,23,4,465,false,false,4,16
red4:lane3:snr12.0:seed4:frame21,12.0,21,cwz_joint,awgn,0.0,32.0,1921,20.0,21.035520833333333,0.9933333333333333,9536,3248,24,24,24,4,427,false,false,4,16
red4:lane3:snr12.0:seed4:frame22,12.0,22,cwz_joint,awgn,0.0,32.0,2016,20.989583333333332,22.025104166666665,0.9933333333333333,9536,3248,25,25,25,4,559,false,false,4,16
red4:lane3:snr12.0:seed4:frame23,12.0,23,cwz_joint,awgn,0.0,32.0,2110,21.96875,23.004270833333333,0.9933333333333333,9536,3248,26,26,26,4,441,false,false,4,16
red4:lane3:snr12.0:seed4:frame24,12.0,24,cwz_joint,awgn,0.0,32.0,2205,22.958333333333332,23.993854166666665,0.9933333333333333,9536,3248,27,27,27,4,403,false,false,4,16
red4:lane3:snr12.0:seed4:frame25,12.0,25,cwz_joint,awgn,0.0,32.0,2305,24.0,25.035520833333333,0.9933333333333333,9536,3248,28,28,28,4,542,false,false,4,16
red4:lane3:snr12.0:seed4:frame26,12.0,26,cwz_joint,awgn,0.0,32.0,2400,24.989583333333332,26.025104166666665,0.9933333333333333,9536,3248,29,29,29,4,585,false,false,4,16
red4:lane3:snr12.0:seed4:frame27,12.0,27,cwz_joint,awgn,0.0,32.0,2494,25.96875,27.004270833333333,0.9933333333333333,9536,3248,30,30,30,4,625,false,false,4,16
red4:lane3:snr12.0:seed4:frame28,12.0,28,cwz_joint,awgn,0.0,32.0,2589,26.958333333333332,27.993854166666665,0.9933333333333333,9536,3248,31,31,31,4,356,false,false,4,16
red4:lane3:snr12.0:seed4:frame29,12.0,29,cwz_joint,awgn,0.0,32.0,2689,28.0,29.035520833333333,0.9933333333333333,9536,3248,32,32,32,4,400,false,false,4,16
red4:lane3:snr12.0:seed4:frame30,12.0,30,cwz_joint,awgn,0.0,32.0,2784,28.989583333333332,30.025104166666665,0.9933333333333333,9536,3248,33,33,33,4,492,false,false,4,16
red4:lane3:snr12.0:seed4:frame31,12.0,31,cwz_joint,awgn,0.0,32.0,2878,29.96875,31.004270833333333,0.9933333333333333,9536,3248,34,34,34,4,450,false,false,4,16
red4:lane3:snr12.0:seed4:frame32,12.0,32,cwz_joint,awgn,0.0,32.0,2973,30.958333333333332,31.993854166666665,0.9933333333333333,9536,3248,35,35,35,4,448,false,false,4,16
red4:lane3:snr12.0:seed4:frame1,12.0,1,lite,awgn,0.0,32.0,1,0.0,1.0355208333333332,0.9933333333333333,9536,3248,4,4,4,4,547,false,false,4,16
red4:lane3:snr12.0:seed4:frame2,12.0,2,lite,awgn,0.0,32.0,96,0.9895833333333334,2.0251041666666665,0.9933333333333333,9536,3248,5,5,5,4,467,false,false,4,16
red4:lane3:snr12.0:seed4:frame3,12.0,3,lite,awgn,0.0,32.0,190,1.96875,3.004270833333333,0.9933333333333333,9536,3248,6,6,6,4,623,false,false,4,16
red4:lane3:snr12.0:seed4:frame4,12.0,4,lite,awgn,0.0,32.0,285,2.9583333333333335,3.993854166666667,0.9933333333333333,9536,3248,7,7,7,4,725,false,false,4,16
red4:lane3:snr12.0:seed4:frame5,12.0,5,lite,awgn,0.0,32.0,385,4.0,5.035520833333333,0.9933333333333333,9536,3248,8,8,8,4,636,false,false,4,16
red4:lane3:snr12.0:seed4:frame6,12.0,6,lite,awgn,0.0,32.0,480,4.989583333333333,6.025104166666666,0.9933333333333333,9536,3248,9,9,9,4,629,false,false,4,16
red4:lane3:snr12.0:seed4:frame7,12.0,7,lite,awgn,0.0,32.0,574,5.96875,7.004270833333333,0.9933333333333333,9536,3248,10,10,10,4,634,false,false,4,16
red4:lane3:snr12.0:seed4:frame8,12.0,8,lite,awgn,0.0,32.0,669,6.958333333333333,7.993854166666666,0.9933333333333333,9536,3248,11,11,11,4,544,false,false,4,16
red4:lane3:snr12.0:seed4:frame9,12.0,9,lite,awgn,0.0,32.0,769,8.0,9.035520833333333,0.9933333333333333,9536,3248,12,12,12,4,580,false,false,4,16
red4:lane3:snr12.0:seed4:frame10,12.0,10,lite,awgn,0.0,32.0,864,8.989583333333334,10.025104166666667,0.9933333333333333,9536,3248,13,13,13,4,588,false,false,4,16
red4:lane3:snr12.0:seed4:frame11,12.0,11,lite,awgn,0.0,32.0,958,9.96875,11.004270833333333,0.9933333333333333,9536,3248,14,14,14,4,529,false,false,4,16
red4:lane3:snr12.0:seed4:frame12,12.0,12,lite,awgn,0.0,32.0,1053,10.958333333333334,11.993854166666667,0.9933333333333333,9536,3248,15,15,15,4,681,false,false,4,16
red4:lane3:snr12.0:seed4:frame13,12.0,13,lite,awgn,0.0,32.0,1153,12.0,13.035520833333333,0.9933333333333333,9536,3248,16,16,16,4,508,false,false,4,16
red4:lane3:snr12.0:seed4:frame14,12.0,14,lite,awgn,0.0,32.0,1248,12.989583333333334,14.025104166666667,0.9933333333333333,9536,3248,17,17,17,4,589,false,false,4,16
red4:lane3:snr12.0:seed4:frame15,12.0,15,lite,awgn,0.0,32.0,1342,13.96875,15.004270833333333,0.9933333333333333,9536,3248,18,18,18,4,592,false,false,4,16
red4:lane3:snr12.0:seed4:frame16,12.0,16,lite,awgn,0.0,32.0,1437,14.958333333333334,15.993854166666667,0.9933333333333333,9536,3248,19,19,19,4,673,false,false,4,16
red4:lane3:snr12.0:seed4:frame17,12.0,17,lite,awgn,0.0,32.0,1537,16.0,17.035520833333333,0.9933333333333333,9536,3248,20,20,20,4,527,false,false,4,16
red4:lane3:snr12.0:seed4:frame18,12.0,18,lite,awgn,0.0,32.0,1632,16.989583333333332,18.025104166666665,0.9933333333333333,9536,3248,21,21,21,4,597,false,false,4,16
red4:lane3:snr12.0:seed4:frame19,12.0,19,lite,awgn,0.0,32.0,1726,17.96875,19.004270833333333,0.9933333333333333,9536,3248,22,22,22,4,663,false,false,4,16
red4:lane3:snr12.0:seed4:frame20,12.0,20,lite,awgn,0.0,32.0,1821,18.958333333333332,19.993854166666665,0.9933333333333333,9536,3248,23,23,23,4,505,false,false,4,16
red4:lane3:snr12.0:seed4:frame21,12.0,21,lite,awgn,0.0,32.0,1921,20.0,21.035520833333333,0.9933333333333333,9536,3248,24,24,24,4,535,false,false,4,16
red4:lane3:snr12.0:seed4:frame22,12.0,22,lite,awgn,0.0,32.0,2016,20.989583333333332,22.025104166666665,0.9933333333333333,9536,3248,25,25,25,4,558,false,false,4,16
red4:lane3:snr12.0:seed4:frame23,12.0,23,lite,awgn,0.0,32.0,2110,21.96875,23.004270833333333,0.9933333333333333,9536,3248,26,26,26,4,543,false,false,4,16
red4:lane3:snr12.0:seed4:frame24,12.0,24,lite,awgn,0.0,32.0,2205,22.958333333333332,23.993854166666665,0.9933333333333333,9536,3248,27,27,27,4,518,false,false,4,16
red4:lane3:snr12.0:seed4:frame25,12.0,25,lite,awgn,0.0,32.0,2305,24.0,25.035520833333333,0.9933333333333333,9536,3248,28,28,28,4,610,false,false,4,16
red4:lane3:snr12.0:seed4:frame26,12.0,26,lite,awgn,0.0,32.0,2400,24.989583333333332,26.025104166666665,0.9933333333333333,9536,3248,29,29,29,4,652,false,false,4,16
red4:lane3:snr12.0:seed4:frame27,12.0,27,lite,awgn,0.0,32.0,2494,25.96875,27.004270833333333,0.9933333333333333,9536,3248,30,30,30,4,590,false,false,4,16
red4:lane3:snr12.0:seed4:frame28,12.0,28,lite,awgn,0.0,32.0,2589,26.958333333333332,27.993854166666665,0.9933333333333333,9536,3248,31,31,31,4,569,false,false,4,16
red4:lane3:snr12.0:seed4:frame29,12.0,29,lite,awgn,0.0,32.0,2689,28.0,29.035520833333333,0.9933333333333333,9536,3248,32,32,32,4,601,false,false,4,16
red4:lane3:snr12.0:seed4:frame30,12.0,30,lite,awgn,0.0,32.0,2784,28.989583333333332,30.025104166666665,0.9933333333333333,9536,3248,33,33,33,4,570,false,false,4,16
red4:lane3:snr12.0:seed4:frame31,12.0,31,lite,awgn,0.0,32.0,2878,29.96875,31.004270833333333,0.9933333333333333,9536,3248,34,34,34,4,653,false,false,4,16
red4:lane3:snr12.0:seed4:frame32,12.0,32,lite,awgn,0.0,32.0,2973,30.958333333333332,31.993854166666665,0.9933333333333333,9536,3248,35,35,35,4,623,false,false,4,16
red4:lane3:snr12.0:seed4:frame1,12.0,1,ofdm_fec,awgn,0.0,32.0,1,0.0,1.0355208333333332,0.9933333333333333,9536,3248,4,4,4,4,356,false,false,4,16
red4:lane3:snr12.0:seed4:frame2,12.0,2,ofdm_fec,awgn,0.0,32.0,96,0.9895833333333334,2.0251041666666665,0.9933333333333333,9536,3248,5,5,5,4,318,false,false,4,16
red4:lane3:snr12.0:seed4:frame3,12.0,3,ofdm_fec,awgn,0.0,32.0,190,1.96875,3.004270833333333,0.9933333333333333,9536,3248,6,6,6,4,389,false,false,4,16
red4:lane3:snr12.0:seed4:frame4,12.0,4,ofdm_fec,awgn,0.0,32.0,285,2.9583333333333335,3.993854166666667,0.9933333333333333,9536,3248,7,7,7,4,580,false,false,4,16
red4:lane3:snr12.0:seed4:frame5,12.0,5,ofdm_fec,awgn,0.0,32.0,385,4.0,5.035520833333333,0.9933333333333333,9536,3248,8,8,8,4,610,false,false,4,16
red4:lane3:snr12.0:seed4:frame6,12.0,6,ofdm_fec,awgn,0.0,32.0,480,4.989583333333333,6.025104166666666,0.9933333333333333,9536,3248,9,9,9,4,491,false,false,4,16
red4:lane3:snr12.0:seed4:frame7,12.0,7,ofdm_fec,awgn,0.0,32.0,574,5.96875,7.004270833333333,0.9933333333333333,9536,3248,10,10,10,4,699,false,false,4,16
red4:lane3:snr12.0:seed4:frame8,12.0,8,ofdm_fec,awgn,0.0,32.0,669,6.958333333333333,7.993854166666666,0.9933333333333333,9536,3248,11,11,11,4,499,false,false,4,16
red4:lane3:snr12.0:seed4:frame9,12.0,9,ofdm_fec,awgn,0.0,32.0,769,8.0,9.035520833333333,0.9933333333333333,9536,3248,12,12,12,4,613,false,false,4,16
red4:lane3:snr12.0:seed4:frame10,12.0,10,ofdm_fec,awgn,0.0,32.0,864,8.989583333333334,10.025104166666667,0.9933333333333333,9536,3248,13,13,13,4,648,false,false,4,16
red4:lane3:snr12.0:seed4:frame11,12.0,11,ofdm_fec,awgn,0.0,32.0,958,9.96875,11.004270833333333,0.9933333333333333,9536,3248,14,14,14,4,576,false,false,4,16
red4:lane3:snr12.0:seed4:frame12,12.0,12,ofdm_fec,awgn,0.0,32.0,1053,10.958333333333334,11.993854166666667,0.9933333333333333,9536,3248,15,15,15,4,463,false,false,4,16
red4:lane3:snr12.0:seed4:frame13,12.0,13,ofdm_fec,awgn,0.0,32.0,1153,12.0,13.035520833333333,0.9933333333333333,9536,3248,16,16,16,4,378,false,false,4,16
red4:lane3:snr12.0:seed4:frame14,12.0,14,ofdm_fec,awgn,0.0,32.0,1248,12.989583333333334,14.025104166666667,0.9933333333333333,9536,3248,17,17,17,4,426,false,false,4,16
red4:lane3:snr12.0:seed4:frame15,12.0,15,ofdm_fec,awgn,0.0,32.0,1342,13.96875,15.004270833333333,0.9933333333333333,9536,3248,18,18,18,4,581,false,false,4,16
red4:lane3:snr12.0:seed4:frame16,12.0,16,ofdm_fec,awgn,0.0,32.0,1437,14.958333333333334,15.993854166666667,0.9933333333333333,9536,3248,19,19,19,4,613,false,false,4,16
red4:lane3:snr12.0:seed4:frame17,12.0,17,ofdm_fec,awgn,0.0,32.0,1537,16.0,17.035520833333333,0.9933333333333333,9536,3248,20,20,20,4,408,false,false,4,16
red4:lane3:snr12.0:seed4:frame18,12.0,18,ofdm_fec,awgn,0.0,32.0,1632,16.989583333333332,18.025104166666665,0.9933333333333333,9536,3248,21,21,21,4,527,false,false,4,16
red4:lane3:snr12.0:seed4:frame19,12.0,19,ofdm_fec,awgn,0.0,32.0,1726,17.96875,19.004270833333333,0.9933333333333333,9536,3248,22,22,22,4,631,false,false,4,16
red4:lane3:snr12.0:seed4:frame20,12.0,20,ofdm_fec,awgn,0.0,32.0,1821,18.958333333333332,19.993854166666665,0.9933333333333333,9536,3248,23,23,23,4,465,false,false,4,16
red4:lane3:snr12.0:seed4:frame21,12.0,21,ofdm_fec,awgn,0.0,32.0,1921,20.0,21.035520833333333,0.9933333333333333,9536,3248,24,24,24,4,427,false,false,4,16
red4:lane3:snr12.0:seed4:frame22,12.0,22,ofdm_fec,awgn,0.0,32.0,2016,20.989583333333332,22.025104166666665,0.9933333333333333,9536,3248,25,25,25,4,559,false,false,4,16
red4:lane3:snr12.0:seed4:frame23,12.0,23,ofdm_fec,awgn,0.0,32.0,2110,21.96875,23.004270833333333,0.9933333333333333,9536,3248,26,26,26,4,441,false,false,4,16
red4:lane3:snr12.0:seed4:frame24,12.0,24,ofdm_fec,awgn,0.0,32.0,2205,22.958333333333332,23.993854166666665,0.9933333333333333,9536,3248,27,27,27,4,403,false,false,4,16
red4:lane3:snr12.0:seed4:frame25,12.0,25,ofdm_fec,awgn,0.0,32.0,2305,24.0,25.035520833333333,0.9933333333333333,9536,3248,28,28,28,4,542,false,false,4,16
red4:lane3:snr12.0:seed4:frame26,12.0,26,ofdm_fec,awgn,0.0,32.0,2400,24.989583333333332,26.025104166666665,0.9933333333333333,9536,3248,29,29,29,4,585,false,false,4,16
red4:lane3:snr12.0:seed4:frame27,12.0,27,ofdm_fec,awgn,0.0,32.0,2494,25.96875,27.004270833333333,0.9933333333333333,9536,3248,30,30,30,4,625,false,false,4,16
red4:lane3:snr12.0:seed4:frame28,12.0,28,ofdm_fec,awgn,0.0,32.0,2589,26.958333333333332,27.993854166666665,0.9933333333333333,9536,3248,31,31,31,4,356,false,false,4,16
red4:lane3:snr12.0:seed4:frame29,12.0,29,ofdm_fec,awgn,0.0,32.0,2689,28.0,29.035520833333333,0.9933333333333333,9536,3248,32,32,32,4,400,false,false,4,16
red4:lane3:snr12.0:seed4:frame30,12.0,30,ofdm_fec,awgn,0.0,32.0,2784,28.989583333333332,30.025104166666665,0.9933333333333333,9536,3248,33,33,33,4,492,false,false,4,16
red4:lane3:snr12.0:seed4:frame31,12.0,31,ofdm_fec,awgn,0.0,32.0,2878,29.96875,31.004270833333333,0.9933333333333333,9536,3248,34,34,34,4,450,false,false,4,16
red4:lane3:snr12.0:seed4:frame32,12.0,32,ofdm_fec,awgn,0.0,32.0,2973,30.958333333333332,31.993854166666665,0.9933333333333333,9536,3248,35,35,35,4,448,false,false,4,16
red4:lane3:snr12.0:seed4:frame1,12.0,1,pfft,awgn,0.0,32.0,1,0.0,1.0355208333333332,0.9933333333333333,9536,3248,4,4,4,4,630,false,false,4,16
red4:lane3:snr12.0:seed4:frame2,12.0,2,pfft,awgn,0.0,32.0,96,0.9895833333333334,2.0251041666666665,0.9933333333333333,9536,3248,5,5,5,4,670,false,false,4,16
red4:lane3:snr12.0:seed4:frame3,12.0,3,pfft,awgn,0.0,32.0,190,1.96875,3.004270833333333,0.9933333333333333,9536,3248,6,6,6,4,638,false,false,4,16
red4:lane3:snr12.0:seed4:frame4,12.0,4,pfft,awgn,0.0,32.0,285,2.9583333333333335,3.993854166666667,0.9933333333333333,9536,3248,7,7,7,4,807,false,false,4,16
red4:lane3:snr12.0:seed4:frame5,12.0,5,pfft,awgn,0.0,32.0,385,4.0,5.035520833333333,0.9933333333333333,9536,3248,8,8,8,4,684,false,false,4,16
red4:lane3:snr12.0:seed4:frame6,12.0,6,pfft,awgn,0.0,32.0,480,4.989583333333333,6.025104166666666,0.9933333333333333,9536,3248,9,9,9,4,629,false,false,4,16
red4:lane3:snr12.0:seed4:frame7,12.0,7,pfft,awgn,0.0,32.0,574,5.96875,7.004270833333333,0.9933333333333333,9536,3248,10,10,10,4,713,false,false,4,16
red4:lane3:snr12.0:seed4:frame8,12.0,8,pfft,awgn,0.0,32.0,669,6.958333333333333,7.993854166666666,0.9933333333333333,9536,3248,11,11,11,4,596,false,false,4,16
red4:lane3:snr12.0:seed4:frame9,12.0,9,pfft,awgn,0.0,32.0,769,8.0,9.035520833333333,0.9933333333333333,9536,3248,12,12,12,4,593,false,false,4,16
red4:lane3:snr12.0:seed4:frame10,12.0,10,pfft,awgn,0.0,32.0,864,8.989583333333334,10.025104166666667,0.9933333333333333,9536,3248,13,13,13,4,571,false,false,4,16
red4:lane3:snr12.0:seed4:frame11,12.0,11,pfft,awgn,0.0,32.0,958,9.96875,11.004270833333333,0.9933333333333333,9536,3248,14,14,14,4,553,false,false,4,16
red4:lane3:snr12.0:seed4:frame12,12.0,12,pfft,awgn,0.0,32.0,1053,10.958333333333334,11.993854166666667,0.9933333333333333,9536,3248,15,15,15,4,681,false,false,4,16
red4:lane3:snr12.0:seed4:frame13,12.0,13,pfft,awgn,0.0,32.0,1153,12.0,13.035520833333333,0.9933333333333333,9536,3248,16,16,16,4,571,false,false,4,16
red4:lane3:snr12.0:seed4:frame14,12.0,14,pfft,awgn,0.0,32.0,1248,12.989583333333334,14.025104166666667,0.9933333333333333,9536,3248,17,17,17,4,639,false,false,4,16
red4:lane3:snr12.0:seed4:frame15,12.0,15,pfft,awgn,0.0,32.0,1342,13.96875,15.004270833333333,0.9933333333333333,9536,3248,18,18,18,4,602,false,false,4,16
red4:lane3:snr12.0:seed4:frame16,12.0,16,pfft,awgn,0.0,32.0,1437,14.958333333333334,15.993854166666667,0.9933333333333333,9536,3248,19,19,19,4,721,false,false,4,16
red4:lane3:snr12.0:seed4:frame17,12.0,17,pfft,awgn,0.0,32.0,1537,16.0,17.035520833333333,0.9933333333333333,9536,3248,20,20,20,4,583,false,false,4,16
red4:lane3:snr12.0:seed4:frame18,12.0,18,pfft,awgn,0.0,32.0,1632,16.989583333333332,18.025104166666665,0.9933333333333333,9536,3248,21,21,21,4,597,false,false,4,16
red4:lane3:snr12.0:seed4:frame19,12.0,19,pfft,awgn,0.0,32.0,1726,17.96875,19.004270833333333,0.9933333333333333,9536,3248,22,22,22,4,663,false,false,4,16
red4:lane3:snr12.0:seed4:frame20,12.0,20,pfft,awgn,0.0,32.0,1821,18.958333333333332,19.993854166666665,0.9933333333333333,9536,3248,23,23,23,4,557,false,false,4,16
red4:lane3:snr12.0:seed4:frame21,12.0,21,pfft,awgn,0.0,32.0,1921,20.0,21.035520833333333,0.9933333333333333,9536,3248,24,24,24,4,669,false,false,4,16
red4:lane3:snr12.0:seed4:frame22,12.0,22,pfft,awgn,0.0,32.0,2016,20.989583333333332,22.025104166666665,0.9933333333333333,9536,3248,25,25,25,4,524,false,false,4,16
red4:lane3:snr12.0:seed4:frame23,12.0,23,pfft,awgn,0.0,32.0,2110,21.96875,23.004270833333333,0.9933333333333333,9536,3248,26,26,26,4,583,false,false,4,16
red4:lane3:snr12.0:seed4:frame24,12.0,24,pfft,awgn,0.0,32.0,2205,22.958333333333332,23.993854166666665,0.9933333333333333,9536,3248,27,27,27,4,549,false,false,4,16
red4:lane3:snr12.0:seed4:frame25,12.0,25,pfft,awgn,0.0,32.0,2305,24.0,25.035520833333333,0.9933333333333333,9536,3248,28,28,28,4,697,false,false,4,16
red4:lane3:snr12.0:seed4:frame26,12.0,26,pfft,awgn,0.0,32.0,2400,24.989583333333332,26.025104166666665,0.9933333333333333,9536,3248,29,29,29,4,692,false,false,4,16
red4:lane3:snr12.0:seed4:frame27,12.0,27,pfft,awgn,0.0,32.0,2494,25.96875,27.004270833333333,0.9933333333333333,9536,3248,30,30,30,4,638,false,false,4,16
red4:lane3:snr12.0:seed4:frame28,12.0,28,pfft,awgn,0.0,32.0,2589,26.958333333333332,27.993854166666665,0.9933333333333333,9536,3248,31,31,31,4,569,false,false,4,16
red4:lane3:snr12.0:seed4:frame29,12.0,29,pfft,awgn,0.0,32.0,2689,28.0,29.035520833333333,0.9933333333333333,9536,3248,32,32,32,4,601,false,false,4,16
red4:lane3:snr12.0:seed4:frame30,12.0,30,pfft,awgn,0.0,32.0,2784,28.989583333333332,30.025104166666665,0.9933333333333333,9536,3248,33,33,33,4,570,false,false,4,16
red4:lane3:snr12.0:seed4:frame31,12.0,31,pfft,awgn,0.0,32.0,2878,29.96875,31.004270833333333,0.9933333333333333,9536,3248,34,34,34,4,653,false,false,4,16
red4:lane3:snr12.0:seed4:frame32,12.0,32,pfft,awgn,0.0,32.0,2973,30.958333333333332,31.993854166666665,0.9933333333333333,9536,3248,35,35,35,4,670,false,false,4,16
red4:lane3:snr12.0:seed4:frame1,12.0,1,profiled_cz,awgn,0.0,32.0,1,0.0,1.0355208333333332,0.9933333333333333,9536,3248,4,4,4,4,356,false,false,4,16
red4:lane3:snr12.0:seed4:frame2,12.0,2,profiled_cz,awgn,0.0,32.0,96,0.9895833333333334,2.0251041666666665,0.9933333333333333,9536,3248,5,5,5,4,318,false,false,4,16
red4:lane3:snr12.0:seed4:frame3,12.0,3,profiled_cz,awgn,0.0,32.0,190,1.96875,3.004270833333333,0.9933333333333333,9536,3248,6,6,6,4,389,false,false,4,16
red4:lane3:snr12.0:seed4:frame4,12.0,4,profiled_cz,awgn,0.0,32.0,285,2.9583333333333335,3.993854166666667,0.9933333333333333,9536,3248,7,7,7,4,580,false,false,4,16
red4:lane3:snr12.0:seed4:frame5,12.0,5,profiled_cz,awgn,0.0,32.0,385,4.0,5.035520833333333,0.9933333333333333,9536,3248,8,8,8,4,610,false,false,4,16
red4:lane3:snr12.0:seed4:frame6,12.0,6,profiled_cz,awgn,0.0,32.0,480,4.989583333333333,6.025104166666666,0.9933333333333333,9536,3248,9,9,9,4,491,false,false,4,16
red4:lane3:snr12.0:seed4:frame7,12.0,7,profiled_cz,awgn,0.0,32.0,574,5.96875,7.004270833333333,0.9933333333333333,9536,3248,10,10,10,4,699,false,false,4,16
red4:lane3:snr12.0:seed4:frame8,12.0,8,profiled_cz,awgn,0.0,32.0,669,6.958333333333333,7.993854166666666,0.9933333333333333,9536,3248,11,11,11,4,499,false,false,4,16
red4:lane3:snr12.0:seed4:frame9,12.0,9,profiled_cz,awgn,0.0,32.0,769,8.0,9.035520833333333,0.9933333333333333,9536,3248,12,12,12,4,613,false,false,4,16
red4:lane3:snr12.0:seed4:frame10,12.0,10,profiled_cz,awgn,0.0,32.0,864,8.989583333333334,10.025104166666667,0.9933333333333333,9536,3248,13,13,13,4,648,false,false,4,16
red4:lane3:snr12.0:seed4:frame11,12.0,11,profiled_cz,awgn,0.0,32.0,958,9.96875,11.004270833333333,0.9933333333333333,9536,3248,14,14,14,4,576,false,false,4,16
red4:lane3:snr12.0:seed4:frame12,12.0,12,profiled_cz,awgn,0.0,32.0,1053,10.958333333333334,11.993854166666667,0.9933333333333333,9536,3248,15,15,15,4,463,false,false,4,16
red4:lane3:snr12.0:seed4:frame13,12.0,13,profiled_cz,awgn,0.0,32.0,1153,12.0,13.035520833333333,0.9933333333333333,9536,3248,16,16,16,4,378,false,false,4,16
red4:lane3:snr12.0:seed4:frame14,12.0,14,profiled_cz,awgn,0.0,32.0,1248,12.989583333333334,14.025104166666667,0.9933333333333333,9536,3248,17,17,17,4,426,false,false,4,16
red4:lane3:snr12.0:seed4:frame15,12.0,15,profiled_cz,awgn,0.0,32.0,1342,13.96875,15.004270833333333,0.9933333333333333,9536,3248,18,18,18,4,581,false,false,4,16
red4:lane3:snr12.0:seed4:frame16,12.0,16,profiled_cz,awgn,0.0,32.0,1437,14.958333333333334,15.993854166666667,0.9933333333333333,9536,3248,19,19,19,4,613,false,false,4,16
red4:lane3:snr12.0:seed4:frame17,12.0,17,profiled_cz,awgn,0.0,32.0,1537,16.0,17.035520833333333,0.9933333333333333,9536,3248,20,20,20,4,408,false,false,4,16
red4:lane3:snr12.0:seed4:frame18,12.0,18,profiled_cz,awgn,0.0,32.0,1632,16.989583333333332,18.025104166666665,0.9933333333333333,9536,3248,21,21,21,4,527,false,false,4,16
red4:lane3:snr12.0:seed4:frame19,12.0,19,profiled_cz,awgn,0.0,32.0,1726,17.96875,19.004270833333333,0.9933333333333333,9536,3248,22,22,22,4,631,false,false,4,16
red4:lane3:snr12.0:seed4:frame20,12.0,20,profiled_cz,awgn,0.0,32.0,1821,18.958333333333332,19.993854166666665,0.9933333333333333,9536,3248,23,23,23,4,465,false,false,4,16
red4:lane3:snr12.0:seed4:frame21,12.0,21,profiled_cz,awgn,0.0,32.0,1921,20.0,21.035520833333333,0.9933333333333333,9536,3248,24,24,24,4,427,false,false,4,16
red4:lane3:snr12.0:seed4:frame22,12.0,22,profiled_cz,awgn,0.0,32.0,2016,20.989583333333332,22.025104166666665,0.9933333333333333,9536,3248,25,25,25,4,559,false,false,4,16
red4:lane3:snr12.0:seed4:frame23,12.0,23,profiled_cz,awgn,0.0,32.0,2110,21.96875,23.004270833333333,0.9933333333333333,9536,3248,26,26,26,4,441,false,false,4,16
red4:lane3:snr12.0:seed4:frame24,12.0,24,profiled_cz,awgn,0.0,32.0,2205,22.958333333333332,23.993854166666665,0.9933333333333333,9536,3248,27,27,27,4,403,false,false,4,16
red4:lane3:snr12.0:seed4:frame25,12.0,25,profiled_cz,awgn,0.0,32.0,2305,24.0,25.035520833333333,0.9933333333333333,9536,3248,28,28,28,4,542,false,false,4,16
red4:lane3:snr12.0:seed4:frame26,12.0,26,profiled_cz,awgn,0.0,32.0,2400,24.989583333333332,26.025104166666665,0.9933333333333333,9536,3248,29,29,29,4,585,false,false,4,16
red4:lane3:snr12.0:seed4:frame27,12.0,27,profiled_cz,awgn,0.0,32.0,2494,25.96875,27.004270833333333,0.9933333333333333,9536,3248,30,30,30,4,625,false,false,4,16
red4:lane3:snr12.0:seed4:frame28,12.0,28,profiled_cz,awgn,0.0,32.0,2589,26.958333333333332,27.993854166666665,0.9933333333333333,9536,3248,31,31,31,4,356,false,false,4,16
red4:lane3:snr12.0:seed4:frame29,12.0,29,profiled_cz,awgn,0.0,32.0,2689,28.0,29.035520833333333,0.9933333333333333,9536,3248,32,32,32,4,400,false,false,4,16
red4:lane3:snr12.0:seed4:frame30,12.0,30,profiled_cz,awgn,0.0,32.0,2784,28.989583333333332,30.025104166666665,0.9933333333333333,9536,3248,33,33,33,4,492,false,false,4,16
red4:lane3:snr12.0:seed4:frame31,12.0,31,profiled_cz,awgn,0.0,32.0,2878,29.96875,31.004270833333333,0.9933333333333333,9536,3248,34,34,34,4,450,false,false,4,16
red4:lane3:snr12.0:seed4:frame32,12.0,32,profiled_cz,awgn,0.0,32.0,2973,30.958333333333332,31.993854166666665,0.9933333333333333,9536,3248,35,35,35,4,448,false,false,4,16
red4:lane3:snr14.0:seed4:frame1,14.0,1,cwz_joint,awgn,0.0,32.0,1,0.0,1.0355208333333332,0.9933333333333333,9536,3248,4,4,4,4,0,true,false,4,16
red4:lane3:snr14.0:seed4:frame2,14.0,2,cwz_joint,awgn,0.0,32.0,96,0.9895833333333334,2.0251041666666665,0.9933333333333333,9536,3248,5,5,5,4,0,true,false,4,16
red4:lane3:snr14.0:seed4:frame3,14.0,3,cwz_joint,awgn,0.0,32.0,190,1.96875,3.004270833333333,0.9933333333333333,9536,3248,6,6,6,4,368,false,false,4,16
red4:lane3:snr14.0:seed4:frame4,14.0,4,cwz_joint,awgn,0.0,32.0,285,2.9583333333333335,3.993854166666667,0.9933333333333333,9536,3248,7,7,7,4,506,false,false,4,16
red4:lane3:snr14.0:seed4:frame5,14.0,5,cwz_joint,awgn,0.0,32.0,385,4.0,5.035520833333333,0.9933333333333333,9536,3248,8,8,8,4,540,false,false,4,16
red4:lane3:snr14.0:seed4:frame6,14.0,6,cwz_joint,awgn,0.0,32.0,480,4.989583333333333,6.025104166666666,0.9933333333333333,9536,3248,9,9,9,4,412,false,false,4,16
red4:lane3:snr14.0:seed4:frame7,14.0,7,cwz_joint,awgn,0.0,32.0,574,5.96875,7.004270833333333,0.9933333333333333,9536,3248,10,10,10,4,557,false,false,4,16
red4:lane3:snr14.0:seed4:frame8,14.0,8,cwz_joint,awgn,0.0,32.0,669,6.958333333333333,7.993854166666666,0.9933333333333333,9536,3248,11,11,11,4,435,false,false,4,16
red4:lane3:snr14.0:seed4:frame9,14.0,9,cwz_joint,awgn,0.0,32.0,769,8.0,9.035520833333333,0.9933333333333333,9536,3248,12,12,12,4,530,false,false,4,16
red4:lane3:snr14.0:seed4:frame10,14.0,10,cwz_joint,awgn,0.0,32.0,864,8.989583333333334,10.025104166666667,0.9933333333333333,9536,3248,13,13,13,4,562,false,false,4,16
red4:lane3:snr14.0:seed4:frame11,14.0,11,cwz_joint,awgn,0.0,32.0,958,9.96875,11.004270833333333,0.9933333333333333,9536,3248,14,14,14,4,504,false,false,4,16
red4:lane3:snr14.0:seed4:frame12,14.0,12,cwz_joint,awgn,0.0,32.0,1053,10.958333333333334,11.993854166666667,0.9933333333333333,9536,3248,15,15,15,4,424,false,false,4,16
red4:lane3:snr14.0:seed4:frame13,14.0,13,cwz_joint,awgn,0.0,32.0,1153,12.0,13.035520833333333,0.9933333333333333,9536,3248,16,16,16,4,0,true,false,4,16
red4:lane3:snr14.0:seed4:frame14,14.0,14,cwz_joint,awgn,0.0,32.0,1248,12.989583333333334,14.025104166666667,0.9933333333333333,9536,3248,17,17,17,4,392,false,false,4,16
red4:lane3:snr14.0:seed4:frame15,14.0,15,cwz_joint,awgn,0.0,32.0,1342,13.96875,15.004270833333333,0.9933333333333333,9536,3248,18,18,18,4,545,false,false,4,16
red4:lane3:snr14.0:seed4:frame16,14.0,16,cwz_joint,awgn,0.0,32.0,1437,14.958333333333334,15.993854166666667,0.9933333333333333,9536,3248,19,19,19,4,591,false,false,4,16
red4:lane3:snr14.0:seed4:frame17,14.0,17,cwz_joint,awgn,0.0,32.0,1537,16.0,17.035520833333333,0.9933333333333333,9536,3248,20,20,20,4,313,false,false,4,16
red4:lane3:snr14.0:seed4:frame18,14.0,18,cwz_joint,awgn,0.0,32.0,1632,16.989583333333332,18.025104166666665,0.9933333333333333,9536,3248,21,21,21,4,545,false,false,4,16
red4:lane3:snr14.0:seed4:frame19,14.0,19,cwz_joint,awgn,0.0,32.0,1726,17.96875,19.004270833333333,0.9933333333333333,9536,3248,22,22,22,4,585,false,false,4,16
red4:lane3:snr14.0:seed4:frame20,14.0,20,cwz_joint,awgn,0.0,32.0,1821,18.958333333333332,19.993854166666665,0.9933333333333333,9536,3248,23,23,23,4,330,false,false,4,16
red4:lane3:snr14.0:seed4:frame21,14.0,21,cwz_joint,awgn,0.0,32.0,1921,20.0,21.035520833333333,0.9933333333333333,9536,3248,24,24,24,4,317,false,false,4,16
red4:lane3:snr14.0:seed4:frame22,14.0,22,cwz_joint,awgn,0.0,32.0,2016,20.989583333333332,22.025104166666665,0.9933333333333333,9536,3248,25,25,25,4,492,false,false,4,16
red4:lane3:snr14.0:seed4:frame23,14.0,23,cwz_joint,awgn,0.0,32.0,2110,21.96875,23.004270833333333,0.9933333333333333,9536,3248,26,26,26,4,392,false,false,4,16
red4:lane3:snr14.0:seed4:frame24,14.0,24,cwz_joint,awgn,0.0,32.0,2205,22.958333333333332,23.993854166666665,0.9933333333333333,9536,3248,27,27,27,4,296,false,false,4,16
red4:lane3:snr14.0:seed4:frame25,14.0,25,cwz_joint,awgn,0.0,32.0,2305,24.0,25.035520833333333,0.9933333333333333,9536,3248,28,28,28,4,485,false,false,4,16
red4:lane3:snr14.0:seed4:frame26,14.0,26,cwz_joint,awgn,0.0,32.0,2400,24.989583333333332,26.025104166666665,0.9933333333333333,9536,3248,29,29,29,4,555,false,false,4,16
red4:lane3:snr14.0:seed4:frame27,14.0,27,cwz_joint,awgn,0.0,32.0,2494,25.96875,27.004270833333333,0.9933333333333333,9536,3248,30,30,30,4,567,false,false,4,16
red4:lane3:snr14.0:seed4:frame28,14.0,28,cwz_joint,awgn,0.0,32.0,2589,26.958333333333332,27.993854166666665,0.9933333333333333,9536,3248,31,31,31,4,0,true,false,4,16
red4:lane3:snr14.0:seed4:frame29,14.0,29,cwz_joint,awgn,0.0,32.0,2689,28.0,29.035520833333333,0.9933333333333333,9536,3248,32,32,32,4,253,false,false,4,16
red4:lane3:snr14.0:seed4:frame30,14.0,30,cwz_joint,awgn,0.0,32.0,2784,28.989583333333332,30.025104166666665,0.9933333333333333,9536,3248,33,33,33,4,471,false,false,4,16
red4:lane3:snr14.0:seed4:frame31,14.0,31,cwz_joint,awgn,0.0,32.0,2878,29.96875,31.004270833333333,0.9933333333333333,9536,3248,34,34,34,4,321,false,false,4,16
red4:lane3:snr14.0:seed4:frame32,14.0,32,cwz_joint,awgn,0.0,32.0,2973,30.958333333333332,31.993854166666665,0.9933333333333333,9536,3248,35,35,35,4,439,false,false,4,16
red4:lane3:snr14.0:seed4:frame1,14.0,1,lite,awgn,0.0,32.0,1,0.0,1.0355208333333332,0.9933333333333333,9536,3248,4,4,4,4,556,false,false,4,16
red4:lane3:snr14.0:seed4:frame2,14.0,2,lite,awgn,0.0,32.0,96,0.9895833333333334,2.0251041666666665,0.9933333333333333,9536,3248,5,5,5,4,461,false,false,4,16
red4:lane3:snr14.0:seed4:frame3,14.0,3,lite,awgn,0.0,32.0,190,1.96875,3.004270833333333,0.9933333333333333,9536,3248,6,6,6,4,563,false,false,4,16
red4:lane3:snr14.0:seed4:frame4,14.0,4,lite,awgn,0.0,32.0,285,2.9583333333333335,3.993854166666667,0.9933333333333333,9536,3248,7,7,7,4,666,false,false,4,16
red4:lane3:snr14.0:seed4:frame5,14.0,5,lite,awgn,0.0,32.0,385,4.0,5.035520833333333,0.9933333333333333,9536,3248,8,8,8,4,692,false,false,4,16
red4:lane3:snr14.0:seed4:frame6,14.0,6,lite,awgn,0.0,32.0,480,4.989583333333333,6.025104166666666,0.9933333333333333,9536,3248,9,9,9,4,590,false,false,4,16
red4:lane3:snr14.0:seed4:frame7,14.0,7,lite,awgn,0.0,32.0,574,5.96875,7.004270833333333,0.9933333333333333,9536,3248,10,10,10,4,590,false,false,4,16
red4:lane3:snr14.0:seed4:frame8,14.0,8,lite,awgn,0.0,32.0,669,6.958333333333333,7.993854166666666,0.9933333333333333,9536,3248,11,11,11,4,543,false,false,4,16
red4:lane3:snr14.0:seed4:frame9,14.0,9,lite,awgn,0.0,32.0,769,8.0,9.035520833333333,0.9933333333333333,9536,3248,12,12,12,4,555,false,false,4,16
red4:lane3:snr14.0:seed4:frame10,14.0,10,lite,awgn,0.0,32.0,864,8.989583333333334,10.025104166666667,0.9933333333333333,9536,3248,13,13,13,4,593,false,false,4,16
red4:lane3:snr14.0:seed4:frame11,14.0,11,lite,awgn,0.0,32.0,958,9.96875,11.004270833333333,0.9933333333333333,9536,3248,14,14,14,4,456,false,false,4,16
red4:lane3:snr14.0:seed4:frame12,14.0,12,lite,awgn,0.0,32.0,1053,10.958333333333334,11.993854166666667,0.9933333333333333,9536,3248,15,15,15,4,530,false,false,4,16
red4:lane3:snr14.0:seed4:frame13,14.0,13,lite,awgn,0.0,32.0,1153,12.0,13.035520833333333,0.9933333333333333,9536,3248,16,16,16,4,463,false,false,4,16
red4:lane3:snr14.0:seed4:frame14,14.0,14,lite,awgn,0.0,32.0,1248,12.989583333333334,14.025104166666667,0.9933333333333333,9536,3248,17,17,17,4,576,false,false,4,16
red4:lane3:snr14.0:seed4:frame15,14.0,15,lite,awgn,0.0,32.0,1342,13.96875,15.004270833333333,0.9933333333333333,9536,3248,18,18,18,4,591,false,false,4,16
red4:lane3:snr14.0:seed4:frame16,14.0,16,lite,awgn,0.0,32.0,1437,14.958333333333334,15.993854166666667,0.9933333333333333,9536,3248,19,19,19,4,667,false,false,4,16
red4:lane3:snr14.0:seed4:frame17,14.0,17,lite,awgn,0.0,32.0,1537,16.0,17.035520833333333,0.9933333333333333,9536,3248,20,20,20,4,438,false,false,4,16
red4:lane3:snr14.0:seed4:frame18,14.0,18,lite,awgn,0.0,32.0,1632,16.989583333333332,18.025104166666665,0.9933333333333333,9536,3248,21,21,21,4,568,false,false,4,16
red4:lane3:snr14.0:seed4:frame19,14.0,19,lite,awgn,0.0,32.0,1726,17.96875,19.004270833333333,0.9933333333333333,9536,3248,22,22,22,4,600,false,false,4,16
red4:lane3:snr14.0:seed4:frame20,14.0,20,lite,awgn,0.0,32.0,1821,18.958333333333332,19.993854166666665,0.9933333333333333,9536,3248,23,23,23,4,536,false,false,4,16
red4:lane3:snr14.0:seed4:frame21,14.0,21,lite,awgn,0.0,32.0,1921,20.0,21.035520833333333,0.9933333333333333,9536,3248,24,24,24,4,542,false,false,4,16
red4:lane3:snr14.0:seed4:frame22,14.0,22,lite,awgn,0.0,32.0,2016,20.989583333333332,22.025104166666665,0.9933333333333333,9536,3248,25,25,25,4,462,false,false,4,16
red4:lane3:snr14.0:seed4:frame23,14.0,23,lite,awgn,0.0,32.0,2110,21.96875,23.004270833333333,0.9933333333333333,9536,3248,26,26,26,4,500,false,false,4,16
red4:lane3:snr14.0:seed4:frame24,14.0,24,lite,awgn,0.0,32.0,2205,22.958333333333332,23.993854166666665,0.9933333333333333,9536,3248,27,27,27,4,499,false,false,4,16
red4:lane3:snr14.0:seed4:frame25,14.0,25,lite,awgn,0.0,32.0,2305,24.0,25.035520833333333,0.9933333333333333,9536,3248,28,28,28,4,569,false,false,4,16
red4:lane3:snr14.0:seed4:frame26,14.0,26,lite,awgn,0.0,32.0,2400,24.989583333333332,26.025104166666665,0.9933333333333333,9536,3248,29,29,29,4,672,false,false,4,16
red4:lane3:snr14.0:seed4:frame27,14.0,27,lite,awgn,0.0,32.0,2494,25.96875,27.004270833333333,0.9933333333333333,9536,3248,30,30,30,4,521,false,false,4,16
red4:lane3:snr14.0:seed4:frame28,14.0,28,lite,awgn,0.0,32.0,2589,26.958333333333332,27.993854166666665,0.9933333333333333,9536,3248,31,31,31,4,539,false,false,4,16
red4:lane3:snr14.0:seed4:frame29,14.0,29,lite,awgn,0.0,32.0,2689,28.0,29.035520833333333,0.9933333333333333,9536,3248,32,32,32,4,512,false,false,4,16
red4:lane3:snr14.0:seed4:frame30,14.0,30,lite,awgn,0.0,32.0,2784,28.989583333333332,30.025104166666665,0.9933333333333333,9536,3248,33,33,33,4,491,false,false,4,16
red4:lane3:snr14.0:seed4:frame31,14.0,31,lite,awgn,0.0,32.0,2878,29.96875,31.004270833333333,0.9933333333333333,9536,3248,34,34,34,4,525,false,false,4,16
red4:lane3:snr14.0:seed4:frame32,14.0,32,lite,awgn,0.0,32.0,2973,30.958333333333332,31.993854166666665,0.9933333333333333,9536,3248,35,35,35,4,532,false,false,4,16
red4:lane3:snr14.0:seed4:frame1,14.0,1,ofdm_fec,awgn,0.0,32.0,1,0.0,1.0355208333333332,0.9933333333333333,9536,3248,4,4,4,4,0,true,false,4,16
red4:lane3:snr14.0:seed4:frame2,14.0,2,ofdm_fec,awgn,0.0,32.0,96,0.9895833333333334,2.0251041666666665,0.9933333333333333,9536,3248,5,5,5,4,0,true,false,4,16
red4:lane3:snr14.0:seed4:frame3,14.0,3,ofdm_fec,awgn,0.0,32.0,190,1.96875,3.004270833333333,0.9933333333333333,9536,3248,6,6,6,4,368,false,false,4,16
red4:lane3:snr14.0:seed4:frame4,14.0,4,ofdm_fec,awgn,0.0,32.0,285,2.9583333333333335,3.993854166666667,0.9933333333333333,9536,3248,7,7,7,4,506,false,false,4,16
red4:lane3:snr14.0:seed4:frame5,14.0,5,ofdm_fec,awgn,0.0,32.0,385,4.0,5.035520833333333,0.9933333333333333,9536,3248,8,8,8,4,540,false,false,4,16
red4:lane3:snr14.0:seed4:frame6,14.0,6,ofdm_fec,awgn,0.0,32.0,480,4.989583333333333,6.025104166666666,0.9933333333333333,9536,3248,9,9,9,4,412,false,false,4,16
red4:lane3:snr14.0:seed4:frame7,14.0,7,ofdm_fec,awgn,0.0,32.0,574,5.96875,7.004270833333333,0.9933333333333333,9536,3248,10,10,10,4,557,false,false,4,16
red4:lane3:snr14.0:seed4:frame8,14.0,8,ofdm_fec,awgn,0.0,32.0,669,6.958333333333333,7.993854166666666,0.9933333333333333,9536,3248,11,11,11,4,435,false,false,4,16
red4:lane3:snr14.0:seed4:frame9,14.0,9,ofdm_fec,awgn,0.0,32.0,769,8.0,9.035520833333333,0.9933333333333333,9536,3248,12,12,12,4,530,false,false,4,16
red4:lane3:snr14.0:seed4:frame10,14.0,10,ofdm_fec,awgn,0.0,32.0,864,8.989583333333334,10.025104166666667,0.9933333333333333,9536,3248,13,13,13,4,562,false,false,4,16
red4:lane3:snr14.0:seed4:frame11,14.0,11,ofdm_fec,awgn,0.0,32.0,958,9.96875,11.004270833333333,0.9933333333333333,9536,3248,14,14,14,4,504,false,false,4,16
red4:lane3:snr14.0:seed4:frame12,14.0,12,ofdm_fec,awgn,0.0,32.0,1053,10.958333333333334,11.993854166666667,0.9933333333333333,9536,3248,15,15,15,4,424,false,false,4,16
red4:lane3:snr14.0:seed4:frame13,14.0,13,ofdm_fec,awgn,0.0,32.0,1153,12.0,13.035520833333333,0.9933333333333333,9536,3248,16,16,16,4,0,true,false,4,16
red4:lane3:snr14.0:seed4:frame14,14.0,14,ofdm_fec,awgn,0.0,32.0,1248,12.989583333333334,14.025104166666667,0.9933333333333333,9536,3248,17,17,17,4,392,false,false,4,16
red4:lane3:snr14.0:seed4:frame15,14.0,15,ofdm_fec,awgn,0.0,32.0,1342,13.96875,15.004270833333333,0.9933333333333333,9536,3248,18,18,18,4,545,false,false,4,16
red4:lane3:snr14.0:seed4:frame16,14.0,16,ofdm_fec,awgn,0.0,32.0,1437,14.958333333333334,15.993854166666667,0.9933333333333333,9536,3248,19,19,19,4,591,false,false,4,16
red4:lane3:snr14.0:seed4:frame17,14.0,17,ofdm_fec,awgn,0.0,32.0,1537,16.0,17.035520833333333,0.9933333333333333,9536,3248,20,20,20,4,313,false,false,4,16
red4:lane3:snr14.0:seed4:frame18,14.0,18,ofdm_fec,awgn,0.0,32.0,1632,16.989583333333332,18.025104166666665,0.9933333333333333,9536,3248,21,21,21,4,545,false,false,4,16
red4:lane3:snr14.0:seed4:frame19,14.0,19,ofdm_fec,awgn,0.0,32.0,1726,17.96875,19.004270833333333,0.9933333333333333,9536,3248,22,22,22,4,585,false,false,4,16
red4:lane3:snr14.0:seed4:frame20,14.0,20,ofdm_fec,awgn,0.0,32.0,1821,18.958333333333332,19.993854166666665,0.9933333333333333,9536,3248,23,23,23,4,330,false,false,4,16
red4:lane3:snr14.0:seed4:frame21,14.0,21,ofdm_fec,awgn,0.0,32.0,1921,20.0,21.035520833333333,0.9933333333333333,9536,3248,24,24,24,4,317,false,false,4,16
red4:lane3:snr14.0:seed4:frame22,14.0,22,ofdm_fec,awgn,0.0,32.0,2016,20.989583333333332,22.025104166666665,0.9933333333333333,9536,3248,25,25,25,4,492,false,false,4,16
red4:lane3:snr14.0:seed4:frame23,14.0,23,ofdm_fec,awgn,0.0,32.0,2110,21.96875,23.004270833333333,0.9933333333333333,9536,3248,26,26,26,4,392,false,false,4,16
red4:lane3:snr14.0:seed4:frame24,14.0,24,ofdm_fec,awgn,0.0,32.0,2205,22.958333333333332,23.993854166666665,0.9933333333333333,9536,3248,27,27,27,4,296,false,false,4,16
red4:lane3:snr14.0:seed4:frame25,14.0,25,ofdm_fec,awgn,0.0,32.0,2305,24.0,25.035520833333333,0.9933333333333333,9536,3248,28,28,28,4,485,false,false,4,16
red4:lane3:snr14.0:seed4:frame26,14.0,26,ofdm_fec,awgn,0.0,32.0,2400,24.989583333333332,26.025104166666665,0.9933333333333333,9536,3248,29,29,29,4,555,false,false,4,16
red4:lane3:snr14.0:seed4:frame27,14.0,27,ofdm_fec,awgn,0.0,32.0,2494,25.96875,27.004270833333333,0.9933333333333333,9536,3248,30,30,30,4,567,false,false,4,16
red4:lane3:snr14.0:seed4:frame28,14.0,28,ofdm_fec,awgn,0.0,32.0,2589,26.958333333333332,27.993854166666665,0.9933333333333333,9536,3248,31,31,31,4,0,true,false,4,16
red4:lane3:snr14.0:seed4:frame29,14.0,29,ofdm_fec,awgn,0.0,32.0,2689,28.0,29.035520833333333,0.9933333333333333,9536,3248,32,32,32,4,253,false,false,4,16
red4:lane3:snr14.0:seed4:frame30,14.0,30,ofdm_fec,awgn,0.0,32.0,2784,28.989583333333332,30.025104166666665,0.9933333333333333,9536,3248,33,33,33,4,471,false,false,4,16
red4:lane3:snr14.0:seed4:frame31,14.0,31,ofdm_fec,awgn,0.0,32.0,2878,29.96875,31.004270833333333,0.9933333333333333,9536,3248,34,34,34,4,321,false,false,4,16
red4:lane3:snr14.0:seed4:frame32,14.0,32,ofdm_fec,awgn,0.0,32.0,2973,30.958333333333332,31.993854166666665,0.9933333333333333,9536,3248,35,35,35,4,439,false,false,4,16
red4:lane3:snr14.0:seed4:frame1,14.0,1,pfft,awgn,0.0,32.0,1,0.0,1.0355208333333332,0.9933333333333333,9536,3248,4,4,4,4,541,false,false,4,16
red4:lane3:snr14.0:seed4:frame2,14.0,2,pfft,awgn,0.0,32.0,96,0.9895833333333334,2.0251041666666665,0.9933333333333333,9536,3248,5,5,5,4,487,false,false,4,16
red4:lane3:snr14.0:seed4:frame3,14.0,3,pfft,awgn,0.0,32.0,190,1.96875,3.004270833333333,0.9933333333333333,9536,3248,6,6,6,4,625,false,false,4,16
red4:lane3:snr14.0:seed4:frame4,14.0,4,pfft,awgn,0.0,32.0,285,2.9583333333333335,3.993854166666667,0.9933333333333333,9536,3248,7,7,7,4,749,false,false,4,16
red4:lane3:snr14.0:seed4:frame5,14.0,5,pfft,awgn,0.0,32.0,385,4.0,5.035520833333333,0.9933333333333333,9536,3248,8,8,8,4,692,false,false,4,16
red4:lane3:snr14.0:seed4:frame6,14.0,6,pfft,awgn,0.0,32.0,480,4.989583333333333,6.025104166666666,0.9933333333333333,9536,3248,9,9,9,4,590,false,false,4,16
red4:lane3:snr14.0:seed4:frame7,14.0,7,pfft,awgn,0.0,32.0,574,5.96875,7.004270833333333,0.9933333333333333,9536,3248,10,10,10,4,652,false,false,4,16
red4:lane3:snr14.0:seed4:frame8,14.0,8,pfft,awgn,0.0,32.0,669,6.958333333333333,7.993854166666666,0.9933333333333333,9536,3248,11,11,11,4,543,false,false,4,16
red4:lane3:snr14.0:seed4:frame9,14.0,9,pfft,awgn,0.0,32.0,769,8.0,9.035520833333333,0.9933333333333333,9536,3248,12,12,12,4,555,false,false,4,16
red4:lane3:snr14.0:seed4:frame10,14.0,10,pfft,awgn,0.0,32.0,864,8.989583333333334,10.025104166666667,0.9933333333333333,9536,3248,13,13,13,4,586,false,false,4,16
red4:lane3:snr14.0:seed4:frame11,14.0,11,pfft,awgn,0.0,32.0,958,9.96875,11.004270833333333,0.9933333333333333,9536,3248,14,14,14,4,486,false,false,4,16
red4:lane3:snr14.0:seed4:frame12,14.0,12,pfft,awgn,0.0,32.0,1053,10.958333333333334,11.993854166666667,0.9933333333333333,9536,3248,15,15,15,4,656,false,false,4,16
red4:lane3:snr14.0:seed4:frame13,14.0,13,pfft,awgn,0.0,32.0,1153,12.0,13.035520833333333,0.9933333333333333,9536,3248,16,16,16,4,537,false,false,4,16
red4:lane3:snr14.0:seed4:frame14,14.0,14,pfft,awgn,0.0,32.0,1248,12.989583333333334,14.025104166666667,0.9933333333333333,9536,3248,17,17,17,4,608,false,false,4,16
red4:lane3:snr14.0:seed4:frame15,14.0,15,pfft,awgn,0.0,32.0,1342,13.96875,15.004270833333333,0.9933333333333333,9536,3248,18,18,18,4,591,false,false,4,16
red4:lane3:snr14.0:seed4:frame16,14.0,16,pfft,awgn,0.0,32.0,1437,14.958333333333334,15.993854166666667,0.9933333333333333,9536,3248,19,19,19,4,667,false,false,4,16
red4:lane3:snr14.0:seed4:frame17,14.0,17,pfft,awgn,0.0,32.0,1537,16.0,17.035520833333333,0.9933333333333333,9536,3248,20,20,20,4,569,false,false,4,16
red4:lane3:snr14.0:seed4:frame18,14.0,18,pfft,awgn,0.0,32.0,1632,16.989583333333332,18.025104166666665,0.9933333333333333,9536,3248,21,21,21,4,568,false,false,4,16
red4:lane3:snr14.0:seed4:frame19,14.0,19,pfft,awgn,0.0,32.0,1726,17.96875,19.004270833333333,0.9933333333333333,9536,3248,22,22,22,4,625,false,false,4,16
red4:lane3:snr14.0:seed4:frame20,14.0,20,pfft,awgn,0.0,32.0,1821,18.958333333333332,19.993854166666665,0.9933333333333333,9536,3248,23,23,23,4,536,false,false,4,16
red4:lane3:snr14.0:seed4:frame21,14.0,21,pfft,awgn,0.0,32.0,1921,20.0,21.035520833333333,0.9933333333333333,9536,3248,24,24,24,4,666,false,false,4,16
red4:lane3:snr14.0:seed4:frame22,14.0,22,pfft,awgn,0.0,32.0,2016,20.989583333333332,22.025104166666665,0.9933333333333333,9536,3248,25,25,25,4,511,false,false,4,16
red4:lane3:snr14.0:seed4:frame23,14.0,23,pfft,awgn,0.0,32.0,2110,21.96875,23.004270833333333,0.9933333333333333,9536,3248,26,26,26,4,500,false,false,4,16
red4:lane3:snr14.0:seed4:frame24,14.0,24,pfft,awgn,0.0,32.0,2205,22.958333333333332,23.993854166666665,0.9933333333333333,9536,3248,27,27,27,4,525,false,false,4,16
red4:lane3:snr14.0:seed4:frame25,14.0,25,pfft,awgn,0.0,32.0,2305,24.0,25.035520833333333,0.9933333333333333,9536,3248,28,28,28,4,592,false,false,4,16
red4:lane3:snr14.0:seed4:frame26,14.0,26,pfft,awgn,0.0,32.0,2400,24.989583333333332,26.025104166666665,0.9933333333333333,9536,3248,29,29,29,4,672,false,false,4,16
red4:lane3:snr14.0:seed4:frame27,14.0,27,pfft,awgn,0.0,32.0,2494,25.96875,27.004270833333333,0.9933333333333333,9536,3248,30,30,30,4,553,false,false,4,16
red4:lane3:snr14.0:seed4:frame28,14.0,28,pfft,awgn,0.0,32.0,2589,26.958333333333332,27.993854166666665,0.9933333333333333,9536,3248,31,31,31,4,539,false,false,4,16
red4:lane3:snr14.0:seed4:frame29,14.0,29,pfft,awgn,0.0,32.0,2689,28.0,29.035520833333333,0.9933333333333333,9536,3248,32,32,32,4,512,false,false,4,16
red4:lane3:snr14.0:seed4:frame30,14.0,30,pfft,awgn,0.0,32.0,2784,28.989583333333332,30.025104166666665,0.9933333333333333,9536,3248,33,33,33,4,491,false,false,4,16
red4:lane3:snr14.0:seed4:frame31,14.0,31,pfft,awgn,0.0,32.0,2878,29.96875,31.004270833333333,0.9933333333333333,9536,3248,34,34,34,4,631,false,false,4,16
red4:lane3:snr14.0:seed4:frame32,14.0,32,pfft,awgn,0.0,32.0,2973,30.958333333333332,31.993854166666665,0.9933333333333333,9536,3248,35,35,35,4,577,false,false,4,16
red4:lane3:snr14.0:seed4:frame1,14.0,1,profiled_cz,awgn,0.0,32.0,1,0.0,1.0355208333333332,0.9933333333333333,9536,3248,4,4,4,4,0,true,false,4,16
red4:lane3:snr14.0:seed4:frame2,14.0,2,profiled_cz,awgn,0.0,32.0,96,0.9895833333333334,2.0251041666666665,0.9933333333333333,9536,3248,5,5,5,4,0,true,false,4,16
red4:lane3:snr14.0:seed4:frame3,14.0,3,profiled_cz,awgn,0.0,32.0,190,1.96875,3.004270833333333,0.9933333333333333,9536,3248,6,6,6,4,368,false,false,4,16
red4:lane3:snr14.0:seed4:frame4,14.0,4,profiled_cz,awgn,0.0,32.0,285,2.9583333333333335,3.993854166666667,0.9933333333333333,9536,3248,7,7,7,4,506,false,false,4,16
red4:lane3:snr14.0:seed4:frame5,14.0,5,profiled_cz,awgn,0.0,32.0,385,4.0,5.035520833333333,0.9933333333333333,9536,3248,8,8,8,4,540,false,false,4,16
red4:lane3:snr14.0:seed4:frame6,14.0,6,profiled_cz,awgn,0.0,32.0,480,4.989583333333333,6.025104166666666,0.9933333333333333,9536,3248,9,9,9,4,412,false,false,4,16
red4:lane3:snr14.0:seed4:frame7,14.0,7,profiled_cz,awgn,0.0,32.0,574,5.96875,7.004270833333333,0.9933333333333333,9536,3248,10,10,10,4,557,false,false,4,16
red4:lane3:snr14.0:seed4:frame8,14.0,8,profiled_cz,awgn,0.0,32.0,669,6.958333333333333,7.993854166666666,0.9933333333333333,9536,3248,11,11,11,4,435,false,false,4,16
red4:lane3:snr14.0:seed4:frame9,14.0,9,profiled_cz,awgn,0.0,32.0,769,8.0,9.035520833333333,0.9933333333333333,9536,3248,12,12,12,4,530,false,false,4,16
red4:lane3:snr14.0:seed4:frame10,14.0,10,profiled_cz,awgn,0.0,32.0,864,8.989583333333334,10.025104166666667,0.9933333333333333,9536,3248,13,13,13,4,562,false,false,4,16
red4:lane3:snr14.0:seed4:frame11,14.0,11,profiled_cz,awgn,0.0,32.0,958,9.96875,11.004270833333333,0.9933333333333333,9536,3248,14,14,14,4,504,false,false,4,16
red4:lane3:snr14.0:seed4:frame12,14.0,12,profiled_cz,awgn,0.0,32.0,1053,10.958333333333334,11.993854166666667,0.9933333333333333,9536,3248,15,15,15,4,424,false,false,4,16
red4:lane3:snr14.0:seed4:frame13,14.0,13,profiled_cz,awgn,0.0,32.0,1153,12.0,13.035520833333333,0.9933333333333333,9536,3248,16,16,16,4,0,true,false,4,16
red4:lane3:snr14.0:seed4:frame14,14.0,14,profiled_cz,awgn,0.0,32.0,1248,12.989583333333334,14.025104166666667,0.9933333333333333,9536,3248,17,17,17,4,392,false,false,4,16
red4:lane3:snr14.0:seed4:frame15,14.0,15,profiled_cz,awgn,0.0,32.0,1342,13.96875,15.004270833333333,0.9933333333333333,9536,3248,18,18,18,4,545,false,false,4,16
red4:lane3:snr14.0:seed4:frame16,14.0,16,profiled_cz,awgn,0.0,32.0,1437,14.958333333333334,15.993854166666667,0.9933333333333333,9536,3248,19,19,19,4,591,false,false,4,16
red4:lane3:snr14.0:seed4:frame17,14.0,17,profiled_cz,awgn,0.0,32.0,1537,16.0,17.035520833333333,0.9933333333333333,9536,3248,20,20,20,4,313,false,false,4,16
red4:lane3:snr14.0:seed4:frame18,14.0,18,profiled_cz,awgn,0.0,32.0,1632,16.989583333333332,18.025104166666665,0.9933333333333333,9536,3248,21,21,21,4,545,false,false,4,16
red4:lane3:snr14.0:seed4:frame19,14.0,19,profiled_cz,awgn,0.0,32.0,1726,17.96875,19.004270833333333,0.9933333333333333,9536,3248,22,22,22,4,585,false,false,4,16
red4:lane3:snr14.0:seed4:frame20,14.0,20,profiled_cz,awgn,0.0,32.0,1821,18.958333333333332,19.993854166666665,0.9933333333333333,9536,3248,23,23,23,4,330,false,false,4,16
red4:lane3:snr14.0:seed4:frame21,14.0,21,profiled_cz,awgn,0.0,32.0,1921,20.0,21.035520833333333,0.9933333333333333,9536,3248,24,24,24,4,317,false,false,4,16
red4:lane3:snr14.0:seed4:frame22,14.0,22,profiled_cz,awgn,0.0,32.0,2016,20.989583333333332,22.025104166666665,0.9933333333333333,9536,3248,25,25,25,4,492,false,false,4,16
red4:lane3:snr14.0:seed4:frame23,14.0,23,profiled_cz,awgn,0.0,32.0,2110,21.96875,23.004270833333333,0.9933333333333333,9536,3248,26,26,26,4,392,false,false,4,16
red4:lane3:snr14.0:seed4:frame24,14.0,24,profiled_cz,awgn,0.0,32.0,2205,22.958333333333332,23.993854166666665,0.9933333333333333,9536,3248,27,27,27,4,296,false,false,4,16
red4:lane3:snr14.0:seed4:frame25,14.0,25,profiled_cz,awgn,0.0,32.0,2305,24.0,25.035520833333333,0.9933333333333333,9536,3248,28,28,28,4,485,false,false,4,16
red4:lane3:snr14.0:seed4:frame26,14.0,26,profiled_cz,awgn,0.0,32.0,2400,24.989583333333332,26.025104166666665,0.9933333333333333,9536,3248,29,29,29,4,555,false,false,4,16
red4:lane3:snr14.0:seed4:frame27,14.0,27,profiled_cz,awgn,0.0,32.0,2494,25.96875,27.004270833333333,0.9933333333333333,9536,3248,30,30,30,4,567,false,false,4,16
red4:lane3:snr14.0:seed4:frame28,14.0,28,profiled_cz,awgn,0.0,32.0,2589,26.958333333333332,27.993854166666665,0.9933333333333333,9536,3248,31,31,31,4,0,true,false,4,16
red4:lane3:snr14.0:seed4:frame29,14.0,29,profiled_cz,awgn,0.0,32.0,2689,28.0,29.035520833333333,0.9933333333333333,9536,3248,32,32,32,4,253,false,false,4,16
red4:lane3:snr14.0:seed4:frame30,14.0,30,profiled_cz,awgn,0.0,32.0,2784,28.989583333333332,30.025104166666665,0.9933333333333333,9536,3248,33,33,33,4,471,false,false,4,16
red4:lane3:snr14.0:seed4:frame31,14.0,31,profiled_cz,awgn,0.0,32.0,2878,29.96875,31.004270833333333,0.9933333333333333,9536,3248,34,34,34,4,321,false,false,4,16
red4:lane3:snr14.0:seed4:frame32,14.0,32,profiled_cz,awgn,0.0,32.0,2973,30.958333333333332,31.993854166666665,0.9933333333333333,9536,3248,35,35,35,4,439,false,false,4,16
red4:lane3:snr16.0:seed4:frame1,16.0,1,cwz_joint,awgn,0.0,32.0,1,0.0,1.0355208333333332,0.9933333333333333,9536,3248,4,4,4,4,0,true,false,4,16
red4:lane3:snr16.0:seed4:frame2,16.0,2,cwz_joint,awgn,0.0,32.0,96,0.9895833333333334,2.0251041666666665,0.9933333333333333,9536,3248,5,5,5,4,0,true,false,4,16
red4:lane3:snr16.0:seed4:frame3,16.0,3,cwz_joint,awgn,0.0,32.0,190,1.96875,3.004270833333333,0.9933333333333333,9536,3248,6,6,6,4,0,true,false,4,16
red4:lane3:snr16.0:seed4:frame4,16.0,4,cwz_joint,awgn,0.0,32.0,285,2.9583333333333335,3.993854166666667,0.9933333333333333,9536,3248,7,7,7,4,492,false,false,4,16
red4:lane3:snr16.0:seed4:frame5,16.0,5,cwz_joint,awgn,0.0,32.0,385,4.0,5.035520833333333,0.9933333333333333,9536,3248,8,8,8,4,517,false,false,4,16
red4:lane3:snr16.0:seed4:frame6,16.0,6,cwz_joint,awgn,0.0,32.0,480,4.989583333333333,6.025104166666666,0.9933333333333333,9536,3248,9,9,9,4,394,false,false,4,16
red4:lane3:snr16.0:seed4:frame7,16.0,7,cwz_joint,awgn,0.0,32.0,574,5.96875,7.004270833333333,0.9933333333333333,9536,3248,10,10,10,4,518,false,false,4,16
red4:lane3:snr16.0:seed4:frame8,16.0,8,cwz_joint,awgn,0.0,32.0,669,6.958333333333333,7.993854166666666,0.9933333333333333,9536,3248,11,11,11,4,469,false,false,4,16
red4:lane3:snr16.0:seed4:frame9,16.0,9,cwz_joint,awgn,0.0,32.0,769,8.0,9.035520833333333,0.9933333333333333,9536,3248,12,12,12,4,498,false,false,4,16
red4:lane3:snr16.0:seed4:frame10,16.0,10,cwz_joint,awgn,0.0,32.0,864,8.989583333333334,10.025104166666667,0.9933333333333333,9536,3248,13,13,13,4,533,false,false,4,16
red4:lane3:snr16.0:seed4:frame11,16.0,11,cwz_joint,awgn,0.0,32.0,958,9.96875,11.004270833333333,0.9933333333333333,9536,3248,14,14,14,4,458,false,false,4,16
red4:lane3:snr16.0:seed4:frame12,16.0,12,cwz_joint,awgn,0.0,32.0,1053,10.958333333333334,11.993854166666667,0.9933333333333333,9536,3248,15,15,15,4,344,false,false,4,16
red4:lane3:snr16.0:seed4:frame13,16.0,13,cwz_joint,awgn,0.0,32.0,1153,12.0,13.035520833333333,0.9933333333333333,9536,3248,16,16,16,4,0,true,false,4,16
red4:lane3:snr16.0:seed4:frame14,16.0,14,cwz_joint,awgn,0.0,32.0,1248,12.989583333333334,14.025104166666667,0.9933333333333333,9536,3248,17,17,17,4,327,false,false,4,16
red4:lane3:snr16.0:seed4:frame15,16.0,15,cwz_joint,awgn,0.0,32.0,1342,13.96875,15.004270833333333,0.9933333333333333,9536,3248,18,18,18,4,485,false,false,4,16
red4:lane3:snr16.0:seed4:frame16,16.0,16,cwz_joint,awgn,0.0,32.0,1437,14.958333333333334,15.993854166666667,0.9933333333333333,9536,3248,19,19,19,4,502,false,false,4,16
red4:lane3:snr16.0:seed4:frame17,16.0,17,cwz_joint,awgn,0.0,32.0,1537,16.0,17.035520833333333,0.9933333333333333,9536,3248,20,20,20,4,0,true,false,4,16
red4:lane3:snr16.0:seed4:frame18,16.0,18,cwz_joint,awgn,0.0,32.0,1632,16.989583333333332,18.025104166666665,0.9933333333333333,9536,3248,21,21,21,4,437,false,false,4,16
red4:lane3:snr16.0:seed4:frame19,16.0,19,cwz_joint,awgn,0.0,32.0,1726,17.96875,19.004270833333333,0.9933333333333333,9536,3248,22,22,22,4,557,false,false,4,16
red4:lane3:snr16.0:seed4:frame20,16.0,20,cwz_joint,awgn,0.0,32.0,1821,18.958333333333332,19.993854166666665,0.9933333333333333,9536,3248,23,23,23,4,0,true,false,4,16
red4:lane3:snr16.0:seed4:frame21,16.0,21,cwz_joint,awgn,0.0,32.0,1921,20.0,21.035520833333333,0.9933333333333333,9536,3248,24,24,24,4,0,true,false,4,16
red4:lane3:snr16.0:seed4:frame22,16.0,22,cwz_joint,awgn,0.0,32.0,2016,20.989583333333332,22.025104166666665,0.9933333333333333,9536,3248,25,25,25,4,542,false,false,4,16
red4:lane3:snr16.0:seed4:frame23,16.0,23,cwz_joint,awgn,0.0,32.0,2110,21.96875,23.004270833333333,0.9933333333333333,9536,3248,26,26,26,4,0,true,false,4,16
red4:lane3:snr16.0:seed4:frame24,16.0,24,cwz_joint,awgn,0.0,32.0,2205,22.958333333333332,23.993854166666665,0.9933333333333333,9536,3248,27,27,27,4,0,true,false,4,16
red4:lane3:snr16.0:seed4:frame25,16.0,25,cwz_joint,awgn,0.0,32.0,2305,24.0,25.035520833333333,0.9933333333333333,9536,3248,28,28,28,4,489,false,false,4,16
red4:lane3:snr16.0:seed4:frame26,16.0,26,cwz_joint,awgn,0.0,32.0,2400,24.989583333333332,26.025104166666665,0.9933333333333333,9536,3248,29,29,29,4,481,false,false,4,16
red4:lane3:snr16.0:seed4:frame27,16.0,27,cwz_joint,awgn,0.0,32.0,2494,25.96875,27.004270833333333,0.9933333333333333,9536,3248,30,30,30,4,470,false,false,4,16
red4:lane3:snr16.0:seed4:frame28,16.0,28,cwz_joint,awgn,0.0,32.0,2589,26.958333333333332,27.993854166666665,0.9933333333333333,9536,3248,31,31,31,4,0,true,false,4,16
red4:lane3:snr16.0:seed4:frame29,16.0,29,cwz_joint,awgn,0.0,32.0,2689,28.0,29.035520833333333,0.9933333333333333,9536,3248,32,32,32,4,0,true,false,4,16
red4:lane3:snr16.0:seed4:frame30,16.0,30,cwz_joint,awgn,0.0,32.0,2784,28.989583333333332,30.025104166666665,0.9933333333333333,9536,3248,33,33,33,4,458,false,false,4,16
red4:lane3:snr16.0:seed4:frame31,16.0,31,cwz_joint,awgn,0.0,32.0,2878,29.96875,31.004270833333333,0.9933333333333333,9536,3248,34,34,34,4,243,false,false,4,16
red4:lane3:snr16.0:seed4:frame32,16.0,32,cwz_joint,awgn,0.0,32.0,2973,30.958333333333332,31.993854166666665,0.9933333333333333,9536,3248,35,35,35,4,388,false,false,4,16
red4:lane3:snr16.0:seed4:frame1,16.0,1,lite,awgn,0.0,32.0,1,0.0,1.0355208333333332,0.9933333333333333,9536,3248,4,4,4,4,452,false,false,4,16
red4:lane3:snr16.0:seed4:frame2,16.0,2,lite,awgn,0.0,32.0,96,0.9895833333333334,2.0251041666666665,0.9933333333333333,9536,3248,5,5,5,4,411,false,false,4,16
red4:lane3:snr16.0:seed4:frame3,16.0,3,lite,awgn,0.0,32.0,190,1.96875,3.004270833333333,0.9933333333333333,9536,3248,6,6,6,4,517,false,false,4,16
red4:lane3:snr16.0:seed4:frame4,16.0,4,lite,awgn,0.0,32.0,285,2.9583333333333335,3.993854166666667,0.9933333333333333,9536,3248,7,7,7,4,677,false,false,4,16
red4:lane3:snr16.0:seed4:frame5,16.0,5,lite,awgn,0.0,32.0,385,4.0,5.035520833333333,0.9933333333333333,9536,3248,8,8,8,4,623,false,false,4,16
red4:lane3:snr16.0:seed4:frame6,16.0,6,lite,awgn,0.0,32.0,480,4.989583333333333,6.025104166666666,0.9933333333333333,9536,3248,9,9,9,4,579,false,false,4,16
red4:lane3:snr16.0:seed4:frame7,16.0,7,lite,awgn,0.0,32.0,574,5.96875,7.004270833333333,0.9933333333333333,9536,3248,10,10,10,4,524,false,false,4,16
red4:lane3:snr16.0:seed4:frame8,16.0,8,lite,awgn,0.0,32.0,669,6.958333333333333,7.993854166666666,0.9933333333333333,9536,3248,11,11,11,4,386,false,false,4,16
red4:lane3:snr16.0:seed4:frame9,16.0,9,lite,awgn,0.0,32.0,769,8.0,9.035520833333333,0.9933333333333333,9536,3248,12,12,12,4,500,false,false,4,16
red4:lane3:snr16.0:seed4:frame10,16.0,10,lite,awgn,0.0,32.0,864,8.989583333333334,10.025104166666667,0.9933333333333333,9536,3248,13,13,13,4,558,false,false,4,16
red4:lane3:snr16.0:seed4:frame11,16.0,11,lite,awgn,0.0,32.0,958,9.96875,11.004270833333333,0.9933333333333333,9536,3248,14,14,14,4,515,false,false,4,16
red4:lane3:snr16.0:seed4:frame12,16.0,12,lite,awgn,0.0,32.0,1053,10.958333333333334,11.993854166666667,0.9933333333333333,9536,3248,15,15,15,4,533,false,false,4,16
red4:lane3:snr16.0:seed4:frame13,16.0,13,lite,awgn,0.0,32.0,1153,12.0,13.035520833333333,0.9933333333333333,9536,3248,16,16,16,4,415,false,false,4,16
red4:lane3:snr16.0:seed4:frame14,16.0,14,lite,awgn,0.0,32.0,1248,12.989583333333334,14.025104166666667,0.9933333333333333,9536,3248,17,17,17,4,554,false,false,4,16
red4:lane3:snr16.0:seed4:frame15,16.0,15,lite,awgn,0.0,32.0,1342,13.96875,15.004270833333333,0.9933333333333333,9536,3248,18,18,18,4,578,false,false,4,16
red4:lane3:snr16.0:seed4:frame16,16.0,16,lite,awgn,0.0,32.0,1437,14.958333333333334,15.993854166666667,0.9933333333333333,9536,3248,19,19,19,4,587,false,false,4,16
red4:lane3:snr16.0:seed4:frame17,16.0,17,lite,awgn,0.0,32.0,1537,16.0,17.035520833333333,0.9933333333333333,9536,3248,20,20,20,4,330,false,false,4,16
red4:lane3:snr16.0:seed4:frame18,16.0,18,lite,awgn,0.0,32.0,1632,16.989583333333332,18.025104166666665,0.9933333333333333,9536,3248,21,21,21,4,426,false,false,4,16
red4:lane3:snr16.0:seed4:frame19,16.0,19,lite,awgn,0.0,32.0,1726,17.96875,19.004270833333333,0.9933333333333333,9536,3248,22,22,22,4,521,false,false,4,16
red4:lane3:snr16.0:seed4:frame20,16.0,20,lite,awgn,0.0,32.0,1821,18.958333333333332,19.993854166666665,0.9933333333333333,9536,3248,23,23,23,4,396,false,false,4,16
red4:lane3:snr16.0:seed4:frame21,16.0,21,lite,awgn,0.0,32.0,1921,20.0,21.035520833333333,0.9933333333333333,9536,3248,24,24,24,4,582,false,false,4,16
red4:lane3:snr16.0:seed4:frame22,16.0,22,lite,awgn,0.0,32.0,2016,20.989583333333332,22.025104166666665,0.9933333333333333,9536,3248,25,25,25,4,502,false,false,4,16
red4:lane3:snr16.0:seed4:frame23,16.0,23,lite,awgn,0.0,32.0,2110,21.96875,23.004270833333333,0.9933333333333333,9536,3248,26,26,26,4,404,false,false,4,16
red4:lane3:snr16.0:seed4:frame24,16.0,24,lite,awgn,0.0,32.0,2205,22.958333333333332,23.993854166666665,0.9933333333333333,9536,3248,27,27,27,4,336,false,false,4,16
red4:lane3:snr16.0:seed4:frame25,16.0,25,lite,awgn,0.0,32.0,2305,24.0,25.035520833333333,0.9933333333333333,9536,3248,28,28,28,4,517,false,false,4,16
red4:lane3:snr16.0:seed4:frame26,16.0,26,lite,awgn,0.0,32.0,2400,24.989583333333332,26.025104166666665,0.9933333333333333,9536,3248,29,29,29,4,610,false,false,4,16
red4:lane3:snr16.0:seed4:frame27,16.0,27,lite,awgn,0.0,32.0,2494,25.96875,27.004270833333333,0.9933333333333333,9536,3248,30,30,30,4,583,false,false,4,16
red4:lane3:snr16.0:seed4:frame28,16.0,28,lite,awgn,0.0,32.0,2589,26.958333333333332,27.993854166666665,0.9933333333333333,9536,3248,31,31,31,4,389,false,false,4,16
red4:lane3:snr16.0:seed4:frame29,16.0,29,lite,awgn,0.0,32.0,2689,28.0,29.035520833333333,0.9933333333333333,9536,3248,32,32,32,4,429,false,false,4,16
red4:lane3:snr16.0:seed4:frame30,16.0,30,lite,awgn,0.0,32.0,2784,28.989583333333332,30.025104166666665,0.9933333333333333,9536,3248,33,33,33,4,463,false,false,4,16
red4:lane3:snr16.0:seed4:frame31,16.0,31,lite,awgn,0.0,32.0,2878,29.96875,31.004270833333333,0.9933333333333333,9536,3248,34,34,34,4,538,false,false,4,16
red4:lane3:snr16.0:seed4:frame32,16.0,32,lite,awgn,0.0,32.0,2973,30.958333333333332,31.993854166666665,0.9933333333333333,9536,3248,35,35,35,4,553,false,false,4,16
red4:lane3:snr16.0:seed4:frame1,16.0,1,ofdm_fec,awgn,0.0,32.0,1,0.0,1.0355208333333332,0.9933333333333333,9536,3248,4,4,4,4,0,true,false,4,16
red4:lane3:snr16.0:seed4:frame2,16.0,2,ofdm_fec,awgn,0.0,32.0,96,0.9895833333333334,2.0251041666666665,0.9933333333333333,9536,3248,5,5,5,4,0,true,false,4,16
red4:lane3:snr16.0:seed4:frame3,16.0,3,ofdm_fec,awgn,0.0,32.0,190,1.96875,3.004270833333333,0.9933333333333333,9536,3248,6,6,6,4,0,true,false,4,16
red4:lane3:snr16.0:seed4:frame4,16.0,4,ofdm_fec,awgn,0.0,32.0,285,2.9583333333333335,3.993854166666667,0.9933333333333333,9536,3248,7,7,7,4,492,false,false,4,16
red4:lane3:snr16.0:seed4:frame5,16.0,5,ofdm_fec,awgn,0.0,32.0,385,4.0,5.035520833333333,0.9933333333333333,9536,3248,8,8,8,4,517,false,false,4,16
red4:lane3:snr16.0:seed4:frame6,16.0,6,ofdm_fec,awgn,0.0,32.0,480,4.989583333333333,6.025104166666666,0.9933333333333333,9536,3248,9,9,9,4,394,false,false,4,16
red4:lane3:snr16.0:seed4:frame7,16.0,7,ofdm_fec,awgn,0.0,32.0,574,5.96875,7.004270833333333,0.9933333333333333,9536,3248,10,10,10,4,518,false,false,4,16
red4:lane3:snr16.0:seed4:frame8,16.0,8,ofdm_fec,awgn,0.0,32.0,669,6.958333333333333,7.993854166666666,0.9933333333333333,9536,3248,11,11,11,4,469,false,false,4,16
red4:lane3:snr16.0:seed4:frame9,16.0,9,ofdm_fec,awgn,0.0,32.0,769,8.0,9.035520833333333,0.9933333333333333,9536,3248,12,12,12,4,498,false,false,4,16
red4:lane3:snr16.0:seed4:frame10,16.0,10,ofdm_fec,awgn,0.0,32.0,864,8.989583333333334,10.025104166666667,0.9933333333333333,9536,3248,13,13,13,4,533,false,false,4,16
red4:lane3:snr16.0:seed4:frame11,16.0,11,ofdm_fec,awgn,0.0,32.0,958,9.96875,11.004270833333333,0.9933333333333333,9536,3248,14,14,14,4,458,false,false,4,16
red4:lane3:snr16.0:seed4:frame12,16.0,12,ofdm_fec,awgn,0.0,32.0,1053,10.958333333333334,11.993854166666667,0.9933333333333333,9536,3248,15,15,15,4,344,false,false,4,16
red4:lane3:snr16.0:seed4:frame13,16.0,13,ofdm_fec,awgn,0.0,32.0,1153,12.0,13.035520833333333,0.9933333333333333,9536,3248,16,16,16,4,0,true,false,4,16
red4:lane3:snr16.0:seed4:frame14,16.0,14,ofdm_fec,awgn,0.0,32.0,1248,12.989583333333334,14.025104166666667,0.9933333333333333,9536,3248,17,17,17,4,327,false,false,4,16
red4:lane3:snr16.0:seed4:frame15,16.0,15,ofdm_fec,awgn,0.0,32.0,1342,13.96875,15.004270833333333,0.9933333333333333,9536,3248,18,18,18,4,485,false,false,4,16
red4:lane3:snr16.0:seed4:frame16,16.0,16,ofdm_fec,awgn,0.0,32.0,1437,14.958333333333334,15.993854166666667,0.9933333333333333,9536,3248,19,19,19,4,502,false,false,4,16
red4:lane3:snr16.0:seed4:frame17,16.0,17,ofdm_fec,awgn,0.0,32.0,1537,16.0,17.035520833333333,0.9933333333333333,9536,3248,20,20,20,4,0,true,false,4,16
red4:lane3:snr16.0:seed4:frame18,16.0,18,ofdm_fec,awgn,0.0,32.0,1632,16.989583333333332,18.025104166666665,0.9933333333333333,9536,3248,21,21,21,4,437,false,false,4,16
red4:lane3:snr16.0:seed4:frame19,16.0,19,ofdm_fec,awgn,0.0,32.0,1726,17.96875,19.004270833333333,0.9933333333333333,9536,3248,22,22,22,4,557,false,false,4,16
red4:lane3:snr16.0:seed4:frame20,16.0,20,ofdm_fec,awgn,0.0,32.0,1821,18.958333333333332,19.993854166666665,0.9933333333333333,9536,3248,23,23,23,4,0,true,false,4,16
red4:lane3:snr16.0:seed4:frame21,16.0,21,ofdm_fec,awgn,0.0,32.0,1921,20.0,21.035520833333333,0.9933333333333333,9536,3248,24,24,24,4,0,true,false,4,16
red4:lane3:snr16.0:seed4:frame22,16.0,22,ofdm_fec,awgn,0.0,32.0,2016,20.989583333333332,22.025104166666665,0.9933333333333333,9536,3248,25,25,25,4,542,false,false,4,16
red4:lane3:snr16.0:seed4:frame23,16.0,23,ofdm_fec,awgn,0.0,32.0,2110,21.96875,23.004270833333333,0.9933333333333333,9536,3248,26,26,26,4,0,true,false,4,16
red4:lane3:snr16.0:seed4:frame24,16.0,24,ofdm_fec,awgn,0.0,32.0,2205,22.958333333333332,23.993854166666665,0.9933333333333333,9536,3248,27,27,27,4,0,true,false,4,16
red4:lane3:snr16.0:seed4:frame25,16.0,25,ofdm_fec,awgn,0.0,32.0,2305,24.0,25.035520833333333,0.9933333333333333,9536,3248,28,28,28,4,489,false,false,4,16
red4:lane3:snr16.0:seed4:frame26,16.0,26,ofdm_fec,awgn,0.0,32.0,2400,24.989583333333332,26.025104166666665,0.9933333333333333,9536,3248,29,29,29,4,481,false,false,4,16
red4:lane3:snr16.0:seed4:frame27,16.0,27,ofdm_fec,awgn,0.0,32.0,2494,25.96875,27.004270833333333,0.9933333333333333,9536,3248,30,30,30,4,470,false,false,4,16
red4:lane3:snr16.0:seed4:frame28,16.0,28,ofdm_fec,awgn,0.0,32.0,2589,26.958333333333332,27.993854166666665,0.9933333333333333,9536,3248,31,31,31,4,0,true,false,4,16
red4:lane3:snr16.0:seed4:frame29,16.0,29,ofdm_fec,awgn,0.0,32.0,2689,28.0,29.035520833333333,0.9933333333333333,9536,3248,32,32,32,4,0,true,false,4,16
red4:lane3:snr16.0:seed4:frame30,16.0,30,ofdm_fec,awgn,0.0,32.0,2784,28.989583333333332,30.025104166666665,0.9933333333333333,9536,3248,33,33,33,4,458,false,false,4,16
red4:lane3:snr16.0:seed4:frame31,16.0,31,ofdm_fec,awgn,0.0,32.0,2878,29.96875,31.004270833333333,0.9933333333333333,9536,3248,34,34,34,4,243,false,false,4,16
red4:lane3:snr16.0:seed4:frame32,16.0,32,ofdm_fec,awgn,0.0,32.0,2973,30.958333333333332,31.993854166666665,0.9933333333333333,9536,3248,35,35,35,4,388,false,false,4,16
red4:lane3:snr16.0:seed4:frame1,16.0,1,pfft,awgn,0.0,32.0,1,0.0,1.0355208333333332,0.9933333333333333,9536,3248,4,4,4,4,540,false,false,4,16
red4:lane3:snr16.0:seed4:frame2,16.0,2,pfft,awgn,0.0,32.0,96,0.9895833333333334,2.0251041666666665,0.9933333333333333,9536,3248,5,5,5,4,471,false,false,4,16
red4:lane3:snr16.0:seed4:frame3,16.0,3,pfft,awgn,0.0,32.0,190,1.96875,3.004270833333333,0.9933333333333333,9536,3248,6,6,6,4,560,false,false,4,16
red4:lane3:snr16.0:seed4:frame4,16.0,4,pfft,awgn,0.0,32.0,285,2.9583333333333335,3.993854166666667,0.9933333333333333,9536,3248,7,7,7,4,677,false,false,4,16
red4:lane3:snr16.0:seed4:frame5,16.0,5,pfft,awgn,0.0,32.0,385,4.0,5.035520833333333,0.9933333333333333,9536,3248,8,8,8,4,623,false,false,4,16
red4:lane3:snr16.0:seed4:frame6,16.0,6,pfft,awgn,0.0,32.0,480,4.989583333333333,6.025104166666666,0.9933333333333333,9536,3248,9,9,9,4,579,false,false,4,16
red4:lane3:snr16.0:seed4:frame7,16.0,7,pfft,awgn,0.0,32.0,574,5.96875,7.004270833333333,0.9933333333333333,9536,3248,10,10,10,4,649,false,false,4,16
red4:lane3:snr16.0:seed4:frame8,16.0,8,pfft,awgn,0.0,32.0,669,6.958333333333333,7.993854166666666,0.9933333333333333,9536,3248,11,11,11,4,544,false,false,4,16
red4:lane3:snr16.0:seed4:frame9,16.0,9,pfft,awgn,0.0,32.0,769,8.0,9.035520833333333,0.9933333333333333,9536,3248,12,12,12,4,505,false,false,4,16
red4:lane3:snr16.0:seed4:frame10,16.0,10,pfft,awgn,0.0,32.0,864,8.989583333333334,10.025104166666667,0.9933333333333333,9536,3248,13,13,13,4,538,false,false,4,16
red4:lane3:snr16.0:seed4:frame11,16.0,11,pfft,awgn,0.0,32.0,958,9.96875,11.004270833333333,0.9933333333333333,9536,3248,14,14,14,4,515,false,false,4,16
red4:lane3:snr16.0:seed4:frame12,16.0,12,pfft,awgn,0.0,32.0,1053,10.958333333333334,11.993854166666667,0.9933333333333333,9536,3248,15,15,15,4,585,false,false,4,16
red4:lane3:snr16.0:seed4:frame13,16.0,13,pfft,awgn,0.0,32.0,1153,12.0,13.035520833333333,0.9933333333333333,9536,3248,16,16,16,4,471,false,false,4,16
red4:lane3:snr16.0:seed4:frame14,16.0,14,pfft,awgn,0.0,32.0,1248,12.989583333333334,14.025104166666667,0.9933333333333333,9536,3248,17,17,17,4,553,false,false,4,16
red4:lane3:snr16.0:seed4:frame15,16.0,15,pfft,awgn,0.0,32.0,1342,13.96875,15.004270833333333,0.9933333333333333,9536,3248,18,18,18,4,578,false,false,4,16
red4:lane3:snr16.0:seed4:frame16,16.0,16,pfft,awgn,0.0,32.0,1437,14.958333333333334,15.993854166666667,0.9933333333333333,9536,3248,19,19,19,4,613,false,false,4,16
red4:lane3:snr16.0:seed4:frame17,16.0,17,pfft,awgn,0.0,32.0,1537,16.0,17.035520833333333,0.9933333333333333,9536,3248,20,20,20,4,516,false,false,4,16
red4:lane3:snr16.0:seed4:frame18,16.0,18,pfft,awgn,0.0,32.0,1632,16.989583333333332,18.025104166666665,0.9933333333333333,9536,3248,21,21,21,4,545,false,false,4,16
red4:lane3:snr16.0:seed4:frame19,16.0,19,pfft,awgn,0.0,32.0,1726,17.96875,19.004270833333333,0.9933333333333333,9536,3248,22,22,22,4,595,false,false,4,16
red4:lane3:snr16.0:seed4:frame20,16.0,20,pfft,awgn,0.0,32.0,1821,18.958333333333332,19.993854166666665,0.9933333333333333,9536,3248,23,23,23,4,458,false,false,4,16
red4:lane3:snr16.0:seed4:frame21,16.0,21,pfft,awgn,0.0,32.0,1921,20.0,21.035520833333333,0.9933333333333333,9536,3248,24,24,24,4,582,false,false,4,16
red4:lane3:snr16.0:seed4:frame22,16.0,22,pfft,awgn,0.0,32.0,2016,20.989583333333332,22.025104166666665,0.9933333333333333,9536,3248,25,25,25,4,502,false,false,4,16
red4:lane3:snr16.0:seed4:frame23,16.0,23,pfft,awgn,0.0,32.0,2110,21.96875,23.004270833333333,0.9933333333333333,9536,3248,26,26,26,4,495,false,false,4,16
red4:lane3:snr16.0:seed4:frame24,16.0,24,pfft,awgn,0.0,32.0,2205,22.958333333333332,23.993854166666665,0.9933333333333333,9536,3248,27,27,27,4,468,false,false,4,16
red4:lane3:snr16.0:seed4:frame25,16.0,25,pfft,awgn,0.0,32.0,2305,24.0,25.035520833333333,0.9933333333333333,9536,3248,28,28,28,4,580,false,false,4,16
red4:lane3:snr16.0:seed4:frame26,16.0,26,pfft,awgn,0.0,32.0,2400,24.989583333333332,26.025104166666665,0.9933333333333333,9536,3248,29,29,29,4,673,false,false,4,16
red4:lane3:snr16.0:seed4:frame27,16.0,27,pfft,awgn,0.0,32.0,2494,25.96875,27.004270833333333,0.9933333333333333,9536,3248,30,30,30,4,583,false,false,4,16
red4:lane3:snr16.0:seed4:frame28,16.0,28,pfft,awgn,0.0,32.0,2589,26.958333333333332,27.993854166666665,0.9933333333333333,9536,3248,31,31,31,4,513,false,false,4,16
red4:lane3:snr16.0:seed4:frame29,16.0,29,pfft,awgn,0.0,32.0,2689,28.0,29.035520833333333,0.9933333333333333,9536,3248,32,32,32,4,501,false,false,4,16
red4:lane3:snr16.0:seed4:frame30,16.0,30,pfft,awgn,0.0,32.0,2784,28.989583333333332,30.025104166666665,0.9933333333333333,9536,3248,33,33,33,4,463,false,false,4,16
red4:lane3:snr16.0:seed4:frame31,16.0,31,pfft,awgn,0.0,32.0,2878,29.96875,31.004270833333333,0.9933333333333333,9536,3248,34,34,34,4,541,false,false,4,16
red4:lane3:snr16.0:seed4:frame32,16.0,32,pfft,awgn,0.0,32.0,2973,30.958333333333332,31.993854166666665,0.9933333333333333,9536,3248,35,35,35,4,553,false,false,4,16
red4:lane3:snr16.0:seed4:frame1,16.0,1,profiled_cz,awgn,0.0,32.0,1,0.0,1.0355208333333332,0.9933333333333333,9536,3248,4,4,4,4,0,true,false,4,16
red4:lane3:snr16.0:seed4:frame2,16.0,2,profiled_cz,awgn,0.0,32.0,96,0.9895833333333334,2.0251041666666665,0.9933333333333333,9536,3248,5,5,5,4,0,true,false,4,16
red4:lane3:snr16.0:seed4:frame3,16.0,3,profiled_cz,awgn,0.0,32.0,190,1.96875,3.004270833333333,0.9933333333333333,9536,3248,6,6,6,4,0,true,false,4,16
red4:lane3:snr16.0:seed4:frame4,16.0,4,profiled_cz,awgn,0.0,32.0,285,2.9583333333333335,3.993854166666667,0.9933333333333333,9536,3248,7,7,7,4,492,false,false,4,16
red4:lane3:snr16.0:seed4:frame5,16.0,5,profiled_cz,awgn,0.0,32.0,385,4.0,5.035520833333333,0.9933333333333333,9536,3248,8,8,8,4,517,false,false,4,16
red4:lane3:snr16.0:seed4:frame6,16.0,6,profiled_cz,awgn,0.0,32.0,480,4.989583333333333,6.025104166666666,0.9933333333333333,9536,3248,9,9,9,4,394,false,false,4,16
red4:lane3:snr16.0:seed4:frame7,16.0,7,profiled_cz,awgn,0.0,32.0,574,5.96875,7.004270833333333,0.9933333333333333,9536,3248,10,10,10,4,518,false,false,4,16
red4:lane3:snr16.0:seed4:frame8,16.0,8,profiled_cz,awgn,0.0,32.0,669,6.958333333333333,7.993854166666666,0.9933333333333333,9536,3248,11,11,11,4,469,false,false,4,16
red4:lane3:snr16.0:seed4:frame9,16.0,9,profiled_cz,awgn,0.0,32.0,769,8.0,9.035520833333333,0.9933333333333333,9536,3248,12,12,12,4,498,false,false,4,16
red4:lane3:snr16.0:seed4:frame10,16.0,10,profiled_cz,awgn,0.0,32.0,864,8.989583333333334,10.025104166666667,0.9933333333333333,9536,3248,13,13,13,4,533,false,false,4,16
red4:lane3:snr16.0:seed4:frame11,16.0,11,profiled_cz,awgn,0.0,32.0,958,9.96875,11.004270833333333,0.9933333333333333,9536,3248,14,14,14,4,458,false,false,4,16
red4:lane3:snr16.0:seed4:frame12,16.0,12,profiled_cz,awgn,0.0,32.0,1053,10.958333333333334,11.993854166666667,0.9933333333333333,9536,3248,15,15,15,4,344,false,false,4,16
red4:lane3:snr16.0:seed4:frame13,16.0,13,profiled_cz,awgn,0.0,32.0,1153,12.0,13.035520833333333,0.9933333333333333,9536,3248,16,16,16,4,0,true,false,4,16
red4:lane3:snr16.0:seed4:frame14,16.0,14,profiled_cz,awgn,0.0,32.0,1248,12.989583333333334,14.025104166666667,0.9933333333333333,9536,3248,17,17,17,4,327,false,false,4,16
red4:lane3:snr16.0:seed4:frame15,16.0,15,profiled_cz,awgn,0.0,32.0,1342,13.96875,15.004270833333333,0.9933333333333333,9536,3248,18,18,18,4,485,false,false,4,16
red4:lane3:snr16.0:seed4:frame16,16.0,16,profiled_cz,awgn,0.0,32.0,1437,14.958333333333334,15.993854166666667,0.9933333333333333,9536,3248,19,19,19,4,502,false,false,4,16
red4:lane3:snr16.0:seed4:frame17,16.0,17,profiled_cz,awgn,0.0,32.0,1537,16.0,17.035520833333333,0.9933333333333333,9536,3248,20,20,20,4,0,true,false,4,16
red4:lane3:snr16.0:seed4:frame18,16.0,18,profiled_cz,awgn,0.0,32.0,1632,16.989583333333332,18.025104166666665,0.9933333333333333,9536,3248,21,21,21,4,437,false,false,4,16
red4:lane3:snr16.0:seed4:frame19,16.0,19,profiled_cz,awgn,0.0,32.0,1726,17.96875,19.004270833333333,0.9933333333333333,9536,3248,22,22,22,4,557,false,false,4,16
red4:lane3:snr16.0:seed4:frame20,16.0,20,profiled_cz,awgn,0.0,32.0,1821,18.958333333333332,19.993854166666665,0.9933333333333333,9536,3248,23,23,23,4,0,true,false,4,16
red4:lane3:snr16.0:seed4:frame21,16.0,21,profiled_cz,awgn,0.0,32.0,1921,20.0,21.035520833333333,0.9933333333333333,9536,3248,24,24,24,4,0,true,false,4,16
red4:lane3:snr16.0:seed4:frame22,16.0,22,profiled_cz,awgn,0.0,32.0,2016,20.989583333333332,22.025104166666665,0.9933333333333333,9536,3248,25,25,25,4,542,false,false,4,16
red4:lane3:snr16.0:seed4:frame23,16.0,23,profiled_cz,awgn,0.0,32.0,2110,21.96875,23.004270833333333,0.9933333333333333,9536,3248,26,26,26,4,0,true,false,4,16
red4:lane3:snr16.0:seed4:frame24,16.0,24,profiled_cz,awgn,0.0,32.0,2205,22.958333333333332,23.993854166666665,0.9933333333333333,9536,3248,27,27,27,4,0,true,false,4,16
red4:lane3:snr16.0:seed4:frame25,16.0,25,profiled_cz,awgn,0.0,32.0,2305,24.0,25.035520833333333,0.9933333333333333,9536,3248,28,28,28,4,489,false,false,4,16
red4:lane3:snr16.0:seed4:frame26,16.0,26,profiled_cz,awgn,0.0,32.0,2400,24.989583333333332,26.025104166666665,0.9933333333333333,9536,3248,29,29,29,4,481,false,false,4,16
red4:lane3:snr16.0:seed4:frame27,16.0,27,profiled_cz,awgn,0.0,32.0,2494,25.96875,27.004270833333333,0.9933333333333333,9536,3248,30,30,30,4,470,false,false,4,16
red4:lane3:snr16.0:seed4:frame28,16.0,28,profiled_cz,awgn,0.0,32.0,2589,26.958333333333332,27.993854166666665,0.9933333333333333,9536,3248,31,31,31,4,0,true,false,4,16
red4:lane3:snr16.0:seed4:frame29,16.0,29,profiled_cz,awgn,0.0,32.0,2689,28.0,29.035520833333333,0.9933333333333333,9536,3248,32,32,32,4,0,true,false,4,16
red4:lane3:snr16.0:seed4:frame30,16.0,30,profiled_cz,awgn,0.0,32.0,2784,28.989583333333332,30.025104166666665,0.9933333333333333,9536,3248,33,33,33,4,458,false,false,4,16
red4:lane3:snr16.0:seed4:frame31,16.0,31,profiled_cz,awgn,0.0,32.0,2878,29.96875,31.004270833333333,0.9933333333333333,9536,3248,34,34,34,4,243,false,false,4,16
red4:lane3:snr16.0:seed4:frame32,16.0,32,profiled_cz,awgn,0.0,32.0,2973,30.958333333333332,31.993854166666665,0.9933333333333333,9536,3248,35,35,35,4,388,false,false,4,16
red4:lane3:snr18.0:seed4:frame1,18.0,1,cwz_joint,awgn,0.0,32.0,1,0.0,1.0355208333333332,0.9933333333333333,9536,3248,4,4,4,4,0,true,false,4,16
red4:lane3:snr18.0:seed4:frame2,18.0,2,cwz_joint,awgn,0.0,32.0,96,0.9895833333333334,2.0251041666666665,0.9933333333333333,9536,3248,5,5,5,4,0,true,false,4,16
red4:lane3:snr18.0:seed4:frame3,18.0,3,cwz_joint,awgn,0.0,32.0,190,1.96875,3.004270833333333,0.9933333333333333,9536,3248,6,6,6,4,0,true,false,4,16
red4:lane3:snr18.0:seed4:frame4,18.0,4,cwz_joint,awgn,0.0,32.0,285,2.9583333333333335,3.993854166666667,0.9933333333333333,9536,3248,7,7,7,4,439,false,false,4,16
red4:lane3:snr18.0:seed4:frame5,18.0,5,cwz_joint,awgn,0.0,32.0,385,4.0,5.035520833333333,0.9933333333333333,9536,3248,8,8,8,4,484,false,false,4,16
red4:lane3:snr18.0:seed4:frame6,18.0,6,cwz_joint,awgn,0.0,32.0,480,4.989583333333333,6.025104166666666,0.9933333333333333,9536,3248,9,9,9,4,291,false,false,4,16
red4:lane3:snr18.0:seed4:frame7,18.0,7,cwz_joint,awgn,0.0,32.0,574,5.96875,7.004270833333333,0.9933333333333333,9536,3248,10,10,10,4,514,false,false,4,16
red4:lane3:snr18.0:seed4:frame8,18.0,8,cwz_joint,awgn,0.0,32.0,669,6.958333333333333,7.993854166666666,0.9933333333333333,9536,3248,11,11,11,4,409,false,false,4,16
red4:lane3:snr18.0:seed4:frame9,18.0,9,cwz_joint,awgn,0.0,32.0,769,8.0,9.035520833333333,0.9933333333333333,9536,3248,12,12,12,4,435,false,false,4,16
red4:lane3:snr18.0:seed4:frame10,18.0,10,cwz_joint,awgn,0.0,32.0,864,8.989583333333334,10.025104166666667,0.9933333333333333,9536,3248,13,13,13,4,539,false,false,4,16
red4:lane3:snr18.0:seed4:frame11,18.0,11,cwz_joint,awgn,0.0,32.0,958,9.96875,11.004270833333333,0.9933333333333333,9536,3248,14,14,14,4,461,false,false,4,16
red4:lane3:snr18.0:seed4:frame12,18.0,12,cwz_joint,awgn,0.0,32.0,1053,10.958333333333334,11.993854166666667,0.9933333333333333,9536,3248,15,15,15,4,257,false,false,4,16
red4:lane3:snr18.0:seed4:frame13,18.0,13,cwz_joint,awgn,0.0,32.0,1153,12.0,13.035520833333333,0.9933333333333333,9536,3248,16,16,16,4,0,true,false,4,16
red4:lane3:snr18.0:seed4:frame14,18.0,14,cwz_joint,awgn,0.0,32.0,1248,12.989583333333334,14.025104166666667,0.9933333333333333,9536,3248,17,17,17,4,0,true,false,4,16
red4:lane3:snr18.0:seed4:frame15,18.0,15,cwz_joint,awgn,0.0,32.0,1342,13.96875,15.004270833333333,0.9933333333333333,9536,3248,18,18,18,4,492,false,false,4,16
red4:lane3:snr18.0:seed4:frame16,18.0,16,cwz_joint,awgn,0.0,32.0,1437,14.958333333333334,15.993854166666667,0.9933333333333333,9536,3248,19,19,19,4,473,false,false,4,16
red4:lane3:snr18.0:seed4:frame17,18.0,17,cwz_joint,awgn,0.0,32.0,1537,16.0,17.035520833333333,0.9933333333333333,9536,3248,20,20,20,4,0,true,false,4,16
red4:lane3:snr18.0:seed4:frame18,18.0,18,cwz_joint,awgn,0.0,32.0,1632,16.989583333333332,18.025104166666665,0.9933333333333333,9536,3248,21,21,21,4,460,false,false,4,16
red4:lane3:snr18.0:seed4:frame19,18.0,19,cwz_joint,awgn,0.0,32.0,1726,17.96875,19.004270833333333,0.9933333333333333,9536,3248,22,22,22,4,516,false,false,4,16
red4:lane3:snr18.0:seed4:frame20,18.0,20,cwz_joint,awgn,0.0,32.0,1821,18.958333333333332,19.993854166666665,0.9933333333333333,9536,3248,23,23,23,4,0,true,false,4,16
red4:lane3:snr18.0:seed4:frame21,18.0,21,cwz_joint,awgn,0.0,32.0,1921,20.0,21.035520833333333,0.9933333333333333,9536,3248,24,24,24,4,0,true,false,4,16
red4:lane3:snr18.0:seed4:frame22,18.0,22,cwz_joint,awgn,0.0,32.0,2016,20.989583333333332,22.025104166666665,0.9933333333333333,9536,3248,25,25,25,4,454,false,false,4,16
red4:lane3:snr18.0:seed4:frame23,18.0,23,cwz_joint,awgn,0.0,32.0,2110,21.96875,23.004270833333333,0.9933333333333333,9536,3248,26,26,26,4,0,true,false,4,16
red4:lane3:snr18.0:seed4:frame24,18.0,24,cwz_joint,awgn,0.0,32.0,2205,22.958333333333332,23.993854166666665,0.9933333333333333,9536,3248,27,27,27,4,0,true,false,4,16
red4:lane3:snr18.0:seed4:frame25,18.0,25,cwz_joint,awgn,0.0,32.0,2305,24.0,25.035520833333333,0.9933333333333333,9536,3248,28,28,28,4,430,false,false,4,16
red4:lane3:snr18.0:seed4:frame26,18.0,26,cwz_joint,awgn,0.0,32.0,2400,24.989583333333332,26.025104166666665,0.9933333333333333,9536,3248,29,29,29,4,467,false,false,4,16
red4:lane3:snr18.0:seed4:frame27,18.0,27,cwz_joint,awgn,0.0,32.0,2494,25.96875,27.004270833333333,0.9933333333333333,9536,3248,30,30,30,4,479,false,false,4,16
red4:lane3:snr18.0:seed4:frame28,18.0,28,cwz_joint,awgn,0.0,32.0,2589,26.958333333333332,27.993854166666665,0.9933333333333333,9536,3248,31,31,31,4,0,true,false,4,16
red4:lane3:snr18.0:seed4:frame29,18.0,29,cwz_joint,awgn,0.0,32.0,2689,28.0,29.035520833333333,0.9933333333333333,9536,3248,32,32,32,4,0,true,false,4,16
red4:lane3:snr18.0:seed4:frame30,18.0,30,cwz_joint,awgn,0.0,32.0,2784,28.989583333333332,30.025104166666665,0.9933333333333333,9536,3248,33,33,33,4,407,false,false,4,16
red4:lane3:snr18.0:seed4:frame31,18.0,31,cwz_joint,awgn,0.0,32.0,2878,29.96875,31.004270833333333,0.9933333333333333,9536,3248,34,34,34,4,0,true,false,4,16
red4:lane3:snr18.0:seed4:frame32,18.0,32,cwz_joint,awgn,0.0,32.0,2973,30.958333333333332,31.993854166666665,0.9933333333333333,9536,3248,35,35,35,4,382,false,false,4,16
red4:lane3:snr18.0:seed4:frame1,18.0,1,lite,awgn,0.0,32.0,1,0.0,1.0355208333333332,0.9933333333333333,9536,3248,4,4,4,4,395,false,false,4,16
red4:lane3:snr18.0:seed4:frame2,18.0,2,lite,awgn,0.0,32.0,96,0.9895833333333334,2.0251041666666665,0.9933333333333333,9536,3248,5,5,5,4,351,false,false,4,16
red4:lane3:snr18.0:seed4:frame3,18.0,3,lite,awgn,0.0,32.0,190,1.96875,3.004270833333333,0.9933333333333333,9536,3248,6,6,6,4,509,false,false,4,16
red4:lane3:snr18.0:seed4:frame4,18.0,4,lite,awgn,0.0,32.0,285,2.9583333333333335,3.993854166666667,0.9933333333333333,9536,3248,7,7,7,4,564,false,false,4,16
red4:lane3:snr18.0:seed4:frame5,18.0,5,lite,awgn,0.0,32.0,385,4.0,5.035520833333333,0.9933333333333333,9536,3248,8,8,8,4,600,false,false,4,16
red4:lane3:snr18.0:seed4:frame6,18.0,6,lite,awgn,0.0,32.0,480,4.989583333333333,6.025104166666666,0.9933333333333333,9536,3248,9,9,9,4,456,false,false,4,16
red4:lane3:snr18.0:seed4:frame7,18.0,7,lite,awgn,0.0,32.0,574,5.96875,7.004270833333333,0.9933333333333333,9536,3248,10,10,10,4,527,false,false,4,16
red4:lane3:snr18.0:seed4:frame8,18.0,8,lite,awgn,0.0,32.0,669,6.958333333333333,7.993854166666666,0.9933333333333333,9536,3248,11,11,11,4,461,false,false,4,16
red4:lane3:snr18.0:seed4:frame9,18.0,9,lite,awgn,0.0,32.0,769,8.0,9.035520833333333,0.9933333333333333,9536,3248,12,12,12,4,470,false,false,4,16
red4:lane3:snr18.0:seed4:frame10,18.0,10,lite,awgn,0.0,32.0,864,8.989583333333334,10.025104166666667,0.9933333333333333,9536,3248,13,13,13,4,491,false,false,4,16
red4:lane3:snr18.0:seed4:frame11,18.0,11,lite,awgn,0.0,32.0,958,9.96875,11.004270833333333,0.9933333333333333,9536,3248,14,14,14,4,423,false,false,4,16
red4:lane3:snr18.0:seed4:frame12,18.0,12,lite,awgn,0.0,32.0,1053,10.958333333333334,11.993854166666667,0.9933333333333333,9536,3248,15,15,15,4,536,false,false,4,16
red4:lane3:snr18.0:seed4:frame13,18.0,13,lite,awgn,0.0,32.0,1153,12.0,13.035520833333333,0.9933333333333333,9536,3248,16,16,16,4,341,false,false,4,16
red4:lane3:snr18.0:seed4:frame14,18.0,14,lite,awgn,0.0,32.0,1248,12.989583333333334,14.025104166666667,0.9933333333333333,9536,3248,17,17,17,4,513,false,false,4,16
red4:lane3:snr18.0:seed4:frame15,18.0,15,lite,awgn,0.0,32.0,1342,13.96875,15.004270833333333,0.9933333333333333,9536,3248,18,18,18,4,523,false,false,4,16
red4:lane3:snr18.0:seed4:frame16,18.0,16,lite,awgn,0.0,32.0,1437,14.958333333333334,15.993854166666667,0.9933333333333333,9536,3248,19,19,19,4,598,false,false,4,16
red4:lane3:snr18.0:seed4:frame17,18.0,17,lite,awgn,0.0,32.0,1537,16.0,17.035520833333333,0.9933333333333333,9536,3248,20,20,20,4,477,false,false,4,16
red4:lane3:snr18.0:seed4:frame18,18.0,18,lite,awgn,0.0,32.0,1632,16.989583333333332,18.025104166666665,0.9933333333333333,9536,3248,21,21,21,4,518,false,false,4,16
red4:lane3:snr18.0:seed4:frame19,18.0,19,lite,awgn,0.0,32.0,1726,17.96875,19.004270833333333,0.9933333333333333,9536,3248,22,22,22,4,581,false,false,4,16
red4:lane3:snr18.0:seed4:frame20,18.0,20,lite,awgn,0.0,32.0,1821,18.958333333333332,19.993854166666665,0.9933333333333333,9536,3248,23,23,23,4,458,false,false,4,16
red4:lane3:snr18.0:seed4:frame21,18.0,21,lite,awgn,0.0,32.0,1921,20.0,21.035520833333333,0.9933333333333333,9536,3248,24,24,24,4,465,false,false,4,16
red4:lane3:snr18.0:seed4:frame22,18.0,22,lite,awgn,0.0,32.0,2016,20.989583333333332,22.025104166666665,0.9933333333333333,9536,3248,25,25,25,4,374,false,false,4,16
red4:lane3:snr18.0:seed4:frame23,18.0,23,lite,awgn,0.0,32.0,2110,21.96875,23.004270833333333,0.9933333333333333,9536,3248,26,26,26,4,392,false,false,4,16
red4:lane3:snr18.0:seed4:frame24,18.0,24,lite,awgn,0.0,32.0,2205,22.958333333333332,23.993854166666665,0.9933333333333333,9536,3248,27,27,27,4,357,false,false,4,16
red4:lane3:snr18.0:seed4:frame25,18.0,25,lite,awgn,0.0,32.0,2305,24.0,25.035520833333333,0.9933333333333333,9536,3248,28,28,28,4,572,false,false,4,16
red4:lane3:snr18.0:seed4:frame26,18.0,26,lite,awgn,0.0,32.0,2400,24.989583333333332,26.025104166666665,0.9933333333333333,9536,3248,29,29,29,4,571,false,false,4,16
red4:lane3:snr18.0:seed4:frame27,18.0,27,lite,awgn,0.0,32.0,2494,25.96875,27.004270833333333,0.9933333333333333,9536,3248,30,30,30,4,515,false,false,4,16
red4:lane3:snr18.0:seed4:frame28,18.0,28,lite,awgn,0.0,32.0,2589,26.958333333333332,27.993854166666665,0.9933333333333333,9536,3248,31,31,31,4,411,false,false,4,16
red4:lane3:snr18.0:seed4:frame29,18.0,29,lite,awgn,0.0,32.0,2689,28.0,29.035520833333333,0.9933333333333333,9536,3248,32,32,32,4,408,false,false,4,16
red4:lane3:snr18.0:seed4:frame30,18.0,30,lite,awgn,0.0,32.0,2784,28.989583333333332,30.025104166666665,0.9933333333333333,9536,3248,33,33,33,4,490,false,false,4,16
red4:lane3:snr18.0:seed4:frame31,18.0,31,lite,awgn,0.0,32.0,2878,29.96875,31.004270833333333,0.9933333333333333,9536,3248,34,34,34,4,483,false,false,4,16
red4:lane3:snr18.0:seed4:frame32,18.0,32,lite,awgn,0.0,32.0,2973,30.958333333333332,31.993854166666665,0.9933333333333333,9536,3248,35,35,35,4,484,false,false,4,16
red4:lane3:snr18.0:seed4:frame1,18.0,1,ofdm_fec,awgn,0.0,32.0,1,0.0,1.0355208333333332,0.9933333333333333,9536,3248,4,4,4,4,0,true,false,4,16
red4:lane3:snr18.0:seed4:frame2,18.0,2,ofdm_fec,awgn,0.0,32.0,96,0.9895833333333334,2.0251041666666665,0.9933333333333333,9536,3248,5,5,5,4,0,true,false,4,16
red4:lane3:snr18.0:seed4:frame3,18.0,3,ofdm_fec,awgn,0.0,32.0,190,1.96875,3.004270833333333,0.9933333333333333,9536,3248,6,6,6,4,0,true,false,4,16
red4:lane3:snr18.0:seed4:frame4,18.0,4,ofdm_fec,awgn,0.0,32.0,285,2.9583333333333335,3.993854166666667,0.9933333333333333,9536,3248,7,7,7,4,439,false,false,4,16
red4:lane3:snr18.0:seed4:frame5,18.0,5,ofdm_fec,awgn,0.0,32.0,385,4.0,5.035520833333333,0.9933333333333333,9536,3248,8,8,8,4,484,false,false,4,16
red4:lane3:snr18.0:seed4:frame6,18.0,6,ofdm_fec,awgn,0.0,32.0,480,4.989583333333333,6.025104166666666,0.9933333333333333,9536,3248,9,9,9,4,291,false,false,4,16
red4:lane3:snr18.0:seed4:frame7,18.0,7,ofdm_fec,awgn,0.0,32.0,574,5.96875,7.004270833333333,0.9933333333333333,9536,3248,10,10,10,4,514,false,false,4,16
red4:lane3:snr18.0:seed4:frame8,18.0,8,ofdm_fec,awgn,0.0,32.0,669,6.958333333333333,7.993854166666666,0.9933333333333333,9536,3248,11,11,11,4,409,false,false,4,16
red4:lane3:snr18.0:seed4:frame9,18.0,9,ofdm_fec,awgn,0.0,32.0,769,8.0,9.035520833333333,0.9933333333333333,9536,3248,12,12,12,4,435,false,false,4,16
red4:lane3:snr18.0:seed4:frame10,18.0,10,ofdm_fec,awgn,0.0,32.0,864,8.989583333333334,10.025104166666667,0.9933333333333333,9536,3248,13,13,13,4,539,false,false,4,16
red4:lane3:snr18.0:seed4:frame11,18.0,11,ofdm_fec,awgn,0.0,32.0,958,9.96875,11.004270833333333,0.9933333333333333,9536,3248,14,14,14,4,461,false,false,4,16
red4:lane3:snr18.0:seed4:frame12,18.0,12,ofdm_fec,awgn,0.0,32.0,1053,10.958333333333334,11.993854166666667,0.9933333333333333,9536,3248,15,15,15,4,257,false,false,4,16
red4:lane3:snr18.0:seed4:frame13,18.0,13,ofdm_fec,awgn,0.0,32.0,1153,12.0,13.035520833333333,0.9933333333333333,9536,3248,16,16,16,4,0,true,false,4,16
red4:lane3:snr18.0:seed4:frame14,18.0,14,ofdm_fec,awgn,0.0,32.0,1248,12.989583333333334,14.025104166666667,0.9933333333333333,9536,3248,17,17,17,4,0,true,false,4,16
red4:lane3:snr18.0:seed4:frame15,18.0,15,ofdm_fec,awgn,0.0,32.0,1342,13.96875,15.004270833333333,0.9933333333333333,9536,3248,18,18,18,4,492,false,false,4,16
red4:lane3:snr18.0:seed4:frame16,18.0,16,ofdm_fec,awgn,0.0,32.0,1437,14.958333333333334,15.993854166666667,0.9933333333333333,9536,3248,19,19,19,4,473,false,false,4,16
red4:lane3:snr18.0:seed4:frame17,18.0,17,ofdm_fec,awgn,0.0,32.0,1537,16.0,17.035520833333333,0.9933333333333333,9536,3248,20,20,20,4,0,true,false,4,16
red4:lane3:snr18.0:seed4:frame18,18.0,18,ofdm_fec,awgn,0.0,32.0,1632,16.989583333333332,18.025104166666665,0.9933333333333333,9536,3248,21,21,21,4,460,false,false,4,16
red4:lane3:snr18.0:seed4:frame19,18.0,19,ofdm_fec,awgn,0.0,32.0,1726,17.96875,19.004270833333333,0.9933333333333333,9536,3248,22,22,22,4,516,false,false,4,16
red4:lane3:snr18.0:seed4:frame20,18.0,20,ofdm_fec,awgn,0.0,32.0,1821,18.958333333333332,19.993854166666665,0.9933333333333333,9536,3248,23,23,23,4,0,true,false,4,16
red4:lane3:snr18.0:seed4:frame21,18.0,21,ofdm_fec,awgn,0.0,32.0,1921,20.0,21.035520833333333,0.9933333333333333,9536,3248,24,24,24,4,0,true,false,4,16
red4:lane3:snr18.0:seed4:frame22,18.0,22,ofdm_fec,awgn,0.0,32.0,2016,20.989583333333332,22.025104166666665,0.9933333333333333,9536,3248,25,25,25,4,454,false,false,4,16
red4:lane3:snr18.0:seed4:frame23,18.0,23,ofdm_fec,awgn,0.0,32.0,2110,21.96875,23.004270833333333,0.9933333333333333,9536,3248,26,26,26,4,0,true,false,4,16
red4:lane3:snr18.0:seed4:frame24,18.0,24,ofdm_fec,awgn,0.0,32.0,2205,22.958333333333332,23.993854166666665,0.9933333333333333,9536,3248,27,27,27,4,0,true,false,4,16
red4:lane3:snr18.0:seed4:frame25,18.0,25,ofdm_fec,awgn,0.0,32.0,2305,24.0,25.035520833333333,0.9933333333333333,9536,3248,28,28,28,4,430,false,false,4,16
red4:lane3:snr18.0:seed4:frame26,18.0,26,ofdm_fec,awgn,0.0,32.0,2400,24.989583333333332,26.025104166666665,0.9933333333333333,9536,3248,29,29,29,4,467,false,false,4,16
red4:lane3:snr18.0:seed4:frame27,18.0,27,ofdm_fec,awgn,0.0,32.0,2494,25.96875,27.004270833333333,0.9933333333333333,9536,3248,30,30,30,4,479,false,false,4,16
red4:lane3:snr18.0:seed4:frame28,18.0,28,ofdm_fec,awgn,0.0,32.0,2589,26.958333333333332,27.993854166666665,0.9933333333333333,9536,3248,31,31,31,4,0,true,false,4,16
red4:lane3:snr18.0:seed4:frame29,18.0,29,ofdm_fec,awgn,0.0,32.0,2689,28.0,29.035520833333333,0.9933333333333333,9536,3248,32,32,32,4,0,true,false,4,16
red4:lane3:snr18.0:seed4:frame30,18.0,30,ofdm_fec,awgn,0.0,32.0,2784,28.989583333333332,30.025104166666665,0.9933333333333333,9536,3248,33,33,33,4,407,false,false,4,16
red4:lane3:snr18.0:seed4:frame31,18.0,31,ofdm_fec,awgn,0.0,32.0,2878,29.96875,31.004270833333333,0.9933333333333333,9536,3248,34,34,34,4,0,true,false,4,16
red4:lane3:snr18.0:seed4:frame32,18.0,32,ofdm_fec,awgn,0.0,32.0,2973,30.958333333333332,31.993854166666665,0.9933333333333333,9536,3248,35,35,35,4,382,false,false,4,16
red4:lane3:snr18.0:seed4:frame1,18.0,1,pfft,awgn,0.0,32.0,1,0.0,1.0355208333333332,0.9933333333333333,9536,3248,4,4,4,4,441,false,false,4,16
red4:lane3:snr18.0:seed4:frame2,18.0,2,pfft,awgn,0.0,32.0,96,0.9895833333333334,2.0251041666666665,0.9933333333333333,9536,3248,5,5,5,4,438,false,false,4,16
red4:lane3:snr18.0:seed4:frame3,18.0,3,pfft,awgn,0.0,32.0,190,1.96875,3.004270833333333,0.9933333333333333,9536,3248,6,6,6,4,509,false,false,4,16
red4:lane3:snr18.0:seed4:frame4,18.0,4,pfft,awgn,0.0,32.0,285,2.9583333333333335,3.993854166666667,0.9933333333333333,9536,3248,7,7,7,4,664,false,false,4,16
red4:lane3:snr18.0:seed4:frame5,18.0,5,pfft,awgn,0.0,32.0,385,4.0,5.035520833333333,0.9933333333333333,9536,3248,8,8,8,4,600,false,false,4,16
red4:lane3:snr18.0:seed4:frame6,18.0,6,pfft,awgn,0.0,32.0,480,4.989583333333333,6.025104166666666,0.9933333333333333,9536,3248,9,9,9,4,514,false,false,4,16
red4:lane3:snr18.0:seed4:frame7,18.0,7,pfft,awgn,0.0,32.0,574,5.96875,7.004270833333333,0.9933333333333333,9536,3248,10,10,10,4,629,false,false,4,16
red4:lane3:snr18.0:seed4:frame8,18.0,8,pfft,awgn,0.0,32.0,669,6.958333333333333,7.993854166666666,0.9933333333333333,9536,3248,11,11,11,4,580,false,false,4,16
red4:lane3:snr18.0:seed4:frame9,18.0,9,pfft,awgn,0.0,32.0,769,8.0,9.035520833333333,0.9933333333333333,9536,3248,12,12,12,4,470,false,false,4,16
red4:lane3:snr18.0:seed4:frame10,18.0,10,pfft,awgn,0.0,32.0,864,8.989583333333334,10.025104166666667,0.9933333333333333,9536,3248,13,13,13,4,542,false,false,4,16
red4:lane3:snr18.0:seed4:frame11,18.0,11,pfft,awgn,0.0,32.0,958,9.96875,11.004270833333333,0.9933333333333333,9536,3248,14,14,14,4,423,false,false,4,16
red4:lane3:snr18.0:seed4:frame12,18.0,12,pfft,awgn,0.0,32.0,1053,10.958333333333334,11.993854166666667,0.9933333333333333,9536,3248,15,15,15,4,536,false,false,4,16
red4:lane3:snr18.0:seed4:frame13,18.0,13,pfft,awgn,0.0,32.0,1153,12.0,13.035520833333333,0.9933333333333333,9536,3248,16,16,16,4,485,false,false,4,16
red4:lane3:snr18.0:seed4:frame14,18.0,14,pfft,awgn,0.0,32.0,1248,12.989583333333334,14.025104166666667,0.9933333333333333,9536,3248,17,17,17,4,519,false,false,4,16
red4:lane3:snr18.0:seed4:frame15,18.0,15,pfft,awgn,0.0,32.0,1342,13.96875,15.004270833333333,0.9933333333333333,9536,3248,18,18,18,4,573,false,false,4,16
red4:lane3:snr18.0:seed4:frame16,18.0,16,pfft,awgn,0.0,32.0,1437,14.958333333333334,15.993854166666667,0.9933333333333333,9536,3248,19,19,19,4,583,false,false,4,16
red4:lane3:snr18.0:seed4:frame17,18.0,17,pfft,awgn,0.0,32.0,1537,16.0,17.035520833333333,0.9933333333333333,9536,3248,20,20,20,4,477,false,false,4,16
red4:lane3:snr18.0:seed4:frame18,18.0,18,pfft,awgn,0.0,32.0,1632,16.989583333333332,18.025104166666665,0.9933333333333333,9536,3248,21,21,21,4,518,false,false,4,16
red4:lane3:snr18.0:seed4:frame19,18.0,19,pfft,awgn,0.0,32.0,1726,17.96875,19.004270833333333,0.9933333333333333,9536,3248,22,22,22,4,604,false,false,4,16
red4:lane3:snr18.0:seed4:frame20,18.0,20,pfft,awgn,0.0,32.0,1821,18.958333333333332,19.993854166666665,0.9933333333333333,9536,3248,23,23,23,4,458,false,false,4,16
red4:lane3:snr18.0:seed4:frame21,18.0,21,pfft,awgn,0.0,32.0,1921,20.0,21.035520833333333,0.9933333333333333,9536,3248,24,24,24,4,569,false,false,4,16
red4:lane3:snr18.0:seed4:frame22,18.0,22,pfft,awgn,0.0,32.0,2016,20.989583333333332,22.025104166666665,0.9933333333333333,9536,3248,25,25,25,4,513,false,false,4,16
red4:lane3:snr18.0:seed4:frame23,18.0,23,pfft,awgn,0.0,32.0,2110,21.96875,23.004270833333333,0.9933333333333333,9536,3248,26,26,26,4,392,false,false,4,16
red4:lane3:snr18.0:seed4:frame24,18.0,24,pfft,awgn,0.0,32.0,2205,22.958333333333332,23.993854166666665,0.9933333333333333,9536,3248,27,27,27,4,439,false,false,4,16
red4:lane3:snr18.0:seed4:frame25,18.0,25,pfft,awgn,0.0,32.0,2305,24.0,25.035520833333333,0.9933333333333333,9536,3248,28,28,28,4,572,false,false,4,16
red4:lane3:snr18.0:seed4:frame26,18.0,26,pfft,awgn,0.0,32.0,2400,24.989583333333332,26.025104166666665,0.9933333333333333,9536,3248,29,29,29,4,623,false,false,4,16
red4:lane3:snr18.0:seed4:frame27,18.0,27,pfft,awgn,0.0,32.0,2494,25.96875,27.004270833333333,0.9933333333333333,9536,3248,30,30,30,4,515,false,false,4,16
red4:lane3:snr18.0:seed4:frame28,18.0,28,pfft,awgn,0.0,32.0,2589,26.958333333333332,27.993854166666665,0.9933333333333333,9536,3248,31,31,31,4,473,false,false,4,16
red4:lane3:snr18.0:seed4:frame29,18.0,29,pfft,awgn,0.0,32.0,2689,28.0,29.035520833333333,0.9933333333333333,9536,3248,32,32,32,4,408,false,false,4,16
red4:lane3:snr18.0:seed4:frame30,18.0,30,pfft,awgn,0.0,32.0,2784,28.989583333333332,30.025104166666665,0.9933333333333333,9536,3248,33,33,33,4,490,false,false,4,16
red4:lane3:snr18.0:seed4:frame31,18.0,31,pfft,awgn,0.0,32.0,2878,29.96875,31.004270833333333,0.9933333333333333,9536,3248,34,34,34,4,599,false,false,4,16
red4:lane3:snr18.0:seed4:frame32,18.0,32,pfft,awgn,0.0,32.0,2973,30.958333333333332,31.993854166666665,0.9933333333333333,9536,3248,35,35,35,4,550,false,false,4,16
red4:lane3:snr18.0:seed4:frame1,18.0,1,profiled_cz,awgn,0.0,32.0,1,0.0,1.0355208333333332,0.9933333333333333,9536,3248,4,4,4,4,0,true,false,4,16
red4:lane3:snr18.0:seed4:frame2,18.0,2,profiled_cz,awgn,0.0,32.0,96,0.9895833333333334,2.0251041666666665,0.9933333333333333,9536,3248,5,5,5,4,0,true,false,4,16
red4:lane3:snr18.0:seed4:frame3,18.0,3,profiled_cz,awgn,0.0,32.0,190,1.96875,3.004270833333333,0.9933333333333333,9536,3248,6,6,6,4,0,true,false,4,16
red4:lane3:snr18.0:seed4:frame4,18.0,4,profiled_cz,awgn,0.0,32.0,285,2.9583333333333335,3.993854166666667,0.9933333333333333,9536,3248,7,7,7,4,439,false,false,4,16
red4:lane3:snr18.0:seed4:frame5,18.0,5,profiled_cz,awgn,0.0,32.0,385,4.0,5.035520833333333,0.9933333333333333,9536,3248,8,8,8,4,484,false,false,4,16
red4:lane3:snr18.0:seed4:frame6,18.0,6,profiled_cz,awgn,0.0,32.0,480,4.989583333333333,6.025104166666666,0.9933333333333333,9536,3248,9,9,9,4,291,false,false,4,16
red4:lane3:snr18.0:seed4:frame7,18.0,7,profiled_cz,awgn,0.0,32.0,574,5.96875,7.004270833333333,0.9933333333333333,9536,3248,10,10,10,4,514,false,false,4,16
red4:lane3:snr18.0:seed4:frame8,18.0,8,profiled_cz,awgn,0.0,32.0,669,6.958333333333333,7.993854166666666,0.9933333333333333,9536,3248,11,11,11,4,409,false,false,4,16
red4:lane3:snr18.0:seed4:frame9,18.0,9,profiled_cz,awgn,0.0,32.0,769,8.0,9.035520833333333,0.9933333333333333,9536,3248,12,12,12,4,435,false,false,4,16
red4:lane3:snr18.0:seed4:frame10,18.0,10,profiled_cz,awgn,0.0,32.0,864,8.989583333333334,10.025104166666667,0.9933333333333333,9536,3248,13,13,13,4,539,false,false,4,16
red4:lane3:snr18.0:seed4:frame11,18.0,11,profiled_cz,awgn,0.0,32.0,958,9.96875,11.004270833333333,0.9933333333333333,9536,3248,14,14,14,4,461,false,false,4,16
red4:lane3:snr18.0:seed4:frame12,18.0,12,profiled_cz,awgn,0.0,32.0,1053,10.958333333333334,11.993854166666667,0.9933333333333333,9536,3248,15,15,15,4,257,false,false,4,16
red4:lane3:snr18.0:seed4:frame13,18.0,13,profiled_cz,awgn,0.0,32.0,1153,12.0,13.035520833333333,0.9933333333333333,9536,3248,16,16,16,4,0,true,false,4,16
red4:lane3:snr18.0:seed4:frame14,18.0,14,profiled_cz,awgn,0.0,32.0,1248,12.989583333333334,14.025104166666667,0.9933333333333333,9536,3248,17,17,17,4,0,true,false,4,16
red4:lane3:snr18.0:seed4:frame15,18.0,15,profiled_cz,awgn,0.0,32.0,1342,13.96875,15.004270833333333,0.9933333333333333,9536,3248,18,18,18,4,492,false,false,4,16
red4:lane3:snr18.0:seed4:frame16,18.0,16,profiled_cz,awgn,0.0,32.0,1437,14.958333333333334,15.993854166666667,0.9933333333333333,9536,3248,19,19,19,4,473,false,false,4,16
red4:lane3:snr18.0:seed4:frame17,18.0,17,profiled_cz,awgn,0.0,32.0,1537,16.0,17.035520833333333,0.9933333333333333,9536,3248,20,20,20,4,0,true,false,4,16
red4:lane3:snr18.0:seed4:frame18,18.0,18,profiled_cz,awgn,0.0,32.0,1632,16.989583333333332,18.025104166666665,0.9933333333333333,9536,3248,21,21,21,4,460,false,false,4,16
red4:lane3:snr18.0:seed4:frame19,18.0,19,profiled_cz,awgn,0.0,32.0,1726,17.96875,19.004270833333333,0.9933333333333333,9536,3248,22,22,22,4,516,false,false,4,16
red4:lane3:snr18.0:seed4:frame20,18.0,20,profiled_cz,awgn,0.0,32.0,1821,18.958333333333332,19.993854166666665,0.9933333333333333,9536,3248,23,23,23,4,0,true,false,4,16
red4:lane3:snr18.0:seed4:frame21,18.0,21,profiled_cz,awgn,0.0,32.0,1921,20.0,21.035520833333333,0.9933333333333333,9536,3248,24,24,24,4,0,true,false,4,16
red4:lane3:snr18.0:seed4:frame22,18.0,22,profiled_cz,awgn,0.0,32.0,2016,20.989583333333332,22.025104166666665,0.9933333333333333,9536,3248,25,25,25,4,454,false,false,4,16
red4:lane3:snr18.0:seed4:frame23,18.0,23,profiled_cz,awgn,0.0,32.0,2110,21.96875,23.004270833333333,0.9933333333333333,9536,3248,26,26,26,4,0,true,false,4,16
red4:lane3:snr18.0:seed4:frame24,18.0,24,profiled_cz,awgn,0.0,32.0,2205,22.958333333333332,23.993854166666665,0.9933333333333333,9536,3248,27,27,27,4,0,true,false,4,16
red4:lane3:snr18.0:seed4:frame25,18.0,25,profiled_cz,awgn,0.0,32.0,2305,24.0,25.035520833333333,0.9933333333333333,9536,3248,28,28,28,4,430,false,false,4,16
red4:lane3:snr18.0:seed4:frame26,18.0,26,profiled_cz,awgn,0.0,32.0,2400,24.989583333333332,26.025104166666665,0.9933333333333333,9536,3248,29,29,29,4,467,false,false,4,16
red4:lane3:snr18.0:seed4:frame27,18.0,27,profiled_cz,awgn,0.0,32.0,2494,25.96875,27.004270833333333,0.9933333333333333,9536,3248,30,30,30,4,479,false,false,4,16
red4:lane3:snr18.0:seed4:frame28,18.0,28,profiled_cz,awgn,0.0,32.0,2589,26.958333333333332,27.993854166666665,0.9933333333333333,9536,3248,31,31,31,4,0,true,false,4,16
red4:lane3:snr18.0:seed4:frame29,18.0,29,profiled_cz,awgn,0.0,32.0,2689,28.0,29.035520833333333,0.9933333333333333,9536,3248,32,32,32,4,0,true,false,4,16
red4:lane3:snr18.0:seed4:frame30,18.0,30,profiled_cz,awgn,0.0,32.0,2784,28.989583333333332,30.025104166666665,0.9933333333333333,9536,3248,33,33,33,4,407,false,false,4,16
red4:lane3:snr18.0:seed4:frame31,18.0,31,profiled_cz,awgn,0.0,32.0,2878,29.96875,31.004270833333333,0.9933333333333333,9536,3248,34,34,34,4,0,true,false,4,16
red4:lane3:snr18.0:seed4:frame32,18.0,32,profiled_cz,awgn,0.0,32.0,2973,30.958333333333332,31.993854166666665,0.9933333333333333,9536,3248,35,35,35,4,382,false,false,4,16
red4:lane3:snr20.0:seed4:frame1,20.0,1,cwz_joint,awgn,0.0,32.0,1,0.0,1.0355208333333332,0.9933333333333333,9536,3248,4,4,4,4,0,true,false,4,16
red4:lane3:snr20.0:seed4:frame2,20.0,2,cwz_joint,awgn,0.0,32.0,96,0.9895833333333334,2.0251041666666665,0.9933333333333333,9536,3248,5,5,5,4,0,true,false,4,16
red4:lane3:snr20.0:seed4:frame3,20.0,3,cwz_joint,awgn,0.0,32.0,190,1.96875,3.004270833333333,0.9933333333333333,9536,3248,6,6,6,4,0,true,false,4,16
red4:lane3:snr20.0:seed4:frame4,20.0,4,cwz_joint,awgn,0.0,32.0,285,2.9583333333333335,3.993854166666667,0.9933333333333333,9536,3248,7,7,7,4,379,false,false,4,16
red4:lane3:snr20.0:seed4:frame5,20.0,5,cwz_joint,awgn,0.0,32.0,385,4.0,5.035520833333333,0.9933333333333333,9536,3248,8,8,8,4,493,false,false,4,16
red4:lane3:snr20.0:seed4:frame6,20.0,6,cwz_joint,awgn,0.0,32.0,480,4.989583333333333,6.025104166666666,0.9933333333333333,9536,3248,9,9,9,4,0,true,false,4,16
red4:lane3:snr20.0:seed4:frame7,20.0,7,cwz_joint,awgn,0.0,32.0,574,5.96875,7.004270833333333,0.9933333333333333,9536,3248,10,10,10,4,552,false,false,4,16
red4:lane3:snr20.0:seed4:frame8,20.0,8,cwz_joint,awgn,0.0,32.0,669,6.958333333333333,7.993854166666666,0.9933333333333333,9536,3248,11,11,11,4,378,false,false,4,16
red4:lane3:snr20.0:seed4:frame9,20.0,9,cwz_joint,awgn,0.0,32.0,769,8.0,9.035520833333333,0.9933333333333333,9536,3248,12,12,12,4,390,false,false,4,16
red4:lane3:snr20.0:seed4:frame10,20.0,10,cwz_joint,awgn,0.0,32.0,864,8.989583333333334,10.025104166666667,0.9933333333333333,9536,3248,13,13,13,4,552,false,false,4,16
red4:lane3:snr20.0:seed4:frame11,20.0,11,cwz_joint,awgn,0.0,32.0,958,9.96875,11.004270833333333,0.9933333333333333,9536,3248,14,14,14,4,417,false,false,4,16
red4:lane3:snr20.0:seed4:frame12,20.0,12,cwz_joint,awgn,0.0,32.0,1053,10.958333333333334,11.993854166666667,0.9933333333333333,9536,3248,15,15,15,4,0,true,false,4,16
red4:lane3:snr20.0:seed4:frame13,20.0,13,cwz_joint,awgn,0.0,32.0,1153,12.0,13.035520833333333,0.9933333333333333,9536,3248,16,16,16,4,0,true,false,4,16
red4:lane3:snr20.0:seed4:frame14,20.0,14,cwz_joint,awgn,0.0,32.0,1248,12.989583333333334,14.025104166666667,0.9933333333333333,9536,3248,17,17,17,4,0,true,false,4,16
red4:lane3:snr20.0:seed4:frame15,20.0,15,cwz_joint,awgn,0.0,32.0,1342,13.96875,15.004270833333333,0.9933333333333333,9536,3248,18,18,18,4,457,false,false,4,16
red4:lane3:snr20.0:seed4:frame16,20.0,16,cwz_joint,awgn,0.0,32.0,1437,14.958333333333334,15.993854166666667,0.9933333333333333,9536,3248,19,19,19,4,466,false,false,4,16
red4:lane3:snr20.0:seed4:frame17,20.0,17,cwz_joint,awgn,0.0,32.0,1537,16.0,17.035520833333333,0.9933333333333333,9536,3248,20,20,20,4,0,true,false,4,16
red4:lane3:snr20.0:seed4:frame18,20.0,18,cwz_joint,awgn,0.0,32.0,1632,16.989583333333332,18.025104166666665,0.9933333333333333,9536,3248,21,21,21,4,437,false,false,4,16
red4:lane3:snr20.0:seed4:frame19,20.0,19,cwz_joint,awgn,0.0,32.0,1726,17.96875,19.004270833333333,0.9933333333333333,9536,3248,22,22,22,4,530,false,false,4,16
red4:lane3:snr20.0:seed4:frame20,20.0,20,cwz_joint,awgn,0.0,32.0,1821,18.958333333333332,19.993854166666665,0.9933333333333333,9536,3248,23,23,23,4,0,true,false,4,16
red4:lane3:snr20.0:seed4:frame21,20.0,21,cwz_joint,awgn,0.0,32.0,1921,20.0,21.035520833333333,0.9933333333333333,9536,3248,24,24,24,4,0,true,false,4,16
red4:lane3:snr20.0:seed4:frame22,20.0,22,cwz_joint,awgn,0.0,32.0,2016,20.989583333333332,22.025104166666665,0.9933333333333333,9536,3248,25,25,25,4,457,false,false,4,16
red4:lane3:snr20.0:seed4:frame23,20.0,23,cwz_joint,awgn,0.0,32.0,2110,21.96875,23.004270833333333,0.9933333333333333,9536,3248,26,26,26,4,0,true,false,4,16
red4:lane3:snr20.0:seed4:frame24,20.0,24,cwz_joint,awgn,0.0,32.0,2205,22.958333333333332,23.993854166666665,0.9933333333333333,9536,3248,27,27,27,4,0,true,false,4,16
red4:lane3:snr20.0:seed4:frame25,20.0,25,cwz_joint,awgn,0.0,32.0,2305,24.0,25.035520833333333,0.9933333333333333,9536,3248,28,28,28,4,372,false,false,4,16
red4:lane3:snr20.0:seed4:frame26,20.0,26,cwz_joint,awgn,0.0,32.0,2400,24.989583333333332,26.025104166666665,0.9933333333333333,9536,3248,29,29,29,4,441,false,false,4,16
red4:lane3:snr20.0:seed4:frame27,20.0,27,cwz_joint,awgn,0.0,32.0,2494,25.96875,27.004270833333333,0.9933333333333333,9536,3248,30,30,30,4,447,false,false,4,16
red4:lane3:snr20.0:seed4:frame28,20.0,28,cwz_joint,awgn,0.0,32.0,2589,26.958333333333332,27.993854166666665,0.9933333333333333,9536,3248,31,31,31,4,0,true,false,4,16
red4:lane3:snr20.0:seed4:frame29,20.0,29,cwz_joint,awgn,0.0,32.0,2689,28.0,29.035520833333333,0.9933333333333333,9536,3248,32,32,32,4,0,true,false,4,16
red4:lane3:snr20.0:seed4:frame30,20.0,30,cwz_joint,awgn,0.0,32.0,2784,28.989583333333332,30.025104166666665,0.9933333333333333,9536,3248,33,33,33,4,370,false,false,4,16
red4:lane3:snr20.0:seed4:frame31,20.0,31,cwz_joint,awgn,0.0,32.0,2878,29.96875,31.004270833333333,0.9933333333333333,9536,3248,34,34,34,4,0,true,false,4,16
red4:lane3:snr20.0:seed4:frame32,20.0,32,cwz_joint,awgn,0.0,32.0,2973,30.958333333333332,31.993854166666665,0.9933333333333333,9536,3248,35,35,35,4,290,false,false,4,16
red4:lane3:snr20.0:seed4:frame1,20.0,1,lite,awgn,0.0,32.0,1,0.0,1.0355208333333332,0.9933333333333333,9536,3248,4,4,4,4,370,false,false,4,16
red4:lane3:snr20.0:seed4:frame2,20.0,2,lite,awgn,0.0,32.0,96,0.9895833333333334,2.0251041666666665,0.9933333333333333,9536,3248,5,5,5,4,271,false,false,4,16
red4:lane3:snr20.0:seed4:frame3,20.0,3,lite,awgn,0.0,32.0,190,1.96875,3.004270833333333,0.9933333333333333,9536,3248,6,6,6,4,447,false,false,4,16
red4:lane3:snr20.0:seed4:frame4,20.0,4,lite,awgn,0.0,32.0,285,2.9583333333333335,3.993854166666667,0.9933333333333333,9536,3248,7,7,7,4,637,false,false,4,16
red4:lane3:snr20.0:seed4:frame5,20.0,5,lite,awgn,0.0,32.0,385,4.0,5.035520833333333,0.9933333333333333,9536,3248,8,8,8,4,572,false,false,4,16
red4:lane3:snr20.0:seed4:frame6,20.0,6,lite,awgn,0.0,32.0,480,4.989583333333333,6.025104166666666,0.9933333333333333,9536,3248,9,9,9,4,520,false,false,4,16
red4:lane3:snr20.0:seed4:frame7,20.0,7,lite,awgn,0.0,32.0,574,5.96875,7.004270833333333,0.9933333333333333,9536,3248,10,10,10,4,530,false,false,4,16
red4:lane3:snr20.0:seed4:frame8,20.0,8,lite,awgn,0.0,32.0,669,6.958333333333333,7.993854166666666,0.9933333333333333,9536,3248,11,11,11,4,420,false,false,4,16
red4:lane3:snr20.0:seed4:frame9,20.0,9,lite,awgn,0.0,32.0,769,8.0,9.035520833333333,0.9933333333333333,9536,3248,12,12,12,4,434,false,false,4,16
red4:lane3:snr20.0:seed4:frame10,20.0,10,lite,awgn,0.0,32.0,864,8.989583333333334,10.025104166666667,0.9933333333333333,9536,3248,13,13,13,4,521,false,false,4,16
red4:lane3:snr20.0:seed4:frame11,20.0,11,lite,awgn,0.0,32.0,958,9.96875,11.004270833333333,0.9933333333333333,9536,3248,14,14,14,4,414,false,false,4,16
red4:lane3:snr20.0:seed4:frame12,20.0,12,lite,awgn,0.0,32.0,1053,10.958333333333334,11.993854166666667,0.9933333333333333,9536,3248,15,15,15,4,446,false,false,4,16
red4:lane3:snr20.0:seed4:frame13,20.0,13,lite,awgn,0.0,32.0,1153,12.0,13.035520833333333,0.9933333333333333,9536,3248,16,16,16,4,274,false,false,4,16
red4:lane3:snr20.0:seed4:frame14,20.0,14,lite,awgn,0.0,32.0,1248,12.989583333333334,14.025104166666667,0.9933333333333333,9536,3248,17,17,17,4,472,false,false,4,16
red4:lane3:snr20.0:seed4:frame15,20.0,15,lite,awgn,0.0,32.0,1342,13.96875,15.004270833333333,0.9933333333333333,9536,3248,18,18,18,4,561,false,false,4,16
red4:lane3:snr20.0:seed4:frame16,20.0,16,lite,awgn,0.0,32.0,1437,14.958333333333334,15.993854166666667,0.9933333333333333,9536,3248,19,19,19,4,568,false,false,4,16
red4:lane3:snr20.0:seed4:frame17,20.0,17,lite,awgn,0.0,32.0,1537,16.0,17.035520833333333,0.9933333333333333,9536,3248,20,20,20,4,301,false,false,4,16
red4:lane3:snr20.0:seed4:frame18,20.0,18,lite,awgn,0.0,32.0,1632,16.989583333333332,18.025104166666665,0.9933333333333333,9536,3248,21,21,21,4,467,false,false,4,16
red4:lane3:snr20.0:seed4:frame19,20.0,19,lite,awgn,0.0,32.0,1726,17.96875,19.004270833333333,0.9933333333333333,9536,3248,22,22,22,4,562,false,false,4,16
red4:lane3:snr20.0:seed4:frame20,20.0,20,lite,awgn,0.0,32.0,1821,18.958333333333332,19.993854166666665,0.9933333333333333,9536,3248,23,23,23,4,0,true,false,4,16
red4:lane3:snr20.0:seed4:frame21,20.0,21,lite,awgn,0.0,32.0,1921,20.0,21.035520833333333,0.9933333333333333,9536,3248,24,24,24,4,546,false,false,4,16
red4:lane3:snr20.0:seed4:frame22,20.0,22,lite,awgn,0.0,32.0,2016,20.989583333333332,22.025104166666665,0.9933333333333333,9536,3248,25,25,25,4,447,false,false,4,16
red4:lane3:snr20.0:seed4:frame23,20.0,23,lite,awgn,0.0,32.0,2110,21.96875,23.004270833333333,0.9933333333333333,9536,3248,26,26,26,4,0,true,false,4,16
red4:lane3:snr20.0:seed4:frame24,20.0,24,lite,awgn,0.0,32.0,2205,22.958333333333332,23.993854166666665,0.9933333333333333,9536,3248,27,27,27,4,0,true,false,4,16
red4:lane3:snr20.0:seed4:frame25,20.0,25,lite,awgn,0.0,32.0,2305,24.0,25.035520833333333,0.9933333333333333,9536,3248,28,28,28,4,598,false,false,4,16
red4:lane3:snr20.0:seed4:frame26,20.0,26,lite,awgn,0.0,32.0,2400,24.989583333333332,26.025104166666665,0.9933333333333333,9536,3248,29,29,29,4,595,false,false,4,16
red4:lane3:snr20.0:seed4:frame27,20.0,27,lite,awgn,0.0,32.0,2494,25.96875,27.004270833333333,0.9933333333333333,9536,3248,30,30,30,4,467,false,false,4,16
red4:lane3:snr20.0:seed4:frame28,20.0,28,lite,awgn,0.0,32.0,2589,26.958333333333332,27.993854166666665,0.9933333333333333,9536,3248,31,31,31,4,366,false,false,4,16
red4:lane3:snr20.0:seed4:frame29,20.0,29,lite,awgn,0.0,32.0,2689,28.0,29.035520833333333,0.9933333333333333,9536,3248,32,32,32,4,325,false,false,4,16
red4:lane3:snr20.0:seed4:frame30,20.0,30,lite,awgn,0.0,32.0,2784,28.989583333333332,30.025104166666665,0.9933333333333333,9536,3248,33,33,33,4,406,false,false,4,16
red4:lane3:snr20.0:seed4:frame31,20.0,31,lite,awgn,0.0,32.0,2878,29.96875,31.004270833333333,0.9933333333333333,9536,3248,34,34,34,4,551,false,false,4,16
red4:lane3:snr20.0:seed4:frame32,20.0,32,lite,awgn,0.0,32.0,2973,30.958333333333332,31.993854166666665,0.9933333333333333,9536,3248,35,35,35,4,461,false,false,4,16
red4:lane3:snr20.0:seed4:frame1,20.0,1,ofdm_fec,awgn,0.0,32.0,1,0.0,1.0355208333333332,0.9933333333333333,9536,3248,4,4,4,4,0,true,false,4,16
red4:lane3:snr20.0:seed4:frame2,20.0,2,ofdm_fec,awgn,0.0,32.0,96,0.9895833333333334,2.0251041666666665,0.9933333333333333,9536,3248,5,5,5,4,0,true,false,4,16
red4:lane3:snr20.0:seed4:frame3,20.0,3,ofdm_fec,awgn,0.0,32.0,190,1.96875,3.004270833333333,0.9933333333333333,9536,3248,6,6,6,4,0,true,false,4,16
red4:lane3:snr20.0:seed4:frame4,20.0,4,ofdm_fec,awgn,0.0,32.0,285,2.9583333333333335,3.993854166666667,0.9933333333333333,9536,3248,7,7,7,4,379,false,false,4,16
red4:lane3:snr20.0:seed4:frame5,20.0,5,ofdm_fec,awgn,0.0,32.0,385,4.0,5.035520833333333,0.9933333333333333,9536,3248,8,8,8,4,493,false,false,4,16
red4:lane3:snr20.0:seed4:frame6,20.0,6,ofdm_fec,awgn,0.0,32.0,480,4.989583333333333,6.025104166666666,0.9933333333333333,9536,3248,9,9,9,4,0,true,false,4,16
red4:lane3:snr20.0:seed4:frame7,20.0,7,ofdm_fec,awgn,0.0,32.0,574,5.96875,7.004270833333333,0.9933333333333333,9536,3248,10,10,10,4,552,false,false,4,16
red4:lane3:snr20.0:seed4:frame8,20.0,8,ofdm_fec,awgn,0.0,32.0,669,6.958333333333333,7.993854166666666,0.9933333333333333,9536,3248,11,11,11,4,378,false,false,4,16
red4:lane3:snr20.0:seed4:frame9,20.0,9,ofdm_fec,awgn,0.0,32.0,769,8.0,9.035520833333333,0.9933333333333333,9536,3248,12,12,12,4,390,false,false,4,16
red4:lane3:snr20.0:seed4:frame10,20.0,10,ofdm_fec,awgn,0.0,32.0,864,8.989583333333334,10.025104166666667,0.9933333333333333,9536,3248,13,13,13,4,552,false,false,4,16
red4:lane3:snr20.0:seed4:frame11,20.0,11,ofdm_fec,awgn,0.0,32.0,958,9.96875,11.004270833333333,0.9933333333333333,9536,3248,14,14,14,4,417,false,false,4,16
red4:lane3:snr20.0:seed4:frame12,20.0,12,ofdm_fec,awgn,0.0,32.0,1053,10.958333333333334,11.993854166666667,0.9933333333333333,9536,3248,15,15,15,4,0,true,false,4,16
red4:lane3:snr20.0:seed4:frame13,20.0,13,ofdm_fec,awgn,0.0,32.0,1153,12.0,13.035520833333333,0.9933333333333333,9536,3248,16,16,16,4,0,true,false,4,16
red4:lane3:snr20.0:seed4:frame14,20.0,14,ofdm_fec,awgn,0.0,32.0,1248,12.989583333333334,14.025104166666667,0.9933333333333333,9536,3248,17,17,17,4,0,true,false,4,16
red4:lane3:snr20.0:seed4:frame15,20.0,15,ofdm_fec,awgn,0.0,32.0,1342,13.96875,15.004270833333333,0.9933333333333333,9536,3248,18,18,18,4,457,false,false,4,16
red4:lane3:snr20.0:seed4:frame16,20.0,16,ofdm_fec,awgn,0.0,32.0,1437,14.958333333333334,15.993854166666667,0.9933333333333333,9536,3248,19,19,19,4,466,false,false,4,16
red4:lane3:snr20.0:seed4:frame17,20.0,17,ofdm_fec,awgn,0.0,32.0,1537,16.0,17.035520833333333,0.9933333333333333,9536,3248,20,20,20,4,0,true,false,4,16
red4:lane3:snr20.0:seed4:frame18,20.0,18,ofdm_fec,awgn,0.0,32.0,1632,16.989583333333332,18.025104166666665,0.9933333333333333,9536,3248,21,21,21,4,437,false,false,4,16
red4:lane3:snr20.0:seed4:frame19,20.0,19,ofdm_fec,awgn,0.0,32.0,1726,17.96875,19.004270833333333,0.9933333333333333,9536,3248,22,22,22,4,530,false,false,4,16
red4:lane3:snr20.0:seed4:frame20,20.0,20,ofdm_fec,awgn,0.0,32.0,1821,18.958333333333332,19.993854166666665,0.9933333333333333,9536,3248,23,23,23,4,0,true,false,4,16
red4:lane3:snr20.0:seed4:frame21,20.0,21,ofdm_fec,awgn,0.0,32.0,1921,20.0,21.035520833333333,0.9933333333333333,9536,3248,24,24,24,4,0,true,false,4,16
red4:lane3:snr20.0:seed4:frame22,20.0,22,ofdm_fec,awgn,0.0,32.0,2016,20.989583333333332,22.025104166666665,0.9933333333333333,9536,3248,25,25,25,4,457,false,false,4,16
red4:lane3:snr20.0:seed4:frame23,20.0,23,ofdm_fec,awgn,0.0,32.0,2110,21.96875,23.004270833333333,0.9933333333333333,9536,3248,26,26,26,4,0,true,false,4,16
red4:lane3:snr20.0:seed4:frame24,20.0,24,ofdm_fec,awgn,0.0,32.0,2205,22.958333333333332,23.993854166666665,0.9933333333333333,9536,3248,27,27,27,4,0,true,false,4,16
red4:lane3:snr20.0:seed4:frame25,20.0,25,ofdm_fec,awgn,0.0,32.0,2305,24.0,25.035520833333333,0.9933333333333333,9536,3248,28,28,28,4,372,false,false,4,16
red4:lane3:snr20.0:seed4:frame26,20.0,26,ofdm_fec,awgn,0.0,32.0,2400,24.989583333333332,26.025104166666665,0.9933333333333333,9536,3248,29,29,29,4,441,false,false,4,16
red4:lane3:snr20.0:seed4:frame27,20.0,27,ofdm_fec,awgn,0.0,32.0,2494,25.96875,27.004270833333333,0.9933333333333333,9536,3248,30,30,30,4,447,false,false,4,16
red4:lane3:snr20.0:seed4:frame28,20.0,28,ofdm_fec,awgn,0.0,32.0,2589,26.958333333333332,27.993854166666665,0.9933333333333333,9536,3248,31,31,31,4,0,true,false,4,16
red4:lane3:snr20.0:seed4:frame29,20.0,29,ofdm_fec,awgn,0.0,32.0,2689,28.0,29.035520833333333,0.9933333333333333,9536,3248,32,32,32,4,0,true,false,4,16
red4:lane3:snr20.0:seed4:frame30,20.0,30,ofdm_fec,awgn,0.0,32.0,2784,28.989583333333332,30.025104166666665,0.9933333333333333,9536,3248,33,33,33,4,370,false,false,4,16
red4:lane3:snr20.0:seed4:frame31,20.0,31,ofdm_fec,awgn,0.0,32.0,2878,29.96875,31.004270833333333,0.9933333333333333,9536,3248,34,34,34,4,0,true,false,4,16
red4:lane3:snr20.0:seed4:frame32,20.0,32,ofdm_fec,awgn,0.0,32.0,2973,30.958333333333332,31.993854166666665,0.9933333333333333,9536,3248,35,35,35,4,290,false,false,4,16
red4:lane3:snr20.0:seed4:frame1,20.0,1,pfft,awgn,0.0,32.0,1,0.0,1.0355208333333332,0.9933333333333333,9536,3248,4,4,4,4,490,false,false,4,16
red4:lane3:snr20.0:seed4:frame2,20.0,2,pfft,awgn,0.0,32.0,96,0.9895833333333334,2.0251041666666665,0.9933333333333333,9536,3248,5,5,5,4,436,false,false,4,16
red4:lane3:snr20.0:seed4:frame3,20.0,3,pfft,awgn,0.0,32.0,190,1.96875,3.004270833333333,0.9933333333333333,9536,3248,6,6,6,4,531,false,false,4,16
red4:lane3:snr20.0:seed4:frame4,20.0,4,pfft,awgn,0.0,32.0,285,2.9583333333333335,3.993854166666667,0.9933333333333333,9536,3248,7,7,7,4,637,false,false,4,16
red4:lane3:snr20.0:seed4:frame5,20.0,5,pfft,awgn,0.0,32.0,385,4.0,5.035520833333333,0.9933333333333333,9536,3248,8,8,8,4,572,false,false,4,16
red4:lane3:snr20.0:seed4:frame6,20.0,6,pfft,awgn,0.0,32.0,480,4.989583333333333,6.025104166666666,0.9933333333333333,9536,3248,9,9,9,4,520,false,false,4,16
red4:lane3:snr20.0:seed4:frame7,20.0,7,pfft,awgn,0.0,32.0,574,5.96875,7.004270833333333,0.9933333333333333,9536,3248,10,10,10,4,611,false,false,4,16
red4:lane3:snr20.0:seed4:frame8,20.0,8,pfft,awgn,0.0,32.0,669,6.958333333333333,7.993854166666666,0.9933333333333333,9536,3248,11,11,11,4,540,false,false,4,16
red4:lane3:snr20.0:seed4:frame9,20.0,9,pfft,awgn,0.0,32.0,769,8.0,9.035520833333333,0.9933333333333333,9536,3248,12,12,12,4,483,false,false,4,16
red4:lane3:snr20.0:seed4:frame10,20.0,10,pfft,awgn,0.0,32.0,864,8.989583333333334,10.025104166666667,0.9933333333333333,9536,3248,13,13,13,4,521,false,false,4,16
red4:lane3:snr20.0:seed4:frame11,20.0,11,pfft,awgn,0.0,32.0,958,9.96875,11.004270833333333,0.9933333333333333,9536,3248,14,14,14,4,437,false,false,4,16
red4:lane3:snr20.0:seed4:frame12,20.0,12,pfft,awgn,0.0,32.0,1053,10.958333333333334,11.993854166666667,0.9933333333333333,9536,3248,15,15,15,4,500,false,false,4,16
red4:lane3:snr20.0:seed4:frame13,20.0,13,pfft,awgn,0.0,32.0,1153,12.0,13.035520833333333,0.9933333333333333,9536,3248,16,16,16,4,445,false,false,4,16
red4:lane3:snr20.0:seed4:frame14,20.0,14,pfft,awgn,0.0,32.0,1248,12.989583333333334,14.025104166666667,0.9933333333333333,9536,3248,17,17,17,4,574,false,false,4,16
red4:lane3:snr20.0:seed4:frame15,20.0,15,pfft,awgn,0.0,32.0,1342,13.96875,15.004270833333333,0.9933333333333333,9536,3248,18,18,18,4,561,false,false,4,16
red4:lane3:snr20.0:seed4:frame16,20.0,16,pfft,awgn,0.0,32.0,1437,14.958333333333334,15.993854166666667,0.9933333333333333,9536,3248,19,19,19,4,672,false,false,4,16
red4:lane3:snr20.0:seed4:frame17,20.0,17,pfft,awgn,0.0,32.0,1537,16.0,17.035520833333333,0.9933333333333333,9536,3248,20,20,20,4,411,false,false,4,16
red4:lane3:snr20.0:seed4:frame18,20.0,18,pfft,awgn,0.0,32.0,1632,16.989583333333332,18.025104166666665,0.9933333333333333,9536,3248,21,21,21,4,467,false,false,4,16
red4:lane3:snr20.0:seed4:frame19,20.0,19,pfft,awgn,0.0,32.0,1726,17.96875,19.004270833333333,0.9933333333333333,9536,3248,22,22,22,4,562,false,false,4,16
red4:lane3:snr20.0:seed4:frame20,20.0,20,pfft,awgn,0.0,32.0,1821,18.958333333333332,19.993854166666665,0.9933333333333333,9536,3248,23,23,23,4,405,false,false,4,16
red4:lane3:snr20.0:seed4:frame21,20.0,21,pfft,awgn,0.0,32.0,1921,20.0,21.035520833333333,0.9933333333333333,9536,3248,24,24,24,4,546,false,false,4,16
red4:lane3:snr20.0:seed4:frame22,20.0,22,pfft,awgn,0.0,32.0,2016,20.989583333333332,22.025104166666665,0.9933333333333333,9536,3248,25,25,25,4,447,false,false,4,16
red4:lane3:snr20.0:seed4:frame23,20.0,23,pfft,awgn,0.0,32.0,2110,21.96875,23.004270833333333,0.9933333333333333,9536,3248,26,26,26,4,475,false,false,4,16
red4:lane3:snr20.0:seed4:frame24,20.0,24,pfft,awgn,0.0,32.0,2205,22.958333333333332,23.993854166666665,0.9933333333333333,9536,3248,27,27,27,4,419,false,false,4,16
red4:lane3:snr20.0:seed4:frame25,20.0,25,pfft,awgn,0.0,32.0,2305,24.0,25.035520833333333,0.9933333333333333,9536,3248,28,28,28,4,598,false,false,4,16
red4:lane3:snr20.0:seed4:frame26,20.0,26,pfft,awgn,0.0,32.0,2400,24.989583333333332,26.025104166666665,0.9933333333333333,9536,3248,29,29,29,4,621,false,false,4,16
red4:lane3:snr20.0:seed4:frame27,20.0,27,pfft,awgn,0.0,32.0,2494,25.96875,27.004270833333333,0.9933333333333333,9536,3248,30,30,30,4,483,false,false,4,16
red4:lane3:snr20.0:seed4:frame28,20.0,28,pfft,awgn,0.0,32.0,2589,26.958333333333332,27.993854166666665,0.9933333333333333,9536,3248,31,31,31,4,470,false,false,4,16
red4:lane3:snr20.0:seed4:frame29,20.0,29,pfft,awgn,0.0,32.0,2689,28.0,29.035520833333333,0.9933333333333333,9536,3248,32,32,32,4,413,false,false,4,16
red4:lane3:snr20.0:seed4:frame30,20.0,30,pfft,awgn,0.0,32.0,2784,28.989583333333332,30.025104166666665,0.9933333333333333,9536,3248,33,33,33,4,473,false,false,4,16
red4:lane3:snr20.0:seed4:frame31,20.0,31,pfft,awgn,0.0,32.0,2878,29.96875,31.004270833333333,0.9933333333333333,9536,3248,34,34,34,4,551,false,false,4,16
red4:lane3:snr20.0:seed4:frame32,20.0,32,pfft,awgn,0.0,32.0,2973,30.958333333333332,31.993854166666665,0.9933333333333333,9536,3248,35,35,35,4,554,false,false,4,16
red4:lane3:snr20.0:seed4:frame1,20.0,1,profiled_cz,awgn,0.0,32.0,1,0.0,1.0355208333333332,0.9933333333333333,9536,3248,4,4,4,4,0,true,false,4,16
red4:lane3:snr20.0:seed4:frame2,20.0,2,profiled_cz,awgn,0.0,32.0,96,0.9895833333333334,2.0251041666666665,0.9933333333333333,9536,3248,5,5,5,4,0,true,false,4,16
red4:lane3:snr20.0:seed4:frame3,20.0,3,profiled_cz,awgn,0.0,32.0,190,1.96875,3.004270833333333,0.9933333333333333,9536,3248,6,6,6,4,0,true,false,4,16
red4:lane3:snr20.0:seed4:frame4,20.0,4,profiled_cz,awgn,0.0,32.0,285,2.9583333333333335,3.993854166666667,0.9933333333333333,9536,3248,7,7,7,4,379,false,false,4,16
red4:lane3:snr20.0:seed4:frame5,20.0,5,profiled_cz,awgn,0.0,32.0,385,4.0,5.035520833333333,0.9933333333333333,9536,3248,8,8,8,4,493,false,false,4,16
red4:lane3:snr20.0:seed4:frame6,20.0,6,profiled_cz,awgn,0.0,32.0,480,4.989583333333333,6.025104166666666,0.9933333333333333,9536,3248,9,9,9,4,0,true,false,4,16
red4:lane3:snr20.0:seed4:frame7,20.0,7,profiled_cz,awgn,0.0,32.0,574,5.96875,7.004270833333333,0.9933333333333333,9536,3248,10,10,10,4,552,false,false,4,16
red4:lane3:snr20.0:seed4:frame8,20.0,8,profiled_cz,awgn,0.0,32.0,669,6.958333333333333,7.993854166666666,0.9933333333333333,9536,3248,11,11,11,4,378,false,false,4,16
red4:lane3:snr20.0:seed4:frame9,20.0,9,profiled_cz,awgn,0.0,32.0,769,8.0,9.035520833333333,0.9933333333333333,9536,3248,12,12,12,4,390,false,false,4,16
red4:lane3:snr20.0:seed4:frame10,20.0,10,profiled_cz,awgn,0.0,32.0,864,8.989583333333334,10.025104166666667,0.9933333333333333,9536,3248,13,13,13,4,552,false,false,4,16
red4:lane3:snr20.0:seed4:frame11,20.0,11,profiled_cz,awgn,0.0,32.0,958,9.96875,11.004270833333333,0.9933333333333333,9536,3248,14,14,14,4,417,false,false,4,16
red4:lane3:snr20.0:seed4:frame12,20.0,12,profiled_cz,awgn,0.0,32.0,1053,10.958333333333334,11.993854166666667,0.9933333333333333,9536,3248,15,15,15,4,0,true,false,4,16
red4:lane3:snr20.0:seed4:frame13,20.0,13,profiled_cz,awgn,0.0,32.0,1153,12.0,13.035520833333333,0.9933333333333333,9536,3248,16,16,16,4,0,true,false,4,16
red4:lane3:snr20.0:seed4:frame14,20.0,14,profiled_cz,awgn,0.0,32.0,1248,12.989583333333334,14.025104166666667,0.9933333333333333,9536,3248,17,17,17,4,0,true,false,4,16
red4:lane3:snr20.0:seed4:frame15,20.0,15,profiled_cz,awgn,0.0,32.0,1342,13.96875,15.004270833333333,0.9933333333333333,9536,3248,18,18,18,4,457,false,false,4,16
red4:lane3:snr20.0:seed4:frame16,20.0,16,profiled_cz,awgn,0.0,32.0,1437,14.958333333333334,15.993854166666667,0.9933333333333333,9536,3248,19,19,19,4,466,false,false,4,16
red4:lane3:snr20.0:seed4:frame17,20.0,17,profiled_cz,awgn,0.0,32.0,1537,16.0,17.035520833333333,0.9933333333333333,9536,3248,20,20,20,4,0,true,false,4,16
red4:lane3:snr20.0:seed4:frame18,20.0,18,profiled_cz,awgn,0.0,32.0,1632,16.989583333333332,18.025104166666665,0.9933333333333333,9536,3248,21,21,21,4,437,false,false,4,16
red4:lane3:snr20.0:seed4:frame19,20.0,19,profiled_cz,awgn,0.0,32.0,1726,17.96875,19.004270833333333,0.9933333333333333,9536,3248,22,22,22,4,530,false,false,4,16
red4:lane3:snr20.0:seed4:frame20,20.0,20,profiled_cz,awgn,0.0,32.0,1821,18.958333333333332,19.993854166666665,0.9933333333333333,9536,3248,23,23,23,4,0,true,false,4,16
red4:lane3:snr20.0:seed4:frame21,20.0,21,profiled_cz,awgn,0.0,32.0,1921,20.0,21.035520833333333,0.9933333333333333,9536,3248,24,24,24,4,0,true,false,4,16
red4:lane3:snr20.0:seed4:frame22,20.0,22,profiled_cz,awgn,0.0,32.0,2016,20.989583333333332,22.025104166666665,0.9933333333333333,9536,3248,25,25,25,4,457,false,false,4,16
red4:lane3:snr20.0:seed4:frame23,20.0,23,profiled_cz,awgn,0.0,32.0,2110,21.96875,23.004270833333333,0.9933333333333333,9536,3248,26,26,26,4,0,true,false,4,16
red4:lane3:snr20.0:seed4:frame24,20.0,24,profiled_cz,awgn,0.0,32.0,2205,22.958333333333332,23.993854166666665,0.9933333333333333,9536,3248,27,27,27,4,0,true,false,4,16
red4:lane3:snr20.0:seed4:frame25,20.0,25,profiled_cz,awgn,0.0,32.0,2305,24.0,25.035520833333333,0.9933333333333333,9536,3248,28,28,28,4,372,false,false,4,16
red4:lane3:snr20.0:seed4:frame26,20.0,26,profiled_cz,awgn,0.0,32.0,2400,24.989583333333332,26.025104166666665,0.9933333333333333,9536,3248,29,29,29,4,441,false,false,4,16
red4:lane3:snr20.0:seed4:frame27,20.0,27,profiled_cz,awgn,0.0,32.0,2494,25.96875,27.004270833333333,0.9933333333333333,9536,3248,30,30,30,4,447,false,false,4,16
red4:lane3:snr20.0:seed4:frame28,20.0,28,profiled_cz,awgn,0.0,32.0,2589,26.958333333333332,27.993854166666665,0.9933333333333333,9536,3248,31,31,31,4,0,true,false,4,16
red4:lane3:snr20.0:seed4:frame29,20.0,29,profiled_cz,awgn,0.0,32.0,2689,28.0,29.035520833333333,0.9933333333333333,9536,3248,32,32,32,4,0,true,false,4,16
red4:lane3:snr20.0:seed4:frame30,20.0,30,profiled_cz,awgn,0.0,32.0,2784,28.989583333333332,30.025104166666665,0.9933333333333333,9536,3248,33,33,33,4,370,false,false,4,16
red4:lane3:snr20.0:seed4:frame31,20.0,31,profiled_cz,awgn,0.0,32.0,2878,29.96875,31.004270833333333,0.9933333333333333,9536,3248,34,34,34,4,0,true,false,4,16
red4:lane3:snr20.0:seed4:frame32,20.0,32,profiled_cz,awgn,0.0,32.0,2973,30.958333333333332,31.993854166666665,0.9933333333333333,9536,3248,35,35,35,4,290,false,false,4,16
red4:lane3:snr22.0:seed4:frame1,22.0,1,cwz_joint,awgn,0.0,32.0,1,0.0,1.0355208333333332,0.9933333333333333,9536,3248,4,4,4,4,0,true,false,4,16
red4:lane3:snr22.0:seed4:frame2,22.0,2,cwz_joint,awgn,0.0,32.0,96,0.9895833333333334,2.0251041666666665,0.9933333333333333,9536,3248,5,5,5,4,0,true,false,4,16
red4:lane3:snr22.0:seed4:frame3,22.0,3,cwz_joint,awgn,0.0,32.0,190,1.96875,3.004270833333333,0.9933333333333333,9536,3248,6,6,6,4,0,true,false,4,16
red4:lane3:snr22.0:seed4:frame4,22.0,4,cwz_joint,awgn,0.0,32.0,285,2.9583333333333335,3.993854166666667,0.9933333333333333,9536,3248,7,7,7,4,410,false,false,4,16
red4:lane3:snr22.0:seed4:frame5,22.0,5,cwz_joint,awgn,0.0,32.0,385,4.0,5.035520833333333,0.9933333333333333,9536,3248,8,8,8,4,494,false,false,4,16
red4:lane3:snr22.0:seed4:frame6,22.0,6,cwz_joint,awgn,0.0,32.0,480,4.989583333333333,6.025104166666666,0.9933333333333333,9536,3248,9,9,9,4,0,true,false,4,16
red4:lane3:snr22.0:seed4:frame7,22.0,7,cwz_joint,awgn,0.0,32.0,574,5.96875,7.004270833333333,0.9933333333333333,9536,3248,10,10,10,4,492,false,false,4,16
red4:lane3:snr22.0:seed4:frame8,22.0,8,cwz_joint,awgn,0.0,32.0,669,6.958333333333333,7.993854166666666,0.9933333333333333,9536,3248,11,11,11,4,397,false,false,4,16
red4:lane3:snr22.0:seed4:frame9,22.0,9,cwz_joint,awgn,0.0,32.0,769,8.0,9.035520833333333,0.9933333333333333,9536,3248,12,12,12,4,430,false,false,4,16
red4:lane3:snr22.0:seed4:frame10,22.0,10,cwz_joint,awgn,0.0,32.0,864,8.989583333333334,10.025104166666667,0.9933333333333333,9536,3248,13,13,13,4,482,false,false,4,16
red4:lane3:snr22.0:seed4:frame11,22.0,11,cwz_joint,awgn,0.0,32.0,958,9.96875,11.004270833333333,0.9933333333333333,9536,3248,14,14,14,4,399,false,false,4,16
red4:lane3:snr22.0:seed4:frame12,22.0,12,cwz_joint,awgn,0.0,32.0,1053,10.958333333333334,11.993854166666667,0.9933333333333333,9536,3248,15,15,15,4,0,true,false,4,16
red4:lane3:snr22.0:seed4:frame13,22.0,13,cwz_joint,awgn,0.0,32.0,1153,12.0,13.035520833333333,0.9933333333333333,9536,3248,16,16,16,4,0,true,false,4,16
red4:lane3:snr22.0:seed4:frame14,22.0,14,cwz_joint,awgn,0.0,32.0,1248,12.989583333333334,14.025104166666667,0.9933333333333333,9536,3248,17,17,17,4,0,true,false,4,16
red4:lane3:snr22.0:seed4:frame15,22.0,15,cwz_joint,awgn,0.0,32.0,1342,13.96875,15.004270833333333,0.9933333333333333,9536,3248,18,18,18,4,463,false,false,4,16
red4:lane3:snr22.0:seed4:frame16,22.0,16,cwz_joint,awgn,0.0,32.0,1437,14.958333333333334,15.993854166666667,0.9933333333333333,9536,3248,19,19,19,4,468,false,false,4,16
red4:lane3:snr22.0:seed4:frame17,22.0,17,cwz_joint,awgn,0.0,32.0,1537,16.0,17.035520833333333,0.9933333333333333,9536,3248,20,20,20,4,0,true,false,4,16
red4:lane3:snr22.0:seed4:frame18,22.0,18,cwz_joint,awgn,0.0,32.0,1632,16.989583333333332,18.025104166666665,0.9933333333333333,9536,3248,21,21,21,4,419,false,false,4,16
red4:lane3:snr22.0:seed4:frame19,22.0,19,cwz_joint,awgn,0.0,32.0,1726,17.96875,19.004270833333333,0.9933333333333333,9536,3248,22,22,22,4,511,false,false,4,16
red4:lane3:snr22.0:seed4:frame20,22.0,20,cwz_joint,awgn,0.0,32.0,1821,18.958333333333332,19.993854166666665,0.9933333333333333,9536,3248,23,23,23,4,0,true,false,4,16
red4:lane3:snr22.0:seed4:frame21,22.0,21,cwz_joint,awgn,0.0,32.0,1921,20.0,21.035520833333333,0.9933333333333333,9536,3248,24,24,24,4,0,true,false,4,16
red4:lane3:snr22.0:seed4:frame22,22.0,22,cwz_joint,awgn,0.0,32.0,2016,20.989583333333332,22.025104166666665,0.9933333333333333,9536,3248,25,25,25,4,415,false,false,4,16
red4:lane3:snr22.0:seed4:frame23,22.0,23,cwz_joint,awgn,0.0,32.0,2110,21.96875,23.004270833333333,0.9933333333333333,9536,3248,26,26,26,4,0,true,false,4,16
red4:lane3:snr22.0:seed4:frame24,22.0,24,cwz_joint,awgn,0.0,32.0,2205,22.958333333333332,23.993854166666665,0.9933333333333333,9536,3248,27,27,27,4,0,true,false,4,16
red4:lane3:snr22.0:seed4:frame25,22.0,25,cwz_joint,awgn,0.0,32.0,2305,24.0,25.035520833333333,0.9933333333333333,9536,3248,28,28,28,4,357,false,false,4,16
red4:lane3:snr22.0:seed4:frame26,22.0,26,cwz_joint,awgn,0.0,32.0,2400,24.989583333333332,26.025104166666665,0.9933333333333333,9536,3248,29,29,29,4,443,false,false,4,16
red4:lane3:snr22.0:seed4:frame27,22.0,27,cwz_joint,awgn,0.0,32.0,2494,25.96875,27.004270833333333,0.9933333333333333,9536,3248,30,30,30,4,458,false,false,4,16
red4:lane3:snr22.0:seed4:frame28,22.0,28,cwz_joint,awgn,0.0,32.0,2589,26.958333333333332,27.993854166666665,0.9933333333333333,9536,3248,31,31,31,4,0,true,false,4,16
red4:lane3:snr22.0:seed4:frame29,22.0,29,cwz_joint,awgn,0.0,32.0,2689,28.0,29.035520833333333,0.9933333333333333,9536,3248,32,32,32,4,0,true,false,4,16
red4:lane3:snr22.0:seed4:frame30,22.0,30,cwz_joint,awgn,0.0,32.0,2784,28.989583333333332,30.025104166666665,0.9933333333333333,9536,3248,33,33,33,4,407,false,false,4,16
red4:lane3:snr22.0:seed4:frame31,22.0,31,cwz_joint,awgn,0.0,32.0,2878,29.96875,31.004270833333333,0.9933333333333333,9536,3248,34,34,34,4,0,true,false,4,16
red4:lane3:snr22.0:seed4:frame32,22.0,32,cwz_joint,awgn,0.0,32.0,2973,30.958333333333332,31.993854166666665,0.9933333333333333,9536,3248,35,35,35,4,0,true,false,4,16
red4:lane3:snr22.0:seed4:frame1,22.0,1,lite,awgn,0.0,32.0,1,0.0,1.0355208333333332,0.9933333333333333,9536,3248,4,4,4,4,341,false,false,4,16
red4:lane3:snr22.0:seed4:frame2,22.0,2,lite,awgn,0.0,32.0,96,0.9895833333333334,2.0251041666666665,0.9933333333333333,9536,3248,5,5,5,4,322,false,false,4,16
red4:lane3:snr22.0:seed4:frame3,22.0,3,lite,awgn,0.0,32.0,190,1.96875,3.004270833333333,0.9933333333333333,9536,3248,6,6,6,4,529,false,false,4,16
red4:lane3:snr22.0:seed4:frame4,22.0,4,lite,awgn,0.0,32.0,285,2.9583333333333335,3.993854166666667,0.9933333333333333,9536,3248,7,7,7,4,638,false,false,4,16
red4:lane3:snr22.0:seed4:frame5,22.0,5,lite,awgn,0.0,32.0,385,4.0,5.035520833333333,0.9933333333333333,9536,3248,8,8,8,4,602,false,false,4,16
red4:lane3:snr22.0:seed4:frame6,22.0,6,lite,awgn,0.0,32.0,480,4.989583333333333,6.025104166666666,0.9933333333333333,9536,3248,9,9,9,4,313,false,false,4,16
red4:lane3:snr22.0:seed4:frame7,22.0,7,lite,awgn,0.0,32.0,574,5.96875,7.004270833333333,0.9933333333333333,9536,3248,10,10,10,4,619,false,false,4,16
red4:lane3:snr22.0:seed4:frame8,22.0,8,lite,awgn,0.0,32.0,669,6.958333333333333,7.993854166666666,0.9933333333333333,9536,3248,11,11,11,4,474,false,false,4,16
red4:lane3:snr22.0:seed4:frame9,22.0,9,lite,awgn,0.0,32.0,769,8.0,9.035520833333333,0.9933333333333333,9536,3248,12,12,12,4,395,false,false,4,16
red4:lane3:snr22.0:seed4:frame10,22.0,10,lite,awgn,0.0,32.0,864,8.989583333333334,10.025104166666667,0.9933333333333333,9536,3248,13,13,13,4,443,false,false,4,16
red4:lane3:snr22.0:seed4:frame11,22.0,11,lite,awgn,0.0,32.0,958,9.96875,11.004270833333333,0.9933333333333333,9536,3248,14,14,14,4,377,false,false,4,16
red4:lane3:snr22.0:seed4:frame12,22.0,12,lite,awgn,0.0,32.0,1053,10.958333333333334,11.993854166666667,0.9933333333333333,9536,3248,15,15,15,4,486,false,false,4,16
red4:lane3:snr22.0:seed4:frame13,22.0,13,lite,awgn,0.0,32.0,1153,12.0,13.035520833333333,0.9933333333333333,9536,3248,16,16,16,4,284,false,false,4,16
red4:lane3:snr22.0:seed4:frame14,22.0,14,lite,awgn,0.0,32.0,1248,12.989583333333334,14.025104166666667,0.9933333333333333,9536,3248,17,17,17,4,504,false,false,4,16
red4:lane3:snr22.0:seed4:frame15,22.0,15,lite,awgn,0.0,32.0,1342,13.96875,15.004270833333333,0.9933333333333333,9536,3248,18,18,18,4,488,false,false,4,16
red4:lane3:snr22.0:seed4:frame16,22.0,16,lite,awgn,0.0,32.0,1437,14.958333333333334,15.993854166666667,0.9933333333333333,9536,3248,19,19,19,4,539,false,false,4,16
red4:lane3:snr22.0:seed4:frame17,22.0,17,lite,awgn,0.0,32.0,1537,16.0,17.035520833333333,0.9933333333333333,9536,3248,20,20,20,4,307,false,false,4,16
red4:lane3:snr22.0:seed4:frame18,22.0,18,lite,awgn,0.0,32.0,1632,16.989583333333332,18.025104166666665,0.9933333333333333,9536,3248,21,21,21,4,489,false,false,4,16
red4:lane3:snr22.0:seed4:frame19,22.0,19,lite,awgn,0.0,32.0,1726,17.96875,19.004270833333333,0.9933333333333333,9536,3248,22,22,22,4,562,false,false,4,16
red4:lane3:snr22.0:seed4:frame20,22.0,20,lite,awgn,0.0,32.0,1821,18.958333333333332,19.993854166666665,0.9933333333333333,9536,3248,23,23,23,4,0,true,false,4,16
red4:lane3:snr22.0:seed4:frame21,22.0,21,lite,awgn,0.0,32.0,1921,20.0,21.035520833333333,0.9933333333333333,9536,3248,24,24,24,4,448,false,false,4,16
red4:lane3:snr22.0:seed4:frame22,22.0,22,lite,awgn,0.0,32.0,2016,20.989583333333332,22.025104166666665,0.9933333333333333,9536,3248,25,25,25,4,424,false,false,4,16
red4:lane3:snr22.0:seed4:frame23,22.0,23,lite,awgn,0.0,32.0,2110,21.96875,23.004270833333333,0.9933333333333333,9536,3248,26,26,26,4,0,true,false,4,16
red4:lane3:snr22.0:seed4:frame24,22.0,24,lite,awgn,0.0,32.0,2205,22.958333333333332,23.993854166666665,0.9933333333333333,9536,3248,27,27,27,4,0,true,false,4,16
red4:lane3:snr22.0:seed4:frame25,22.0,25,lite,awgn,0.0,32.0,2305,24.0,25.035520833333333,0.9933333333333333,9536,3248,28,28,28,4,358,false,false,4,16
red4:lane3:snr22.0:seed4:frame26,22.0,26,lite,awgn,0.0,32.0,2400,24.989583333333332,26.025104166666665,0.9933333333333333,9536,3248,29,29,29,4,571,false,false,4,16
red4:lane3:snr22.0:seed4:frame27,22.0,27,lite,awgn,0.0,32.0,2494,25.96875,27.004270833333333,0.9933333333333333,9536,3248,30,30,30,4,514,false,false,4,16
red4:lane3:snr22.0:seed4:frame28,22.0,28,lite,awgn,0.0,32.0,2589,26.958333333333332,27.993854166666665,0.9933333333333333,9536,3248,31,31,31,4,0,true,false,4,16
red4:lane3:snr22.0:seed4:frame29,22.0,29,lite,awgn,0.0,32.0,2689,28.0,29.035520833333333,0.9933333333333333,9536,3248,32,32,32,4,275,false,false,4,16
red4:lane3:snr22.0:seed4:frame30,22.0,30,lite,awgn,0.0,32.0,2784,28.989583333333332,30.025104166666665,0.9933333333333333,9536,3248,33,33,33,4,414,false,false,4,16
red4:lane3:snr22.0:seed4:frame31,22.0,31,lite,awgn,0.0,32.0,2878,29.96875,31.004270833333333,0.9933333333333333,9536,3248,34,34,34,4,482,false,false,4,16
red4:lane3:snr22.0:seed4:frame32,22.0,32,lite,awgn,0.0,32.0,2973,30.958333333333332,31.993854166666665,0.9933333333333333,9536,3248,35,35,35,4,502,false,false,4,16
red4:lane3:snr22.0:seed4:frame1,22.0,1,ofdm_fec,awgn,0.0,32.0,1,0.0,1.0355208333333332,0.9933333333333333,9536,3248,4,4,4,4,0,true,false,4,16
red4:lane3:snr22.0:seed4:frame2,22.0,2,ofdm_fec,awgn,0.0,32.0,96,0.9895833333333334,2.0251041666666665,0.9933333333333333,9536,3248,5,5,5,4,0,true,false,4,16
red4:lane3:snr22.0:seed4:frame3,22.0,3,ofdm_fec,awgn,0.0,32.0,190,1.96875,3.004270833333333,0.9933333333333333,9536,3248,6,6,6,4,0,true,false,4,16
red4:lane3:snr22.0:seed4:frame4,22.0,4,ofdm_fec,awgn,0.0,32.0,285,2.9583333333333335,3.993854166666667,0.9933333333333333,9536,3248,7,7,7,4,410,false,false,4,16
red4:lane3:snr22.0:seed4:frame5,22.0,5,ofdm_fec,awgn,0.0,32.0,385,4.0,5.035520833333333,0.9933333333333333,9536,3248,8,8,8,4,494,false,false,4,16
red4:lane3:snr22.0:seed4:frame6,22.0,6,ofdm_fec,awgn,0.0,32.0,480,4.989583333333333,6.025104166666666,0.9933333333333333,9536,3248,9,9,9,4,0,true,false,4,16
red4:lane3:snr22.0:seed4:frame7,22.0,7,ofdm_fec,awgn,0.0,32.0,574,5.96875,7.004270833333333,0.9933333333333333,9536,3248,10,10,10,4,492,false,false,4,16
red4:lane3:snr22.0:seed4:frame8,22.0,8,ofdm_fec,awgn,0.0,32.0,669,6.958333333333333,7.993854166666666,0.9933333333333333,9536,3248,11,11,11,4,397,false,false,4,16
red4:lane3:snr22.0:seed4:frame9,22.0,9,ofdm_fec,awgn,0.0,32.0,769,8.0,9.035520833333333,0.9933333333333333,9536,3248,12,12,12,4,430,false,false,4,16
red4:lane3:snr22.0:seed4:frame10,22.0,10,ofdm_fec,awgn,0.0,32.0,864,8.989583333333334,10.025104166666667,0.9933333333333333,9536,3248,13,13,13,4,482,false,false,4,16
red4:lane3:snr22.0:seed4:frame11,22.0,11,ofdm_fec,awgn,0.0,32.0,958,9.96875,11.004270833333333,0.9933333333333333,9536,3248,14,14,14,4,399,false,false,4,16
red4:lane3:snr22.0:seed4:frame12,22.0,12,ofdm_fec,awgn,0.0,32.0,1053,10.958333333333334,11.993854166666667,0.9933333333333333,9536,3248,15,15,15,4,0,true,false,4,16
red4:lane3:snr22.0:seed4:frame13,22.0,13,ofdm_fec,awgn,0.0,32.0,1153,12.0,13.035520833333333,0.9933333333333333,9536,3248,16,16,16,4,0,true,false,4,16
red4:lane3:snr22.0:seed4:frame14,22.0,14,ofdm_fec,awgn,0.0,32.0,1248,12.989583333333334,14.025104166666667,0.9933333333333333,9536,3248,17,17,17,4,0,true,false,4,16
red4:lane3:snr22.0:seed4:frame15,22.0,15,ofdm_fec,awgn,0.0,32.0,1342,13.96875,15.004270833333333,0.9933333333333333,9536,3248,18,18,18,4,463,false,false,4,16
red4:lane3:snr22.0:seed4:frame16,22.0,16,ofdm_fec,awgn,0.0,32.0,1437,14.958333333333334,15.993854166666667,0.9933333333333333,9536,3248,19,19,19,4,468,false,false,4,16
red4:lane3:snr22.0:seed4:frame17,22.0,17,ofdm_fec,awgn,0.0,32.0,1537,16.0,17.035520833333333,0.9933333333333333,9536,3248,20,20,20,4,0,true,false,4,16
red4:lane3:snr22.0:seed4:frame18,22.0,18,ofdm_fec,awgn,0.0,32.0,1632,16.989583333333332,18.025104166666665,0.9933333333333333,9536,3248,21,21,21,4,419,false,false,4,16
red4:lane3:snr22.0:seed4:frame19,22.0,19,ofdm_fec,awgn,0.0,32.0,1726,17.96875,19.004270833333333,0.9933333333333333,9536,3248,22,22,22,4,511,false,false,4,16
red4:lane3:snr22.0:seed4:frame20,22.0,20,ofdm_fec,awgn,0.0,32.0,1821,18.958333333333332,19.993854166666665,0.9933333333333333,9536,3248,23,23,23,4,0,true,false,4,16
red4:lane3:snr22.0:seed4:frame21,22.0,21,ofdm_fec,awgn,0.0,32.0,1921,20.0,21.035520833333333,0.9933333333333333,9536,3248,24,24,24,4,0,true,false,4,16
red4:lane3:snr22.0:seed4:frame22,22.0,22,ofdm_fec,awgn,0.0,32.0,2016,20.989583333333332,22.025104166666665,0.9933333333333333,9536,3248,25,25,25,4,415,false,false,4,16
red4:lane3:snr22.0:seed4:frame23,22.0,23,ofdm_fec,awgn,0.0,32.0,2110,21.96875,23.004270833333333,0.9933333333333333,9536,3248,26,26,26,4,0,true,false,4,16
red4:lane3:snr22.0:seed4:frame24,22.0,24,ofdm_fec,awgn,0.0,32.0,2205,22.958333333333332,23.993854166666665,0.9933333333333333,9536,3248,27,27,27,4,0,true,false,4,16
red4:lane3:snr22.0:seed4:frame25,22.0,25,ofdm_fec,awgn,0.0,32.0,2305,24.0,25.035520833333333,0.9933333333333333,9536,3248,28,28,28,4,357,false,false,4,16
red4:lane3:snr22.0:seed4:frame26,22.0,26,ofdm_fec,awgn,0.0,32.0,2400,24.989583333333332,26.025104166666665,0.9933333333333333,9536,3248,29,29,29,4,443,false,false,4,16
red4:lane3:snr22.0:seed4:frame27,22.0,27,ofdm_fec,awgn,0.0,32.0,2494,25.96875,27.004270833333333,0.9933333333333333,9536,3248,30,30,30,4,458,false,false,4,16
red4:lane3:snr22.0:seed4:frame28,22.0,28,ofdm_fec,awgn,0.0,32.0,2589,26.958333333333332,27.993854166666665,0.9933333333333333,9536,3248,31,31,31,4,0,true,false,4,16
red4:lane3:snr22.0:seed4:frame29,22.0,29,ofdm_fec,awgn,0.0,32.0,2689,28.0,29.035520833333333,0.9933333333333333,9536,3248,32,32,32,4,0,true,false,4,16
red4:lane3:snr22.0:seed4:frame30,22.0,30,ofdm_fec,awgn,0.0,32.0,2784,28.989583333333332,30.025104166666665,0.9933333333333333,9536,3248,33,33,33,4,407,false,false,4,16
red4:lane3:snr22.0:seed4:frame31,22.0,31,ofdm_fec,awgn,0.0,32.0,2878,29.96875,31.004270833333333,0.9933333333333333,9536,3248,34,34,34,4,0,true,false,4,16
red4:lane3:snr22.0:seed4:frame32,22.0,32,ofdm_fec,awgn,0.0,32.0,2973,30.958333333333332,31.993854166666665,0.9933333333333333,9536,3248,35,35,35,4,0,true,false,4,16
red4:lane3:snr22.0:seed4:frame1,22.0,1,pfft,awgn,0.0,32.0,1,0.0,1.0355208333333332,0.9933333333333333,9536,3248,4,4,4,4,449,false,false,4,16
red4:lane3:snr22.0:seed4:frame2,22.0,2,pfft,awgn,0.0,32.0,96,0.9895833333333334,2.0251041666666665,0.9933333333333333,9536,3248,5,5,5,4,414,false,false,4,16
red4:lane3:snr22.0:seed4:frame3,22.0,3,pfft,awgn,0.0,32.0,190,1.96875,3.004270833333333,0.9933333333333333,9536,3248,6,6,6,4,529,false,false,4,16
red4:lane3:snr22.0:seed4:frame4,22.0,4,pfft,awgn,0.0,32.0,285,2.9583333333333335,3.993854166666667,0.9933333333333333,9536,3248,7,7,7,4,638,false,false,4,16
red4:lane3:snr22.0:seed4:frame5,22.0,5,pfft,awgn,0.0,32.0,385,4.0,5.035520833333333,0.9933333333333333,9536,3248,8,8,8,4,602,false,false,4,16
red4:lane3:snr22.0:seed4:frame6,22.0,6,pfft,awgn,0.0,32.0,480,4.989583333333333,6.025104166666666,0.9933333333333333,9536,3248,9,9,9,4,526,false,false,4,16
red4:lane3:snr22.0:seed4:frame7,22.0,7,pfft,awgn,0.0,32.0,574,5.96875,7.004270833333333,0.9933333333333333,9536,3248,10,10,10,4,619,false,false,4,16
red4:lane3:snr22.0:seed4:frame8,22.0,8,pfft,awgn,0.0,32.0,669,6.958333333333333,7.993854166666666,0.9933333333333333,9536,3248,11,11,11,4,571,false,false,4,16
red4:lane3:snr22.0:seed4:frame9,22.0,9,pfft,awgn,0.0,32.0,769,8.0,9.035520833333333,0.9933333333333333,9536,3248,12,12,12,4,501,false,false,4,16
red4:lane3:snr22.0:seed4:frame10,22.0,10,pfft,awgn,0.0,32.0,864,8.989583333333334,10.025104166666667,0.9933333333333333,9536,3248,13,13,13,4,522,false,false,4,16
red4:lane3:snr22.0:seed4:frame11,22.0,11,pfft,awgn,0.0,32.0,958,9.96875,11.004270833333333,0.9933333333333333,9536,3248,14,14,14,4,448,false,false,4,16
red4:lane3:snr22.0:seed4:frame12,22.0,12,pfft,awgn,0.0,32.0,1053,10.958333333333334,11.993854166666667,0.9933333333333333,9536,3248,15,15,15,4,486,false,false,4,16
red4:lane3:snr22.0:seed4:frame13,22.0,13,pfft,awgn,0.0,32.0,1153,12.0,13.035520833333333,0.9933333333333333,9536,3248,16,16,16,4,416,false,false,4,16
red4:lane3:snr22.0:seed4:frame14,22.0,14,pfft,awgn,0.0,32.0,1248,12.989583333333334,14.025104166666667,0.9933333333333333,9536,3248,17,17,17,4,504,false,false,4,16
red4:lane3:snr22.0:seed4:frame15,22.0,15,pfft,awgn,0.0,32.0,1342,13.96875,15.004270833333333,0.9933333333333333,9536,3248,18,18,18,4,553,false,false,4,16
red4:lane3:snr22.0:seed4:frame16,22.0,16,pfft,awgn,0.0,32.0,1437,14.958333333333334,15.993854166666667,0.9933333333333333,9536,3248,19,19,19,4,601,false,false,4,16
red4:lane3:snr22.0:seed4:frame17,22.0,17,pfft,awgn,0.0,32.0,1537,16.0,17.035520833333333,0.9933333333333333,9536,3248,20,20,20,4,423,false,false,4,16
red4:lane3:snr22.0:seed4:frame18,22.0,18,pfft,awgn,0.0,32.0,1632,16.989583333333332,18.025104166666665,0.9933333333333333,9536,3248,21,21,21,4,489,false,false,4,16
red4:lane3:snr22.0:seed4:frame19,22.0,19,pfft,awgn,0.0,32.0,1726,17.96875,19.004270833333333,0.9933333333333333,9536,3248,22,22,22,4,562,false,false,4,16
red4:lane3:snr22.0:seed4:frame20,22.0,20,pfft,awgn,0.0,32.0,1821,18.958333333333332,19.993854166666665,0.9933333333333333,9536,3248,23,23,23,4,370,false,false,4,16
red4:lane3:snr22.0:seed4:frame21,22.0,21,pfft,awgn,0.0,32.0,1921,20.0,21.035520833333333,0.9933333333333333,9536,3248,24,24,24,4,526,false,false,4,16
red4:lane3:snr22.0:seed4:frame22,22.0,22,pfft,awgn,0.0,32.0,2016,20.989583333333332,22.025104166666665,0.9933333333333333,9536,3248,25,25,25,4,424,false,false,4,16
red4:lane3:snr22.0:seed4:frame23,22.0,23,pfft,awgn,0.0,32.0,2110,21.96875,23.004270833333333,0.9933333333333333,9536,3248,26,26,26,4,403,false,false,4,16
red4:lane3:snr22.0:seed4:frame24,22.0,24,pfft,awgn,0.0,32.0,2205,22.958333333333332,23.993854166666665,0.9933333333333333,9536,3248,27,27,27,4,374,false,false,4,16
red4:lane3:snr22.0:seed4:frame25,22.0,25,pfft,awgn,0.0,32.0,2305,24.0,25.035520833333333,0.9933333333333333,9536,3248,28,28,28,4,504,false,false,4,16
red4:lane3:snr22.0:seed4:frame26,22.0,26,pfft,awgn,0.0,32.0,2400,24.989583333333332,26.025104166666665,0.9933333333333333,9536,3248,29,29,29,4,571,false,false,4,16
red4:lane3:snr22.0:seed4:frame27,22.0,27,pfft,awgn,0.0,32.0,2494,25.96875,27.004270833333333,0.9933333333333333,9536,3248,30,30,30,4,488,false,false,4,16
red4:lane3:snr22.0:seed4:frame28,22.0,28,pfft,awgn,0.0,32.0,2589,26.958333333333332,27.993854166666665,0.9933333333333333,9536,3248,31,31,31,4,418,false,false,4,16
red4:lane3:snr22.0:seed4:frame29,22.0,29,pfft,awgn,0.0,32.0,2689,28.0,29.035520833333333,0.9933333333333333,9536,3248,32,32,32,4,464,false,false,4,16
red4:lane3:snr22.0:seed4:frame30,22.0,30,pfft,awgn,0.0,32.0,2784,28.989583333333332,30.025104166666665,0.9933333333333333,9536,3248,33,33,33,4,469,false,false,4,16
red4:lane3:snr22.0:seed4:frame31,22.0,31,pfft,awgn,0.0,32.0,2878,29.96875,31.004270833333333,0.9933333333333333,9536,3248,34,34,34,4,548,false,false,4,16
red4:lane3:snr22.0:seed4:frame32,22.0,32,pfft,awgn,0.0,32.0,2973,30.958333333333332,31.993854166666665,0.9933333333333333,9536,3248,35,35,35,4,510,false,false,4,16
red4:lane3:snr22.0:seed4:frame1,22.0,1,profiled_cz,awgn,0.0,32.0,1,0.0,1.0355208333333332,0.9933333333333333,9536,3248,4,4,4,4,0,true,false,4,16
red4:lane3:snr22.0:seed4:frame2,22.0,2,profiled_cz,awgn,0.0,32.0,96,0.9895833333333334,2.0251041666666665,0.9933333333333333,9536,3248,5,5,5,4,0,true,false,4,16
red4:lane3:snr22.0:seed4:frame3,22.0,3,profiled_cz,awgn,0.0,32.0,190,1.96875,3.004270833333333,0.9933333333333333,9536,3248,6,6,6,4,0,true,false,4,16
red4:lane3:snr22.0:seed4:frame4,22.0,4,profiled_cz,awgn,0.0,32.0,285,2.9583333333333335,3.993854166666667,0.9933333333333333,9536,3248,7,7,7,4,410,false,false,4,16
red4:lane3:snr22.0:seed4:frame5,22.0,5,profiled_cz,awgn,0.0,32.0,385,4.0,5.035520833333333,0.9933333333333333,9536,3248,8,8,8,4,494,false,false,4,16
red4:lane3:snr22.0:seed4:frame6,22.0,6,profiled_cz,awgn,0.0,32.0,480,4.989583333333333,6.025104166666666,0.9933333333333333,9536,3248,9,9,9,4,0,true,false,4,16
red4:lane3:snr22.0:seed4:frame7,22.0,7,profiled_cz,awgn,0.0,32.0,574,5.96875,7.004270833333333,0.9933333333333333,9536,3248,10,10,10,4,492,false,false,4,16
red4:lane3:snr22.0:seed4:frame8,22.0,8,profiled_cz,awgn,0.0,32.0,669,6.958333333333333,7.993854166666666,0.9933333333333333,9536,3248,11,11,11,4,397,false,false,4,16
red4:lane3:snr22.0:seed4:frame9,22.0,9,profiled_cz,awgn,0.0,32.0,769,8.0,9.035520833333333,0.9933333333333333,9536,3248,12,12,12,4,430,false,false,4,16
red4:lane3:snr22.0:seed4:frame10,22.0,10,profiled_cz,awgn,0.0,32.0,864,8.989583333333334,10.025104166666667,0.9933333333333333,9536,3248,13,13,13,4,482,false,false,4,16
red4:lane3:snr22.0:seed4:frame11,22.0,11,profiled_cz,awgn,0.0,32.0,958,9.96875,11.004270833333333,0.9933333333333333,9536,3248,14,14,14,4,399,false,false,4,16
red4:lane3:snr22.0:seed4:frame12,22.0,12,profiled_cz,awgn,0.0,32.0,1053,10.958333333333334,11.993854166666667,0.9933333333333333,9536,3248,15,15,15,4,0,true,false,4,16
red4:lane3:snr22.0:seed4:frame13,22.0,13,profiled_cz,awgn,0.0,32.0,1153,12.0,13.035520833333333,0.9933333333333333,9536,3248,16,16,16,4,0,true,false,4,16
red4:lane3:snr22.0:seed4:frame14,22.0,14,profiled_cz,awgn,0.0,32.0,1248,12.989583333333334,14.025104166666667,0.9933333333333333,9536,3248,17,17,17,4,0,true,false,4,16
red4:lane3:snr22.0:seed4:frame15,22.0,15,profiled_cz,awgn,0.0,32.0,1342,13.96875,15.004270833333333,0.9933333333333333,9536,3248,18,18,18,4,463,false,false,4,16
red4:lane3:snr22.0:seed4:frame16,22.0,16,profiled_cz,awgn,0.0,32.0,1437,14.958333333333334,15.993854166666667,0.9933333333333333,9536,3248,19,19,19,4,468,false,false,4,16
red4:lane3:snr22.0:seed4:frame17,22.0,17,profiled_cz,awgn,0.0,32.0,1537,16.0,17.035520833333333,0.9933333333333333,9536,3248,20,20,20,4,0,true,false,4,16
red4:lane3:snr22.0:seed4:frame18,22.0,18,profiled_cz,awgn,0.0,32.0,1632,16.989583333333332,18.025104166666665,0.9933333333333333,9536,3248,21,21,21,4,419,false,false,4,16
red4:lane3:snr22.0:seed4:frame19,22.0,19,profiled_cz,awgn,0.0,32.0,1726,17.96875,19.004270833333333,0.9933333333333333,9536,3248,22,22,22,4,511,false,false,4,16
red4:lane3:snr22.0:seed4:frame20,22.0,20,profiled_cz,awgn,0.0,32.0,1821,18.958333333333332,19.993854166666665,0.9933333333333333,9536,3248,23,23,23,4,0,true,false,4,16
red4:lane3:snr22.0:seed4:frame21,22.0,21,profiled_cz,awgn,0.0,32.0,1921,20.0,21.035520833333333,0.9933333333333333,9536,3248,24,24,24,4,0,true,false,4,16
red4:lane3:snr22.0:seed4:frame22,22.0,22,profiled_cz,awgn,0.0,32.0,2016,20.989583333333332,22.025104166666665,0.9933333333333333,9536,3248,25,25,25,4,415,false,false,4,16
red4:lane3:snr22.0:seed4:frame23,22.0,23,profiled_cz,awgn,0.0,32.0,2110,21.96875,23.004270833333333,0.9933333333333333,9536,3248,26,26,26,4,0,true,false,4,16
red4:lane3:snr22.0:seed4:frame24,22.0,24,profiled_cz,awgn,0.0,32.0,2205,22.958333333333332,23.993854166666665,0.9933333333333333,9536,3248,27,27,27,4,0,true,false,4,16
red4:lane3:snr22.0:seed4:frame25,22.0,25,profiled_cz,awgn,0.0,32.0,2305,24.0,25.035520833333333,0.9933333333333333,9536,3248,28,28,28,4,357,false,false,4,16
red4:lane3:snr22.0:seed4:frame26,22.0,26,profiled_cz,awgn,0.0,32.0,2400,24.989583333333332,26.025104166666665,0.9933333333333333,9536,3248,29,29,29,4,443,false,false,4,16
red4:lane3:snr22.0:seed4:frame27,22.0,27,profiled_cz,awgn,0.0,32.0,2494,25.96875,27.004270833333333,0.9933333333333333,9536,3248,30,30,30,4,458,false,false,4,16
red4:lane3:snr22.0:seed4:frame28,22.0,28,profiled_cz,awgn,0.0,32.0,2589,26.958333333333332,27.993854166666665,0.9933333333333333,9536,3248,31,31,31,4,0,true,false,4,16
red4:lane3:snr22.0:seed4:frame29,22.0,29,profiled_cz,awgn,0.0,32.0,2689,28.0,29.035520833333333,0.9933333333333333,9536,3248,32,32,32,4,0,true,false,4,16
red4:lane3:snr22.0:seed4:frame30,22.0,30,profiled_cz,awgn,0.0,32.0,2784,28.989583333333332,30.025104166666665,0.9933333333333333,9536,3248,33,33,33,4,407,false,false,4,16
red4:lane3:snr22.0:seed4:frame31,22.0,31,profiled_cz,awgn,0.0,32.0,2878,29.96875,31.004270833333333,0.9933333333333333,9536,3248,34,34,34,4,0,true,false,4,16
red4:lane3:snr22.0:seed4:frame32,22.0,32,profiled_cz,awgn,0.0,32.0,2973,30.958333333333332,31.993854166666665,0.9933333333333333,9536,3248,35,35,35,4,0,true,false,4,16
red4:lane3:snr24.0:seed4:frame1,24.0,1,cwz_joint,awgn,0.0,32.0,1,0.0,1.0355208333333332,0.9933333333333333,9536,3248,4,4,4,4,0,true,false,4,16
red4:lane3:snr24.0:seed4:frame2,24.0,2,cwz_joint,awgn,0.0,32.0,96,0.9895833333333334,2.0251041666666665,0.9933333333333333,9536,3248,5,5,5,4,0,true,false,4,16
red4:lane3:snr24.0:seed4:frame3,24.0,3,cwz_joint,awgn,0.0,32.0,190,1.96875,3.004270833333333,0.9933333333333333,9536,3248,6,6,6,4,0,true,false,4,16
red4:lane3:snr24.0:seed4:frame4,24.0,4,cwz_joint,awgn,0.0,32.0,285,2.9583333333333335,3.993854166666667,0.9933333333333333,9536,3248,7,7,7,4,395,false,false,4,16
red4:lane3:snr24.0:seed4:frame5,24.0,5,cwz_joint,awgn,0.0,32.0,385,4.0,5.035520833333333,0.9933333333333333,9536,3248,8,8,8,4,475,false,false,4,16
red4:lane3:snr24.0:seed4:frame6,24.0,6,cwz_joint,awgn,0.0,32.0,480,4.989583333333333,6.025104166666666,0.9933333333333333,9536,3248,9,9,9,4,0,true,false,4,16
red4:lane3:snr24.0:seed4:frame7,24.0,7,cwz_joint,awgn,0.0,32.0,574,5.96875,7.004270833333333,0.9933333333333333,9536,3248,10,10,10,4,457,false,false,4,16
red4:lane3:snr24.0:seed4:frame8,24.0,8,cwz_joint,awgn,0.0,32.0,669,6.958333333333333,7.993854166666666,0.9933333333333333,9536,3248,11,11,11,4,345,false,false,4,16
red4:lane3:snr24.0:seed4:frame9,24.0,9,cwz_joint,awgn,0.0,32.0,769,8.0,9.035520833333333,0.9933333333333333,9536,3248,12,12,12,4,469,false,false,4,16
red4:lane3:snr24.0:seed4:frame10,24.0,10,cwz_joint,awgn,0.0,32.0,864,8.989583333333334,10.025104166666667,0.9933333333333333,9536,3248,13,13,13,4,505,false,false,4,16
red4:lane3:snr24.0:seed4:frame11,24.0,11,cwz_joint,awgn,0.0,32.0,958,9.96875,11.004270833333333,0.9933333333333333,9536,3248,14,14,14,4,396,false,false,4,16
red4:lane3:snr24.0:seed4:frame12,24.0,12,cwz_joint,awgn,0.0,32.0,1053,10.958333333333334,11.993854166666667,0.9933333333333333,9536,3248,15,15,15,4,0,true,false,4,16
red4:lane3:snr24.0:seed4:frame13,24.0,13,cwz_joint,awgn,0.0,32.0,1153,12.0,13.035520833333333,0.9933333333333333,9536,3248,16,16,16,4,0,true,false,4,16
red4:lane3:snr24.0:seed4:frame14,24.0,14,cwz_joint,awgn,0.0,32.0,1248,12.989583333333334,14.025104166666667,0.9933333333333333,9536,3248,17,17,17,4,0,true,false,4,16
red4:lane3:snr24.0:seed4:frame15,24.0,15,cwz_joint,awgn,0.0,32.0,1342,13.96875,15.004270833333333,0.9933333333333333,9536,3248,18,18,18,4,439,false,false,4,16
red4:lane3:snr24.0:seed4:frame16,24.0,16,cwz_joint,awgn,0.0,32.0,1437,14.958333333333334,15.993854166666667,0.9933333333333333,9536,3248,19,19,19,4,438,false,false,4,16
red4:lane3:snr24.0:seed4:frame17,24.0,17,cwz_joint,awgn,0.0,32.0,1537,16.0,17.035520833333333,0.9933333333333333,9536,3248,20,20,20,4,0,true,false,4,16
red4:lane3:snr24.0:seed4:frame18,24.0,18,cwz_joint,awgn,0.0,32.0,1632,16.989583333333332,18.025104166666665,0.9933333333333333,9536,3248,21,21,21,4,379,false,false,4,16
red4:lane3:snr24.0:seed4:frame19,24.0,19,cwz_joint,awgn,0.0,32.0,1726,17.96875,19.004270833333333,0.9933333333333333,9536,3248,22,22,22,4,473,false,false,4,16
red4:lane3:snr24.0:seed4:frame20,24.0,20,cwz_joint,awgn,0.0,32.0,1821,18.958333333333332,19.993854166666665,0.9933333333333333,9536,3248,23,23,23,4,0,true,false,4,16
red4:lane3:snr24.0:seed4:frame21,24.0,21,cwz_joint,awgn,0.0,32.0,1921,20.0,21.035520833333333,0.9933333333333333,9536,3248,24,24,24,4,0,true,false,4,16
red4:lane3:snr24.0:seed4:frame22,24.0,22,cwz_joint,awgn,0.0,32.0,2016,20.989583333333332,22.025104166666665,0.9933333333333333,9536,3248,25,25,25,4,407,false,false,4,16
red4:lane3:snr24.0:seed4:frame23,24.0,23,cwz_joint,awgn,0.0,32.0,2110,21.96875,23.004270833333333,0.9933333333333333,9536,3248,26,26,26,4,0,true,false,4,16
red4:lane3:snr24.0:seed4:frame24,24.0,24,cwz_joint,awgn,0.0,32.0,2205,22.958333333333332,23.993854166666665,0.9933333333333333,9536,3248,27,27,27,4,0,true,false,4,16
red4:lane3:snr24.0:seed4:frame25,24.0,25,cwz_joint,awgn,0.0,32.0,2305,24.0,25.035520833333333,0.9933333333333333,9536,3248,28,28,28,4,292,false,false,4,16
red4:lane3:snr24.0:seed4:frame26,24.0,26,cwz_joint,awgn,0.0,32.0,2400,24.989583333333332,26.025104166666665,0.9933333333333333,9536,3248,29,29,29,4,404,false,false,4,16
red4:lane3:snr24.0:seed4:frame27,24.0,27,cwz_joint,awgn,0.0,32.0,2494,25.96875,27.004270833333333,0.9933333333333333,9536,3248,30,30,30,4,452,false,false,4,16
red4:lane3:snr24.0:seed4:frame28,24.0,28,cwz_joint,awgn,0.0,32.0,2589,26.958333333333332,27.993854166666665,0.9933333333333333,9536,3248,31,31,31,4,0,true,false,4,16
red4:lane3:snr24.0:seed4:frame29,24.0,29,cwz_joint,awgn,0.0,32.0,2689,28.0,29.035520833333333,0.9933333333333333,9536,3248,32,32,32,4,0,true,false,4,16
red4:lane3:snr24.0:seed4:frame30,24.0,30,cwz_joint,awgn,0.0,32.0,2784,28.989583333333332,30.025104166666665,0.9933333333333333,9536,3248,33,33,33,4,347,false,false,4,16
red4:lane3:snr24.0:seed4:frame31,24.0,31,cwz_joint,awgn,0.0,32.0,2878,29.96875,31.004270833333333,0.9933333333333333,9536,3248,34,34,34,4,0,true,false,4,16
red4:lane3:snr24.0:seed4:frame32,24.0,32,cwz_joint,awgn,0.0,32.0,2973,30.958333333333332,31.993854166666665,0.9933333333333333,9536,3248,35,35,35,4,0,true,false,4,16
red4:lane3:snr24.0:seed4:frame1,24.0,1,lite,awgn,0.0,32.0,1,0.0,1.0355208333333332,0.9933333333333333,9536,3248,4,4,4,4,422,false,false,4,16
red4:lane3:snr24.0:seed4:frame2,24.0,2,lite,awgn,0.0,32.0,96,0.9895833333333334,2.0251041666666665,0.9933333333333333,9536,3248,5,5,5,4,0,true,false,4,16
red4:lane3:snr24.0:seed4:frame3,24.0,3,lite,awgn,0.0,32.0,190,1.96875,3.004270833333333,0.9933333333333333,9536,3248,6,6,6,4,462,false,false,4,16
red4:lane3:snr24.0:seed4:frame4,24.0,4,lite,awgn,0.0,32.0,285,2.9583333333333335,3.993854166666667,0.9933333333333333,9536,3248,7,7,7,4,590,false,false,4,16
red4:lane3:snr24.0:seed4:frame5,24.0,5,lite,awgn,0.0,32.0,385,4.0,5.035520833333333,0.9933333333333333,9536,3248,8,8,8,4,630,false,false,4,16
red4:lane3:snr24.0:seed4:frame6,24.0,6,lite,awgn,0.0,32.0,480,4.989583333333333,6.025104166666666,0.9933333333333333,9536,3248,9,9,9,4,297,false,false,4,16
red4:lane3:snr24.0:seed4:frame7,24.0,7,lite,awgn,0.0,32.0,574,5.96875,7.004270833333333,0.9933333333333333,9536,3248,10,10,10,4,445,false,false,4,16
red4:lane3:snr24.0:seed4:frame8,24.0,8,lite,awgn,0.0,32.0,669,6.958333333333333,7.993854166666666,0.9933333333333333,9536,3248,11,11,11,4,446,false,false,4,16
red4:lane3:snr24.0:seed4:frame9,24.0,9,lite,awgn,0.0,32.0,769,8.0,9.035520833333333,0.9933333333333333,9536,3248,12,12,12,4,423,false,false,4,16
red4:lane3:snr24.0:seed4:frame10,24.0,10,lite,awgn,0.0,32.0,864,8.989583333333334,10.025104166666667,0.9933333333333333,9536,3248,13,13,13,4,498,false,false,4,16
red4:lane3:snr24.0:seed4:frame11,24.0,11,lite,awgn,0.0,32.0,958,9.96875,11.004270833333333,0.9933333333333333,9536,3248,14,14,14,4,376,false,false,4,16
red4:lane3:snr24.0:seed4:frame12,24.0,12,lite,awgn,0.0,32.0,1053,10.958333333333334,11.993854166666667,0.9933333333333333,9536,3248,15,15,15,4,459,false,false,4,16
red4:lane3:snr24.0:seed4:frame13,24.0,13,lite,awgn,0.0,32.0,1153,12.0,13.035520833333333,0.9933333333333333,9536,3248,16,16,16,4,200,false,false,4,16
red4:lane3:snr24.0:seed4:frame14,24.0,14,lite,awgn,0.0,32.0,1248,12.989583333333334,14.025104166666667,0.9933333333333333,9536,3248,17,17,17,4,448,false,false,4,16
red4:lane3:snr24.0:seed4:frame15,24.0,15,lite,awgn,0.0,32.0,1342,13.96875,15.004270833333333,0.9933333333333333,9536,3248,18,18,18,4,519,false,false,4,16
red4:lane3:snr24.0:seed4:frame16,24.0,16,lite,awgn,0.0,32.0,1437,14.958333333333334,15.993854166666667,0.9933333333333333,9536,3248,19,19,19,4,585,false,false,4,16
red4:lane3:snr24.0:seed4:frame17,24.0,17,lite,awgn,0.0,32.0,1537,16.0,17.035520833333333,0.9933333333333333,9536,3248,20,20,20,4,0,true,false,4,16
red4:lane3:snr24.0:seed4:frame18,24.0,18,lite,awgn,0.0,32.0,1632,16.989583333333332,18.025104166666665,0.9933333333333333,9536,3248,21,21,21,4,451,false,false,4,16
red4:lane3:snr24.0:seed4:frame19,24.0,19,lite,awgn,0.0,32.0,1726,17.96875,19.004270833333333,0.9933333333333333,9536,3248,22,22,22,4,465,false,false,4,16
red4:lane3:snr24.0:seed4:frame20,24.0,20,lite,awgn,0.0,32.0,1821,18.958333333333332,19.993854166666665,0.9933333333333333,9536,3248,23,23,23,4,0,true,false,4,16
red4:lane3:snr24.0:seed4:frame21,24.0,21,lite,awgn,0.0,32.0,1921,20.0,21.035520833333333,0.9933333333333333,9536,3248,24,24,24,4,521,false,false,4,16
red4:lane3:snr24.0:seed4:frame22,24.0,22,lite,awgn,0.0,32.0,2016,20.989583333333332,22.025104166666665,0.9933333333333333,9536,3248,25,25,25,4,384,false,false,4,16
red4:lane3:snr24.0:seed4:frame23,24.0,23,lite,awgn,0.0,32.0,2110,21.96875,23.004270833333333,0.9933333333333333,9536,3248,26,26,26,4,0,true,false,4,16
red4:lane3:snr24.0:seed4:frame24,24.0,24,lite,awgn,0.0,32.0,2205,22.958333333333332,23.993854166666665,0.9933333333333333,9536,3248,27,27,27,4,0,true,false,4,16
red4:lane3:snr24.0:seed4:frame25,24.0,25,lite,awgn,0.0,32.0,2305,24.0,25.035520833333333,0.9933333333333333,9536,3248,28,28,28,4,505,false,false,4,16
red4:lane3:snr24.0:seed4:frame26,24.0,26,lite,awgn,0.0,32.0,2400,24.989583333333332,26.025104166666665,0.9933333333333333,9536,3248,29,29,29,4,524,false,false,4,16
red4:lane3:snr24.0:seed4:frame27,24.0,27,lite,awgn,0.0,32.0,2494,25.96875,27.004270833333333,0.9933333333333333,9536,3248,30,30,30,4,499,false,false,4,16
red4:lane3:snr24.0:seed4:frame28,24.0,28,lite,awgn,0.0,32.0,2589,26.958333333333332,27.993854166666665,0.9933333333333333,9536,3248,31,31,31,4,0,true,false,4,16
red4:lane3:snr24.0:seed4:frame29,24.0,29,lite,awgn,0.0,32.0,2689,28.0,29.035520833333333,0.9933333333333333,9536,3248,32,32,32,4,0,true,false,4,16
red4:lane3:snr24.0:seed4:frame30,24.0,30,lite,awgn,0.0,32.0,2784,28.989583333333332,30.025104166666665,0.9933333333333333,9536,3248,33,33,33,4,471,false,false,4,16
red4:lane3:snr24.0:seed4:frame31,24.0,31,lite,awgn,0.0,32.0,2878,29.96875,31.004270833333333,0.9933333333333333,9536,3248,34,34,34,4,465,false,false,4,16
red4:lane3:snr24.0:seed4:frame32,24.0,32,lite,awgn,0.0,32.0,2973,30.958333333333332,31.993854166666665,0.9933333333333333,9536,3248,35,35,35,4,500,false,false,4,16
red4:lane3:snr24.0:seed4:frame1,24.0,1,ofdm_fec,awgn,0.0,32.0,1,0.0,1.0355208333333332,0.9933333333333333,9536,3248,4,4,4,4,0,true,false,4,16
red4:lane3:snr24.0:seed4:frame2,24.0,2,ofdm_fec,awgn,0.0,32.0,96,0.9895833333333334,2.0251041666666665,0.9933333333333333,9536,3248,5,5,5,4,0,true,false,4,16
red4:lane3:snr24.0:seed4:frame3,24.0,3,ofdm_fec,awgn,0.0,32.0,190,1.96875,3.004270833333333,0.9933333333333333,9536,3248,6,6,6,4,0,true,false,4,16
red4:lane3:snr24.0:seed4:frame4,24.0,4,ofdm_fec,awgn,0.0,32.0,285,2.9583333333333335,3.993854166666667,0.9933333333333333,9536,3248,7,7,7,4,395,false,false,4,16
red4:lane3:snr24.0:seed4:frame5,24.0,5,ofdm_fec,awgn,0.0,32.0,385,4.0,5.035520833333333,0.9933333333333333,9536,3248,8,8,8,4,475,false,false,4,16
red4:lane3:snr24.0:seed4:frame6,24.0,6,ofdm_fec,awgn,0.0,32.0,480,4.989583333333333,6.025104166666666,0.9933333333333333,9536,3248,9,9,9,4,0,true,false,4,16
red4:lane3:snr24.0:seed4:frame7,24.0,7,ofdm_fec,awgn,0.0,32.0,574,5.96875,7.004270833333333,0.9933333333333333,9536,3248,10,10,10,4,457,false,false,4,16
red4:lane3:snr24.0:seed4:frame8,24.0,8,ofdm_fec,awgn,0.0,32.0,669,6.958333333333333,7.993854166666666,0.9933333333333333,9536,3248,11,11,11,4,345,false,false,4,16
red4:lane3:snr24.0:seed4:frame9,24.0,9,ofdm_fec,awgn,0.0,32.0,769,8.0,9.035520833333333,0.9933333333333333,9536,3248,12,12,12,4,469,false,false,4,16
red4:lane3:snr24.0:seed4:frame10,24.0,10,ofdm_fec,awgn,0.0,32.0,864,8.989583333333334,10.025104166666667,0.9933333333333333,9536,3248,13,13,13,4,505,false,false,4,16
red4:lane3:snr24.0:seed4:frame11,24.0,11,ofdm_fec,awgn,0.0,32.0,958,9.96875,11.004270833333333,0.9933333333333333,9536,3248,14,14,14,4,396,false,false,4,16
red4:lane3:snr24.0:seed4:frame12,24.0,12,ofdm_fec,awgn,0.0,32.0,1053,10.958333333333334,11.993854166666667,0.9933333333333333,9536,3248,15,15,15,4,0,true,false,4,16
red4:lane3:snr24.0:seed4:frame13,24.0,13,ofdm_fec,awgn,0.0,32.0,1153,12.0,13.035520833333333,0.9933333333333333,9536,3248,16,16,16,4,0,true,false,4,16
red4:lane3:snr24.0:seed4:frame14,24.0,14,ofdm_fec,awgn,0.0,32.0,1248,12.989583333333334,14.025104166666667,0.9933333333333333,9536,3248,17,17,17,4,0,true,false,4,16
red4:lane3:snr24.0:seed4:frame15,24.0,15,ofdm_fec,awgn,0.0,32.0,1342,13.96875,15.004270833333333,0.9933333333333333,9536,3248,18,18,18,4,439,false,false,4,16
red4:lane3:snr24.0:seed4:frame16,24.0,16,ofdm_fec,awgn,0.0,32.0,1437,14.958333333333334,15.993854166666667,0.9933333333333333,9536,3248,19,19,19,4,438,false,false,4,16
red4:lane3:snr24.0:seed4:frame17,24.0,17,ofdm_fec,awgn,0.0,32.0,1537,16.0,17.035520833333333,0.9933333333333333,9536,3248,20,20,20,4,0,true,false,4,16
red4:lane3:snr24.0:seed4:frame18,24.0,18,ofdm_fec,awgn,0.0,32.0,1632,16.989583333333332,18.025104166666665,0.9933333333333333,9536,3248,21,21,21,4,379,false,false,4,16
red4:lane3:snr24.0:seed4:frame19,24.0,19,ofdm_fec,awgn,0.0,32.0,1726,17.96875,19.004270833333333,0.9933333333333333,9536,3248,22,22,22,4,473,false,false,4,16
red4:lane3:snr24.0:seed4:frame20,24.0,20,ofdm_fec,awgn,0.0,32.0,1821,18.958333333333332,19.993854166666665,0.9933333333333333,9536,3248,23,23,23,4,0,true,false,4,16
red4:lane3:snr24.0:seed4:frame21,24.0,21,ofdm_fec,awgn,0.0,32.0,1921,20.0,21.035520833333333,0.9933333333333333,9536,3248,24,24,24,4,0,true,false,4,16
red4:lane3:snr24.0:seed4:frame22,24.0,22,ofdm_fec,awgn,0.0,32.0,2016,20.989583333333332,22.025104166666665,0.9933333333333333,9536,3248,25,25,25,4,407,false,false,4,16
red4:lane3:snr24.0:seed4:frame23,24.0,23,ofdm_fec,awgn,0.0,32.0,2110,21.96875,23.004270833333333,0.9933333333333333,9536,3248,26,26,26,4,0,true,false,4,16
red4:lane3:snr24.0:seed4:frame24,24.0,24,ofdm_fec,awgn,0.0,32.0,2205,22.958333333333332,23.993854166666665,0.9933333333333333,9536,3248,27,27,27,4,0,true,false,4,16
red4:lane3:snr24.0:seed4:frame25,24.0,25,ofdm_fec,awgn,0.0,32.0,2305,24.0,25.035520833333333,0.9933333333333333,9536,3248,28,28,28,4,292,false,false,4,16
red4:lane3:snr24.0:seed4:frame26,24.0,26,ofdm_fec,awgn,0.0,32.0,2400,24.989583333333332,26.025104166666665,0.9933333333333333,9536,3248,29,29,29,4,404,false,false,4,16
red4:lane3:snr24.0:seed4:frame27,24.0,27,ofdm_fec,awgn,0.0,32.0,2494,25.96875,27.004270833333333,0.9933333333333333,9536,3248,30,30,30,4,452,false,false,4,16
red4:lane3:snr24.0:seed4:frame28,24.0,28,ofdm_fec,awgn,0.0,32.0,2589,26.958333333333332,27.993854166666665,0.9933333333333333,9536,3248,31,31,31,4,0,true,false,4,16
red4:lane3:snr24.0:seed4:frame29,24.0,29,ofdm_fec,awgn,0.0,32.0,2689,28.0,29.035520833333333,0.9933333333333333,9536,3248,32,32,32,4,0,true,false,4,16
red4:lane3:snr24.0:seed4:frame30,24.0,30,ofdm_fec,awgn,0.0,32.0,2784,28.989583333333332,30.025104166666665,0.9933333333333333,9536,3248,33,33,33,4,347,false,false,4,16
red4:lane3:snr24.0:seed4:frame31,24.0,31,ofdm_fec,awgn,0.0,32.0,2878,29.96875,31.004270833333333,0.9933333333333333,9536,3248,34,34,34,4,0,true,false,4,16
red4:lane3:snr24.0:seed4:frame32,24.0,32,ofdm_fec,awgn,0.0,32.0,2973,30.958333333333332,31.993854166666665,0.9933333333333333,9536,3248,35,35,35,4,0,true,false,4,16
red4:lane3:snr24.0:seed4:frame1,24.0,1,pfft,awgn,0.0,32.0,1,0.0,1.0355208333333332,0.9933333333333333,9536,3248,4,4,4,4,422,false,false,4,16
red4:lane3:snr24.0:seed4:frame2,24.0,2,pfft,awgn,0.0,32.0,96,0.9895833333333334,2.0251041666666665,0.9933333333333333,9536,3248,5,5,5,4,374,false,false,4,16
red4:lane3:snr24.0:seed4:frame3,24.0,3,pfft,awgn,0.0,32.0,190,1.96875,3.004270833333333,0.9933333333333333,9536,3248,6,6,6,4,520,false,false,4,16
red4:lane3:snr24.0:seed4:frame4,24.0,4,pfft,awgn,0.0,32.0,285,2.9583333333333335,3.993854166666667,0.9933333333333333,9536,3248,7,7,7,4,649,false,false,4,16
red4:lane3:snr24.0:seed4:frame5,24.0,5,pfft,awgn,0.0,32.0,385,4.0,5.035520833333333,0.9933333333333333,9536,3248,8,8,8,4,630,false,false,4,16
red4:lane3:snr24.0:seed4:frame6,24.0,6,pfft,awgn,0.0,32.0,480,4.989583333333333,6.025104166666666,0.9933333333333333,9536,3248,9,9,9,4,498,false,false,4,16
red4:lane3:snr24.0:seed4:frame7,24.0,7,pfft,awgn,0.0,32.0,574,5.96875,7.004270833333333,0.9933333333333333,9536,3248,10,10,10,4,517,false,false,4,16
red4:lane3:snr24.0:seed4:frame8,24.0,8,pfft,awgn,0.0,32.0,669,6.958333333333333,7.993854166666666,0.9933333333333333,9536,3248,11,11,11,4,570,false,false,4,16
red4:lane3:snr24.0:seed4:frame9,24.0,9,pfft,awgn,0.0,32.0,769,8.0,9.035520833333333,0.9933333333333333,9536,3248,12,12,12,4,471,false,false,4,16
red4:lane3:snr24.0:seed4:frame10,24.0,10,pfft,awgn,0.0,32.0,864,8.989583333333334,10.025104166666667,0.9933333333333333,9536,3248,13,13,13,4,498,false,false,4,16
red4:lane3:snr24.0:seed4:frame11,24.0,11,pfft,awgn,0.0,32.0,958,9.96875,11.004270833333333,0.9933333333333333,9536,3248,14,14,14,4,434,false,false,4,16
red4:lane3:snr24.0:seed4:frame12,24.0,12,pfft,awgn,0.0,32.0,1053,10.958333333333334,11.993854166666667,0.9933333333333333,9536,3248,15,15,15,4,459,false,false,4,16
red4:lane3:snr24.0:seed4:frame13,24.0,13,pfft,awgn,0.0,32.0,1153,12.0,13.035520833333333,0.9933333333333333,9536,3248,16,16,16,4,447,false,false,4,16
red4:lane3:snr24.0:seed4:frame14,24.0,14,pfft,awgn,0.0,32.0,1248,12.989583333333334,14.025104166666667,0.9933333333333333,9536,3248,17,17,17,4,516,false,false,4,16
red4:lane3:snr24.0:seed4:frame15,24.0,15,pfft,awgn,0.0,32.0,1342,13.96875,15.004270833333333,0.9933333333333333,9536,3248,18,18,18,4,519,false,false,4,16
red4:lane3:snr24.0:seed4:frame16,24.0,16,pfft,awgn,0.0,32.0,1437,14.958333333333334,15.993854166666667,0.9933333333333333,9536,3248,19,19,19,4,585,false,false,4,16
red4:lane3:snr24.0:seed4:frame17,24.0,17,pfft,awgn,0.0,32.0,1537,16.0,17.035520833333333,0.9933333333333333,9536,3248,20,20,20,4,407,false,false,4,16
red4:lane3:snr24.0:seed4:frame18,24.0,18,pfft,awgn,0.0,32.0,1632,16.989583333333332,18.025104166666665,0.9933333333333333,9536,3248,21,21,21,4,481,false,false,4,16
red4:lane3:snr24.0:seed4:frame19,24.0,19,pfft,awgn,0.0,32.0,1726,17.96875,19.004270833333333,0.9933333333333333,9536,3248,22,22,22,4,519,false,false,4,16
red4:lane3:snr24.0:seed4:frame20,24.0,20,pfft,awgn,0.0,32.0,1821,18.958333333333332,19.993854166666665,0.9933333333333333,9536,3248,23,23,23,4,412,false,false,4,16
red4:lane3:snr24.0:seed4:frame21,24.0,21,pfft,awgn,0.0,32.0,1921,20.0,21.035520833333333,0.9933333333333333,9536,3248,24,24,24,4,521,false,false,4,16
red4:lane3:snr24.0:seed4:frame22,24.0,22,pfft,awgn,0.0,32.0,2016,20.989583333333332,22.025104166666665,0.9933333333333333,9536,3248,25,25,25,4,422,false,false,4,16
red4:lane3:snr24.0:seed4:frame23,24.0,23,pfft,awgn,0.0,32.0,2110,21.96875,23.004270833333333,0.9933333333333333,9536,3248,26,26,26,4,366,false,false,4,16
red4:lane3:snr24.0:seed4:frame24,24.0,24,pfft,awgn,0.0,32.0,2205,22.958333333333332,23.993854166666665,0.9933333333333333,9536,3248,27,27,27,4,379,false,false,4,16
red4:lane3:snr24.0:seed4:frame25,24.0,25,pfft,awgn,0.0,32.0,2305,24.0,25.035520833333333,0.9933333333333333,9536,3248,28,28,28,4,505,false,false,4,16
red4:lane3:snr24.0:seed4:frame26,24.0,26,pfft,awgn,0.0,32.0,2400,24.989583333333332,26.025104166666665,0.9933333333333333,9536,3248,29,29,29,4,629,false,false,4,16
red4:lane3:snr24.0:seed4:frame27,24.0,27,pfft,awgn,0.0,32.0,2494,25.96875,27.004270833333333,0.9933333333333333,9536,3248,30,30,30,4,499,false,false,4,16
red4:lane3:snr24.0:seed4:frame28,24.0,28,pfft,awgn,0.0,32.0,2589,26.958333333333332,27.993854166666665,0.9933333333333333,9536,3248,31,31,31,4,451,false,false,4,16
red4:lane3:snr24.0:seed4:frame29,24.0,29,pfft,awgn,0.0,32.0,2689,28.0,29.035520833333333,0.9933333333333333,9536,3248,32,32,32,4,391,false,false,4,16
red4:lane3:snr24.0:seed4:frame30,24.0,30,pfft,awgn,0.0,32.0,2784,28.989583333333332,30.025104166666665,0.9933333333333333,9536,3248,33,33,33,4,471,false,false,4,16
red4:lane3:snr24.0:seed4:frame31,24.0,31,pfft,awgn,0.0,32.0,2878,29.96875,31.004270833333333,0.9933333333333333,9536,3248,34,34,34,4,518,false,false,4,16
red4:lane3:snr24.0:seed4:frame32,24.0,32,pfft,awgn,0.0,32.0,2973,30.958333333333332,31.993854166666665,0.9933333333333333,9536,3248,35,35,35,4,544,false,false,4,16
red4:lane3:snr24.0:seed4:frame1,24.0,1,profiled_cz,awgn,0.0,32.0,1,0.0,1.0355208333333332,0.9933333333333333,9536,3248,4,4,4,4,0,true,false,4,16
red4:lane3:snr24.0:seed4:frame2,24.0,2,profiled_cz,awgn,0.0,32.0,96,0.9895833333333334,2.0251041666666665,0.9933333333333333,9536,3248,5,5,5,4,0,true,false,4,16
red4:lane3:snr24.0:seed4:frame3,24.0,3,profiled_cz,awgn,0.0,32.0,190,1.96875,3.004270833333333,0.9933333333333333,9536,3248,6,6,6,4,0,true,false,4,16
red4:lane3:snr24.0:seed4:frame4,24.0,4,profiled_cz,awgn,0.0,32.0,285,2.9583333333333335,3.993854166666667,0.9933333333333333,9536,3248,7,7,7,4,395,false,false,4,16
red4:lane3:snr24.0:seed4:frame5,24.0,5,profiled_cz,awgn,0.0,32.0,385,4.0,5.035520833333333,0.9933333333333333,9536,3248,8,8,8,4,475,false,false,4,16
red4:lane3:snr24.0:seed4:frame6,24.0,6,profiled_cz,awgn,0.0,32.0,480,4.989583333333333,6.025104166666666,0.9933333333333333,9536,3248,9,9,9,4,0,true,false,4,16
red4:lane3:snr24.0:seed4:frame7,24.0,7,profiled_cz,awgn,0.0,32.0,574,5.96875,7.004270833333333,0.9933333333333333,9536,3248,10,10,10,4,457,false,false,4,16
red4:lane3:snr24.0:seed4:frame8,24.0,8,profiled_cz,awgn,0.0,32.0,669,6.958333333333333,7.993854166666666,0.9933333333333333,9536,3248,11,11,11,4,345,false,false,4,16
red4:lane3:snr24.0:seed4:frame9,24.0,9,profiled_cz,awgn,0.0,32.0,769,8.0,9.035520833333333,0.9933333333333333,9536,3248,12,12,12,4,469,false,false,4,16
red4:lane3:snr24.0:seed4:frame10,24.0,10,profiled_cz,awgn,0.0,32.0,864,8.989583333333334,10.025104166666667,0.9933333333333333,9536,3248,13,13,13,4,505,false,false,4,16
red4:lane3:snr24.0:seed4:frame11,24.0,11,profiled_cz,awgn,0.0,32.0,958,9.96875,11.004270833333333,0.9933333333333333,9536,3248,14,14,14,4,396,false,false,4,16
red4:lane3:snr24.0:seed4:frame12,24.0,12,profiled_cz,awgn,0.0,32.0,1053,10.958333333333334,11.993854166666667,0.9933333333333333,9536,3248,15,15,15,4,0,true,false,4,16
red4:lane3:snr24.0:seed4:frame13,24.0,13,profiled_cz,awgn,0.0,32.0,1153,12.0,13.035520833333333,0.9933333333333333,9536,3248,16,16,16,4,0,true,false,4,16
red4:lane3:snr24.0:seed4:frame14,24.0,14,profiled_cz,awgn,0.0,32.0,1248,12.989583333333334,14.025104166666667,0.9933333333333333,9536,3248,17,17,17,4,0,true,false,4,16
red4:lane3:snr24.0:seed4:frame15,24.0,15,profiled_cz,awgn,0.0,32.0,1342,13.96875,15.004270833333333,0.9933333333333333,9536,3248,18,18,18,4,439,false,false,4,16
red4:lane3:snr24.0:seed4:frame16,24.0,16,profiled_cz,awgn,0.0,32.0,1437,14.958333333333334,15.993854166666667,0.9933333333333333,9536,3248,19,19,19,4,438,false,false,4,16
red4:lane3:snr24.0:seed4:frame17,24.0,17,profiled_cz,awgn,0.0,32.0,1537,16.0,17.035520833333333,0.9933333333333333,9536,3248,20,20,20,4,0,true,false,4,16
red4:lane3:snr24.0:seed4:frame18,24.0,18,profiled_cz,awgn,0.0,32.0,1632,16.989583333333332,18.025104166666665,0.9933333333333333,9536,3248,21,21,21,4,379,false,false,4,16
red4:lane3:snr24.0:seed4:frame19,24.0,19,profiled_cz,awgn,0.0,32.0,1726,17.96875,19.004270833333333,0.9933333333333333,9536,3248,22,22,22,4,473,false,false,4,16
red4:lane3:snr24.0:seed4:frame20,24.0,20,profiled_cz,awgn,0.0,32.0,1821,18.958333333333332,19.993854166666665,0.9933333333333333,9536,3248,23,23,23,4,0,true,false,4,16
red4:lane3:snr24.0:seed4:frame21,24.0,21,profiled_cz,awgn,0.0,32.0,1921,20.0,21.035520833333333,0.9933333333333333,9536,3248,24,24,24,4,0,true,false,4,16
red4:lane3:snr24.0:seed4:frame22,24.0,22,profiled_cz,awgn,0.0,32.0,2016,20.989583333333332,22.025104166666665,0.9933333333333333,9536,3248,25,25,25,4,407,false,false,4,16
red4:lane3:snr24.0:seed4:frame23,24.0,23,profiled_cz,awgn,0.0,32.0,2110,21.96875,23.004270833333333,0.9933333333333333,9536,3248,26,26,26,4,0,true,false,4,16
red4:lane3:snr24.0:seed4:frame24,24.0,24,profiled_cz,awgn,0.0,32.0,2205,22.958333333333332,23.993854166666665,0.9933333333333333,9536,3248,27,27,27,4,0,true,false,4,16
red4:lane3:snr24.0:seed4:frame25,24.0,25,profiled_cz,awgn,0.0,32.0,2305,24.0,25.035520833333333,0.9933333333333333,9536,3248,28,28,28,4,292,false,false,4,16
red4:lane3:snr24.0:seed4:frame26,24.0,26,profiled_cz,awgn,0.0,32.0,2400,24.989583333333332,26.025104166666665,0.9933333333333333,9536,3248,29,29,29,4,404,false,false,4,16
red4:lane3:snr24.0:seed4:frame27,24.0,27,profiled_cz,awgn,0.0,32.0,2494,25.96875,27.004270833333333,0.9933333333333333,9536,3248,30,30,30,4,452,false,false,4,16
red4:lane3:snr24.0:seed4:frame28,24.0,28,profiled_cz,awgn,0.0,32.0,2589,26.958333333333332,27.993854166666665,0.9933333333333333,9536,3248,31,31,31,4,0,true,false,4,16
red4:lane3:snr24.0:seed4:frame29,24.0,29,profiled_cz,awgn,0.0,32.0,2689,28.0,29.035520833333333,0.9933333333333333,9536,3248,32,32,32,4,0,true,false,4,16
red4:lane3:snr24.0:seed4:frame30,24.0,30,profiled_cz,awgn,0.0,32.0,2784,28.989583333333332,30.025104166666665,0.9933333333333333,9536,3248,33,33,33,4,347,false,false,4,16
red4:lane3:snr24.0:seed4:frame31,24.0,31,profiled_cz,awgn,0.0,32.0,2878,29.96875,31.004270833333333,0.9933333333333333,9536,3248,34,34,34,4,0,true,false,4,16
red4:lane3:snr24.0:seed4:frame32,24.0,32,profiled_cz,awgn,0.0,32.0,2973,30.958333333333332,31.993854166666665,0.9933333333333333,9536,3248,35,35,35,4,0,true,false,4,16
red4:lane3:snr26.0:seed4:frame1,26.0,1,cwz_joint,awgn,0.0,32.0,1,0.0,1.0355208333333332,0.9933333333333333,9536,3248,4,4,4,4,0,true,false,4,16
red4:lane3:snr26.0:seed4:frame2,26.0,2,cwz_joint,awgn,0.0,32.0,96,0.9895833333333334,2.0251041666666665,0.9933333333333333,9536,3248,5,5,5,4,0,true,false,4,16
red4:lane3:snr26.0:seed4:frame3,26.0,3,cwz_joint,awgn,0.0,32.0,190,1.96875,3.004270833333333,0.9933333333333333,9536,3248,6,6,6,4,0,true,false,4,16
red4:lane3:snr26.0:seed4:frame4,26.0,4,cwz_joint,awgn,0.0,32.0,285,2.9583333333333335,3.993854166666667,0.9933333333333333,9536,3248,7,7,7,4,372,false,false,4,16
red4:lane3:snr26.0:seed4:frame5,26.0,5,cwz_joint,awgn,0.0,32.0,385,4.0,5.035520833333333,0.9933333333333333,9536,3248,8,8,8,4,512,false,false,4,16
red4:lane3:snr26.0:seed4:frame6,26.0,6,cwz_joint,awgn,0.0,32.0,480,4.989583333333333,6.025104166666666,0.9933333333333333,9536,3248,9,9,9,4,0,true,false,4,16
red4:lane3:snr26.0:seed4:frame7,26.0,7,cwz_joint,awgn,0.0,32.0,574,5.96875,7.004270833333333,0.9933333333333333,9536,3248,10,10,10,4,444,false,false,4,16
red4:lane3:snr26.0:seed4:frame8,26.0,8,cwz_joint,awgn,0.0,32.0,669,6.958333333333333,7.993854166666666,0.9933333333333333,9536,3248,11,11,11,4,345,false,false,4,16
red4:lane3:snr26.0:seed4:frame9,26.0,9,cwz_joint,awgn,0.0,32.0,769,8.0,9.035520833333333,0.9933333333333333,9536,3248,12,12,12,4,395,false,false,4,16
red4:lane3:snr26.0:seed4:frame10,26.0,10,cwz_joint,awgn,0.0,32.0,864,8.989583333333334,10.025104166666667,0.9933333333333333,9536,3248,13,13,13,4,526,false,false,4,16
red4:lane3:snr26.0:seed4:frame11,26.0,11,cwz_joint,awgn,0.0,32.0,958,9.96875,11.004270833333333,0.9933333333333333,9536,3248,14,14,14,4,456,false,false,4,16
red4:lane3:snr26.0:seed4:frame12,26.0,12,cwz_joint,awgn,0.0,32.0,1053,10.958333333333334,11.993854166666667,0.9933333333333333,9536,3248,15,15,15,4,0,true,false,4,16
red4:lane3:snr26.0:seed4:frame13,26.0,13,cwz_joint,awgn,0.0,32.0,1153,12.0,13.035520833333333,0.9933333333333333,9536,3248,16,16,16,4,0,true,false,4,16
red4:lane3:snr26.0:seed4:frame14,26.0,14,cwz_joint,awgn,0.0,32.0,1248,12.989583333333334,14.025104166666667,0.9933333333333333,9536,3248,17,17,17,4,0,true,false,4,16
red4:lane3:snr26.0:seed4:frame15,26.0,15,cwz_joint,awgn,0.0,32.0,1342,13.96875,15.004270833333333,0.9933333333333333,9536,3248,18,18,18,4,472,false,false,4,16
red4:lane3:snr26.0:seed4:frame16,26.0,16,cwz_joint,awgn,0.0,32.0,1437,14.958333333333334,15.993854166666667,0.9933333333333333,9536,3248,19,19,19,4,431,false,false,4,16
red4:lane3:snr26.0:seed4:frame17,26.0,17,cwz_joint,awgn,0.0,32.0,1537,16.0,17.035520833333333,0.9933333333333333,9536,3248,20,20,20,4,0,true,false,4,16
red4:lane3:snr26.0:seed4:frame18,26.0,18,cwz_joint,awgn,0.0,32.0,1632,16.989583333333332,18.025104166666665,0.9933333333333333,9536,3248,21,21,21,4,383,false,false,4,16
red4:lane3:snr26.0:seed4:frame19,26.0,19,cwz_joint,awgn,0.0,32.0,1726,17.96875,19.004270833333333,0.9933333333333333,9536,3248,22,22,22,4,512,false,false,4,16
red4:lane3:snr26.0:seed4:frame20,26.0,20,cwz_joint,awgn,0.0,32.0,1821,18.958333333333332,19.993854166666665,0.9933333333333333,9536,3248,23,23,23,4,0,true,false,4,16
red4:lane3:snr26.0:seed4:frame21,26.0,21,cwz_joint,awgn,0.0,32.0,1921,20.0,21.035520833333333,0.9933333333333333,9536,3248,24,24,24,4,0,true,false,4,16
red4:lane3:snr26.0:seed4:frame22,26.0,22,cwz_joint,awgn,0.0,32.0,2016,20.989583333333332,22.025104166666665,0.9933333333333333,9536,3248,25,25,25,4,408,false,false,4,16
red4:lane3:snr26.0:seed4:frame23,26.0,23,cwz_joint,awgn,0.0,32.0,2110,21.96875,23.004270833333333,0.9933333333333333,9536,3248,26,26,26,4,0,true,false,4,16
red4:lane3:snr26.0:seed4:frame24,26.0,24,cwz_joint,awgn,0.0,32.0,2205,22.958333333333332,23.993854166666665,0.9933333333333333,9536,3248,27,27,27,4,0,true,false,4,16
red4:lane3:snr26.0:seed4:frame25,26.0,25,cwz_joint,awgn,0.0,32.0,2305,24.0,25.035520833333333,0.9933333333333333,9536,3248,28,28,28,4,344,false,false,4,16
red4:lane3:snr26.0:seed4:frame26,26.0,26,cwz_joint,awgn,0.0,32.0,2400,24.989583333333332,26.025104166666665,0.9933333333333333,9536,3248,29,29,29,4,423,false,false,4,16
red4:lane3:snr26.0:seed4:frame27,26.0,27,cwz_joint,awgn,0.0,32.0,2494,25.96875,27.004270833333333,0.9933333333333333,9536,3248,30,30,30,4,444,false,false,4,16
red4:lane3:snr26.0:seed4:frame28,26.0,28,cwz_joint,awgn,0.0,32.0,2589,26.958333333333332,27.993854166666665,0.9933333333333333,9536,3248,31,31,31,4,0,true,false,4,16
red4:lane3:snr26.0:seed4:frame29,26.0,29,cwz_joint,awgn,0.0,32.0,2689,28.0,29.035520833333333,0.9933333333333333,9536,3248,32,32,32,4,0,true,false,4,16
red4:lane3:snr26.0:seed4:frame30,26.0,30,cwz_joint,awgn,0.0,32.0,2784,28.989583333333332,30.025104166666665,0.9933333333333333,9536,3248,33,33,33,4,355,false,false,4,16
red4:lane3:snr26.0:seed4:frame31,26.0,31,cwz_joint,awgn,0.0,32.0,2878,29.96875,31.004270833333333,0.9933333333333333,9536,3248,34,34,34,4,0,true,false,4,16
red4:lane3:snr26.0:seed4:frame32,26.0,32,cwz_joint,awgn,0.0,32.0,2973,30.958333333333332,31.993854166666665,0.9933333333333333,9536,3248,35,35,35,4,0,true,false,4,16
red4:lane3:snr26.0:seed4:frame1,26.0,1,lite,awgn,0.0,32.0,1,0.0,1.0355208333333332,0.9933333333333333,9536,3248,4,4,4,4,370,false,false,4,16
red4:lane3:snr26.0:seed4:frame2,26.0,2,lite,awgn,0.0,32.0,96,0.9895833333333334,2.0251041666666665,0.9933333333333333,9536,3248,5,5,5,4,0,true,false,4,16
red4:lane3:snr26.0:seed4:frame3,26.0,3,lite,awgn,0.0,32.0,190,1.96875,3.004270833333333,0.9933333333333333,9536,3248,6,6,6,4,495,false,false,4,16
red4:lane3:snr26.0:seed4:frame4,26.0,4,lite,awgn,0.0,32.0,285,2.9583333333333335,3.993854166666667,0.9933333333333333,9536,3248,7,7,7,4,549,false,false,4,16
red4:lane3:snr26.0:seed4:frame5,26.0,5,lite,awgn,0.0,32.0,385,4.0,5.035520833333333,0.9933333333333333,9536,3248,8,8,8,4,470,false,false,4,16
red4:lane3:snr26.0:seed4:frame6,26.0,6,lite,awgn,0.0,32.0,480,4.989583333333333,6.025104166666666,0.9933333333333333,9536,3248,9,9,9,4,474,false,false,4,16
red4:lane3:snr26.0:seed4:frame7,26.0,7,lite,awgn,0.0,32.0,574,5.96875,7.004270833333333,0.9933333333333333,9536,3248,10,10,10,4,523,false,false,4,16
red4:lane3:snr26.0:seed4:frame8,26.0,8,lite,awgn,0.0,32.0,669,6.958333333333333,7.993854166666666,0.9933333333333333,9536,3248,11,11,11,4,465,false,false,4,16
red4:lane3:snr26.0:seed4:frame9,26.0,9,lite,awgn,0.0,32.0,769,8.0,9.035520833333333,0.9933333333333333,9536,3248,12,12,12,4,385,false,false,4,16
red4:lane3:snr26.0:seed4:frame10,26.0,10,lite,awgn,0.0,32.0,864,8.989583333333334,10.025104166666667,0.9933333333333333,9536,3248,13,13,13,4,503,false,false,4,16
red4:lane3:snr26.0:seed4:frame11,26.0,11,lite,awgn,0.0,32.0,958,9.96875,11.004270833333333,0.9933333333333333,9536,3248,14,14,14,4,430,false,false,4,16
red4:lane3:snr26.0:seed4:frame12,26.0,12,lite,awgn,0.0,32.0,1053,10.958333333333334,11.993854166666667,0.9933333333333333,9536,3248,15,15,15,4,495,false,false,4,16
red4:lane3:snr26.0:seed4:frame13,26.0,13,lite,awgn,0.0,32.0,1153,12.0,13.035520833333333,0.9933333333333333,9536,3248,16,16,16,4,0,true,false,4,16
red4:lane3:snr26.0:seed4:frame14,26.0,14,lite,awgn,0.0,32.0,1248,12.989583333333334,14.025104166666667,0.9933333333333333,9536,3248,17,17,17,4,466,false,false,4,16
red4:lane3:snr26.0:seed4:frame15,26.0,15,lite,awgn,0.0,32.0,1342,13.96875,15.004270833333333,0.9933333333333333,9536,3248,18,18,18,4,447,false,false,4,16
red4:lane3:snr26.0:seed4:frame16,26.0,16,lite,awgn,0.0,32.0,1437,14.958333333333334,15.993854166666667,0.9933333333333333,9536,3248,19,19,19,4,543,false,false,4,16
red4:lane3:snr26.0:seed4:frame17,26.0,17,lite,awgn,0.0,32.0,1537,16.0,17.035520833333333,0.9933333333333333,9536,3248,20,20,20,4,0,true,false,4,16
red4:lane3:snr26.0:seed4:frame18,26.0,18,lite,awgn,0.0,32.0,1632,16.989583333333332,18.025104166666665,0.9933333333333333,9536,3248,21,21,21,4,461,false,false,4,16
red4:lane3:snr26.0:seed4:frame19,26.0,19,lite,awgn,0.0,32.0,1726,17.96875,19.004270833333333,0.9933333333333333,9536,3248,22,22,22,4,416,false,false,4,16
red4:lane3:snr26.0:seed4:frame20,26.0,20,lite,awgn,0.0,32.0,1821,18.958333333333332,19.993854166666665,0.9933333333333333,9536,3248,23,23,23,4,0,true,false,4,16
red4:lane3:snr26.0:seed4:frame21,26.0,21,lite,awgn,0.0,32.0,1921,20.0,21.035520833333333,0.9933333333333333,9536,3248,24,24,24,4,438,false,false,4,16
red4:lane3:snr26.0:seed4:frame22,26.0,22,lite,awgn,0.0,32.0,2016,20.989583333333332,22.025104166666665,0.9933333333333333,9536,3248,25,25,25,4,375,false,false,4,16
red4:lane3:snr26.0:seed4:frame23,26.0,23,lite,awgn,0.0,32.0,2110,21.96875,23.004270833333333,0.9933333333333333,9536,3248,26,26,26,4,0,true,false,4,16
red4:lane3:snr26.0:seed4:frame24,26.0,24,lite,awgn,0.0,32.0,2205,22.958333333333332,23.993854166666665,0.9933333333333333,9536,3248,27,27,27,4,0,true,false,4,16
red4:lane3:snr26.0:seed4:frame25,26.0,25,lite,awgn,0.0,32.0,2305,24.0,25.035520833333333,0.9933333333333333,9536,3248,28,28,28,4,386,false,false,4,16
red4:lane3:snr26.0:seed4:frame26,26.0,26,lite,awgn,0.0,32.0,2400,24.989583333333332,26.025104166666665,0.9933333333333333,9536,3248,29,29,29,4,563,false,false,4,16
red4:lane3:snr26.0:seed4:frame27,26.0,27,lite,awgn,0.0,32.0,2494,25.96875,27.004270833333333,0.9933333333333333,9536,3248,30,30,30,4,431,false,false,4,16
red4:lane3:snr26.0:seed4:frame28,26.0,28,lite,awgn,0.0,32.0,2589,26.958333333333332,27.993854166666665,0.9933333333333333,9536,3248,31,31,31,4,0,true,false,4,16
red4:lane3:snr26.0:seed4:frame29,26.0,29,lite,awgn,0.0,32.0,2689,28.0,29.035520833333333,0.9933333333333333,9536,3248,32,32,32,4,278,false,false,4,16
red4:lane3:snr26.0:seed4:frame30,26.0,30,lite,awgn,0.0,32.0,2784,28.989583333333332,30.025104166666665,0.9933333333333333,9536,3248,33,33,33,4,415,false,false,4,16
red4:lane3:snr26.0:seed4:frame31,26.0,31,lite,awgn,0.0,32.0,2878,29.96875,31.004270833333333,0.9933333333333333,9536,3248,34,34,34,4,553,false,false,4,16
red4:lane3:snr26.0:seed4:frame32,26.0,32,lite,awgn,0.0,32.0,2973,30.958333333333332,31.993854166666665,0.9933333333333333,9536,3248,35,35,35,4,495,false,false,4,16
red4:lane3:snr26.0:seed4:frame1,26.0,1,ofdm_fec,awgn,0.0,32.0,1,0.0,1.0355208333333332,0.9933333333333333,9536,3248,4,4,4,4,0,true,false,4,16
red4:lane3:snr26.0:seed4:frame2,26.0,2,ofdm_fec,awgn,0.0,32.0,96,0.9895833333333334,2.0251041666666665,0.9933333333333333,9536,3248,5,5,5,4,0,true,false,4,16
red4:lane3:snr26.0:seed4:frame3,26.0,3,ofdm_fec,awgn,0.0,32.0,190,1.96875,3.004270833333333,0.9933333333333333,9536,3248,6,6,6,4,0,true,false,4,16
red4:lane3:snr26.0:seed4:frame4,26.0,4,ofdm_fec,awgn,0.0,32.0,285,2.9583333333333335,3.993854166666667,0.9933333333333333,9536,3248,7,7,7,4,372,false,false,4,16
red4:lane3:snr26.0:seed4:frame5,26.0,5,ofdm_fec,awgn,0.0,32.0,385,4.0,5.035520833333333,0.9933333333333333,9536,3248,8,8,8,4,512,false,false,4,16
red4:lane3:snr26.0:seed4:frame6,26.0,6,ofdm_fec,awgn,0.0,32.0,480,4.989583333333333,6.025104166666666,0.9933333333333333,9536,3248,9,9,9,4,0,true,false,4,16
red4:lane3:snr26.0:seed4:frame7,26.0,7,ofdm_fec,awgn,0.0,32.0,574,5.96875,7.004270833333333,0.9933333333333333,9536,3248,10,10,10,4,444,false,false,4,16
red4:lane3:snr26.0:seed4:frame8,26.0,8,ofdm_fec,awgn,0.0,32.0,669,6.958333333333333,7.993854166666666,0.9933333333333333,9536,3248,11,11,11,4,345,false,false,4,16
red4:lane3:snr26.0:seed4:frame9,26.0,9,ofdm_fec,awgn,0.0,32.0,769,8.0,9.035520833333333,0.9933333333333333,9536,3248,12,12,12,4,395,false,false,4,16
red4:lane3:snr26.0:seed4:frame10,26.0,10,ofdm_fec,awgn,0.0,32.0,864,8.989583333333334,10.025104166666667,0.9933333333333333,9536,3248,13,13,13,4,526,false,false,4,16
red4:lane3:snr26.0:seed4:frame11,26.0,11,ofdm_fec,awgn,0.0,32.0,958,9.96875,11.004270833333333,0.9933333333333333,9536,3248,14,14,14,4,456,false,false,4,16
red4:lane3:snr26.0:seed4:frame12,26.0,12,ofdm_fec,awgn,0.0,32.0,1053,10.958333333333334,11.993854166666667,0.9933333333333333,9536,3248,15,15,15,4,0,true,false,4,16
red4:lane3:snr26.0:seed4:frame13,26.0,13,ofdm_fec,awgn,0.0,32.0,1153,12.0,13.035520833333333,0.9933333333333333,9536,3248,16,16,16,4,0,true,false,4,16
red4:lane3:snr26.0:seed4:frame14,26.0,14,ofdm_fec,awgn,0.0,32.0,1248,12.989583333333334,14.025104166666667,0.9933333333333333,9536,3248,17,17,17,4,0,true,false,4,16
red4:lane3:snr26.0:seed4:frame15,26.0,15,ofdm_fec,awgn,0.0,32.0,1342,13.96875,15.004270833333333,0.9933333333333333,9536,3248,18,18,18,4,472,false,false,4,16
red4:lane3:snr26.0:seed4:frame16,26.0,16,ofdm_fec,awgn,0.0,32.0,1437,14.958333333333334,15.993854166666667,0.9933333333333333,9536,3248,19,19,19,4,431,false,false,4,16
red4:lane3:snr26.0:seed4:frame17,26.0,17,ofdm_fec,awgn,0.0,32.0,1537,16.0,17.035520833333333,0.9933333333333333,9536,3248,20,20,20,4,0,true,false,4,16
red4:lane3:snr26.0:seed4:frame18,26.0,18,ofdm_fec,awgn,0.0,32.0,1632,16.989583333333332,18.025104166666665,0.9933333333333333,9536,3248,21,21,21,4,383,false,false,4,16
red4:lane3:snr26.0:seed4:frame19,26.0,19,ofdm_fec,awgn,0.0,32.0,1726,17.96875,19.004270833333333,0.9933333333333333,9536,3248,22,22,22,4,512,false,false,4,16
red4:lane3:snr26.0:seed4:frame20,26.0,20,ofdm_fec,awgn,0.0,32.0,1821,18.958333333333332,19.993854166666665,0.9933333333333333,9536,3248,23,23,23,4,0,true,false,4,16
red4:lane3:snr26.0:seed4:frame21,26.0,21,ofdm_fec,awgn,0.0,32.0,1921,20.0,21.035520833333333,0.9933333333333333,9536,3248,24,24,24,4,0,true,false,4,16
red4:lane3:snr26.0:seed4:frame22,26.0,22,ofdm_fec,awgn,0.0,32.0,2016,20.989583333333332,22.025104166666665,0.9933333333333333,9536,3248,25,25,25,4,408,false,false,4,16
red4:lane3:snr26.0:seed4:frame23,26.0,23,ofdm_fec,awgn,0.0,32.0,2110,21.96875,23.004270833333333,0.9933333333333333,9536,3248,26,26,26,4,0,true,false,4,16
red4:lane3:snr26.0:seed4:frame24,26.0,24,ofdm_fec,awgn,0.0,32.0,2205,22.958333333333332,23.993854166666665,0.9933333333333333,9536,3248,27,27,27,4,0,true,false,4,16
red4:lane3:snr26.0:seed4:frame25,26.0,25,ofdm_fec,awgn,0.0,32.0,2305,24.0,25.035520833333333,0.9933333333333333,9536,3248,28,28,28,4,344,false,false,4,16
red4:lane3:snr26.0:seed4:frame26,26.0,26,ofdm_fec,awgn,0.0,32.0,2400,24.989583333333332,26.025104166666665,0.9933333333333333,9536,3248,29,29,29,4,423,false,false,4,16
red4:lane3:snr26.0:seed4:frame27,26.0,27,ofdm_fec,awgn,0.0,32.0,2494,25.96875,27.004270833333333,0.9933333333333333,9536,3248,30,30,30,4,444,false,false,4,16
red4:lane3:snr26.0:seed4:frame28,26.0,28,ofdm_fec,awgn,0.0,32.0,2589,26.958333333333332,27.993854166666665,0.9933333333333333,9536,3248,31,31,31,4,0,true,false,4,16
red4:lane3:snr26.0:seed4:frame29,26.0,29,ofdm_fec,awgn,0.0,32.0,2689,28.0,29.035520833333333,0.9933333333333333,9536,3248,32,32,32,4,0,true,false,4,16
red4:lane3:snr26.0:seed4:frame30,26.0,30,ofdm_fec,awgn,0.0,32.0,2784,28.989583333333332,30.025104166666665,0.9933333333333333,9536,3248,33,33,33,4,355,false,false,4,16
red4:lane3:snr26.0:seed4:frame31,26.0,31,ofdm_fec,awgn,0.0,32.0,2878,29.96875,31.004270833333333,0.9933333333333333,9536,3248,34,34,34,4,0,true,false,4,16
red4:lane3:snr26.0:seed4:frame32,26.0,32,ofdm_fec,awgn,0.0,32.0,2973,30.958333333333332,31.993854166666665,0.9933333333333333,9536,3248,35,35,35,4,0,true,false,4,16
red4:lane3:snr26.0:seed4:frame1,26.0,1,pfft,awgn,0.0,32.0,1,0.0,1.0355208333333332,0.9933333333333333,9536,3248,4,4,4,4,442,false,false,4,16
red4:lane3:snr26.0:seed4:frame2,26.0,2,pfft,awgn,0.0,32.0,96,0.9895833333333334,2.0251041666666665,0.9933333333333333,9536,3248,5,5,5,4,390,false,false,4,16
red4:lane3:snr26.0:seed4:frame3,26.0,3,pfft,awgn,0.0,32.0,190,1.96875,3.004270833333333,0.9933333333333333,9536,3248,6,6,6,4,495,false,false,4,16
red4:lane3:snr26.0:seed4:frame4,26.0,4,pfft,awgn,0.0,32.0,285,2.9583333333333335,3.993854166666667,0.9933333333333333,9536,3248,7,7,7,4,657,false,false,4,16
red4:lane3:snr26.0:seed4:frame5,26.0,5,pfft,awgn,0.0,32.0,385,4.0,5.035520833333333,0.9933333333333333,9536,3248,8,8,8,4,581,false,false,4,16
red4:lane3:snr26.0:seed4:frame6,26.0,6,pfft,awgn,0.0,32.0,480,4.989583333333333,6.025104166666666,0.9933333333333333,9536,3248,9,9,9,4,474,false,false,4,16
red4:lane3:snr26.0:seed4:frame7,26.0,7,pfft,awgn,0.0,32.0,574,5.96875,7.004270833333333,0.9933333333333333,9536,3248,10,10,10,4,523,false,false,4,16
red4:lane3:snr26.0:seed4:frame8,26.0,8,pfft,awgn,0.0,32.0,669,6.958333333333333,7.993854166666666,0.9933333333333333,9536,3248,11,11,11,4,545,false,false,4,16
red4:lane3:snr26.0:seed4:frame9,26.0,9,pfft,awgn,0.0,32.0,769,8.0,9.035520833333333,0.9933333333333333,9536,3248,12,12,12,4,506,false,false,4,16
red4:lane3:snr26.0:seed4:frame10,26.0,10,pfft,awgn,0.0,32.0,864,8.989583333333334,10.025104166666667,0.9933333333333333,9536,3248,13,13,13,4,503,false,false,4,16
red4:lane3:snr26.0:seed4:frame11,26.0,11,pfft,awgn,0.0,32.0,958,9.96875,11.004270833333333,0.9933333333333333,9536,3248,14,14,14,4,430,false,false,4,16
red4:lane3:snr26.0:seed4:frame12,26.0,12,pfft,awgn,0.0,32.0,1053,10.958333333333334,11.993854166666667,0.9933333333333333,9536,3248,15,15,15,4,495,false,false,4,16
red4:lane3:snr26.0:seed4:frame13,26.0,13,pfft,awgn,0.0,32.0,1153,12.0,13.035520833333333,0.9933333333333333,9536,3248,16,16,16,4,389,false,false,4,16
red4:lane3:snr26.0:seed4:frame14,26.0,14,pfft,awgn,0.0,32.0,1248,12.989583333333334,14.025104166666667,0.9933333333333333,9536,3248,17,17,17,4,455,false,false,4,16
red4:lane3:snr26.0:seed4:frame15,26.0,15,pfft,awgn,0.0,32.0,1342,13.96875,15.004270833333333,0.9933333333333333,9536,3248,18,18,18,4,593,false,false,4,16
red4:lane3:snr26.0:seed4:frame16,26.0,16,pfft,awgn,0.0,32.0,1437,14.958333333333334,15.993854166666667,0.9933333333333333,9536,3248,19,19,19,4,606,false,false,4,16
red4:lane3:snr26.0:seed4:frame17,26.0,17,pfft,awgn,0.0,32.0,1537,16.0,17.035520833333333,0.9933333333333333,9536,3248,20,20,20,4,372,false,false,4,16
red4:lane3:snr26.0:seed4:frame18,26.0,18,pfft,awgn,0.0,32.0,1632,16.989583333333332,18.025104166666665,0.9933333333333333,9536,3248,21,21,21,4,461,false,false,4,16
red4:lane3:snr26.0:seed4:frame19,26.0,19,pfft,awgn,0.0,32.0,1726,17.96875,19.004270833333333,0.9933333333333333,9536,3248,22,22,22,4,585,false,false,4,16
red4:lane3:snr26.0:seed4:frame20,26.0,20,pfft,awgn,0.0,32.0,1821,18.958333333333332,19.993854166666665,0.9933333333333333,9536,3248,23,23,23,4,362,false,false,4,16
red4:lane3:snr26.0:seed4:frame21,26.0,21,pfft,awgn,0.0,32.0,1921,20.0,21.035520833333333,0.9933333333333333,9536,3248,24,24,24,4,516,false,false,4,16
red4:lane3:snr26.0:seed4:frame22,26.0,22,pfft,awgn,0.0,32.0,2016,20.989583333333332,22.025104166666665,0.9933333333333333,9536,3248,25,25,25,4,421,false,false,4,16
red4:lane3:snr26.0:seed4:frame23,26.0,23,pfft,awgn,0.0,32.0,2110,21.96875,23.004270833333333,0.9933333333333333,9536,3248,26,26,26,4,390,false,false,4,16
red4:lane3:snr26.0:seed4:frame24,26.0,24,pfft,awgn,0.0,32.0,2205,22.958333333333332,23.993854166666665,0.9933333333333333,9536,3248,27,27,27,4,334,false,false,4,16
red4:lane3:snr26.0:seed4:frame25,26.0,25,pfft,awgn,0.0,32.0,2305,24.0,25.035520833333333,0.9933333333333333,9536,3248,28,28,28,4,484,false,false,4,16
red4:lane3:snr26.0:seed4:frame26,26.0,26,pfft,awgn,0.0,32.0,2400,24.989583333333332,26.025104166666665,0.9933333333333333,9536,3248,29,29,29,4,563,false,false,4,16
red4:lane3:snr26.0:seed4:frame27,26.0,27,pfft,awgn,0.0,32.0,2494,25.96875,27.004270833333333,0.9933333333333333,9536,3248,30,30,30,4,496,false,false,4,16
red4:lane3:snr26.0:seed4:frame28,26.0,28,pfft,awgn,0.0,32.0,2589,26.958333333333332,27.993854166666665,0.9933333333333333,9536,3248,31,31,31,4,389,false,false,4,16
red4:lane3:snr26.0:seed4:frame29,26.0,29,pfft,awgn,0.0,32.0,2689,28.0,29.035520833333333,0.9933333333333333,9536,3248,32,32,32,4,435,false,false,4,16
red4:lane3:snr26.0:seed4:frame30,26.0,30,pfft,awgn,0.0,32.0,2784,28.989583333333332,30.025104166666665,0.9933333333333333,9536,3248,33,33,33,4,448,false,false,4,16
red4:lane3:snr26.0:seed4:frame31,26.0,31,pfft,awgn,0.0,32.0,2878,29.96875,31.004270833333333,0.9933333333333333,9536,3248,34,34,34,4,553,false,false,4,16
red4:lane3:snr26.0:seed4:frame32,26.0,32,pfft,awgn,0.0,32.0,2973,30.958333333333332,31.993854166666665,0.9933333333333333,9536,3248,35,35,35,4,518,false,false,4,16
red4:lane3:snr26.0:seed4:frame1,26.0,1,profiled_cz,awgn,0.0,32.0,1,0.0,1.0355208333333332,0.9933333333333333,9536,3248,4,4,4,4,0,true,false,4,16
red4:lane3:snr26.0:seed4:frame2,26.0,2,profiled_cz,awgn,0.0,32.0,96,0.9895833333333334,2.0251041666666665,0.9933333333333333,9536,3248,5,5,5,4,0,true,false,4,16
red4:lane3:snr26.0:seed4:frame3,26.0,3,profiled_cz,awgn,0.0,32.0,190,1.96875,3.004270833333333,0.9933333333333333,9536,3248,6,6,6,4,0,true,false,4,16
red4:lane3:snr26.0:seed4:frame4,26.0,4,profiled_cz,awgn,0.0,32.0,285,2.9583333333333335,3.993854166666667,0.9933333333333333,9536,3248,7,7,7,4,372,false,false,4,16
red4:lane3:snr26.0:seed4:frame5,26.0,5,profiled_cz,awgn,0.0,32.0,385,4.0,5.035520833333333,0.9933333333333333,9536,3248,8,8,8,4,512,false,false,4,16
red4:lane3:snr26.0:seed4:frame6,26.0,6,profiled_cz,awgn,0.0,32.0,480,4.989583333333333,6.025104166666666,0.9933333333333333,9536,3248,9,9,9,4,0,true,false,4,16
red4:lane3:snr26.0:seed4:frame7,26.0,7,profiled_cz,awgn,0.0,32.0,574,5.96875,7.004270833333333,0.9933333333333333,9536,3248,10,10,10,4,444,false,false,4,16
red4:lane3:snr26.0:seed4:frame8,26.0,8,profiled_cz,awgn,0.0,32.0,669,6.958333333333333,7.993854166666666,0.9933333333333333,9536,3248,11,11,11,4,345,false,false,4,16
red4:lane3:snr26.0:seed4:frame9,26.0,9,profiled_cz,awgn,0.0,32.0,769,8.0,9.035520833333333,0.9933333333333333,9536,3248,12,12,12,4,395,false,false,4,16
red4:lane3:snr26.0:seed4:frame10,26.0,10,profiled_cz,awgn,0.0,32.0,864,8.989583333333334,10.025104166666667,0.9933333333333333,9536,3248,13,13,13,4,526,false,false,4,16
red4:lane3:snr26.0:seed4:frame11,26.0,11,profiled_cz,awgn,0.0,32.0,958,9.96875,11.004270833333333,0.9933333333333333,9536,3248,14,14,14,4,456,false,false,4,16
red4:lane3:snr26.0:seed4:frame12,26.0,12,profiled_cz,awgn,0.0,32.0,1053,10.958333333333334,11.993854166666667,0.9933333333333333,9536,3248,15,15,15,4,0,true,false,4,16
red4:lane3:snr26.0:seed4:frame13,26.0,13,profiled_cz,awgn,0.0,32.0,1153,12.0,13.035520833333333,0.9933333333333333,9536,3248,16,16,16,4,0,true,false,4,16
red4:lane3:snr26.0:seed4:frame14,26.0,14,profiled_cz,awgn,0.0,32.0,1248,12.989583333333334,14.025104166666667,0.9933333333333333,9536,3248,17,17,17,4,0,true,false,4,16
red4:lane3:snr26.0:seed4:frame15,26.0,15,profiled_cz,awgn,0.0,32.0,1342,13.96875,15.004270833333333,0.9933333333333333,9536,3248,18,18,18,4,472,false,false,4,16
red4:lane3:snr26.0:seed4:frame16,26.0,16,profiled_cz,awgn,0.0,32.0,1437,14.958333333333334,15.993854166666667,0.9933333333333333,9536,3248,19,19,19,4,431,false,false,4,16
red4:lane3:snr26.0:seed4:frame17,26.0,17,profiled_cz,awgn,0.0,32.0,1537,16.0,17.035520833333333,0.9933333333333333,9536,3248,20,20,20,4,0,true,false,4,16
red4:lane3:snr26.0:seed4:frame18,26.0,18,profiled_cz,awgn,0.0,32.0,1632,16.989583333333332,18.025104166666665,0.9933333333333333,9536,3248,21,21,21,4,383,false,false,4,16
red4:lane3:snr26.0:seed4:frame19,26.0,19,profiled_cz,awgn,0.0,32.0,1726,17.96875,19.004270833333333,0.9933333333333333,9536,3248,22,22,22,4,512,false,false,4,16
red4:lane3:snr26.0:seed4:frame20,26.0,20,profiled_cz,awgn,0.0,32.0,1821,18.958333333333332,19.993854166666665,0.9933333333333333,9536,3248,23,23,23,4,0,true,false,4,16
red4:lane3:snr26.0:seed4:frame21,26.0,21,profiled_cz,awgn,0.0,32.0,1921,20.0,21.035520833333333,0.9933333333333333,9536,3248,24,24,24,4,0,true,false,4,16
red4:lane3:snr26.0:seed4:frame22,26.0,22,profiled_cz,awgn,0.0,32.0,2016,20.989583333333332,22.025104166666665,0.9933333333333333,9536,3248,25,25,25,4,408,false,false,4,16
red4:lane3:snr26.0:seed4:frame23,26.0,23,profiled_cz,awgn,0.0,32.0,2110,21.96875,23.004270833333333,0.9933333333333333,9536,3248,26,26,26,4,0,true,false,4,16
red4:lane3:snr26.0:seed4:frame24,26.0,24,profiled_cz,awgn,0.0,32.0,2205,22.958333333333332,23.993854166666665,0.9933333333333333,9536,3248,27,27,27,4,0,true,false,4,16
red4:lane3:snr26.0:seed4:frame25,26.0,25,profiled_cz,awgn,0.0,32.0,2305,24.0,25.035520833333333,0.9933333333333333,9536,3248,28,28,28,4,344,false,false,4,16
red4:lane3:snr26.0:seed4:frame26,26.0,26,profiled_cz,awgn,0.0,32.0,2400,24.989583333333332,26.025104166666665,0.9933333333333333,9536,3248,29,29,29,4,423,false,false,4,16
red4:lane3:snr26.0:seed4:frame27,26.0,27,profiled_cz,awgn,0.0,32.0,2494,25.96875,27.004270833333333,0.9933333333333333,9536,3248,30,30,30,4,444,false,false,4,16
red4:lane3:snr26.0:seed4:frame28,26.0,28,profiled_cz,awgn,0.0,32.0,2589,26.958333333333332,27.993854166666665,0.9933333333333333,9536,3248,31,31,31,4,0,true,false,4,16
red4:lane3:snr26.0:seed4:frame29,26.0,29,profiled_cz,awgn,0.0,32.0,2689,28.0,29.035520833333333,0.9933333333333333,9536,3248,32,32,32,4,0,true,false,4,16
red4:lane3:snr26.0:seed4:frame30,26.0,30,profiled_cz,awgn,0.0,32.0,2784,28.989583333333332,30.025104166666665,0.9933333333333333,9536,3248,33,33,33,4,355,false,false,4,16
red4:lane3:snr26.0:seed4:frame31,26.0,31,profiled_cz,awgn,0.0,32.0,2878,29.96875,31.004270833333333,0.9933333333333333,9536,3248,34,34,34,4,0,true,false,4,16
red4:lane3:snr26.0:seed4:frame32,26.0,32,profiled_cz,awgn,0.0,32.0,2973,30.958333333333332,31.993854166666665,0.9933333333333333,9536,3248,35,35,35,4,0,true,false,4,16
red4:lane3:snr28.0:seed4:frame1,28.0,1,cwz_joint,awgn,0.0,32.0,1,0.0,1.0355208333333332,0.9933333333333333,9536,3248,4,4,4,4,0,true,false,4,16
red4:lane3:snr28.0:seed4:frame2,28.0,2,cwz_joint,awgn,0.0,32.0,96,0.9895833333333334,2.0251041666666665,0.9933333333333333,9536,3248,5,5,5,4,0,true,false,4,16
red4:lane3:snr28.0:seed4:frame3,28.0,3,cwz_joint,awgn,0.0,32.0,190,1.96875,3.004270833333333,0.9933333333333333,9536,3248,6,6,6,4,0,true,false,4,16
red4:lane3:snr28.0:seed4:frame4,28.0,4,cwz_joint,awgn,0.0,32.0,285,2.9583333333333335,3.993854166666667,0.9933333333333333,9536,3248,7,7,7,4,378,false,false,4,16
red4:lane3:snr28.0:seed4:frame5,28.0,5,cwz_joint,awgn,0.0,32.0,385,4.0,5.035520833333333,0.9933333333333333,9536,3248,8,8,8,4,449,false,false,4,16
red4:lane3:snr28.0:seed4:frame6,28.0,6,cwz_joint,awgn,0.0,32.0,480,4.989583333333333,6.025104166666666,0.9933333333333333,9536,3248,9,9,9,4,0,true,false,4,16
red4:lane3:snr28.0:seed4:frame7,28.0,7,cwz_joint,awgn,0.0,32.0,574,5.96875,7.004270833333333,0.9933333333333333,9536,3248,10,10,10,4,502,false,false,4,16
red4:lane3:snr28.0:seed4:frame8,28.0,8,cwz_joint,awgn,0.0,32.0,669,6.958333333333333,7.993854166666666,0.9933333333333333,9536,3248,11,11,11,4,349,false,false,4,16
red4:lane3:snr28.0:seed4:frame9,28.0,9,cwz_joint,awgn,0.0,32.0,769,8.0,9.035520833333333,0.9933333333333333,9536,3248,12,12,12,4,399,false,false,4,16
red4:lane3:snr28.0:seed4:frame10,28.0,10,cwz_joint,awgn,0.0,32.0,864,8.989583333333334,10.025104166666667,0.9933333333333333,9536,3248,13,13,13,4,498,false,false,4,16
red4:lane3:snr28.0:seed4:frame11,28.0,11,cwz_joint,awgn,0.0,32.0,958,9.96875,11.004270833333333,0.9933333333333333,9536,3248,14,14,14,4,436,false,false,4,16
red4:lane3:snr28.0:seed4:frame12,28.0,12,cwz_joint,awgn,0.0,32.0,1053,10.958333333333334,11.993854166666667,0.9933333333333333,9536,3248,15,15,15,4,0,true,false,4,16
red4:lane3:snr28.0:seed4:frame13,28.0,13,cwz_joint,awgn,0.0,32.0,1153,12.0,13.035520833333333,0.9933333333333333,9536,3248,16,16,16,4,0,true,false,4,16
red4:lane3:snr28.0:seed4:frame14,28.0,14,cwz_joint,awgn,0.0,32.0,1248,12.989583333333334,14.025104166666667,0.9933333333333333,9536,3248,17,17,17,4,0,true,false,4,16
red4:lane3:snr28.0:seed4:frame15,28.0,15,cwz_joint,awgn,0.0,32.0,1342,13.96875,15.004270833333333,0.9933333333333333,9536,3248,18,18,18,4,422,false,false,4,16
red4:lane3:snr28.0:seed4:frame16,28.0,16,cwz_joint,awgn,0.0,32.0,1437,14.958333333333334,15.993854166666667,0.9933333333333333,9536,3248,19,19,19,4,447,false,false,4,16
red4:lane3:snr28.0:seed4:frame17,28.0,17,cwz_joint,awgn,0.0,32.0,1537,16.0,17.035520833333333,0.9933333333333333,9536,3248,20,20,20,4,0,true,false,4,16
red4:lane3:snr28.0:seed4:frame18,28.0,18,cwz_joint,awgn,0.0,32.0,1632,16.989583333333332,18.025104166666665,0.9933333333333333,9536,3248,21,21,21,4,378,false,false,4,16
red4:lane3:snr28.0:seed4:frame19,28.0,19,cwz_joint,awgn,0.0,32.0,1726,17.96875,19.004270833333333,0.9933333333333333,9536,3248,22,22,22,4,487,false,false,4,16
red4:lane3:snr28.0:seed4:frame20,28.0,20,cwz_joint,awgn,0.0,32.0,1821,18.958333333333332,19.993854166666665,0.9933333333333333,9536,3248,23,23,23,4,0,true,false,4,16
red4:lane3:snr28.0:seed4:frame21,28.0,21,cwz_joint,awgn,0.0,32.0,1921,20.0,21.035520833333333,0.9933333333333333,9536,3248,24,24,24,4,0,true,false,4,16
red4:lane3:snr28.0:seed4:frame22,28.0,22,cwz_joint,awgn,0.0,32.0,2016,20.989583333333332,22.025104166666665,0.9933333333333333,9536,3248,25,25,25,4,390,false,false,4,16
red4:lane3:snr28.0:seed4:frame23,28.0,23,cwz_joint,awgn,0.0,32.0,2110,21.96875,23.004270833333333,0.9933333333333333,9536,3248,26,26,26,4,0,true,false,4,16
red4:lane3:snr28.0:seed4:frame24,28.0,24,cwz_joint,awgn,0.0,32.0,2205,22.958333333333332,23.993854166666665,0.9933333333333333,9536,3248,27,27,27,4,0,true,false,4,16
red4:lane3:snr28.0:seed4:frame25,28.0,25,cwz_joint,awgn,0.0,32.0,2305,24.0,25.035520833333333,0.9933333333333333,9536,3248,28,28,28,4,56,false,false,4,16
red4:lane3:snr28.0:seed4:frame26,28.0,26,cwz_joint,awgn,0.0,32.0,2400,24.989583333333332,26.025104166666665,0.9933333333333333,9536,3248,29,29,29,4,461,false,false,4,16
red4:lane3:snr28.0:seed4:frame27,28.0,27,cwz_joint,awgn,0.0,32.0,2494,25.96875,27.004270833333333,0.9933333333333333,9536,3248,30,30,30,4,461,false,false,4,16
red4:lane3:snr28.0:seed4:frame28,28.0,28,cwz_joint,awgn,0.0,32.0,2589,26.958333333333332,27.993854166666665,0.9933333333333333,9536,3248,31,31,31,4,0,true,false,4,16
red4:lane3:snr28.0:seed4:frame29,28.0,29,cwz_joint,awgn,0.0,32.0,2689,28.0,29.035520833333333,0.9933333333333333,9536,3248,32,32,32,4,0,true,false,4,16
red4:lane3:snr28.0:seed4:frame30,28.0,30,cwz_joint,awgn,0.0,32.0,2784,28.989583333333332,30.025104166666665,0.9933333333333333,9536,3248,33,33,33,4,361,false,false,4,16
red4:lane3:snr28.0:seed4:frame31,28.0,31,cwz_joint,awgn,0.0,32.0,2878,29.96875,31.004270833333333,0.9933333333333333,9536,3248,34,34,34,4,0,true,false,4,16
red4:lane3:snr28.0:seed4:frame32,28.0,32,cwz_joint,awgn,0.0,32.0,2973,30.958333333333332,31.993854166666665,0.9933333333333333,9536,3248,35,35,35,4,0,true,false,4,16
red4:lane3:snr28.0:seed4:frame1,28.0,1,lite,awgn,0.0,32.0,1,0.0,1.0355208333333332,0.9933333333333333,9536,3248,4,4,4,4,313,false,false,4,16
red4:lane3:snr28.0:seed4:frame2,28.0,2,lite,awgn,0.0,32.0,96,0.9895833333333334,2.0251041666666665,0.9933333333333333,9536,3248,5,5,5,4,0,true,false,4,16
red4:lane3:snr28.0:seed4:frame3,28.0,3,lite,awgn,0.0,32.0,190,1.96875,3.004270833333333,0.9933333333333333,9536,3248,6,6,6,4,467,false,false,4,16
red4:lane3:snr28.0:seed4:frame4,28.0,4,lite,awgn,0.0,32.0,285,2.9583333333333335,3.993854166666667,0.9933333333333333,9536,3248,7,7,7,4,638,false,false,4,16
red4:lane3:snr28.0:seed4:frame5,28.0,5,lite,awgn,0.0,32.0,385,4.0,5.035520833333333,0.9933333333333333,9536,3248,8,8,8,4,447,false,false,4,16
red4:lane3:snr28.0:seed4:frame6,28.0,6,lite,awgn,0.0,32.0,480,4.989583333333333,6.025104166666666,0.9933333333333333,9536,3248,9,9,9,4,364,false,false,4,16
red4:lane3:snr28.0:seed4:frame7,28.0,7,lite,awgn,0.0,32.0,574,5.96875,7.004270833333333,0.9933333333333333,9536,3248,10,10,10,4,445,false,false,4,16
red4:lane3:snr28.0:seed4:frame8,28.0,8,lite,awgn,0.0,32.0,669,6.958333333333333,7.993854166666666,0.9933333333333333,9536,3248,11,11,11,4,413,false,false,4,16
red4:lane3:snr28.0:seed4:frame9,28.0,9,lite,awgn,0.0,32.0,769,8.0,9.035520833333333,0.9933333333333333,9536,3248,12,12,12,4,389,false,false,4,16
red4:lane3:snr28.0:seed4:frame10,28.0,10,lite,awgn,0.0,32.0,864,8.989583333333334,10.025104166666667,0.9933333333333333,9536,3248,13,13,13,4,493,false,false,4,16
red4:lane3:snr28.0:seed4:frame11,28.0,11,lite,awgn,0.0,32.0,958,9.96875,11.004270833333333,0.9933333333333333,9536,3248,14,14,14,4,395,false,false,4,16
red4:lane3:snr28.0:seed4:frame12,28.0,12,lite,awgn,0.0,32.0,1053,10.958333333333334,11.993854166666667,0.9933333333333333,9536,3248,15,15,15,4,417,false,false,4,16
red4:lane3:snr28.0:seed4:frame13,28.0,13,lite,awgn,0.0,32.0,1153,12.0,13.035520833333333,0.9933333333333333,9536,3248,16,16,16,4,0,true,false,4,16
red4:lane3:snr28.0:seed4:frame14,28.0,14,lite,awgn,0.0,32.0,1248,12.989583333333334,14.025104166666667,0.9933333333333333,9536,3248,17,17,17,4,415,false,false,4,16
red4:lane3:snr28.0:seed4:frame15,28.0,15,lite,awgn,0.0,32.0,1342,13.96875,15.004270833333333,0.9933333333333333,9536,3248,18,18,18,4,544,false,false,4,16
red4:lane3:snr28.0:seed4:frame16,28.0,16,lite,awgn,0.0,32.0,1437,14.958333333333334,15.993854166666667,0.9933333333333333,9536,3248,19,19,19,4,576,false,false,4,16
red4:lane3:snr28.0:seed4:frame17,28.0,17,lite,awgn,0.0,32.0,1537,16.0,17.035520833333333,0.9933333333333333,9536,3248,20,20,20,4,328,false,false,4,16
red4:lane3:snr28.0:seed4:frame18,28.0,18,lite,awgn,0.0,32.0,1632,16.989583333333332,18.025104166666665,0.9933333333333333,9536,3248,21,21,21,4,517,false,false,4,16
red4:lane3:snr28.0:seed4:frame19,28.0,19,lite,awgn,0.0,32.0,1726,17.96875,19.004270833333333,0.9933333333333333,9536,3248,22,22,22,4,466,false,false,4,16
red4:lane3:snr28.0:seed4:frame20,28.0,20,lite,awgn,0.0,32.0,1821,18.958333333333332,19.993854166666665,0.9933333333333333,9536,3248,23,23,23,4,0,true,false,4,16
red4:lane3:snr28.0:seed4:frame21,28.0,21,lite,awgn,0.0,32.0,1921,20.0,21.035520833333333,0.9933333333333333,9536,3248,24,24,24,4,417,false,false,4,16
red4:lane3:snr28.0:seed4:frame22,28.0,22,lite,awgn,0.0,32.0,2016,20.989583333333332,22.025104166666665,0.9933333333333333,9536,3248,25,25,25,4,347,false,false,4,16
red4:lane3:snr28.0:seed4:frame23,28.0,23,lite,awgn,0.0,32.0,2110,21.96875,23.004270833333333,0.9933333333333333,9536,3248,26,26,26,4,0,true,false,4,16
red4:lane3:snr28.0:seed4:frame24,28.0,24,lite,awgn,0.0,32.0,2205,22.958333333333332,23.993854166666665,0.9933333333333333,9536,3248,27,27,27,4,0,true,false,4,16
red4:lane3:snr28.0:seed4:frame25,28.0,25,lite,awgn,0.0,32.0,2305,24.0,25.035520833333333,0.9933333333333333,9536,3248,28,28,28,4,294,false,false,4,16
red4:lane3:snr28.0:seed4:frame26,28.0,26,lite,awgn,0.0,32.0,2400,24.989583333333332,26.025104166666665,0.9933333333333333,9536,3248,29,29,29,4,588,false,false,4,16
red4:lane3:snr28.0:seed4:frame27,28.0,27,lite,awgn,0.0,32.0,2494,25.96875,27.004270833333333,0.9933333333333333,9536,3248,30,30,30,4,467,false,false,4,16
red4:lane3:snr28.0:seed4:frame28,28.0,28,lite,awgn,0.0,32.0,2589,26.958333333333332,27.993854166666665,0.9933333333333333,9536,3248,31,31,31,4,0,true,false,4,16
red4:lane3:snr28.0:seed4:frame29,28.0,29,lite,awgn,0.0,32.0,2689,28.0,29.035520833333333,0.9933333333333333,9536,3248,32,32,32,4,0,true,false,4,16
red4:lane3:snr28.0:seed4:frame30,28.0,30,lite,awgn,0.0,32.0,2784,28.989583333333332,30.025104166666665,0.9933333333333333,9536,3248,33,33,33,4,409,false,false,4,16
red4:lane3:snr28.0:seed4:frame31,28.0,31,lite,awgn,0.0,32.0,2878,29.96875,31.004270833333333,0.9933333333333333,9536,3248,34,34,34,4,507,false,false,4,16
red4:lane3:snr28.0:seed4:frame32,28.0,32,lite,awgn,0.0,32.0,2973,30.958333333333332,31.993854166666665,0.9933333333333333,9536,3248,35,35,35,4,454,false,false,4,16
red4:lane3:snr28.0:seed4:frame1,28.0,1,ofdm_fec,awgn,0.0,32.0,1,0.0,1.0355208333333332,0.9933333333333333,9536,3248,4,4,4,4,0,true,false,4,16
red4:lane3:snr28.0:seed4:frame2,28.0,2,ofdm_fec,awgn,0.0,32.0,96,0.9895833333333334,2.0251041666666665,0.9933333333333333,9536,3248,5,5,5,4,0,true,false,4,16
red4:lane3:snr28.0:seed4:frame3,28.0,3,ofdm_fec,awgn,0.0,32.0,190,1.96875,3.004270833333333,0.9933333333333333,9536,3248,6,6,6,4,0,true,false,4,16
red4:lane3:snr28.0:seed4:frame4,28.0,4,ofdm_fec,awgn,0.0,32.0,285,2.9583333333333335,3.993854166666667,0.9933333333333333,9536,3248,7,7,7,4,378,false,false,4,16
red4:lane3:snr28.0:seed4:frame5,28.0,5,ofdm_fec,awgn,0.0,32.0,385,4.0,5.035520833333333,0.9933333333333333,9536,3248,8,8,8,4,449,false,false,4,16
red4:lane3:snr28.0:seed4:frame6,28.0,6,ofdm_fec,awgn,0.0,32.0,480,4.989583333333333,6.025104166666666,0.9933333333333333,9536,3248,9,9,9,4,0,true,false,4,16
red4:lane3:snr28.0:seed4:frame7,28.0,7,ofdm_fec,awgn,0.0,32.0,574,5.96875,7.004270833333333,0.9933333333333333,9536,3248,10,10,10,4,502,false,false,4,16
red4:lane3:snr28.0:seed4:frame8,28.0,8,ofdm_fec,awgn,0.0,32.0,669,6.958333333333333,7.993854166666666,0.9933333333333333,9536,3248,11,11,11,4,349,false,false,4,16
red4:lane3:snr28.0:seed4:frame9,28.0,9,ofdm_fec,awgn,0.0,32.0,769,8.0,9.035520833333333,0.9933333333333333,9536,3248,12,12,12,4,399,false,false,4,16
red4:lane3:snr28.0:seed4:frame10,28.0,10,ofdm_fec,awgn,0.0,32.0,864,8.989583333333334,10.025104166666667,0.9933333333333333,9536,3248,13,13,13,4,498,false,false,4,16
red4:lane3:snr28.0:seed4:frame11,28.0,11,ofdm_fec,awgn,0.0,32.0,958,9.96875,11.004270833333333,0.9933333333333333,9536,3248,14,14,14,4,436,false,false,4,16
red4:lane3:snr28.0:seed4:frame12,28.0,12,ofdm_fec,awgn,0.0,32.0,1053,10.958333333333334,11.993854166666667,0.9933333333333333,9536,3248,15,15,15,4,0,true,false,4,16
red4:lane3:snr28.0:seed4:frame13,28.0,13,ofdm_fec,awgn,0.0,32.0,1153,12.0,13.035520833333333,0.9933333333333333,9536,3248,16,16,16,4,0,true,false,4,16
red4:lane3:snr28.0:seed4:frame14,28.0,14,ofdm_fec,awgn,0.0,32.0,1248,12.989583333333334,14.025104166666667,0.9933333333333333,9536,3248,17,17,17,4,0,true,false,4,16
red4:lane3:snr28.0:seed4:frame15,28.0,15,ofdm_fec,awgn,0.0,32.0,1342,13.96875,15.004270833333333,0.9933333333333333,9536,3248,18,18,18,4,422,false,false,4,16
red4:lane3:snr28.0:seed4:frame16,28.0,16,ofdm_fec,awgn,0.0,32.0,1437,14.958333333333334,15.993854166666667,0.9933333333333333,9536,3248,19,19,19,4,447,false,false,4,16
red4:lane3:snr28.0:seed4:frame17,28.0,17,ofdm_fec,awgn,0.0,32.0,1537,16.0,17.035520833333333,0.9933333333333333,9536,3248,20,20,20,4,0,true,false,4,16
red4:lane3:snr28.0:seed4:frame18,28.0,18,ofdm_fec,awgn,0.0,32.0,1632,16.989583333333332,18.025104166666665,0.9933333333333333,9536,3248,21,21,21,4,378,false,false,4,16
red4:lane3:snr28.0:seed4:frame19,28.0,19,ofdm_fec,awgn,0.0,32.0,1726,17.96875,19.004270833333333,0.9933333333333333,9536,3248,22,22,22,4,487,false,false,4,16
red4:lane3:snr28.0:seed4:frame20,28.0,20,ofdm_fec,awgn,0.0,32.0,1821,18.958333333333332,19.993854166666665,0.9933333333333333,9536,3248,23,23,23,4,0,true,false,4,16
red4:lane3:snr28.0:seed4:frame21,28.0,21,ofdm_fec,awgn,0.0,32.0,1921,20.0,21.035520833333333,0.9933333333333333,9536,3248,24,24,24,4,0,true,false,4,16
red4:lane3:snr28.0:seed4:frame22,28.0,22,ofdm_fec,awgn,0.0,32.0,2016,20.989583333333332,22.025104166666665,0.9933333333333333,9536,3248,25,25,25,4,390,false,false,4,16
red4:lane3:snr28.0:seed4:frame23,28.0,23,ofdm_fec,awgn,0.0,32.0,2110,21.96875,23.004270833333333,0.9933333333333333,9536,3248,26,26,26,4,0,true,false,4,16
red4:lane3:snr28.0:seed4:frame24,28.0,24,ofdm_fec,awgn,0.0,32.0,2205,22.958333333333332,23.993854166666665,0.9933333333333333,9536,3248,27,27,27,4,0,true,false,4,16
red4:lane3:snr28.0:seed4:frame25,28.0,25,ofdm_fec,awgn,0.0,32.0,2305,24.0,25.035520833333333,0.9933333333333333,9536,3248,28,28,28,4,56,false,false,4,16
red4:lane3:snr28.0:seed4:frame26,28.0,26,ofdm_fec,awgn,0.0,32.0,2400,24.989583333333332,26.025104166666665,0.9933333333333333,9536,3248,29,29,29,4,461,false,false,4,16
red4:lane3:snr28.0:seed4:frame27,28.0,27,ofdm_fec,awgn,0.0,32.0,2494,25.96875,27.004270833333333,0.9933333333333333,9536,3248,30,30,30,4,461,false,false,4,16
red4:lane3:snr28.0:seed4:frame28,28.0,28,ofdm_fec,awgn,0.0,32.0,2589,26.958333333333332,27.993854166666665,0.9933333333333333,9536,3248,31,31,31,4,0,true,false,4,16
red4:lane3:snr28.0:seed4:frame29,28.0,29,ofdm_fec,awgn,0.0,32.0,2689,28.0,29.035520833333333,0.9933333333333333,9536,3248,32,32,32,4,0,true,false,4,16
red4:lane3:snr28.0:seed4:frame30,28.0,30,ofdm_fec,awgn,0.0,32.0,2784,28.989583333333332,30.025104166666665,0.9933333333333333,9536,3248,33,33,33,4,361,false,false,4,16
red4:lane3:snr28.0:seed4:frame31,28.0,31,ofdm_fec,awgn,0.0,32.0,2878,29.96875,31.004270833333333,0.9933333333333333,9536,3248,34,34,34,4,0,true,false,4,16
red4:lane3:snr28.0:seed4:frame32,28.0,32,ofdm_fec,awgn,0.0,32.0,2973,30.958333333333332,31.993854166666665,0.9933333333333333,9536,3248,35,35,35,4,0,true,false,4,16
red4:lane3:snr28.0:seed4:frame1,28.0,1,pfft,awgn,0.0,32.0,1,0.0,1.0355208333333332,0.9933333333333333,9536,3248,4,4,4,4,413,false,false,4,16
red4:lane3:snr28.0:seed4:frame2,28.0,2,pfft,awgn,0.0,32.0,96,0.9895833333333334,2.0251041666666665,0.9933333333333333,9536,3248,5,5,5,4,407,false,false,4,16
red4:lane3:snr28.0:seed4:frame3,28.0,3,pfft,awgn,0.0,32.0,190,1.96875,3.004270833333333,0.9933333333333333,9536,3248,6,6,6,4,521,false,false,4,16
red4:lane3:snr28.0:seed4:frame4,28.0,4,pfft,awgn,0.0,32.0,285,2.9583333333333335,3.993854166666667,0.9933333333333333,9536,3248,7,7,7,4,638,false,false,4,16
red4:lane3:snr28.0:seed4:frame5,28.0,5,pfft,awgn,0.0,32.0,385,4.0,5.035520833333333,0.9933333333333333,9536,3248,8,8,8,4,528,false,false,4,16
red4:lane3:snr28.0:seed4:frame6,28.0,6,pfft,awgn,0.0,32.0,480,4.989583333333333,6.025104166666666,0.9933333333333333,9536,3248,9,9,9,4,506,false,false,4,16
red4:lane3:snr28.0:seed4:frame7,28.0,7,pfft,awgn,0.0,32.0,574,5.96875,7.004270833333333,0.9933333333333333,9536,3248,10,10,10,4,532,false,false,4,16
red4:lane3:snr28.0:seed4:frame8,28.0,8,pfft,awgn,0.0,32.0,669,6.958333333333333,7.993854166666666,0.9933333333333333,9536,3248,11,11,11,4,526,false,false,4,16
red4:lane3:snr28.0:seed4:frame9,28.0,9,pfft,awgn,0.0,32.0,769,8.0,9.035520833333333,0.9933333333333333,9536,3248,12,12,12,4,509,false,false,4,16
red4:lane3:snr28.0:seed4:frame10,28.0,10,pfft,awgn,0.0,32.0,864,8.989583333333334,10.025104166666667,0.9933333333333333,9536,3248,13,13,13,4,522,false,false,4,16
red4:lane3:snr28.0:seed4:frame11,28.0,11,pfft,awgn,0.0,32.0,958,9.96875,11.004270833333333,0.9933333333333333,9536,3248,14,14,14,4,395,false,false,4,16
red4:lane3:snr28.0:seed4:frame12,28.0,12,pfft,awgn,0.0,32.0,1053,10.958333333333334,11.993854166666667,0.9933333333333333,9536,3248,15,15,15,4,417,false,false,4,16
red4:lane3:snr28.0:seed4:frame13,28.0,13,pfft,awgn,0.0,32.0,1153,12.0,13.035520833333333,0.9933333333333333,9536,3248,16,16,16,4,425,false,false,4,16
red4:lane3:snr28.0:seed4:frame14,28.0,14,pfft,awgn,0.0,32.0,1248,12.989583333333334,14.025104166666667,0.9933333333333333,9536,3248,17,17,17,4,488,false,false,4,16
red4:lane3:snr28.0:seed4:frame15,28.0,15,pfft,awgn,0.0,32.0,1342,13.96875,15.004270833333333,0.9933333333333333,9536,3248,18,18,18,4,544,false,false,4,16
red4:lane3:snr28.0:seed4:frame16,28.0,16,pfft,awgn,0.0,32.0,1437,14.958333333333334,15.993854166666667,0.9933333333333333,9536,3248,19,19,19,4,576,false,false,4,16
red4:lane3:snr28.0:seed4:frame17,28.0,17,pfft,awgn,0.0,32.0,1537,16.0,17.035520833333333,0.9933333333333333,9536,3248,20,20,20,4,411,false,false,4,16
red4:lane3:snr28.0:seed4:frame18,28.0,18,pfft,awgn,0.0,32.0,1632,16.989583333333332,18.025104166666665,0.9933333333333333,9536,3248,21,21,21,4,517,false,false,4,16
red4:lane3:snr28.0:seed4:frame19,28.0,19,pfft,awgn,0.0,32.0,1726,17.96875,19.004270833333333,0.9933333333333333,9536,3248,22,22,22,4,522,false,false,4,16
red4:lane3:snr28.0:seed4:frame20,28.0,20,pfft,awgn,0.0,32.0,1821,18.958333333333332,19.993854166666665,0.9933333333333333,9536,3248,23,23,23,4,346,false,false,4,16
red4:lane3:snr28.0:seed4:frame21,28.0,21,pfft,awgn,0.0,32.0,1921,20.0,21.035520833333333,0.9933333333333333,9536,3248,24,24,24,4,518,false,false,4,16
red4:lane3:snr28.0:seed4:frame22,28.0,22,pfft,awgn,0.0,32.0,2016,20.989583333333332,22.025104166666665,0.9933333333333333,9536,3248,25,25,25,4,460,false,false,4,16
red4:lane3:snr28.0:seed4:frame23,28.0,23,pfft,awgn,0.0,32.0,2110,21.96875,23.004270833333333,0.9933333333333333,9536,3248,26,26,26,4,372,false,false,4,16
red4:lane3:snr28.0:seed4:frame24,28.0,24,pfft,awgn,0.0,32.0,2205,22.958333333333332,23.993854166666665,0.9933333333333333,9536,3248,27,27,27,4,374,false,false,4,16
red4:lane3:snr28.0:seed4:frame25,28.0,25,pfft,awgn,0.0,32.0,2305,24.0,25.035520833333333,0.9933333333333333,9536,3248,28,28,28,4,441,false,false,4,16
red4:lane3:snr28.0:seed4:frame26,28.0,26,pfft,awgn,0.0,32.0,2400,24.989583333333332,26.025104166666665,0.9933333333333333,9536,3248,29,29,29,4,588,false,false,4,16
red4:lane3:snr28.0:seed4:frame27,28.0,27,pfft,awgn,0.0,32.0,2494,25.96875,27.004270833333333,0.9933333333333333,9536,3248,30,30,30,4,467,false,false,4,16
red4:lane3:snr28.0:seed4:frame28,28.0,28,pfft,awgn,0.0,32.0,2589,26.958333333333332,27.993854166666665,0.9933333333333333,9536,3248,31,31,31,4,447,false,false,4,16
red4:lane3:snr28.0:seed4:frame29,28.0,29,pfft,awgn,0.0,32.0,2689,28.0,29.035520833333333,0.9933333333333333,9536,3248,32,32,32,4,421,false,false,4,16
red4:lane3:snr28.0:seed4:frame30,28.0,30,pfft,awgn,0.0,32.0,2784,28.989583333333332,30.025104166666665,0.9933333333333333,9536,3248,33,33,33,4,466,false,false,4,16
red4:lane3:snr28.0:seed4:frame31,28.0,31,pfft,awgn,0.0,32.0,2878,29.96875,31.004270833333333,0.9933333333333333,9536,3248,34,34,34,4,507,false,false,4,16
red4:lane3:snr28.0:seed4:frame32,28.0,32,pfft,awgn,0.0,32.0,2973,30.958333333333332,31.993854166666665,0.9933333333333333,9536,3248,35,35,35,4,534,false,false,4,16
red4:lane3:snr28.0:seed4:frame1,28.0,1,profiled_cz,awgn,0.0,32.0,1,0.0,1.0355208333333332,0.9933333333333333,9536,3248,4,4,4,4,0,true,false,4,16
red4:lane3:snr28.0:seed4:frame2,28.0,2,profiled_cz,awgn,0.0,32.0,96,0.9895833333333334,2.0251041666666665,0.9933333333333333,9536,3248,5,5,5,4,0,true,false,4,16
red4:lane3:snr28.0:seed4:frame3,28.0,3,profiled_cz,awgn,0.0,32.0,190,1.96875,3.004270833333333,0.9933333333333333,9536,3248,6,6,6,4,0,true,false,4,16
red4:lane3:snr28.0:seed4:frame4,28.0,4,profiled_cz,awgn,0.0,32.0,285,2.9583333333333335,3.993854166666667,0.9933333333333333,9536,3248,7,7,7,4,378,false,false,4,16
red4:lane3:snr28.0:seed4:frame5,28.0,5,profiled_cz,awgn,0.0,32.0,385,4.0,5.035520833333333,0.9933333333333333,9536,3248,8,8,8,4,449,false,false,4,16
red4:lane3:snr28.0:seed4:frame6,28.0,6,profiled_cz,awgn,0.0,32.0,480,4.989583333333333,6.025104166666666,0.9933333333333333,9536,3248,9,9,9,4,0,true,false,4,16
red4:lane3:snr28.0:seed4:frame7,28.0,7,profiled_cz,awgn,0.0,32.0,574,5.96875,7.004270833333333,0.9933333333333333,9536,3248,10,10,10,4,502,false,false,4,16
red4:lane3:snr28.0:seed4:frame8,28.0,8,profiled_cz,awgn,0.0,32.0,669,6.958333333333333,7.993854166666666,0.9933333333333333,9536,3248,11,11,11,4,349,false,false,4,16
red4:lane3:snr28.0:seed4:frame9,28.0,9,profiled_cz,awgn,0.0,32.0,769,8.0,9.035520833333333,0.9933333333333333,9536,3248,12,12,12,4,399,false,false,4,16
red4:lane3:snr28.0:seed4:frame10,28.0,10,profiled_cz,awgn,0.0,32.0,864,8.989583333333334,10.025104166666667,0.9933333333333333,9536,3248,13,13,13,4,498,false,false,4,16
red4:lane3:snr28.0:seed4:frame11,28.0,11,profiled_cz,awgn,0.0,32.0,958,9.96875,11.004270833333333,0.9933333333333333,9536,3248,14,14,14,4,436,false,false,4,16
red4:lane3:snr28.0:seed4:frame12,28.0,12,profiled_cz,awgn,0.0,32.0,1053,10.958333333333334,11.993854166666667,0.9933333333333333,9536,3248,15,15,15,4,0,true,false,4,16
red4:lane3:snr28.0:seed4:frame13,28.0,13,profiled_cz,awgn,0.0,32.0,1153,12.0,13.035520833333333,0.9933333333333333,9536,3248,16,16,16,4,0,true,false,4,16
red4:lane3:snr28.0:seed4:frame14,28.0,14,profiled_cz,awgn,0.0,32.0,1248,12.989583333333334,14.025104166666667,0.9933333333333333,9536,3248,17,17,17,4,0,true,false,4,16
red4:lane3:snr28.0:seed4:frame15,28.0,15,profiled_cz,awgn,0.0,32.0,1342,13.96875,15.004270833333333,0.9933333333333333,9536,3248,18,18,18,4,422,false,false,4,16
red4:lane3:snr28.0:seed4:frame16,28.0,16,profiled_cz,awgn,0.0,32.0,1437,14.958333333333334,15.993854166666667,0.9933333333333333,9536,3248,19,19,19,4,447,false,false,4,16
red4:lane3:snr28.0:seed4:frame17,28.0,17,profiled_cz,awgn,0.0,32.0,1537,16.0,17.035520833333333,0.9933333333333333,9536,3248,20,20,20,4,0,true,false,4,16
red4:lane3:snr28.0:seed4:frame18,28.0,18,profiled_cz,awgn,0.0,32.0,1632,16.989583333333332,18.025104166666665,0.9933333333333333,9536,3248,21,21,21,4,378,false,false,4,16
red4:lane3:snr28.0:seed4:frame19,28.0,19,profiled_cz,awgn,0.0,32.0,1726,17.96875,19.004270833333333,0.9933333333333333,9536,3248,22,22,22,4,487,false,false,4,16
red4:lane3:snr28.0:seed4:frame20,28.0,20,profiled_cz,awgn,0.0,32.0,1821,18.958333333333332,19.993854166666665,0.9933333333333333,9536,3248,23,23,23,4,0,true,false,4,16
red4:lane3:snr28.0:seed4:frame21,28.0,21,profiled_cz,awgn,0.0,32.0,1921,20.0,21.035520833333333,0.9933333333333333,9536,3248,24,24,24,4,0,true,false,4,16
red4:lane3:snr28.0:seed4:frame22,28.0,22,profiled_cz,awgn,0.0,32.0,2016,20.989583333333332,22.025104166666665,0.9933333333333333,9536,3248,25,25,25,4,390,false,false,4,16
red4:lane3:snr28.0:seed4:frame23,28.0,23,profiled_cz,awgn,0.0,32.0,2110,21.96875,23.004270833333333,0.9933333333333333,9536,3248,26,26,26,4,0,true,false,4,16
red4:lane3:snr28.0:seed4:frame24,28.0,24,profiled_cz,awgn,0.0,32.0,2205,22.958333333333332,23.993854166666665,0.9933333333333333,9536,3248,27,27,27,4,0,true,false,4,16
red4:lane3:snr28.0:seed4:frame25,28.0,25,profiled_cz,awgn,0.0,32.0,2305,24.0,25.035520833333333,0.9933333333333333,9536,3248,28,28,28,4,56,false,false,4,16
red4:lane3:snr28.0:seed4:frame26,28.0,26,profiled_cz,awgn,0.0,32.0,2400,24.989583333333332,26.025104166666665,0.9933333333333333,9536,3248,29,29,29,4,461,false,false,4,16
red4:lane3:snr28.0:seed4:frame27,28.0,27,profiled_cz,awgn,0.0,32.0,2494,25.96875,27.004270833333333,0.9933333333333333,9536,3248,30,30,30,4,461,false,false,4,16
red4:lane3:snr28.0:seed4:frame28,28.0,28,profiled_cz,awgn,0.0,32.0,2589,26.958333333333332,27.993854166666665,0.9933333333333333,9536,3248,31,31,31,4,0,true,false,4,16
red4:lane3:snr28.0:seed4:frame29,28.0,29,profiled_cz,awgn,0.0,32.0,2689,28.0,29.035520833333333,0.9933333333333333,9536,3248,32,32,32,4,0,true,false,4,16
red4:lane3:snr28.0:seed4:frame30,28.0,30,profiled_cz,awgn,0.0,32.0,2784,28.989583333333332,30.025104166666665,0.9933333333333333,9536,3248,33,33,33,4,361,false,false,4,16
red4:lane3:snr28.0:seed4:frame31,28.0,31,profiled_cz,awgn,0.0,32.0,2878,29.96875,31.004270833333333,0.9933333333333333,9536,3248,34,34,34,4,0,true,false,4,16
red4:lane3:snr28.0:seed4:frame32,28.0,32,profiled_cz,awgn,0.0,32.0,2973,30.958333333333332,31.993854166666665,0.9933333333333333,9536,3248,35,35,35,4,0,true,false,4,16
red4:lane3:snr30.0:seed4:frame1,30.0,1,cwz_joint,awgn,0.0,32.0,1,0.0,1.0355208333333332,0.9933333333333333,9536,3248,4,4,4,4,0,true,false,4,16
red4:lane3:snr30.0:seed4:frame2,30.0,2,cwz_joint,awgn,0.0,32.0,96,0.9895833333333334,2.0251041666666665,0.9933333333333333,9536,3248,5,5,5,4,0,true,false,4,16
red4:lane3:snr30.0:seed4:frame3,30.0,3,cwz_joint,awgn,0.0,32.0,190,1.96875,3.004270833333333,0.9933333333333333,9536,3248,6,6,6,4,0,true,false,4,16
red4:lane3:snr30.0:seed4:frame4,30.0,4,cwz_joint,awgn,0.0,32.0,285,2.9583333333333335,3.993854166666667,0.9933333333333333,9536,3248,7,7,7,4,390,false,false,4,16
red4:lane3:snr30.0:seed4:frame5,30.0,5,cwz_joint,awgn,0.0,32.0,385,4.0,5.035520833333333,0.9933333333333333,9536,3248,8,8,8,4,454,false,false,4,16
red4:lane3:snr30.0:seed4:frame6,30.0,6,cwz_joint,awgn,0.0,32.0,480,4.989583333333333,6.025104166666666,0.9933333333333333,9536,3248,9,9,9,4,0,true,false,4,16
red4:lane3:snr30.0:seed4:frame7,30.0,7,cwz_joint,awgn,0.0,32.0,574,5.96875,7.004270833333333,0.9933333333333333,9536,3248,10,10,10,4,474,false,false,4,16
red4:lane3:snr30.0:seed4:frame8,30.0,8,cwz_joint,awgn,0.0,32.0,669,6.958333333333333,7.993854166666666,0.9933333333333333,9536,3248,11,11,11,4,309,false,false,4,16
red4:lane3:snr30.0:seed4:frame9,30.0,9,cwz_joint,awgn,0.0,32.0,769,8.0,9.035520833333333,0.9933333333333333,9536,3248,12,12,12,4,386,false,false,4,16
red4:lane3:snr30.0:seed4:frame10,30.0,10,cwz_joint,awgn,0.0,32.0,864,8.989583333333334,10.025104166666667,0.9933333333333333,9536,3248,13,13,13,4,494,false,false,4,16
red4:lane3:snr30.0:seed4:frame11,30.0,11,cwz_joint,awgn,0.0,32.0,958,9.96875,11.004270833333333,0.9933333333333333,9536,3248,14,14,14,4,405,false,false,4,16
red4:lane3:snr30.0:seed4:frame12,30.0,12,cwz_joint,awgn,0.0,32.0,1053,10.958333333333334,11.993854166666667,0.9933333333333333,9536,3248,15,15,15,4,0,true,false,4,16
red4:lane3:snr30.0:seed4:frame13,30.0,13,cwz_joint,awgn,0.0,32.0,1153,12.0,13.035520833333333,0.9933333333333333,9536,3248,16,16,16,4,0,true,false,4,16
red4:lane3:snr30.0:seed4:frame14,30.0,14,cwz_joint,awgn,0.0,32.0,1248,12.989583333333334,14.025104166666667,0.9933333333333333,9536,3248,17,17,17,4,0,true,false,4,16
red4:lane3:snr30.0:seed4:frame15,30.0,15,cwz_joint,awgn,0.0,32.0,1342,13.96875,15.004270833333333,0.9933333333333333,9536,3248,18,18,18,4,432,false,false,4,16
red4:lane3:snr30.0:seed4:frame16,30.0,16,cwz_joint,awgn,0.0,32.0,1437,14.958333333333334,15.993854166666667,0.9933333333333333,9536,3248,19,19,19,4,441,false,false,4,16
red4:lane3:snr30.0:seed4:frame17,30.0,17,cwz_joint,awgn,0.0,32.0,1537,16.0,17.035520833333333,0.9933333333333333,9536,3248,20,20,20,4,0,true,false,4,16
red4:lane3:snr30.0:seed4:frame18,30.0,18,cwz_joint,awgn,0.0,32.0,1632,16.989583333333332,18.025104166666665,0.9933333333333333,9536,3248,21,21,21,4,406,false,false,4,16
red4:lane3:snr30.0:seed4:frame19,30.0,19,cwz_joint,awgn,0.0,32.0,1726,17.96875,19.004270833333333,0.9933333333333333,9536,3248,22,22,22,4,511,false,false,4,16
red4:lane3:snr30.0:seed4:frame20,30.0,20,cwz_joint,awgn,0.0,32.0,1821,18.958333333333332,19.993854166666665,0.9933333333333333,9536,3248,23,23,23,4,0,true,false,4,16
red4:lane3:snr30.0:seed4:frame21,30.0,21,cwz_joint,awgn,0.0,32.0,1921,20.0,21.035520833333333,0.9933333333333333,9536,3248,24,24,24,4,0,true,false,4,16
red4:lane3:snr30.0:seed4:frame22,30.0,22,cwz_joint,awgn,0.0,32.0,2016,20.989583333333332,22.025104166666665,0.9933333333333333,9536,3248,25,25,25,4,410,false,false,4,16
red4:lane3:snr30.0:seed4:frame23,30.0,23,cwz_joint,awgn,0.0,32.0,2110,21.96875,23.004270833333333,0.9933333333333333,9536,3248,26,26,26,4,0,true,false,4,16
red4:lane3:snr30.0:seed4:frame24,30.0,24,cwz_joint,awgn,0.0,32.0,2205,22.958333333333332,23.993854166666665,0.9933333333333333,9536,3248,27,27,27,4,0,true,false,4,16
red4:lane3:snr30.0:seed4:frame25,30.0,25,cwz_joint,awgn,0.0,32.0,2305,24.0,25.035520833333333,0.9933333333333333,9536,3248,28,28,28,4,0,true,false,4,16
red4:lane3:snr30.0:seed4:frame26,30.0,26,cwz_joint,awgn,0.0,32.0,2400,24.989583333333332,26.025104166666665,0.9933333333333333,9536,3248,29,29,29,4,448,false,false,4,16
red4:lane3:snr30.0:seed4:frame27,30.0,27,cwz_joint,awgn,0.0,32.0,2494,25.96875,27.004270833333333,0.9933333333333333,9536,3248,30,30,30,4,433,false,false,4,16
red4:lane3:snr30.0:seed4:frame28,30.0,28,cwz_joint,awgn,0.0,32.0,2589,26.958333333333332,27.993854166666665,0.9933333333333333,9536,3248,31,31,31,4,0,true,false,4,16
red4:lane3:snr30.0:seed4:frame29,30.0,29,cwz_joint,awgn,0.0,32.0,2689,28.0,29.035520833333333,0.9933333333333333,9536,3248,32,32,32,4,0,true,false,4,16
red4:lane3:snr30.0:seed4:frame30,30.0,30,cwz_joint,awgn,0.0,32.0,2784,28.989583333333332,30.025104166666665,0.9933333333333333,9536,3248,33,33,33,4,362,false,false,4,16
red4:lane3:snr30.0:seed4:frame31,30.0,31,cwz_joint,awgn,0.0,32.0,2878,29.96875,31.004270833333333,0.9933333333333333,9536,3248,34,34,34,4,0,true,false,4,16
red4:lane3:snr30.0:seed4:frame32,30.0,32,cwz_joint,awgn,0.0,32.0,2973,30.958333333333332,31.993854166666665,0.9933333333333333,9536,3248,35,35,35,4,0,true,false,4,16
red4:lane3:snr30.0:seed4:frame1,30.0,1,lite,awgn,0.0,32.0,1,0.0,1.0355208333333332,0.9933333333333333,9536,3248,4,4,4,4,423,false,false,4,16
red4:lane3:snr30.0:seed4:frame2,30.0,2,lite,awgn,0.0,32.0,96,0.9895833333333334,2.0251041666666665,0.9933333333333333,9536,3248,5,5,5,4,0,true,false,4,16
red4:lane3:snr30.0:seed4:frame3,30.0,3,lite,awgn,0.0,32.0,190,1.96875,3.004270833333333,0.9933333333333333,9536,3248,6,6,6,4,457,false,false,4,16
red4:lane3:snr30.0:seed4:frame4,30.0,4,lite,awgn,0.0,32.0,285,2.9583333333333335,3.993854166666667,0.9933333333333333,9536,3248,7,7,7,4,649,false,false,4,16
red4:lane3:snr30.0:seed4:frame5,30.0,5,lite,awgn,0.0,32.0,385,4.0,5.035520833333333,0.9933333333333333,9536,3248,8,8,8,4,462,false,false,4,16
red4:lane3:snr30.0:seed4:frame6,30.0,6,lite,awgn,0.0,32.0,480,4.989583333333333,6.025104166666666,0.9933333333333333,9536,3248,9,9,9,4,308,false,false,4,16
red4:lane3:snr30.0:seed4:frame7,30.0,7,lite,awgn,0.0,32.0,574,5.96875,7.004270833333333,0.9933333333333333,9536,3248,10,10,10,4,461,false,false,4,16
red4:lane3:snr30.0:seed4:frame8,30.0,8,lite,awgn,0.0,32.0,669,6.958333333333333,7.993854166666666,0.9933333333333333,9536,3248,11,11,11,4,472,false,false,4,16
red4:lane3:snr30.0:seed4:frame9,30.0,9,lite,awgn,0.0,32.0,769,8.0,9.035520833333333,0.9933333333333333,9536,3248,12,12,12,4,484,false,false,4,16
red4:lane3:snr30.0:seed4:frame10,30.0,10,lite,awgn,0.0,32.0,864,8.989583333333334,10.025104166666667,0.9933333333333333,9536,3248,13,13,13,4,506,false,false,4,16
red4:lane3:snr30.0:seed4:frame11,30.0,11,lite,awgn,0.0,32.0,958,9.96875,11.004270833333333,0.9933333333333333,9536,3248,14,14,14,4,354,false,false,4,16
red4:lane3:snr30.0:seed4:frame12,30.0,12,lite,awgn,0.0,32.0,1053,10.958333333333334,11.993854166666667,0.9933333333333333,9536,3248,15,15,15,4,466,false,false,4,16
red4:lane3:snr30.0:seed4:frame13,30.0,13,lite,awgn,0.0,32.0,1153,12.0,13.035520833333333,0.9933333333333333,9536,3248,16,16,16,4,0,true,false,4,16
red4:lane3:snr30.0:seed4:frame14,30.0,14,lite,awgn,0.0,32.0,1248,12.989583333333334,14.025104166666667,0.9933333333333333,9536,3248,17,17,17,4,411,false,false,4,16
red4:lane3:snr30.0:seed4:frame15,30.0,15,lite,awgn,0.0,32.0,1342,13.96875,15.004270833333333,0.9933333333333333,9536,3248,18,18,18,4,450,false,false,4,16
red4:lane3:snr30.0:seed4:frame16,30.0,16,lite,awgn,0.0,32.0,1437,14.958333333333334,15.993854166666667,0.9933333333333333,9536,3248,19,19,19,4,553,false,false,4,16
red4:lane3:snr30.0:seed4:frame17,30.0,17,lite,awgn,0.0,32.0,1537,16.0,17.035520833333333,0.9933333333333333,9536,3248,20,20,20,4,0,true,false,4,16
red4:lane3:snr30.0:seed4:frame18,30.0,18,lite,awgn,0.0,32.0,1632,16.989583333333332,18.025104166666665,0.9933333333333333,9536,3248,21,21,21,4,385,false,false,4,16
red4:lane3:snr30.0:seed4:frame19,30.0,19,lite,awgn,0.0,32.0,1726,17.96875,19.004270833333333,0.9933333333333333,9536,3248,22,22,22,4,461,false,false,4,16
red4:lane3:snr30.0:seed4:frame20,30.0,20,lite,awgn,0.0,32.0,1821,18.958333333333332,19.993854166666665,0.9933333333333333,9536,3248,23,23,23,4,0,true,false,4,16
red4:lane3:snr30.0:seed4:frame21,30.0,21,lite,awgn,0.0,32.0,1921,20.0,21.035520833333333,0.9933333333333333,9536,3248,24,24,24,4,439,false,false,4,16
red4:lane3:snr30.0:seed4:frame22,30.0,22,lite,awgn,0.0,32.0,2016,20.989583333333332,22.025104166666665,0.9933333333333333,9536,3248,25,25,25,4,268,false,false,4,16
red4:lane3:snr30.0:seed4:frame23,30.0,23,lite,awgn,0.0,32.0,2110,21.96875,23.004270833333333,0.9933333333333333,9536,3248,26,26,26,4,0,true,false,4,16
red4:lane3:snr30.0:seed4:frame24,30.0,24,lite,awgn,0.0,32.0,2205,22.958333333333332,23.993854166666665,0.9933333333333333,9536,3248,27,27,27,4,0,true,false,4,16
red4:lane3:snr30.0:seed4:frame25,30.0,25,lite,awgn,0.0,32.0,2305,24.0,25.035520833333333,0.9933333333333333,9536,3248,28,28,28,4,389,false,false,4,16
red4:lane3:snr30.0:seed4:frame26,30.0,26,lite,awgn,0.0,32.0,2400,24.989583333333332,26.025104166666665,0.9933333333333333,9536,3248,29,29,29,4,606,false,false,4,16
red4:lane3:snr30.0:seed4:frame27,30.0,27,lite,awgn,0.0,32.0,2494,25.96875,27.004270833333333,0.9933333333333333,9536,3248,30,30,30,4,436,false,false,4,16
red4:lane3:snr30.0:seed4:frame28,30.0,28,lite,awgn,0.0,32.0,2589,26.958333333333332,27.993854166666665,0.9933333333333333,9536,3248,31,31,31,4,422,false,false,4,16
red4:lane3:snr30.0:seed4:frame29,30.0,29,lite,awgn,0.0,32.0,2689,28.0,29.035520833333333,0.9933333333333333,9536,3248,32,32,32,4,299,false,false,4,16
red4:lane3:snr30.0:seed4:frame30,30.0,30,lite,awgn,0.0,32.0,2784,28.989583333333332,30.025104166666665,0.9933333333333333,9536,3248,33,33,33,4,387,false,false,4,16
red4:lane3:snr30.0:seed4:frame31,30.0,31,lite,awgn,0.0,32.0,2878,29.96875,31.004270833333333,0.9933333333333333,9536,3248,34,34,34,4,419,false,false,4,16
red4:lane3:snr30.0:seed4:frame32,30.0,32,lite,awgn,0.0,32.0,2973,30.958333333333332,31.993854166666665,0.9933333333333333,9536,3248,35,35,35,4,488,false,false,4,16
red4:lane3:snr30.0:seed4:frame1,30.0,1,ofdm_fec,awgn,0.0,32.0,1,0.0,1.0355208333333332,0.9933333333333333,9536,3248,4,4,4,4,0,true,false,4,16
red4:lane3:snr30.0:seed4:frame2,30.0,2,ofdm_fec,awgn,0.0,32.0,96,0.9895833333333334,2.0251041666666665,0.9933333333333333,9536,3248,5,5,5,4,0,true,false,4,16
red4:lane3:snr30.0:seed4:frame3,30.0,3,ofdm_fec,awgn,0.0,32.0,190,1.96875,3.004270833333333,0.9933333333333333,9536,3248,6,6,6,4,0,true,false,4,16
red4:lane3:snr30.0:seed4:frame4,30.0,4,ofdm_fec,awgn,0.0,32.0,285,2.9583333333333335,3.993854166666667,0.9933333333333333,9536,3248,7,7,7,4,390,false,false,4,16
red4:lane3:snr30.0:seed4:frame5,30.0,5,ofdm_fec,awgn,0.0,32.0,385,4.0,5.035520833333333,0.9933333333333333,9536,3248,8,8,8,4,454,false,false,4,16
red4:lane3:snr30.0:seed4:frame6,30.0,6,ofdm_fec,awgn,0.0,32.0,480,4.989583333333333,6.025104166666666,0.9933333333333333,9536,3248,9,9,9,4,0,true,false,4,16
red4:lane3:snr30.0:seed4:frame7,30.0,7,ofdm_fec,awgn,0.0,32.0,574,5.96875,7.004270833333333,0.9933333333333333,9536,3248,10,10,10,4,474,false,false,4,16
red4:lane3:snr30.0:seed4:frame8,30.0,8,ofdm_fec,awgn,0.0,32.0,669,6.958333333333333,7.993854166666666,0.9933333333333333,9536,3248,11,11,11,4,309,false,false,4,16
red4:lane3:snr30.0:seed4:frame9,30.0,9,ofdm_fec,awgn,0.0,32.0,769,8.0,9.035520833333333,0.9933333333333333,9536,3248,12,12,12,4,386,false,false,4,16
red4:lane3:snr30.0:seed4:frame10,30.0,10,ofdm_fec,awgn,0.0,32.0,864,8.989583333333334,10.025104166666667,0.9933333333333333,9536,3248,13,13,13,4,494,false,false,4,16
red4:lane3:snr30.0:seed4:frame11,30.0,11,ofdm_fec,awgn,0.0,32.0,958,9.96875,11.004270833333333,0.9933333333333333,9536,3248,14,14,14,4,405,false,false,4,16
red4:lane3:snr30.0:seed4:frame12,30.0,12,ofdm_fec,awgn,0.0,32.0,1053,10.958333333333334,11.993854166666667,0.9933333333333333,9536,3248,15,15,15,4,0,true,false,4,16
red4:lane3:snr30.0:seed4:frame13,30.0,13,ofdm_fec,awgn,0.0,32.0,1153,12.0,13.035520833333333,0.9933333333333333,9536,3248,16,16,16,4,0,true,false,4,16
red4:lane3:snr30.0:seed4:frame14,30.0,14,ofdm_fec,awgn,0.0,32.0,1248,12.989583333333334,14.025104166666667,0.9933333333333333,9536,3248,17,17,17,4,0,true,false,4,16
red4:lane3:snr30.0:seed4:frame15,30.0,15,ofdm_fec,awgn,0.0,32.0,1342,13.96875,15.004270833333333,0.9933333333333333,9536,3248,18,18,18,4,432,false,false,4,16
red4:lane3:snr30.0:seed4:frame16,30.0,16,ofdm_fec,awgn,0.0,32.0,1437,14.958333333333334,15.993854166666667,0.9933333333333333,9536,3248,19,19,19,4,441,false,false,4,16
red4:lane3:snr30.0:seed4:frame17,30.0,17,ofdm_fec,awgn,0.0,32.0,1537,16.0,17.035520833333333,0.9933333333333333,9536,3248,20,20,20,4,0,true,false,4,16
red4:lane3:snr30.0:seed4:frame18,30.0,18,ofdm_fec,awgn,0.0,32.0,1632,16.989583333333332,18.025104166666665,0.9933333333333333,9536,3248,21,21,21,4,406,false,false,4,16
red4:lane3:snr30.0:seed4:frame19,30.0,19,ofdm_fec,awgn,0.0,32.0,1726,17.96875,19.004270833333333,0.9933333333333333,9536,3248,22,22,22,4,511,false,false,4,16
red4:lane3:snr30.0:seed4:frame20,30.0,20,ofdm_fec,awgn,0.0,32.0,1821,18.958333333333332,19.993854166666665,0.9933333333333333,9536,3248,23,23,23,4,0,true,false,4,16
red4:lane3:snr30.0:seed4:frame21,30.0,21,ofdm_fec,awgn,0.0,32.0,1921,20.0,21.035520833333333,0.9933333333333333,9536,3248,24,24,24,4,0,true,false,4,16
red4:lane3:snr30.0:seed4:frame22,30.0,22,ofdm_fec,awgn,0.0,32.0,2016,20.989583333333332,22.025104166666665,0.9933333333333333,9536,3248,25,25,25,4,410,false,false,4,16
red4:lane3:snr30.0:seed4:frame23,30.0,23,ofdm_fec,awgn,0.0,32.0,2110,21.96875,23.004270833333333,0.9933333333333333,9536,3248,26,26,26,4,0,true,false,4,16
red4:lane3:snr30.0:seed4:frame24,30.0,24,ofdm_fec,awgn,0.0,32.0,2205,22.958333333333332,23.993854166666665,0.9933333333333333,9536,3248,27,27,27,4,0,true,false,4,16
red4:lane3:snr30.0:seed4:frame25,30.0,25,ofdm_fec,awgn,0.0,32.0,2305,24.0,25.035520833333333,0.9933333333333333,9536,3248,28,28,28,4,0,true,false,4,16
red4:lane3:snr30.0:seed4:frame26,30.0,26,ofdm_fec,awgn,0.0,32.0,2400,24.989583333333332,26.025104166666665,0.9933333333333333,9536,3248,29,29,29,4,448,false,false,4,16
red4:lane3:snr30.0:seed4:frame27,30.0,27,ofdm_fec,awgn,0.0,32.0,2494,25.96875,27.004270833333333,0.9933333333333333,9536,3248,30,30,30,4,433,false,false,4,16
red4:lane3:snr30.0:seed4:frame28,30.0,28,ofdm_fec,awgn,0.0,32.0,2589,26.958333333333332,27.993854166666665,0.9933333333333333,9536,3248,31,31,31,4,0,true,false,4,16
red4:lane3:snr30.0:seed4:frame29,30.0,29,ofdm_fec,awgn,0.0,32.0,2689,28.0,29.035520833333333,0.9933333333333333,9536,3248,32,32,32,4,0,true,false,4,16
red4:lane3:snr30.0:seed4:frame30,30.0,30,ofdm_fec,awgn,0.0,32.0,2784,28.989583333333332,30.025104166666665,0.9933333333333333,9536,3248,33,33,33,4,362,false,false,4,16
red4:lane3:snr30.0:seed4:frame31,30.0,31,ofdm_fec,awgn,0.0,32.0,2878,29.96875,31.004270833333333,0.9933333333333333,9536,3248,34,34,34,4,0,true,false,4,16
red4:lane3:snr30.0:seed4:frame32,30.0,32,ofdm_fec,awgn,0.0,32.0,2973,30.958333333333332,31.993854166666665,0.9933333333333333,9536,3248,35,35,35,4,0,true,false,4,16
red4:lane3:snr30.0:seed4:frame1,30.0,1,pfft,awgn,0.0,32.0,1,0.0,1.0355208333333332,0.9933333333333333,9536,3248,4,4,4,4,423,false,false,4,16
red4:lane3:snr30.0:seed4:frame2,30.0,2,pfft,awgn,0.0,32.0,96,0.9895833333333334,2.0251041666666665,0.9933333333333333,9536,3248,5,5,5,4,374,false,false,4,16
red4:lane3:snr30.0:seed4:frame3,30.0,3,pfft,awgn,0.0,32.0,190,1.96875,3.004270833333333,0.9933333333333333,9536,3248,6,6,6,4,457,false,false,4,16
red4:lane3:snr30.0:seed4:frame4,30.0,4,pfft,awgn,0.0,32.0,285,2.9583333333333335,3.993854166666667,0.9933333333333333,9536,3248,7,7,7,4,649,false,false,4,16
red4:lane3:snr30.0:seed4:frame5,30.0,5,pfft,awgn,0.0,32.0,385,4.0,5.035520833333333,0.9933333333333333,9536,3248,8,8,8,4,576,false,false,4,16
red4:lane3:snr30.0:seed4:frame6,30.0,6,pfft,awgn,0.0,32.0,480,4.989583333333333,6.025104166666666,0.9933333333333333,9536,3248,9,9,9,4,512,false,false,4,16
red4:lane3:snr30.0:seed4:frame7,30.0,7,pfft,awgn,0.0,32.0,574,5.96875,7.004270833333333,0.9933333333333333,9536,3248,10,10,10,4,560,false,false,4,16
red4:lane3:snr30.0:seed4:frame8,30.0,8,pfft,awgn,0.0,32.0,669,6.958333333333333,7.993854166666666,0.9933333333333333,9536,3248,11,11,11,4,537,false,false,4,16
red4:lane3:snr30.0:seed4:frame9,30.0,9,pfft,awgn,0.0,32.0,769,8.0,9.035520833333333,0.9933333333333333,9536,3248,12,12,12,4,484,false,false,4,16
red4:lane3:snr30.0:seed4:frame10,30.0,10,pfft,awgn,0.0,32.0,864,8.989583333333334,10.025104166666667,0.9933333333333333,9536,3248,13,13,13,4,473,false,false,4,16
red4:lane3:snr30.0:seed4:frame11,30.0,11,pfft,awgn,0.0,32.0,958,9.96875,11.004270833333333,0.9933333333333333,9536,3248,14,14,14,4,440,false,false,4,16
red4:lane3:snr30.0:seed4:frame12,30.0,12,pfft,awgn,0.0,32.0,1053,10.958333333333334,11.993854166666667,0.9933333333333333,9536,3248,15,15,15,4,466,false,false,4,16
red4:lane3:snr30.0:seed4:frame13,30.0,13,pfft,awgn,0.0,32.0,1153,12.0,13.035520833333333,0.9933333333333333,9536,3248,16,16,16,4,450,false,false,4,16
red4:lane3:snr30.0:seed4:frame14,30.0,14,pfft,awgn,0.0,32.0,1248,12.989583333333334,14.025104166666667,0.9933333333333333,9536,3248,17,17,17,4,473,false,false,4,16
red4:lane3:snr30.0:seed4:frame15,30.0,15,pfft,awgn,0.0,32.0,1342,13.96875,15.004270833333333,0.9933333333333333,9536,3248,18,18,18,4,550,false,false,4,16
red4:lane3:snr30.0:seed4:frame16,30.0,16,pfft,awgn,0.0,32.0,1437,14.958333333333334,15.993854166666667,0.9933333333333333,9536,3248,19,19,19,4,553,false,false,4,16
red4:lane3:snr30.0:seed4:frame17,30.0,17,pfft,awgn,0.0,32.0,1537,16.0,17.035520833333333,0.9933333333333333,9536,3248,20,20,20,4,362,false,false,4,16
red4:lane3:snr30.0:seed4:frame18,30.0,18,pfft,awgn,0.0,32.0,1632,16.989583333333332,18.025104166666665,0.9933333333333333,9536,3248,21,21,21,4,499,false,false,4,16
red4:lane3:snr30.0:seed4:frame19,30.0,19,pfft,awgn,0.0,32.0,1726,17.96875,19.004270833333333,0.9933333333333333,9536,3248,22,22,22,4,536,false,false,4,16
red4:lane3:snr30.0:seed4:frame20,30.0,20,pfft,awgn,0.0,32.0,1821,18.958333333333332,19.993854166666665,0.9933333333333333,9536,3248,23,23,23,4,385,false,false,4,16
red4:lane3:snr30.0:seed4:frame21,30.0,21,pfft,awgn,0.0,32.0,1921,20.0,21.035520833333333,0.9933333333333333,9536,3248,24,24,24,4,500,false,false,4,16
red4:lane3:snr30.0:seed4:frame22,30.0,22,pfft,awgn,0.0,32.0,2016,20.989583333333332,22.025104166666665,0.9933333333333333,9536,3248,25,25,25,4,423,false,false,4,16
red4:lane3:snr30.0:seed4:frame23,30.0,23,pfft,awgn,0.0,32.0,2110,21.96875,23.004270833333333,0.9933333333333333,9536,3248,26,26,26,4,380,false,false,4,16
red4:lane3:snr30.0:seed4:frame24,30.0,24,pfft,awgn,0.0,32.0,2205,22.958333333333332,23.993854166666665,0.9933333333333333,9536,3248,27,27,27,4,365,false,false,4,16
red4:lane3:snr30.0:seed4:frame25,30.0,25,pfft,awgn,0.0,32.0,2305,24.0,25.035520833333333,0.9933333333333333,9536,3248,28,28,28,4,498,false,false,4,16
red4:lane3:snr30.0:seed4:frame26,30.0,26,pfft,awgn,0.0,32.0,2400,24.989583333333332,26.025104166666665,0.9933333333333333,9536,3248,29,29,29,4,606,false,false,4,16
red4:lane3:snr30.0:seed4:frame27,30.0,27,pfft,awgn,0.0,32.0,2494,25.96875,27.004270833333333,0.9933333333333333,9536,3248,30,30,30,4,494,false,false,4,16
red4:lane3:snr30.0:seed4:frame28,30.0,28,pfft,awgn,0.0,32.0,2589,26.958333333333332,27.993854166666665,0.9933333333333333,9536,3248,31,31,31,4,422,false,false,4,16
red4:lane3:snr30.0:seed4:frame29,30.0,29,pfft,awgn,0.0,32.0,2689,28.0,29.035520833333333,0.9933333333333333,9536,3248,32,32,32,4,402,false,false,4,16
red4:lane3:snr30.0:seed4:frame30,30.0,30,pfft,awgn,0.0,32.0,2784,28.989583333333332,30.025104166666665,0.9933333333333333,9536,3248,33,33,33,4,415,false,false,4,16
red4:lane3:snr30.0:seed4:frame31,30.0,31,pfft,awgn,0.0,32.0,2878,29.96875,31.004270833333333,0.9933333333333333,9536,3248,34,34,34,4,609,false,false,4,16
red4:lane3:snr30.0:seed4:frame32,30.0,32,pfft,awgn,0.0,32.0,2973,30.958333333333332,31.993854166666665,0.9933333333333333,9536,3248,35,35,35,4,488,false,false,4,16
red4:lane3:snr30.0:seed4:frame1,30.0,1,profiled_cz,awgn,0.0,32.0,1,0.0,1.0355208333333332,0.9933333333333333,9536,3248,4,4,4,4,0,true,false,4,16
red4:lane3:snr30.0:seed4:frame2,30.0,2,profiled_cz,awgn,0.0,32.0,96,0.9895833333333334,2.0251041666666665,0.9933333333333333,9536,3248,5,5,5,4,0,true,false,4,16
red4:lane3:snr30.0:seed4:frame3,30.0,3,profiled_cz,awgn,0.0,32.0,190,1.96875,3.004270833333333,0.9933333333333333,9536,3248,6,6,6,4,0,true,false,4,16
red4:lane3:snr30.0:seed4:frame4,30.0,4,profiled_cz,awgn,0.0,32.0,285,2.9583333333333335,3.993854166666667,0.9933333333333333,9536,3248,7,7,7,4,390,false,false,4,16
red4:lane3:snr30.0:seed4:frame5,30.0,5,profiled_cz,awgn,0.0,32.0,385,4.0,5.035520833333333,0.9933333333333333,9536,3248,8,8,8,4,454,false,false,4,16
red4:lane3:snr30.0:seed4:frame6,30.0,6,profiled_cz,awgn,0.0,32.0,480,4.989583333333333,6.025104166666666,0.9933333333333333,9536,3248,9,9,9,4,0,true,false,4,16
red4:lane3:snr30.0:seed4:frame7,30.0,7,profiled_cz,awgn,0.0,32.0,574,5.96875,7.004270833333333,0.9933333333333333,9536,3248,10,10,10,4,474,false,false,4,16
red4:lane3:snr30.0:seed4:frame8,30.0,8,profiled_cz,awgn,0.0,32.0,669,6.958333333333333,7.993854166666666,0.9933333333333333,9536,3248,11,11,11,4,309,false,false,4,16
red4:lane3:snr30.0:seed4:frame9,30.0,9,profiled_cz,awgn,0.0,32.0,769,8.0,9.035520833333333,0.9933333333333333,9536,3248,12,12,12,4,386,false,false,4,16
red4:lane3:snr30.0:seed4:frame10,30.0,10,profiled_cz,awgn,0.0,32.0,864,8.989583333333334,10.025104166666667,0.9933333333333333,9536,3248,13,13,13,4,494,false,false,4,16
red4:lane3:snr30.0:seed4:frame11,30.0,11,profiled_cz,awgn,0.0,32.0,958,9.96875,11.004270833333333,0.9933333333333333,9536,3248,14,14,14,4,405,false,false,4,16
red4:lane3:snr30.0:seed4:frame12,30.0,12,profiled_cz,awgn,0.0,32.0,1053,10.958333333333334,11.993854166666667,0.9933333333333333,9536,3248,15,15,15,4,0,true,false,4,16
red4:lane3:snr30.0:seed4:frame13,30.0,13,profiled_cz,awgn,0.0,32.0,1153,12.0,13.035520833333333,0.9933333333333333,9536,3248,16,16,16,4,0,true,false,4,16
red4:lane3:snr30.0:seed4:frame14,30.0,14,profiled_cz,awgn,0.0,32.0,1248,12.989583333333334,14.025104166666667,0.9933333333333333,9536,3248,17,17,17,4,0,true,false,4,16
red4:lane3:snr30.0:seed4:frame15,30.0,15,profiled_cz,awgn,0.0,32.0,1342,13.96875,15.004270833333333,0.9933333333333333,9536,3248,18,18,18,4,432,false,false,4,16
red4:lane3:snr30.0:seed4:frame16,30.0,16,profiled_cz,awgn,0.0,32.0,1437,14.958333333333334,15.993854166666667,0.9933333333333333,9536,3248,19,19,19,4,441,false,false,4,16
red4:lane3:snr30.0:seed4:frame17,30.0,17,profiled_cz,awgn,0.0,32.0,1537,16.0,17.035520833333333,0.9933333333333333,9536,3248,20,20,20,4,0,true,false,4,16
red4:lane3:snr30.0:seed4:frame18,30.0,18,profiled_cz,awgn,0.0,32.0,1632,16.989583333333332,18.025104166666665,0.9933333333333333,9536,3248,21,21,21,4,406,false,false,4,16
red4:lane3:snr30.0:seed4:frame19,30.0,19,profiled_cz,awgn,0.0,32.0,1726,17.96875,19.004270833333333,0.9933333333333333,9536,3248,22,22,22,4,511,false,false,4,16
red4:lane3:snr30.0:seed4:frame20,30.0,20,profiled_cz,awgn,0.0,32.0,1821,18.958333333333332,19.993854166666665,0.9933333333333333,9536,3248,23,23,23,4,0,true,false,4,16
red4:lane3:snr30.0:seed4:frame21,30.0,21,profiled_cz,awgn,0.0,32.0,1921,20.0,21.035520833333333,0.9933333333333333,9536,3248,24,24,24,4,0,true,false,4,16
red4:lane3:snr30.0:seed4:frame22,30.0,22,profiled_cz,awgn,0.0,32.0,2016,20.989583333333332,22.025104166666665,0.9933333333333333,9536,3248,25,25,25,4,410,false,false,4,16
red4:lane3:snr30.0:seed4:frame23,30.0,23,profiled_cz,awgn,0.0,32.0,2110,21.96875,23.004270833333333,0.9933333333333333,9536,3248,26,26,26,4,0,true,false,4,16
red4:lane3:snr30.0:seed4:frame24,30.0,24,profiled_cz,awgn,0.0,32.0,2205,22.958333333333332,23.993854166666665,0.9933333333333333,9536,3248,27,27,27,4,0,true,false,4,16
red4:lane3:snr30.0:seed4:frame25,30.0,25,profiled_cz,awgn,0.0,32.0,2305,24.0,25.035520833333333,0.9933333333333333,9536,3248,28,28,28,4,0,true,false,4,16
red4:lane3:snr30.0:seed4:frame26,30.0,26,profiled_cz,awgn,0.0,32.0,2400,24.989583333333332,26.025104166666665,0.9933333333333333,9536,3248,29,29,29,4,448,false,false,4,16
red4:lane3:snr30.0:seed4:frame27,30.0,27,profiled_cz,awgn,0.0,32.0,2494,25.96875,27.004270833333333,0.9933333333333333,9536,3248,30,30,30,4,433,false,false,4,16
red4:lane3:snr30.0:seed4:frame28,30.0,28,profiled_cz,awgn,0.0,32.0,2589,26.958333333333332,27.993854166666665,0.9933333333333333,9536,3248,31,31,31,4,0,true,false,4,16
red4:lane3:snr30.0:seed4:frame29,30.0,29,profiled_cz,awgn,0.0,32.0,2689,28.0,29.035520833333333,0.9933333333333333,9536,3248,32,32,32,4,0,true,false,4,16
red4:lane3:snr30.0:seed4:frame30,30.0,30,profiled_cz,awgn,0.0,32.0,2784,28.989583333333332,30.025104166666665,0.9933333333333333,9536,3248,33,33,33,4,362,false,false,4,16
red4:lane3:snr30.0:seed4:frame31,30.0,31,profiled_cz,awgn,0.0,32.0,2878,29.96875,31.004270833333333,0.9933333333333333,9536,3248,34,34,34,4,0,true,false,4,16
red4:lane3:snr30.0:seed4:frame32,30.0,32,profiled_cz,awgn,0.0,32.0,2973,30.958333333333332,31.993854166666665,0.9933333333333333,9536,3248,35,35,35,4,0,true,false,4,16
