channel,lane,snr_db,algorithm_id,seed,frames,objective,nfft,cp,code_rate,outer_spacing,inner_spacing,check_degree,horizon,partial_fft_parts,partial_fft_bands,payload_bits_per_frame,successful_frames,psr,payload_bits,bit_errors,ber,decode_failures,decode_seconds,effective_rate_bps
red1,1,0.0,cwz_joint,4,60,configuration,1024,16,0.125,3,10,10,0,1,16,749,0,0.0,44940,16592,0.36920338228749444,0,0.26414617333333335,0.0
red1,1,0.0,lite,4,60,configuration,1024,16,0.125,3,10,10,0,1,16,749,0,0.0,44940,16849,0.3749221183800623,0,0.09482681666666669,0.0
red1,1,0.0,ofdm_fec,4,60,configuration,1024,16,0.125,3,10,10,0,1,16,749,0,0.0,44940,16719,0.37202937249666224,0,0.06832496999999998,0.0
red1,1,0.0,pfft,4,60,configuration,1024,16,0.125,3,10,10,0,1,16,749,0,0.0,44940,16930,0.37672452158433467,0,0.061353754999999996,0.0
red1,1,0.0,profiled_cz,4,60,configuration,1024,16,0.125,3,10,10,0,1,16,749,0,0.0,44940,16585,0.36904761904761907,0,0.32377532166666667,0.0
red1,1,2.0,cwz_joint,4,60,configuration,1024,16,0.125,3,10,10,0,1,16,749,0,0.0,44940,14330,0.3188696039163329,0,0.266686025,0.0
red1,1,2.0,lite,4,60,configuration,1024,16,0.125,3,10,10,0,1,16,749,0,0.0,44940,14614,0.32518914107699154,0,0.10181286166666667,0.0
red1,1,2.0,ofdm_fec,4,60,configuration,1024,16,0.125,3,10,10,0,1,16,749,0,0.0,44940,14447,0.32147307521139296,0,0.06815817833333333,0.0
red1,1,2.0,pfft,4,60,configuration,1024,16,0.125,3,10,10,0,1,16,749,0,0.0,44940,14627,0.32547841566533153,0,0.07019857666666665,0.0
red1,1,2.0,profiled_cz,4,60,configuration,1024,16,0.125,3,10,10,0,1,16,749,0,0.0,44940,14325,0.31875834445927903,0,0.31626537833333335,0.0
red1,1,4.0,cwz_joint,4,60,configuration,1024,16,0.125,3,10,10,0,1,16,749,0,0.0,44940,11110,0.24721851357365376,0,0.2521967233333334,0.0
red1,1,4.0,lite,4,60,configuration,1024,16,0.125,3,10,10,0,1,16,749,0,0.0,44940,11410,0.2538940809968847,0,0.10922336333333334,0.0
red1,1,4.0,ofdm_fec,4,60,configuration,1024,16,0.125,3,10,10,0,1,16,749,0,0.0,44940,11535,0.256675567423231,0,0.08151765166666665,0.0
red1,1,4.0,pfft,4,60,configuration,1024,16,0.125,3,10,10,0,1,16,749,0,0.0,44940,11439,0.25453938584779706,0,0.06679213,0.0
red1,1,4.0,profiled_cz,4,60,configuration,1024,16,0.125,3,10,10,0,1,16,749,0,0.0,44940,11113,0.24728526924788607,0,0.31833833333333333,0.0
red1,1,6.0,cwz_joint,4,60,configuration,1024,16,0.125,3,10,10,0,1,16,749,0,0.0,44940,7560,0.16822429906542055,0,0.270831075,0.0
red1,1,6.0,lite,4,60,configuration,1024,16,0.125,3,10,10,0,1,16,749,0,0.0,44940,7799,0.17354250111259456,0,0.09699091,0.0
red1,1,6.0,ofdm_fec,4,60,configuration,1024,16,0.125,3,10,10,0,1,16,749,0,0.0,44940,7762,0.17271918113039608,0,0.073545,0.0
red1,1,6.0,pfft,4,60,configuration,1024,16,0.125,3,10,10,0,1,16,749,0,0.0,44940,7862,0.17494437027147308,0,0.07130194666666667,0.0
red1,1,6.0,profiled_cz,4,60,configuration,1024,16,0.125,3,10,10,0,1,16,749,0,0.0,44940,7569,0.16842456608811748,0,0.31234875,0.0
red1,1,8.0,cwz_joint,4,60,configuration,1024,16,0.125,3,10,10,0,1,16,749,0,0.0,44940,4533,0.10086782376502003,0,0.25498729333333336,0.0
red1,1,8.0,lite,4,60,configuration,1024,16,0.125,3,10,10,0,1,16,749,0,0.0,44940,4614,0.10267022696929239,0,0.09531880666666666,0.0
red1,1,8.0,ofdm_fec,4,60,configuration,1024,16,0.125,3,10,10,0,1,16,749,0,0.0,44940,4679,0.10411659991099244,0,0.07280059500000001,0.0
red1,1,8.0,pfft,4,60,configuration,1024,16,0.125,3,10,10,0,1,16,749,0,0.0,44940,4594,0.10222518914107699,0,0.07285765833333334,0.0
red1,1,8.0,profiled_cz,4,60,configuration,1024,16,0.125,3,10,10,0,1,16,749,0,0.0,44940,4538,0.10097908322207387,0,0.3301071083333333,0.0
red1,1,10.0,cwz_joint,4,60,configuration,1024,16,0.125,3,10,10,0,1,16,749,0,0.0,44940,2377,0.05289274588340009,0,0.24863792333333334,0.0
red1,1,10.0,lite,4,60,configuration,1024,16,0.125,3,10,10,0,1,16,749,0,0.0,44940,2368,0.05269247886070316,0,0.10060766333333332,0.0
red1,1,10.0,ofdm_fec,4,60,configuration,1024,16,0.125,3,10,10,0,1,16,749,0,0.0,44940,2334,0.05193591455273698,0,0.07418416666666668,0.0
red1,1,10.0,pfft,4,60,configuration,1024,16,0.125,3,10,10,0,1,16,749,0,0.0,44940,2363,0.05258121940364931,0,0.07345498499999997,0.0
red1,1,10.0,profiled_cz,4,60,configuration,1024,16,0.125,3,10,10,0,1,16,749,0,0.0,44940,2379,0.05293724966622163,0,0.2911388866666666,0.0
red1,1,12.0,cwz_joint,4,60,configuration,1024,16,0.125,3,10,10,0,1,16,749,0,0.0,44940,1172,0.026079216733422343,0,0.2384646183333333,0.0
red1,1,12.0,lite,4,60,configuration,1024,16,0.125,3,10,10,0,1,16,749,0,0.0,44940,1187,0.02641299510458389,0,0.09171290666666668,0.0
red1,1,12.0,ofdm_fec,4,60,configuration,1024,16,0.125,3,10,10,0,1,16,749,0,0.0,44940,1145,0.025478415665331555,0,0.073875285,0.0
red1,1,12.0,pfft,4,60,configuration,1024,16,0.125,3,10,10,0,1,16,749,0,0.0,44940,1188,0.02643524699599466,0,0.06233568666666666,0.0
red1,1,12.0,profiled_cz,4,60,configuration,1024,16,0.125,3,10,10,0,1,16,749,0,0.0,44940,1173,0.02610146862483311,0,0.27434722999999994,0.0
red1,1,14.0,cwz_joint,4,60,configuration,1024,16,0.125,3,10,10,0,1,16,749,2,0.03333333333333333,44940,552,0.012283044058744993,0,0.21578798833333332,25.783132530120483
red1,1,14.0,lite,4,60,configuration,1024,16,0.125,3,10,10,0,1,16,749,2,0.03333333333333333,44940,568,0.012639074321317311,0,0.10306625333333334,25.783132530120483
red1,1,14.0,ofdm_fec,4,60,configuration,1024,16,0.125,3,10,10,0,1,16,749,2,0.03333333333333333,44940,542,0.012060525144637294,0,0.07558180833333333,25.783132530120483
red1,1,14.0,pfft,4,60,configuration,1024,16,0.125,3,10,10,0,1,16,749,2,0.03333333333333333,44940,561,0.012483311081441923,0,0.07815589166666669,25.783132530120483
red1,1,14.0,profiled_cz,4,60,configuration,1024,16,0.125,3,10,10,0,1,16,749,2,0.03333333333333333,44940,552,0.012283044058744993,0,0.263517965,25.783132530120483
red1,1,16.0,cwz_joint,4,60,configuration,1024,16,0.125,3,10,10,0,1,16,749,9,0.15,44940,307,0.006831330663106364,0,0.2292243849999999,116.02409638554217
red1,1,16.0,lite,4,60,configuration,1024,16,0.125,3,10,10,0,1,16,749,9,0.15,44940,303,0.0067423230974632846,0,0.0951424,116.02409638554217
red1,1,16.0,ofdm_fec,4,60,configuration,1024,16,0.125,3,10,10,0,1,16,749,8,0.13333333333333333,44940,274,0.006097018246550957,0,0.07202101499999998,103.13253012048193
red1,1,16.0,pfft,4,60,configuration,1024,16,0.125,3,10,10,0,1,16,749,8,0.13333333333333333,44940,303,0.0067423230974632846,0,0.06736061666666666,103.13253012048193
red1,1,16.0,profiled_cz,4,60,configuration,1024,16,0.125,3,10,10,0,1,16,749,9,0.15,44940,308,0.006853582554517134,0,0.2778215683333333,116.02409638554217
red1,1,18.0,cwz_joint,4,60,configuration,1024,16,0.125,3,10,10,0,1,16,749,20,0.3333333333333333,44940,149,0.0033155318202047175,0,0.225912545,257.8313253012048
red1,1,18.0,lite,4,60,configuration,1024,16,0.125,3,10,10,0,1,16,749,21,0.35,44940,150,0.0033377837116154874,0,0.09611328166666669,270.72289156626505
red1,1,18.0,ofdm_fec,4,60,configuration,1024,16,0.125,3,10,10,0,1,16,749,22,0.36666666666666664,44940,149,0.0033155318202047175,0,0.07126342666666667,283.6144578313253
red1,1,18.0,pfft,4,60,configuration,1024,16,0.125,3,10,10,0,1,16,749,20,0.3333333333333333,44940,151,0.0033600356030262573,0,0.06818412,257.8313253012048
red1,1,18.0,profiled_cz,4,60,configuration,1024,16,0.125,3,10,10,0,1,16,749,20,0.3333333333333333,44940,149,0.0033155318202047175,0,0.27047860333333335,257.8313253012048
red1,1,20.0,cwz_joint,4,60,configuration,1024,16,0.125,3,10,10,0,1,16,749,30,0.5,44940,97,0.002158433466844682,0,0.23977872333333336,386.7469879518072
red1,1,20.0,lite,4,60,configuration,1024,16,0.125,3,10,10,0,1,16,749,29,0.48333333333333334,44940,96,0.002136181575433912,0,0.09230191499999998,373.855421686747
red1,1,20.0,ofdm_fec,4,60,configuration,1024,16,0.125,3,10,10,0,1,16,749,31,0.5166666666666667,44940,91,0.0020249221183800624,0,0.07277683166666665,399.6385542168675
red1,1,20.0,pfft,4,60,configuration,1024,16,0.125,3,10,10,0,1,16,749,28,0.4666666666666667,44940,97,0.002158433466844682,0,0.07292742833333334,360.96385542168673
red1,1,20.0,profiled_cz,4,60,configuration,1024,16,0.125,3,10,10,0,1,16,749,30,0.5,44940,97,0.002158433466844682,0,0.24195688500000004,386.7469879518072
red1,1,22.0,cwz_joint,4,60,configuration,1024,16,0.125,3,10,10,0,1,16,749,34,0.5666666666666667,44940,55,0.0012238540275923454,0,0.21931389166666657,438.31325301204816
red1,1,22.0,lite,4,60,configuration,1024,16,0.125,3,10,10,0,1,16,749,34,0.5666666666666667,44940,57,0.0012683578104138852,0,0.08678574333333332,438.31325301204816
red1,1,22.0,ofdm_fec,4,60,configuration,1024,16,0.125,3,10,10,0,1,16,749,34,0.5666666666666667,44940,60,0.0013351134846461949,0,0.06977321333333333,438.31325301204816
red1,1,22.0,pfft,4,60,configuration,1024,16,0.125,3,10,10,0,1,16,749,34,0.5666666666666667,44940,58,0.001290609701824655,0,0.07994344333333334,438.31325301204816
red1,1,22.0,profiled_cz,4,60,configuration,1024,16,0.125,3,10,10,0,1,16,749,34,0.5666666666666667,44940,55,0.0012238540275923454,0,0.24798509333333335,438.31325301204816
red1,1,24.0,cwz_joint,4,60,configuration,1024,16,0.125,3,10,10,0,1,16,749,36,0.6,44940,47,0.001045838896306186,0,0.22648779000000002,464.09638554216866
red1,1,24.0,lite,4,60,configuration,1024,16,0.125,3,10,10,0,1,16,749,37,0.6166666666666667,44940,44,0.0009790832220738764,0,0.09248758833333333,476.9879518072289
red1,1,24.0,ofdm_fec,4,60,configuration,1024,16,0.125,3,10,10,0,1,16,749,37,0.6166666666666667,44940,43,0.0009568313306631064,0,0.07157602833333333,476.9879518072289
red1,1,24.0,pfft,4,60,configuration,1024,16,0.125,3,10,10,0,1,16,749,37,0.6166666666666667,44940,44,0.0009790832220738764,0,0.07371274,476.9879518072289
red1,1,24.0,profiled_cz,4,60,configuration,1024,16,0.125,3,10,10,0,1,16,749,36,0.6,44940,47,0.001045838896306186,0,0.27740320999999996,464.09638554216866
red1,1,26.0,cwz_joint,4,60,configuration,1024,16,0.125,3,10,10,0,1,16,749,41,0.6833333333333333,44940,38,0.0008455718736092568,0,0.23614311000000002,528.5542168674699
red1,1,26.0,lite,4,60,configuration,1024,16,0.125,3,10,10,0,1,16,749,40,0.6666666666666666,44940,38,0.0008455718736092568,0,0.09026965166666669,515.6626506024096
red1,1,26.0,ofdm_fec,4,60,configuration,1024,16,0.125,3,10,10,0,1,16,749,42,0.7,44940,35,0.000778816199376947,0,0.07163538333333333,541.4457831325301
red1,1,26.0,pfft,4,60,configuration,1024,16,0.125,3,10,10,0,1,16,749,40,0.6666666666666666,44940,38,0.0008455718736092568,0,0.07237396333333336,515.6626506024096
red1,1,26.0,profiled_cz,4,60,configuration,1024,16,0.125,3,10,10,0,1,16,749,41,0.6833333333333333,44940,38,0.0008455718736092568,0,0.2626412716666666,528.5542168674699
red1,1,28.0,cwz_joint,4,60,configuration,1024,16,0.125,3,10,10,0,1,16,749,41,0.6833333333333333,44940,34,0.0007565643079661771,0,0.20774005666666664,528.5542168674699
red1,1,28.0,lite,4,60,configuration,1024,16,0.125,3,10,10,0,1,16,749,41,0.6833333333333333,44940,35,0.000778816199376947,0,0.09688797333333331,528.5542168674699
red1,1,28.0,ofdm_fec,4,60,configuration,1024,16,0.125,3,10,10,0,1,16,749,44,0.7333333333333333,44940,32,0.0007120605251446373,0,0.07723159333333336,567.2289156626506
red1,1,28.0,pfft,4,60,configuration,1024,16,0.125,3,10,10,0,1,16,749,41,0.6833333333333333,44940,35,0.000778816199376947,0,0.06838320833333332,528.5542168674699
red1,1,28.0,profiled_cz,4,60,configuration,1024,16,0.125,3,10,10,0,1,16,749,41,0.6833333333333333,44940,34,0.0007565643079661771,0,0.26252281499999996,528.5542168674699
red1,1,30.0,cwz_joint,4,60,configuration,1024,16,0.125,3,10,10,0,1,16,749,41,0.6833333333333333,44940,32,0.0007120605251446373,0,0.2140928183333333,528.5542168674699
red1,1,30.0,lite,4,60,configuration,1024,16,0.125,3,10,10,0,1,16,749,41,0.6833333333333333,44940,33,0.0007343124165554072,0,0.0850901,528.5542168674699
red1,1,30.0,ofdm_fec,4,60,configuration,1024,16,0.125,3,10,10,0,1,16,749,44,0.7333333333333333,44940,29,0.0006453048509123276,0,0.07209463166666667,567.2289156626506
red1,1,30.0,pfft,4,60,configuration,1024,16,0.125,3,10,10,0,1,16,749,41,0.6833333333333333,44940,33,0.0007343124165554072,0,0.06776738833333334,528.5542168674699
red1,1,30.0,profiled_cz,4,60,configuration,1024,16,0.125,3,10,10,0,1,16,749,41,0.6833333333333333,44940,32,0.0007120605251446373,0,0.24684012833333335,528.5542168674699
red1,2,0.0,cwz_joint,4,60,configuration,1024,16,0.125,3,10,10,0,1,16,749,0,0.0,44940,16248,0.3615487316421896,0,0.27415930000000005,0.0
red1,2,0.0,lite,4,60,configuration,1024,16,0.125,3,10,10,0,1,16,749,0,0.0,44940,16464,0.3663551401869159,0,0.1021421516666667,0.0
red1,2,0.0,ofdm_fec,4,60,configuration,1024,16,0.125,3,10,10,0,1,16,749,0,0.0,44940,16414,0.36524254561637737,0,0.08517747666666665,0.0
red1,2,0.0,pfft,4,60,configuration,1024,16,0.125,3,10,10,0,1,16,749,0,0.0,44940,16419,0.36535380507343124,0,0.07818843166666664,0.0
red1,2,0.0,profiled_cz,4,60,configuration,1024,16,0.125,3,10,10,0,1,16,749,0,0.0,44940,16231,0.3611704494882065,0,0.3319208516666667,0.0
red1,2,2.0,cwz_joint,4,60,configuration,1024,16,0.125,3,10,10,0,1,16,749,0,0.0,44940,13447,0.29922118380062307,0,0.28421320999999994,0.0
red1,2,2.0,lite,4,60,configuration,1024,16,0.125,3,10,10,0,1,16,749,0,0.0,44940,13764,0.3062750333778371,0,0.09812144833333332,0.0
red1,2,2.0,ofdm_fec,4,60,configuration,1024,16,0.125,3,10,10,0,1,16,749,0,0.0,44940,13863,0.3084779706275033,0,0.07604887833333335,0.0
red1,2,2.0,pfft,4,60,configuration,1024,16,0.125,3,10,10,0,1,16,749,0,0.0,44940,13814,0.3073876279483756,0,0.06619185666666667,0.0
red1,2,2.0,profiled_cz,4,60,configuration,1024,16,0.125,3,10,10,0,1,16,749,0,0.0,44940,13450,0.2992879394748554,0,0.34574355,0.0
red1,2,4.0,cwz_joint,4,60,configuration,1024,16,0.125,3,10,10,0,1,16,749,0,0.0,44940,10037,0.22334223408989765,0,0.25534057666666665,0.0
red1,2,4.0,lite,4,60,configuration,1024,16,0.125,3,10,10,0,1,16,749,0,0.0,44940,10286,0.22888295505117934,0,0.08856652666666667,0.0
red1,2,4.0,ofdm_fec,4,60,configuration,1024,16,0.125,3,10,10,0,1,16,749,0,0.0,44940,10244,0.22794837561192702,0,0.08669216666666668,0.0
red1,2,4.0,pfft,4,60,configuration,1024,16,0.125,3,10,10,0,1,16,749,0,0.0,44940,10380,0.23097463284379172,0,0.07060820166666666,0.0
red1,2,4.0,profiled_cz,4,60,configuration,1024,16,0.125,3,10,10,0,1,16,749,0,0.0,44940,10036,0.22331998219848687,0,0.3118634116666667,0.0
red1,2,6.0,cwz_joint,4,60,configuration,1024,16,0.125,3,10,10,0,1,16,749,0,0.0,44940,6380,0.14196706720071206,0,0.29084474999999993,0.0
red1,2,6.0,lite,4,60,configuration,1024,16,0.125,3,10,10,0,1,16,749,0,0.0,44940,6493,0.14448153093012905,0,0.09497997833333335,0.0
red1,2,6.0,ofdm_fec,4,60,configuration,1024,16,0.125,3,10,10,0,1,16,749,0,0.0,44940,6484,0.14428126390743212,0,0.07296853333333332,0.0
red1,2,6.0,pfft,4,60,configuration,1024,16,0.125,3,10,10,0,1,16,749,0,0.0,44940,6462,0.1437917222963952,0,0.06888854833333334,0.0
red1,2,6.0,profiled_cz,4,60,configuration,1024,16,0.125,3,10,10,0,1,16,749,0,0.0,44940,6374,0.14183355585224744,0,0.328792195,0.0
red1,2,8.0,cwz_joint,4,60,configuration,1024,16,0.125,3,10,10,0,1,16,749,0,0.0,44940,3357,0.0746995994659546,0,0.25868245333333345,0.0
red1,2,8.0,lite,4,60,configuration,1024,16,0.125,3,10,10,0,1,16,749,0,0.0,44940,3463,0.07705829995549622,0,0.098484865,0.0
red1,2,8.0,ofdm_fec,4,60,configuration,1024,16,0.125,3,10,10,0,1,16,749,0,0.0,44940,3422,0.07614597240765465,0,0.08187276,0.0
red1,2,8.0,pfft,4,60,configuration,1024,16,0.125,3,10,10,0,1,16,749,0,0.0,44940,3494,0.07774810858923008,0,0.07539101833333334,0.0
red1,2,8.0,profiled_cz,4,60,configuration,1024,16,0.125,3,10,10,0,1,16,749,0,0.0,44940,3356,0.07467734757454383,0,0.33457117333333336,0.0
red1,2,10.0,cwz_joint,4,60,configuration,1024,16,0.125,3,10,10,0,1,16,749,0,0.0,44940,1527,0.03397863818424566,0,0.26863902666666667,0.0
red1,2,10.0,lite,4,60,configuration,1024,16,0.125,3,10,10,0,1,16,749,0,0.0,44940,1545,0.03437917222963952,0,0.09836838666666668,0.0
red1,2,10.0,ofdm_fec,4,60,configuration,1024,16,0.125,3,10,10,0,1,16,749,0,0.0,44940,1549,0.0344681797952826,0,0.07420005333333334,0.0
red1,2,10.0,pfft,4,60,configuration,1024,16,0.125,3,10,10,0,1,16,749,0,0.0,44940,1549,0.0344681797952826,0,0.07587517666666667,0.0
red1,2,10.0,profiled_cz,4,60,configuration,1024,16,0.125,3,10,10,0,1,16,749,0,0.0,44940,1529,0.034023141967067204,0,0.30294253166666657,0.0
red1,2,12.0,cwz_joint,4,60,configuration,1024,16,0.125,3,10,10,0,1,16,749,0,0.0,44940,698,0.015531820204717401,0,0.2331578083333333,0.0
red1,2,12.0,lite,4,60,configuration,1024,16,0.125,3,10,10,0,1,16,749,0,0.0,44940,697,0.01550956831330663,0,0.10774659666666667,0.0
red1,2,12.0,ofdm_fec,4,60,configuration,1024,16,0.125,3,10,10,0,1,16,749,0,0.0,44940,685,0.015242545616377392,0,0.07922284166666667,0.0
red1,2,12.0,pfft,4,60,configuration,1024,16,0.125,3,10,10,0,1,16,749,0,0.0,44940,702,0.01562082777036048,0,0.07989361000000002,0.0
red1,2,12.0,profiled_cz,4,60,configuration,1024,16,0.125,3,10,10,0,1,16,749,0,0.0,44940,696,0.015487316421895861,0,0.28502306000000005,0.0
red1,2,14.0,cwz_joint,4,60,configuration,1024,16,0.125,3,10,10,0,1,16,749,4,0.06666666666666667,44940,345,0.007676902536715621,0,0.24076104833333337,51.566265060240966
red1,2,14.0,lite,4,60,configuration,1024,16,0.125,3,10,10,0,1,16,749,3,0.05,44940,350,0.00778816199376947,0,0.09138755000000001,38.674698795180724
red1,2,14.0,ofdm_fec,4,60,configuration,1024,16,0.125,3,10,10,0,1,16,749,4,0.06666666666666667,44940,322,0.0071651090342679125,0,0.06561193333333333,51.566265060240966
red1,2,14.0,pfft,4,60,configuration,1024,16,0.125,3,10,10,0,1,16,749,2,0.03333333333333333,44940,350,0.00778816199376947,0,0.06710248833333333,25.783132530120483
red1,2,14.0,profiled_cz,4,60,configuration,1024,16,0.125,3,10,10,0,1,16,749,4,0.06666666666666667,44940,344,0.007654650645304851,0,0.2844687,51.566265060240966
red1,2,16.0,cwz_joint,4,60,configuration,1024,16,0.125,3,10,10,0,1,16,749,14,0.23333333333333334,44940,167,0.003716065865598576,0,0.23529992500000002,180.48192771084337
red1,2,16.0,lite,4,60,configuration,1024,16,0.125,3,10,10,0,1,16,749,17,0.2833333333333333,44940,170,0.0037828215398308857,0,0.10118966666666669,219.15662650602408
red1,2,16.0,ofdm_fec,4,60,configuration,1024,16,0.125,3,10,10,0,1,16,749,19,0.31666666666666665,44940,158,0.0035157988429016466,0,0.07161379833333334,244.93975903614458
red1,2,16.0,pfft,4,60,configuration,1024,16,0.125,3,10,10,0,1,16,749,17,0.2833333333333333,44940,176,0.0039163328882955055,0,0.06982511833333332,219.15662650602408
red1,2,16.0,profiled_cz,4,60,configuration,1024,16,0.125,3,10,10,0,1,16,749,14,0.23333333333333334,44940,167,0.003716065865598576,0,0.27443120000000004,180.48192771084337
red1,2,18.0,cwz_joint,4,60,configuration,1024,16,0.125,3,10,10,0,1,16,749,28,0.4666666666666667,44940,107,0.002380952380952381,0,0.24659928,360.96385542168673
red1,2,18.0,lite,4,60,configuration,1024,16,0.125,3,10,10,0,1,16,749,26,0.43333333333333335,44940,106,0.002358700489541611,0,0.09096962666666664,335.18072289156623
red1,2,18.0,ofdm_fec,4,60,configuration,1024,16,0.125,3,10,10,0,1,16,749,29,0.48333333333333334,44940,103,0.002291944815309301,0,0.07858094333333333,373.855421686747
red1,2,18.0,pfft,4,60,configuration,1024,16,0.125,3,10,10,0,1,16,749,26,0.43333333333333335,44940,108,0.002403204272363151,0,0.07249037500000001,335.18072289156623
red1,2,18.0,profiled_cz,4,60,configuration,1024,16,0.125,3,10,10,0,1,16,749,28,0.4666666666666667,44940,107,0.002380952380952381,0,0.2885283466666667,360.96385542168673
red1,2,20.0,cwz_joint,4,60,configuration,1024,16,0.125,3,10,10,0,1,16,749,37,0.6166666666666667,44940,69,0.0015353805073431241,0,0.2318562466666667,476.9879518072289
red1,2,20.0,lite,4,60,configuration,1024,16,0.125,3,10,10,0,1,16,749,35,0.5833333333333334,44940,75,0.0016688918558077437,0,0.089362105,451.2048192771084
red1,2,20.0,ofdm_fec,4,60,configuration,1024,16,0.125,3,10,10,0,1,16,749,34,0.5666666666666667,44940,71,0.001579884290164664,0,0.08041771333333332,438.31325301204816
red1,2,20.0,pfft,4,60,configuration,1024,16,0.125,3,10,10,0,1,16,749,35,0.5833333333333334,44940,74,0.0016466399643969738,0,0.07452457000000003,451.2048192771084
red1,2,20.0,profiled_cz,4,60,configuration,1024,16,0.125,3,10,10,0,1,16,749,37,0.6166666666666667,44940,71,0.001579884290164664,0,0.2595422,476.9879518072289
red1,2,22.0,cwz_joint,4,60,configuration,1024,16,0.125,3,10,10,0,1,16,749,45,0.75,44940,56,0.0012461059190031153,0,0.23673832833333333,580.1204819277108
red1,2,22.0,lite,4,60,configuration,1024,16,0.125,3,10,10,0,1,16,749,43,0.7166666666666667,44940,58,0.001290609701824655,0,0.11186183833333335,554.3373493975904
red1,2,22.0,ofdm_fec,4,60,configuration,1024,16,0.125,3,10,10,0,1,16,749,43,0.7166666666666667,44940,57,0.0012683578104138852,0,0.08023501833333334,554.3373493975904
red1,2,22.0,pfft,4,60,configuration,1024,16,0.125,3,10,10,0,1,16,749,43,0.7166666666666667,44940,58,0.001290609701824655,0,0.07734903166666666,554.3373493975904
red1,2,22.0,profiled_cz,4,60,configuration,1024,16,0.125,3,10,10,0,1,16,749,45,0.75,44940,56,0.0012461059190031153,0,0.253812785,580.1204819277108
red1,2,24.0,cwz_joint,4,60,configuration,1024,16,0.125,3,10,10,0,1,16,749,47,0.7833333333333333,44940,43,0.0009568313306631064,0,0.22248208666666666,605.9036144578313
red1,2,24.0,lite,4,60,configuration,1024,16,0.125,3,10,10,0,1,16,749,46,0.7666666666666667,44940,41,0.0009123275478415665,0,0.09454983500000001,593.0120481927711
red1,2,24.0,ofdm_fec,4,60,configuration,1024,16,0.125,3,10,10,0,1,16,749,47,0.7833333333333333,44940,42,0.0009345794392523365,0,0.07229968666666665,605.9036144578313
red1,2,24.0,pfft,4,60,configuration,1024,16,0.125,3,10,10,0,1,16,749,46,0.7666666666666667,44940,41,0.0009123275478415665,0,0.07612255666666669,593.0120481927711
red1,2,24.0,profiled_cz,4,60,configuration,1024,16,0.125,3,10,10,0,1,16,749,47,0.7833333333333333,44940,43,0.0009568313306631064,0,0.24147866,605.9036144578313
red1,2,26.0,cwz_joint,4,60,configuration,1024,16,0.125,3,10,10,0,1,16,749,48,0.8,44940,35,0.000778816199376947,0,0.22053239333333335,618.7951807228916
red1,2,26.0,lite,4,60,configuration,1024,16,0.125,3,10,10,0,1,16,749,48,0.8,44940,34,0.0007565643079661771,0,0.09628535333333334,618.7951807228916
red1,2,26.0,ofdm_fec,4,60,configuration,1024,16,0.125,3,10,10,0,1,16,749,47,0.7833333333333333,44940,37,0.0008233199821984869,0,0.061339475,605.9036144578313
red1,2,26.0,pfft,4,60,configuration,1024,16,0.125,3,10,10,0,1,16,749,48,0.8,44940,35,0.000778816199376947,0,0.07371343666666669,618.7951807228916
red1,2,26.0,profiled_cz,4,60,configuration,1024,16,0.125,3,10,10,0,1,16,749,47,0.7833333333333333,44940,36,0.0008010680907877169,0,0.2336968383333333,605.9036144578313
red1,2,28.0,cwz_joint,4,60,configuration,1024,16,0.125,3,10,10,0,1,16,749,47,0.7833333333333333,44940,36,0.0008010680907877169,0,0.20292347333333324,605.9036144578313
red1,2,28.0,lite,4,60,configuration,1024,16,0.125,3,10,10,0,1,16,749,47,0.7833333333333333,44940,34,0.0007565643079661771,0,0.09140208666666666,605.9036144578313
red1,2,28.0,ofdm_fec,4,60,configuration,1024,16,0.125,3,10,10,0,1,16,749,47,0.7833333333333333,44940,34,0.0007565643079661771,0,0.06976710166666668,605.9036144578313
red1,2,28.0,pfft,4,60,configuration,1024,16,0.125,3,10,10,0,1,16,749,47,0.7833333333333333,44940,33,0.0007343124165554072,0,0.06635731666666668,605.9036144578313
red1,2,28.0,profiled_cz,4,60,configuration,1024,16,0.125,3,10,10,0,1,16,749,47,0.7833333333333333,44940,36,0.0008010680907877169,0,0.24793653000000002,605.9036144578313
red1,2,30.0,cwz_joint,4,60,configuration,1024,16,0.125,3,10,10,0,1,16,749,47,0.7833333333333333,44940,37,0.0008233199821984869,0,0.2143921783333333,605.9036144578313
red1,2,30.0,lite,4,60,configuration,1024,16,0.125,3,10,10,0,1,16,749,48,0.8,44940,36,0.0008010680907877169,0,0.09046649166666665,618.7951807228916
red1,2,30.0,ofdm_fec,4,60,configuration,1024,16,0.125,3,10,10,0,1,16,749,47,0.7833333333333333,44940,35,0.000778816199376947,0,0.07809035000000003,605.9036144578313
red1,2,30.0,pfft,4,60,configuration,1024,16,0.125,3,10,10,0,1,16,749,48,0.8,44940,36,0.0008010680907877169,0,0.06902601666666668,618.7951807228916
red1,2,30.0,profiled_cz,4,60,configuration,1024,16,0.125,3,10,10,0,1,16,749,47,0.7833333333333333,44940,37,0.0008233199821984869,0,0.24124835833333327,605.9036144578313
red1,3,0.0,cwz_joint,4,60,configuration,1024,16,0.125,3,10,10,0,1,16,749,0,0.0,44940,15531,0.34559412550066754,0,0.25791935,0.0
red1,3,0.0,lite,4,60,configuration,1024,16,0.125,3,10,10,0,1,16,749,0,0.0,44940,15830,0.3522474410324878,0,0.10285439666666667,0.0
red1,3,0.0,ofdm_fec,4,60,configuration,1024,16,0.125,3,10,10,0,1,16,749,0,0.0,44940,15724,0.34988874054294616,0,0.0750469833333333,0.0
red1,3,0.0,pfft,4,60,configuration,1024,16,0.125,3,10,10,0,1,16,749,0,0.0,44940,15828,0.3522029372496662,0,0.07529356333333333,0.0
red1,3,0.0,profiled_cz,4,60,configuration,1024,16,0.125,3,10,10,0,1,16,749,0,0.0,44940,15534,0.34566088117489985,0,0.33577971999999995,0.0
red1,3,2.0,cwz_joint,4,60,configuration,1024,16,0.125,3,10,10,0,1,16,749,0,0.0,44940,12313,0.27398753894080996,0,0.2880713133333333,0.0
red1,3,2.0,lite,4,60,configuration,1024,16,0.125,3,10,10,0,1,16,749,0,0.0,44940,12665,0.281820204717401,0,0.09655791000000001,0.0
red1,3,2.0,ofdm_fec,4,60,configuration,1024,16,0.125,3,10,10,0,1,16,749,0,0.0,44940,12633,0.2811081441922563,0,0.07468525333333334,0.0
red1,3,2.0,pfft,4,60,configuration,1024,16,0.125,3,10,10,0,1,16,749,0,0.0,44940,12640,0.28126390743213175,0,0.07734887666666665,0.0
red1,3,2.0,profiled_cz,4,60,configuration,1024,16,0.125,3,10,10,0,1,16,749,0,0.0,44940,12329,0.27434356920338226,0,0.33055467166666674,0.0
red1,3,4.0,cwz_joint,4,60,configuration,1024,16,0.125,3,10,10,0,1,16,749,0,0.0,44940,8669,0.1929016466399644,0,0.27249109999999993,0.0
red1,3,4.0,lite,4,60,configuration,1024,16,0.125,3,10,10,0,1,16,749,0,0.0,44940,8833,0.19655095683133067,0,0.10070225499999999,0.0
red1,3,4.0,ofdm_fec,4,60,configuration,1024,16,0.125,3,10,10,0,1,16,749,0,0.0,44940,8806,0.19595015576323987,0,0.07064262166666667,0.0
red1,3,4.0,pfft,4,60,configuration,1024,16,0.125,3,10,10,0,1,16,749,0,0.0,44940,8867,0.19730752113929684,0,0.07026684666666667,0.0
red1,3,4.0,profiled_cz,4,60,configuration,1024,16,0.125,3,10,10,0,1,16,749,0,0.0,44940,8665,0.1928126390743213,0,0.30496666833333325,0.0
red1,3,6.0,cwz_joint,4,60,configuration,1024,16,0.125,3,10,10,0,1,16,749,0,0.0,44940,4803,0.10687583444592791,0,0.23955108333333333,0.0
red1,3,6.0,lite,4,60,configuration,1024,16,0.125,3,10,10,0,1,16,749,0,0.0,44940,5008,0.11143747218513574,0,0.10561084666666667,0.0
red1,3,6.0,ofdm_fec,4,60,configuration,1024,16,0.125,3,10,10,0,1,16,749,0,0.0,44940,4948,0.11010235870048954,0,0.07143315333333335,0.0
red1,3,6.0,pfft,4,60,configuration,1024,16,0.125,3,10,10,0,1,16,749,0,0.0,44940,5045,0.11226079216733423,0,0.07391564,0.0
red1,3,6.0,profiled_cz,4,60,configuration,1024,16,0.125,3,10,10,0,1,16,749,0,0.0,44940,4794,0.10667556742323098,0,0.3022704466666667,0.0
red1,3,8.0,cwz_joint,4,60,configuration,1024,16,0.125,3,10,10,0,1,16,749,0,0.0,44940,2262,0.05033377837116155,0,0.2579110816666667,0.0
red1,3,8.0,lite,4,60,configuration,1024,16,0.125,3,10,10,0,1,16,749,0,0.0,44940,2318,0.05157988429016466,0,0.09568506333333335,0.0
red1,3,8.0,ofdm_fec,4,60,configuration,1024,16,0.125,3,10,10,0,1,16,749,0,0.0,44940,2268,0.05046728971962617,0,0.07007323333333335,0.0
red1,3,8.0,pfft,4,60,configuration,1024,16,0.125,3,10,10,0,1,16,749,0,0.0,44940,2337,0.05200267022696929,0,0.07679282833333331,0.0
red1,3,8.0,profiled_cz,4,60,configuration,1024,16,0.125,3,10,10,0,1,16,749,0,0.0,44940,2262,0.05033377837116155,0,0.3442822766666667,0.0
red1,3,10.0,cwz_joint,4,60,configuration,1024,16,0.125,3,10,10,0,1,16,749,4,0.06666666666666667,44940,1055,0.023475745438362262,0,0.25009733833333336,51.566265060240966
red1,3,10.0,lite,4,60,configuration,1024,16,0.125,3,10,10,0,1,16,749,2,0.03333333333333333,44940,1075,0.02392078326657766,0,0.09574696333333335,25.783132530120483
red1,3,10.0,ofdm_fec,4,60,configuration,1024,16,0.125,3,10,10,0,1,16,749,2,0.03333333333333333,44940,1023,0.022763684913217622,0,0.07079455666666666,25.783132530120483
red1,3,10.0,pfft,4,60,configuration,1024,16,0.125,3,10,10,0,1,16,749,2,0.03333333333333333,44940,1059,0.023564753004005342,0,0.07336676666666665,25.783132530120483
red1,3,10.0,profiled_cz,4,60,configuration,1024,16,0.125,3,10,10,0,1,16,749,4,0.06666666666666667,44940,1056,0.02349799732977303,0,0.3162193916666666,51.566265060240966
red1,3,12.0,cwz_joint,4,60,configuration,1024,16,0.125,3,10,10,0,1,16,749,8,0.13333333333333333,44940,497,0.011059190031152648,0,0.2272462966666667,103.13253012048193
red1,3,12.0,lite,4,60,configuration,1024,16,0.125,3,10,10,0,1,16,749,7,0.11666666666666667,44940,514,0.011437472185135737,0,0.09342330833333334,90.24096385542168
red1,3,12.0,ofdm_fec,4,60,configuration,1024,16,0.125,3,10,10,0,1,16,749,7,0.11666666666666667,44940,481,0.01070315976858033,0,0.07342361166666667,90.24096385542168
red1,3,12.0,pfft,4,60,configuration,1024,16,0.125,3,10,10,0,1,16,749,7,0.11666666666666667,44940,513,0.011415220293724966,0,0.06757524333333334,90.24096385542168
red1,3,12.0,profiled_cz,4,60,configuration,1024,16,0.125,3,10,10,0,1,16,749,8,0.13333333333333333,44940,496,0.011036938139741877,0,0.28450206,103.13253012048193
red1,3,14.0,cwz_joint,4,60,configuration,1024,16,0.125,3,10,10,0,1,16,749,18,0.3,44940,268,0.005963506898086337,0,0.23924044166666664,232.04819277108433
red1,3,14.0,lite,4,60,configuration,1024,16,0.125,3,10,10,0,1,16,749,17,0.2833333333333333,44940,274,0.006097018246550957,0,0.08379809333333331,219.15662650602408
red1,3,14.0,ofdm_fec,4,60,configuration,1024,16,0.125,3,10,10,0,1,16,749,18,0.3,44940,248,0.005518469069870939,0,0.07304277999999999,232.04819277108433
red1,3,14.0,pfft,4,60,configuration,1024,16,0.125,3,10,10,0,1,16,749,17,0.2833333333333333,44940,276,0.006141522029372497,0,0.07306265833333334,219.15662650602408
red1,3,14.0,profiled_cz,4,60,configuration,1024,16,0.125,3,10,10,0,1,16,749,18,0.3,44940,267,0.0059412550066755675,0,0.25935626,232.04819277108433
red1,3,16.0,cwz_joint,4,60,configuration,1024,16,0.125,3,10,10,0,1,16,749,32,0.5333333333333333,44940,136,0.0030262572318647085,0,0.23613623499999997,412.5301204819277
red1,3,16.0,lite,4,60,configuration,1024,16,0.125,3,10,10,0,1,16,749,30,0.5,44940,131,0.002914997774810859,0,0.09959329333333336,386.7469879518072
red1,3,16.0,ofdm_fec,4,60,configuration,1024,16,0.125,3,10,10,0,1,16,749,32,0.5333333333333333,44940,131,0.002914997774810859,0,0.08366081333333335,412.5301204819277
red1,3,16.0,pfft,4,60,configuration,1024,16,0.125,3,10,10,0,1,16,749,30,0.5,44940,135,0.0030040053404539386,0,0.07487489499999998,386.7469879518072
red1,3,16.0,profiled_cz,4,60,configuration,1024,16,0.125,3,10,10,0,1,16,749,32,0.5333333333333333,44940,136,0.0030262572318647085,0,0.27528531166666675,412.5301204819277
red1,3,18.0,cwz_joint,4,60,configuration,1024,16,0.125,3,10,10,0,1,16,749,43,0.7166666666666667,44940,77,0.0017133956386292835,0,0.24217861333333332,554.3373493975904
red1,3,18.0,lite,4,60,configuration,1024,16,0.125,3,10,10,0,1,16,749,43,0.7166666666666667,44940,79,0.0017578994214508233,0,0.103061705,554.3373493975904
red1,3,18.0,ofdm_fec,4,60,configuration,1024,16,0.125,3,10,10,0,1,16,749,44,0.7333333333333333,44940,82,0.001824655095683133,0,0.06999408166666667,567.2289156626506
red1,3,18.0,pfft,4,60,configuration,1024,16,0.125,3,10,10,0,1,16,749,42,0.7,44940,82,0.001824655095683133,0,0.07753375166666668,541.4457831325301
red1,3,18.0,profiled_cz,4,60,configuration,1024,16,0.125,3,10,10,0,1,16,749,43,0.7166666666666667,44940,77,0.0017133956386292835,0,0.2848333583333334,554.3373493975904
red1,3,20.0,cwz_joint,4,60,configuration,1024,16,0.125,3,10,10,0,1,16,749,49,0.8166666666666667,44940,47,0.001045838896306186,0,0.21963258333333338,631.6867469879518
red1,3,20.0,lite,4,60,configuration,1024,16,0.125,3,10,10,0,1,16,749,49,0.8166666666666667,44940,48,0.001068090787716956,0,0.09651175,631.6867469879518
red1,3,20.0,ofdm_fec,4,60,configuration,1024,16,0.125,3,10,10,0,1,16,749,51,0.85,44940,46,0.0010235870048954162,0,0.07245329166666666,657.4698795180723
red1,3,20.0,pfft,4,60,configuration,1024,16,0.125,3,10,10,0,1,16,749,49,0.8166666666666667,44940,48,0.001068090787716956,0,0.068588235,631.6867469879518
red1,3,20.0,profiled_cz,4,60,configuration,1024,16,0.125,3,10,10,0,1,16,749,49,0.8166666666666667,44940,47,0.001045838896306186,0,0.2515444,631.6867469879518
red1,3,22.0,cwz_joint,4,60,configuration,1024,16,0.125,3,10,10,0,1,16,749,49,0.8166666666666667,44940,38,0.0008455718736092568,0,0.21758788166666665,631.6867469879518
red1,3,22.0,lite,4,60,configuration,1024,16,0.125,3,10,10,0,1,16,749,49,0.8166666666666667,44940,41,0.0009123275478415665,0,0.09663557000000003,631.6867469879518
red1,3,22.0,ofdm_fec,4,60,configuration,1024,16,0.125,3,10,10,0,1,16,749,51,0.85,44940,38,0.0008455718736092568,0,0.07510812499999998,657.4698795180723
red1,3,22.0,pfft,4,60,configuration,1024,16,0.125,3,10,10,0,1,16,749,50,0.8333333333333334,44940,40,0.0008900756564307966,0,0.07416048833333334,644.5783132530121
red1,3,22.0,profiled_cz,4,60,configuration,1024,16,0.125,3,10,10,0,1,16,749,49,0.8166666666666667,44940,38,0.0008455718736092568,0,0.23783920833333333,631.6867469879518
red1,3,24.0,cwz_joint,4,60,configuration,1024,16,0.125,3,10,10,0,1,16,749,53,0.8833333333333333,44940,27,0.0006008010680907878,0,0.23643285666666666,683.2530120481928
red1,3,24.0,lite,4,60,configuration,1024,16,0.125,3,10,10,0,1,16,749,53,0.8833333333333333,44940,28,0.0006230529595015577,0,0.08696446500000002,683.2530120481928
red1,3,24.0,ofdm_fec,4,60,configuration,1024,16,0.125,3,10,10,0,1,16,749,54,0.9,44940,28,0.0006230529595015577,0,0.06844789500000001,696.144578313253
red1,3,24.0,pfft,4,60,configuration,1024,16,0.125,3,10,10,0,1,16,749,53,0.8833333333333333,44940,29,0.0006453048509123276,0,0.06536381666666667,683.2530120481928
red1,3,24.0,profiled_cz,4,60,configuration,1024,16,0.125,3,10,10,0,1,16,749,53,0.8833333333333333,44940,27,0.0006008010680907878,0,0.23669036166666668,683.2530120481928
red1,3,26.0,cwz_joint,4,60,configuration,1024,16,0.125,3,10,10,0,1,16,749,53,0.8833333333333333,44940,25,0.0005562972852692479,0,0.21329165666666666,683.2530120481928
red1,3,26.0,lite,4,60,configuration,1024,16,0.125,3,10,10,0,1,16,749,53,0.8833333333333333,44940,26,0.0005785491766800178,0,0.08871965,683.2530120481928
red1,3,26.0,ofdm_fec,4,60,configuration,1024,16,0.125,3,10,10,0,1,16,749,55,0.9166666666666666,44940,22,0.0004895416110369382,0,0.065278565,709.0361445783133
red1,3,26.0,pfft,4,60,configuration,1024,16,0.125,3,10,10,0,1,16,749,53,0.8833333333333333,44940,27,0.0006008010680907878,0,0.06920554666666669,683.2530120481928
red1,3,26.0,profiled_cz,4,60,configuration,1024,16,0.125,3,10,10,0,1,16,749,53,0.8833333333333333,44940,25,0.0005562972852692479,0,0.2419467183333333,683.2530120481928
red1,3,28.0,cwz_joint,4,60,configuration,1024,16,0.125,3,10,10,0,1,16,749,53,0.8833333333333333,44940,21,0.00046728971962616824,0,0.21401416666666667,683.2530120481928
red1,3,28.0,lite,4,60,configuration,1024,16,0.125,3,10,10,0,1,16,749,53,0.8833333333333333,44940,20,0.0004450378282153983,0,0.09698315166666666,683.2530120481928
red1,3,28.0,ofdm_fec,4,60,configuration,1024,16,0.125,3,10,10,0,1,16,749,56,0.9333333333333333,44940,16,0.00035603026257231867,0,0.07062806833333334,721.9277108433735
red1,3,28.0,pfft,4,60,configuration,1024,16,0.125,3,10,10,0,1,16,749,53,0.8833333333333333,44940,20,0.0004450378282153983,0,0.08568242666666667,683.2530120481928
red1,3,28.0,profiled_cz,4,60,configuration,1024,16,0.125,3,10,10,0,1,16,749,53,0.8833333333333333,44940,21,0.00046728971962616824,0,0.2582193133333333,683.2530120481928
red1,3,30.0,cwz_joint,4,60,configuration,1024,16,0.125,3,10,10,0,1,16,749,54,0.9,44940,16,0.00035603026257231867,0,0.22599062666666667,696.144578313253
red1,3,30.0,lite,4,60,configuration,1024,16,0.125,3,10,10,0,1,16,749,54,0.9,44940,16,0.00035603026257231867,0,0.08664146166666664,696.144578313253
red1,3,30.0,ofdm_fec,4,60,configuration,1024,16,0.125,3,10,10,0,1,16,749,56,0.9333333333333333,44940,13,0.0002892745883400089,0,0.07648938833333335,721.9277108433735
red1,3,30.0,pfft,4,60,configuration,1024,16,0.125,3,10,10,0,1,16,749,54,0.9,44940,16,0.00035603026257231867,0,0.07344614166666667,696.144578313253
red1,3,30.0,profiled_cz,4,60,configuration,1024,16,0.125,3,10,10,0,1,16,749,54,0.9,44940,16,0.00035603026257231867,0,0.2520186333333333,696.144578313253
red2,1,0.0,cwz_joint,4,60,configuration,1024,16,0.125,3,10,10,0,1,16,749,0,0.0,44940,16705,0.37171784601691144,0,0.27589748999999997,0.0
red2,1,0.0,lite,4,60,configuration,1024,16,0.125,3,10,10,0,1,16,749,0,0.0,44940,16881,0.37563417890520695,0,0.11090682333333333,0.0
red2,1,0.0,ofdm_fec,4,60,configuration,1024,16,0.125,3,10,10,0,1,16,749,0,0.0,44940,16918,0.37645749888740543,0,0.07278685166666667,0.0
red2,1,0.0,pfft,4,60,configuration,1024,16,0.125,3,10,10,0,1,16,749,0,0.0,44940,16831,0.3745215843346684,0,0.07506134833333333,0.0
red2,1,0.0,profiled_cz,4,60,configuration,1024,16,0.125,3,10,10,0,1,16,749,0,0.0,44940,16704,0.3716955941255007,0,0.34414454666666666,0.0
red2,1,2.0,cwz_joint,4,60,configuration,1024,16,0.125,3,10,10,0,1,16,749,0,0.0,44940,14259,0.3172897196261682,0,0.3020773283333334,0.0
red2,1,2.0,lite,4,60,configuration,1024,16,0.125,3,10,10,0,1,16,749,0,0.0,44940,14542,0.3235870048954161,0,0.10693141333333331,0.0
red2,1,2.0,ofdm_fec,4,60,configuration,1024,16,0.125,3,10,10,0,1,16,749,0,0.0,44940,14431,0.32111704494882065,0,0.07183674999999999,0.0
red2,1,2.0,pfft,4,60,configuration,1024,16,0.125,3,10,10,0,1,16,749,0,0.0,44940,14461,0.32178460169114376,0,0.07821406166666667,0.0
red2,1,2.0,profiled_cz,4,60,configuration,1024,16,0.125,3,10,10,0,1,16,749,0,0.0,44940,14263,0.3173787271918113,0,0.35083854499999995,0.0
red2,1,4.0,cwz_joint,4,60,configuration,1024,16,0.125,3,10,10,0,1,16,749,0,0.0,44940,11074,0.24641744548286604,0,0.2543620333333333,0.0
red2,1,4.0,lite,4,60,configuration,1024,16,0.125,3,10,10,0,1,16,749,0,0.0,44940,11424,0.2542056074766355,0,0.09626330000000001,0.0
red2,1,4.0,ofdm_fec,4,60,configuration,1024,16,0.125,3,10,10,0,1,16,749,0,0.0,44940,11194,0.24908767245215843,0,0.079966395,0.0
red2,1,4.0,pfft,4,60,configuration,1024,16,0.125,3,10,10,0,1,16,749,0,0.0,44940,11436,0.25447263017356475,0,0.06912118,0.0
red2,1,4.0,profiled_cz,4,60,configuration,1024,16,0.125,3,10,10,0,1,16,749,0,0.0,44940,11062,0.2461504227859368,0,0.32384562,0.0
red2,1,6.0,cwz_joint,4,60,configuration,1024,16,0.125,3,10,10,0,1,16,749,0,0.0,44940,7593,0.16895861148197597,0,0.270815495,0.0
red2,1,6.0,lite,4,60,configuration,1024,16,0.125,3,10,10,0,1,16,749,0,0.0,44940,7855,0.17478860703159768,0,0.09208777166666667,0.0
red2,1,6.0,ofdm_fec,4,60,configuration,1024,16,0.125,3,10,10,0,1,16,749,0,0.0,44940,7688,0.1710725411659991,0,0.06841964166666667,0.0
red2,1,6.0,pfft,4,60,configuration,1024,16,0.125,3,10,10,0,1,16,749,0,0.0,44940,7890,0.17556742323097463,0,0.06775301833333333,0.0
red2,1,6.0,profiled_cz,4,60,configuration,1024,16,0.125,3,10,10,0,1,16,749,0,0.0,44940,7585,0.16878059635068982,0,0.33234504166666673,0.0
red2,1,8.0,cwz_joint,4,60,configuration,1024,16,0.125,3,10,10,0,1,16,749,0,0.0,44940,4506,0.10026702269692923,0,0.2605809866666667,0.0
red2,1,8.0,lite,4,60,configuration,1024,16,0.125,3,10,10,0,1,16,749,0,0.0,44940,4571,0.10171339563862929,0,0.10110036499999998,0.0
red2,1,8.0,ofdm_fec,4,60,configuration,1024,16,0.125,3,10,10,0,1,16,749,0,0.0,44940,4514,0.1004450378282154,0,0.08388334666666665,0.0
red2,1,8.0,pfft,4,60,configuration,1024,16,0.125,3,10,10,0,1,16,749,0,0.0,44940,4587,0.1020694259012016,0,0.073728975,0.0
red2,1,8.0,profiled_cz,4,60,configuration,1024,16,0.125,3,10,10,0,1,16,749,0,0.0,44940,4505,0.10024477080551847,0,0.3270086883333333,0.0
red2,1,10.0,cwz_joint,4,60,configuration,1024,16,0.125,3,10,10,0,1,16,749,0,0.0,44940,2341,0.052091677792612374,0,0.28264856333333344,0.0
red2,1,10.0,lite,4,60,configuration,1024,16,0.125,3,10,10,0,1,16,749,0,0.0,44940,2371,0.052759234534935466,0,0.09581316166666666,0.0
red2,1,10.0,ofdm_fec,4,60,configuration,1024,16,0.125,3,10,10,0,1,16,749,0,0.0,44940,2319,0.051602136181575435,0,0.07417180166666666,0.0
red2,1,10.0,pfft,4,60,configuration,1024,16,0.125,3,10,10,0,1,16,749,0,0.0,44940,2369,0.05271473075211393,0,0.07459172666666666,0.0
red2,1,10.0,profiled_cz,4,60,configuration,1024,16,0.125,3,10,10,0,1,16,749,0,0.0,44940,2341,0.052091677792612374,0,0.330447215,0.0
red2,1,12.0,cwz_joint,4,60,configuration,1024,16,0.125,3,10,10,0,1,16,749,1,0.016666666666666666,44940,1225,0.027258566978193146,0,0.24411322666666663,12.891566265060241
red2,1,12.0,lite,4,60,configuration,1024,16,0.125,3,10,10,0,1,16,749,1,0.016666666666666666,44940,1222,0.027191811303960835,0,0.09123523166666665,12.891566265060241
red2,1,12.0,ofdm_fec,4,60,configuration,1024,16,0.125,3,10,10,0,1,16,749,2,0.03333333333333333,44940,1204,0.02679127725856698,0,0.08238582500000001,25.783132530120483
red2,1,12.0,pfft,4,60,configuration,1024,16,0.125,3,10,10,0,1,16,749,1,0.016666666666666666,44940,1227,0.027303070761014687,0,0.07044055833333335,12.891566265060241
red2,1,12.0,profiled_cz,4,60,configuration,1024,16,0.125,3,10,10,0,1,16,749,1,0.016666666666666666,44940,1226,0.027280818869603915,0,0.2901146599999999,12.891566265060241
red2,1,14.0,cwz_joint,4,60,configuration,1024,16,0.125,3,10,10,0,1,16,749,6,0.1,44940,593,0.01319537160658656,0,0.2358383333333333,77.34939759036145
red2,1,14.0,lite,4,60,configuration,1024,16,0.125,3,10,10,0,1,16,749,6,0.1,44940,587,0.01306186025812194,0,0.09871279833333332,77.34939759036145
red2,1,14.0,ofdm_fec,4,60,configuration,1024,16,0.125,3,10,10,0,1,16,749,6,0.1,44940,581,0.012928348909657321,0,0.07700568333333337,77.34939759036145
red2,1,14.0,pfft,4,60,configuration,1024,16,0.125,3,10,10,0,1,16,749,6,0.1,44940,584,0.012995104583889631,0,0.070245325,77.34939759036145
red2,1,14.0,profiled_cz,4,60,configuration,1024,16,0.125,3,10,10,0,1,16,749,6,0.1,44940,594,0.01321762349799733,0,0.2837225483333333,77.34939759036145
red2,1,16.0,cwz_joint,4,60,configuration,1024,16,0.125,3,10,10,0,1,16,749,14,0.23333333333333334,44940,315,0.007009345794392523,0,0.23999480833333336,180.48192771084337
red2,1,16.0,lite,4,60,configuration,1024,16,0.125,3,10,10,0,1,16,749,13,0.21666666666666667,44940,315,0.007009345794392523,0,0.09364355500000003,167.59036144578312
red2,1,16.0,ofdm_fec,4,60,configuration,1024,16,0.125,3,10,10,0,1,16,749,13,0.21666666666666667,44940,296,0.006586559857587895,0,0.08005844833333334,167.59036144578312
red2,1,16.0,pfft,4,60,configuration,1024,16,0.125,3,10,10,0,1,16,749,13,0.21666666666666667,44940,315,0.007009345794392523,0,0.067664195,167.59036144578312
red2,1,16.0,profiled_cz,4,60,configuration,1024,16,0.125,3,10,10,0,1,16,749,14,0.23333333333333334,44940,315,0.007009345794392523,0,0.292699475,180.48192771084337
red2,1,18.0,cwz_joint,4,60,configuration,1024,16,0.125,3,10,10,0,1,16,749,24,0.4,44940,203,0.004517133956386293,0,0.2473549366666666,309.3975903614458
red2,1,18.0,lite,4,60,configuration,1024,16,0.125,3,10,10,0,1,16,749,21,0.35,44940,203,0.004517133956386293,0,0.09488868833333336,270.72289156626505
red2,1,18.0,ofdm_fec,4,60,configuration,1024,16,0.125,3,10,10,0,1,16,749,23,0.38333333333333336,44940,202,0.004494882064975523,0,0.07627666166666666,296.50602409638554
red2,1,18.0,pfft,4,60,configuration,1024,16,0.125,3,10,10,0,1,16,749,21,0.35,44940,203,0.004517133956386293,0,0.07088793833333336,270.72289156626505
red2,1,18.0,profiled_cz,4,60,configuration,1024,16,0.125,3,10,10,0,1,16,749,23,0.38333333333333336,44940,203,0.004517133956386293,0,0.27162470333333333,296.50602409638554
red2,1,20.0,cwz_joint,4,60,configuration,1024,16,0.125,3,10,10,0,1,16,749,26,0.43333333333333335,44940,163,0.003627058299955496,0,0.2372340566666667,335.18072289156623
red2,1,20.0,lite,4,60,configuration,1024,16,0.125,3,10,10,0,1,16,749,26,0.43333333333333335,44940,163,0.003627058299955496,0,0.09414607333333332,335.18072289156623
red2,1,20.0,ofdm_fec,4,60,configuration,1024,16,0.125,3,10,10,0,1,16,749,26,0.43333333333333335,44940,158,0.0035157988429016466,0,0.06639783833333333,335.18072289156623
red2,1,20.0,pfft,4,60,configuration,1024,16,0.125,3,10,10,0,1,16,749,26,0.43333333333333335,44940,163,0.003627058299955496,0,0.068919035,335.18072289156623
red2,1,20.0,profiled_cz,4,60,configuration,1024,16,0.125,3,10,10,0,1,16,749,26,0.43333333333333335,44940,163,0.003627058299955496,0,0.2617631516666667,335.18072289156623
red2,1,22.0,cwz_joint,4,60,configuration,1024,16,0.125,3,10,10,0,1,16,749,31,0.5166666666666667,44940,119,0.00264797507788162,0,0.22498160166666667,399.6385542168675
red2,1,22.0,lite,4,60,configuration,1024,16,0.125,3,10,10,0,1,16,749,31,0.5166666666666667,44940,119,0.00264797507788162,0,0.09405385333333331,399.6385542168675
red2,1,22.0,ofdm_fec,4,60,configuration,1024,16,0.125,3,10,10,0,1,16,749,31,0.5166666666666667,44940,111,0.0024699599465954607,0,0.08124161666666666,399.6385542168675
red2,1,22.0,pfft,4,60,configuration,1024,16,0.125,3,10,10,0,1,16,749,31,0.5166666666666667,44940,120,0.0026702269692923898,0,0.07398359833333333,399.6385542168675
red2,1,22.0,profiled_cz,4,60,configuration,1024,16,0.125,3,10,10,0,1,16,749,31,0.5166666666666667,44940,119,0.00264797507788162,0,0.23571400000000006,399.6385542168675
red2,1,24.0,cwz_joint,4,60,configuration,1024,16,0.125,3,10,10,0,1,16,749,36,0.6,44940,85,0.0018914107699154429,0,0.215336985,464.09638554216866
red2,1,24.0,lite,4,60,configuration,1024,16,0.125,3,10,10,0,1,16,749,36,0.6,44940,87,0.0019359145527369827,0,0.08766598333333335,464.09638554216866
red2,1,24.0,ofdm_fec,4,60,configuration,1024,16,0.125,3,10,10,0,1,16,749,37,0.6166666666666667,44940,80,0.0017801513128615932,0,0.07877333166666668,476.9879518072289
red2,1,24.0,pfft,4,60,configuration,1024,16,0.125,3,10,10,0,1,16,749,36,0.6,44940,89,0.0019804183355585227,0,0.07958556666666669,464.09638554216866
red2,1,24.0,profiled_cz,4,60,configuration,1024,16,0.125,3,10,10,0,1,16,749,36,0.6,44940,85,0.0018914107699154429,0,0.23438544333333333,464.09638554216866
red2,1,26.0,cwz_joint,4,60,configuration,1024,16,0.125,3,10,10,0,1,16,749,38,0.6333333333333333,44940,72,0.0016021361815754338,0,0.22164373166666668,489.87951807228916
red2,1,26.0,lite,4,60,configuration,1024,16,0.125,3,10,10,0,1,16,749,38,0.6333333333333333,44940,74,0.0016466399643969738,0,0.08337043999999998,489.87951807228916
red2,1,26.0,ofdm_fec,4,60,configuration,1024,16,0.125,3,10,10,0,1,16,749,40,0.6666666666666666,44940,75,0.0016688918558077437,0,0.06269803333333333,515.6626506024096
red2,1,26.0,pfft,4,60,configuration,1024,16,0.125,3,10,10,0,1,16,749,38,0.6333333333333333,44940,75,0.0016688918558077437,0,0.06262505833333333,489.87951807228916
red2,1,26.0,profiled_cz,4,60,configuration,1024,16,0.125,3,10,10,0,1,16,749,38,0.6333333333333333,44940,72,0.0016021361815754338,0,0.24410009000000008,489.87951807228916
red2,1,28.0,cwz_joint,4,60,configuration,1024,16,0.125,3,10,10,0,1,16,749,40,0.6666666666666666,44940,59,0.001312861593235425,0,0.21726220666666662,515.6626506024096
red2,1,28.0,lite,4,60,configuration,1024,16,0.125,3,10,10,0,1,16,749,39,0.65,44940,62,0.0013796172674677347,0,0.087034825,502.7710843373494
red2,1,28.0,ofdm_fec,4,60,configuration,1024,16,0.125,3,10,10,0,1,16,749,40,0.6666666666666666,44940,58,0.001290609701824655,0,0.06503168333333335,515.6626506024096
red2,1,28.0,pfft,4,60,configuration,1024,16,0.125,3,10,10,0,1,16,749,38,0.6333333333333333,44940,64,0.0014241210502892747,0,0.06743053833333333,489.87951807228916
red2,1,28.0,profiled_cz,4,60,configuration,1024,16,0.125,3,10,10,0,1,16,749,40,0.6666666666666666,44940,59,0.001312861593235425,0,0.25343232666666665,515.6626506024096
red2,1,30.0,cwz_joint,4,60,configuration,1024,16,0.125,3,10,10,0,1,16,749,42,0.7,44940,49,0.0010903426791277258,0,0.22706523999999995,541.4457831325301
red2,1,30.0,lite,4,60,configuration,1024,16,0.125,3,10,10,0,1,16,749,41,0.6833333333333333,44940,50,0.0011125945705384957,0,0.08920605000000001,528.5542168674699
red2,1,30.0,ofdm_fec,4,60,configuration,1024,16,0.125,3,10,10,0,1,16,749,41,0.6833333333333333,44940,51,0.0011348464619492656,0,0.06876663166666666,528.5542168674699
red2,1,30.0,pfft,4,60,configuration,1024,16,0.125,3,10,10,0,1,16,749,41,0.6833333333333333,44940,49,0.0010903426791277258,0,0.06428378500000001,528.5542168674699
red2,1,30.0,profiled_cz,4,60,configuration,1024,16,0.125,3,10,10,0,1,16,749,42,0.7,44940,49,0.0010903426791277258,0,0.2567792966666667,541.4457831325301
red2,2,0.0,cwz_joint,4,60,configuration,1024,16,0.125,3,10,10,0,1,16,749,0,0.0,44940,16023,0.35654205607476636,0,0.2803357816666667,0.0
red2,2,0.0,lite,4,60,configuration,1024,16,0.125,3,10,10,0,1,16,749,0,0.0,44940,16302,0.3627503337783712,0,0.09934575999999999,0.0
red2,2,0.0,ofdm_fec,4,60,configuration,1024,16,0.125,3,10,10,0,1,16,749,0,0.0,44940,16304,0.3627948375611927,0,0.07796585833333333,0.0
red2,2,0.0,pfft,4,60,configuration,1024,16,0.125,3,10,10,0,1,16,749,0,0.0,44940,16259,0.3617935024477081,0,0.08142872999999999,0.0
red2,2,0.0,profiled_cz,4,60,configuration,1024,16,0.125,3,10,10,0,1,16,749,0,0.0,44940,16027,0.3566310636404094,0,0.32417854000000007,0.0
red2,2,2.0,cwz_joint,4,60,configuration,1024,16,0.125,3,10,10,0,1,16,749,0,0.0,44940,13342,0.2968847352024922,0,0.29099685333333336,0.0
red2,2,2.0,lite,4,60,configuration,1024,16,0.125,3,10,10,0,1,16,749,0,0.0,44940,13593,0.3024699599465955,0,0.102941135,0.0
red2,2,2.0,ofdm_fec,4,60,configuration,1024,16,0.125,3,10,10,0,1,16,749,0,0.0,44940,13523,0.3009123275478416,0,0.07733296833333334,0.0
red2,2,2.0,pfft,4,60,configuration,1024,16,0.125,3,10,10,0,1,16,749,0,0.0,44940,13605,0.3027369826435247,0,0.08294265166666667,0.0
red2,2,2.0,profiled_cz,4,60,configuration,1024,16,0.125,3,10,10,0,1,16,749,0,0.0,44940,13328,0.29657320872274145,0,0.3373904033333333,0.0
red2,2,4.0,cwz_joint,4,60,configuration,1024,16,0.125,3,10,10,0,1,16,749,0,0.0,44940,9898,0.22024922118380064,0,0.2526781,0.0
red2,2,4.0,lite,4,60,configuration,1024,16,0.125,3,10,10,0,1,16,749,0,0.0,44940,10244,0.22794837561192702,0,0.08493647166666668,0.0
red2,2,4.0,ofdm_fec,4,60,configuration,1024,16,0.125,3,10,10,0,1,16,749,0,0.0,44940,10307,0.2293502447708055,0,0.071897815,0.0
red2,2,4.0,pfft,4,60,configuration,1024,16,0.125,3,10,10,0,1,16,749,0,0.0,44940,10434,0.2321762349799733,0,0.07844476500000001,0.0
red2,2,4.0,profiled_cz,4,60,configuration,1024,16,0.125,3,10,10,0,1,16,749,0,0.0,44940,9894,0.22016021361815755,0,0.3439783249999999,0.0
red2,2,6.0,cwz_joint,4,60,configuration,1024,16,0.125,3,10,10,0,1,16,749,0,0.0,44940,6495,0.1445260347129506,0,0.2756337466666666,0.0
red2,2,6.0,lite,4,60,configuration,1024,16,0.125,3,10,10,0,1,16,749,0,0.0,44940,6737,0.14991099243435693,0,0.09632712833333333,0.0
red2,2,6.0,ofdm_fec,4,60,configuration,1024,16,0.125,3,10,10,0,1,16,749,0,0.0,44940,6610,0.14708500222518914,0,0.07874460999999999,0.0
red2,2,6.0,pfft,4,60,configuration,1024,16,0.125,3,10,10,0,1,16,749,0,0.0,44940,6768,0.1506008010680908,0,0.07357678499999998,0.0
red2,2,6.0,profiled_cz,4,60,configuration,1024,16,0.125,3,10,10,0,1,16,749,0,0.0,44940,6498,0.14459279038718292,0,0.34600908833333327,0.0
red2,2,8.0,cwz_joint,4,60,configuration,1024,16,0.125,3,10,10,0,1,16,749,0,0.0,44940,3724,0.08286604361370717,0,0.23533030500000002,0.0
red2,2,8.0,lite,4,60,configuration,1024,16,0.125,3,10,10,0,1,16,749,0,0.0,44940,3744,0.08331108144192256,0,0.09335717666666667,0.0
red2,2,8.0,ofdm_fec,4,60,configuration,1024,16,0.125,3,10,10,0,1,16,749,0,0.0,44940,3768,0.08384512683578105,0,0.064682325,0.0
red2,2,8.0,pfft,4,60,configuration,1024,16,0.125,3,10,10,0,1,16,749,0,0.0,44940,3758,0.08362260792167334,0,0.06948313666666667,0.0
red2,2,8.0,profiled_cz,4,60,configuration,1024,16,0.125,3,10,10,0,1,16,749,0,0.0,44940,3722,0.08282153983088562,0,0.30348925333333326,0.0
red2,2,10.0,cwz_joint,4,60,configuration,1024,16,0.125,3,10,10,0,1,16,749,0,0.0,44940,1883,0.04190031152647975,0,0.2736397100000001,0.0
red2,2,10.0,lite,4,60,configuration,1024,16,0.125,3,10,10,0,1,16,749,0,0.0,44940,1900,0.04227859368046284,0,0.09267844,0.0
red2,2,10.0,ofdm_fec,4,60,configuration,1024,16,0.125,3,10,10,0,1,16,749,0,0.0,44940,1889,0.04203382287494437,0,0.06906441000000002,0.0
red2,2,10.0,pfft,4,60,configuration,1024,16,0.125,3,10,10,0,1,16,749,0,0.0,44940,1906,0.042412105028927456,0,0.07576010333333333,0.0
red2,2,10.0,profiled_cz,4,60,configuration,1024,16,0.125,3,10,10,0,1,16,749,0,0.0,44940,1879,0.04181130396083667,0,0.31210658,0.0
red2,2,12.0,cwz_joint,4,60,configuration,1024,16,0.125,3,10,10,0,1,16,749,2,0.03333333333333333,44940,990,0.022029372496662217,0,0.23274367999999998,25.783132530120483
red2,2,12.0,lite,4,60,configuration,1024,16,0.125,3,10,10,0,1,16,749,2,0.03333333333333333,44940,984,0.021895861148197596,0,0.09669925666666666,25.783132530120483
red2,2,12.0,ofdm_fec,4,60,configuration,1024,16,0.125,3,10,10,0,1,16,749,1,0.016666666666666666,44940,1011,0.022496662216288384,0,0.080232365,12.891566265060241
red2,2,12.0,pfft,4,60,configuration,1024,16,0.125,3,10,10,0,1,16,749,2,0.03333333333333333,44940,995,0.022140631953716065,0,0.08230383999999998,25.783132530120483
red2,2,12.0,profiled_cz,4,60,configuration,1024,16,0.125,3,10,10,0,1,16,749,2,0.03333333333333333,44940,988,0.021984868713840675,0,0.28068625499999994,25.783132530120483
red2,2,14.0,cwz_joint,4,60,configuration,1024,16,0.125,3,10,10,0,1,16,749,8,0.13333333333333333,44940,516,0.011481975967957277,0,0.26002284,103.13253012048193
red2,2,14.0,lite,4,60,configuration,1024,16,0.125,3,10,10,0,1,16,749,9,0.15,44940,519,0.011548731642189586,0,0.10639640333333332,116.02409638554217
red2,2,14.0,ofdm_fec,4,60,configuration,1024,16,0.125,3,10,10,0,1,16,749,9,0.15,44940,486,0.010814419225634178,0,0.08208908,116.02409638554217
red2,2,14.0,pfft,4,60,configuration,1024,16,0.125,3,10,10,0,1,16,749,9,0.15,44940,518,0.011526479750778817,0,0.07875351166666666,116.02409638554217
red2,2,14.0,profiled_cz,4,60,configuration,1024,16,0.125,3,10,10,0,1,16,749,8,0.13333333333333333,44940,516,0.011481975967957277,0,0.28264334666666663,103.13253012048193
red2,2,16.0,cwz_joint,4,60,configuration,1024,16,0.125,3,10,10,0,1,16,749,22,0.36666666666666664,44940,276,0.006141522029372497,0,0.229525035,283.6144578313253
red2,2,16.0,lite,4,60,configuration,1024,16,0.125,3,10,10,0,1,16,749,22,0.36666666666666664,44940,279,0.006208277703604806,0,0.09883557833333333,283.6144578313253
red2,2,16.0,ofdm_fec,4,60,configuration,1024,16,0.125,3,10,10,0,1,16,749,20,0.3333333333333333,44940,276,0.006141522029372497,0,0.079117635,257.8313253012048
red2,2,16.0,pfft,4,60,configuration,1024,16,0.125,3,10,10,0,1,16,749,21,0.35,44940,288,0.006408544726301735,0,0.07783853999999998,270.72289156626505
red2,2,16.0,profiled_cz,4,60,configuration,1024,16,0.125,3,10,10,0,1,16,749,22,0.36666666666666664,44940,277,0.0061637739207832665,0,0.28678275833333333,283.6144578313253
red2,2,18.0,cwz_joint,4,60,configuration,1024,16,0.125,3,10,10,0,1,16,749,31,0.5166666666666667,44940,172,0.0038273253226524255,0,0.26094497,399.6385542168675
red2,2,18.0,lite,4,60,configuration,1024,16,0.125,3,10,10,0,1,16,749,30,0.5,44940,169,0.003760569648420116,0,0.10543114333333334,386.7469879518072
red2,2,18.0,ofdm_fec,4,60,configuration,1024,16,0.125,3,10,10,0,1,16,749,30,0.5,44940,170,0.0037828215398308857,0,0.08334819666666667,386.7469879518072
red2,2,18.0,pfft,4,60,configuration,1024,16,0.125,3,10,10,0,1,16,749,31,0.5166666666666667,44940,166,0.003693813974187806,0,0.092940375,399.6385542168675
red2,2,18.0,profiled_cz,4,60,configuration,1024,16,0.125,3,10,10,0,1,16,749,31,0.5166666666666667,44940,172,0.0038273253226524255,0,0.291607335,399.6385542168675
red2,2,20.0,cwz_joint,4,60,configuration,1024,16,0.125,3,10,10,0,1,16,749,36,0.6,44940,123,0.0027369826435246995,0,0.24568697333333323,464.09638554216866
red2,2,20.0,lite,4,60,configuration,1024,16,0.125,3,10,10,0,1,16,749,36,0.6,44940,122,0.0027147307521139296,0,0.09313519666666667,464.09638554216866
red2,2,20.0,ofdm_fec,4,60,configuration,1024,16,0.125,3,10,10,0,1,16,749,35,0.5833333333333334,44940,128,0.0028482421005785494,0,0.07107569333333336,451.2048192771084
red2,2,20.0,pfft,4,60,configuration,1024,16,0.125,3,10,10,0,1,16,749,35,0.5833333333333334,44940,124,0.0027592345349354694,0,0.06716262999999999,451.2048192771084
red2,2,20.0,profiled_cz,4,60,configuration,1024,16,0.125,3,10,10,0,1,16,749,36,0.6,44940,125,0.0027814864263462392,0,0.26702471666666666,464.09638554216866
red2,2,22.0,cwz_joint,4,60,configuration,1024,16,0.125,3,10,10,0,1,16,749,37,0.6166666666666667,44940,96,0.002136181575433912,0,0.2690750283333333,476.9879518072289
red2,2,22.0,lite,4,60,configuration,1024,16,0.125,3,10,10,0,1,16,749,38,0.6333333333333333,44940,94,0.002091677792612372,0,0.10820527999999999,489.87951807228916
red2,2,22.0,ofdm_fec,4,60,configuration,1024,16,0.125,3,10,10,0,1,16,749,38,0.6333333333333333,44940,94,0.002091677792612372,0,0.08582406333333335,489.87951807228916
red2,2,22.0,pfft,4,60,configuration,1024,16,0.125,3,10,10,0,1,16,749,38,0.6333333333333333,44940,94,0.002091677792612372,0,0.07768166000000003,489.87951807228916
red2,2,22.0,profiled_cz,4,60,configuration,1024,16,0.125,3,10,10,0,1,16,749,37,0.6166666666666667,44940,96,0.002136181575433912,0,0.2953576166666666,476.9879518072289
red2,2,24.0,cwz_joint,4,60,configuration,1024,16,0.125,3,10,10,0,1,16,749,41,0.6833333333333333,44940,80,0.0017801513128615932,0,0.22551908,528.5542168674699
red2,2,24.0,lite,4,60,configuration,1024,16,0.125,3,10,10,0,1,16,749,40,0.6666666666666666,44940,74,0.0016466399643969738,0,0.08862155333333338,515.6626506024096
red2,2,24.0,ofdm_fec,4,60,configuration,1024,16,0.125,3,10,10,0,1,16,749,40,0.6666666666666666,44940,76,0.0016911437472185136,0,0.08002676333333333,515.6626506024096
red2,2,24.0,pfft,4,60,configuration,1024,16,0.125,3,10,10,0,1,16,749,39,0.65,44940,76,0.0016911437472185136,0,0.07799750166666668,502.7710843373494
red2,2,24.0,profiled_cz,4,60,configuration,1024,16,0.125,3,10,10,0,1,16,749,41,0.6833333333333333,44940,80,0.0017801513128615932,0,0.283821635,528.5542168674699
red2,2,26.0,cwz_joint,4,60,configuration,1024,16,0.125,3,10,10,0,1,16,749,43,0.7166666666666667,44940,66,0.0014686248331108145,0,0.2689069066666666,554.3373493975904
red2,2,26.0,lite,4,60,configuration,1024,16,0.125,3,10,10,0,1,16,749,43,0.7166666666666667,44940,66,0.0014686248331108145,0,0.12264026,554.3373493975904
red2,2,26.0,ofdm_fec,4,60,configuration,1024,16,0.125,3,10,10,0,1,16,749,42,0.7,44940,70,0.001557632398753894,0,0.10017428000000002,541.4457831325301
red2,2,26.0,pfft,4,60,configuration,1024,16,0.125,3,10,10,0,1,16,749,42,0.7,44940,67,0.0014908767245215844,0,0.08413965666666665,541.4457831325301
red2,2,26.0,profiled_cz,4,60,configuration,1024,16,0.125,3,10,10,0,1,16,749,43,0.7166666666666667,44940,66,0.0014686248331108145,0,0.2886603699999999,554.3373493975904
red2,2,28.0,cwz_joint,4,60,configuration,1024,16,0.125,3,10,10,0,1,16,749,43,0.7166666666666667,44940,58,0.001290609701824655,0,0.21458694333333334,554.3373493975904
red2,2,28.0,lite,4,60,configuration,1024,16,0.125,3,10,10,0,1,16,749,43,0.7166666666666667,44940,60,0.0013351134846461949,0,0.08930747333333332,554.3373493975904
red2,2,28.0,ofdm_fec,4,60,configuration,1024,16,0.125,3,10,10,0,1,16,749,43,0.7166666666666667,44940,63,0.0014018691588785046,0,0.07532597333333334,554.3373493975904
red2,2,28.0,pfft,4,60,configuration,1024,16,0.125,3,10,10,0,1,16,749,42,0.7,44940,61,0.0013573653760569648,0,0.07870839833333335,541.4457831325301
red2,2,28.0,profiled_cz,4,60,configuration,1024,16,0.125,3,10,10,0,1,16,749,43,0.7166666666666667,44940,58,0.001290609701824655,0,0.27671900999999993,554.3373493975904
red2,2,30.0,cwz_joint,4,60,configuration,1024,16,0.125,3,10,10,0,1,16,749,43,0.7166666666666667,44940,54,0.0012016021361815755,0,0.265488755,554.3373493975904
red2,2,30.0,lite,4,60,configuration,1024,16,0.125,3,10,10,0,1,16,749,43,0.7166666666666667,44940,52,0.0011570983533600355,0,0.11312810499999999,554.3373493975904
red2,2,30.0,ofdm_fec,4,60,configuration,1024,16,0.125,3,10,10,0,1,16,749,44,0.7333333333333333,44940,57,0.0012683578104138852,0,0.08541994,567.2289156626506
red2,2,30.0,pfft,4,60,configuration,1024,16,0.125,3,10,10,0,1,16,749,42,0.7,44940,53,0.0011793502447708054,0,0.08309382166666664,541.4457831325301
red2,2,30.0,profiled_cz,4,60,configuration,1024,16,0.125,3,10,10,0,1,16,749,43,0.7166666666666667,44940,54,0.0012016021361815755,0,0.3318439916666667,554.3373493975904
red2,3,0.0,cwz_joint,4,60,configuration,1024,16,0.125,3,10,10,0,1,16,749,0,0.0,44940,15672,0.34873164218958613,0,0.27850281500000007,0.0
red2,3,0.0,lite,4,60,configuration,1024,16,0.125,3,10,10,0,1,16,749,0,0.0,44940,16026,0.35660881174899867,0,0.110886615,0.0
red2,3,0.0,ofdm_fec,4,60,configuration,1024,16,0.125,3,10,10,0,1,16,749,0,0.0,44940,15955,0.355028927458834,0,0.07261238166666667,0.0
red2,3,0.0,pfft,4,60,configuration,1024,16,0.125,3,10,10,0,1,16,749,0,0.0,44940,16078,0.3577659101023587,0,0.07472131833333334,0.0
red2,3,0.0,profiled_cz,4,60,configuration,1024,16,0.125,3,10,10,0,1,16,749,0,0.0,44940,15680,0.34890965732087226,0,0.34229421333333326,0.0
red2,3,2.0,cwz_joint,4,60,configuration,1024,16,0.125,3,10,10,0,1,16,749,0,0.0,44940,13025,0.28983088562527815,0,0.30016135666666666,0.0
red2,3,2.0,lite,4,60,configuration,1024,16,0.125,3,10,10,0,1,16,749,0,0.0,44940,13216,0.2940809968847352,0,0.11446972833333331,0.0
red2,3,2.0,ofdm_fec,4,60,configuration,1024,16,0.125,3,10,10,0,1,16,749,0,0.0,44940,13336,0.2967512238540276,0,0.08672730333333331,0.0
red2,3,2.0,pfft,4,60,configuration,1024,16,0.125,3,10,10,0,1,16,749,0,0.0,44940,13335,0.2967289719626168,0,0.08672206,0.0
red2,3,2.0,profiled_cz,4,60,configuration,1024,16,0.125,3,10,10,0,1,16,749,0,0.0,44940,13019,0.2896973742768135,0,0.40534790833333323,0.0
red2,3,4.0,cwz_joint,4,60,configuration,1024,16,0.125,3,10,10,0,1,16,749,0,0.0,44940,9762,0.2172229639519359,0,0.29761304666666655,0.0
red2,3,4.0,lite,4,60,configuration,1024,16,0.125,3,10,10,0,1,16,749,0,0.0,44940,9995,0.2224076546506453,0,0.11454203166666667,0.0
red2,3,4.0,ofdm_fec,4,60,configuration,1024,16,0.125,3,10,10,0,1,16,749,0,0.0,44940,9876,0.21975967957276368,0,0.086330135,0.0
red2,3,4.0,pfft,4,60,configuration,1024,16,0.125,3,10,10,0,1,16,749,0,0.0,44940,10003,0.22258566978193148,0,0.08422094833333335,0.0
red2,3,4.0,profiled_cz,4,60,configuration,1024,16,0.125,3,10,10,0,1,16,749,0,0.0,44940,9777,0.21755674232309746,0,0.38415271500000003,0.0
red2,3,6.0,cwz_joint,4,60,configuration,1024,16,0.125,3,10,10,0,1,16,749,0,0.0,44940,6510,0.14485981308411214,0,0.2810278333333333,0.0
red2,3,6.0,lite,4,60,configuration,1024,16,0.125,3,10,10,0,1,16,749,0,0.0,44940,6627,0.14746328437917222,0,0.10006394833333333,0.0
red2,3,6.0,ofdm_fec,4,60,configuration,1024,16,0.125,3,10,10,0,1,16,749,0,0.0,44940,6598,0.1468179795282599,0,0.07711305833333332,0.0
red2,3,6.0,pfft,4,60,configuration,1024,16,0.125,3,10,10,0,1,16,749,0,0.0,44940,6705,0.1491989319092123,0,0.07031345833333334,0.0
red2,3,6.0,profiled_cz,4,60,configuration,1024,16,0.125,3,10,10,0,1,16,749,0,0.0,44940,6512,0.1449043168669337,0,0.3360190233333333,0.0
red2,3,8.0,cwz_joint,4,60,configuration,1024,16,0.125,3,10,10,0,1,16,749,0,0.0,44940,3740,0.08322207387627949,0,0.26216970333333334,0.0
red2,3,8.0,lite,4,60,configuration,1024,16,0.125,3,10,10,0,1,16,749,0,0.0,44940,3836,0.0853582554517134,0,0.09390453500000003,0.0
red2,3,8.0,ofdm_fec,4,60,configuration,1024,16,0.125,3,10,10,0,1,16,749,0,0.0,44940,3831,0.08524699599465954,0,0.07818732666666667,0.0
red2,3,8.0,pfft,4,60,configuration,1024,16,0.125,3,10,10,0,1,16,749,0,0.0,44940,3938,0.08762794837561193,0,0.07505888999999999,0.0
red2,3,8.0,profiled_cz,4,60,configuration,1024,16,0.125,3,10,10,0,1,16,749,0,0.0,44940,3740,0.08322207387627949,0,0.3094558066666666,0.0
red2,3,10.0,cwz_joint,4,60,configuration,1024,16,0.125,3,10,10,0,1,16,749,0,0.0,44940,2096,0.046639964396973745,0,0.27743900499999996,0.0
red2,3,10.0,lite,4,60,configuration,1024,16,0.125,3,10,10,0,1,16,749,0,0.0,44940,2125,0.04728526924788607,0,0.11118734666666667,0.0
red2,3,10.0,ofdm_fec,4,60,configuration,1024,16,0.125,3,10,10,0,1,16,749,0,0.0,44940,2078,0.04623943035157988,0,0.08307657333333335,0.0
red2,3,10.0,pfft,4,60,configuration,1024,16,0.125,3,10,10,0,1,16,749,0,0.0,44940,2118,0.047129506008010684,0,0.08988145166666664,0.0
red2,3,10.0,profiled_cz,4,60,configuration,1024,16,0.125,3,10,10,0,1,16,749,0,0.0,44940,2100,0.04672897196261682,0,0.3473265933333334,0.0
red2,3,12.0,cwz_joint,4,60,configuration,1024,16,0.125,3,10,10,0,1,16,749,2,0.03333333333333333,44940,1130,0.025144637294170005,0,0.282520165,25.783132530120483
red2,3,12.0,lite,4,60,configuration,1024,16,0.125,3,10,10,0,1,16,749,2,0.03333333333333333,44940,1156,0.02572318647085002,0,0.10102860333333334,25.783132530120483
red2,3,12.0,ofdm_fec,4,60,configuration,1024,16,0.125,3,10,10,0,1,16,749,4,0.06666666666666667,44940,1114,0.024788607031597687,0,0.07801854666666666,51.566265060240966
red2,3,12.0,pfft,4,60,configuration,1024,16,0.125,3,10,10,0,1,16,749,2,0.03333333333333333,44940,1175,0.02614597240765465,0,0.08040752000000001,25.783132530120483
red2,3,12.0,profiled_cz,4,60,configuration,1024,16,0.125,3,10,10,0,1,16,749,2,0.03333333333333333,44940,1129,0.025122385402759236,0,0.33032404666666654,25.783132530120483
red2,3,14.0,cwz_joint,4,60,configuration,1024,16,0.125,3,10,10,0,1,16,749,11,0.18333333333333332,44940,630,0.014018691588785047,0,0.24025046833333336,141.80722891566265
red2,3,14.0,lite,4,60,configuration,1024,16,0.125,3,10,10,0,1,16,749,13,0.21666666666666667,44940,653,0.014530485091232755,0,0.10199494666666667,167.59036144578312
red2,3,14.0,ofdm_fec,4,60,configuration,1024,16,0.125,3,10,10,0,1,16,749,12,0.2,44940,617,0.013729417000445037,0,0.0783103533333333,154.6987951807229
red2,3,14.0,pfft,4,60,configuration,1024,16,0.125,3,10,10,0,1,16,749,12,0.2,44940,664,0.014775255896751225,0,0.07363935500000003,154.6987951807229
red2,3,14.0,profiled_cz,4,60,configuration,1024,16,0.125,3,10,10,0,1,16,749,11,0.18333333333333332,44940,630,0.014018691588785047,0,0.2995901166666666,141.80722891566265
red2,3,16.0,cwz_joint,4,60,configuration,1024,16,0.125,3,10,10,0,1,16,749,20,0.3333333333333333,44940,395,0.008789497107254117,0,0.24650794,257.8313253012048
red2,3,16.0,lite,4,60,configuration,1024,16,0.125,3,10,10,0,1,16,749,19,0.31666666666666665,44940,402,0.008945260347129506,0,0.10144065833333334,244.93975903614458
red2,3,16.0,ofdm_fec,4,60,configuration,1024,16,0.125,3,10,10,0,1,16,749,19,0.31666666666666665,44940,374,0.008322207387627949,0,0.07093097166666666,244.93975903614458
red2,3,16.0,pfft,4,60,configuration,1024,16,0.125,3,10,10,0,1,16,749,19,0.31666666666666665,44940,413,0.009190031152647975,0,0.07743488333333336,244.93975903614458
red2,3,16.0,profiled_cz,4,60,configuration,1024,16,0.125,3,10,10,0,1,16,749,20,0.3333333333333333,44940,395,0.008789497107254117,0,0.2803321183333333,257.8313253012048
red2,3,18.0,cwz_joint,4,60,configuration,1024,16,0.125,3,10,10,0,1,16,749,23,0.38333333333333336,44940,264,0.005874499332443258,0,0.25519021833333333,296.50602409638554
red2,3,18.0,lite,4,60,configuration,1024,16,0.125,3,10,10,0,1,16,749,23,0.38333333333333336,44940,281,0.006252781486426346,0,0.09406119833333333,296.50602409638554
red2,3,18.0,ofdm_fec,4,60,configuration,1024,16,0.125,3,10,10,0,1,16,749,22,0.36666666666666664,44940,256,0.005696484201157099,0,0.07937955000000003,283.6144578313253
red2,3,18.0,pfft,4,60,configuration,1024,16,0.125,3,10,10,0,1,16,749,23,0.38333333333333336,44940,276,0.006141522029372497,0,0.07597603666666666,296.50602409638554
red2,3,18.0,profiled_cz,4,60,configuration,1024,16,0.125,3,10,10,0,1,16,749,23,0.38333333333333336,44940,264,0.005874499332443258,0,0.2889383216666667,296.50602409638554
red2,3,20.0,cwz_joint,4,60,configuration,1024,16,0.125,3,10,10,0,1,16,749,28,0.4666666666666667,44940,189,0.004205607476635514,0,0.25268261,360.96385542168673
red2,3,20.0,lite,4,60,configuration,1024,16,0.125,3,10,10,0,1,16,749,27,0.45,44940,189,0.004205607476635514,0,0.1140908566666667,348.0722891566265
red2,3,20.0,ofdm_fec,4,60,configuration,1024,16,0.125,3,10,10,0,1,16,749,27,0.45,44940,185,0.0041165999109924346,0,0.08961135666666667,348.0722891566265
red2,3,20.0,pfft,4,60,configuration,1024,16,0.125,3,10,10,0,1,16,749,27,0.45,44940,194,0.004316866933689364,0,0.09408766666666665,348.0722891566265
red2,3,20.0,profiled_cz,4,60,configuration,1024,16,0.125,3,10,10,0,1,16,749,28,0.4666666666666667,44940,189,0.004205607476635514,0,0.2746298833333333,360.96385542168673
red2,3,22.0,cwz_joint,4,60,configuration,1024,16,0.125,3,10,10,0,1,16,749,32,0.5333333333333333,44940,139,0.003093012906097018,0,0.249090075,412.5301204819277
red2,3,22.0,lite,4,60,configuration,1024,16,0.125,3,10,10,0,1,16,749,30,0.5,44940,139,0.003093012906097018,0,0.09668452333333333,386.7469879518072
red2,3,22.0,ofdm_fec,4,60,configuration,1024,16,0.125,3,10,10,0,1,16,749,30,0.5,44940,130,0.002892745883400089,0,0.07559188666666669,386.7469879518072
red2,3,22.0,pfft,4,60,configuration,1024,16,0.125,3,10,10,0,1,16,749,30,0.5,44940,143,0.0031820204717400978,0,0.08190604833333334,386.7469879518072
red2,3,22.0,profiled_cz,4,60,configuration,1024,16,0.125,3,10,10,0,1,16,749,32,0.5333333333333333,44940,140,0.003115264797507788,0,0.2776380783333333,412.5301204819277
red2,3,24.0,cwz_joint,4,60,configuration,1024,16,0.125,3,10,10,0,1,16,749,34,0.5666666666666667,44940,111,0.0024699599465954607,0,0.22675294333333335,438.31325301204816
red2,3,24.0,lite,4,60,configuration,1024,16,0.125,3,10,10,0,1,16,749,35,0.5833333333333334,44940,112,0.0024922118380062306,0,0.1138031716666667,451.2048192771084
red2,3,24.0,ofdm_fec,4,60,configuration,1024,16,0.125,3,10,10,0,1,16,749,34,0.5666666666666667,44940,108,0.002403204272363151,0,0.07830144833333333,438.31325301204816
red2,3,24.0,pfft,4,60,configuration,1024,16,0.125,3,10,10,0,1,16,749,35,0.5833333333333334,44940,112,0.0024922118380062306,0,0.07954896166666667,451.2048192771084
red2,3,24.0,profiled_cz,4,60,configuration,1024,16,0.125,3,10,10,0,1,16,749,34,0.5666666666666667,44940,111,0.0024699599465954607,0,0.28065443,438.31325301204816
red2,3,26.0,cwz_joint,4,60,configuration,1024,16,0.125,3,10,10,0,1,16,749,37,0.6166666666666667,44940,91,0.0020249221183800624,0,0.23600763000000002,476.9879518072289
red2,3,26.0,lite,4,60,configuration,1024,16,0.125,3,10,10,0,1,16,749,37,0.6166666666666667,44940,95,0.002113929684023142,0,0.10004864166666665,476.9879518072289
red2,3,26.0,ofdm_fec,4,60,configuration,1024,16,0.125,3,10,10,0,1,16,749,36,0.6,44940,89,0.0019804183355585227,0,0.07507965000000001,464.09638554216866
red2,3,26.0,pfft,4,60,configuration,1024,16,0.125,3,10,10,0,1,16,749,37,0.6166666666666667,44940,94,0.002091677792612372,0,0.08465212666666666,476.9879518072289
red2,3,26.0,profiled_cz,4,60,configuration,1024,16,0.125,3,10,10,0,1,16,749,37,0.6166666666666667,44940,93,0.0020694259012016022,0,0.2835678066666667,476.9879518072289
red2,3,28.0,cwz_joint,4,60,configuration,1024,16,0.125,3,10,10,0,1,16,749,40,0.6666666666666666,44940,89,0.0019804183355585227,0,0.25613437666666666,515.6626506024096
red2,3,28.0,lite,4,60,configuration,1024,16,0.125,3,10,10,0,1,16,749,40,0.6666666666666666,44940,93,0.0020694259012016022,0,0.10233544666666666,515.6626506024096
red2,3,28.0,ofdm_fec,4,60,configuration,1024,16,0.125,3,10,10,0,1,16,749,39,0.65,44940,83,0.001846906987093903,0,0.08280682999999998,502.7710843373494
red2,3,28.0,pfft,4,60,configuration,1024,16,0.125,3,10,10,0,1,16,749,40,0.6666666666666666,44940,94,0.002091677792612372,0,0.07603673500000001,515.6626506024096
red2,3,28.0,profiled_cz,4,60,configuration,1024,16,0.125,3,10,10,0,1,16,749,40,0.6666666666666666,44940,89,0.0019804183355585227,0,0.27423173666666667,515.6626506024096
red2,3,30.0,cwz_joint,4,60,configuration,1024,16,0.125,3,10,10,0,1,16,749,40,0.6666666666666666,44940,76,0.0016911437472185136,0,0.23117200833333337,515.6626506024096
red2,3,30.0,lite,4,60,configuration,1024,16,0.125,3,10,10,0,1,16,749,41,0.6833333333333333,44940,76,0.0016911437472185136,0,0.094893875,528.5542168674699
red2,3,30.0,ofdm_fec,4,60,configuration,1024,16,0.125,3,10,10,0,1,16,749,41,0.6833333333333333,44940,76,0.0016911437472185136,0,0.08128845666666668,528.5542168674699
red2,3,30.0,pfft,4,60,configuration,1024,16,0.125,3,10,10,0,1,16,749,41,0.6833333333333333,44940,73,0.001624388072986204,0,0.07738663,528.5542168674699
red2,3,30.0,profiled_cz,4,60,configuration,1024,16,0.125,3,10,10,0,1,16,749,40,0.6666666666666666,44940,76,0.0016911437472185136,0,0.2662274533333333,515.6626506024096
red3,1,0.0,cwz_joint,4,60,configuration,1024,16,0.125,3,10,10,0,1,16,749,0,0.0,44940,16117,0.35863373386737873,0,0.31231059833333336,0.0
red3,1,0.0,lite,4,60,configuration,1024,16,0.125,3,10,10,0,1,16,749,0,0.0,44940,16243,0.3614374721851357,0,0.11586362666666665,0.0
red3,1,0.0,ofdm_fec,4,60,configuration,1024,16,0.125,3,10,10,0,1,16,749,0,0.0,44940,16130,0.35892300845571873,0,0.0817151466666667,0.0
red3,1,0.0,pfft,4,60,configuration,1024,16,0.125,3,10,10,0,1,16,749,0,0.0,44940,16310,0.3629283489096573,0,0.09083317833333335,0.0
red3,1,0.0,profiled_cz,4,60,configuration,1024,16,0.125,3,10,10,0,1,16,749,0,0.0,44940,16114,0.3585669781931464,0,0.3821218349999999,0.0
red3,1,2.0,cwz_joint,4,60,configuration,1024,16,0.125,3,10,10,0,1,16,749,0,0.0,44940,13187,0.29343569203382286,0,0.3029522266666667,0.0
red3,1,2.0,lite,4,60,configuration,1024,16,0.125,3,10,10,0,1,16,749,0,0.0,44940,13455,0.2993991989319092,0,0.109001485,0.0
red3,1,2.0,ofdm_fec,4,60,configuration,1024,16,0.125,3,10,10,0,1,16,749,0,0.0,44940,13452,0.2993324432576769,0,0.08485601166666666,0.0
red3,1,2.0,pfft,4,60,configuration,1024,16,0.125,3,10,10,0,1,16,749,0,0.0,44940,13502,0.3004450378282154,0,0.08144859,0.0
red3,1,2.0,profiled_cz,4,60,configuration,1024,16,0.125,3,10,10,0,1,16,749,0,0.0,44940,13174,0.29314641744548287,0,0.3809476016666666,0.0
red3,1,4.0,cwz_joint,4,60,configuration,1024,16,0.125,3,10,10,0,1,16,749,0,0.0,44940,9673,0.2152425456163774,0,0.2693476316666667,0.0
red3,1,4.0,lite,4,60,configuration,1024,16,0.125,3,10,10,0,1,16,749,0,0.0,44940,9871,0.21964842011570984,0,0.10899907166666667,0.0
red3,1,4.0,ofdm_fec,4,60,configuration,1024,16,0.125,3,10,10,0,1,16,749,0,0.0,44940,9867,0.21955941255006675,0,0.08106063833333335,0.0
red3,1,4.0,pfft,4,60,configuration,1024,16,0.125,3,10,10,0,1,16,749,0,0.0,44940,9913,0.22058299955496216,0,0.07956941499999999,0.0
red3,1,4.0,profiled_cz,4,60,configuration,1024,16,0.125,3,10,10,0,1,16,749,0,0.0,44940,9674,0.21526479750778815,0,0.34121678500000013,0.0
red3,1,6.0,cwz_joint,4,60,configuration,1024,16,0.125,3,10,10,0,1,16,749,0,0.0,44940,6054,0.13471295060080107,0,0.27001658,0.0
red3,1,6.0,lite,4,60,configuration,1024,16,0.125,3,10,10,0,1,16,749,0,0.0,44940,6217,0.13834000890075657,0,0.09746058000000003,0.0
red3,1,6.0,ofdm_fec,4,60,configuration,1024,16,0.125,3,10,10,0,1,16,749,0,0.0,44940,6114,0.13604806408544726,0,0.085996595,0.0
red3,1,6.0,pfft,4,60,configuration,1024,16,0.125,3,10,10,0,1,16,749,0,0.0,44940,6252,0.13911882510013351,0,0.08079549,0.0
red3,1,6.0,profiled_cz,4,60,configuration,1024,16,0.125,3,10,10,0,1,16,749,0,0.0,44940,6055,0.13473520249221183,0,0.3480065033333332,0.0
red3,1,8.0,cwz_joint,4,60,configuration,1024,16,0.125,3,10,10,0,1,16,749,0,0.0,44940,2998,0.06671117044948821,0,0.3285385099999999,0.0
red3,1,8.0,lite,4,60,configuration,1024,16,0.125,3,10,10,0,1,16,749,0,0.0,44940,3074,0.06840231419670673,0,0.10867303666666667,0.0
red3,1,8.0,ofdm_fec,4,60,configuration,1024,16,0.125,3,10,10,0,1,16,749,0,0.0,44940,3054,0.06795727636849132,0,0.09738403333333334,0.0
red3,1,8.0,pfft,4,60,configuration,1024,16,0.125,3,10,10,0,1,16,749,0,0.0,44940,3061,0.0681130396083667,0,0.08982719,0.0
red3,1,8.0,profiled_cz,4,60,configuration,1024,16,0.125,3,10,10,0,1,16,749,0,0.0,44940,3002,0.06680017801513129,0,0.3707011883333332,0.0
red3,1,10.0,cwz_joint,4,60,configuration,1024,16,0.125,3,10,10,0,1,16,749,0,0.0,44940,1313,0.0292167334223409,0,0.29738854000000003,0.0
red3,1,10.0,lite,4,60,configuration,1024,16,0.125,3,10,10,0,1,16,749,1,0.016666666666666666,44940,1348,0.029995549621717847,0,0.11646185166666666,12.891566265060241
red3,1,10.0,ofdm_fec,4,60,configuration,1024,16,0.125,3,10,10,0,1,16,749,1,0.016666666666666666,44940,1319,0.029350244770805518,0,0.09987528333333334,12.891566265060241
red3,1,10.0,pfft,4,60,configuration,1024,16,0.125,3,10,10,0,1,16,749,1,0.016666666666666666,44940,1335,0.029706275033377836,0,0.08723583000000001,12.891566265060241
red3,1,10.0,profiled_cz,4,60,configuration,1024,16,0.125,3,10,10,0,1,16,749,0,0.0,44940,1313,0.0292167334223409,0,0.36128137833333335,0.0
red3,1,12.0,cwz_joint,4,60,configuration,1024,16,0.125,3,10,10,0,1,16,749,2,0.03333333333333333,44940,560,0.012461059190031152,0,0.2488148516666667,25.783132530120483
red3,1,12.0,lite,4,60,configuration,1024,16,0.125,3,10,10,0,1,16,749,3,0.05,44940,563,0.012527814864263463,0,0.10564188333333334,38.674698795180724
red3,1,12.0,ofdm_fec,4,60,configuration,1024,16,0.125,3,10,10,0,1,16,749,3,0.05,44940,553,0.012305295950155764,0,0.08022593166666664,38.674698795180724
red3,1,12.0,pfft,4,60,configuration,1024,16,0.125,3,10,10,0,1,16,749,3,0.05,44940,557,0.012394303515798843,0,0.08768930333333333,38.674698795180724
red3,1,12.0,profiled_cz,4,60,configuration,1024,16,0.125,3,10,10,0,1,16,749,2,0.03333333333333333,44940,560,0.012461059190031152,0,0.31311435666666665,25.783132530120483
red3,1,14.0,cwz_joint,4,60,configuration,1024,16,0.125,3,10,10,0,1,16,749,13,0.21666666666666667,44940,222,0.0049399198931909215,0,0.24953138833333335,167.59036144578312
red3,1,14.0,lite,4,60,configuration,1024,16,0.125,3,10,10,0,1,16,749,12,0.2,44940,226,0.005028927458834001,0,0.10416133833333333,154.6987951807229
red3,1,14.0,ofdm_fec,4,60,configuration,1024,16,0.125,3,10,10,0,1,16,749,14,0.23333333333333334,44940,210,0.004672897196261682,0,0.08771726333333335,180.48192771084337
red3,1,14.0,pfft,4,60,configuration,1024,16,0.125,3,10,10,0,1,16,749,13,0.21666666666666667,44940,226,0.005028927458834001,0,0.08054539333333335,167.59036144578312
red3,1,14.0,profiled_cz,4,60,configuration,1024,16,0.125,3,10,10,0,1,16,749,13,0.21666666666666667,44940,222,0.0049399198931909215,0,0.291807775,167.59036144578312
red3,1,16.0,cwz_joint,4,60,configuration,1024,16,0.125,3,10,10,0,1,16,749,24,0.4,44940,103,0.002291944815309301,0,0.2610586183333334,309.3975903614458
red3,1,16.0,lite,4,60,configuration,1024,16,0.125,3,10,10,0,1,16,749,24,0.4,44940,104,0.002314196706720071,0,0.09752061833333332,309.3975903614458
red3,1,16.0,ofdm_fec,4,60,configuration,1024,16,0.125,3,10,10,0,1,16,749,27,0.45,44940,97,0.002158433466844682,0,0.08644228166666663,348.0722891566265
red3,1,16.0,pfft,4,60,configuration,1024,16,0.125,3,10,10,0,1,16,749,25,0.4166666666666667,44940,103,0.002291944815309301,0,0.07218461999999999,322.28915662650604
red3,1,16.0,profiled_cz,4,60,configuration,1024,16,0.125,3,10,10,0,1,16,749,24,0.4,44940,104,0.002314196706720071,0,0.2962173983333333,309.3975903614458
red3,1,18.0,cwz_joint,4,60,configuration,1024,16,0.125,3,10,10,0,1,16,749,38,0.6333333333333333,44940,49,0.0010903426791277258,0,0.24962267666666665,489.87951807228916
red3,1,18.0,lite,4,60,configuration,1024,16,0.125,3,10,10,0,1,16,749,37,0.6166666666666667,44940,51,0.0011348464619492656,0,0.10385173666666668,476.9879518072289
red3,1,18.0,ofdm_fec,4,60,configuration,1024,16,0.125,3,10,10,0,1,16,749,37,0.6166666666666667,44940,50,0.0011125945705384957,0,0.08737933999999999,476.9879518072289
red3,1,18.0,pfft,4,60,configuration,1024,16,0.125,3,10,10,0,1,16,749,38,0.6333333333333333,44940,50,0.0011125945705384957,0,0.07029749833333332,489.87951807228916
red3,1,18.0,profiled_cz,4,60,configuration,1024,16,0.125,3,10,10,0,1,16,749,38,0.6333333333333333,44940,49,0.0010903426791277258,0,0.27969862333333334,489.87951807228916
red3,1,20.0,cwz_joint,4,60,configuration,1024,16,0.125,3,10,10,0,1,16,749,50,0.8333333333333334,44940,21,0.00046728971962616824,0,0.21842695500000003,644.5783132530121
red3,1,20.0,lite,4,60,configuration,1024,16,0.125,3,10,10,0,1,16,749,50,0.8333333333333334,44940,21,0.00046728971962616824,0,0.09795371166666665,644.5783132530121
red3,1,20.0,ofdm_fec,4,60,configuration,1024,16,0.125,3,10,10,0,1,16,749,48,0.8,44940,25,0.0005562972852692479,0,0.090889015,618.7951807228916
red3,1,20.0,pfft,4,60,configuration,1024,16,0.125,3,10,10,0,1,16,749,50,0.8333333333333334,44940,21,0.00046728971962616824,0,0.09084579833333335,644.5783132530121
red3,1,20.0,profiled_cz,4,60,configuration,1024,16,0.125,3,10,10,0,1,16,749,50,0.8333333333333334,44940,21,0.00046728971962616824,0,0.25218974,644.5783132530121
red3,1,22.0,cwz_joint,4,60,configuration,1024,16,0.125,3,10,10,0,1,16,749,51,0.85,44940,14,0.00031152647975077883,0,0.23609101500000002,657.4698795180723
red3,1,22.0,lite,4,60,configuration,1024,16,0.125,3,10,10,0,1,16,749,51,0.85,44940,14,0.00031152647975077883,0,0.09031438333333333,657.4698795180723
red3,1,22.0,ofdm_fec,4,60,configuration,1024,16,0.125,3,10,10,0,1,16,749,51,0.85,44940,17,0.00037828215398308856,0,0.07239830833333336,657.4698795180723
red3,1,22.0,pfft,4,60,configuration,1024,16,0.125,3,10,10,0,1,16,749,51,0.85,44940,14,0.00031152647975077883,0,0.06965984500000001,657.4698795180723
red3,1,22.0,profiled_cz,4,60,configuration,1024,16,0.125,3,10,10,0,1,16,749,51,0.85,44940,14,0.00031152647975077883,0,0.26032348499999997,657.4698795180723
red3,1,24.0,cwz_joint,4,60,configuration,1024,16,0.125,3,10,10,0,1,16,749,51,0.85,44940,13,0.0002892745883400089,0,0.23005404666666665,657.4698795180723
red3,1,24.0,lite,4,60,configuration,1024,16,0.125,3,10,10,0,1,16,749,51,0.85,44940,13,0.0002892745883400089,0,0.0887701083333333,657.4698795180723
red3,1,24.0,ofdm_fec,4,60,configuration,1024,16,0.125,3,10,10,0,1,16,749,51,0.85,44940,14,0.00031152647975077883,0,0.07193604833333332,657.4698795180723
red3,1,24.0,pfft,4,60,configuration,1024,16,0.125,3,10,10,0,1,16,749,51,0.85,44940,13,0.0002892745883400089,0,0.08159272666666668,657.4698795180723
red3,1,24.0,profiled_cz,4,60,configuration,1024,16,0.125,3,10,10,0,1,16,749,51,0.85,44940,13,0.0002892745883400089,0,0.26383266,657.4698795180723
red3,1,26.0,cwz_joint,4,60,configuration,1024,16,0.125,3,10,10,0,1,16,749,51,0.85,44940,11,0.0002447708055184691,0,0.22621183333333328,657.4698795180723
red3,1,26.0,lite,4,60,configuration,1024,16,0.125,3,10,10,0,1,16,749,51,0.85,44940,11,0.0002447708055184691,0,0.09066829000000001,657.4698795180723
red3,1,26.0,ofdm_fec,4,60,configuration,1024,16,0.125,3,10,10,0,1,16,749,53,0.8833333333333333,44940,9,0.00020026702269692923,0,0.07505839833333333,683.2530120481928
red3,1,26.0,pfft,4,60,configuration,1024,16,0.125,3,10,10,0,1,16,749,51,0.85,44940,11,0.0002447708055184691,0,0.070614545,657.4698795180723
red3,1,26.0,profiled_cz,4,60,configuration,1024,16,0.125,3,10,10,0,1,16,749,51,0.85,44940,11,0.0002447708055184691,0,0.26983419333333336,657.4698795180723
red3,1,28.0,cwz_joint,4,60,configuration,1024,16,0.125,3,10,10,0,1,16,749,51,0.85,44940,11,0.0002447708055184691,0,0.23168460166666666,657.4698795180723
red3,1,28.0,lite,4,60,configuration,1024,16,0.125,3,10,10,0,1,16,749,51,0.85,44940,11,0.0002447708055184691,0,0.09438539333333333,657.4698795180723
red3,1,28.0,ofdm_fec,4,60,configuration,1024,16,0.125,3,10,10,0,1,16,749,54,0.9,44940,8,0.00017801513128615933,0,0.06867623333333332,696.144578313253
red3,1,28.0,pfft,4,60,configuration,1024,16,0.125,3,10,10,0,1,16,749,51,0.85,44940,11,0.0002447708055184691,0,0.07990037666666665,657.4698795180723
red3,1,28.0,profiled_cz,4,60,configuration,1024,16,0.125,3,10,10,0,1,16,749,51,0.85,44940,11,0.0002447708055184691,0,0.25806070999999997,657.4698795180723
red3,1,30.0,cwz_joint,4,60,configuration,1024,16,0.125,3,10,10,0,1,16,749,52,0.8666666666666667,44940,9,0.00020026702269692923,0,0.23584702500000002,670.3614457831325
red3,1,30.0,lite,4,60,configuration,1024,16,0.125,3,10,10,0,1,16,749,53,0.8833333333333333,44940,8,0.00017801513128615933,0,0.10279613500000001,683.2530120481928
red3,1,30.0,ofdm_fec,4,60,configuration,1024,16,0.125,3,10,10,0,1,16,749,54,0.9,44940,7,0.00015576323987538941,0,0.07625217166666666,696.144578313253
red3,1,30.0,pfft,4,60,configuration,1024,16,0.125,3,10,10,0,1,16,749,53,0.8833333333333333,44940,8,0.00017801513128615933,0,0.07573013666666667,683.2530120481928
red3,1,30.0,profiled_cz,4,60,configuration,1024,16,0.125,3,10,10,0,1,16,749,52,0.8666666666666667,44940,9,0.00020026702269692923,0,0.251136805,670.3614457831325
red3,2,0.0,cwz_joint,4,60,configuration,1024,16,0.125,3,10,10,0,1,16,749,0,0.0,44940,14960,0.33288829550511795,0,0.28740858999999996,0.0
red3,2,0.0,lite,4,60,configuration,1024,16,0.125,3,10,10,0,1,16,749,0,0.0,44940,15127,0.33660436137071653,0,0.10104667166666666,0.0
red3,2,0.0,ofdm_fec,4,60,configuration,1024,16,0.125,3,10,10,0,1,16,749,0,0.0,44940,15261,0.3395861148197597,0,0.08594048666666668,0.0
red3,2,0.0,pfft,4,60,configuration,1024,16,0.125,3,10,10,0,1,16,749,0,0.0,44940,15115,0.3363373386737873,0,0.08407720833333333,0.0
red3,2,0.0,profiled_cz,4,60,configuration,1024,16,0.125,3,10,10,0,1,16,749,0,0.0,44940,14926,0.3321317311971518,0,0.37490783833333335,0.0
red3,2,2.0,cwz_joint,4,60,configuration,1024,16,0.125,3,10,10,0,1,16,749,0,0.0,44940,11691,0.2601468624833111,0,0.2823738933333333,0.0
red3,2,2.0,lite,4,60,configuration,1024,16,0.125,3,10,10,0,1,16,749,0,0.0,44940,12028,0.26764574988874057,0,0.09522559166666665,0.0
red3,2,2.0,ofdm_fec,4,60,configuration,1024,16,0.125,3,10,10,0,1,16,749,0,0.0,44940,12009,0.2672229639519359,0,0.08060547500000001,0.0
red3,2,2.0,pfft,4,60,configuration,1024,16,0.125,3,10,10,0,1,16,749,0,0.0,44940,12045,0.2680240320427236,0,0.07395667666666667,0.0
red3,2,2.0,profiled_cz,4,60,configuration,1024,16,0.125,3,10,10,0,1,16,749,0,0.0,44940,11700,0.260347129506008,0,0.34602162999999997,0.0
red3,2,4.0,cwz_joint,4,60,configuration,1024,16,0.125,3,10,10,0,1,16,749,0,0.0,44940,7714,0.17165109034267914,0,0.26977943333333326,0.0
red3,2,4.0,lite,4,60,configuration,1024,16,0.125,3,10,10,0,1,16,749,0,0.0,44940,7946,0.17681352914997775,0,0.09603030333333334,0.0
red3,2,4.0,ofdm_fec,4,60,configuration,1024,16,0.125,3,10,10,0,1,16,749,0,0.0,44940,7999,0.17799287939474856,0,0.07727565166666665,0.0
red3,2,4.0,pfft,4,60,configuration,1024,16,0.125,3,10,10,0,1,16,749,0,0.0,44940,7960,0.17712505562972852,0,0.08695525666666667,0.0
red3,2,4.0,profiled_cz,4,60,configuration,1024,16,0.125,3,10,10,0,1,16,749,0,0.0,44940,7722,0.1718291054739653,0,0.3517409633333333,0.0
red3,2,6.0,cwz_joint,4,60,configuration,1024,16,0.125,3,10,10,0,1,16,749,0,0.0,44940,4282,0.09528259902091678,0,0.266640715,0.0
red3,2,6.0,lite,4,60,configuration,1024,16,0.125,3,10,10,0,1,16,749,0,0.0,44940,4312,0.09595015576323987,0,0.10875453333333332,0.0
red3,2,6.0,ofdm_fec,4,60,configuration,1024,16,0.125,3,10,10,0,1,16,749,0,0.0,44940,4336,0.09648420115709835,0,0.09114906833333332,0.0
red3,2,6.0,pfft,4,60,configuration,1024,16,0.125,3,10,10,0,1,16,749,0,0.0,44940,4359,0.09699599465954606,0,0.08526293,0.0
red3,2,6.0,profiled_cz,4,60,configuration,1024,16,0.125,3,10,10,0,1,16,749,0,0.0,44940,4284,0.09532710280373832,0,0.35849113666666665,0.0
red3,2,8.0,cwz_joint,4,60,configuration,1024,16,0.125,3,10,10,0,1,16,749,0,0.0,44940,1776,0.03951935914552737,0,0.28310153,0.0
red3,2,8.0,lite,4,60,configuration,1024,16,0.125,3,10,10,0,1,16,749,0,0.0,44940,1816,0.04040943480195817,0,0.10668234166666667,0.0
red3,2,8.0,ofdm_fec,4,60,configuration,1024,16,0.125,3,10,10,0,1,16,749,0,0.0,44940,1813,0.04034267912772586,0,0.07354933833333331,0.0
red3,2,8.0,pfft,4,60,configuration,1024,16,0.125,3,10,10,0,1,16,749,0,0.0,44940,1851,0.041188251001335115,0,0.08265659166666665,0.0
red3,2,8.0,profiled_cz,4,60,configuration,1024,16,0.125,3,10,10,0,1,16,749,0,0.0,44940,1776,0.03951935914552737,0,0.3623369083333334,0.0
red3,2,10.0,cwz_joint,4,60,configuration,1024,16,0.125,3,10,10,0,1,16,749,2,0.03333333333333333,44940,652,0.014508233199821984,0,0.2439474883333333,25.783132530120483
red3,2,10.0,lite,4,60,configuration,1024,16,0.125,3,10,10,0,1,16,749,1,0.016666666666666666,44940,672,0.014953271028037384,0,0.09648552,12.891566265060241
red3,2,10.0,ofdm_fec,4,60,configuration,1024,16,0.125,3,10,10,0,1,16,749,1,0.016666666666666666,44940,666,0.014819759679572764,0,0.08433352333333334,12.891566265060241
red3,2,10.0,pfft,4,60,configuration,1024,16,0.125,3,10,10,0,1,16,749,1,0.016666666666666666,44940,671,0.014931019136626613,0,0.07454027166666667,12.891566265060241
red3,2,10.0,profiled_cz,4,60,configuration,1024,16,0.125,3,10,10,0,1,16,749,2,0.03333333333333333,44940,652,0.014508233199821984,0,0.3227928283333333,25.783132530120483
red3,2,12.0,cwz_joint,4,60,configuration,1024,16,0.125,3,10,10,0,1,16,749,12,0.2,44940,226,0.005028927458834001,0,0.238636015,154.6987951807229
red3,2,12.0,lite,4,60,configuration,1024,16,0.125,3,10,10,0,1,16,749,12,0.2,44940,236,0.0052514463729417,0,0.10137169333333333,154.6987951807229
red3,2,12.0,ofdm_fec,4,60,configuration,1024,16,0.125,3,10,10,0,1,16,749,13,0.21666666666666667,44940,234,0.00520694259012016,0,0.08691252833333334,167.59036144578312
red3,2,12.0,pfft,4,60,configuration,1024,16,0.125,3,10,10,0,1,16,749,12,0.2,44940,237,0.00527369826435247,0,0.08039769499999999,154.6987951807229
red3,2,12.0,profiled_cz,4,60,configuration,1024,16,0.125,3,10,10,0,1,16,749,12,0.2,44940,226,0.005028927458834001,0,0.2981292733333333,154.6987951807229
red3,2,14.0,cwz_joint,4,60,configuration,1024,16,0.125,3,10,10,0,1,16,749,23,0.38333333333333336,44940,89,0.0019804183355585227,0,0.2614520766666667,296.50602409638554
red3,2,14.0,lite,4,60,configuration,1024,16,0.125,3,10,10,0,1,16,749,24,0.4,44940,89,0.0019804183355585227,0,0.10123194499999998,309.3975903614458
red3,2,14.0,ofdm_fec,4,60,configuration,1024,16,0.125,3,10,10,0,1,16,749,24,0.4,44940,90,0.0020026702269692926,0,0.07300968166666667,309.3975903614458
red3,2,14.0,pfft,4,60,configuration,1024,16,0.125,3,10,10,0,1,16,749,23,0.38333333333333336,44940,91,0.0020249221183800624,0,0.07672251833333334,296.50602409638554
red3,2,14.0,profiled_cz,4,60,configuration,1024,16,0.125,3,10,10,0,1,16,749,23,0.38333333333333336,44940,89,0.0019804183355585227,0,0.3089252083333333,296.50602409638554
red3,2,16.0,cwz_joint,4,60,configuration,1024,16,0.125,3,10,10,0,1,16,749,39,0.65,44940,30,0.0006675567423230974,0,0.24165536000000004,502.7710843373494
red3,2,16.0,lite,4,60,configuration,1024,16,0.125,3,10,10,0,1,16,749,43,0.7166666666666667,44940,28,0.0006230529595015577,0,0.10585170833333332,554.3373493975904
red3,2,16.0,ofdm_fec,4,60,configuration,1024,16,0.125,3,10,10,0,1,16,749,42,0.7,44940,29,0.0006453048509123276,0,0.07959806666666668,541.4457831325301
red3,2,16.0,pfft,4,60,configuration,1024,16,0.125,3,10,10,0,1,16,749,43,0.7166666666666667,44940,28,0.0006230529595015577,0,0.07882483333333333,554.3373493975904
red3,2,16.0,profiled_cz,4,60,configuration,1024,16,0.125,3,10,10,0,1,16,749,39,0.65,44940,30,0.0006675567423230974,0,0.3083438866666667,502.7710843373494
red3,2,18.0,cwz_joint,4,60,configuration,1024,16,0.125,3,10,10,0,1,16,749,53,0.8833333333333333,44940,11,0.0002447708055184691,0,0.23160472333333335,683.2530120481928
red3,2,18.0,lite,4,60,configuration,1024,16,0.125,3,10,10,0,1,16,749,54,0.9,44940,11,0.0002447708055184691,0,0.09669910666666667,696.144578313253
red3,2,18.0,ofdm_fec,4,60,configuration,1024,16,0.125,3,10,10,0,1,16,749,54,0.9,44940,10,0.00022251891410769915,0,0.07690210333333333,696.144578313253
red3,2,18.0,pfft,4,60,configuration,1024,16,0.125,3,10,10,0,1,16,749,54,0.9,44940,11,0.0002447708055184691,0,0.08618347833333333,696.144578313253
red3,2,18.0,profiled_cz,4,60,configuration,1024,16,0.125,3,10,10,0,1,16,749,53,0.8833333333333333,44940,11,0.0002447708055184691,0,0.2716626466666667,683.2530120481928
red3,2,20.0,cwz_joint,4,60,configuration,1024,16,0.125,3,10,10,0,1,16,749,54,0.9,44940,10,0.00022251891410769915,0,0.22438568833333333,696.144578313253
red3,2,20.0,lite,4,60,configuration,1024,16,0.125,3,10,10,0,1,16,749,54,0.9,44940,10,0.00022251891410769915,0,0.10792061500000001,696.144578313253
red3,2,20.0,ofdm_fec,4,60,configuration,1024,16,0.125,3,10,10,0,1,16,749,54,0.9,44940,9,0.00020026702269692923,0,0.08839771833333332,696.144578313253
red3,2,20.0,pfft,4,60,configuration,1024,16,0.125,3,10,10,0,1,16,749,54,0.9,44940,10,0.00022251891410769915,0,0.0771473,696.144578313253
red3,2,20.0,profiled_cz,4,60,configuration,1024,16,0.125,3,10,10,0,1,16,749,54,0.9,44940,10,0.00022251891410769915,0,0.26550689499999997,696.144578313253
red3,2,22.0,cwz_joint,4,60,configuration,1024,16,0.125,3,10,10,0,1,16,749,58,0.9666666666666667,44940,4,8.900756564307967e-5,0,0.24245796333333336,747.710843373494
red3,2,22.0,lite,4,60,configuration,1024,16,0.125,3,10,10,0,1,16,749,58,0.9666666666666667,44940,5,0.00011125945705384957,0,0.10833210833333334,747.710843373494
red3,2,22.0,ofdm_fec,4,60,configuration,1024,16,0.125,3,10,10,0,1,16,749,58,0.9666666666666667,44940,3,6.675567423230975e-5,0,0.08304430000000003,747.710843373494
red3,2,22.0,pfft,4,60,configuration,1024,16,0.125,3,10,10,0,1,16,749,58,0.9666666666666667,44940,5,0.00011125945705384957,0,0.08333036166666667,747.710843373494
red3,2,22.0,profiled_cz,4,60,configuration,1024,16,0.125,3,10,10,0,1,16,749,58,0.9666666666666667,44940,4,8.900756564307967e-5,0,0.2954755183333333,747.710843373494
red3,2,24.0,cwz_joint,4,60,configuration,1024,16,0.125,3,10,10,0,1,16,749,57,0.95,44940,3,6.675567423230975e-5,0,0.23378509,734.8192771084338
red3,2,24.0,lite,4,60,configuration,1024,16,0.125,3,10,10,0,1,16,749,57,0.95,44940,3,6.675567423230975e-5,0,0.10520071333333333,734.8192771084338
red3,2,24.0,ofdm_fec,4,60,configuration,1024,16,0.125,3,10,10,0,1,16,749,58,0.9666666666666667,44940,2,4.4503782821539834e-5,0,0.08257746833333335,747.710843373494
red3,2,24.0,pfft,4,60,configuration,1024,16,0.125,3,10,10,0,1,16,749,58,0.9666666666666667,44940,2,4.4503782821539834e-5,0,0.0755496,747.710843373494
red3,2,24.0,profiled_cz,4,60,configuration,1024,16,0.125,3,10,10,0,1,16,749,57,0.95,44940,3,6.675567423230975e-5,0,0.27580928,734.8192771084338
red3,2,26.0,cwz_joint,4,60,configuration,1024,16,0.125,3,10,10,0,1,16,749,59,0.9833333333333333,44940,1,2.2251891410769917e-5,0,0.2244274883333333,760.6024096385541
red3,2,26.0,lite,4,60,configuration,1024,16,0.125,3,10,10,0,1,16,749,60,1.0,44940,0,0.0,0,0.10064147,773.4939759036145
red3,2,26.0,ofdm_fec,4,60,configuration,1024,16,0.125,3,10,10,0,1,16,749,59,0.9833333333333333,44940,1,2.2251891410769917e-5,0,0.08118367,760.6024096385541
red3,2,26.0,pfft,4,60,configuration,1024,16,0.125,3,10,10,0,1,16,749,60,1.0,44940,0,0.0,0,0.07555887,773.4939759036145
red3,2,26.0,profiled_cz,4,60,configuration,1024,16,0.125,3,10,10,0,1,16,749,59,0.9833333333333333,44940,1,2.2251891410769917e-5,0,0.2885086533333333,760.6024096385541
red3,2,28.0,cwz_joint,4,60,configuration,1024,16,0.125,3,10,10,0,1,16,749,59,0.9833333333333333,44940,1,2.2251891410769917e-5,0,0.24265309333333335,760.6024096385541
red3,2,28.0,lite,4,60,configuration,1024,16,0.125,3,10,10,0,1,16,749,59,0.9833333333333333,44940,1,2.2251891410769917e-5,0,0.09451614333333332,760.6024096385541
red3,2,28.0,ofdm_fec,4,60,configuration,1024,16,0.125,3,10,10,0,1,16,749,58,0.9666666666666667,44940,2,4.4503782821539834e-5,0,0.08146148833333333,747.710843373494
red3,2,28.0,pfft,4,60,configuration,1024,16,0.125,3,10,10,0,1,16,749,59,0.9833333333333333,44940,1,2.2251891410769917e-5,0,0.07095453666666665,760.6024096385541
red3,2,28.0,profiled_cz,4,60,configuration,1024,16,0.125,3,10,10,0,1,16,749,59,0.9833333333333333,44940,1,2.2251891410769917e-5,0,0.2699116383333333,760.6024096385541
red3,2,30.0,cwz_joint,4,60,configuration,1024,16,0.125,3,10,10,0,1,16,749,60,1.0,44940,0,0.0,0,0.255395335,773.4939759036145
red3,2,30.0,lite,4,60,configuration,1024,16,0.125,3,10,10,0,1,16,749,60,1.0,44940,0,0.0,0,0.10176085333333335,773.4939759036145
red3,2,30.0,ofdm_fec,4,60,configuration,1024,16,0.125,3,10,10,0,1,16,749,60,1.0,44940,0,0.0,0,0.07141551166666665,773.4939759036145
red3,2,30.0,pfft,4,60,configuration,1024,16,0.125,3,10,10,0,1,16,749,60,1.0,44940,0,0.0,0,0.08326233499999999,773.4939759036145
red3,2,30.0,profiled_cz,4,60,configuration,1024,16,0.125,3,10,10,0,1,16,749,60,1.0,44940,0,0.0,0,0.29576155333333337,773.4939759036145
red3,3,0.0,cwz_joint,4,60,configuration,1024,16,0.125,3,10,10,0,1,16,749,0,0.0,44940,14797,0.3292612372051624,0,0.297180445,0.0
red3,3,0.0,lite,4,60,configuration,1024,16,0.125,3,10,10,0,1,16,749,0,0.0,44940,14949,0.33264352469959946,0,0.113319535,0.0
red3,3,0.0,ofdm_fec,4,60,configuration,1024,16,0.125,3,10,10,0,1,16,749,0,0.0,44940,15091,0.3358032932799288,0,0.07882463333333335,0.0
red3,3,0.0,pfft,4,60,configuration,1024,16,0.125,3,10,10,0,1,16,749,0,0.0,44940,15005,0.3338896306186026,0,0.08232309999999998,0.0
red3,3,0.0,profiled_cz,4,60,configuration,1024,16,0.125,3,10,10,0,1,16,749,0,0.0,44940,14822,0.32981753449043166,0,0.3490689333333333,0.0
red3,3,2.0,cwz_joint,4,60,configuration,1024,16,0.125,3,10,10,0,1,16,749,0,0.0,44940,11508,0.2560747663551402,0,0.3121008583333333,0.0
red3,3,2.0,lite,4,60,configuration,1024,16,0.125,3,10,10,0,1,16,749,0,0.0,44940,11848,0.26364040943480194,0,0.10692855833333331,0.0
red3,3,2.0,ofdm_fec,4,60,configuration,1024,16,0.125,3,10,10,0,1,16,749,0,0.0,44940,11891,0.2645972407654651,0,0.08420519833333331,0.0
red3,3,2.0,pfft,4,60,configuration,1024,16,0.125,3,10,10,0,1,16,749,0,0.0,44940,11892,0.26461949265687584,0,0.07747876,0.0
red3,3,2.0,profiled_cz,4,60,configuration,1024,16,0.125,3,10,10,0,1,16,749,0,0.0,44940,11517,0.25627503337783714,0,0.39542157833333336,0.0
red3,3,4.0,cwz_joint,4,60,configuration,1024,16,0.125,3,10,10,0,1,16,749,0,0.0,44940,7474,0.16631063640409435,0,0.31982644166666657,0.0
red3,3,4.0,lite,4,60,configuration,1024,16,0.125,3,10,10,0,1,16,749,0,0.0,44940,7631,0.16980418335558523,0,0.10702177166666665,0.0
red3,3,4.0,ofdm_fec,4,60,configuration,1024,16,0.125,3,10,10,0,1,16,749,0,0.0,44940,7677,0.17082777036048064,0,0.08383621166666669,0.0
red3,3,4.0,pfft,4,60,configuration,1024,16,0.125,3,10,10,0,1,16,749,0,0.0,44940,7671,0.17069425901201601,0,0.08085562166666667,0.0
red3,3,4.0,profiled_cz,4,60,configuration,1024,16,0.125,3,10,10,0,1,16,749,0,0.0,44940,7476,0.16635514018691588,0,0.3990498483333333,0.0
red3,3,6.0,cwz_joint,4,60,configuration,1024,16,0.125,3,10,10,0,1,16,749,0,0.0,44940,3948,0.08785046728971962,0,0.28254425666666666,0.0
red3,3,6.0,lite,4,60,configuration,1024,16,0.125,3,10,10,0,1,16,749,0,0.0,44940,4049,0.09009790832220739,0,0.11123661333333335,0.0
red3,3,6.0,ofdm_fec,4,60,configuration,1024,16,0.125,3,10,10,0,1,16,749,0,0.0,44940,3998,0.08896306186025812,0,0.08456377166666666,0.0
red3,3,6.0,pfft,4,60,configuration,1024,16,0.125,3,10,10,0,1,16,749,0,0.0,44940,4048,0.09007565643079662,0,0.08082072166666666,0.0
red3,3,6.0,profiled_cz,4,60,configuration,1024,16,0.125,3,10,10,0,1,16,749,0,0.0,44940,3949,0.08787271918113039,0,0.351911905,0.0
red3,3,8.0,cwz_joint,4,60,configuration,1024,16,0.125,3,10,10,0,1,16,749,0,0.0,44940,1946,0.04330218068535826,0,0.25596609500000006,0.0
red3,3,8.0,lite,4,60,configuration,1024,16,0.125,3,10,10,0,1,16,749,0,0.0,44940,1997,0.044437027147307524,0,0.0955501266666667,0.0
red3,3,8.0,ofdm_fec,4,60,configuration,1024,16,0.125,3,10,10,0,1,16,749,0,0.0,44940,1985,0.04417000445037828,0,0.07021031500000001,0.0
red3,3,8.0,pfft,4,60,configuration,1024,16,0.125,3,10,10,0,1,16,749,0,0.0,44940,1989,0.044259012016021365,0,0.068174575,0.0
red3,3,8.0,profiled_cz,4,60,configuration,1024,16,0.125,3,10,10,0,1,16,749,0,0.0,44940,1949,0.04336893635959056,0,0.3217797183333334,0.0
red3,3,10.0,cwz_joint,4,60,configuration,1024,16,0.125,3,10,10,0,1,16,749,0,0.0,44940,931,0.020716510903426792,0,0.27072604833333336,0.0
red3,3,10.0,lite,4,60,configuration,1024,16,0.125,3,10,10,0,1,16,749,0,0.0,44940,959,0.02133956386292835,0,0.10516200333333331,0.0
red3,3,10.0,ofdm_fec,4,60,configuration,1024,16,0.125,3,10,10,0,1,16,749,1,0.016666666666666666,44940,940,0.02091677792612372,0,0.09467525666666665,12.891566265060241
red3,3,10.0,pfft,4,60,configuration,1024,16,0.125,3,10,10,0,1,16,749,0,0.0,44940,964,0.021450823319982198,0,0.07817385666666667,0.0
red3,3,10.0,profiled_cz,4,60,configuration,1024,16,0.125,3,10,10,0,1,16,749,0,0.0,44940,933,0.02076101468624833,0,0.33579673833333334,0.0
red3,3,12.0,cwz_joint,4,60,configuration,1024,16,0.125,3,10,10,0,1,16,749,7,0.11666666666666667,44940,457,0.01016911437472185,0,0.25266151666666664,90.24096385542168
red3,3,12.0,lite,4,60,configuration,1024,16,0.125,3,10,10,0,1,16,749,7,0.11666666666666667,44940,457,0.01016911437472185,0,0.100626225,90.24096385542168
red3,3,12.0,ofdm_fec,4,60,configuration,1024,16,0.125,3,10,10,0,1,16,749,9,0.15,44940,444,0.009879839786381843,0,0.08094385166666668,116.02409638554217
red3,3,12.0,pfft,4,60,configuration,1024,16,0.125,3,10,10,0,1,16,749,8,0.13333333333333333,44940,466,0.01036938139741878,0,0.08123410333333334,103.13253012048193
red3,3,12.0,profiled_cz,4,60,configuration,1024,16,0.125,3,10,10,0,1,16,749,7,0.11666666666666667,44940,456,0.010146862483311082,0,0.30774678666666677,90.24096385542168
red3,3,14.0,cwz_joint,4,60,configuration,1024,16,0.125,3,10,10,0,1,16,749,25,0.4166666666666667,44940,190,0.004227859368046284,0,0.23655869333333335,322.28915662650604
red3,3,14.0,lite,4,60,configuration,1024,16,0.125,3,10,10,0,1,16,749,21,0.35,44940,206,0.004583889630618602,0,0.09996158833333334,270.72289156626505
red3,3,14.0,ofdm_fec,4,60,configuration,1024,16,0.125,3,10,10,0,1,16,749,24,0.4,44940,195,0.0043391188251001335,0,0.08786606166666666,309.3975903614458
red3,3,14.0,pfft,4,60,configuration,1024,16,0.125,3,10,10,0,1,16,749,20,0.3333333333333333,44940,208,0.004628393413440142,0,0.08843116333333335,257.8313253012048
red3,3,14.0,profiled_cz,4,60,configuration,1024,16,0.125,3,10,10,0,1,16,749,25,0.4166666666666667,44940,190,0.004227859368046284,0,0.30429472666666674,322.28915662650604
red3,3,16.0,cwz_joint,4,60,configuration,1024,16,0.125,3,10,10,0,1,16,749,41,0.6833333333333333,44940,90,0.0020026702269692926,0,0.20990719166666674,528.5542168674699
red3,3,16.0,lite,4,60,configuration,1024,16,0.125,3,10,10,0,1,16,749,41,0.6833333333333333,44940,97,0.002158433466844682,0,0.08284350666666665,528.5542168674699
red3,3,16.0,ofdm_fec,4,60,configuration,1024,16,0.125,3,10,10,0,1,16,749,41,0.6833333333333333,44940,90,0.0020026702269692926,0,0.07317647499999999,528.5542168674699
red3,3,16.0,pfft,4,60,configuration,1024,16,0.125,3,10,10,0,1,16,749,41,0.6833333333333333,44940,98,0.0021806853582554517,0,0.077009895,528.5542168674699
red3,3,16.0,profiled_cz,4,60,configuration,1024,16,0.125,3,10,10,0,1,16,749,41,0.6833333333333333,44940,91,0.0020249221183800624,0,0.23284834833333337,528.5542168674699
red3,3,18.0,cwz_joint,4,60,configuration,1024,16,0.125,3,10,10,0,1,16,749,49,0.8166666666666667,44940,45,0.0010013351134846463,0,0.24300126833333338,631.6867469879518
red3,3,18.0,lite,4,60,configuration,1024,16,0.125,3,10,10,0,1,16,749,47,0.7833333333333333,44940,47,0.001045838896306186,0,0.09500275,605.9036144578313
red3,3,18.0,ofdm_fec,4,60,configuration,1024,16,0.125,3,10,10,0,1,16,749,49,0.8166666666666667,44940,43,0.0009568313306631064,0,0.072497165,631.6867469879518
red3,3,18.0,pfft,4,60,configuration,1024,16,0.125,3,10,10,0,1,16,749,46,0.7666666666666667,44940,48,0.001068090787716956,0,0.07294105499999999,593.0120481927711
red3,3,18.0,profiled_cz,4,60,configuration,1024,16,0.125,3,10,10,0,1,16,749,49,0.8166666666666667,44940,45,0.0010013351134846463,0,0.24594368666666666,631.6867469879518
red3,3,20.0,cwz_joint,4,60,configuration,1024,16,0.125,3,10,10,0,1,16,749,51,0.85,44940,28,0.0006230529595015577,0,0.23213025333333331,657.4698795180723
red3,3,20.0,lite,4,60,configuration,1024,16,0.125,3,10,10,0,1,16,749,51,0.85,44940,29,0.0006453048509123276,0,0.09406953999999998,657.4698795180723
red3,3,20.0,ofdm_fec,4,60,configuration,1024,16,0.125,3,10,10,0,1,16,749,52,0.8666666666666667,44940,32,0.0007120605251446373,0,0.06532913833333333,670.3614457831325
red3,3,20.0,pfft,4,60,configuration,1024,16,0.125,3,10,10,0,1,16,749,51,0.85,44940,28,0.0006230529595015577,0,0.07397889333333334,657.4698795180723
red3,3,20.0,profiled_cz,4,60,configuration,1024,16,0.125,3,10,10,0,1,16,749,51,0.85,44940,28,0.0006230529595015577,0,0.24806050333333332,657.4698795180723
red3,3,22.0,cwz_joint,4,60,configuration,1024,16,0.125,3,10,10,0,1,16,749,53,0.8833333333333333,44940,19,0.0004227859368046284,0,0.19530825833333335,683.2530120481928
red3,3,22.0,lite,4,60,configuration,1024,16,0.125,3,10,10,0,1,16,749,53,0.8833333333333333,44940,19,0.0004227859368046284,0,0.08112433666666667,683.2530120481928
red3,3,22.0,ofdm_fec,4,60,configuration,1024,16,0.125,3,10,10,0,1,16,749,54,0.9,44940,19,0.0004227859368046284,0,0.07853643833333332,696.144578313253
red3,3,22.0,pfft,4,60,configuration,1024,16,0.125,3,10,10,0,1,16,749,53,0.8833333333333333,44940,19,0.0004227859368046284,0,0.072656925,683.2530120481928
red3,3,22.0,profiled_cz,4,60,configuration,1024,16,0.125,3,10,10,0,1,16,749,53,0.8833333333333333,44940,19,0.0004227859368046284,0,0.23367342,683.2530120481928
red3,3,24.0,cwz_joint,4,60,configuration,1024,16,0.125,3,10,10,0,1,16,749,54,0.9,44940,11,0.0002447708055184691,0,0.22115330833333333,696.144578313253
red3,3,24.0,lite,4,60,configuration,1024,16,0.125,3,10,10,0,1,16,749,54,0.9,44940,12,0.000267022696929239,0,0.08920835999999999,696.144578313253
red3,3,24.0,ofdm_fec,4,60,configuration,1024,16,0.125,3,10,10,0,1,16,749,55,0.9166666666666666,44940,11,0.0002447708055184691,0,0.07170260833333335,709.0361445783133
red3,3,24.0,pfft,4,60,configuration,1024,16,0.125,3,10,10,0,1,16,749,54,0.9,44940,12,0.000267022696929239,0,0.07002167000000002,696.144578313253
red3,3,24.0,profiled_cz,4,60,configuration,1024,16,0.125,3,10,10,0,1,16,749,54,0.9,44940,11,0.0002447708055184691,0,0.24568987166666661,696.144578313253
red3,3,26.0,cwz_joint,4,60,configuration,1024,16,0.125,3,10,10,0,1,16,749,58,0.9666666666666667,44940,7,0.00015576323987538941,0,0.22353088166666665,747.710843373494
red3,3,26.0,lite,4,60,configuration,1024,16,0.125,3,10,10,0,1,16,749,58,0.9666666666666667,44940,7,0.00015576323987538941,0,0.08591528333333334,747.710843373494
red3,3,26.0,ofdm_fec,4,60,configuration,1024,16,0.125,3,10,10,0,1,16,749,58,0.9666666666666667,44940,7,0.00015576323987538941,0,0.07156705000000001,747.710843373494
red3,3,26.0,pfft,4,60,configuration,1024,16,0.125,3,10,10,0,1,16,749,58,0.9666666666666667,44940,7,0.00015576323987538941,0,0.06805582,747.710843373494
red3,3,26.0,profiled_cz,4,60,configuration,1024,16,0.125,3,10,10,0,1,16,749,58,0.9666666666666667,44940,7,0.00015576323987538941,0,0.2316271583333334,747.710843373494
red3,3,28.0,cwz_joint,4,60,configuration,1024,16,0.125,3,10,10,0,1,16,749,58,0.9666666666666667,44940,9,0.00020026702269692923,0,0.22225284333333334,747.710843373494
red3,3,28.0,lite,4,60,configuration,1024,16,0.125,3,10,10,0,1,16,749,57,0.95,44940,10,0.00022251891410769915,0,0.09303904333333333,734.8192771084338
red3,3,28.0,ofdm_fec,4,60,configuration,1024,16,0.125,3,10,10,0,1,16,749,58,0.9666666666666667,44940,9,0.00020026702269692923,0,0.07021994333333331,747.710843373494
red3,3,28.0,pfft,4,60,configuration,1024,16,0.125,3,10,10,0,1,16,749,57,0.95,44940,10,0.00022251891410769915,0,0.06680060833333333,734.8192771084338
red3,3,28.0,profiled_cz,4,60,configuration,1024,16,0.125,3,10,10,0,1,16,749,58,0.9666666666666667,44940,9,0.00020026702269692923,0,0.23195617166666663,747.710843373494
red3,3,30.0,cwz_joint,4,60,configuration,1024,16,0.125,3,10,10,0,1,16,749,58,0.9666666666666667,44940,8,0.00017801513128615933,0,0.21032056333333335,747.710843373494
red3,3,30.0,lite,4,60,configuration,1024,16,0.125,3,10,10,0,1,16,749,57,0.95,44940,9,0.00020026702269692923,0,0.09082564,734.8192771084338
red3,3,30.0,ofdm_fec,4,60,configuration,1024,16,0.125,3,10,10,0,1,16,749,58,0.9666666666666667,44940,8,0.00017801513128615933,0,0.06654525666666668,747.710843373494
red3,3,30.0,pfft,4,60,configuration,1024,16,0.125,3,10,10,0,1,16,749,57,0.95,44940,9,0.00020026702269692923,0,0.07498579166666666,734.8192771084338
red3,3,30.0,profiled_cz,4,60,configuration,1024,16,0.125,3,10,10,0,1,16,749,58,0.9666666666666667,44940,8,0.00017801513128615933,0,0.23747651666666666,747.710843373494
red4,1,0.0,cwz_joint,4,60,configuration,1024,16,0.125,3,10,10,0,1,16,749,0,0.0,44940,14810,0.3295505117935024,0,0.26191118,0.0
red4,1,0.0,lite,4,60,configuration,1024,16,0.125,3,10,10,0,1,16,749,0,0.0,44940,15038,0.33462394303515797,0,0.08795206666666666,0.0
red4,1,0.0,ofdm_fec,4,60,configuration,1024,16,0.125,3,10,10,0,1,16,749,0,0.0,44940,15068,0.3352914997774811,0,0.07303019500000002,0.0
red4,1,0.0,pfft,4,60,configuration,1024,16,0.125,3,10,10,0,1,16,749,0,0.0,44940,15009,0.33397863818424567,0,0.07367766166666666,0.0
red4,1,0.0,profiled_cz,4,60,configuration,1024,16,0.125,3,10,10,0,1,16,749,0,0.0,44940,14803,0.32939474855362705,0,0.31091807,0.0
red4,1,2.0,cwz_joint,4,60,configuration,1024,16,0.125,3,10,10,0,1,16,749,0,0.0,44940,11033,0.24550511793502447,0,0.2686960566666667,0.0
red4,1,2.0,lite,4,60,configuration,1024,16,0.125,3,10,10,0,1,16,749,0,0.0,44940,11398,0.2536270582999555,0,0.09743812666666668,0.0
red4,1,2.0,ofdm_fec,4,60,configuration,1024,16,0.125,3,10,10,0,1,16,749,0,0.0,44940,11340,0.2523364485981308,0,0.06673407666666666,0.0
red4,1,2.0,pfft,4,60,configuration,1024,16,0.125,3,10,10,0,1,16,749,0,0.0,44940,11372,0.2530485091232755,0,0.07587223500000001,0.0
red4,1,2.0,profiled_cz,4,60,configuration,1024,16,0.125,3,10,10,0,1,16,749,0,0.0,44940,11041,0.24568313306631065,0,0.3052111400000001,0.0
red4,1,4.0,cwz_joint,4,60,configuration,1024,16,0.125,3,10,10,0,1,16,749,0,0.0,44940,6885,0.15320427236315087,0,0.22907554,0.0
red4,1,4.0,lite,4,60,configuration,1024,16,0.125,3,10,10,0,1,16,749,0,0.0,44940,7063,0.15716510903426792,0,0.09756845666666666,0.0
red4,1,4.0,ofdm_fec,4,60,configuration,1024,16,0.125,3,10,10,0,1,16,749,0,0.0,44940,7150,0.1591010235870049,0,0.09233530499999998,0.0
red4,1,4.0,pfft,4,60,configuration,1024,16,0.125,3,10,10,0,1,16,749,0,0.0,44940,7140,0.1588785046728972,0,0.08163076500000002,0.0
red4,1,4.0,profiled_cz,4,60,configuration,1024,16,0.125,3,10,10,0,1,16,749,0,0.0,44940,6893,0.15338228749443703,0,0.28058873833333337,0.0
red4,1,6.0,cwz_joint,4,60,configuration,1024,16,0.125,3,10,10,0,1,16,749,0,0.0,44940,3551,0.07901646639964396,0,0.253361995,0.0
red4,1,6.0,lite,4,60,configuration,1024,16,0.125,3,10,10,0,1,16,749,0,0.0,44940,3621,0.08057409879839786,0,0.08162258000000001,0.0
red4,1,6.0,ofdm_fec,4,60,configuration,1024,16,0.125,3,10,10,0,1,16,749,0,0.0,44940,3623,0.0806186025812194,0,0.076625965,0.0
red4,1,6.0,pfft,4,60,configuration,1024,16,0.125,3,10,10,0,1,16,749,0,0.0,44940,3662,0.08148642634623943,0,0.07251852833333333,0.0
red4,1,6.0,profiled_cz,4,60,configuration,1024,16,0.125,3,10,10,0,1,16,749,0,0.0,44940,3552,0.07903871829105474,0,0.31398185666666656,0.0
red4,1,8.0,cwz_joint,4,60,configuration,1024,16,0.125,3,10,10,0,1,16,749,0,0.0,44940,1439,0.03202047174009791,0,0.251621495,0.0
red4,1,8.0,lite,4,60,configuration,1024,16,0.125,3,10,10,0,1,16,749,0,0.0,44940,1462,0.03253226524254561,0,0.09233797333333335,0.0
red4,1,8.0,ofdm_fec,4,60,configuration,1024,16,0.125,3,10,10,0,1,16,749,0,0.0,44940,1411,0.03139741878059635,0,0.07360627,0.0
red4,1,8.0,pfft,4,60,configuration,1024,16,0.125,3,10,10,0,1,16,749,0,0.0,44940,1470,0.03271028037383177,0,0.065876525,0.0
red4,1,8.0,profiled_cz,4,60,configuration,1024,16,0.125,3,10,10,0,1,16,749,0,0.0,44940,1437,0.03197596795727637,0,0.2971196416666667,0.0
red4,1,10.0,cwz_joint,4,60,configuration,1024,16,0.125,3,10,10,0,1,16,749,10,0.16666666666666666,44940,516,0.011481975967957277,0,0.26389878833333336,128.9156626506024
red4,1,10.0,lite,4,60,configuration,1024,16,0.125,3,10,10,0,1,16,749,10,0.16666666666666666,44940,528,0.011748998664886516,0,0.10665566166666668,128.9156626506024
red4,1,10.0,ofdm_fec,4,60,configuration,1024,16,0.125,3,10,10,0,1,16,749,10,0.16666666666666666,44940,521,0.011593235425011126,0,0.07919791666666663,128.9156626506024
red4,1,10.0,pfft,4,60,configuration,1024,16,0.125,3,10,10,0,1,16,749,8,0.13333333333333333,44940,532,0.011838006230529595,0,0.08023723333333335,103.13253012048193
red4,1,10.0,profiled_cz,4,60,configuration,1024,16,0.125,3,10,10,0,1,16,749,10,0.16666666666666666,44940,515,0.011459724076546506,0,0.2938943683333333,128.9156626506024
red4,1,12.0,cwz_joint,4,60,configuration,1024,16,0.125,3,10,10,0,1,16,749,17,0.2833333333333333,44940,198,0.004405874499332443,0,0.232485335,219.15662650602408
red4,1,12.0,lite,4,60,configuration,1024,16,0.125,3,10,10,0,1,16,749,19,0.31666666666666665,44940,195,0.0043391188251001335,0,0.08985884666666667,244.93975903614458
red4,1,12.0,ofdm_fec,4,60,configuration,1024,16,0.125,3,10,10,0,1,16,749,19,0.31666666666666665,44940,179,0.003983088562527815,0,0.06634370999999999,244.93975903614458
red4,1,12.0,pfft,4,60,configuration,1024,16,0.125,3,10,10,0,1,16,749,19,0.31666666666666665,44940,192,0.004272363150867824,0,0.0815014966666667,244.93975903614458
red4,1,12.0,profiled_cz,4,60,configuration,1024,16,0.125,3,10,10,0,1,16,749,17,0.2833333333333333,44940,198,0.004405874499332443,0,0.26246210666666664,219.15662650602408
red4,1,14.0,cwz_joint,4,60,configuration,1024,16,0.125,3,10,10,0,1,16,749,31,0.5166666666666667,44940,66,0.0014686248331108145,0,0.24574063333333335,399.6385542168675
red4,1,14.0,lite,4,60,configuration,1024,16,0.125,3,10,10,0,1,16,749,32,0.5333333333333333,44940,65,0.0014463729417000446,0,0.11968947333333334,412.5301204819277
red4,1,14.0,ofdm_fec,4,60,configuration,1024,16,0.125,3,10,10,0,1,16,749,35,0.5833333333333334,44940,60,0.0013351134846461949,0,0.07393798166666667,451.2048192771084
red4,1,14.0,pfft,4,60,configuration,1024,16,0.125,3,10,10,0,1,16,749,32,0.5333333333333333,44940,66,0.0014686248331108145,0,0.092251545,412.5301204819277
red4,1,14.0,profiled_cz,4,60,configuration,1024,16,0.125,3,10,10,0,1,16,749,31,0.5166666666666667,44940,66,0.0014686248331108145,0,0.2692512449999999,399.6385542168675
red4,1,16.0,cwz_joint,4,60,configuration,1024,16,0.125,3,10,10,0,1,16,749,41,0.6833333333333333,44940,33,0.0007343124165554072,0,0.23584790166666672,528.5542168674699
red4,1,16.0,lite,4,60,configuration,1024,16,0.125,3,10,10,0,1,16,749,41,0.6833333333333333,44940,35,0.000778816199376947,0,0.12004205166666668,528.5542168674699
red4,1,16.0,ofdm_fec,4,60,configuration,1024,16,0.125,3,10,10,0,1,16,749,44,0.7333333333333333,44940,29,0.0006453048509123276,0,0.08696405833333333,567.2289156626506
red4,1,16.0,pfft,4,60,configuration,1024,16,0.125,3,10,10,0,1,16,749,41,0.6833333333333333,44940,35,0.000778816199376947,0,0.08676061666666667,528.5542168674699
red4,1,16.0,profiled_cz,4,60,configuration,1024,16,0.125,3,10,10,0,1,16,749,41,0.6833333333333333,44940,33,0.0007343124165554072,0,0.2701293616666666,528.5542168674699
red4,1,18.0,cwz_joint,4,60,configuration,1024,16,0.125,3,10,10,0,1,16,749,48,0.8,44940,17,0.00037828215398308856,0,0.24518620000000002,618.7951807228916
red4,1,18.0,lite,4,60,configuration,1024,16,0.125,3,10,10,0,1,16,749,47,0.7833333333333333,44940,19,0.0004227859368046284,0,0.11170326,605.9036144578313
red4,1,18.0,ofdm_fec,4,60,configuration,1024,16,0.125,3,10,10,0,1,16,749,48,0.8,44940,16,0.00035603026257231867,0,0.09359618333333335,618.7951807228916
red4,1,18.0,pfft,4,60,configuration,1024,16,0.125,3,10,10,0,1,16,749,47,0.7833333333333333,44940,19,0.0004227859368046284,0,0.08238903499999999,605.9036144578313
red4,1,18.0,profiled_cz,4,60,configuration,1024,16,0.125,3,10,10,0,1,16,749,48,0.8,44940,17,0.00037828215398308856,0,0.2932899416666667,618.7951807228916
red4,1,20.0,cwz_joint,4,60,configuration,1024,16,0.125,3,10,10,0,1,16,749,53,0.8833333333333333,44940,11,0.0002447708055184691,0,0.2292258933333333,683.2530120481928
red4,1,20.0,lite,4,60,configuration,1024,16,0.125,3,10,10,0,1,16,749,53,0.8833333333333333,44940,11,0.0002447708055184691,0,0.10256941666666666,683.2530120481928
red4,1,20.0,ofdm_fec,4,60,configuration,1024,16,0.125,3,10,10,0,1,16,749,53,0.8833333333333333,44940,10,0.00022251891410769915,0,0.08030841166666665,683.2530120481928
red4,1,20.0,pfft,4,60,configuration,1024,16,0.125,3,10,10,0,1,16,749,53,0.8833333333333333,44940,11,0.0002447708055184691,0,0.07782168166666666,683.2530120481928
red4,1,20.0,profiled_cz,4,60,configuration,1024,16,0.125,3,10,10,0,1,16,749,53,0.8833333333333333,44940,11,0.0002447708055184691,0,0.2515840916666667,683.2530120481928
red4,1,22.0,cwz_joint,4,60,configuration,1024,16,0.125,3,10,10,0,1,16,749,56,0.9333333333333333,44940,6,0.0001335113484646195,0,0.2629279983333333,721.9277108433735
red4,1,22.0,lite,4,60,configuration,1024,16,0.125,3,10,10,0,1,16,749,55,0.9166666666666666,44940,6,0.0001335113484646195,0,0.10779039333333333,709.0361445783133
red4,1,22.0,ofdm_fec,4,60,configuration,1024,16,0.125,3,10,10,0,1,16,749,57,0.95,44940,4,8.900756564307967e-5,0,0.08002081333333333,734.8192771084338
red4,1,22.0,pfft,4,60,configuration,1024,16,0.125,3,10,10,0,1,16,749,55,0.9166666666666666,44940,6,0.0001335113484646195,0,0.09105168999999999,709.0361445783133
red4,1,22.0,profiled_cz,4,60,configuration,1024,16,0.125,3,10,10,0,1,16,749,56,0.9333333333333333,44940,6,0.0001335113484646195,0,0.27967557666666665,721.9277108433735
red4,1,24.0,cwz_joint,4,60,configuration,1024,16,0.125,3,10,10,0,1,16,749,57,0.95,44940,4,8.900756564307967e-5,0,0.2613202683333334,734.8192771084338
red4,1,24.0,lite,4,60,configuration,1024,16,0.125,3,10,10,0,1,16,749,57,0.95,44940,4,8.900756564307967e-5,0,0.10275358833333335,734.8192771084338
red4,1,24.0,ofdm_fec,4,60,configuration,1024,16,0.125,3,10,10,0,1,16,749,58,0.9666666666666667,44940,3,6.675567423230975e-5,0,0.09332908333333337,747.710843373494
red4,1,24.0,pfft,4,60,configuration,1024,16,0.125,3,10,10,0,1,16,749,57,0.95,44940,4,8.900756564307967e-5,0,0.09334670000000002,734.8192771084338
red4,1,24.0,profiled_cz,4,60,configuration,1024,16,0.125,3,10,10,0,1,16,749,57,0.95,44940,4,8.900756564307967e-5,0,0.3011627033333333,734.8192771084338
red4,1,26.0,cwz_joint,4,60,configuration,1024,16,0.125,3,10,10,0,1,16,749,57,0.95,44940,3,6.675567423230975e-5,0,0.26167603,734.8192771084338
red4,1,26.0,lite,4,60,configuration,1024,16,0.125,3,10,10,0,1,16,749,57,0.95,44940,3,6.675567423230975e-5,0,0.12162231999999999,734.8192771084338
red4,1,26.0,ofdm_fec,4,60,configuration,1024,16,0.125,3,10,10,0,1,16,749,58,0.9666666666666667,44940,2,4.4503782821539834e-5,0,0.08465123166666669,747.710843373494
red4,1,26.0,pfft,4,60,configuration,1024,16,0.125,3,10,10,0,1,16,749,57,0.95,44940,3,6.675567423230975e-5,0,0.07827334833333333,734.8192771084338
red4,1,26.0,profiled_cz,4,60,configuration,1024,16,0.125,3,10,10,0,1,16,749,57,0.95,44940,3,6.675567423230975e-5,0,0.3079234516666666,734.8192771084338
red4,1,28.0,cwz_joint,4,60,configuration,1024,16,0.125,3,10,10,0,1,16,749,58,0.9666666666666667,44940,2,4.4503782821539834e-5,0,0.2758941383333333,747.710843373494
red4,1,28.0,lite,4,60,configuration,1024,16,0.125,3,10,10,0,1,16,749,58,0.9666666666666667,44940,2,4.4503782821539834e-5,0,0.11249145333333331,747.710843373494
red4,1,28.0,ofdm_fec,4,60,configuration,1024,16,0.125,3,10,10,0,1,16,749,58,0.9666666666666667,44940,2,4.4503782821539834e-5,0,0.08200761833333332,747.710843373494
red4,1,28.0,pfft,4,60,configuration,1024,16,0.125,3,10,10,0,1,16,749,58,0.9666666666666667,44940,2,4.4503782821539834e-5,0,0.09235305666666667,747.710843373494
red4,1,28.0,profiled_cz,4,60,configuration,1024,16,0.125,3,10,10,0,1,16,749,58,0.9666666666666667,44940,2,4.4503782821539834e-5,0,0.28658967500000004,747.710843373494
red4,1,30.0,cwz_joint,4,60,configuration,1024,16,0.125,3,10,10,0,1,16,749,58,0.9666666666666667,44940,2,4.4503782821539834e-5,0,0.26137499000000003,747.710843373494
red4,1,30.0,lite,4,60,configuration,1024,16,0.125,3,10,10,0,1,16,749,58,0.9666666666666667,44940,2,4.4503782821539834e-5,0,0.11624104833333333,747.710843373494
red4,1,30.0,ofdm_fec,4,60,configuration,1024,16,0.125,3,10,10,0,1,16,749,58,0.9666666666666667,44940,2,4.4503782821539834e-5,0,0.08604014333333333,747.710843373494
red4,1,30.0,pfft,4,60,configuration,1024,16,0.125,3,10,10,0,1,16,749,58,0.9666666666666667,44940,2,4.4503782821539834e-5,0,0.08059243666666663,747.710843373494
red4,1,30.0,profiled_cz,4,60,configuration,1024,16,0.125,3,10,10,0,1,16,749,58,0.9666666666666667,44940,2,4.4503782821539834e-5,0,0.27839241499999995,747.710843373494
red4,2,0.0,cwz_joint,4,60,configuration,1024,16,0.125,3,10,10,0,1,16,749,0,0.0,44940,14216,0.3163328882955051,0,0.30678084166666664,0.0
red4,2,0.0,lite,4,60,configuration,1024,16,0.125,3,10,10,0,1,16,749,0,0.0,44940,14671,0.32645749888740544,0,0.11468782833333337,0.0
red4,2,0.0,ofdm_fec,4,60,configuration,1024,16,0.125,3,10,10,0,1,16,749,0,0.0,44940,14564,0.32407654650645307,0,0.07474095333333335,0.0
red4,2,0.0,pfft,4,60,configuration,1024,16,0.125,3,10,10,0,1,16,749,0,0.0,44940,14681,0.3266800178015131,0,0.07925169666666666,0.0
red4,2,0.0,profiled_cz,4,60,configuration,1024,16,0.125,3,10,10,0,1,16,749,0,0.0,44940,14220,0.3164218958611482,0,0.3743817583333333,0.0
red4,2,2.0,cwz_joint,4,60,configuration,1024,16,0.125,3,10,10,0,1,16,749,0,0.0,44940,10456,0.23266577659101023,0,0.27437651999999996,0.0
red4,2,2.0,lite,4,60,configuration,1024,16,0.125,3,10,10,0,1,16,749,0,0.0,44940,10674,0.23751668891855807,0,0.10912784666666663,0.0
red4,2,2.0,ofdm_fec,4,60,configuration,1024,16,0.125,3,10,10,0,1,16,749,0,0.0,44940,10665,0.23731642189586113,0,0.08425888166666669,0.0
red4,2,2.0,pfft,4,60,configuration,1024,16,0.125,3,10,10,0,1,16,749,0,0.0,44940,10814,0.24063195371606586,0,0.07669392500000001,0.0
red4,2,2.0,profiled_cz,4,60,configuration,1024,16,0.125,3,10,10,0,1,16,749,0,0.0,44940,10452,0.23257676902536717,0,0.32859416999999996,0.0
red4,2,4.0,cwz_joint,4,60,configuration,1024,16,0.125,3,10,10,0,1,16,749,0,0.0,44940,5940,0.1321762349799733,0,0.29486760833333336,0.0
red4,2,4.0,lite,4,60,configuration,1024,16,0.125,3,10,10,0,1,16,749,0,0.0,44940,6091,0.13553627058299955,0,0.10805250500000002,0.0
red4,2,4.0,ofdm_fec,4,60,configuration,1024,16,0.125,3,10,10,0,1,16,749,0,0.0,44940,6019,0.13393413440142413,0,0.07730302833333333,0.0
red4,2,4.0,pfft,4,60,configuration,1024,16,0.125,3,10,10,0,1,16,749,0,0.0,44940,6183,0.1375834445927904,0,0.08074168,0.0
red4,2,4.0,profiled_cz,4,60,configuration,1024,16,0.125,3,10,10,0,1,16,749,0,0.0,44940,5939,0.13215398308856252,0,0.38906348166666677,0.0
red4,2,6.0,cwz_joint,4,60,configuration,1024,16,0.125,3,10,10,0,1,16,749,0,0.0,44940,2491,0.05542946150422786,0,0.24966876666666665,0.0
red4,2,6.0,lite,4,60,configuration,1024,16,0.125,3,10,10,0,1,16,749,0,0.0,44940,2493,0.0554739652870494,0,0.10435217166666667,0.0
red4,2,6.0,ofdm_fec,4,60,configuration,1024,16,0.125,3,10,10,0,1,16,749,0,0.0,44940,2515,0.05596350689808634,0,0.08428283833333333,0.0
red4,2,6.0,pfft,4,60,configuration,1024,16,0.125,3,10,10,0,1,16,749,0,0.0,44940,2531,0.056319537160658656,0,0.07816010000000002,0.0
red4,2,6.0,profiled_cz,4,60,configuration,1024,16,0.125,3,10,10,0,1,16,749,0,0.0,44940,2493,0.0554739652870494,0,0.32963165666666666,0.0
red4,2,8.0,cwz_joint,4,60,configuration,1024,16,0.125,3,10,10,0,1,16,749,3,0.05,44940,883,0.019648420115709834,0,0.22790178333333336,38.674698795180724
red4,2,8.0,lite,4,60,configuration,1024,16,0.125,3,10,10,0,1,16,749,2,0.03333333333333333,44940,897,0.019959946595460614,0,0.07967970833333334,25.783132530120483
red4,2,8.0,ofdm_fec,4,60,configuration,1024,16,0.125,3,10,10,0,1,16,749,2,0.03333333333333333,44940,847,0.018847352024922118,0,0.06932018333333331,25.783132530120483
red4,2,8.0,pfft,4,60,configuration,1024,16,0.125,3,10,10,0,1,16,749,2,0.03333333333333333,44940,889,0.019781931464174455,0,0.06234537666666668,25.783132530120483
red4,2,8.0,profiled_cz,4,60,configuration,1024,16,0.125,3,10,10,0,1,16,749,3,0.05,44940,884,0.019670672007120606,0,0.245252405,38.674698795180724
red4,2,10.0,cwz_joint,4,60,configuration,1024,16,0.125,3,10,10,0,1,16,749,10,0.16666666666666666,44940,301,0.006697819314641745,0,0.19734276333333337,128.9156626506024
red4,2,10.0,lite,4,60,configuration,1024,16,0.125,3,10,10,0,1,16,749,10,0.16666666666666666,44940,305,0.006786826880284824,0,0.086664145,128.9156626506024
red4,2,10.0,ofdm_fec,4,60,configuration,1024,16,0.125,3,10,10,0,1,16,749,9,0.15,44940,282,0.006275033377837116,0,0.07257944499999999,116.02409638554217
red4,2,10.0,pfft,4,60,configuration,1024,16,0.125,3,10,10,0,1,16,749,10,0.16666666666666666,44940,306,0.006809078771695594,0,0.07579300333333332,128.9156626506024
red4,2,10.0,profiled_cz,4,60,configuration,1024,16,0.125,3,10,10,0,1,16,749,10,0.16666666666666666,44940,301,0.006697819314641745,0,0.24686698000000004,128.9156626506024
red4,2,12.0,cwz_joint,4,60,configuration,1024,16,0.125,3,10,10,0,1,16,749,25,0.4166666666666667,44940,109,0.002425456163773921,0,0.19847678833333335,322.28915662650604
red4,2,12.0,lite,4,60,configuration,1024,16,0.125,3,10,10,0,1,16,749,22,0.36666666666666664,44940,114,0.0025367156208277704,0,0.08556991499999997,283.6144578313253
red4,2,12.0,ofdm_fec,4,60,configuration,1024,16,0.125,3,10,10,0,1,16,749,23,0.38333333333333336,44940,105,0.002336448598130841,0,0.067989225,296.50602409638554
red4,2,12.0,pfft,4,60,configuration,1024,16,0.125,3,10,10,0,1,16,749,21,0.35,44940,115,0.0025589675122385403,0,0.066947295,270.72289156626505
red4,2,12.0,profiled_cz,4,60,configuration,1024,16,0.125,3,10,10,0,1,16,749,24,0.4,44940,110,0.002447708055184691,0,0.22908963499999996,309.3975903614458
red4,2,14.0,cwz_joint,4,60,configuration,1024,16,0.125,3,10,10,0,1,16,749,42,0.7,44940,34,0.0007565643079661771,0,0.21037898333333332,541.4457831325301
red4,2,14.0,lite,4,60,configuration,1024,16,0.125,3,10,10,0,1,16,749,41,0.6833333333333333,44940,34,0.0007565643079661771,0,0.09720653166666665,528.5542168674699
red4,2,14.0,ofdm_fec,4,60,configuration,1024,16,0.125,3,10,10,0,1,16,749,42,0.7,44940,33,0.0007343124165554072,0,0.06453810333333333,541.4457831325301
red4,2,14.0,pfft,4,60,configuration,1024,16,0.125,3,10,10,0,1,16,749,41,0.6833333333333333,44940,32,0.0007120605251446373,0,0.065172385,528.5542168674699
red4,2,14.0,profiled_cz,4,60,configuration,1024,16,0.125,3,10,10,0,1,16,749,42,0.7,44940,34,0.0007565643079661771,0,0.22641362666666667,541.4457831325301
red4,2,16.0,cwz_joint,4,60,configuration,1024,16,0.125,3,10,10,0,1,16,749,54,0.9,44940,13,0.0002892745883400089,0,0.21321918999999998,696.144578313253
red4,2,16.0,lite,4,60,configuration,1024,16,0.125,3,10,10,0,1,16,749,54,0.9,44940,12,0.000267022696929239,0,0.09794402666666667,696.144578313253
red4,2,16.0,ofdm_fec,4,60,configuration,1024,16,0.125,3,10,10,0,1,16,749,54,0.9,44940,12,0.000267022696929239,0,0.07709342,696.144578313253
red4,2,16.0,pfft,4,60,configuration,1024,16,0.125,3,10,10,0,1,16,749,54,0.9,44940,12,0.000267022696929239,0,0.08188380166666667,696.144578313253
red4,2,16.0,profiled_cz,4,60,configuration,1024,16,0.125,3,10,10,0,1,16,749,54,0.9,44940,12,0.000267022696929239,0,0.23619975333333335,696.144578313253
red4,2,18.0,cwz_joint,4,60,configuration,1024,16,0.125,3,10,10,0,1,16,749,58,0.9666666666666667,44940,2,4.4503782821539834e-5,0,0.20958875999999999,747.710843373494
red4,2,18.0,lite,4,60,configuration,1024,16,0.125,3,10,10,0,1,16,749,58,0.9666666666666667,44940,2,4.4503782821539834e-5,0,0.08581794333333335,747.710843373494
red4,2,18.0,ofdm_fec,4,60,configuration,1024,16,0.125,3,10,10,0,1,16,749,59,0.9833333333333333,44940,1,2.2251891410769917e-5,0,0.0664589,760.6024096385541
red4,2,18.0,pfft,4,60,configuration,1024,16,0.125,3,10,10,0,1,16,749,58,0.9666666666666667,44940,2,4.4503782821539834e-5,0,0.07632605666666664,747.710843373494
red4,2,18.0,profiled_cz,4,60,configuration,1024,16,0.125,3,10,10,0,1,16,749,58,0.9666666666666667,44940,2,4.4503782821539834e-5,0,0.24068542,747.710843373494
red4,2,20.0,cwz_joint,4,60,configuration,1024,16,0.125,3,10,10,0,1,16,749,59,0.9833333333333333,44940,1,2.2251891410769917e-5,0,0.23564555333333334,760.6024096385541
red4,2,20.0,lite,4,60,configuration,1024,16,0.125,3,10,10,0,1,16,749,59,0.9833333333333333,44940,1,2.2251891410769917e-5,0,0.08354884499999998,760.6024096385541
red4,2,20.0,ofdm_fec,4,60,configuration,1024,16,0.125,3,10,10,0,1,16,749,60,1.0,44940,0,0.0,0,0.07730136166666668,773.4939759036145
red4,2,20.0,pfft,4,60,configuration,1024,16,0.125,3,10,10,0,1,16,749,59,0.9833333333333333,44940,1,2.2251891410769917e-5,0,0.06702125333333334,760.6024096385541
red4,2,20.0,profiled_cz,4,60,configuration,1024,16,0.125,3,10,10,0,1,16,749,59,0.9833333333333333,44940,1,2.2251891410769917e-5,0,0.23567803,760.6024096385541
red4,2,22.0,cwz_joint,4,60,configuration,1024,16,0.125,3,10,10,0,1,16,749,59,0.9833333333333333,44940,1,2.2251891410769917e-5,0,0.20741920833333335,760.6024096385541
red4,2,22.0,lite,4,60,configuration,1024,16,0.125,3,10,10,0,1,16,749,59,0.9833333333333333,44940,1,2.2251891410769917e-5,0,0.09209613333333332,760.6024096385541
red4,2,22.0,ofdm_fec,4,60,configuration,1024,16,0.125,3,10,10,0,1,16,749,60,1.0,44940,0,0.0,0,0.06639715333333333,773.4939759036145
red4,2,22.0,pfft,4,60,configuration,1024,16,0.125,3,10,10,0,1,16,749,59,0.9833333333333333,44940,1,2.2251891410769917e-5,0,0.069551945,760.6024096385541
red4,2,22.0,profiled_cz,4,60,configuration,1024,16,0.125,3,10,10,0,1,16,749,59,0.9833333333333333,44940,1,2.2251891410769917e-5,0,0.22840128999999998,760.6024096385541
red4,2,24.0,cwz_joint,4,60,configuration,1024,16,0.125,3,10,10,0,1,16,749,60,1.0,44940,0,0.0,0,0.2519427483333333,773.4939759036145
red4,2,24.0,lite,4,60,configuration,1024,16,0.125,3,10,10,0,1,16,749,60,1.0,44940,0,0.0,0,0.10915860333333335,773.4939759036145
red4,2,24.0,ofdm_fec,4,60,configuration,1024,16,0.125,3,10,10,0,1,16,749,60,1.0,44940,0,0.0,0,0.08572059833333333,773.4939759036145
red4,2,24.0,pfft,4,60,configuration,1024,16,0.125,3,10,10,0,1,16,749,60,1.0,44940,0,0.0,0,0.08280562833333334,773.4939759036145
red4,2,24.0,profiled_cz,4,60,configuration,1024,16,0.125,3,10,10,0,1,16,749,60,1.0,44940,0,0.0,0,0.28840333500000004,773.4939759036145
red4,2,26.0,cwz_joint,4,60,configuration,1024,16,0.125,3,10,10,0,1,16,749,60,1.0,44940,0,0.0,0,0.2278572983333333,773.4939759036145
red4,2,26.0,lite,4,60,configuration,1024,16,0.125,3,10,10,0,1,16,749,60,1.0,44940,0,0.0,0,0.10695381833333333,773.4939759036145
red4,2,26.0,ofdm_fec,4,60,configuration,1024,16,0.125,3,10,10,0,1,16,749,60,1.0,44940,0,0.0,0,0.07753576499999999,773.4939759036145
red4,2,26.0,pfft,4,60,configuration,1024,16,0.125,3,10,10,0,1,16,749,60,1.0,44940,0,0.0,0,0.07887050000000002,773.4939759036145
red4,2,26.0,profiled_cz,4,60,configuration,1024,16,0.125,3,10,10,0,1,16,749,60,1.0,44940,0,0.0,0,0.25740000333333335,773.4939759036145
red4,2,28.0,cwz_joint,4,60,configuration,1024,16,0.125,3,10,10,0,1,16,749,60,1.0,44940,0,0.0,0,0.25620931166666666,773.4939759036145
red4,2,28.0,lite,4,60,configuration,1024,16,0.125,3,10,10,0,1,16,749,60,1.0,44940,0,0.0,0,0.10466940499999998,773.4939759036145
red4,2,28.0,ofdm_fec,4,60,configuration,1024,16,0.125,3,10,10,0,1,16,749,60,1.0,44940,0,0.0,0,0.08856601166666667,773.4939759036145
red4,2,28.0,pfft,4,60,configuration,1024,16,0.125,3,10,10,0,1,16,749,60,1.0,44940,0,0.0,0,0.077755985,773.4939759036145
red4,2,28.0,profiled_cz,4,60,configuration,1024,16,0.125,3,10,10,0,1,16,749,60,1.0,44940,0,0.0,0,0.28993208,773.4939759036145
red4,2,30.0,cwz_joint,4,60,configuration,1024,16,0.125,3,10,10,0,1,16,749,60,1.0,44940,0,0.0,0,0.2108403266666667,773.4939759036145
red4,2,30.0,lite,4,60,configuration,1024,16,0.125,3,10,10,0,1,16,749,60,1.0,44940,0,0.0,0,0.09425371666666665,773.4939759036145
red4,2,30.0,ofdm_fec,4,60,configuration,1024,16,0.125,3,10,10,0,1,16,749,60,1.0,44940,0,0.0,0,0.08676745166666665,773.4939759036145
red4,2,30.0,pfft,4,60,configuration,1024,16,0.125,3,10,10,0,1,16,749,60,1.0,44940,0,0.0,0,0.09240985166666665,773.4939759036145
red4,2,30.0,profiled_cz,4,60,configuration,1024,16,0.125,3,10,10,0,1,16,749,60,1.0,44940,0,0.0,0,0.26319212000000003,773.4939759036145
red4,3,0.0,cwz_joint,4,60,configuration,1024,16,0.125,3,10,10,0,1,16,749,0,0.0,44940,14156,0.31499777481085894,0,0.27806505000000004,0.0
red4,3,0.0,lite,4,60,configuration,1024,16,0.125,3,10,10,0,1,16,749,0,0.0,44940,14503,0.3227191811303961,0,0.08917572666666665,0.0
red4,3,0.0,ofdm_fec,4,60,configuration,1024,16,0.125,3,10,10,0,1,16,749,0,0.0,44940,14432,0.3211392968402314,0,0.06631223,0.0
red4,3,0.0,pfft,4,60,configuration,1024,16,0.125,3,10,10,0,1,16,749,0,0.0,44940,14502,0.3226969292389853,0,0.062472240000000005,0.0
red4,3,0.0,profiled_cz,4,60,configuration,1024,16,0.125,3,10,10,0,1,16,749,0,0.0,44940,14184,0.3156208277703605,0,0.32308537500000006,0.0
red4,3,2.0,cwz_joint,4,60,configuration,1024,16,0.125,3,10,10,0,1,16,749,0,0.0,44940,10812,0.24058744993324432,0,0.2654486766666666,0.0
red4,3,2.0,lite,4,60,configuration,1024,16,0.125,3,10,10,0,1,16,749,0,0.0,44940,11001,0.24479305740987983,0,0.09583357999999999,0.0
red4,3,2.0,ofdm_fec,4,60,configuration,1024,16,0.125,3,10,10,0,1,16,749,0,0.0,44940,11122,0.247485536270583,0,0.07695674333333334,0.0
red4,3,2.0,pfft,4,60,configuration,1024,16,0.125,3,10,10,0,1,16,749,0,0.0,44940,11074,0.24641744548286604,0,0.07426448666666666,0.0
red4,3,2.0,profiled_cz,4,60,configuration,1024,16,0.125,3,10,10,0,1,16,749,0,0.0,44940,10811,0.24056519804183354,0,0.28892775666666665,0.0
red4,3,4.0,cwz_joint,4,60,configuration,1024,16,0.125,3,10,10,0,1,16,749,0,0.0,44940,6882,0.15313751668891856,0,0.25928129499999997,0.0
red4,3,4.0,lite,4,60,configuration,1024,16,0.125,3,10,10,0,1,16,749,0,0.0,44940,7033,0.1564975522919448,0,0.09527874833333334,0.0
red4,3,4.0,ofdm_fec,4,60,configuration,1024,16,0.125,3,10,10,0,1,16,749,0,0.0,44940,6899,0.15351579884290165,0,0.07240828000000002,0.0
red4,3,4.0,pfft,4,60,configuration,1024,16,0.125,3,10,10,0,1,16,749,0,0.0,44940,7055,0.15698709390298177,0,0.06888319333333334,0.0
red4,3,4.0,profiled_cz,4,60,configuration,1024,16,0.125,3,10,10,0,1,16,749,0,0.0,44940,6878,0.15304850912327547,0,0.3408733399999999,0.0
red4,3,6.0,cwz_joint,4,60,configuration,1024,16,0.125,3,10,10,0,1,16,749,0,0.0,44940,3347,0.0744770805518469,0,0.2448932133333334,0.0
red4,3,6.0,lite,4,60,configuration,1024,16,0.125,3,10,10,0,1,16,749,0,0.0,44940,3352,0.07458834000890076,0,0.09636602166666666,0.0
red4,3,6.0,ofdm_fec,4,60,configuration,1024,16,0.125,3,10,10,0,1,16,749,0,0.0,44940,3335,0.07421005785491767,0,0.07922608,0.0
red4,3,6.0,pfft,4,60,configuration,1024,16,0.125,3,10,10,0,1,16,749,0,0.0,44940,3440,0.07654650645304852,0,0.0686416,0.0
red4,3,6.0,profiled_cz,4,60,configuration,1024,16,0.125,3,10,10,0,1,16,749,0,0.0,44940,3348,0.07449933244325768,0,0.3143549716666666,0.0
red4,3,8.0,cwz_joint,4,60,configuration,1024,16,0.125,3,10,10,0,1,16,749,3,0.05,44940,1366,0.030396083667111704,0,0.22790314,38.674698795180724
red4,3,8.0,lite,4,60,configuration,1024,16,0.125,3,10,10,0,1,16,749,2,0.03333333333333333,44940,1402,0.031197151757899423,0,0.08431722166666668,25.783132530120483
red4,3,8.0,ofdm_fec,4,60,configuration,1024,16,0.125,3,10,10,0,1,16,749,2,0.03333333333333333,44940,1355,0.030151312861593234,0,0.07455816500000001,25.783132530120483
red4,3,8.0,pfft,4,60,configuration,1024,16,0.125,3,10,10,0,1,16,749,2,0.03333333333333333,44940,1414,0.03146417445482866,0,0.07941898500000003,25.783132530120483
red4,3,8.0,profiled_cz,4,60,configuration,1024,16,0.125,3,10,10,0,1,16,749,3,0.05,44940,1367,0.030418335558522476,0,0.28927285999999997,38.674698795180724
red4,3,10.0,cwz_joint,4,60,configuration,1024,16,0.125,3,10,10,0,1,16,749,7,0.11666666666666667,44940,573,0.012750333778371162,0,0.21576154166666667,90.24096385542168
red4,3,10.0,lite,4,60,configuration,1024,16,0.125,3,10,10,0,1,16,749,7,0.11666666666666667,44940,586,0.013039608366711171,0,0.10258503833333332,90.24096385542168
red4,3,10.0,ofdm_fec,4,60,configuration,1024,16,0.125,3,10,10,0,1,16,749,8,0.13333333333333333,44940,594,0.01321762349799733,0,0.07453255500000001,103.13253012048193
red4,3,10.0,pfft,4,60,configuration,1024,16,0.125,3,10,10,0,1,16,749,7,0.11666666666666667,44940,591,0.01315086782376502,0,0.07880372666666666,90.24096385542168
red4,3,10.0,profiled_cz,4,60,configuration,1024,16,0.125,3,10,10,0,1,16,749,6,0.1,44940,575,0.012794837561192702,0,0.2781606733333334,77.34939759036145
red4,3,12.0,cwz_joint,4,60,configuration,1024,16,0.125,3,10,10,0,1,16,749,18,0.3,44940,258,0.0057409879839786385,0,0.22057532499999993,232.04819277108433
red4,3,12.0,lite,4,60,configuration,1024,16,0.125,3,10,10,0,1,16,749,18,0.3,44940,260,0.005785491766800178,0,0.09424962166666669,232.04819277108433
red4,3,12.0,ofdm_fec,4,60,configuration,1024,16,0.125,3,10,10,0,1,16,749,21,0.35,44940,256,0.005696484201157099,0,0.068241705,270.72289156626505
red4,3,12.0,pfft,4,60,configuration,1024,16,0.125,3,10,10,0,1,16,749,18,0.3,44940,260,0.005785491766800178,0,0.07419771,232.04819277108433
red4,3,12.0,profiled_cz,4,60,configuration,1024,16,0.125,3,10,10,0,1,16,749,18,0.3,44940,259,0.005763239875389408,0,0.27914311666666675,232.04819277108433
red4,3,14.0,cwz_joint,4,60,configuration,1024,16,0.125,3,10,10,0,1,16,749,35,0.5833333333333334,44940,116,0.00258121940364931,0,0.242727235,451.2048192771084
red4,3,14.0,lite,4,60,configuration,1024,16,0.125,3,10,10,0,1,16,749,32,0.5333333333333333,44940,118,0.00262572318647085,0,0.08555528166666665,412.5301204819277
red4,3,14.0,ofdm_fec,4,60,configuration,1024,16,0.125,3,10,10,0,1,16,749,33,0.55,44940,116,0.00258121940364931,0,0.06719627333333332,425.4216867469879
red4,3,14.0,pfft,4,60,configuration,1024,16,0.125,3,10,10,0,1,16,749,32,0.5333333333333333,44940,118,0.00262572318647085,0,0.07042441333333335,412.5301204819277
red4,3,14.0,profiled_cz,4,60,configuration,1024,16,0.125,3,10,10,0,1,16,749,35,0.5833333333333334,44940,116,0.00258121940364931,0,0.2766351133333334,451.2048192771084
red4,3,16.0,cwz_joint,4,60,configuration,1024,16,0.125,3,10,10,0,1,16,749,38,0.6333333333333333,44940,60,0.0013351134846461949,0,0.2217062333333333,489.87951807228916
red4,3,16.0,lite,4,60,configuration,1024,16,0.125,3,10,10,0,1,16,749,37,0.6166666666666667,44940,60,0.0013351134846461949,0,0.0980152,476.9879518072289
red4,3,16.0,ofdm_fec,4,60,configuration,1024,16,0.125,3,10,10,0,1,16,749,39,0.65,44940,59,0.001312861593235425,0,0.08008004166666668,502.7710843373494
red4,3,16.0,pfft,4,60,configuration,1024,16,0.125,3,10,10,0,1,16,749,37,0.6166666666666667,44940,60,0.0013351134846461949,0,0.07352608833333332,476.9879518072289
red4,3,16.0,profiled_cz,4,60,configuration,1024,16,0.125,3,10,10,0,1,16,749,38,0.6333333333333333,44940,60,0.0013351134846461949,0,0.26422493499999994,489.87951807228916
red4,3,18.0,cwz_joint,4,60,configuration,1024,16,0.125,3,10,10,0,1,16,749,47,0.7833333333333333,44940,34,0.0007565643079661771,0,0.22171745999999998,605.9036144578313
red4,3,18.0,lite,4,60,configuration,1024,16,0.125,3,10,10,0,1,16,749,46,0.7666666666666667,44940,34,0.0007565643079661771,0,0.09183949333333334,593.0120481927711
red4,3,18.0,ofdm_fec,4,60,configuration,1024,16,0.125,3,10,10,0,1,16,749,47,0.7833333333333333,44940,33,0.0007343124165554072,0,0.06431247,605.9036144578313
red4,3,18.0,pfft,4,60,configuration,1024,16,0.125,3,10,10,0,1,16,749,45,0.75,44940,35,0.000778816199376947,0,0.07496924833333334,580.1204819277108
red4,3,18.0,profiled_cz,4,60,configuration,1024,16,0.125,3,10,10,0,1,16,749,47,0.7833333333333333,44940,33,0.0007343124165554072,0,0.25847143,605.9036144578313
red4,3,20.0,cwz_joint,4,60,configuration,1024,16,0.125,3,10,10,0,1,16,749,49,0.8166666666666667,44940,18,0.00040053404539385846,0,0.24883629999999995,631.6867469879518
red4,3,20.0,lite,4,60,configuration,1024,16,0.125,3,10,10,0,1,16,749,49,0.8166666666666667,44940,18,0.00040053404539385846,0,0.10636203166666668,631.6867469879518
red4,3,20.0,ofdm_fec,4,60,configuration,1024,16,0.125,3,10,10,0,1,16,749,51,0.85,44940,16,0.00035603026257231867,0,0.07689453166666664,657.4698795180723
red4,3,20.0,pfft,4,60,configuration,1024,16,0.125,3,10,10,0,1,16,749,49,0.8166666666666667,44940,17,0.00037828215398308856,0,0.08141851333333333,631.6867469879518
red4,3,20.0,profiled_cz,4,60,configuration,1024,16,0.125,3,10,10,0,1,16,749,49,0.8166666666666667,44940,18,0.00040053404539385846,0,0.27976281666666664,631.6867469879518
red4,3,22.0,cwz_joint,4,60,configuration,1024,16,0.125,3,10,10,0,1,16,749,53,0.8833333333333333,44940,8,0.00017801513128615933,0,0.2341294866666667,683.2530120481928
red4,3,22.0,lite,4,60,configuration,1024,16,0.125,3,10,10,0,1,16,749,52,0.8666666666666667,44940,9,0.00020026702269692923,0,0.10125743333333334,670.3614457831325
red4,3,22.0,ofdm_fec,4,60,configuration,1024,16,0.125,3,10,10,0,1,16,749,52,0.8666666666666667,44940,11,0.0002447708055184691,0,0.07480753,670.3614457831325
red4,3,22.0,pfft,4,60,configuration,1024,16,0.125,3,10,10,0,1,16,749,52,0.8666666666666667,44940,9,0.00020026702269692923,0,0.07790203999999999,670.3614457831325
red4,3,22.0,profiled_cz,4,60,configuration,1024,16,0.125,3,10,10,0,1,16,749,53,0.8833333333333333,44940,8,0.00017801513128615933,0,0.28544060166666674,683.2530120481928
red4,3,24.0,cwz_joint,4,60,configuration,1024,16,0.125,3,10,10,0,1,16,749,55,0.9166666666666666,44940,6,0.0001335113484646195,0,0.2134592133333334,709.0361445783133
red4,3,24.0,lite,4,60,configuration,1024,16,0.125,3,10,10,0,1,16,749,54,0.9,44940,7,0.00015576323987538941,0,0.08510162500000003,696.144578313253
red4,3,24.0,ofdm_fec,4,60,configuration,1024,16,0.125,3,10,10,0,1,16,749,53,0.8833333333333333,44940,8,0.00017801513128615933,0,0.06440977333333334,683.2530120481928
red4,3,24.0,pfft,4,60,configuration,1024,16,0.125,3,10,10,0,1,16,749,54,0.9,44940,7,0.00015576323987538941,0,0.06288418666666666,696.144578313253
red4,3,24.0,profiled_cz,4,60,configuration,1024,16,0.125,3,10,10,0,1,16,749,55,0.9166666666666666,44940,6,0.0001335113484646195,0,0.24912646333333335,709.0361445783133
red4,3,26.0,cwz_joint,4,60,configuration,1024,16,0.125,3,10,10,0,1,16,749,56,0.9333333333333333,44940,5,0.00011125945705384957,0,0.2440453266666667,721.9277108433735
red4,3,26.0,lite,4,60,configuration,1024,16,0.125,3,10,10,0,1,16,749,56,0.9333333333333333,44940,5,0.00011125945705384957,0,0.08367363833333333,721.9277108433735
red4,3,26.0,ofdm_fec,4,60,configuration,1024,16,0.125,3,10,10,0,1,16,749,56,0.9333333333333333,44940,5,0.00011125945705384957,0,0.07427165999999999,721.9277108433735
red4,3,26.0,pfft,4,60,configuration,1024,16,0.125,3,10,10,0,1,16,749,56,0.9333333333333333,44940,5,0.00011125945705384957,0,0.07098912666666667,721.9277108433735
red4,3,26.0,profiled_cz,4,60,configuration,1024,16,0.125,3,10,10,0,1,16,749,56,0.9333333333333333,44940,5,0.00011125945705384957,0,0.253566305,721.9277108433735
red4,3,28.0,cwz_joint,4,60,configuration,1024,16,0.125,3,10,10,0,1,16,749,56,0.9333333333333333,44940,5,0.00011125945705384957,0,0.24811870333333336,721.9277108433735
red4,3,28.0,lite,4,60,configuration,1024,16,0.125,3,10,10,0,1,16,749,57,0.95,44940,4,8.900756564307967e-5,0,0.09313310999999999,734.8192771084338
red4,3,28.0,ofdm_fec,4,60,configuration,1024,16,0.125,3,10,10,0,1,16,749,57,0.95,44940,4,8.900756564307967e-5,0,0.06971830666666666,734.8192771084338
red4,3,28.0,pfft,4,60,configuration,1024,16,0.125,3,10,10,0,1,16,749,57,0.95,44940,4,8.900756564307967e-5,0,0.06724730833333334,734.8192771084338
red4,3,28.0,profiled_cz,4,60,configuration,1024,16,0.125,3,10,10,0,1,16,749,56,0.9333333333333333,44940,5,0.00011125945705384957,0,0.23970724500000004,721.9277108433735
red4,3,30.0,cwz_joint,4,60,configuration,1024,16,0.125,3,10,10,0,1,16,749,57,0.95,44940,4,8.900756564307967e-5,0,0.22992915,734.8192771084338
red4,3,30.0,lite,4,60,configuration,1024,16,0.125,3,10,10,0,1,16,749,57,0.95,44940,4,8.900756564307967e-5,0,0.087174245,734.8192771084338
red4,3,30.0,ofdm_fec,4,60,configuration,1024,16,0.125,3,10,10,0,1,16,749,57,0.95,44940,4,8.900756564307967e-5,0,0.07559750166666669,734.8192771084338
red4,3,30.0,pfft,4,60,configuration,1024,16,0.125,3,10,10,0,1,16,749,57,0.95,44940,4,8.900756564307967e-5,0,0.07773176833333335,734.8192771084338
red4,3,30.0,profiled_cz,4,60,configuration,1024,16,0.125,3,10,10,0,1,16,749,57,0.95,44940,4,8.900756564307967e-5,0,0.25245805666666665,734.8192771084338
