workload_id,snr_db,frame,algorithm_id,bit_errors,success,decode_failure,decoder_valid,crc_valid,baseline_valid,accepted_update,selection_reason,selected_iteration,lite_syndrome,gradient_syndrome,lite_score,gradient_score,selected_mean_abs_lpost
red4:lane1:snr0.0:seed4:frame1,0.0,1,cwz_joint,927,false,false,true,missing,false,true,gradient_only,8,3442,0,2.4927296975425715,9.902843975421598,missing
red4:lane1:snr0.0:seed4:frame2,0.0,2,cwz_joint,820,false,false,true,missing,false,true,gradient_only,8,3494,0,2.0912300506408856,9.240803836905235,missing
red4:lane1:snr0.0:seed4:frame3,0.0,3,cwz_joint,952,false,false,true,missing,false,true,gradient_only,8,3385,0,2.306564901071764,13.868584003797709,missing
red4:lane1:snr0.0:seed4:frame4,0.0,4,cwz_joint,920,false,false,true,missing,false,true,gradient_only,8,3265,0,1.5214597790717463,10.497992009389298,missing
red4:lane1:snr0.0:seed4:frame5,0.0,5,cwz_joint,875,false,false,true,missing,false,true,gradient_only,8,3340,0,2.1391285527634443,1.5302787611766182,missing
red4:lane1:snr0.0:seed4:frame6,0.0,6,cwz_joint,851,false,false,true,missing,false,true,gradient_only,8,3420,0,1.4767277207962326,8.159491861019537,missing
red4:lane1:snr0.0:seed4:frame7,0.0,7,cwz_joint,884,false,false,true,missing,false,true,gradient_only,8,3395,0,5.067642423231495,40.978806312242874,missing
red4:lane1:snr0.0:seed4:frame8,0.0,8,cwz_joint,847,false,false,true,missing,false,true,gradient_only,8,3369,0,1.779237937663306,18.359257533768524,missing
red4:lane1:snr0.0:seed4:frame9,0.0,9,cwz_joint,878,false,false,true,missing,false,true,gradient_only,8,3252,0,2.073800118763387,17.156470710485376,missing
red4:lane1:snr0.0:seed4:frame10,0.0,10,cwz_joint,930,false,false,true,missing,false,true,gradient_only,8,3417,0,1.9211818238481158,6.604177237986414,missing
red4:lane1:snr0.0:seed4:frame11,0.0,11,cwz_joint,935,false,false,true,missing,false,true,gradient_only,8,3391,0,4.532075531014981,8.028953574589655,missing
red4:lane1:snr0.0:seed4:frame12,0.0,12,cwz_joint,832,false,false,true,missing,false,true,gradient_only,8,3346,0,1.9405703467606692,10.076976159496075,missing
red4:lane1:snr0.0:seed4:frame13,0.0,13,cwz_joint,907,false,false,true,missing,false,true,gradient_only,8,3357,0,1.4864267636027204,7.635418939763654,missing
red4:lane1:snr0.0:seed4:frame14,0.0,14,cwz_joint,939,false,false,true,missing,false,true,gradient_only,8,3371,0,1.691350629065112,10.790978940846292,missing
red4:lane1:snr0.0:seed4:frame15,0.0,15,cwz_joint,829,false,false,true,missing,false,true,gradient_only,8,3308,0,3.155409516874897,12.331604111470085,missing
red4:lane1:snr0.0:seed4:frame16,0.0,16,cwz_joint,825,false,false,true,missing,false,true,gradient_only,8,3274,0,2.477844983150631,7.236568015507207,missing
red4:lane1:snr0.0:seed4:frame17,0.0,17,cwz_joint,839,false,false,true,missing,false,true,gradient_only,8,3430,0,2.010193622087685,31.099818427262093,missing
red4:lane1:snr0.0:seed4:frame18,0.0,18,cwz_joint,904,false,false,true,missing,false,true,gradient_only,8,3364,0,1.2702563256051684,10.361197119576355,missing
red4:lane1:snr0.0:seed4:frame19,0.0,19,cwz_joint,953,false,false,true,missing,false,true,gradient_only,8,3364,0,1.3846170772805722,13.89796812052595,missing
red4:lane1:snr0.0:seed4:frame20,0.0,20,cwz_joint,839,false,false,true,missing,false,true,gradient_only,8,3322,0,3.888691667148882,14.98772874098992,missing
red4:lane1:snr0.0:seed4:frame21,0.0,21,cwz_joint,922,false,false,true,missing,false,true,gradient_only,8,3443,0,1.4260381830100983,8.527698922592297,missing
red4:lane1:snr0.0:seed4:frame22,0.0,22,cwz_joint,1113,false,false,true,missing,false,true,gradient_only,8,3486,0,2.0155414372199494,498.18961829538483,missing
red4:lane1:snr0.0:seed4:frame23,0.0,23,cwz_joint,873,false,false,true,missing,false,true,gradient_only,8,3370,0,1.2191096533599792,12.485584316235204,missing
red4:lane1:snr0.0:seed4:frame24,0.0,24,cwz_joint,874,false,false,true,missing,false,true,gradient_only,8,3359,0,13.420722941946801,10.740461980433535,missing
red4:lane1:snr0.0:seed4:frame25,0.0,25,cwz_joint,866,false,false,true,missing,false,true,gradient_only,8,3359,0,1.6532382706279127,8.484409935484038,missing
red4:lane1:snr0.0:seed4:frame26,0.0,26,cwz_joint,850,false,false,true,missing,false,true,gradient_only,8,3353,0,1.1799534346980307,3.652609521880488,missing
red4:lane1:snr0.0:seed4:frame27,0.0,27,cwz_joint,893,false,false,true,missing,false,true,gradient_only,8,3460,0,1.403557106677701,6.420307508282126,missing
red4:lane1:snr0.0:seed4:frame28,0.0,28,cwz_joint,826,false,false,true,missing,false,true,gradient_only,8,3242,0,1.920675594745173,4.156216343350968,missing
red4:lane1:snr0.0:seed4:frame29,0.0,29,cwz_joint,799,false,false,true,missing,false,true,gradient_only,8,3369,0,1.4498772081771132,6.503441236920233,missing
red4:lane1:snr0.0:seed4:frame30,0.0,30,cwz_joint,930,false,false,true,missing,false,true,gradient_only,8,3376,0,2.435714378748772,23.633100669055334,missing
red4:lane1:snr0.0:seed4:frame31,0.0,31,cwz_joint,871,false,false,true,missing,false,true,gradient_only,8,3290,0,1.86723247026855,12.055853179575818,missing
red4:lane1:snr0.0:seed4:frame32,0.0,32,cwz_joint,939,false,false,true,missing,false,true,gradient_only,8,3366,0,3.357260282735315,12.556173843849235,missing
red4:lane1:snr0.0:seed4:frame33,0.0,33,cwz_joint,879,false,false,true,missing,false,true,gradient_only,8,3353,0,1.3668527647571371,4.2434185750163405,missing
red4:lane1:snr0.0:seed4:frame34,0.0,34,cwz_joint,867,false,false,true,missing,false,true,gradient_only,8,3398,0,1.2529980876069557,4.289220286502632,missing
red4:lane1:snr0.0:seed4:frame35,0.0,35,cwz_joint,919,false,false,true,missing,false,true,gradient_only,8,3454,0,2.351525419768117,8.120565424180205,missing
red4:lane1:snr0.0:seed4:frame36,0.0,36,cwz_joint,858,false,false,true,missing,false,true,gradient_only,8,3333,0,41.60576938584526,9.37209130872438,missing
red4:lane1:snr0.0:seed4:frame37,0.0,37,cwz_joint,806,false,false,false,missing,false,true,gradient_only,5,3389,9,1.5792724548177168,19.853209547173932,missing
red4:lane1:snr0.0:seed4:frame38,0.0,38,cwz_joint,910,false,false,true,missing,false,true,gradient_only,8,3364,0,2.5386411892646032,14.396870766766135,missing
red4:lane1:snr0.0:seed4:frame39,0.0,39,cwz_joint,880,false,false,true,missing,false,true,gradient_only,8,3345,0,1.6855960843358462,6.304455483288075,missing
red4:lane1:snr0.0:seed4:frame40,0.0,40,cwz_joint,913,false,false,true,missing,false,true,gradient_only,8,3390,0,1.4723481826819436,10.35433793184459,missing
red4:lane1:snr0.0:seed4:frame41,0.0,41,cwz_joint,936,false,false,true,missing,false,true,gradient_only,8,3430,0,2.089908310806434,3.748527233672951,missing
red4:lane1:snr0.0:seed4:frame42,0.0,42,cwz_joint,823,false,false,true,missing,false,true,gradient_only,8,3352,0,1.6043492134483839,11.278289917215737,missing
red4:lane1:snr0.0:seed4:frame43,0.0,43,cwz_joint,1095,false,false,true,missing,false,true,gradient_only,6,3378,0,2.518694843853033,158.58623164492718,missing
red4:lane1:snr0.0:seed4:frame44,0.0,44,cwz_joint,852,false,false,true,missing,false,true,gradient_only,8,3322,0,4.592165431377734,8.92188096684792,missing
red4:lane1:snr0.0:seed4:frame45,0.0,45,cwz_joint,863,false,false,true,missing,false,true,gradient_only,8,3378,0,3.1176379021222456,8.64332659263631,missing
red4:lane1:snr0.0:seed4:frame46,0.0,46,cwz_joint,804,false,false,true,missing,false,true,gradient_only,8,3421,0,3.397395722789732,38.34119290277577,missing
red4:lane1:snr0.0:seed4:frame47,0.0,47,cwz_joint,904,false,false,true,missing,false,true,gradient_only,8,3357,0,30.16618035138705,13.652062018760983,missing
red4:lane1:snr0.0:seed4:frame48,0.0,48,cwz_joint,971,false,false,true,missing,false,true,gradient_only,8,3428,0,1.4044173926782768,10.772863043059099,missing
red4:lane1:snr0.0:seed4:frame49,0.0,49,cwz_joint,885,false,false,true,missing,false,true,gradient_only,8,3343,0,10.575749319779927,6.162570323464286,missing
red4:lane1:snr0.0:seed4:frame50,0.0,50,cwz_joint,889,false,false,true,missing,false,true,gradient_only,8,3473,0,1.3940491528550942,10.106453714654409,missing
red4:lane1:snr0.0:seed4:frame51,0.0,51,cwz_joint,915,false,false,true,missing,false,true,gradient_only,8,3411,0,1.9836852441573127,9.171894487902389,missing
red4:lane1:snr0.0:seed4:frame52,0.0,52,cwz_joint,911,false,false,true,missing,false,true,gradient_only,8,3330,0,1.5222628210149218,10.170015664027023,missing
red4:lane1:snr0.0:seed4:frame53,0.0,53,cwz_joint,934,false,false,true,missing,false,true,gradient_only,8,3388,0,2.967863141198803,4.718456841904142,missing
red4:lane1:snr0.0:seed4:frame54,0.0,54,cwz_joint,871,false,false,true,missing,false,true,gradient_only,8,3383,0,1.568805477669893,7.069373961034098,missing
red4:lane1:snr0.0:seed4:frame55,0.0,55,cwz_joint,897,false,false,true,missing,false,true,gradient_only,8,3307,0,2.044133754614887,7.929173920821224,missing
red4:lane1:snr0.0:seed4:frame56,0.0,56,cwz_joint,930,false,false,true,missing,false,true,gradient_only,8,3396,0,1.45994318538691,10.967157776887994,missing
red4:lane1:snr0.0:seed4:frame57,0.0,57,cwz_joint,787,false,false,true,missing,false,true,gradient_only,8,3268,0,1.6211645047812397,2.12451393238648,missing
red4:lane1:snr0.0:seed4:frame58,0.0,58,cwz_joint,913,false,false,true,missing,false,true,gradient_only,8,3364,0,1.2668708062322314,4.796911149803205,missing
red4:lane1:snr0.0:seed4:frame59,0.0,59,cwz_joint,913,false,false,true,missing,false,true,gradient_only,8,3318,0,1.7781867564246143,5.621641697531633,missing
red4:lane1:snr0.0:seed4:frame60,0.0,60,cwz_joint,897,false,false,true,missing,false,true,gradient_only,8,3352,0,2.002877619167231,16.990621379988045,missing
red4:lane1:snr0.0:seed4:frame1,0.0,1,profiled_cz,972,false,false,false,missing,false,true,gradient_only,3,3442,2238,2.4927296975425715,6.663461616925903,missing
red4:lane1:snr0.0:seed4:frame2,0.0,2,profiled_cz,858,false,false,false,missing,false,true,gradient_only,6,3494,2387,2.0912300506408856,16.533174132102662,missing
red4:lane1:snr0.0:seed4:frame3,0.0,3,profiled_cz,966,false,false,false,missing,false,true,gradient_only,3,3385,2411,2.306564901071764,11.454466183123195,missing
red4:lane1:snr0.0:seed4:frame4,0.0,4,profiled_cz,908,false,false,false,missing,false,true,gradient_only,1,3265,2267,1.5214597790717463,11.129745132169857,missing
red4:lane1:snr0.0:seed4:frame5,0.0,5,profiled_cz,876,false,false,false,missing,false,true,gradient_only,1,3340,2393,2.1391285527634443,5.08601419527681,missing
red4:lane1:snr0.0:seed4:frame6,0.0,6,profiled_cz,850,false,false,false,missing,false,true,gradient_only,3,3420,2374,1.4767277207962326,7.0282116526834235,missing
red4:lane1:snr0.0:seed4:frame7,0.0,7,profiled_cz,855,false,false,false,missing,false,true,gradient_only,1,3395,2434,5.067642423231495,17.50238363819278,missing
red4:lane1:snr0.0:seed4:frame8,0.0,8,profiled_cz,860,false,false,false,missing,false,true,gradient_only,1,3369,2256,1.779237937663306,13.306429852425758,missing
red4:lane1:snr0.0:seed4:frame9,0.0,9,profiled_cz,860,false,false,false,missing,false,true,gradient_only,1,3252,2310,2.073800118763387,16.4240203212852,missing
red4:lane1:snr0.0:seed4:frame10,0.0,10,profiled_cz,925,false,false,false,missing,false,true,gradient_only,1,3417,2392,1.9211818238481158,29.031795659859625,missing
red4:lane1:snr0.0:seed4:frame11,0.0,11,profiled_cz,946,false,false,false,missing,false,true,gradient_only,3,3391,2338,4.532075531014981,8.722406045800852,missing
red4:lane1:snr0.0:seed4:frame12,0.0,12,profiled_cz,863,false,false,false,missing,false,true,gradient_only,8,3346,2194,1.9405703467606692,7.617222718310476,missing
red4:lane1:snr0.0:seed4:frame13,0.0,13,profiled_cz,912,false,false,false,missing,false,true,gradient_only,4,3357,2328,1.4864267636027204,14.939894802166258,missing
red4:lane1:snr0.0:seed4:frame14,0.0,14,profiled_cz,952,false,false,false,missing,false,true,gradient_only,1,3371,2292,1.691350629065112,11.13813057443706,missing
red4:lane1:snr0.0:seed4:frame15,0.0,15,profiled_cz,849,false,false,false,missing,false,true,gradient_only,8,3308,2332,3.155409516874897,7.924671070781371,missing
red4:lane1:snr0.0:seed4:frame16,0.0,16,profiled_cz,858,false,false,false,missing,false,true,gradient_only,3,3274,2342,2.477844983150631,5.3810239569007665,missing
red4:lane1:snr0.0:seed4:frame17,0.0,17,profiled_cz,862,false,false,false,missing,false,true,gradient_only,8,3430,2453,2.010193622087685,18.642204679904857,missing
red4:lane1:snr0.0:seed4:frame18,0.0,18,profiled_cz,919,false,false,false,missing,false,true,gradient_only,4,3364,2376,1.2702563256051684,15.953501102136597,missing
red4:lane1:snr0.0:seed4:frame19,0.0,19,profiled_cz,946,false,false,false,missing,false,true,gradient_only,4,3364,2325,1.3846170772805722,10.870512890153007,missing
red4:lane1:snr0.0:seed4:frame20,0.0,20,profiled_cz,834,false,false,false,missing,false,true,gradient_only,8,3322,2345,3.888691667148882,9.04179411339028,missing
red4:lane1:snr0.0:seed4:frame21,0.0,21,profiled_cz,924,false,false,false,missing,false,true,gradient_only,6,3443,2443,1.4260381830100983,10.838755102905777,missing
red4:lane1:snr0.0:seed4:frame22,0.0,22,profiled_cz,1093,false,false,false,missing,false,true,gradient_only,8,3486,2650,2.0155414372199494,49.46307775132373,missing
red4:lane1:snr0.0:seed4:frame23,0.0,23,profiled_cz,879,false,false,false,missing,false,true,gradient_only,4,3370,2384,1.2191096533599792,9.32067475090229,missing
red4:lane1:snr0.0:seed4:frame24,0.0,24,profiled_cz,911,false,false,false,missing,false,true,gradient_only,6,3359,2452,13.420722941946801,9.99709388575762,missing
red4:lane1:snr0.0:seed4:frame25,0.0,25,profiled_cz,861,false,false,false,missing,false,true,gradient_only,1,3359,2372,1.6532382706279127,7.378144962142031,missing
red4:lane1:snr0.0:seed4:frame26,0.0,26,profiled_cz,875,false,false,false,missing,false,true,gradient_only,8,3353,2362,1.1799534346980307,5.272488084605331,missing
red4:lane1:snr0.0:seed4:frame27,0.0,27,profiled_cz,911,false,false,false,missing,false,true,gradient_only,6,3460,2558,1.403557106677701,6.954147615775487,missing
red4:lane1:snr0.0:seed4:frame28,0.0,28,profiled_cz,862,false,false,false,missing,false,true,gradient_only,1,3242,2182,1.920675594745173,6.851136986013817,missing
red4:lane1:snr0.0:seed4:frame29,0.0,29,profiled_cz,827,false,false,false,missing,false,true,gradient_only,4,3369,2447,1.4498772081771132,10.852878382527043,missing
red4:lane1:snr0.0:seed4:frame30,0.0,30,profiled_cz,936,false,false,false,missing,false,true,gradient_only,8,3376,2246,2.435714378748772,12.672170274543433,missing
red4:lane1:snr0.0:seed4:frame31,0.0,31,profiled_cz,897,false,false,false,missing,false,true,gradient_only,8,3290,2163,1.86723247026855,7.921920469556808,missing
red4:lane1:snr0.0:seed4:frame32,0.0,32,profiled_cz,917,false,false,false,missing,false,true,gradient_only,4,3366,2510,3.357260282735315,45.23013340311786,missing
red4:lane1:snr0.0:seed4:frame33,0.0,33,profiled_cz,915,false,false,false,missing,false,true,gradient_only,7,3353,2290,1.3668527647571371,5.8371530198781745,missing
red4:lane1:snr0.0:seed4:frame34,0.0,34,profiled_cz,874,false,false,false,missing,false,true,gradient_only,5,3398,2399,1.2529980876069557,11.469265323339737,missing
red4:lane1:snr0.0:seed4:frame35,0.0,35,profiled_cz,915,false,false,false,missing,false,true,gradient_only,4,3454,2368,2.351525419768117,13.127113429685382,missing
red4:lane1:snr0.0:seed4:frame36,0.0,36,profiled_cz,878,false,false,false,missing,false,true,gradient_only,6,3333,2304,41.60576938584526,5.515171289328442,missing
red4:lane1:snr0.0:seed4:frame37,0.0,37,profiled_cz,831,false,false,false,missing,false,true,gradient_only,7,3389,2399,1.5792724548177168,6.883293716449821,missing
red4:lane1:snr0.0:seed4:frame38,0.0,38,profiled_cz,928,false,false,false,missing,false,true,gradient_only,1,3364,2302,2.5386411892646032,11.543932392283995,missing
red4:lane1:snr0.0:seed4:frame39,0.0,39,profiled_cz,883,false,false,false,missing,false,true,gradient_only,5,3345,2176,1.6855960843358462,8.84035449254085,missing
red4:lane1:snr0.0:seed4:frame40,0.0,40,profiled_cz,920,false,false,false,missing,false,true,gradient_only,1,3390,2393,1.4723481826819436,10.138205329739023,missing
red4:lane1:snr0.0:seed4:frame41,0.0,41,profiled_cz,917,false,false,false,missing,false,true,gradient_only,8,3430,2533,2.089908310806434,8.989147147761642,missing
red4:lane1:snr0.0:seed4:frame42,0.0,42,profiled_cz,857,false,false,false,missing,false,true,gradient_only,1,3352,2372,1.6043492134483839,13.81193675578898,missing
red4:lane1:snr0.0:seed4:frame43,0.0,43,profiled_cz,1089,false,false,false,missing,false,true,gradient_only,6,3378,2725,2.518694843853033,87.65259255740905,missing
red4:lane1:snr0.0:seed4:frame44,0.0,44,profiled_cz,849,false,false,false,missing,false,true,gradient_only,8,3322,2216,4.592165431377734,6.431134476470818,missing
red4:lane1:snr0.0:seed4:frame45,0.0,45,profiled_cz,887,false,false,false,missing,false,true,gradient_only,6,3378,2203,3.1176379021222456,7.959856659980221,missing
red4:lane1:snr0.0:seed4:frame46,0.0,46,profiled_cz,855,false,false,false,missing,false,true,gradient_only,1,3421,2582,3.397395722789732,20.686348319710675,missing
red4:lane1:snr0.0:seed4:frame47,0.0,47,profiled_cz,940,false,false,false,missing,false,true,gradient_only,2,3357,2310,30.16618035138705,15.726908687905947,missing
red4:lane1:snr0.0:seed4:frame48,0.0,48,profiled_cz,974,false,false,false,missing,false,true,gradient_only,3,3428,2536,1.4044173926782768,10.083466009014808,missing
red4:lane1:snr0.0:seed4:frame49,0.0,49,profiled_cz,905,false,false,false,missing,false,true,gradient_only,8,3343,2292,10.575749319779927,5.618212262262608,missing
red4:lane1:snr0.0:seed4:frame50,0.0,50,profiled_cz,915,false,false,false,missing,false,true,gradient_only,1,3473,2462,1.3940491528550942,9.081818805586542,missing
red4:lane1:snr0.0:seed4:frame51,0.0,51,profiled_cz,950,false,false,false,missing,false,true,gradient_only,6,3411,2418,1.9836852441573127,21.709705694655632,missing
red4:lane1:snr0.0:seed4:frame52,0.0,52,profiled_cz,898,false,false,false,missing,false,true,gradient_only,1,3330,2375,1.5222628210149218,6.823354747506593,missing
red4:lane1:snr0.0:seed4:frame53,0.0,53,profiled_cz,925,false,false,false,missing,false,true,gradient_only,2,3388,2505,2.967863141198803,8.116510504969595,missing
red4:lane1:snr0.0:seed4:frame54,0.0,54,profiled_cz,892,false,false,false,missing,false,true,gradient_only,4,3383,2373,1.568805477669893,15.49389662201509,missing
red4:lane1:snr0.0:seed4:frame55,0.0,55,profiled_cz,920,false,false,false,missing,false,true,gradient_only,1,3307,2423,2.044133754614887,8.491048177759383,missing
red4:lane1:snr0.0:seed4:frame56,0.0,56,profiled_cz,934,false,false,false,missing,false,true,gradient_only,4,3396,2248,1.45994318538691,7.371067323515398,missing
red4:lane1:snr0.0:seed4:frame57,0.0,57,profiled_cz,798,false,false,false,missing,false,true,gradient_only,7,3268,2128,1.6211645047812397,8.870905717451414,missing
red4:lane1:snr0.0:seed4:frame58,0.0,58,profiled_cz,910,false,false,false,missing,false,true,gradient_only,4,3364,2549,1.2668708062322314,6.296948907709076,missing
red4:lane1:snr0.0:seed4:frame59,0.0,59,profiled_cz,925,false,false,false,missing,false,true,gradient_only,2,3318,2224,1.7781867564246143,9.899184604956636,missing
red4:lane1:snr0.0:seed4:frame60,0.0,60,profiled_cz,919,false,false,false,missing,false,true,gradient_only,5,3352,2276,2.002877619167231,10.139921788855526,missing
red4:lane1:snr2.0:seed4:frame1,2.0,1,cwz_joint,827,false,false,true,missing,false,true,gradient_only,8,3268,0,1.7249572224036138,7.842838763380775,missing
red4:lane1:snr2.0:seed4:frame2,2.0,2,cwz_joint,689,false,false,true,missing,false,true,gradient_only,8,3245,0,1.0922276626041687,8.321856942192962,missing
red4:lane1:snr2.0:seed4:frame3,2.0,3,cwz_joint,821,false,false,true,missing,false,true,gradient_only,8,3231,0,4.023559664628499,11.146929472577613,missing
red4:lane1:snr2.0:seed4:frame4,2.0,4,cwz_joint,890,false,false,true,missing,false,true,gradient_only,8,3367,0,1.2060221220976022,7.33814733426796,missing
red4:lane1:snr2.0:seed4:frame5,2.0,5,cwz_joint,733,false,false,true,missing,false,true,gradient_only,8,3221,0,1.5116326020724296,1.2150749529958855,missing
red4:lane1:snr2.0:seed4:frame6,2.0,6,cwz_joint,734,false,false,true,missing,false,true,gradient_only,8,3217,0,1.0722791880567837,6.418210746268246,missing
red4:lane1:snr2.0:seed4:frame7,2.0,7,cwz_joint,799,false,false,true,missing,false,true,gradient_only,8,3325,0,2.1171262457084654,36.47880591598143,missing
red4:lane1:snr2.0:seed4:frame8,2.0,8,cwz_joint,773,false,false,true,missing,false,true,gradient_only,8,3337,0,1.3474130868546434,18.257070108116157,missing
red4:lane1:snr2.0:seed4:frame9,2.0,9,cwz_joint,781,false,false,true,missing,false,true,gradient_only,8,3299,0,1.9159069793597872,20.821024714246,missing
red4:lane1:snr2.0:seed4:frame10,2.0,10,cwz_joint,863,false,false,true,missing,false,true,gradient_only,8,3246,0,2.058076651938014,5.889930309288046,missing
red4:lane1:snr2.0:seed4:frame11,2.0,11,cwz_joint,843,false,false,true,missing,false,true,gradient_only,8,3385,0,2.8433926589641842,6.618988650566097,missing
red4:lane1:snr2.0:seed4:frame12,2.0,12,cwz_joint,725,false,false,true,missing,false,true,gradient_only,8,3323,0,1.4839725948011933,7.526434004871958,missing
red4:lane1:snr2.0:seed4:frame13,2.0,13,cwz_joint,884,false,false,true,missing,false,true,gradient_only,8,3280,0,1.189860330650712,6.3208489846832,missing
red4:lane1:snr2.0:seed4:frame14,2.0,14,cwz_joint,866,false,false,true,missing,false,true,gradient_only,8,3290,0,1.1000235486600598,8.241321577548725,missing
red4:lane1:snr2.0:seed4:frame15,2.0,15,cwz_joint,838,false,false,true,missing,false,true,gradient_only,8,3248,0,2.7333940996034216,10.653113473768057,missing
red4:lane1:snr2.0:seed4:frame16,2.0,16,cwz_joint,746,false,false,true,missing,false,true,gradient_only,8,3231,0,0.9871677898885917,5.713845837157274,missing
red4:lane1:snr2.0:seed4:frame17,2.0,17,cwz_joint,705,false,false,true,missing,false,true,gradient_only,8,3274,0,2.677205279635253,28.110749218445964,missing
red4:lane1:snr2.0:seed4:frame18,2.0,18,cwz_joint,764,false,false,true,missing,false,true,gradient_only,8,3305,0,3.165387139498076,8.507670716977259,missing
red4:lane1:snr2.0:seed4:frame19,2.0,19,cwz_joint,867,false,false,true,missing,false,true,gradient_only,8,3316,0,28.42065333367539,10.369062925959073,missing
red4:lane1:snr2.0:seed4:frame20,2.0,20,cwz_joint,695,false,false,true,missing,false,true,gradient_only,8,3230,0,1.6728553424961663,12.479077187259705,missing
red4:lane1:snr2.0:seed4:frame21,2.0,21,cwz_joint,786,false,false,true,missing,false,true,gradient_only,8,3272,0,1.4172863515299121,6.800025521913367,missing
red4:lane1:snr2.0:seed4:frame22,2.0,22,cwz_joint,1088,false,false,false,missing,false,true,gradient_only,8,3599,3,2.1616291373024,548.4624275866241,missing
red4:lane1:snr2.0:seed4:frame23,2.0,23,cwz_joint,792,false,false,true,missing,false,true,gradient_only,8,3301,0,1.0011005434687235,9.164812162463882,missing
red4:lane1:snr2.0:seed4:frame24,2.0,24,cwz_joint,806,false,false,true,missing,false,true,gradient_only,8,3373,0,1.9980092067769497,8.315360838830337,missing
red4:lane1:snr2.0:seed4:frame25,2.0,25,cwz_joint,800,false,false,true,missing,false,true,gradient_only,8,3364,0,2.554529874459251,7.008863976185534,missing
red4:lane1:snr2.0:seed4:frame26,2.0,26,cwz_joint,730,false,false,true,missing,false,true,gradient_only,8,3252,0,0.6156505393598048,3.015259364333422,missing
red4:lane1:snr2.0:seed4:frame27,2.0,27,cwz_joint,735,false,false,true,missing,false,true,gradient_only,8,3243,0,1.5316094695010882,6.2272797148531955,missing
red4:lane1:snr2.0:seed4:frame28,2.0,28,cwz_joint,739,false,false,true,missing,false,true,gradient_only,8,3309,0,1.0336271190438566,3.821452877357352,missing
red4:lane1:snr2.0:seed4:frame29,2.0,29,cwz_joint,759,false,false,true,missing,false,true,gradient_only,8,3317,0,2.0152136629185606,6.557484308637209,missing
red4:lane1:snr2.0:seed4:frame30,2.0,30,cwz_joint,876,false,false,true,missing,false,true,gradient_only,8,3368,0,1.8734100083492808,16.508515520960216,missing
red4:lane1:snr2.0:seed4:frame31,2.0,31,cwz_joint,793,false,false,true,missing,false,true,gradient_only,8,3221,0,1.755336595074726,8.70017440900467,missing
red4:lane1:snr2.0:seed4:frame32,2.0,32,cwz_joint,880,false,false,true,missing,false,true,gradient_only,8,3356,0,4.062981544383104,9.891802557773843,missing
red4:lane1:snr2.0:seed4:frame33,2.0,33,cwz_joint,741,false,false,true,missing,false,true,gradient_only,8,3177,0,1.4645574404620652,3.9584652989793265,missing
red4:lane1:snr2.0:seed4:frame34,2.0,34,cwz_joint,743,false,false,true,missing,false,true,gradient_only,8,3245,0,6.217757112452689,2.993076587080557,missing
red4:lane1:snr2.0:seed4:frame35,2.0,35,cwz_joint,834,false,false,true,missing,false,true,gradient_only,8,3380,0,1.2058047117332749,6.713149415554874,missing
red4:lane1:snr2.0:seed4:frame36,2.0,36,cwz_joint,799,false,false,true,missing,false,true,gradient_only,8,3294,0,1.2008031173247884,7.515037745934648,missing
red4:lane1:snr2.0:seed4:frame37,2.0,37,cwz_joint,730,false,false,true,missing,false,true,gradient_only,8,3295,0,0.9868442773367913,8.085082766913846,missing
red4:lane1:snr2.0:seed4:frame38,2.0,38,cwz_joint,786,false,false,true,missing,false,true,gradient_only,8,3375,0,1.7209897014634081,16.0765102900739,missing
red4:lane1:snr2.0:seed4:frame39,2.0,39,cwz_joint,793,false,false,true,missing,false,true,gradient_only,8,3199,0,2.530730395629566,6.6240802902713956,missing
red4:lane1:snr2.0:seed4:frame40,2.0,40,cwz_joint,863,false,false,true,missing,false,true,gradient_only,8,3319,0,1.5966579043731082,8.313245718238813,missing
red4:lane1:snr2.0:seed4:frame41,2.0,41,cwz_joint,922,false,false,true,missing,false,true,gradient_only,8,3425,0,1.4338898849626163,3.1491076984046273,missing
red4:lane1:snr2.0:seed4:frame42,2.0,42,cwz_joint,726,false,false,true,missing,false,true,gradient_only,8,3260,0,2.6218929465851604,9.425919685340576,missing
red4:lane1:snr2.0:seed4:frame43,2.0,43,cwz_joint,1083,false,false,true,missing,false,true,gradient_only,6,3493,0,11.297204052700815,153.53598285106526,missing
red4:lane1:snr2.0:seed4:frame44,2.0,44,cwz_joint,722,false,false,true,missing,false,true,gradient_only,8,3315,0,4.985244333145792,7.027492692805411,missing
red4:lane1:snr2.0:seed4:frame45,2.0,45,cwz_joint,773,false,false,true,missing,false,true,gradient_only,8,3276,0,1.4992721089389436,8.847616906121822,missing
red4:lane1:snr2.0:seed4:frame46,2.0,46,cwz_joint,758,false,false,true,missing,false,true,gradient_only,8,3289,0,1.8703957723611349,24.82097382972772,missing
red4:lane1:snr2.0:seed4:frame47,2.0,47,cwz_joint,858,false,false,true,missing,false,true,gradient_only,8,3273,0,1.8529724305025261,11.334330631024173,missing
red4:lane1:snr2.0:seed4:frame48,2.0,48,cwz_joint,897,false,false,true,missing,false,true,gradient_only,8,3356,0,1.6850768811239663,8.082002887333324,missing
red4:lane1:snr2.0:seed4:frame49,2.0,49,cwz_joint,756,false,false,true,missing,false,true,gradient_only,8,3321,0,1.0934299849769213,5.03503668814449,missing
red4:lane1:snr2.0:seed4:frame50,2.0,50,cwz_joint,800,false,false,true,missing,false,true,gradient_only,8,3226,0,1.0501359295854362,8.099159083355294,missing
red4:lane1:snr2.0:seed4:frame51,2.0,51,cwz_joint,905,false,false,true,missing,false,true,gradient_only,8,3354,0,1.4097884173214112,6.240806109325642,missing
red4:lane1:snr2.0:seed4:frame52,2.0,52,cwz_joint,735,false,false,true,missing,false,true,gradient_only,8,3196,0,1.0060532822406136,9.259537434801514,missing
red4:lane1:snr2.0:seed4:frame53,2.0,53,cwz_joint,785,false,false,true,missing,false,true,gradient_only,8,3398,0,0.871532072562353,3.882426727719029,missing
red4:lane1:snr2.0:seed4:frame54,2.0,54,cwz_joint,796,false,false,true,missing,false,true,gradient_only,8,3419,0,1.260950216750879,5.618827800046859,missing
red4:lane1:snr2.0:seed4:frame55,2.0,55,cwz_joint,812,false,false,true,missing,false,true,gradient_only,8,3271,0,1.3679028886014448,5.8838198106892285,missing
red4:lane1:snr2.0:seed4:frame56,2.0,56,cwz_joint,829,false,false,true,missing,false,true,gradient_only,8,3338,0,1.0522772890898624,8.216328454238768,missing
red4:lane1:snr2.0:seed4:frame57,2.0,57,cwz_joint,703,false,false,true,missing,false,true,gradient_only,8,3123,0,1.0176510163765524,1.550413346782497,missing
red4:lane1:snr2.0:seed4:frame58,2.0,58,cwz_joint,802,false,false,true,missing,false,true,gradient_only,8,3332,0,0.7675521472249757,3.691802607534658,missing
red4:lane1:snr2.0:seed4:frame59,2.0,59,cwz_joint,845,false,false,true,missing,false,true,gradient_only,8,3343,0,1.6002457362193911,4.9331292198585,missing
red4:lane1:snr2.0:seed4:frame60,2.0,60,cwz_joint,868,false,false,true,missing,false,true,gradient_only,8,3315,0,1.914045827842185,12.27264811289002,missing
red4:lane1:snr2.0:seed4:frame1,2.0,1,profiled_cz,835,false,false,false,missing,false,true,gradient_only,1,3268,2168,1.7249572224036138,5.739442787430539,missing
red4:lane1:snr2.0:seed4:frame2,2.0,2,profiled_cz,708,false,false,false,missing,false,true,gradient_only,2,3245,2119,1.0922276626041687,11.600425932284677,missing
red4:lane1:snr2.0:seed4:frame3,2.0,3,profiled_cz,844,false,false,false,missing,false,true,gradient_only,4,3231,2320,4.023559664628499,7.435409185140022,missing
red4:lane1:snr2.0:seed4:frame4,2.0,4,profiled_cz,876,false,false,false,missing,false,true,gradient_only,7,3367,2296,1.2060221220976022,7.347896878128417,missing
red4:lane1:snr2.0:seed4:frame5,2.0,5,profiled_cz,763,false,false,false,missing,false,true,gradient_only,4,3221,2054,1.5116326020724296,3.9061733713616387,missing
red4:lane1:snr2.0:seed4:frame6,2.0,6,profiled_cz,753,false,false,false,missing,false,true,gradient_only,1,3217,2124,1.0722791880567837,5.446159579709337,missing
red4:lane1:snr2.0:seed4:frame7,2.0,7,profiled_cz,803,false,false,false,missing,false,true,gradient_only,7,3325,2376,2.1171262457084654,13.440796985201361,missing
red4:lane1:snr2.0:seed4:frame8,2.0,8,profiled_cz,774,false,false,false,missing,false,true,gradient_only,8,3337,2236,1.3474130868546434,12.069786389346875,missing
red4:lane1:snr2.0:seed4:frame9,2.0,9,profiled_cz,819,false,false,false,missing,false,true,gradient_only,8,3299,2288,1.9159069793597872,12.550826700509681,missing
red4:lane1:snr2.0:seed4:frame10,2.0,10,profiled_cz,874,false,false,false,missing,false,true,gradient_only,7,3246,2295,2.058076651938014,16.262487926826402,missing
red4:lane1:snr2.0:seed4:frame11,2.0,11,profiled_cz,886,false,false,false,missing,false,true,gradient_only,7,3385,2502,2.8433926589641842,6.7511103576474065,missing
red4:lane1:snr2.0:seed4:frame12,2.0,12,profiled_cz,758,false,false,false,missing,false,true,gradient_only,1,3323,2273,1.4839725948011933,5.994914967675388,missing
red4:lane1:snr2.0:seed4:frame13,2.0,13,profiled_cz,906,false,false,false,missing,false,true,gradient_only,4,3280,2500,1.189860330650712,11.500695184165062,missing
red4:lane1:snr2.0:seed4:frame14,2.0,14,profiled_cz,888,false,false,false,missing,false,true,gradient_only,8,3290,2237,1.1000235486600598,7.8066802870598195,missing
red4:lane1:snr2.0:seed4:frame15,2.0,15,profiled_cz,835,false,false,false,missing,false,true,gradient_only,8,3248,2174,2.7333940996034216,6.8566962434710765,missing
red4:lane1:snr2.0:seed4:frame16,2.0,16,profiled_cz,747,false,false,false,missing,false,true,gradient_only,1,3231,2116,0.9871677898885917,4.165725954439896,missing
red4:lane1:snr2.0:seed4:frame17,2.0,17,profiled_cz,736,false,false,false,missing,false,true,gradient_only,7,3274,2152,2.677205279635253,13.42347126507751,missing
red4:lane1:snr2.0:seed4:frame18,2.0,18,profiled_cz,784,false,false,false,missing,false,true,gradient_only,8,3305,2104,3.165387139498076,11.262681263961563,missing
red4:lane1:snr2.0:seed4:frame19,2.0,19,profiled_cz,879,false,false,false,missing,false,true,gradient_only,2,3316,2402,28.42065333367539,6.023547739004546,missing
red4:lane1:snr2.0:seed4:frame20,2.0,20,profiled_cz,724,false,false,false,missing,false,true,gradient_only,6,3230,2256,1.6728553424961663,6.998617018994409,missing
red4:lane1:snr2.0:seed4:frame21,2.0,21,profiled_cz,795,false,false,false,missing,false,true,gradient_only,2,3272,2216,1.4172863515299121,7.432622266118031,missing
red4:lane1:snr2.0:seed4:frame22,2.0,22,profiled_cz,1076,false,false,false,missing,false,true,gradient_only,1,3599,2616,2.1616291373024,64.04350280716626,missing
red4:lane1:snr2.0:seed4:frame23,2.0,23,profiled_cz,819,false,false,false,missing,false,true,gradient_only,6,3301,2391,1.0011005434687235,7.8241450299589514,missing
red4:lane1:snr2.0:seed4:frame24,2.0,24,profiled_cz,814,false,false,false,missing,false,true,gradient_only,1,3373,2254,1.9980092067769497,8.354241973772737,missing
red4:lane1:snr2.0:seed4:frame25,2.0,25,profiled_cz,797,false,false,false,missing,false,true,gradient_only,8,3364,2365,2.554529874459251,6.089594112833558,missing
red4:lane1:snr2.0:seed4:frame26,2.0,26,profiled_cz,739,false,false,false,missing,false,true,gradient_only,6,3252,2102,0.6156505393598048,4.170885465654426,missing
red4:lane1:snr2.0:seed4:frame27,2.0,27,profiled_cz,788,false,false,false,missing,false,true,gradient_only,8,3243,2416,1.5316094695010882,5.927469970358261,missing
red4:lane1:snr2.0:seed4:frame28,2.0,28,profiled_cz,787,false,false,false,missing,false,true,gradient_only,7,3309,2337,1.0336271190438566,5.569605447623811,missing
red4:lane1:snr2.0:seed4:frame29,2.0,29,profiled_cz,798,false,false,false,missing,false,true,gradient_only,1,3317,2444,2.0152136629185606,8.112507405415556,missing
red4:lane1:snr2.0:seed4:frame30,2.0,30,profiled_cz,926,false,false,false,missing,false,true,gradient_only,1,3368,2404,1.8734100083492808,10.843644254248103,missing
red4:lane1:snr2.0:seed4:frame31,2.0,31,profiled_cz,799,false,false,false,missing,false,true,gradient_only,3,3221,1998,1.755336595074726,6.2407544225787905,missing
red4:lane1:snr2.0:seed4:frame32,2.0,32,profiled_cz,905,false,false,false,missing,false,true,gradient_only,7,3356,2144,4.062981544383104,27.32420735791117,missing
red4:lane1:snr2.0:seed4:frame33,2.0,33,profiled_cz,738,false,false,false,missing,false,true,gradient_only,3,3177,2150,1.4645574404620652,4.21094983108917,missing
red4:lane1:snr2.0:seed4:frame34,2.0,34,profiled_cz,783,false,false,false,missing,false,true,gradient_only,1,3245,2274,6.217757112452689,7.866722334541764,missing
red4:lane1:snr2.0:seed4:frame35,2.0,35,profiled_cz,839,false,false,false,missing,false,true,gradient_only,3,3380,2456,1.2058047117332749,9.244751645643953,missing
red4:lane1:snr2.0:seed4:frame36,2.0,36,profiled_cz,782,false,false,false,missing,false,true,gradient_only,2,3294,2082,1.2008031173247884,4.558486230696697,missing
red4:lane1:snr2.0:seed4:frame37,2.0,37,profiled_cz,742,false,false,false,missing,false,true,gradient_only,8,3295,2311,0.9868442773367913,5.119451746712773,missing
red4:lane1:snr2.0:seed4:frame38,2.0,38,profiled_cz,813,false,false,false,missing,false,true,gradient_only,8,3375,2447,1.7209897014634081,10.056167414214244,missing
red4:lane1:snr2.0:seed4:frame39,2.0,39,profiled_cz,823,false,false,false,missing,false,true,gradient_only,8,3199,2128,2.530730395629566,7.201146717827958,missing
red4:lane1:snr2.0:seed4:frame40,2.0,40,profiled_cz,892,false,false,false,missing,false,true,gradient_only,8,3319,2439,1.5966579043731082,8.754186192522047,missing
red4:lane1:snr2.0:seed4:frame41,2.0,41,profiled_cz,924,false,false,false,missing,false,true,gradient_only,7,3425,2438,1.4338898849626163,6.874815238619589,missing
red4:lane1:snr2.0:seed4:frame42,2.0,42,profiled_cz,742,false,false,false,missing,false,true,gradient_only,5,3260,2248,2.6218929465851604,10.248923582200364,missing
red4:lane1:snr2.0:seed4:frame43,2.0,43,profiled_cz,1072,false,false,false,missing,false,true,gradient_only,3,3493,2369,11.297204052700815,56.74631708631183,missing
red4:lane1:snr2.0:seed4:frame44,2.0,44,profiled_cz,747,false,false,false,missing,false,true,gradient_only,7,3315,2250,4.985244333145792,4.9102413714515,missing
red4:lane1:snr2.0:seed4:frame45,2.0,45,profiled_cz,766,false,false,false,missing,false,true,gradient_only,1,3276,2178,1.4992721089389436,6.392961629430603,missing
red4:lane1:snr2.0:seed4:frame46,2.0,46,profiled_cz,763,false,false,false,missing,false,true,gradient_only,1,3289,2221,1.8703957723611349,15.84402096807651,missing
red4:lane1:snr2.0:seed4:frame47,2.0,47,profiled_cz,846,false,false,false,missing,false,true,gradient_only,5,3273,2176,1.8529724305025261,11.039244748250175,missing
red4:lane1:snr2.0:seed4:frame48,2.0,48,profiled_cz,888,false,false,false,missing,false,true,gradient_only,5,3356,2389,1.6850768811239663,6.355351697276772,missing
red4:lane1:snr2.0:seed4:frame49,2.0,49,profiled_cz,771,false,false,false,missing,false,true,gradient_only,3,3321,2203,1.0934299849769213,4.379099689636199,missing
red4:lane1:snr2.0:seed4:frame50,2.0,50,profiled_cz,810,false,false,false,missing,false,true,gradient_only,7,3226,2168,1.0501359295854362,6.592605270021988,missing
red4:lane1:snr2.0:seed4:frame51,2.0,51,profiled_cz,925,false,false,false,missing,false,true,gradient_only,4,3354,2287,1.4097884173214112,21.08733302731817,missing
red4:lane1:snr2.0:seed4:frame52,2.0,52,profiled_cz,750,false,false,false,missing,false,true,gradient_only,8,3196,2278,1.0060532822406136,5.9670459219676815,missing
red4:lane1:snr2.0:seed4:frame53,2.0,53,profiled_cz,815,false,false,false,missing,false,true,gradient_only,8,3398,2512,0.871532072562353,5.542582395791735,missing
red4:lane1:snr2.0:seed4:frame54,2.0,54,profiled_cz,833,false,false,false,missing,false,true,gradient_only,2,3419,2499,1.260950216750879,10.942213301745065,missing
red4:lane1:snr2.0:seed4:frame55,2.0,55,profiled_cz,850,false,false,false,missing,false,true,gradient_only,7,3271,2433,1.3679028886014448,5.47862712668174,missing
red4:lane1:snr2.0:seed4:frame56,2.0,56,profiled_cz,813,false,false,false,missing,false,true,gradient_only,7,3338,2325,1.0522772890898624,5.590832066588704,missing
red4:lane1:snr2.0:seed4:frame57,2.0,57,profiled_cz,723,false,false,false,missing,false,true,gradient_only,1,3123,1769,1.0176510163765524,7.155306023632667,missing
red4:lane1:snr2.0:seed4:frame58,2.0,58,profiled_cz,845,false,false,false,missing,false,true,gradient_only,8,3332,2410,0.7675521472249757,5.125662517909622,missing
red4:lane1:snr2.0:seed4:frame59,2.0,59,profiled_cz,835,false,false,false,missing,false,true,gradient_only,7,3343,2358,1.6002457362193911,7.76393942187346,missing
red4:lane1:snr2.0:seed4:frame60,2.0,60,profiled_cz,841,false,false,false,missing,false,true,gradient_only,1,3315,2211,1.914045827842185,8.808071166655239,missing
red4:lane1:snr4.0:seed4:frame1,4.0,1,cwz_joint,712,false,false,true,missing,false,true,gradient_only,8,3167,0,1.2438451450295935,6.164125314305659,missing
red4:lane1:snr4.0:seed4:frame2,4.0,2,cwz_joint,569,false,false,true,missing,false,true,gradient_only,8,3125,0,1.2398335879116382,7.41793764928436,missing
red4:lane1:snr4.0:seed4:frame3,4.0,3,cwz_joint,740,false,false,false,missing,false,true,gradient_only,6,3368,9,1.19405657077147,14.14101074111474,missing
red4:lane1:snr4.0:seed4:frame4,4.0,4,cwz_joint,790,false,false,true,missing,false,true,gradient_only,8,3202,0,0.9950571848523906,5.38163717963801,missing
red4:lane1:snr4.0:seed4:frame5,4.0,5,cwz_joint,630,false,false,true,missing,false,true,gradient_only,8,3065,0,1.0223528156243422,1.0166957044981626,missing
red4:lane1:snr4.0:seed4:frame6,4.0,6,cwz_joint,567,false,false,true,missing,false,true,gradient_only,8,3143,0,1.4519201073077077,5.1235003482401495,missing
red4:lane1:snr4.0:seed4:frame7,4.0,7,cwz_joint,716,false,false,true,missing,false,true,gradient_only,8,3374,0,1.3616303226709532,28.36131514456335,missing
red4:lane1:snr4.0:seed4:frame8,4.0,8,cwz_joint,658,false,false,true,missing,false,true,gradient_only,8,3186,0,1.137708903105748,17.09780305005872,missing
red4:lane1:snr4.0:seed4:frame9,4.0,9,cwz_joint,671,false,false,true,missing,false,true,gradient_only,8,3144,0,2.626462139301677,16.61701040336666,missing
red4:lane1:snr4.0:seed4:frame10,4.0,10,cwz_joint,769,false,false,true,missing,false,true,gradient_only,8,3266,0,1.153754060527231,5.155190101490785,missing
red4:lane1:snr4.0:seed4:frame11,4.0,11,cwz_joint,706,false,false,true,missing,false,true,gradient_only,8,3200,0,0.9624256837873583,5.282517806799301,missing
red4:lane1:snr4.0:seed4:frame12,4.0,12,cwz_joint,606,false,false,true,missing,false,true,gradient_only,8,3065,0,1.252343642784199,5.654845088714656,missing
red4:lane1:snr4.0:seed4:frame13,4.0,13,cwz_joint,796,false,false,true,missing,false,true,gradient_only,8,3267,0,0.8942487361926251,5.194853898581495,missing
red4:lane1:snr4.0:seed4:frame14,4.0,14,cwz_joint,705,false,false,true,missing,false,true,gradient_only,8,3278,0,1.231529180432096,6.35632834707959,missing
red4:lane1:snr4.0:seed4:frame15,4.0,15,cwz_joint,600,false,false,true,missing,false,true,gradient_only,8,3240,0,1.483112100976806,8.990756302216857,missing
red4:lane1:snr4.0:seed4:frame16,4.0,16,cwz_joint,575,false,false,true,missing,false,true,gradient_only,8,3088,0,0.7445191395466506,4.540472753482783,missing
red4:lane1:snr4.0:seed4:frame17,4.0,17,cwz_joint,634,false,false,true,missing,false,true,gradient_only,8,3153,0,3.7881127753517396,22.9262466019253,missing
red4:lane1:snr4.0:seed4:frame18,4.0,18,cwz_joint,669,false,false,true,missing,false,true,gradient_only,8,3193,0,0.8009916061819397,6.757820750241397,missing
red4:lane1:snr4.0:seed4:frame19,4.0,19,cwz_joint,748,false,false,true,missing,false,true,gradient_only,8,3203,0,1.6160013879696036,7.646220638904946,missing
red4:lane1:snr4.0:seed4:frame20,4.0,20,cwz_joint,561,false,false,false,missing,false,true,gradient_only,8,3078,1,1.4199057329697427,10.194129941167997,missing
red4:lane1:snr4.0:seed4:frame21,4.0,21,cwz_joint,670,false,false,true,missing,false,true,gradient_only,8,3136,0,1.195289037629019,5.368751112201135,missing
red4:lane1:snr4.0:seed4:frame22,4.0,22,cwz_joint,1094,false,false,true,missing,false,true,gradient_only,8,3547,0,3.1323920222995674,569.2605499322486,missing
red4:lane1:snr4.0:seed4:frame23,4.0,23,cwz_joint,698,false,false,true,missing,false,true,gradient_only,8,3367,0,0.6689811247023216,6.741500703301212,missing
red4:lane1:snr4.0:seed4:frame24,4.0,24,cwz_joint,641,false,false,true,missing,false,true,gradient_only,8,3218,0,1.2616072323159968,6.428289689229624,missing
red4:lane1:snr4.0:seed4:frame25,4.0,25,cwz_joint,632,false,false,true,missing,false,true,gradient_only,8,3212,0,2.4897553194306794,5.742420724489714,missing
red4:lane1:snr4.0:seed4:frame26,4.0,26,cwz_joint,524,false,false,true,missing,false,true,gradient_only,8,3103,0,0.5499843605528735,2.3878222214827485,missing
red4:lane1:snr4.0:seed4:frame27,4.0,27,cwz_joint,607,false,false,true,missing,false,true,gradient_only,8,3105,0,1.5128794664527787,6.062436710114912,missing
red4:lane1:snr4.0:seed4:frame28,4.0,28,cwz_joint,583,false,false,true,missing,false,true,gradient_only,8,2992,0,2.2303152934678887,3.596680567449729,missing
red4:lane1:snr4.0:seed4:frame29,4.0,29,cwz_joint,554,false,false,true,missing,false,true,gradient_only,8,3243,0,0.9241743913261188,6.439775884920913,missing
red4:lane1:snr4.0:seed4:frame30,4.0,30,cwz_joint,783,false,false,true,missing,false,true,gradient_only,8,3196,0,1.2742840990142275,11.614545928335158,missing
red4:lane1:snr4.0:seed4:frame31,4.0,31,cwz_joint,721,false,false,true,missing,false,true,gradient_only,8,3173,0,8.725196232987608,6.442356111969346,missing
red4:lane1:snr4.0:seed4:frame32,4.0,32,cwz_joint,784,false,false,true,missing,false,true,gradient_only,8,3262,0,1.5137325001221695,7.876579054117268,missing
red4:lane1:snr4.0:seed4:frame33,4.0,33,cwz_joint,581,false,false,true,missing,false,true,gradient_only,8,3223,0,0.6211558221291219,3.7683243903417853,missing
red4:lane1:snr4.0:seed4:frame34,4.0,34,cwz_joint,551,false,false,true,missing,false,true,gradient_only,8,3016,0,1.0893159105264134,2.1097913284487593,missing
red4:lane1:snr4.0:seed4:frame35,4.0,35,cwz_joint,768,false,false,true,missing,false,true,gradient_only,8,3297,0,2.037965757494737,5.389757958331212,missing
red4:lane1:snr4.0:seed4:frame36,4.0,36,cwz_joint,619,false,false,true,missing,false,true,gradient_only,8,3092,0,1.0790878001221518,5.987207913409249,missing
red4:lane1:snr4.0:seed4:frame37,4.0,37,cwz_joint,535,false,false,true,missing,false,true,gradient_only,8,3109,0,1.1821296943984454,6.451580863942178,missing
red4:lane1:snr4.0:seed4:frame38,4.0,38,cwz_joint,722,false,false,true,missing,false,true,gradient_only,8,3171,0,1.3206340954418199,18.52382926732731,missing
red4:lane1:snr4.0:seed4:frame39,4.0,39,cwz_joint,654,false,false,true,missing,false,true,gradient_only,8,3243,0,1.0320950593271243,6.92235283276506,missing
red4:lane1:snr4.0:seed4:frame40,4.0,40,cwz_joint,769,false,false,true,missing,false,true,gradient_only,8,3281,0,3.29046935737047,6.346588658132659,missing
red4:lane1:snr4.0:seed4:frame41,4.0,41,cwz_joint,846,false,false,true,missing,false,true,gradient_only,8,3320,0,1.5321966542609202,2.666844587393618,missing
red4:lane1:snr4.0:seed4:frame42,4.0,42,cwz_joint,603,false,false,true,missing,false,true,gradient_only,8,3051,0,1.1977921074251008,7.53824432110329,missing
red4:lane1:snr4.0:seed4:frame43,4.0,43,cwz_joint,1094,false,false,true,missing,false,true,gradient_only,8,3477,0,3.418381958513786,147.143767755981,missing
red4:lane1:snr4.0:seed4:frame44,4.0,44,cwz_joint,456,false,false,true,missing,false,true,gradient_only,8,2923,0,1.8232118083635445,10.41994768922365,missing
red4:lane1:snr4.0:seed4:frame45,4.0,45,cwz_joint,625,false,false,true,missing,false,true,gradient_only,8,3139,0,1.9138327420087586,8.86231374830016,missing
red4:lane1:snr4.0:seed4:frame46,4.0,46,cwz_joint,646,false,false,true,missing,false,true,gradient_only,8,3003,0,1.448162329883493,16.273413042080957,missing
red4:lane1:snr4.0:seed4:frame47,4.0,47,cwz_joint,663,false,false,true,missing,false,true,gradient_only,8,3231,0,1.45354972160267,8.936567270913516,missing
red4:lane1:snr4.0:seed4:frame48,4.0,48,cwz_joint,678,false,false,true,missing,false,true,gradient_only,8,3188,0,1.3388450666011036,6.075350860978807,missing
red4:lane1:snr4.0:seed4:frame49,4.0,49,cwz_joint,557,false,false,true,missing,false,true,gradient_only,8,3038,0,1.1592076445971742,4.006877352295134,missing
red4:lane1:snr4.0:seed4:frame50,4.0,50,cwz_joint,684,false,false,true,missing,false,true,gradient_only,8,3213,0,1.088921469234289,6.388844800838988,missing
red4:lane1:snr4.0:seed4:frame51,4.0,51,cwz_joint,800,false,false,true,missing,false,true,gradient_only,8,3365,0,2.4715931971513294,5.427221597459983,missing
red4:lane1:snr4.0:seed4:frame52,4.0,52,cwz_joint,557,false,false,true,missing,false,true,gradient_only,8,3076,0,2.895982139089115,6.9222826085138625,missing
red4:lane1:snr4.0:seed4:frame53,4.0,53,cwz_joint,697,false,false,true,missing,false,true,gradient_only,8,3241,0,0.7520836109552951,3.023166295020355,missing
red4:lane1:snr4.0:seed4:frame54,4.0,54,cwz_joint,687,false,false,true,missing,false,true,gradient_only,8,3103,0,437.22290720933614,4.467152073780892,missing
red4:lane1:snr4.0:seed4:frame55,4.0,55,cwz_joint,689,false,false,true,missing,false,true,gradient_only,8,3255,0,1.4273999811239013,4.454937697184955,missing
red4:lane1:snr4.0:seed4:frame56,4.0,56,cwz_joint,723,false,false,true,missing,false,true,gradient_only,8,3232,0,1.6494968700260886,6.174783759103874,missing
red4:lane1:snr4.0:seed4:frame57,4.0,57,cwz_joint,523,false,false,true,missing,false,true,gradient_only,8,2976,0,0.738650609252504,1.1518702927530298,missing
red4:lane1:snr4.0:seed4:frame58,4.0,58,cwz_joint,646,false,false,true,missing,false,true,gradient_only,8,3207,0,0.9015115987679453,2.6865536927134333,missing
red4:lane1:snr4.0:seed4:frame59,4.0,59,cwz_joint,704,false,false,true,missing,false,true,gradient_only,8,3252,0,2.766321678506335,4.264041388294652,missing
red4:lane1:snr4.0:seed4:frame60,4.0,60,cwz_joint,749,false,false,true,missing,false,true,gradient_only,8,3205,0,38.52104840133707,8.757055999325221,missing
red4:lane1:snr4.0:seed4:frame1,4.0,1,profiled_cz,714,false,false,false,missing,false,true,gradient_only,3,3167,2194,1.2438451450295935,4.311885254339553,missing
red4:lane1:snr4.0:seed4:frame2,4.0,2,profiled_cz,603,false,false,false,missing,false,true,gradient_only,6,3125,1787,1.2398335879116382,13.613046971634084,missing
red4:lane1:snr4.0:seed4:frame3,4.0,3,profiled_cz,760,false,false,false,missing,false,true,gradient_only,7,3368,2345,1.19405657077147,6.080741632620682,missing
red4:lane1:snr4.0:seed4:frame4,4.0,4,profiled_cz,828,false,false,false,missing,false,true,gradient_only,3,3202,2013,0.9950571848523906,6.076119569739461,missing
red4:lane1:snr4.0:seed4:frame5,4.0,5,profiled_cz,641,false,false,false,missing,false,true,gradient_only,3,3065,1655,1.0223528156243422,3.1377649034918935,missing
red4:lane1:snr4.0:seed4:frame6,4.0,6,profiled_cz,578,false,false,false,missing,false,true,gradient_only,4,3143,1880,1.4519201073077077,3.7302728479213543,missing
red4:lane1:snr4.0:seed4:frame7,4.0,7,profiled_cz,740,false,false,false,missing,false,true,gradient_only,8,3374,2329,1.3616303226709532,11.9228333303329,missing
red4:lane1:snr4.0:seed4:frame8,4.0,8,profiled_cz,664,false,false,false,missing,false,true,gradient_only,2,3186,1856,1.137708903105748,9.589305929955401,missing
red4:lane1:snr4.0:seed4:frame9,4.0,9,profiled_cz,668,false,false,false,missing,false,true,gradient_only,4,3144,1975,2.626462139301677,9.116298779013125,missing
red4:lane1:snr4.0:seed4:frame10,4.0,10,profiled_cz,767,false,false,false,missing,false,true,gradient_only,2,3266,2190,1.153754060527231,12.436247605713895,missing
red4:lane1:snr4.0:seed4:frame11,4.0,11,profiled_cz,753,false,false,false,missing,false,true,gradient_only,7,3200,2132,0.9624256837873583,4.719486570521437,missing
red4:lane1:snr4.0:seed4:frame12,4.0,12,profiled_cz,627,false,false,false,missing,false,true,gradient_only,5,3065,1995,1.252343642784199,4.591469704728438,missing
red4:lane1:snr4.0:seed4:frame13,4.0,13,profiled_cz,793,false,false,false,missing,false,true,gradient_only,7,3267,2211,0.8942487361926251,8.617441585804006,missing
red4:lane1:snr4.0:seed4:frame14,4.0,14,profiled_cz,736,false,false,false,missing,false,true,gradient_only,2,3278,2175,1.231529180432096,6.175357688420186,missing
red4:lane1:snr4.0:seed4:frame15,4.0,15,profiled_cz,644,false,false,false,missing,false,true,gradient_only,8,3240,1948,1.483112100976806,5.57374132849171,missing
red4:lane1:snr4.0:seed4:frame16,4.0,16,profiled_cz,606,false,false,false,missing,false,true,gradient_only,7,3088,1744,0.7445191395466506,3.204368490978007,missing
red4:lane1:snr4.0:seed4:frame17,4.0,17,profiled_cz,640,false,false,false,missing,false,true,gradient_only,7,3153,2099,3.7881127753517396,11.525509441601008,missing
red4:lane1:snr4.0:seed4:frame18,4.0,18,profiled_cz,689,false,false,false,missing,false,true,gradient_only,4,3193,2088,0.8009916061819397,7.08245931225927,missing
red4:lane1:snr4.0:seed4:frame19,4.0,19,profiled_cz,757,false,false,false,missing,false,true,gradient_only,6,3203,2249,1.6160013879696036,4.066733874445978,missing
red4:lane1:snr4.0:seed4:frame20,4.0,20,profiled_cz,587,false,false,false,missing,false,true,gradient_only,8,3078,1841,1.4199057329697427,5.9174375758662,missing
red4:lane1:snr4.0:seed4:frame21,4.0,21,profiled_cz,682,false,false,false,missing,false,true,gradient_only,3,3136,2013,1.195289037629019,5.389385242489769,missing
red4:lane1:snr4.0:seed4:frame22,4.0,22,profiled_cz,1081,false,false,false,missing,false,true,gradient_only,8,3547,2316,3.1323920222995674,52.3715950016977,missing
red4:lane1:snr4.0:seed4:frame23,4.0,23,profiled_cz,747,false,false,false,missing,false,true,gradient_only,6,3367,2417,0.6689811247023216,5.48907833991589,missing
red4:lane1:snr4.0:seed4:frame24,4.0,24,profiled_cz,655,false,false,false,missing,false,true,gradient_only,8,3218,2207,1.2616072323159968,5.885291927745813,missing
red4:lane1:snr4.0:seed4:frame25,4.0,25,profiled_cz,646,false,false,false,missing,false,true,gradient_only,1,3212,2016,2.4897553194306794,4.538859339710947,missing
red4:lane1:snr4.0:seed4:frame26,4.0,26,profiled_cz,540,false,false,false,missing,false,true,gradient_only,3,3103,1471,0.5499843605528735,3.4277208115682356,missing
red4:lane1:snr4.0:seed4:frame27,4.0,27,profiled_cz,626,false,false,false,missing,false,true,gradient_only,1,3105,1774,1.5128794664527787,4.862351491018925,missing
red4:lane1:snr4.0:seed4:frame28,4.0,28,profiled_cz,599,false,false,false,missing,false,true,gradient_only,7,2992,1722,2.2303152934678887,4.929511988279862,missing
red4:lane1:snr4.0:seed4:frame29,4.0,29,profiled_cz,605,false,false,false,missing,false,true,gradient_only,3,3243,1850,0.9241743913261188,6.31814409690657,missing
red4:lane1:snr4.0:seed4:frame30,4.0,30,profiled_cz,787,false,false,false,missing,false,true,gradient_only,8,3196,2115,1.2742840990142275,6.945997396853762,missing
red4:lane1:snr4.0:seed4:frame31,4.0,31,profiled_cz,711,false,false,false,missing,false,true,gradient_only,1,3173,2195,8.725196232987608,4.2388185252787025,missing
red4:lane1:snr4.0:seed4:frame32,4.0,32,profiled_cz,781,false,false,false,missing,false,true,gradient_only,1,3262,2077,1.5137325001221695,23.356711605612443,missing
red4:lane1:snr4.0:seed4:frame33,4.0,33,profiled_cz,610,false,false,false,missing,false,true,gradient_only,1,3223,2053,0.6211558221291219,3.768014943244224,missing
red4:lane1:snr4.0:seed4:frame34,4.0,34,profiled_cz,593,false,false,false,missing,false,true,gradient_only,8,3016,1894,1.0893159105264134,5.814248615636487,missing
red4:lane1:snr4.0:seed4:frame35,4.0,35,profiled_cz,780,false,false,false,missing,false,true,gradient_only,2,3297,2456,2.037965757494737,6.071418180121364,missing
red4:lane1:snr4.0:seed4:frame36,4.0,36,profiled_cz,622,false,false,false,missing,false,true,gradient_only,3,3092,1998,1.0790878001221518,4.078805302861499,missing
red4:lane1:snr4.0:seed4:frame37,4.0,37,profiled_cz,582,false,false,false,missing,false,true,gradient_only,3,3109,1795,1.1821296943984454,3.828975531444179,missing
red4:lane1:snr4.0:seed4:frame38,4.0,38,profiled_cz,734,false,false,false,missing,false,true,gradient_only,7,3171,2279,1.3206340954418199,7.670296580500317,missing
red4:lane1:snr4.0:seed4:frame39,4.0,39,profiled_cz,682,false,false,false,missing,false,true,gradient_only,1,3243,1848,1.0320950593271243,5.508831668595608,missing
red4:lane1:snr4.0:seed4:frame40,4.0,40,profiled_cz,773,false,false,false,missing,false,true,gradient_only,6,3281,1937,3.29046935737047,6.273683656266562,missing
red4:lane1:snr4.0:seed4:frame41,4.0,41,profiled_cz,880,false,false,false,missing,false,true,gradient_only,2,3320,2354,1.5321966542609202,5.6119337720126765,missing
red4:lane1:snr4.0:seed4:frame42,4.0,42,profiled_cz,638,false,false,false,missing,false,true,gradient_only,2,3051,1917,1.1977921074251008,8.304321879646052,missing
red4:lane1:snr4.0:seed4:frame43,4.0,43,profiled_cz,1115,false,false,false,missing,false,true,gradient_only,3,3477,2529,3.418381958513786,80.07860850624122,missing
red4:lane1:snr4.0:seed4:frame44,4.0,44,profiled_cz,478,false,false,false,missing,false,true,gradient_only,8,2923,1405,1.8232118083635445,5.434005682838223,missing
red4:lane1:snr4.0:seed4:frame45,4.0,45,profiled_cz,626,false,false,false,missing,false,true,gradient_only,2,3139,2083,1.9138327420087586,6.006104637694717,missing
red4:lane1:snr4.0:seed4:frame46,4.0,46,profiled_cz,669,false,false,false,missing,false,true,gradient_only,2,3003,1697,1.448162329883493,8.687871136103222,missing
red4:lane1:snr4.0:seed4:frame47,4.0,47,profiled_cz,690,false,false,false,missing,false,true,gradient_only,4,3231,2285,1.45354972160267,8.044607144514595,missing
red4:lane1:snr4.0:seed4:frame48,4.0,48,profiled_cz,679,false,false,false,missing,false,true,gradient_only,5,3188,1979,1.3388450666011036,4.620248352871507,missing
red4:lane1:snr4.0:seed4:frame49,4.0,49,profiled_cz,605,false,false,false,missing,false,true,gradient_only,5,3038,1871,1.1592076445971742,3.1659700541423033,missing
red4:lane1:snr4.0:seed4:frame50,4.0,50,profiled_cz,691,false,false,false,missing,false,true,gradient_only,1,3213,2041,1.088921469234289,5.122753535738079,missing
red4:lane1:snr4.0:seed4:frame51,4.0,51,profiled_cz,836,false,false,false,missing,false,true,gradient_only,1,3365,2487,2.4715931971513294,13.163176985725798,missing
red4:lane1:snr4.0:seed4:frame52,4.0,52,profiled_cz,572,false,false,false,missing,false,true,gradient_only,8,3076,1513,2.895982139089115,4.964585814124276,missing
red4:lane1:snr4.0:seed4:frame53,4.0,53,profiled_cz,721,false,false,false,missing,false,true,gradient_only,7,3241,2063,0.7520836109552951,3.9948044181004407,missing
red4:lane1:snr4.0:seed4:frame54,4.0,54,profiled_cz,711,false,false,false,missing,false,true,gradient_only,8,3103,2095,437.22290720933614,7.400533297111315,missing
red4:lane1:snr4.0:seed4:frame55,4.0,55,profiled_cz,719,false,false,false,missing,false,true,gradient_only,3,3255,2138,1.4273999811239013,4.148830403682441,missing
red4:lane1:snr4.0:seed4:frame56,4.0,56,profiled_cz,753,false,false,false,missing,false,true,gradient_only,1,3232,2333,1.6494968700260886,4.184081849519448,missing
red4:lane1:snr4.0:seed4:frame57,4.0,57,profiled_cz,549,false,false,false,missing,false,true,gradient_only,1,2976,1562,0.738650609252504,4.52850895789425,missing
red4:lane1:snr4.0:seed4:frame58,4.0,58,profiled_cz,682,false,false,false,missing,false,true,gradient_only,5,3207,2156,0.9015115987679453,3.8361468832222188,missing
red4:lane1:snr4.0:seed4:frame59,4.0,59,profiled_cz,721,false,false,false,missing,false,true,gradient_only,8,3252,1987,2.766321678506335,6.104583090173332,missing
red4:lane1:snr4.0:seed4:frame60,4.0,60,profiled_cz,753,false,false,false,missing,false,true,gradient_only,5,3205,2282,38.52104840133707,7.233391894537218,missing
red4:lane1:snr6.0:seed4:frame1,6.0,1,cwz_joint,463,false,false,true,missing,false,true,gradient_only,8,2886,0,1.040182575137148,4.843125294461596,missing
red4:lane1:snr6.0:seed4:frame2,6.0,2,cwz_joint,259,false,false,true,missing,false,true,gradient_only,8,2394,0,0.7995428886872464,6.274765142587448,missing
red4:lane1:snr6.0:seed4:frame3,6.0,3,cwz_joint,568,false,false,true,missing,false,true,gradient_only,8,3044,0,0.9641390959721925,6.559756632590011,missing
red4:lane1:snr6.0:seed4:frame4,6.0,4,cwz_joint,646,false,false,true,missing,false,true,gradient_only,8,3173,0,0.8762105767321297,4.152889279389132,missing
red4:lane1:snr6.0:seed4:frame5,6.0,5,cwz_joint,491,false,false,true,missing,false,true,gradient_only,8,2830,0,0.55464064038751,0.87315273344554,missing
red4:lane1:snr6.0:seed4:frame6,6.0,6,cwz_joint,216,false,false,true,missing,false,true,gradient_only,8,1993,0,0.8872218547611839,4.1704775670642364,missing
red4:lane1:snr6.0:seed4:frame7,6.0,7,cwz_joint,510,false,false,true,missing,false,true,gradient_only,8,3008,0,1.1623845171196527,14.688732443134542,missing
red4:lane1:snr6.0:seed4:frame8,6.0,8,cwz_joint,410,false,false,true,missing,false,true,gradient_only,8,2638,0,1.301545909357395,14.93091848006933,missing
red4:lane1:snr6.0:seed4:frame9,6.0,9,cwz_joint,450,false,false,true,missing,false,true,gradient_only,8,2918,0,2.6183448083590894,11.297469073940386,missing
red4:lane1:snr6.0:seed4:frame10,6.0,10,cwz_joint,678,false,false,true,missing,false,true,gradient_only,8,3348,0,1.6836531438253437,4.443386461086968,missing
red4:lane1:snr6.0:seed4:frame11,6.0,11,cwz_joint,470,false,false,true,missing,false,true,gradient_only,8,2970,0,0.8501136558084269,4.1813811985701,missing
red4:lane1:snr6.0:seed4:frame12,6.0,12,cwz_joint,390,false,false,true,missing,false,true,gradient_only,8,2593,0,0.9320638990511008,4.389076998361811,missing
red4:lane1:snr6.0:seed4:frame13,6.0,13,cwz_joint,556,false,false,true,missing,false,true,gradient_only,8,3096,0,0.7044309264156212,4.221613284282749,missing
red4:lane1:snr6.0:seed4:frame14,6.0,14,cwz_joint,585,false,false,true,missing,false,true,gradient_only,8,3063,0,2.0388252107796045,4.993432913213769,missing
red4:lane1:snr6.0:seed4:frame15,6.0,15,cwz_joint,397,false,false,true,missing,false,true,gradient_only,8,2775,0,0.6469884729820463,7.540558409392408,missing
red4:lane1:snr6.0:seed4:frame16,6.0,16,cwz_joint,106,false,false,true,missing,false,true,gradient_only,8,981,0,0.537166598701449,3.6276105447573253,missing
red4:lane1:snr6.0:seed4:frame17,6.0,17,cwz_joint,370,false,false,true,missing,false,true,gradient_only,8,2791,0,0.9808770300190568,17.88541078295499,missing
red4:lane1:snr6.0:seed4:frame18,6.0,18,cwz_joint,462,false,false,true,missing,false,true,gradient_only,8,2902,0,0.7188038237693121,5.313139943270015,missing
red4:lane1:snr6.0:seed4:frame19,6.0,19,cwz_joint,569,false,false,true,missing,false,true,gradient_only,8,3199,0,1.130578117784273,5.818050323819278,missing
red4:lane1:snr6.0:seed4:frame20,6.0,20,cwz_joint,137,false,false,true,missing,false,true,gradient_only,8,1647,0,0.7168011333304567,8.194249018708692,missing
red4:lane1:snr6.0:seed4:frame21,6.0,21,cwz_joint,450,false,false,true,missing,false,true,gradient_only,8,2892,0,0.5524558874962187,4.284415420268817,missing
red4:lane1:snr6.0:seed4:frame22,6.0,22,cwz_joint,1116,false,false,true,missing,false,true,gradient_only,8,3452,0,3.321312684156023,489.61703103577355,missing
red4:lane1:snr6.0:seed4:frame23,6.0,23,cwz_joint,432,false,false,true,missing,false,true,gradient_only,8,2864,0,0.8892234340531505,5.055715935003979,missing
red4:lane1:snr6.0:seed4:frame24,6.0,24,cwz_joint,434,false,false,true,missing,false,true,gradient_only,8,2851,0,2.050371523221668,5.018020496724643,missing
red4:lane1:snr6.0:seed4:frame25,6.0,25,cwz_joint,427,false,false,true,missing,false,true,gradient_only,8,2858,0,2.6251751347667645,4.704008807135642,missing
red4:lane1:snr6.0:seed4:frame26,6.0,26,cwz_joint,159,false,false,true,missing,false,true,gradient_only,8,1453,0,15.828102937099294,1.8950623357214806,missing
red4:lane1:snr6.0:seed4:frame27,6.0,27,cwz_joint,309,false,false,true,missing,false,true,gradient_only,8,2388,0,0.9347464422742499,5.820315582949792,missing
red4:lane1:snr6.0:seed4:frame28,6.0,28,cwz_joint,269,false,false,true,missing,false,true,gradient_only,8,2409,0,2.1978805580629697,3.38723000156391,missing
red4:lane1:snr6.0:seed4:frame29,6.0,29,cwz_joint,211,false,false,true,missing,false,true,gradient_only,8,2237,0,0.7629447138425519,6.207782878164534,missing
red4:lane1:snr6.0:seed4:frame30,6.0,30,cwz_joint,681,false,false,true,missing,false,true,gradient_only,8,3179,0,1.9386655004353135,8.426636984250404,missing
red4:lane1:snr6.0:seed4:frame31,6.0,31,cwz_joint,469,false,false,true,missing,false,true,gradient_only,8,2925,0,0.6337885928457655,4.906956732426352,missing
red4:lane1:snr6.0:seed4:frame32,6.0,32,cwz_joint,681,false,false,true,missing,false,true,gradient_only,8,3185,0,1.3111688385343045,6.349272155975579,missing
red4:lane1:snr6.0:seed4:frame33,6.0,33,cwz_joint,298,false,false,true,missing,false,true,gradient_only,8,2349,0,0.5588339829356296,3.4265667617706397,missing
red4:lane1:snr6.0:seed4:frame34,6.0,34,cwz_joint,293,false,false,true,missing,false,true,gradient_only,8,2473,0,1.1584874431919492,1.503480423885456,missing
red4:lane1:snr6.0:seed4:frame35,6.0,35,cwz_joint,639,false,false,true,missing,false,true,gradient_only,8,2961,0,1.130867234143227,4.343290907773628,missing
red4:lane1:snr6.0:seed4:frame36,6.0,36,cwz_joint,293,false,false,true,missing,false,true,gradient_only,8,2530,0,0.7169608095477523,4.808393729927849,missing
red4:lane1:snr6.0:seed4:frame37,6.0,37,cwz_joint,156,false,false,true,missing,false,true,gradient_only,8,1317,0,1.1945233937325377,5.16033734143088,missing
red4:lane1:snr6.0:seed4:frame38,6.0,38,cwz_joint,478,false,false,true,missing,false,true,gradient_only,8,2991,0,1.3610432041658538,21.26196664917296,missing
red4:lane1:snr6.0:seed4:frame39,6.0,39,cwz_joint,449,false,false,true,missing,false,true,gradient_only,8,2948,0,3.3533333148639044,7.27628238649505,missing
red4:lane1:snr6.0:seed4:frame40,6.0,40,cwz_joint,673,false,false,true,missing,false,true,gradient_only,8,3111,0,0.8932419955350175,5.093311112925075,missing
red4:lane1:snr6.0:seed4:frame41,6.0,41,cwz_joint,717,false,false,true,missing,false,true,gradient_only,8,3189,0,1.5356919316661621,2.26190815676449,missing
red4:lane1:snr6.0:seed4:frame42,6.0,42,cwz_joint,495,false,false,true,missing,false,true,gradient_only,8,2862,0,0.6691975575015833,5.928027590265722,missing
red4:lane1:snr6.0:seed4:frame43,6.0,43,cwz_joint,1094,false,false,true,missing,false,true,gradient_only,6,3518,0,4.625855875675572,142.57972642367548,missing
red4:lane1:snr6.0:seed4:frame44,6.0,44,cwz_joint,72,false,false,true,missing,false,true,gradient_only,8,483,0,0.9278308042729438,9.136489152896319,missing
red4:lane1:snr6.0:seed4:frame45,6.0,45,cwz_joint,422,false,false,true,missing,false,true,gradient_only,8,2767,0,1.3505893810111258,8.723365549907522,missing
red4:lane1:snr6.0:seed4:frame46,6.0,46,cwz_joint,460,false,false,true,missing,false,true,gradient_only,8,2901,0,0.6565324803522543,11.088426969773131,missing
red4:lane1:snr6.0:seed4:frame47,6.0,47,cwz_joint,498,false,false,true,missing,false,true,gradient_only,8,2969,0,5.939178372998331,6.950843706627076,missing
red4:lane1:snr6.0:seed4:frame48,6.0,48,cwz_joint,569,false,false,true,missing,false,true,gradient_only,8,3103,0,0.6236939436954265,4.67950804961605,missing
red4:lane1:snr6.0:seed4:frame49,6.0,49,cwz_joint,171,false,false,true,missing,false,true,gradient_only,8,1726,0,2.4951858331939536,3.197120309510577,missing
red4:lane1:snr6.0:seed4:frame50,6.0,50,cwz_joint,409,false,false,true,missing,false,true,gradient_only,8,2859,0,2.945375106997224,5.071426687728012,missing
red4:lane1:snr6.0:seed4:frame51,6.0,51,cwz_joint,703,false,false,true,missing,false,true,gradient_only,8,3200,0,1.0873571162073408,4.21508457454411,missing
red4:lane1:snr6.0:seed4:frame52,6.0,52,cwz_joint,200,false,false,true,missing,false,true,gradient_only,8,2007,0,0.825064850524492,5.177336787196453,missing
red4:lane1:snr6.0:seed4:frame53,6.0,53,cwz_joint,473,false,false,true,missing,false,true,gradient_only,8,2912,0,0.8321233983992601,2.355209101341126,missing
red4:lane1:snr6.0:seed4:frame54,6.0,54,cwz_joint,539,false,false,true,missing,false,true,gradient_only,8,3072,0,1.5122053568680567,3.5174373478999765,missing
red4:lane1:snr6.0:seed4:frame55,6.0,55,cwz_joint,394,false,false,true,missing,false,true,gradient_only,8,2755,0,1.2493005426338935,3.3923613573442544,missing
red4:lane1:snr6.0:seed4:frame56,6.0,56,cwz_joint,419,false,false,true,missing,false,true,gradient_only,8,2906,0,1.3708593240599292,4.7359697311112114,missing
red4:lane1:snr6.0:seed4:frame57,6.0,57,cwz_joint,48,false,false,true,missing,false,true,gradient_only,8,239,0,0.5927278587614597,0.8359054734323552,missing
red4:lane1:snr6.0:seed4:frame58,6.0,58,cwz_joint,520,false,false,true,missing,false,true,gradient_only,8,3014,0,1.386998663622793,2.1073329113282346,missing
red4:lane1:snr6.0:seed4:frame59,6.0,59,cwz_joint,480,false,false,true,missing,false,true,gradient_only,8,2881,0,1.102789847333871,3.6627744178958195,missing
red4:lane1:snr6.0:seed4:frame60,6.0,60,cwz_joint,534,false,false,true,missing,false,true,gradient_only,8,2960,0,1.4171588516259064,6.285121316248298,missing
red4:lane1:snr6.0:seed4:frame1,6.0,1,profiled_cz,476,false,false,false,missing,false,true,gradient_only,2,2886,1224,1.040182575137148,3.3305657028953384,missing
red4:lane1:snr6.0:seed4:frame2,6.0,2,profiled_cz,269,false,false,false,missing,false,true,gradient_only,6,2394,625,0.7995428886872464,9.865201563557852,missing
red4:lane1:snr6.0:seed4:frame3,6.0,3,profiled_cz,574,false,false,false,missing,false,true,gradient_only,3,3044,1642,0.9641390959721925,4.753006544871691,missing
red4:lane1:snr6.0:seed4:frame4,6.0,4,profiled_cz,663,false,false,false,missing,false,true,gradient_only,1,3173,1979,0.8762105767321297,4.240403225808306,missing
red4:lane1:snr6.0:seed4:frame5,6.0,5,profiled_cz,496,false,false,false,missing,false,true,gradient_only,1,2830,1125,0.55464064038751,2.314227577344132,missing
red4:lane1:snr6.0:seed4:frame6,6.0,6,profiled_cz,217,false,false,false,missing,false,true,gradient_only,1,1993,288,0.8872218547611839,3.036384975407202,missing
red4:lane1:snr6.0:seed4:frame7,6.0,7,profiled_cz,510,false,false,false,missing,false,true,gradient_only,1,3008,1347,1.1623845171196527,8.281289583422849,missing
red4:lane1:snr6.0:seed4:frame8,6.0,8,profiled_cz,413,false,false,false,missing,false,true,gradient_only,5,2638,760,1.301545909357395,6.465521759963039,missing
red4:lane1:snr6.0:seed4:frame9,6.0,9,profiled_cz,464,false,false,false,missing,false,true,gradient_only,8,2918,1483,2.6183448083590894,6.274947649916233,missing
red4:lane1:snr6.0:seed4:frame10,6.0,10,profiled_cz,701,false,false,false,missing,false,true,gradient_only,7,3348,2283,1.6836531438253437,9.209287545657581,missing
red4:lane1:snr6.0:seed4:frame11,6.0,11,profiled_cz,510,false,false,false,missing,false,true,gradient_only,1,2970,1680,0.8501136558084269,3.8645416500649508,missing
red4:lane1:snr6.0:seed4:frame12,6.0,12,profiled_cz,395,false,false,false,missing,false,true,gradient_only,1,2593,587,0.9320638990511008,3.4735678706033637,missing
red4:lane1:snr6.0:seed4:frame13,6.0,13,profiled_cz,582,false,false,false,missing,false,true,gradient_only,1,3096,1871,0.7044309264156212,6.826541929005095,missing
red4:lane1:snr6.0:seed4:frame14,6.0,14,profiled_cz,608,false,false,false,missing,false,true,gradient_only,1,3063,1755,2.0388252107796045,4.7510693531384325,missing
red4:lane1:snr6.0:seed4:frame15,6.0,15,profiled_cz,430,false,false,false,missing,false,true,gradient_only,5,2775,1489,0.6469884729820463,3.7369091113823245,missing
red4:lane1:snr6.0:seed4:frame16,6.0,16,profiled_cz,105,false,false,false,missing,false,true,gradient_only,1,981,48,0.537166598701449,2.853404409715629,missing
red4:lane1:snr6.0:seed4:frame17,6.0,17,profiled_cz,372,false,false,false,missing,false,true,gradient_only,1,2791,872,0.9808770300190568,7.973929715280462,missing
red4:lane1:snr6.0:seed4:frame18,6.0,18,profiled_cz,465,false,false,false,missing,false,true,gradient_only,4,2902,1143,0.7188038237693121,6.474417729638778,missing
red4:lane1:snr6.0:seed4:frame19,6.0,19,profiled_cz,606,false,false,false,missing,false,true,gradient_only,3,3199,2009,1.130578117784273,3.1787999221258105,missing
red4:lane1:snr6.0:seed4:frame20,6.0,20,profiled_cz,136,false,false,false,missing,false,true,gradient_only,1,1647,99,0.7168011333304567,4.003870279088055,missing
red4:lane1:snr6.0:seed4:frame21,6.0,21,profiled_cz,459,false,false,false,missing,false,true,gradient_only,2,2892,1570,0.5524558874962187,4.048772260268524,missing
red4:lane1:snr6.0:seed4:frame22,6.0,22,profiled_cz,1097,false,false,false,missing,false,true,gradient_only,7,3452,2503,3.321312684156023,60.26969201726791,missing
red4:lane1:snr6.0:seed4:frame23,6.0,23,profiled_cz,463,false,false,false,missing,false,true,gradient_only,6,2864,1277,0.8892234340531505,4.177652624314713,missing
red4:lane1:snr6.0:seed4:frame24,6.0,24,profiled_cz,452,false,false,false,missing,false,true,gradient_only,8,2851,1501,2.050371523221668,4.4341366299432305,missing
red4:lane1:snr6.0:seed4:frame25,6.0,25,profiled_cz,436,false,false,false,missing,false,true,gradient_only,8,2858,1357,2.6251751347667645,3.6922587414570534,missing
red4:lane1:snr6.0:seed4:frame26,6.0,26,profiled_cz,160,false,false,false,missing,false,true,gradient_only,1,1453,91,15.828102937099294,2.7849319999928093,missing
red4:lane1:snr6.0:seed4:frame27,6.0,27,profiled_cz,312,false,false,false,missing,false,true,gradient_only,4,2388,701,0.9347464422742499,3.7486024929392543,missing
red4:lane1:snr6.0:seed4:frame28,6.0,28,profiled_cz,265,false,false,false,missing,false,true,gradient_only,8,2409,499,2.1978805580629697,4.409570965291701,missing
red4:lane1:snr6.0:seed4:frame29,6.0,29,profiled_cz,207,false,false,false,missing,false,true,gradient_only,8,2237,290,0.7629447138425519,5.183980808738885,missing
red4:lane1:snr6.0:seed4:frame30,6.0,30,profiled_cz,698,false,false,false,missing,false,true,gradient_only,8,3179,1982,1.9386655004353135,5.558962354634903,missing
red4:lane1:snr6.0:seed4:frame31,6.0,31,profiled_cz,473,false,false,false,missing,false,true,gradient_only,3,2925,1479,0.6337885928457655,3.143890464905952,missing
red4:lane1:snr6.0:seed4:frame32,6.0,32,profiled_cz,718,false,false,false,missing,false,true,gradient_only,2,3185,1989,1.3111688385343045,16.697265360680575,missing
red4:lane1:snr6.0:seed4:frame33,6.0,33,profiled_cz,306,false,false,false,missing,false,true,gradient_only,1,2349,489,0.5588339829356296,3.1583446039065275,missing
red4:lane1:snr6.0:seed4:frame34,6.0,34,profiled_cz,309,false,false,false,missing,false,true,gradient_only,8,2473,792,1.1584874431919492,4.688353848714987,missing
red4:lane1:snr6.0:seed4:frame35,6.0,35,profiled_cz,676,false,false,false,missing,false,true,gradient_only,2,2961,1820,1.130867234143227,4.567601391699,missing
red4:lane1:snr6.0:seed4:frame36,6.0,36,profiled_cz,295,false,false,false,missing,false,true,gradient_only,8,2530,785,0.7169608095477523,3.082187887569461,missing
red4:lane1:snr6.0:seed4:frame37,6.0,37,profiled_cz,156,false,false,false,missing,false,true,gradient_only,1,1317,62,1.1945233937325377,2.851231143603108,missing
red4:lane1:snr6.0:seed4:frame38,6.0,38,profiled_cz,491,false,false,false,missing,false,true,gradient_only,8,2991,1674,1.3610432041658538,6.256433093739658,missing
red4:lane1:snr6.0:seed4:frame39,6.0,39,profiled_cz,442,false,false,false,missing,false,true,gradient_only,4,2948,1231,3.3533333148639044,5.220542855530515,missing
red4:lane1:snr6.0:seed4:frame40,6.0,40,profiled_cz,693,false,false,false,missing,false,true,gradient_only,5,3111,1994,0.8932419955350175,4.44499182005738,missing
red4:lane1:snr6.0:seed4:frame41,6.0,41,profiled_cz,747,false,false,false,missing,false,true,gradient_only,4,3189,2036,1.5356919316661621,4.571061274359527,missing
red4:lane1:snr6.0:seed4:frame42,6.0,42,profiled_cz,505,false,false,false,missing,false,true,gradient_only,4,2862,1426,0.6691975575015833,6.014389242266805,missing
red4:lane1:snr6.0:seed4:frame43,6.0,43,profiled_cz,1116,false,false,false,missing,false,true,gradient_only,8,3518,2578,4.625855875675572,94.61015987652708,missing
red4:lane1:snr6.0:seed4:frame44,6.0,44,profiled_cz,72,false,false,false,missing,false,true,gradient_only,1,483,43,0.9278308042729438,3.8031051345403957,missing
red4:lane1:snr6.0:seed4:frame45,6.0,45,profiled_cz,428,false,false,false,missing,false,true,gradient_only,8,2767,1048,1.3505893810111258,4.7668742477768635,missing
red4:lane1:snr6.0:seed4:frame46,6.0,46,profiled_cz,482,false,false,false,missing,false,true,gradient_only,1,2901,1561,0.6565324803522543,6.709169701127451,missing
red4:lane1:snr6.0:seed4:frame47,6.0,47,profiled_cz,513,false,false,false,missing,false,true,gradient_only,4,2969,1303,5.939178372998331,5.228658177875941,missing
red4:lane1:snr6.0:seed4:frame48,6.0,48,profiled_cz,582,false,false,false,missing,false,true,gradient_only,4,3103,1795,0.6236939436954265,3.647009520302126,missing
red4:lane1:snr6.0:seed4:frame49,6.0,49,profiled_cz,170,false,false,false,missing,false,true,gradient_only,1,1726,96,2.4951858331939536,2.6621157302835865,missing
red4:lane1:snr6.0:seed4:frame50,6.0,50,profiled_cz,438,false,false,false,missing,false,true,gradient_only,5,2859,1574,2.945375106997224,3.7966007701762283,missing
red4:lane1:snr6.0:seed4:frame51,6.0,51,profiled_cz,746,false,false,false,missing,false,true,gradient_only,1,3200,1941,1.0873571162073408,10.120354701718108,missing
red4:lane1:snr6.0:seed4:frame52,6.0,52,profiled_cz,201,false,false,false,missing,false,true,gradient_only,2,2007,119,0.825064850524492,4.010108553666504,missing
red4:lane1:snr6.0:seed4:frame53,6.0,53,profiled_cz,482,false,false,false,missing,false,true,gradient_only,4,2912,1318,0.8321233983992601,3.355907680325064,missing
red4:lane1:snr6.0:seed4:frame54,6.0,54,profiled_cz,568,false,false,false,missing,false,true,gradient_only,6,3072,1909,1.5122053568680567,5.498137879687709,missing
red4:lane1:snr6.0:seed4:frame55,6.0,55,profiled_cz,401,false,false,false,missing,false,true,gradient_only,4,2755,826,1.2493005426338935,2.787695383256011,missing
red4:lane1:snr6.0:seed4:frame56,6.0,56,profiled_cz,436,false,false,false,missing,false,true,gradient_only,8,2906,1382,1.3708593240599292,3.086741001706896,missing
red4:lane1:snr6.0:seed4:frame57,6.0,57,profiled_cz,48,false,false,false,missing,false,true,gradient_only,1,239,7,0.5927278587614597,3.6760801480470846,missing
red4:lane1:snr6.0:seed4:frame58,6.0,58,profiled_cz,538,false,false,false,missing,false,true,gradient_only,5,3014,1676,1.386998663622793,3.0179420915498385,missing
red4:lane1:snr6.0:seed4:frame59,6.0,59,profiled_cz,475,false,false,false,missing,false,true,gradient_only,5,2881,1247,1.102789847333871,4.690069014285949,missing
red4:lane1:snr6.0:seed4:frame60,6.0,60,profiled_cz,568,false,false,false,missing,false,true,gradient_only,1,2960,1575,1.4171588516259064,4.6998923366715655,missing
red4:lane1:snr8.0:seed4:frame1,8.0,1,cwz_joint,101,false,false,true,missing,false,true,gradient_only,8,1071,0,0.6821895377811771,3.8336005740612062,missing
red4:lane1:snr8.0:seed4:frame2,8.0,2,cwz_joint,45,false,false,true,missing,false,true,gradient_only,8,194,0,1.181032837199621,5.164082942387737,missing
red4:lane1:snr8.0:seed4:frame3,8.0,3,cwz_joint,117,false,false,true,missing,false,true,gradient_only,8,1148,0,1.421488557778613,5.020469541886322,missing
red4:lane1:snr8.0:seed4:frame4,8.0,4,cwz_joint,484,false,false,true,missing,false,true,gradient_only,8,2888,0,0.6681750600863778,3.3387763423627437,missing
red4:lane1:snr8.0:seed4:frame5,8.0,5,cwz_joint,45,false,false,true,missing,false,true,gradient_only,8,138,0,0.6132616205494038,0.7244364777132319,missing
red4:lane1:snr8.0:seed4:frame6,8.0,6,cwz_joint,17,false,false,true,missing,false,true,gradient_only,8,90,0,0.5835264472553809,3.4912959042250855,missing
red4:lane1:snr8.0:seed4:frame7,8.0,7,cwz_joint,200,false,false,true,missing,false,true,gradient_only,8,1878,0,0.9041682455693779,11.23475227540855,missing
red4:lane1:snr8.0:seed4:frame8,8.0,8,cwz_joint,103,false,false,true,missing,false,true,gradient_only,8,960,0,1.3252779294403116,12.48828097090415,missing
red4:lane1:snr8.0:seed4:frame9,8.0,9,cwz_joint,38,false,false,true,missing,false,true,gradient_only,8,369,0,0.8729530316514222,8.50814856753482,missing
red4:lane1:snr8.0:seed4:frame10,8.0,10,cwz_joint,479,false,false,true,missing,false,true,gradient_only,8,2972,0,0.7487265727003108,3.7587010235107527,missing
red4:lane1:snr8.0:seed4:frame11,8.0,11,cwz_joint,171,false,false,true,missing,false,true,gradient_only,8,1598,0,3.5043530664239113,3.300806274670349,missing
red4:lane1:snr8.0:seed4:frame12,8.0,12,cwz_joint,98,false,false,true,missing,false,true,gradient_only,8,795,0,1.1020839717816833,3.4790075414586275,missing
red4:lane1:snr8.0:seed4:frame13,8.0,13,cwz_joint,347,false,false,true,missing,false,true,gradient_only,8,2373,0,1.6410194376187688,3.4301409921190724,missing
red4:lane1:snr8.0:seed4:frame14,8.0,14,cwz_joint,78,false,false,true,missing,false,true,gradient_only,8,826,0,0.6666339267178828,3.944198162003496,missing
red4:lane1:snr8.0:seed4:frame15,8.0,15,cwz_joint,65,false,false,true,missing,false,true,gradient_only,8,408,0,0.6514590539252652,6.294861473944001,missing
red4:lane1:snr8.0:seed4:frame16,8.0,16,cwz_joint,11,false,false,true,missing,false,true,gradient_only,8,90,0,0.738149779795265,3.022907881035664,missing
red4:lane1:snr8.0:seed4:frame17,8.0,17,cwz_joint,44,false,false,true,missing,false,true,gradient_only,8,412,0,1.7755857764811522,13.993904619845484,missing
red4:lane1:snr8.0:seed4:frame18,8.0,18,cwz_joint,128,false,false,true,missing,false,true,gradient_only,8,1298,0,0.47985102665054,4.162672173520132,missing
red4:lane1:snr8.0:seed4:frame19,8.0,19,cwz_joint,257,false,false,true,missing,false,true,gradient_only,8,2391,0,0.515685086233684,4.568574590306843,missing
red4:lane1:snr8.0:seed4:frame20,8.0,20,cwz_joint,11,false,false,true,missing,false,true,gradient_only,8,99,0,0.7547436049876178,6.771556273118792,missing
red4:lane1:snr8.0:seed4:frame21,8.0,21,cwz_joint,13,false,false,true,missing,false,true,gradient_only,8,123,0,1.0587378816680602,3.420975882775748,missing
red4:lane1:snr8.0:seed4:frame22,8.0,22,cwz_joint,1098,false,false,true,missing,false,true,gradient_only,8,3528,0,2.2204147657189965,377.77938283661143,missing
red4:lane1:snr8.0:seed4:frame23,8.0,23,cwz_joint,117,false,false,true,missing,false,true,gradient_only,8,999,0,0.6155649415760469,3.8927479954081647,missing
red4:lane1:snr8.0:seed4:frame24,8.0,24,cwz_joint,107,false,false,true,missing,false,true,gradient_only,8,887,0,1.389972927029504,3.9739538613916614,missing
red4:lane1:snr8.0:seed4:frame25,8.0,25,cwz_joint,50,false,false,true,missing,false,true,gradient_only,8,250,0,2.79285379058576,3.824830504564421,missing
red4:lane1:snr8.0:seed4:frame26,8.0,26,cwz_joint,5,false,false,true,missing,false,true,gradient_only,8,79,0,0.6810427212970871,1.6232850583274583,missing
red4:lane1:snr8.0:seed4:frame27,8.0,27,cwz_joint,18,false,false,true,missing,false,true,gradient_only,8,136,0,0.8989383748200241,5.439965618016784,missing
red4:lane1:snr8.0:seed4:frame28,8.0,28,cwz_joint,16,false,false,true,missing,false,true,gradient_only,8,107,0,0.9066556865966505,3.205171426125366,missing
red4:lane1:snr8.0:seed4:frame29,8.0,29,cwz_joint,12,false,false,true,missing,false,true,gradient_only,8,119,0,0.6589847722241113,5.806911228120909,missing
red4:lane1:snr8.0:seed4:frame30,8.0,30,cwz_joint,466,false,false,true,missing,false,true,gradient_only,8,2915,0,1.0456084459395734,6.298325659251242,missing
red4:lane1:snr8.0:seed4:frame31,8.0,31,cwz_joint,37,false,false,true,missing,false,true,gradient_only,8,316,0,0.7093839942935543,3.8320241278903455,missing
red4:lane1:snr8.0:seed4:frame32,8.0,32,cwz_joint,480,false,false,true,missing,false,true,gradient_only,8,2894,0,1.0450808196123684,5.218543616562419,missing
red4:lane1:snr8.0:seed4:frame33,8.0,33,cwz_joint,18,false,false,true,missing,false,true,gradient_only,8,83,0,0.8669632530806733,3.0103396454531235,missing
red4:lane1:snr8.0:seed4:frame34,8.0,34,cwz_joint,35,false,false,true,missing,false,true,gradient_only,8,133,0,0.645550889519442,1.087612335887727,missing
red4:lane1:snr8.0:seed4:frame35,8.0,35,cwz_joint,258,false,false,true,missing,false,true,gradient_only,8,2411,0,0.804451936997912,3.5087543702971984,missing
red4:lane1:snr8.0:seed4:frame36,8.0,36,cwz_joint,13,false,false,true,missing,false,true,gradient_only,8,105,0,0.682709899073941,3.9122335315491767,missing
red4:lane1:snr8.0:seed4:frame37,8.0,37,cwz_joint,15,false,false,true,missing,false,true,gradient_only,8,101,0,1.432516887649966,4.2670910751929085,missing
red4:lane1:snr8.0:seed4:frame38,8.0,38,cwz_joint,188,false,false,true,missing,false,true,gradient_only,8,1740,0,3.661209080567466,21.590624917413884,missing
red4:lane1:snr8.0:seed4:frame39,8.0,39,cwz_joint,80,false,false,true,missing,false,true,gradient_only,8,766,0,1.8388348059626187,7.581001649165351,missing
red4:lane1:snr8.0:seed4:frame40,8.0,40,cwz_joint,528,false,false,true,missing,false,true,gradient_only,8,3038,0,0.9220023100658525,4.214217496549794,missing
red4:lane1:snr8.0:seed4:frame41,8.0,41,cwz_joint,510,false,false,true,missing,false,true,gradient_only,8,3159,0,0.6803977192542623,1.909429294405152,missing
red4:lane1:snr8.0:seed4:frame42,8.0,42,cwz_joint,143,false,false,true,missing,false,true,gradient_only,8,1529,0,1.3314278634474,4.7097157684053,missing
red4:lane1:snr8.0:seed4:frame43,8.0,43,cwz_joint,1083,false,false,true,missing,false,true,gradient_only,8,3475,0,2.1324032759334983,140.43546734661894,missing
red4:lane1:snr8.0:seed4:frame44,8.0,44,cwz_joint,12,false,false,true,missing,false,true,gradient_only,8,63,0,0.9691346055231664,7.918000481243901,missing
red4:lane1:snr8.0:seed4:frame45,8.0,45,cwz_joint,13,false,false,true,missing,false,true,gradient_only,8,150,0,1.0124258431701356,8.366617083586661,missing
red4:lane1:snr8.0:seed4:frame46,8.0,46,cwz_joint,128,false,false,true,missing,false,true,gradient_only,8,1289,0,0.5663940879802967,7.80561792929522,missing
red4:lane1:snr8.0:seed4:frame47,8.0,47,cwz_joint,180,false,false,true,missing,false,true,gradient_only,8,1638,0,0.7293219278650289,5.455680079201017,missing
red4:lane1:snr8.0:seed4:frame48,8.0,48,cwz_joint,230,false,false,true,missing,false,true,gradient_only,8,2350,0,0.6142234108593091,3.674777179118439,missing
red4:lane1:snr8.0:seed4:frame49,8.0,49,cwz_joint,16,false,false,true,missing,false,true,gradient_only,8,105,0,0.5030787589755881,2.6117377765382734,missing
red4:lane1:snr8.0:seed4:frame50,8.0,50,cwz_joint,128,false,false,true,missing,false,true,gradient_only,8,1348,0,1.770585478061788,4.09382223577121,missing
red4:lane1:snr8.0:seed4:frame51,8.0,51,cwz_joint,531,false,false,true,missing,false,true,gradient_only,8,2924,0,1.3038157654755564,3.1943327694624064,missing
red4:lane1:snr8.0:seed4:frame52,8.0,52,cwz_joint,15,false,false,true,missing,false,true,gradient_only,8,109,0,0.7421608955285978,4.158896793835171,missing
red4:lane1:snr8.0:seed4:frame53,8.0,53,cwz_joint,87,false,false,true,missing,false,true,gradient_only,8,741,0,0.8016125343375848,1.8762820451913105,missing
red4:lane1:snr8.0:seed4:frame54,8.0,54,cwz_joint,223,false,false,true,missing,false,true,gradient_only,8,2021,0,1.377366193532431,2.844062604534318,missing
red4:lane1:snr8.0:seed4:frame55,8.0,55,cwz_joint,23,false,false,true,missing,false,true,gradient_only,8,167,0,2.2521101100622727,2.5812176945424934,missing
red4:lane1:snr8.0:seed4:frame56,8.0,56,cwz_joint,33,false,false,true,missing,false,true,gradient_only,8,261,0,0.7441200208232228,3.6997189594630204,missing
red4:lane1:snr8.0:seed4:frame57,8.0,57,cwz_joint,5,false,false,true,missing,false,true,gradient_only,8,60,0,1.6353447780155461,0.6397284309138443,missing
red4:lane1:snr8.0:seed4:frame58,8.0,58,cwz_joint,149,false,false,true,missing,false,true,gradient_only,8,1348,0,22.788344812848145,1.7196507593840202,missing
red4:lane1:snr8.0:seed4:frame59,8.0,59,cwz_joint,25,false,false,true,missing,false,true,gradient_only,8,184,0,1.7504673255182654,3.0748105386995914,missing
red4:lane1:snr8.0:seed4:frame60,8.0,60,cwz_joint,194,false,false,true,missing,false,true,gradient_only,8,1738,0,2.0472794745186382,4.546603669771531,missing
red4:lane1:snr8.0:seed4:frame1,8.0,1,profiled_cz,101,false,false,false,missing,false,true,gradient_only,1,1071,76,0.6821895377811771,2.4972204629119346,missing
red4:lane1:snr8.0:seed4:frame2,8.0,2,profiled_cz,45,false,false,false,missing,false,true,gradient_only,1,194,13,1.181032837199621,4.837921288239809,missing
red4:lane1:snr8.0:seed4:frame3,8.0,3,profiled_cz,117,false,false,false,missing,false,true,gradient_only,6,1148,47,1.421488557778613,3.623702694392547,missing
red4:lane1:snr8.0:seed4:frame4,8.0,4,profiled_cz,493,false,false,false,missing,false,true,gradient_only,8,2888,1490,0.6681750600863778,3.426891486151576,missing
red4:lane1:snr8.0:seed4:frame5,8.0,5,profiled_cz,45,false,false,false,missing,false,true,gradient_only,1,138,2,0.6132616205494038,2.1033395107498896,missing
red4:lane1:snr8.0:seed4:frame6,8.0,6,profiled_cz,17,false,false,true,missing,false,true,gradient_only,1,90,0,0.5835264472553809,2.5378213612519063,missing
red4:lane1:snr8.0:seed4:frame7,8.0,7,profiled_cz,202,false,false,false,missing,false,true,gradient_only,1,1878,201,0.9041682455693779,6.494973081479296,missing
red4:lane1:snr8.0:seed4:frame8,8.0,8,profiled_cz,103,false,false,false,missing,false,true,gradient_only,1,960,45,1.3252779294403116,4.943701412738987,missing
red4:lane1:snr8.0:seed4:frame9,8.0,9,profiled_cz,37,false,false,false,missing,false,true,gradient_only,1,369,21,0.8729530316514222,4.5462730382130445,missing
red4:lane1:snr8.0:seed4:frame10,8.0,10,profiled_cz,488,false,false,false,missing,false,true,gradient_only,7,2972,1483,0.7487265727003108,6.555808666444549,missing
red4:lane1:snr8.0:seed4:frame11,8.0,11,profiled_cz,171,false,false,false,missing,false,true,gradient_only,1,1598,131,3.5043530664239113,3.0730504187934597,missing
red4:lane1:snr8.0:seed4:frame12,8.0,12,profiled_cz,99,false,false,false,missing,false,true,gradient_only,1,795,55,1.1020839717816833,2.7238048188266317,missing
red4:lane1:snr8.0:seed4:frame13,8.0,13,profiled_cz,356,false,false,false,missing,false,true,gradient_only,5,2373,649,1.6410194376187688,4.5468841704917144,missing
red4:lane1:snr8.0:seed4:frame14,8.0,14,profiled_cz,78,false,false,false,missing,false,true,gradient_only,1,826,30,0.6666339267178828,3.810115948996031,missing
red4:lane1:snr8.0:seed4:frame15,8.0,15,profiled_cz,65,false,false,false,missing,false,true,gradient_only,1,408,22,0.6514590539252652,3.0302173149765816,missing
red4:lane1:snr8.0:seed4:frame16,8.0,16,profiled_cz,11,false,false,true,missing,false,true,gradient_only,1,90,0,0.738149779795265,2.56770080091025,missing
red4:lane1:snr8.0:seed4:frame17,8.0,17,profiled_cz,44,false,false,false,missing,false,true,gradient_only,1,412,20,1.7755857764811522,6.858030886097717,missing
red4:lane1:snr8.0:seed4:frame18,8.0,18,profiled_cz,129,false,false,false,missing,false,true,gradient_only,1,1298,229,0.47985102665054,5.729509094480284,missing
red4:lane1:snr8.0:seed4:frame19,8.0,19,profiled_cz,260,false,false,false,missing,false,true,gradient_only,6,2391,532,0.515685086233684,2.5424513033506675,missing
red4:lane1:snr8.0:seed4:frame20,8.0,20,profiled_cz,11,false,false,false,missing,false,true,gradient_only,1,99,5,0.7547436049876178,3.3627460537095617,missing
red4:lane1:snr8.0:seed4:frame21,8.0,21,profiled_cz,13,false,false,true,missing,false,true,gradient_only,1,123,0,1.0587378816680602,2.985321637784183,missing
red4:lane1:snr8.0:seed4:frame22,8.0,22,profiled_cz,1104,false,false,false,missing,false,true,gradient_only,4,3528,2597,2.2204147657189965,42.19242401885622,missing
red4:lane1:snr8.0:seed4:frame23,8.0,23,profiled_cz,118,false,false,false,missing,false,true,gradient_only,8,999,43,0.6155649415760469,3.138730514472999,missing
red4:lane1:snr8.0:seed4:frame24,8.0,24,profiled_cz,107,false,false,false,missing,false,true,gradient_only,1,887,31,1.389972927029504,3.424619054726882,missing
red4:lane1:snr8.0:seed4:frame25,8.0,25,profiled_cz,50,false,false,false,missing,false,true,gradient_only,1,250,13,2.79285379058576,3.257147769556912,missing
red4:lane1:snr8.0:seed4:frame26,8.0,26,profiled_cz,5,false,false,true,missing,false,true,gradient_only,1,79,0,0.6810427212970871,2.7114427916425767,missing
red4:lane1:snr8.0:seed4:frame27,8.0,27,profiled_cz,18,false,false,true,missing,false,true,gradient_only,1,136,0,0.8989383748200241,3.1193414073925188,missing
red4:lane1:snr8.0:seed4:frame28,8.0,28,profiled_cz,15,false,false,false,missing,false,true,gradient_only,1,107,5,0.9066556865966505,3.615742014704231,missing
red4:lane1:snr8.0:seed4:frame29,8.0,29,profiled_cz,12,false,false,false,missing,false,true,gradient_only,1,119,8,0.6589847722241113,3.768606138166082,missing
red4:lane1:snr8.0:seed4:frame30,8.0,30,profiled_cz,459,false,false,false,missing,false,true,gradient_only,1,2915,1476,1.0456084459395734,4.11401002287755,missing
red4:lane1:snr8.0:seed4:frame31,8.0,31,profiled_cz,37,false,false,false,missing,false,true,gradient_only,1,316,14,0.7093839942935543,2.7031384202334365,missing
red4:lane1:snr8.0:seed4:frame32,8.0,32,profiled_cz,474,false,false,false,missing,false,true,gradient_only,5,2894,1482,1.0450808196123684,12.637702510409767,missing
red4:lane1:snr8.0:seed4:frame33,8.0,33,profiled_cz,18,false,false,false,missing,false,true,gradient_only,1,83,5,0.8669632530806733,2.842474471794686,missing
red4:lane1:snr8.0:seed4:frame34,8.0,34,profiled_cz,35,false,false,false,missing,false,true,gradient_only,1,133,11,0.645550889519442,4.094421712295179,missing
red4:lane1:snr8.0:seed4:frame35,8.0,35,profiled_cz,252,false,false,false,missing,false,true,gradient_only,8,2411,553,0.804451936997912,3.6367508705629787,missing
red4:lane1:snr8.0:seed4:frame36,8.0,36,profiled_cz,13,false,false,false,missing,false,true,gradient_only,1,105,5,0.682709899073941,2.3045689660486954,missing
red4:lane1:snr8.0:seed4:frame37,8.0,37,profiled_cz,15,false,false,false,missing,false,true,gradient_only,1,101,7,1.432516887649966,2.1373517505325053,missing
red4:lane1:snr8.0:seed4:frame38,8.0,38,profiled_cz,187,false,false,false,missing,false,true,gradient_only,1,1740,132,3.661209080567466,4.966296702155906,missing
red4:lane1:snr8.0:seed4:frame39,8.0,39,profiled_cz,79,false,false,false,missing,false,true,gradient_only,1,766,39,1.8388348059626187,4.909121173150988,missing
red4:lane1:snr8.0:seed4:frame40,8.0,40,profiled_cz,525,false,false,false,missing,false,true,gradient_only,7,3038,1466,0.9220023100658525,3.7541592238523576,missing
red4:lane1:snr8.0:seed4:frame41,8.0,41,profiled_cz,529,false,false,false,missing,false,true,gradient_only,4,3159,1653,0.6803977192542623,3.335133179642826,missing
red4:lane1:snr8.0:seed4:frame42,8.0,42,profiled_cz,144,false,false,false,missing,false,true,gradient_only,1,1529,101,1.3314278634474,5.706466660681106,missing
red4:lane1:snr8.0:seed4:frame43,8.0,43,profiled_cz,1107,false,false,false,missing,false,true,gradient_only,2,3475,2360,2.1324032759334983,151.92859074619457,missing
red4:lane1:snr8.0:seed4:frame44,8.0,44,profiled_cz,12,false,false,false,missing,false,true,gradient_only,1,63,5,0.9691346055231664,3.1667241812434463,missing
red4:lane1:snr8.0:seed4:frame45,8.0,45,profiled_cz,13,false,false,true,missing,false,true,gradient_only,1,150,0,1.0124258431701356,4.328590150912216,missing
red4:lane1:snr8.0:seed4:frame46,8.0,46,profiled_cz,129,false,false,false,missing,false,true,gradient_only,1,1289,85,0.5663940879802967,6.45954771388758,missing
red4:lane1:snr8.0:seed4:frame47,8.0,47,profiled_cz,180,false,false,false,missing,false,true,gradient_only,1,1638,141,0.7293219278650289,3.9856427105403376,missing
red4:lane1:snr8.0:seed4:frame48,8.0,48,profiled_cz,229,false,false,false,missing,false,true,gradient_only,8,2350,574,0.6142234108593091,2.787510485223104,missing
red4:lane1:snr8.0:seed4:frame49,8.0,49,profiled_cz,16,false,false,false,missing,false,true,gradient_only,1,105,5,0.5030787589755881,2.35523294915687,missing
red4:lane1:snr8.0:seed4:frame50,8.0,50,profiled_cz,127,false,false,false,missing,false,true,gradient_only,1,1348,75,1.770585478061788,3.0917849382397997,missing
red4:lane1:snr8.0:seed4:frame51,8.0,51,profiled_cz,534,false,false,false,missing,false,true,gradient_only,1,2924,1141,1.3038157654755564,7.931924869022802,missing
red4:lane1:snr8.0:seed4:frame52,8.0,52,profiled_cz,15,false,false,false,missing,false,true,gradient_only,1,109,8,0.7421608955285978,3.8111834183651085,missing
red4:lane1:snr8.0:seed4:frame53,8.0,53,profiled_cz,87,false,false,false,missing,false,true,gradient_only,1,741,27,0.8016125343375848,3.104905853235942,missing
red4:lane1:snr8.0:seed4:frame54,8.0,54,profiled_cz,234,false,false,false,missing,false,true,gradient_only,4,2021,303,1.377366193532431,4.319260154207121,missing
red4:lane1:snr8.0:seed4:frame55,8.0,55,profiled_cz,23,false,false,false,missing,false,true,gradient_only,1,167,5,2.2521101100622727,1.653494848500246,missing
red4:lane1:snr8.0:seed4:frame56,8.0,56,profiled_cz,32,false,false,false,missing,false,true,gradient_only,1,261,11,0.7441200208232228,2.490934059357188,missing
red4:lane1:snr8.0:seed4:frame57,8.0,57,profiled_cz,5,false,false,true,missing,false,true,gradient_only,1,60,0,1.6353447780155461,2.4935762834415236,missing
red4:lane1:snr8.0:seed4:frame58,8.0,58,profiled_cz,149,false,false,false,missing,false,true,gradient_only,1,1348,71,22.788344812848145,2.452359649543199,missing
red4:lane1:snr8.0:seed4:frame59,8.0,59,profiled_cz,25,false,false,false,missing,false,true,gradient_only,1,184,9,1.7504673255182654,3.076675261604154,missing
red4:lane1:snr8.0:seed4:frame60,8.0,60,profiled_cz,194,false,false,false,missing,false,true,gradient_only,1,1738,103,2.0472794745186382,2.750777481370289,missing
red4:lane1:snr10.0:seed4:frame1,10.0,1,cwz_joint,6,false,false,true,missing,false,true,gradient_only,8,51,0,2.4679817148682046,3.147953523599772,missing
red4:lane1:snr10.0:seed4:frame2,10.0,2,cwz_joint,4,false,false,true,missing,false,true,gradient_only,8,56,0,0.8365391443524064,4.365922802427484,missing
red4:lane1:snr10.0:seed4:frame3,10.0,3,cwz_joint,9,false,false,true,missing,false,true,gradient_only,8,64,0,0.8054347640947787,4.060563385052507,missing
red4:lane1:snr10.0:seed4:frame4,10.0,4,cwz_joint,18,false,false,true,missing,false,true,gradient_only,8,149,0,0.691572258504985,2.7249789152379806,missing
red4:lane1:snr10.0:seed4:frame5,10.0,5,cwz_joint,6,false,false,true,missing,false,true,gradient_only,8,37,0,0.41280264617634044,0.6388107543907039,missing
red4:lane1:snr10.0:seed4:frame6,10.0,6,cwz_joint,2,false,false,true,missing,false,true,gradient_only,8,40,0,0.4225406356734125,3.069475774878148,missing
red4:lane1:snr10.0:seed4:frame7,10.0,7,cwz_joint,24,false,false,true,missing,false,true,gradient_only,8,120,0,1.7874520618953234,8.809386240099998,missing
red4:lane1:snr10.0:seed4:frame8,10.0,8,cwz_joint,15,false,false,true,missing,false,true,gradient_only,8,94,0,0.9002258596985397,10.365588313900354,missing
red4:lane1:snr10.0:seed4:frame9,10.0,9,cwz_joint,9,false,false,true,missing,false,true,gradient_only,8,58,0,1.932852670475057,6.804180335229119,missing
red4:lane1:snr10.0:seed4:frame10,10.0,10,cwz_joint,54,false,false,true,missing,false,true,gradient_only,8,849,0,0.5870566421703963,3.078605839012969,missing
red4:lane1:snr10.0:seed4:frame11,10.0,11,cwz_joint,10,false,false,true,missing,false,true,gradient_only,8,78,0,0.9021469032795809,2.6844222606665333,missing
red4:lane1:snr10.0:seed4:frame12,10.0,12,cwz_joint,16,false,false,true,missing,false,true,gradient_only,8,99,0,0.6756711642481826,2.902449344836361,missing
red4:lane1:snr10.0:seed4:frame13,10.0,13,cwz_joint,8,false,false,true,missing,false,true,gradient_only,8,39,0,0.8114183172129408,2.8098165585361667,missing
red4:lane1:snr10.0:seed4:frame14,10.0,14,cwz_joint,2,false,false,true,missing,false,true,gradient_only,8,61,0,0.44697947046193526,3.273634027682074,missing
red4:lane1:snr10.0:seed4:frame15,10.0,15,cwz_joint,9,false,false,true,missing,false,true,gradient_only,8,79,0,0.5673041755229465,5.402219214346132,missing
red4:lane1:snr10.0:seed4:frame16,10.0,16,cwz_joint,1,false,false,true,missing,false,true,gradient_only,8,38,0,0.45257323060233,2.622548271067879,missing
red4:lane1:snr10.0:seed4:frame17,10.0,17,cwz_joint,6,false,false,true,missing,false,true,gradient_only,8,56,0,1.2679046019945766,11.284599584621942,missing
red4:lane1:snr10.0:seed4:frame18,10.0,18,cwz_joint,7,false,false,true,missing,false,true,gradient_only,8,68,0,0.6530044785164063,3.3363890926026367,missing
red4:lane1:snr10.0:seed4:frame19,10.0,19,cwz_joint,22,false,false,true,missing,false,true,gradient_only,8,98,0,0.6467964563227682,3.7142072971405415,missing
red4:lane1:snr10.0:seed4:frame20,10.0,20,cwz_joint,4,false,false,true,missing,false,true,gradient_only,8,42,0,0.5437708716233587,5.781448091896894,missing
red4:lane1:snr10.0:seed4:frame21,10.0,21,cwz_joint,7,false,false,true,missing,false,true,gradient_only,8,23,0,0.7672241923428809,2.9031579004967853,missing
red4:lane1:snr10.0:seed4:frame22,10.0,22,cwz_joint,1097,false,false,true,missing,false,true,gradient_only,8,3467,0,3.699408554477043,282.80047607503735,missing
red4:lane1:snr10.0:seed4:frame23,10.0,23,cwz_joint,18,false,false,true,missing,false,true,gradient_only,8,112,0,0.5101520043235307,3.1314629576989947,missing
red4:lane1:snr10.0:seed4:frame24,10.0,24,cwz_joint,9,false,false,true,missing,false,true,gradient_only,8,53,0,0.5731633289912116,3.262932483386406,missing
red4:lane1:snr10.0:seed4:frame25,10.0,25,cwz_joint,13,false,false,true,missing,false,true,gradient_only,8,70,0,2.2082413394405744,3.2261640295969563,missing
red4:lane1:snr10.0:seed4:frame26,10.0,26,cwz_joint,2,false,false,true,missing,false,true,gradient_only,8,32,0,0.36123500129549974,1.4710141112239299,missing
red4:lane1:snr10.0:seed4:frame27,10.0,27,cwz_joint,4,false,false,true,missing,false,true,gradient_only,8,41,0,0.8449132477802326,4.932007496111337,missing
red4:lane1:snr10.0:seed4:frame28,10.0,28,cwz_joint,5,false,false,true,missing,false,true,gradient_only,8,67,0,0.558837190288475,3.138970021042987,missing
red4:lane1:snr10.0:seed4:frame29,10.0,29,cwz_joint,3,false,false,true,missing,false,true,gradient_only,8,35,0,0.7563257521813399,5.344808023667538,missing
red4:lane1:snr10.0:seed4:frame30,10.0,30,cwz_joint,119,false,false,true,missing,false,true,gradient_only,8,1416,0,1.1535579338655477,4.885405460724381,missing
red4:lane1:snr10.0:seed4:frame31,10.0,31,cwz_joint,8,false,false,true,missing,false,true,gradient_only,8,68,0,0.4365864338415462,3.203267958877961,missing
red4:lane1:snr10.0:seed4:frame32,10.0,32,cwz_joint,69,false,false,true,missing,false,true,gradient_only,8,966,0,0.9973158508320653,4.342099237219488,missing
red4:lane1:snr10.0:seed4:frame33,10.0,33,cwz_joint,7,false,false,true,missing,false,true,gradient_only,8,53,0,0.8387108945409388,2.652946025041129,missing
red4:lane1:snr10.0:seed4:frame34,10.0,34,cwz_joint,4,false,false,true,missing,false,true,gradient_only,8,32,0,0.5059686586208072,0.8541425120897747,missing
red4:lane1:snr10.0:seed4:frame35,10.0,35,cwz_joint,24,false,false,true,missing,false,true,gradient_only,8,159,0,1.1634264411710302,2.880081829508373,missing
red4:lane1:snr10.0:seed4:frame36,10.0,36,cwz_joint,3,false,false,true,missing,false,true,gradient_only,8,31,0,0.6087966547199045,3.3633041849480305,missing
red4:lane1:snr10.0:seed4:frame37,10.0,37,cwz_joint,1,false,false,true,missing,false,true,gradient_only,8,21,0,1.0046655140840088,3.678039398672501,missing
red4:lane1:snr10.0:seed4:frame38,10.0,38,cwz_joint,36,false,false,true,missing,false,true,gradient_only,8,138,0,1.091384099136585,17.85101011771243,missing
red4:lane1:snr10.0:seed4:frame39,10.0,39,cwz_joint,10,false,false,true,missing,false,true,gradient_only,8,77,0,0.6304920331673458,8.003123899819027,missing
red4:lane1:snr10.0:seed4:frame40,10.0,40,cwz_joint,290,false,false,true,missing,false,true,gradient_only,8,2395,0,0.6069900922033922,3.595448118591882,missing
red4:lane1:snr10.0:seed4:frame41,10.0,41,cwz_joint,140,false,false,true,missing,false,true,gradient_only,8,1622,0,0.9509632277298394,1.6017377421669787,missing
red4:lane1:snr10.0:seed4:frame42,10.0,42,cwz_joint,18,false,false,true,missing,false,true,gradient_only,8,110,0,0.6134578074100304,3.8576181695918708,missing
red4:lane1:snr10.0:seed4:frame43,10.0,43,cwz_joint,1049,false,false,true,missing,false,true,gradient_only,8,3419,0,2.7832078177817023,139.2607939930142,missing
red4:lane1:snr10.0:seed4:frame44,10.0,44,cwz_joint,2,false,false,true,missing,false,true,gradient_only,8,30,0,0.6062150237679617,6.866096077378697,missing
red4:lane1:snr10.0:seed4:frame45,10.0,45,cwz_joint,1,false,false,true,missing,false,true,gradient_only,8,36,0,0.7636254613898202,8.02770901844156,missing
red4:lane1:snr10.0:seed4:frame46,10.0,46,cwz_joint,11,false,false,true,missing,false,true,gradient_only,8,87,0,1.3711586147972914,5.797380412946652,missing
red4:lane1:snr10.0:seed4:frame47,10.0,47,cwz_joint,9,false,false,true,missing,false,true,gradient_only,8,66,0,0.6570698783720829,4.3859568920552565,missing
red4:lane1:snr10.0:seed4:frame48,10.0,48,cwz_joint,10,false,false,true,missing,false,true,gradient_only,8,85,0,0.8734172178684755,2.9672694371460744,missing
red4:lane1:snr10.0:seed4:frame49,10.0,49,cwz_joint,0,true,false,true,missing,false,true,gradient_only,8,29,0,0.5059097412902634,2.2235360550694065,missing
red4:lane1:snr10.0:seed4:frame50,10.0,50,cwz_joint,15,false,false,true,missing,false,true,gradient_only,8,65,0,1.0166530462826526,3.469143449925314,missing
red4:lane1:snr10.0:seed4:frame51,10.0,51,cwz_joint,281,false,false,true,missing,false,true,gradient_only,8,2393,0,0.8765477930350427,2.4307916231264928,missing
red4:lane1:snr10.0:seed4:frame52,10.0,52,cwz_joint,4,false,false,true,missing,false,true,gradient_only,8,44,0,0.7325773812045611,3.579710675917917,missing
red4:lane1:snr10.0:seed4:frame53,10.0,53,cwz_joint,13,false,false,true,missing,false,true,gradient_only,8,70,0,0.5391280517256004,1.5814663238788242,missing
red4:lane1:snr10.0:seed4:frame54,10.0,54,cwz_joint,8,false,false,true,missing,false,true,gradient_only,8,61,0,0.5386553744819438,2.3366640784103097,missing
red4:lane1:snr10.0:seed4:frame55,10.0,55,cwz_joint,2,false,false,true,missing,false,true,gradient_only,8,31,0,5.31205488023018,2.1146132982743953,missing
red4:lane1:snr10.0:seed4:frame56,10.0,56,cwz_joint,5,false,false,true,missing,false,true,gradient_only,8,41,0,0.9922776688808373,3.063431011235405,missing
red4:lane1:snr10.0:seed4:frame57,10.0,57,cwz_joint,1,false,false,true,missing,false,true,gradient_only,8,30,0,0.3738114683184618,0.5160116655694371,missing
red4:lane1:snr10.0:seed4:frame58,10.0,58,cwz_joint,9,false,false,true,missing,false,true,gradient_only,8,92,0,0.9535962563492885,1.506161086917114,missing
red4:lane1:snr10.0:seed4:frame59,10.0,59,cwz_joint,2,false,false,true,missing,false,true,gradient_only,8,34,0,0.7144068733596785,2.6482606798613078,missing
red4:lane1:snr10.0:seed4:frame60,10.0,60,cwz_joint,16,false,false,true,missing,false,true,gradient_only,8,105,0,1.6180512383888153,3.41235610761695,missing
red4:lane1:snr10.0:seed4:frame1,10.0,1,profiled_cz,6,false,false,true,missing,false,true,gradient_only,1,51,0,2.4679817148682046,2.2666520986365777,missing
red4:lane1:snr10.0:seed4:frame2,10.0,2,profiled_cz,4,false,false,true,missing,false,true,gradient_only,1,56,0,0.8365391443524064,3.4890877091309904,missing
red4:lane1:snr10.0:seed4:frame3,10.0,3,profiled_cz,9,false,false,true,missing,false,true,gradient_only,1,64,0,0.8054347640947787,2.2896432767214314,missing
red4:lane1:snr10.0:seed4:frame4,10.0,4,profiled_cz,18,false,false,true,missing,false,true,gradient_only,1,149,0,0.691572258504985,2.900243574809257,missing
red4:lane1:snr10.0:seed4:frame5,10.0,5,profiled_cz,6,false,false,true,missing,false,true,gradient_only,1,37,0,0.41280264617634044,1.7133764780214853,missing
red4:lane1:snr10.0:seed4:frame6,10.0,6,profiled_cz,2,false,false,true,missing,false,true,gradient_only,1,40,0,0.4225406356734125,2.1178385787092404,missing
red4:lane1:snr10.0:seed4:frame7,10.0,7,profiled_cz,24,false,false,true,missing,false,true,gradient_only,1,120,0,1.7874520618953234,4.3535521950276665,missing
red4:lane1:snr10.0:seed4:frame8,10.0,8,profiled_cz,15,false,false,true,missing,false,true,gradient_only,1,94,0,0.9002258596985397,4.495076738817125,missing
red4:lane1:snr10.0:seed4:frame9,10.0,9,profiled_cz,9,false,false,true,missing,false,true,gradient_only,1,58,0,1.932852670475057,3.5209684392571154,missing
red4:lane1:snr10.0:seed4:frame10,10.0,10,profiled_cz,54,false,false,false,missing,false,true,gradient_only,1,849,48,0.5870566421703963,5.198298643844982,missing
red4:lane1:snr10.0:seed4:frame11,10.0,11,profiled_cz,10,false,false,true,missing,false,true,gradient_only,1,78,0,0.9021469032795809,2.699961768673634,missing
red4:lane1:snr10.0:seed4:frame12,10.0,12,profiled_cz,16,false,false,false,missing,false,true,gradient_only,1,99,5,0.6756711642481826,2.2362610795079156,missing
red4:lane1:snr10.0:seed4:frame13,10.0,13,profiled_cz,8,false,false,false,missing,false,true,gradient_only,1,39,4,0.8114183172129408,3.2920362449622926,missing
red4:lane1:snr10.0:seed4:frame14,10.0,14,profiled_cz,2,false,false,true,missing,false,true,gradient_only,1,61,0,0.44697947046193526,2.9028051211296595,missing
red4:lane1:snr10.0:seed4:frame15,10.0,15,profiled_cz,9,false,false,false,missing,false,true,gradient_only,1,79,8,0.5673041755229465,2.7234283112086994,missing
red4:lane1:snr10.0:seed4:frame16,10.0,16,profiled_cz,1,false,false,true,missing,false,true,gradient_only,1,38,0,0.45257323060233,2.24091233722262,missing
red4:lane1:snr10.0:seed4:frame17,10.0,17,profiled_cz,6,false,false,false,missing,false,true,gradient_only,1,56,3,1.2679046019945766,5.865250324361285,missing
red4:lane1:snr10.0:seed4:frame18,10.0,18,profiled_cz,7,false,false,true,missing,false,true,gradient_only,1,68,0,0.6530044785164063,4.959010940900791,missing
red4:lane1:snr10.0:seed4:frame19,10.0,19,profiled_cz,22,false,false,false,missing,false,true,gradient_only,1,98,15,0.6467964563227682,2.0181246033598788,missing
red4:lane1:snr10.0:seed4:frame20,10.0,20,profiled_cz,4,false,false,true,missing,false,true,gradient_only,1,42,0,0.5437708716233587,2.5300068796392,missing
red4:lane1:snr10.0:seed4:frame21,10.0,21,profiled_cz,7,false,false,true,missing,false,true,gradient_only,1,23,0,0.7672241923428809,2.3577755686611637,missing
red4:lane1:snr10.0:seed4:frame22,10.0,22,profiled_cz,1081,false,false,false,missing,false,true,gradient_only,4,3467,2469,3.699408554477043,46.11734288763899,missing
red4:lane1:snr10.0:seed4:frame23,10.0,23,profiled_cz,18,false,false,true,missing,false,true,gradient_only,1,112,0,0.5101520043235307,2.432225019763643,missing
red4:lane1:snr10.0:seed4:frame24,10.0,24,profiled_cz,9,false,false,true,missing,false,true,gradient_only,1,53,0,0.5731633289912116,2.671718609827241,missing
red4:lane1:snr10.0:seed4:frame25,10.0,25,profiled_cz,13,false,false,false,missing,false,true,gradient_only,1,70,5,2.2082413394405744,2.6914385603876756,missing
red4:lane1:snr10.0:seed4:frame26,10.0,26,profiled_cz,2,false,false,true,missing,false,true,gradient_only,1,32,0,0.36123500129549974,2.337930031493929,missing
red4:lane1:snr10.0:seed4:frame27,10.0,27,profiled_cz,4,false,false,true,missing,false,true,gradient_only,1,41,0,0.8449132477802326,2.4457123664974847,missing
red4:lane1:snr10.0:seed4:frame28,10.0,28,profiled_cz,5,false,false,false,missing,false,true,gradient_only,1,67,5,0.558837190288475,2.958845384257377,missing
red4:lane1:snr10.0:seed4:frame29,10.0,29,profiled_cz,3,false,false,true,missing,false,true,gradient_only,1,35,0,0.7563257521813399,2.9258575639968285,missing
red4:lane1:snr10.0:seed4:frame30,10.0,30,profiled_cz,119,false,false,false,missing,false,true,gradient_only,1,1416,60,1.1535579338655477,3.4397683836319266,missing
red4:lane1:snr10.0:seed4:frame31,10.0,31,profiled_cz,8,false,false,false,missing,false,true,gradient_only,1,68,14,0.4365864338415462,2.254403519574386,missing
red4:lane1:snr10.0:seed4:frame32,10.0,32,profiled_cz,70,false,false,false,missing,false,true,gradient_only,1,966,57,0.9973158508320653,8.058606560937989,missing
red4:lane1:snr10.0:seed4:frame33,10.0,33,profiled_cz,7,false,false,true,missing,false,true,gradient_only,1,53,0,0.8387108945409388,2.4002371129775293,missing
red4:lane1:snr10.0:seed4:frame34,10.0,34,profiled_cz,4,false,false,true,missing,false,true,gradient_only,1,32,0,0.5059686586208072,3.058793678887409,missing
red4:lane1:snr10.0:seed4:frame35,10.0,35,profiled_cz,24,false,false,false,missing,false,true,gradient_only,1,159,13,1.1634264411710302,3.2543162334956355,missing
red4:lane1:snr10.0:seed4:frame36,10.0,36,profiled_cz,3,false,false,true,missing,false,true,gradient_only,1,31,0,0.6087966547199045,1.8942051936898425,missing
red4:lane1:snr10.0:seed4:frame37,10.0,37,profiled_cz,1,false,false,true,missing,false,true,gradient_only,1,21,0,1.0046655140840088,1.704432304260387,missing
red4:lane1:snr10.0:seed4:frame38,10.0,38,profiled_cz,36,false,false,false,missing,false,true,gradient_only,1,138,9,1.091384099136585,4.139278983947083,missing
red4:lane1:snr10.0:seed4:frame39,10.0,39,profiled_cz,10,false,false,true,missing,false,true,gradient_only,1,77,0,0.6304920331673458,4.577075282674443,missing
red4:lane1:snr10.0:seed4:frame40,10.0,40,profiled_cz,288,false,false,false,missing,false,true,gradient_only,2,2395,439,0.6069900922033922,3.0702633464365494,missing
red4:lane1:snr10.0:seed4:frame41,10.0,41,profiled_cz,139,false,false,false,missing,false,true,gradient_only,1,1622,113,0.9509632277298394,2.761503545799953,missing
red4:lane1:snr10.0:seed4:frame42,10.0,42,profiled_cz,18,false,false,false,missing,false,true,gradient_only,1,110,8,0.6134578074100304,4.685759508611011,missing
red4:lane1:snr10.0:seed4:frame43,10.0,43,profiled_cz,1060,false,false,false,missing,false,true,gradient_only,1,3419,2551,2.7832078177817023,44.282852784045396,missing
red4:lane1:snr10.0:seed4:frame44,10.0,44,profiled_cz,2,false,false,true,missing,false,true,gradient_only,1,30,0,0.6062150237679617,2.6364813749894673,missing
red4:lane1:snr10.0:seed4:frame45,10.0,45,profiled_cz,1,false,false,true,missing,false,true,gradient_only,1,36,0,0.7636254613898202,3.7178471602866248,missing
red4:lane1:snr10.0:seed4:frame46,10.0,46,profiled_cz,11,false,false,false,missing,false,true,gradient_only,1,87,9,1.3711586147972914,4.05560515105892,missing
red4:lane1:snr10.0:seed4:frame47,10.0,47,profiled_cz,9,false,false,false,missing,false,true,gradient_only,1,66,9,0.6570698783720829,2.604565167326925,missing
red4:lane1:snr10.0:seed4:frame48,10.0,48,profiled_cz,10,false,false,true,missing,false,true,gradient_only,1,85,0,0.8734172178684755,2.6419594755482567,missing
red4:lane1:snr10.0:seed4:frame49,10.0,49,profiled_cz,0,true,false,true,missing,false,true,gradient_only,1,29,0,0.5059097412902634,2.0734857654411423,missing
red4:lane1:snr10.0:seed4:frame50,10.0,50,profiled_cz,15,false,false,false,missing,false,true,gradient_only,1,65,4,1.0166530462826526,2.623014147484915,missing
red4:lane1:snr10.0:seed4:frame51,10.0,51,profiled_cz,279,false,false,false,missing,false,true,gradient_only,7,2393,514,0.8765477930350427,6.196561162651151,missing
red4:lane1:snr10.0:seed4:frame52,10.0,52,profiled_cz,4,false,false,false,missing,false,true,gradient_only,1,44,4,0.7325773812045611,3.5412651082215514,missing
red4:lane1:snr10.0:seed4:frame53,10.0,53,profiled_cz,13,false,false,false,missing,false,true,gradient_only,1,70,5,0.5391280517256004,2.33847838378543,missing
red4:lane1:snr10.0:seed4:frame54,10.0,54,profiled_cz,8,false,false,true,missing,false,true,gradient_only,1,61,0,0.5386553744819438,3.0950159654354645,missing
red4:lane1:snr10.0:seed4:frame55,10.0,55,profiled_cz,3,false,false,false,missing,false,true,gradient_only,1,31,5,5.31205488023018,1.2445427809695624,missing
red4:lane1:snr10.0:seed4:frame56,10.0,56,profiled_cz,5,false,false,true,missing,false,true,gradient_only,1,41,0,0.9922776688808373,2.0196587667981265,missing
red4:lane1:snr10.0:seed4:frame57,10.0,57,profiled_cz,1,false,false,true,missing,false,true,gradient_only,1,30,0,0.3738114683184618,1.771824157315349,missing
red4:lane1:snr10.0:seed4:frame58,10.0,58,profiled_cz,9,false,false,false,missing,false,true,gradient_only,1,92,3,0.9535962563492885,2.089978940444098,missing
red4:lane1:snr10.0:seed4:frame59,10.0,59,profiled_cz,2,false,false,true,missing,false,true,gradient_only,1,34,0,0.7144068733596785,2.1128937740920217,missing
red4:lane1:snr10.0:seed4:frame60,10.0,60,profiled_cz,16,false,false,true,missing,false,true,gradient_only,1,105,0,1.6180512383888153,1.7989229353243752,missing
red4:lane1:snr12.0:seed4:frame1,12.0,1,cwz_joint,3,false,false,true,missing,false,true,gradient_only,8,27,0,0.41229996807199537,2.682986309497504,missing
red4:lane1:snr12.0:seed4:frame2,12.0,2,cwz_joint,2,false,false,true,missing,false,true,gradient_only,8,32,0,0.45653976738578605,3.8107762920665698,missing
red4:lane1:snr12.0:seed4:frame3,12.0,3,cwz_joint,0,true,false,true,missing,false,true,gradient_only,8,32,0,1.7536907891371658,3.4721169212754406,missing
red4:lane1:snr12.0:seed4:frame4,12.0,4,cwz_joint,4,false,false,true,missing,false,true,gradient_only,8,45,0,1.3889746718695946,2.3565576454753567,missing
red4:lane1:snr12.0:seed4:frame5,12.0,5,cwz_joint,0,true,false,true,missing,false,true,gradient_only,8,23,0,0.2833187767576554,0.5809006803842798,missing
red4:lane1:snr12.0:seed4:frame6,12.0,6,cwz_joint,0,true,false,true,missing,false,true,gradient_only,8,25,0,0.31568482100398626,2.796577649241636,missing
red4:lane1:snr12.0:seed4:frame7,12.0,7,cwz_joint,6,false,false,true,missing,false,true,gradient_only,8,56,0,0.6005618138937887,7.177344253137222,missing
red4:lane1:snr12.0:seed4:frame8,12.0,8,cwz_joint,8,false,false,true,missing,false,true,gradient_only,8,51,0,0.596753156805848,8.763764965663592,missing
red4:lane1:snr12.0:seed4:frame9,12.0,9,cwz_joint,4,false,false,true,missing,false,true,gradient_only,8,29,0,2.293214777192737,5.703049736413143,missing
red4:lane1:snr12.0:seed4:frame10,12.0,10,cwz_joint,0,true,false,true,missing,false,true,gradient_only,8,48,0,0.544164162815848,2.6050633738644082,missing
red4:lane1:snr12.0:seed4:frame11,12.0,11,cwz_joint,4,false,false,true,missing,false,true,gradient_only,8,28,0,0.38088558042573434,2.278072046737773,missing
red4:lane1:snr12.0:seed4:frame12,12.0,12,cwz_joint,2,false,false,true,missing,false,true,gradient_only,8,33,0,0.44508446881444397,2.5326352708476962,missing
red4:lane1:snr12.0:seed4:frame13,12.0,13,cwz_joint,3,false,false,true,missing,false,true,gradient_only,8,21,0,0.5144650508957584,2.4210749068388675,missing
red4:lane1:snr12.0:seed4:frame14,12.0,14,cwz_joint,1,false,false,true,missing,false,true,gradient_only,8,39,0,0.4496066902061236,2.8230239279434097,missing
red4:lane1:snr12.0:seed4:frame15,12.0,15,cwz_joint,4,false,false,true,missing,false,true,gradient_only,8,43,0,0.51724729796729,4.755573446586085,missing
red4:lane1:snr12.0:seed4:frame16,12.0,16,cwz_joint,1,false,false,true,missing,false,true,gradient_only,8,24,0,0.5635644638707545,2.356743047914227,missing
red4:lane1:snr12.0:seed4:frame17,12.0,17,cwz_joint,2,false,false,true,missing,false,true,gradient_only,8,37,0,0.7757595622378839,9.393556776036148,missing
red4:lane1:snr12.0:seed4:frame18,12.0,18,cwz_joint,2,false,false,true,missing,false,true,gradient_only,8,39,0,0.38888500391518926,2.7785731755821557,missing
red4:lane1:snr12.0:seed4:frame19,12.0,19,cwz_joint,3,false,false,true,missing,false,true,gradient_only,8,30,0,0.7194536925352665,3.1916050802608993,missing
red4:lane1:snr12.0:seed4:frame20,12.0,20,cwz_joint,2,false,false,true,missing,false,true,gradient_only,8,20,0,0.4524707618186704,5.102216561843631,missing
red4:lane1:snr12.0:seed4:frame21,12.0,21,cwz_joint,3,false,false,true,missing,false,true,gradient_only,8,22,0,0.4568356633077581,2.5467407934320714,missing
red4:lane1:snr12.0:seed4:frame22,12.0,22,cwz_joint,22,false,false,true,missing,false,true,gradient_only,8,119,0,0.5390729748477289,7.423512551542942,missing
red4:lane1:snr12.0:seed4:frame23,12.0,23,cwz_joint,5,false,false,true,missing,false,true,gradient_only,8,41,0,0.32119430627449175,2.6407319528117434,missing
red4:lane1:snr12.0:seed4:frame24,12.0,24,cwz_joint,7,false,false,true,missing,false,true,gradient_only,8,30,0,0.5476422572530051,2.7895931447679594,missing
red4:lane1:snr12.0:seed4:frame25,12.0,25,cwz_joint,4,false,false,true,missing,false,true,gradient_only,8,34,0,0.4232005365210056,2.8018267297180337,missing
red4:lane1:snr12.0:seed4:frame26,12.0,26,cwz_joint,0,true,false,true,missing,false,true,gradient_only,8,28,0,0.3576056460386957,1.3963999971508512,missing
red4:lane1:snr12.0:seed4:frame27,12.0,27,cwz_joint,0,true,false,true,missing,false,true,gradient_only,8,18,0,0.6271318428065035,4.311583387122137,missing
red4:lane1:snr12.0:seed4:frame28,12.0,28,cwz_joint,5,false,false,true,missing,false,true,gradient_only,8,39,0,0.8303894594820339,3.1203268014450294,missing
red4:lane1:snr12.0:seed4:frame29,12.0,29,cwz_joint,0,true,false,true,missing,false,true,gradient_only,8,32,0,0.43026379503919865,4.830331457188282,missing
red4:lane1:snr12.0:seed4:frame30,12.0,30,cwz_joint,5,false,false,true,missing,false,true,gradient_only,8,95,0,0.5384341933105025,3.976803296648516,missing
red4:lane1:snr12.0:seed4:frame31,12.0,31,cwz_joint,5,false,false,true,missing,false,true,gradient_only,8,37,0,1.9935009830617823,2.800153191736334,missing
red4:lane1:snr12.0:seed4:frame32,12.0,32,cwz_joint,0,true,false,true,missing,false,true,gradient_only,8,19,0,0.6838698970722303,3.7624900746761356,missing
red4:lane1:snr12.0:seed4:frame33,12.0,33,cwz_joint,4,false,false,true,missing,false,true,gradient_only,8,33,0,0.40311430047289665,2.3458273542862167,missing
red4:lane1:snr12.0:seed4:frame34,12.0,34,cwz_joint,1,false,false,true,missing,false,true,gradient_only,8,19,0,0.5923968724350474,0.7002213817234649,missing
red4:lane1:snr12.0:seed4:frame35,12.0,35,cwz_joint,4,false,false,true,missing,false,true,gradient_only,8,39,0,0.4273990979174086,2.4787376375281744,missing
red4:lane1:snr12.0:seed4:frame36,12.0,36,cwz_joint,0,true,false,true,missing,false,true,gradient_only,8,19,0,0.37000436138743054,3.3090831632806803,missing
red4:lane1:snr12.0:seed4:frame37,12.0,37,cwz_joint,0,true,false,true,missing,false,true,gradient_only,8,16,0,0.39400126766038046,3.2806198734708567,missing
red4:lane1:snr12.0:seed4:frame38,12.0,38,cwz_joint,4,false,false,true,missing,false,true,gradient_only,8,47,0,0.8887501721048994,13.107876379426653,missing
red4:lane1:snr12.0:seed4:frame39,12.0,39,cwz_joint,2,false,false,true,missing,false,true,gradient_only,8,47,0,0.9411600737444348,2.5283591414397018,missing
red4:lane1:snr12.0:seed4:frame40,12.0,40,cwz_joint,37,false,false,true,missing,false,true,gradient_only,8,296,0,0.6074811553696666,3.148113271997189,missing
red4:lane1:snr12.0:seed4:frame41,12.0,41,cwz_joint,5,false,false,true,missing,false,true,gradient_only,8,62,0,0.721207205754782,1.3691229986360092,missing
red4:lane1:snr12.0:seed4:frame42,12.0,42,cwz_joint,6,false,false,true,missing,false,true,gradient_only,8,65,0,0.5218543044606968,3.284029018670484,missing
red4:lane1:snr12.0:seed4:frame43,12.0,43,cwz_joint,1066,false,false,true,missing,false,true,gradient_only,8,3452,0,2.311870044015107,137.0806648771317,missing
red4:lane1:snr12.0:seed4:frame44,12.0,44,cwz_joint,1,false,false,true,missing,false,true,gradient_only,8,26,0,0.4260466866844623,6.05287991505576,missing
red4:lane1:snr12.0:seed4:frame45,12.0,45,cwz_joint,1,false,false,true,missing,false,true,gradient_only,8,24,0,0.5856391740710454,7.659585469528638,missing
red4:lane1:snr12.0:seed4:frame46,12.0,46,cwz_joint,2,false,false,true,missing,false,true,gradient_only,8,40,0,0.5856073104765906,4.54584827141594,missing
red4:lane1:snr12.0:seed4:frame47,12.0,47,cwz_joint,4,false,false,true,missing,false,true,gradient_only,8,36,0,1.0763641488544247,3.711706016744966,missing
red4:lane1:snr12.0:seed4:frame48,12.0,48,cwz_joint,4,false,false,true,missing,false,true,gradient_only,8,42,0,0.38547218249884513,2.5444847873269256,missing
red4:lane1:snr12.0:seed4:frame49,12.0,49,cwz_joint,0,true,false,true,missing,false,true,gradient_only,8,26,0,0.2993145335098352,1.9694654639691436,missing
red4:lane1:snr12.0:seed4:frame50,12.0,50,cwz_joint,2,false,false,true,missing,false,true,gradient_only,8,40,0,0.49431882834877466,3.0643187646180534,missing
red4:lane1:snr12.0:seed4:frame51,12.0,51,cwz_joint,8,false,false,true,missing,false,true,gradient_only,8,92,0,0.7272674618171614,1.8777253962103817,missing
red4:lane1:snr12.0:seed4:frame52,12.0,52,cwz_joint,0,true,false,true,missing,false,true,gradient_only,8,21,0,0.3945898519969879,3.2376191752272545,missing
red4:lane1:snr12.0:seed4:frame53,12.0,53,cwz_joint,1,false,false,true,missing,false,true,gradient_only,8,39,0,0.3794103204171235,1.4016704319567341,missing
red4:lane1:snr12.0:seed4:frame54,12.0,54,cwz_joint,2,false,false,true,missing,false,true,gradient_only,8,32,0,0.33908138850768876,2.025590642985437,missing
red4:lane1:snr12.0:seed4:frame55,12.0,55,cwz_joint,0,true,false,true,missing,false,true,gradient_only,8,20,0,0.47940095812266786,1.8121936184475331,missing
red4:lane1:snr12.0:seed4:frame56,12.0,56,cwz_joint,2,false,false,true,missing,false,true,gradient_only,8,28,0,0.3972338533353505,2.6645916900082027,missing
red4:lane1:snr12.0:seed4:frame57,12.0,57,cwz_joint,0,true,false,true,missing,false,true,gradient_only,7,16,0,0.25281426565174026,0.4558679069442151,missing
red4:lane1:snr12.0:seed4:frame58,12.0,58,cwz_joint,3,false,false,true,missing,false,true,gradient_only,8,42,0,0.5515648640392347,1.4052914803890242,missing
red4:lane1:snr12.0:seed4:frame59,12.0,59,cwz_joint,1,false,false,true,missing,false,true,gradient_only,8,25,0,1.8831168026555147,2.292741630999089,missing
red4:lane1:snr12.0:seed4:frame60,12.0,60,cwz_joint,1,false,false,true,missing,false,true,gradient_only,8,45,0,0.7554746461311073,2.7242785512713072,missing
red4:lane1:snr12.0:seed4:frame1,12.0,1,profiled_cz,3,false,false,true,missing,false,true,gradient_only,1,27,0,0.41229996807199537,1.9076217934740036,missing
red4:lane1:snr12.0:seed4:frame2,12.0,2,profiled_cz,2,false,false,true,missing,false,true,gradient_only,1,32,0,0.45653976738578605,2.587727336968515,missing
red4:lane1:snr12.0:seed4:frame3,12.0,3,profiled_cz,0,true,false,true,missing,false,true,gradient_only,1,32,0,1.7536907891371658,1.829874855604602,missing
red4:lane1:snr12.0:seed4:frame4,12.0,4,profiled_cz,4,false,false,true,missing,false,true,gradient_only,1,45,0,1.3889746718695946,2.359930079773249,missing
red4:lane1:snr12.0:seed4:frame5,12.0,5,profiled_cz,0,true,false,true,missing,false,true,gradient_only,1,23,0,0.2833187767576554,1.468539878792168,missing
red4:lane1:snr12.0:seed4:frame6,12.0,6,profiled_cz,0,true,false,true,missing,false,true,gradient_only,1,25,0,0.31568482100398626,1.826350569388653,missing
red4:lane1:snr12.0:seed4:frame7,12.0,7,profiled_cz,6,false,false,false,missing,false,true,gradient_only,1,56,5,0.6005618138937887,3.0583772780319793,missing
red4:lane1:snr12.0:seed4:frame8,12.0,8,profiled_cz,8,false,false,true,missing,false,true,gradient_only,1,51,0,0.596753156805848,3.2184848878691183,missing
red4:lane1:snr12.0:seed4:frame9,12.0,9,profiled_cz,4,false,false,true,missing,false,true,gradient_only,1,29,0,2.293214777192737,2.7990241507923073,missing
red4:lane1:snr12.0:seed4:frame10,12.0,10,profiled_cz,0,true,false,true,missing,false,true,gradient_only,1,48,0,0.544164162815848,4.019143836194776,missing
red4:lane1:snr12.0:seed4:frame11,12.0,11,profiled_cz,4,false,false,true,missing,false,true,gradient_only,1,28,0,0.38088558042573434,2.2524306056955385,missing
red4:lane1:snr12.0:seed4:frame12,12.0,12,profiled_cz,2,false,false,true,missing,false,true,gradient_only,1,33,0,0.44508446881444397,1.9142552117910208,missing
red4:lane1:snr12.0:seed4:frame13,12.0,13,profiled_cz,3,false,false,true,missing,false,true,gradient_only,1,21,0,0.5144650508957584,2.4608903741367687,missing
red4:lane1:snr12.0:seed4:frame14,12.0,14,profiled_cz,1,false,false,true,missing,false,true,gradient_only,1,39,0,0.4496066902061236,2.315370832040741,missing
red4:lane1:snr12.0:seed4:frame15,12.0,15,profiled_cz,4,false,false,true,missing,false,true,gradient_only,1,43,0,0.51724729796729,2.379262974752549,missing
red4:lane1:snr12.0:seed4:frame16,12.0,16,profiled_cz,1,false,false,true,missing,false,true,gradient_only,1,24,0,0.5635644638707545,2.003431484245017,missing
red4:lane1:snr12.0:seed4:frame17,12.0,17,profiled_cz,2,false,false,true,missing,false,true,gradient_only,1,37,0,0.7757595622378839,4.355964951669639,missing
red4:lane1:snr12.0:seed4:frame18,12.0,18,profiled_cz,2,false,false,false,missing,false,true,gradient_only,1,39,5,0.38888500391518926,3.6242612907274903,missing
red4:lane1:snr12.0:seed4:frame19,12.0,19,profiled_cz,3,false,false,true,missing,false,true,gradient_only,1,30,0,0.7194536925352665,1.6808672208610123,missing
red4:lane1:snr12.0:seed4:frame20,12.0,20,profiled_cz,2,false,false,true,missing,false,true,gradient_only,1,20,0,0.4524707618186704,2.165698064144343,missing
red4:lane1:snr12.0:seed4:frame21,12.0,21,profiled_cz,3,false,false,false,missing,false,true,gradient_only,1,22,5,0.4568356633077581,1.927314698178733,missing
red4:lane1:snr12.0:seed4:frame22,12.0,22,profiled_cz,22,false,false,false,missing,false,true,gradient_only,1,119,4,0.5390729748477289,7.58340507064566,missing
red4:lane1:snr12.0:seed4:frame23,12.0,23,profiled_cz,5,false,false,true,missing,false,true,gradient_only,1,41,0,0.32119430627449175,1.9848044092027564,missing
red4:lane1:snr12.0:seed4:frame24,12.0,24,profiled_cz,7,false,false,true,missing,false,true,gradient_only,1,30,0,0.5476422572530051,2.1428803837728223,missing
red4:lane1:snr12.0:seed4:frame25,12.0,25,profiled_cz,4,false,false,false,missing,false,true,gradient_only,1,34,5,0.4232005365210056,2.3785451787197336,missing
red4:lane1:snr12.0:seed4:frame26,12.0,26,profiled_cz,0,true,false,true,missing,false,true,gradient_only,1,28,0,0.3576056460386957,2.0490122243862867,missing
red4:lane1:snr12.0:seed4:frame27,12.0,27,profiled_cz,0,true,false,true,missing,false,true,gradient_only,1,18,0,0.6271318428065035,2.0660174733141035,missing
red4:lane1:snr12.0:seed4:frame28,12.0,28,profiled_cz,5,false,false,true,missing,false,true,gradient_only,1,39,0,0.8303894594820339,2.2598556384773953,missing
red4:lane1:snr12.0:seed4:frame29,12.0,29,profiled_cz,0,true,false,false,missing,false,true,gradient_only,1,32,5,0.43026379503919865,2.306248730550635,missing
red4:lane1:snr12.0:seed4:frame30,12.0,30,profiled_cz,5,false,false,false,missing,false,true,gradient_only,1,95,7,0.5384341933105025,3.0395687942388387,missing
red4:lane1:snr12.0:seed4:frame31,12.0,31,profiled_cz,5,false,false,true,missing,false,true,gradient_only,1,37,0,1.9935009830617823,1.9224199561411017,missing
red4:lane1:snr12.0:seed4:frame32,12.0,32,profiled_cz,0,true,false,true,missing,false,true,gradient_only,1,19,0,0.6838698970722303,6.0240127640575745,missing
red4:lane1:snr12.0:seed4:frame33,12.0,33,profiled_cz,4,false,false,true,missing,false,true,gradient_only,1,33,0,0.40311430047289665,2.126661288748523,missing
red4:lane1:snr12.0:seed4:frame34,12.0,34,profiled_cz,1,false,false,true,missing,false,true,gradient_only,1,19,0,0.5923968724350474,2.303756311526989,missing
red4:lane1:snr12.0:seed4:frame35,12.0,35,profiled_cz,4,false,false,false,missing,false,true,gradient_only,1,39,4,0.4273990979174086,2.6947552619187345,missing
red4:lane1:snr12.0:seed4:frame36,12.0,36,profiled_cz,0,true,false,true,missing,false,true,gradient_only,1,19,0,0.37000436138743054,1.51046622683901,missing
red4:lane1:snr12.0:seed4:frame37,12.0,37,profiled_cz,0,true,false,true,missing,false,true,gradient_only,1,16,0,0.39400126766038046,1.418658749455361,missing
red4:lane1:snr12.0:seed4:frame38,12.0,38,profiled_cz,4,false,false,true,missing,false,true,gradient_only,1,47,0,0.8887501721048994,3.054840437444401,missing
red4:lane1:snr12.0:seed4:frame39,12.0,39,profiled_cz,2,false,false,true,missing,false,true,gradient_only,1,47,0,0.9411600737444348,2.4886337944126895,missing
red4:lane1:snr12.0:seed4:frame40,12.0,40,profiled_cz,37,false,false,false,missing,false,true,gradient_only,1,296,20,0.6074811553696666,3.040376778857267,missing
red4:lane1:snr12.0:seed4:frame41,12.0,41,profiled_cz,5,false,false,true,missing,false,true,gradient_only,1,62,0,0.721207205754782,2.345395543251302,missing
red4:lane1:snr12.0:seed4:frame42,12.0,42,profiled_cz,6,false,false,true,missing,false,true,gradient_only,1,65,0,0.5218543044606968,3.6117098893239046,missing
red4:lane1:snr12.0:seed4:frame43,12.0,43,profiled_cz,1059,false,false,false,missing,false,true,gradient_only,7,3452,2577,2.311870044015107,306.34320174221546,missing
red4:lane1:snr12.0:seed4:frame44,12.0,44,profiled_cz,1,false,false,true,missing,false,true,gradient_only,1,26,0,0.4260466866844623,2.276159801437127,missing
red4:lane1:snr12.0:seed4:frame45,12.0,45,profiled_cz,1,false,false,true,missing,false,true,gradient_only,1,24,0,0.5856391740710454,3.140622216777547,missing
red4:lane1:snr12.0:seed4:frame46,12.0,46,profiled_cz,2,false,false,true,missing,false,true,gradient_only,1,40,0,0.5856073104765906,3.0702935992805136,missing
red4:lane1:snr12.0:seed4:frame47,12.0,47,profiled_cz,4,false,false,true,missing,false,true,gradient_only,1,36,0,1.0763641488544247,1.9611970483055052,missing
red4:lane1:snr12.0:seed4:frame48,12.0,48,profiled_cz,4,false,false,true,missing,false,true,gradient_only,1,42,0,0.38547218249884513,2.3430562964956483,missing
red4:lane1:snr12.0:seed4:frame49,12.0,49,profiled_cz,0,true,false,true,missing,false,true,gradient_only,1,26,0,0.2993145335098352,1.8314652411808958,missing
red4:lane1:snr12.0:seed4:frame50,12.0,50,profiled_cz,2,false,false,true,missing,false,true,gradient_only,1,40,0,0.49431882834877466,2.190091494747572,missing
red4:lane1:snr12.0:seed4:frame51,12.0,51,profiled_cz,8,false,false,true,missing,false,true,gradient_only,1,92,0,0.7272674618171614,4.903260332051786,missing
red4:lane1:snr12.0:seed4:frame52,12.0,52,profiled_cz,0,true,false,true,missing,false,true,gradient_only,1,21,0,0.3945898519969879,3.0815271798647155,missing
red4:lane1:snr12.0:seed4:frame53,12.0,53,profiled_cz,1,false,false,true,missing,false,true,gradient_only,1,39,0,0.3794103204171235,1.882260040117722,missing
red4:lane1:snr12.0:seed4:frame54,12.0,54,profiled_cz,2,false,false,true,missing,false,true,gradient_only,1,32,0,0.33908138850768876,2.4302518911382784,missing
red4:lane1:snr12.0:seed4:frame55,12.0,55,profiled_cz,0,true,false,true,missing,false,true,gradient_only,1,20,0,0.47940095812266786,0.996627054135361,missing
red4:lane1:snr12.0:seed4:frame56,12.0,56,profiled_cz,2,false,false,true,missing,false,true,gradient_only,1,28,0,0.3972338533353505,1.7283201274114026,missing
red4:lane1:snr12.0:seed4:frame57,12.0,57,profiled_cz,0,true,false,true,missing,false,true,gradient_only,1,16,0,0.25281426565174026,1.3116476609725674,missing
red4:lane1:snr12.0:seed4:frame58,12.0,58,profiled_cz,3,false,false,true,missing,false,true,gradient_only,1,42,0,0.5515648640392347,1.7955911810332104,missing
red4:lane1:snr12.0:seed4:frame59,12.0,59,profiled_cz,1,false,false,true,missing,false,true,gradient_only,1,25,0,1.8831168026555147,1.613282763169878,missing
red4:lane1:snr12.0:seed4:frame60,12.0,60,profiled_cz,1,false,false,false,missing,false,true,gradient_only,1,45,4,0.7554746461311073,1.3636934060207486,missing
red4:lane1:snr14.0:seed4:frame1,14.0,1,cwz_joint,0,true,false,true,missing,false,true,gradient_only,8,18,0,0.2772728473638048,2.3707240336312085,missing
red4:lane1:snr14.0:seed4:frame2,14.0,2,cwz_joint,0,true,false,true,missing,false,true,gradient_only,8,20,0,0.3762260799513772,3.417451576171306,missing
red4:lane1:snr14.0:seed4:frame3,14.0,3,cwz_joint,0,true,false,true,missing,false,true,gradient_only,8,17,0,0.732695265606728,3.0864611107119373,missing
red4:lane1:snr14.0:seed4:frame4,14.0,4,cwz_joint,0,true,false,true,missing,false,true,gradient_only,8,19,0,0.5724475268680939,2.1102747040762466,missing
red4:lane1:snr14.0:seed4:frame5,14.0,5,cwz_joint,0,true,false,true,missing,false,true,gradient_only,8,18,0,0.2075523761201545,0.5412516168019746,missing
red4:lane1:snr14.0:seed4:frame6,14.0,6,cwz_joint,1,false,false,true,missing,false,true,gradient_only,8,26,0,0.2775039455847399,2.6256872454748437,missing
red4:lane1:snr14.0:seed4:frame7,14.0,7,cwz_joint,4,false,false,true,missing,false,true,gradient_only,8,42,0,0.7135936120349208,6.068896783343691,missing
red4:lane1:snr14.0:seed4:frame8,14.0,8,cwz_joint,2,false,false,true,missing,false,true,gradient_only,8,27,0,0.5309229435053692,7.6090758000373935,missing
red4:lane1:snr14.0:seed4:frame9,14.0,9,cwz_joint,3,false,false,true,missing,false,true,gradient_only,8,27,0,0.6929570956224633,4.99689369455875,missing
red4:lane1:snr14.0:seed4:frame10,14.0,10,cwz_joint,0,true,false,true,missing,false,true,gradient_only,8,21,0,0.6503865036174039,2.272389884120582,missing
red4:lane1:snr14.0:seed4:frame11,14.0,11,cwz_joint,1,false,false,true,missing,false,true,gradient_only,8,18,0,0.27436377388757704,2.0134557245150346,missing
red4:lane1:snr14.0:seed4:frame12,14.0,12,cwz_joint,0,true,false,true,missing,false,true,gradient_only,8,23,0,0.361215578239628,2.2892298991597104,missing
red4:lane1:snr14.0:seed4:frame13,14.0,13,cwz_joint,1,false,false,true,missing,false,true,gradient_only,8,14,0,0.38951552624793095,2.1608299905850616,missing
red4:lane1:snr14.0:seed4:frame14,14.0,14,cwz_joint,1,false,false,true,missing,false,true,gradient_only,8,25,0,0.3935911613027952,2.519081225076896,missing
red4:lane1:snr14.0:seed4:frame15,14.0,15,cwz_joint,1,false,false,true,missing,false,true,gradient_only,8,37,0,0.9780772115139629,4.287670842422628,missing
red4:lane1:snr14.0:seed4:frame16,14.0,16,cwz_joint,1,false,false,true,missing,false,true,gradient_only,8,19,0,0.5169420457384453,2.181697636245144,missing
red4:lane1:snr14.0:seed4:frame17,14.0,17,cwz_joint,0,true,false,true,missing,false,true,gradient_only,8,27,0,0.5441307401598833,8.079761481384612,missing
red4:lane1:snr14.0:seed4:frame18,14.0,18,cwz_joint,2,false,false,true,missing,false,true,gradient_only,8,23,0,0.48787065034687405,2.3932919959632293,missing
red4:lane1:snr14.0:seed4:frame19,14.0,19,cwz_joint,2,false,false,true,missing,false,true,gradient_only,8,12,0,0.9285753366625881,2.854045629090179,missing
red4:lane1:snr14.0:seed4:frame20,14.0,20,cwz_joint,1,false,false,true,missing,false,true,gradient_only,8,21,0,0.6051757394041845,4.642898829353386,missing
red4:lane1:snr14.0:seed4:frame21,14.0,21,cwz_joint,1,false,false,true,missing,false,true,gradient_only,8,10,0,1.8852598637795355,2.3183009949679385,missing
red4:lane1:snr14.0:seed4:frame22,14.0,22,cwz_joint,4,false,false,true,missing,false,true,gradient_only,8,42,0,0.4952298408347472,7.149013353127634,missing
red4:lane1:snr14.0:seed4:frame23,14.0,23,cwz_joint,4,false,false,true,missing,false,true,gradient_only,8,30,0,0.30929726770702337,2.32298598362683,missing
red4:lane1:snr14.0:seed4:frame24,14.0,24,cwz_joint,2,false,false,true,missing,false,true,gradient_only,8,25,0,0.46644753645807824,2.4704888840790535,missing
red4:lane1:snr14.0:seed4:frame25,14.0,25,cwz_joint,2,false,false,true,missing,false,true,gradient_only,8,20,0,1.0715616073815581,2.499604015119893,missing
red4:lane1:snr14.0:seed4:frame26,14.0,26,cwz_joint,0,true,false,true,missing,false,true,gradient_only,8,23,0,0.1928453287347177,1.379345601050756,missing
red4:lane1:snr14.0:seed4:frame27,14.0,27,cwz_joint,0,true,false,true,missing,false,true,gradient_only,8,28,0,0.4278373156458629,1.8740835368058624,missing
red4:lane1:snr14.0:seed4:frame28,14.0,28,cwz_joint,1,false,false,true,missing,false,true,gradient_only,8,26,0,0.5553852350856596,3.1410220029611997,missing
red4:lane1:snr14.0:seed4:frame29,14.0,29,cwz_joint,0,true,false,true,missing,false,true,gradient_only,8,25,0,0.407344094687482,4.370421817412864,missing
red4:lane1:snr14.0:seed4:frame30,14.0,30,cwz_joint,4,false,false,true,missing,false,true,gradient_only,8,46,0,0.37378630506009075,3.408329345275491,missing
red4:lane1:snr14.0:seed4:frame31,14.0,31,cwz_joint,2,false,false,true,missing,false,true,gradient_only,8,32,0,0.21151359995379818,2.543702319920757,missing
red4:lane1:snr14.0:seed4:frame32,14.0,32,cwz_joint,0,true,false,true,missing,false,true,gradient_only,8,15,0,0.7133402057696827,3.3714429002311035,missing
red4:lane1:snr14.0:seed4:frame33,14.0,33,cwz_joint,0,true,false,true,missing,false,true,gradient_only,8,20,0,0.44459601368066676,2.131852155060401,missing
red4:lane1:snr14.0:seed4:frame34,14.0,34,cwz_joint,0,true,false,true,missing,false,true,gradient_only,8,18,0,0.3087403479923334,0.5996353151323534,missing
red4:lane1:snr14.0:seed4:frame35,14.0,35,cwz_joint,0,true,false,true,missing,false,true,gradient_only,8,23,0,0.3959307705530459,2.2056114311242174,missing
red4:lane1:snr14.0:seed4:frame36,14.0,36,cwz_joint,0,true,false,true,missing,false,true,gradient_only,8,15,0,0.26722567578021594,3.084657252022382,missing
red4:lane1:snr14.0:seed4:frame37,14.0,37,cwz_joint,0,true,false,true,missing,false,true,gradient_only,8,12,0,0.276365581069705,3.013806837182739,missing
red4:lane1:snr14.0:seed4:frame38,14.0,38,cwz_joint,2,false,false,true,missing,false,true,gradient_only,8,25,0,0.505355719092023,9.744700289621472,missing
red4:lane1:snr14.0:seed4:frame39,14.0,39,cwz_joint,1,false,false,true,missing,false,true,gradient_only,8,28,0,0.44124339914448835,2.2922117746131043,missing
red4:lane1:snr14.0:seed4:frame40,14.0,40,cwz_joint,14,false,false,true,missing,false,true,gradient_only,8,71,0,0.6580573793041441,2.840906819940125,missing
red4:lane1:snr14.0:seed4:frame41,14.0,41,cwz_joint,0,true,false,true,missing,false,true,gradient_only,8,26,0,0.36313288505338537,1.2129031705464728,missing
red4:lane1:snr14.0:seed4:frame42,14.0,42,cwz_joint,0,true,false,true,missing,false,true,gradient_only,8,21,0,0.4001712947593636,0.759573566088368,missing
red4:lane1:snr14.0:seed4:frame43,14.0,43,cwz_joint,1065,false,false,true,missing,false,true,gradient_only,8,3483,0,3.6123078544970664,137.27127285585755,missing
red4:lane1:snr14.0:seed4:frame44,14.0,44,cwz_joint,0,true,false,true,missing,false,true,gradient_only,8,19,0,0.434160170276743,5.46685455408445,missing
red4:lane1:snr14.0:seed4:frame45,14.0,45,cwz_joint,0,true,false,true,missing,false,true,gradient_only,8,22,0,0.48639475778037244,7.309542417770877,missing
red4:lane1:snr14.0:seed4:frame46,14.0,46,cwz_joint,0,true,false,true,missing,false,true,gradient_only,8,23,0,0.2914348123669678,3.7457354547980666,missing
red4:lane1:snr14.0:seed4:frame47,14.0,47,cwz_joint,1,false,false,true,missing,false,true,gradient_only,8,24,0,1.0178407886003327,3.2569362347653823,missing
red4:lane1:snr14.0:seed4:frame48,14.0,48,cwz_joint,2,false,false,true,missing,false,true,gradient_only,8,32,0,0.8421256607486337,2.2655983520083107,missing
red4:lane1:snr14.0:seed4:frame49,14.0,49,cwz_joint,0,true,false,true,missing,false,true,gradient_only,8,28,0,0.379213626557439,1.8005340671478143,missing
red4:lane1:snr14.0:seed4:frame50,14.0,50,cwz_joint,0,true,false,true,missing,false,true,gradient_only,8,24,0,0.720643353252277,2.7965626356705173,missing
red4:lane1:snr14.0:seed4:frame51,14.0,51,cwz_joint,5,false,false,true,missing,false,true,gradient_only,8,39,0,0.4942874231545427,1.5720753301050656,missing
red4:lane1:snr14.0:seed4:frame52,14.0,52,cwz_joint,0,true,false,true,missing,false,true,gradient_only,8,14,0,0.2720708601025558,3.0350987874680238,missing
red4:lane1:snr14.0:seed4:frame53,14.0,53,cwz_joint,0,true,false,true,missing,false,true,gradient_only,8,23,0,1.5605466192267123,1.2818360794979888,missing
red4:lane1:snr14.0:seed4:frame54,14.0,54,cwz_joint,0,true,false,true,missing,false,true,gradient_only,8,23,0,0.3652260377930758,1.8265554952923015,missing
red4:lane1:snr14.0:seed4:frame55,14.0,55,cwz_joint,0,true,false,true,missing,false,true,gradient_only,8,12,0,0.2594728682294531,1.6153389827128632,missing
red4:lane1:snr14.0:seed4:frame56,14.0,56,cwz_joint,0,true,false,true,missing,false,true,gradient_only,8,18,0,0.29326015630756685,2.400526593485694,missing
red4:lane1:snr14.0:seed4:frame57,14.0,57,cwz_joint,0,true,false,true,missing,false,true,gradient_only,8,8,0,0.20226157545281462,0.4301803040077587,missing
red4:lane1:snr14.0:seed4:frame58,14.0,58,cwz_joint,0,true,false,true,missing,false,true,gradient_only,8,25,0,0.38344386075985365,1.3927291620930093,missing
red4:lane1:snr14.0:seed4:frame59,14.0,59,cwz_joint,0,true,false,true,missing,false,true,gradient_only,8,13,0,0.3125943614619503,2.0151686837055798,missing
red4:lane1:snr14.0:seed4:frame60,14.0,60,cwz_joint,1,false,false,true,missing,false,true,gradient_only,8,24,0,0.49080523239572194,2.2811040973243615,missing
red4:lane1:snr14.0:seed4:frame1,14.0,1,profiled_cz,0,true,false,true,missing,false,true,gradient_only,1,18,0,0.2772728473638048,1.6769851319906168,missing
red4:lane1:snr14.0:seed4:frame2,14.0,2,profiled_cz,0,true,false,true,missing,false,true,gradient_only,1,20,0,0.3762260799513772,2.017886935884243,missing
red4:lane1:snr14.0:seed4:frame3,14.0,3,profiled_cz,0,true,false,true,missing,false,true,gradient_only,1,17,0,0.732695265606728,1.5342848294121398,missing
red4:lane1:snr14.0:seed4:frame4,14.0,4,profiled_cz,0,true,false,true,missing,false,true,gradient_only,1,19,0,0.5724475268680939,2.0296701783698388,missing
red4:lane1:snr14.0:seed4:frame5,14.0,5,profiled_cz,0,true,false,true,missing,false,true,gradient_only,1,18,0,0.2075523761201545,1.2901666625746362,missing
red4:lane1:snr14.0:seed4:frame6,14.0,6,profiled_cz,1,false,false,true,missing,false,true,gradient_only,1,26,0,0.2775039455847399,1.6459039196116187,missing
red4:lane1:snr14.0:seed4:frame7,14.0,7,profiled_cz,4,false,false,false,missing,false,true,gradient_only,1,42,5,0.7135936120349208,2.518948157041885,missing
red4:lane1:snr14.0:seed4:frame8,14.0,8,profiled_cz,2,false,false,true,missing,false,true,gradient_only,1,27,0,0.5309229435053692,2.797831254433503,missing
red4:lane1:snr14.0:seed4:frame9,14.0,9,profiled_cz,3,false,false,true,missing,false,true,gradient_only,1,27,0,0.6929570956224633,2.338177039561024,missing
red4:lane1:snr14.0:seed4:frame10,14.0,10,profiled_cz,0,true,false,true,missing,false,true,gradient_only,1,21,0,0.6503865036174039,3.0396579137955957,missing
red4:lane1:snr14.0:seed4:frame11,14.0,11,profiled_cz,1,false,false,true,missing,false,true,gradient_only,1,18,0,0.27436377388757704,1.943489854292774,missing
red4:lane1:snr14.0:seed4:frame12,14.0,12,profiled_cz,0,true,false,true,missing,false,true,gradient_only,1,23,0,0.361215578239628,1.6728798093530823,missing
red4:lane1:snr14.0:seed4:frame13,14.0,13,profiled_cz,1,false,false,true,missing,false,true,gradient_only,1,14,0,0.38951552624793095,1.939523053787539,missing
red4:lane1:snr14.0:seed4:frame14,14.0,14,profiled_cz,1,false,false,true,missing,false,true,gradient_only,1,25,0,0.3935911613027952,1.9392760152378568,missing
red4:lane1:snr14.0:seed4:frame15,14.0,15,profiled_cz,1,false,false,true,missing,false,true,gradient_only,1,37,0,0.9780772115139629,2.132412765978319,missing
red4:lane1:snr14.0:seed4:frame16,14.0,16,profiled_cz,1,false,false,true,missing,false,true,gradient_only,1,19,0,0.5169420457384453,1.863576959620614,missing
red4:lane1:snr14.0:seed4:frame17,14.0,17,profiled_cz,0,true,false,true,missing,false,true,gradient_only,1,27,0,0.5441307401598833,3.401385666656684,missing
red4:lane1:snr14.0:seed4:frame18,14.0,18,profiled_cz,2,false,false,true,missing,false,true,gradient_only,1,23,0,0.48787065034687405,2.7268920351057746,missing
red4:lane1:snr14.0:seed4:frame19,14.0,19,profiled_cz,2,false,false,true,missing,false,true,gradient_only,1,12,0,0.9285753366625881,1.4827161483029456,missing
red4:lane1:snr14.0:seed4:frame20,14.0,20,profiled_cz,1,false,false,true,missing,false,true,gradient_only,1,21,0,0.6051757394041845,1.9955828325695235,missing
red4:lane1:snr14.0:seed4:frame21,14.0,21,profiled_cz,1,false,false,true,missing,false,true,gradient_only,1,10,0,1.8852598637795355,1.6766399131037557,missing
red4:lane1:snr14.0:seed4:frame22,14.0,22,profiled_cz,4,false,false,true,missing,false,true,gradient_only,1,42,0,0.4952298408347472,7.331734727465224,missing
red4:lane1:snr14.0:seed4:frame23,14.0,23,profiled_cz,4,false,false,true,missing,false,true,gradient_only,1,30,0,0.30929726770702337,1.7140248901905746,missing
red4:lane1:snr14.0:seed4:frame24,14.0,24,profiled_cz,2,false,false,true,missing,false,true,gradient_only,1,25,0,0.46644753645807824,1.7994782509951623,missing
red4:lane1:snr14.0:seed4:frame25,14.0,25,profiled_cz,2,false,false,true,missing,false,true,gradient_only,1,20,0,1.0715616073815581,2.123217016021373,missing
red4:lane1:snr14.0:seed4:frame26,14.0,26,profiled_cz,0,true,false,true,missing,false,true,gradient_only,1,23,0,0.1928453287347177,1.8962852123601328,missing
red4:lane1:snr14.0:seed4:frame27,14.0,27,profiled_cz,0,true,false,true,missing,false,true,gradient_only,1,28,0,0.4278373156458629,1.9012246780671544,missing
red4:lane1:snr14.0:seed4:frame28,14.0,28,profiled_cz,1,false,false,true,missing,false,true,gradient_only,1,26,0,0.5553852350856596,2.1595563804304616,missing
red4:lane1:snr14.0:seed4:frame29,14.0,29,profiled_cz,0,true,false,true,missing,false,true,gradient_only,1,25,0,0.407344094687482,1.9849876241531539,missing
red4:lane1:snr14.0:seed4:frame30,14.0,30,profiled_cz,4,false,false,true,missing,false,true,gradient_only,1,46,0,0.37378630506009075,2.6604398986220934,missing
red4:lane1:snr14.0:seed4:frame31,14.0,31,profiled_cz,2,false,false,true,missing,false,true,gradient_only,1,32,0,0.21151359995379818,1.6923045644076977,missing
red4:lane1:snr14.0:seed4:frame32,14.0,32,profiled_cz,0,true,false,true,missing,false,true,gradient_only,1,15,0,0.7133402057696827,4.454212835639192,missing
red4:lane1:snr14.0:seed4:frame33,14.0,33,profiled_cz,0,true,false,true,missing,false,true,gradient_only,6,20,0,0.44459601368066676,1.9824840672441888,missing
red4:lane1:snr14.0:seed4:frame34,14.0,34,profiled_cz,0,true,false,true,missing,false,true,gradient_only,1,18,0,0.3087403479923334,1.8431362854395523,missing
red4:lane1:snr14.0:seed4:frame35,14.0,35,profiled_cz,0,true,false,true,missing,false,true,gradient_only,1,23,0,0.3959307705530459,2.2040161170671566,missing
red4:lane1:snr14.0:seed4:frame36,14.0,36,profiled_cz,0,true,false,true,missing,false,true,gradient_only,1,15,0,0.26722567578021594,1.3550955139279817,missing
red4:lane1:snr14.0:seed4:frame37,14.0,37,profiled_cz,0,true,false,true,missing,false,true,gradient_only,1,12,0,0.276365581069705,1.2481179952462884,missing
red4:lane1:snr14.0:seed4:frame38,14.0,38,profiled_cz,2,false,false,true,missing,false,true,gradient_only,1,25,0,0.505355719092023,2.5738387667008666,missing
red4:lane1:snr14.0:seed4:frame39,14.0,39,profiled_cz,1,false,false,true,missing,false,true,gradient_only,1,28,0,0.44124339914448835,2.2100678430986433,missing
red4:lane1:snr14.0:seed4:frame40,14.0,40,profiled_cz,14,false,false,true,missing,false,true,gradient_only,1,71,0,0.6580573793041441,2.681035162101048,missing
red4:lane1:snr14.0:seed4:frame41,14.0,41,profiled_cz,0,true,false,true,missing,false,true,gradient_only,1,26,0,0.36313288505338537,1.953261272217898,missing
red4:lane1:snr14.0:seed4:frame42,14.0,42,profiled_cz,0,true,false,true,missing,false,true,gradient_only,1,21,0,0.4001712947593636,2.2150056957058317,missing
red4:lane1:snr14.0:seed4:frame43,14.0,43,profiled_cz,1052,false,false,false,missing,false,true,gradient_only,1,3483,2375,3.6123078544970664,81.73205904037397,missing
red4:lane1:snr14.0:seed4:frame44,14.0,44,profiled_cz,0,true,false,true,missing,false,true,gradient_only,1,19,0,0.434160170276743,2.0823157544607103,missing
red4:lane1:snr14.0:seed4:frame45,14.0,45,profiled_cz,0,true,false,true,missing,false,true,gradient_only,1,22,0,0.48639475778037244,2.76344914868688,missing
red4:lane1:snr14.0:seed4:frame46,14.0,46,profiled_cz,0,true,false,true,missing,false,true,gradient_only,1,23,0,0.2914348123669678,2.415813711649359,missing
red4:lane1:snr14.0:seed4:frame47,14.0,47,profiled_cz,1,false,false,true,missing,false,true,gradient_only,1,24,0,1.0178407886003327,1.5492482389555189,missing
red4:lane1:snr14.0:seed4:frame48,14.0,48,profiled_cz,2,false,false,true,missing,false,true,gradient_only,1,32,0,0.8421256607486337,2.0753427551847246,missing
red4:lane1:snr14.0:seed4:frame49,14.0,49,profiled_cz,0,true,false,true,missing,false,true,gradient_only,1,28,0,0.379213626557439,1.679091828057859,missing
red4:lane1:snr14.0:seed4:frame50,14.0,50,profiled_cz,0,true,false,true,missing,false,true,gradient_only,1,24,0,0.720643353252277,1.9151704335681976,missing
red4:lane1:snr14.0:seed4:frame51,14.0,51,profiled_cz,5,false,false,true,missing,false,true,gradient_only,1,39,0,0.4942874231545427,3.4469302909084774,missing
red4:lane1:snr14.0:seed4:frame52,14.0,52,profiled_cz,0,true,false,true,missing,false,true,gradient_only,1,14,0,0.2720708601025558,2.78955513306769,missing
red4:lane1:snr14.0:seed4:frame53,14.0,53,profiled_cz,0,true,false,true,missing,false,true,gradient_only,1,23,0,1.5605466192267123,1.5879395880624791,missing
red4:lane1:snr14.0:seed4:frame54,14.0,54,profiled_cz,0,true,false,true,missing,false,true,gradient_only,1,23,0,0.3652260377930758,1.9948194389915557,missing
red4:lane1:snr14.0:seed4:frame55,14.0,55,profiled_cz,0,true,false,true,missing,false,true,gradient_only,1,12,0,0.2594728682294531,0.8422530103566125,missing
red4:lane1:snr14.0:seed4:frame56,14.0,56,profiled_cz,0,true,false,true,missing,false,true,gradient_only,1,18,0,0.29326015630756685,1.5323256479798733,missing
red4:lane1:snr14.0:seed4:frame57,14.0,57,profiled_cz,0,true,false,true,missing,false,true,gradient_only,1,8,0,0.20226157545281462,1.0160306232239682,missing
red4:lane1:snr14.0:seed4:frame58,14.0,58,profiled_cz,0,true,false,true,missing,false,true,gradient_only,1,25,0,0.38344386075985365,1.5538606579572152,missing
red4:lane1:snr14.0:seed4:frame59,14.0,59,profiled_cz,0,true,false,true,missing,false,true,gradient_only,1,13,0,0.3125943614619503,1.2579187728399885,missing
red4:lane1:snr14.0:seed4:frame60,14.0,60,profiled_cz,1,false,false,true,missing,false,true,gradient_only,1,24,0,0.49080523239572194,1.1088799492946277,missing
red4:lane1:snr16.0:seed4:frame1,16.0,1,cwz_joint,0,true,false,true,missing,false,true,gradient_only,8,12,0,0.2122287053752388,2.1641875683431864,missing
red4:lane1:snr16.0:seed4:frame2,16.0,2,cwz_joint,0,true,false,true,missing,false,true,gradient_only,8,17,0,0.6789996143371088,3.1362460984620038,missing
red4:lane1:snr16.0:seed4:frame3,16.0,3,cwz_joint,0,true,false,true,missing,false,true,gradient_only,8,13,0,0.3330528902283798,2.822366992200774,missing
red4:lane1:snr16.0:seed4:frame4,16.0,4,cwz_joint,0,true,false,true,missing,false,true,gradient_only,8,13,0,0.5135079101491852,1.9443344539429648,missing
red4:lane1:snr16.0:seed4:frame5,16.0,5,cwz_joint,0,true,false,true,missing,false,true,gradient_only,8,14,0,0.1988196483318187,0.5153387048808378,missing
red4:lane1:snr16.0:seed4:frame6,16.0,6,cwz_joint,0,true,false,true,missing,false,true,gradient_only,8,18,0,0.45403708907531387,2.522541929493786,missing
red4:lane1:snr16.0:seed4:frame7,16.0,7,cwz_joint,2,false,false,true,missing,false,true,gradient_only,8,33,0,0.5041040352864299,5.29370769051282,missing
red4:lane1:snr16.0:seed4:frame8,16.0,8,cwz_joint,0,true,false,true,missing,false,true,gradient_only,8,20,0,0.4311412195206595,6.784160110623333,missing
red4:lane1:snr16.0:seed4:frame9,16.0,9,cwz_joint,1,false,false,true,missing,false,true,gradient_only,8,22,0,0.3848995525578443,4.539837378019804,missing
red4:lane1:snr16.0:seed4:frame10,16.0,10,cwz_joint,0,true,false,true,missing,false,true,gradient_only,8,21,0,0.304353105424748,2.041902161820534,missing
red4:lane1:snr16.0:seed4:frame11,16.0,11,cwz_joint,0,true,false,true,missing,false,true,gradient_only,8,14,0,0.3032673726296325,1.8371484626303478,missing
red4:lane1:snr16.0:seed4:frame12,16.0,12,cwz_joint,0,true,false,true,missing,false,true,gradient_only,8,23,0,0.33923915132672733,2.1365444192134926,missing
red4:lane1:snr16.0:seed4:frame13,16.0,13,cwz_joint,0,true,false,true,missing,false,true,gradient_only,8,14,0,0.43091781304879434,1.991736412102567,missing
red4:lane1:snr16.0:seed4:frame14,16.0,14,cwz_joint,1,false,false,true,missing,false,true,gradient_only,8,17,0,0.26319755697466707,2.3149387297990254,missing
red4:lane1:snr16.0:seed4:frame15,16.0,15,cwz_joint,0,true,false,true,missing,false,true,gradient_only,8,24,0,0.33375483890107754,3.962885383769105,missing
red4:lane1:snr16.0:seed4:frame16,16.0,16,cwz_joint,1,false,false,true,missing,false,true,gradient_only,8,19,0,0.3098760352028104,2.067164005059838,missing
red4:lane1:snr16.0:seed4:frame17,16.0,17,cwz_joint,0,true,false,true,missing,false,true,gradient_only,8,23,0,0.3488589731113127,7.173456064145137,missing
red4:lane1:snr16.0:seed4:frame18,16.0,18,cwz_joint,0,true,false,true,missing,false,true,gradient_only,8,17,0,0.7235878073621861,2.1278825638136984,missing
red4:lane1:snr16.0:seed4:frame19,16.0,19,cwz_joint,0,true,false,true,missing,false,true,gradient_only,8,12,0,0.3656240694254073,2.633791648256133,missing
red4:lane1:snr16.0:seed4:frame20,16.0,20,cwz_joint,1,false,false,true,missing,false,true,gradient_only,8,15,0,0.5258402165538378,4.334542338054548,missing
red4:lane1:snr16.0:seed4:frame21,16.0,21,cwz_joint,1,false,false,true,missing,false,true,gradient_only,8,8,0,0.2664066926792864,2.1689856009495796,missing
red4:lane1:snr16.0:seed4:frame22,16.0,22,cwz_joint,2,false,false,true,missing,false,true,gradient_only,8,34,0,0.33634221014508053,5.112709638831619,missing
red4:lane1:snr16.0:seed4:frame23,16.0,23,cwz_joint,1,false,false,true,missing,false,true,gradient_only,8,26,0,0.3878844094732144,2.109518516555069,missing
red4:lane1:snr16.0:seed4:frame24,16.0,24,cwz_joint,1,false,false,true,missing,false,true,gradient_only,8,25,0,0.4502086862245533,2.258341978512798,missing
red4:lane1:snr16.0:seed4:frame25,16.0,25,cwz_joint,1,false,false,true,missing,false,true,gradient_only,8,17,0,0.3503366704320264,2.2916596507540365,missing
red4:lane1:snr16.0:seed4:frame26,16.0,26,cwz_joint,0,true,false,true,missing,false,true,gradient_only,8,22,0,0.15318638179957644,1.4004381934611734,missing
red4:lane1:snr16.0:seed4:frame27,16.0,27,cwz_joint,0,true,false,true,missing,false,true,gradient_only,8,16,0,0.30150854385367626,1.7255880791815361,missing
red4:lane1:snr16.0:seed4:frame28,16.0,28,cwz_joint,1,false,false,true,missing,false,true,gradient_only,8,21,0,0.32916096802688777,3.189521968033777,missing
red4:lane1:snr16.0:seed4:frame29,16.0,29,cwz_joint,0,true,false,true,missing,false,true,gradient_only,8,18,0,0.9216577877243335,4.004825228518043,missing
red4:lane1:snr16.0:seed4:frame30,16.0,30,cwz_joint,1,false,false,true,missing,false,true,gradient_only,8,34,0,0.2718329290465288,3.0364900161270523,missing
red4:lane1:snr16.0:seed4:frame31,16.0,31,cwz_joint,0,true,false,true,missing,false,true,gradient_only,8,14,0,0.1597161816151878,2.3764183723897836,missing
red4:lane1:snr16.0:seed4:frame32,16.0,32,cwz_joint,0,true,false,true,missing,false,true,gradient_only,8,13,0,2.3610558860271844,3.0950682772557245,missing
red4:lane1:snr16.0:seed4:frame33,16.0,33,cwz_joint,0,true,false,true,missing,false,true,gradient_only,8,16,0,0.2906821889263483,1.99473263493162,missing
red4:lane1:snr16.0:seed4:frame34,16.0,34,cwz_joint,0,true,false,true,missing,false,true,gradient_only,8,14,0,0.27258288359076066,0.5339183974034164,missing
red4:lane1:snr16.0:seed4:frame35,16.0,35,cwz_joint,0,true,false,true,missing,false,true,gradient_only,8,20,0,1.2778022042289152,2.0207279115470502,missing
red4:lane1:snr16.0:seed4:frame36,16.0,36,cwz_joint,0,true,false,true,missing,false,true,gradient_only,8,15,0,0.5613613125290431,2.9420370243735277,missing
red4:lane1:snr16.0:seed4:frame37,16.0,37,cwz_joint,0,true,false,true,missing,false,true,gradient_only,8,7,0,0.6349594944542574,2.8381289100580043,missing
red4:lane1:snr16.0:seed4:frame38,16.0,38,cwz_joint,0,true,false,true,missing,false,true,gradient_only,8,20,0,1.0273573215379233,7.708092078783493,missing
red4:lane1:snr16.0:seed4:frame39,16.0,39,cwz_joint,1,false,false,true,missing,false,true,gradient_only,8,32,0,0.3295986438564764,2.133947817715737,missing
red4:lane1:snr16.0:seed4:frame40,16.0,40,cwz_joint,8,false,false,true,missing,false,true,gradient_only,8,52,0,1.8801082807225902,2.6228122631932664,missing
red4:lane1:snr16.0:seed4:frame41,16.0,41,cwz_joint,0,true,false,true,missing,false,true,gradient_only,8,20,0,0.2923558246856445,1.0995975603017163,missing
red4:lane1:snr16.0:seed4:frame42,16.0,42,cwz_joint,0,true,false,true,missing,false,true,gradient_only,8,16,0,0.2937724992830484,0.6747138197188708,missing
red4:lane1:snr16.0:seed4:frame43,16.0,43,cwz_joint,1094,false,false,true,missing,false,true,gradient_only,8,3482,0,2.7316355741198803,137.06807086095938,missing
red4:lane1:snr16.0:seed4:frame44,16.0,44,cwz_joint,0,true,false,true,missing,false,true,gradient_only,8,15,0,0.5170881659813915,5.05521254905244,missing
red4:lane1:snr16.0:seed4:frame45,16.0,45,cwz_joint,0,true,false,true,missing,false,true,gradient_only,8,20,0,0.38005388345930297,7.021593506024625,missing
red4:lane1:snr16.0:seed4:frame46,16.0,46,cwz_joint,0,true,false,true,missing,false,true,gradient_only,8,21,0,0.23160084934118502,3.226268165656709,missing
red4:lane1:snr16.0:seed4:frame47,16.0,47,cwz_joint,0,true,false,true,missing,false,true,gradient_only,8,18,0,0.4120550750509902,2.9500729697378305,missing
red4:lane1:snr16.0:seed4:frame48,16.0,48,cwz_joint,1,false,false,true,missing,false,true,gradient_only,8,20,0,0.2385579579613816,2.081724304019824,missing
red4:lane1:snr16.0:seed4:frame49,16.0,49,cwz_joint,0,true,false,true,missing,false,true,gradient_only,8,24,0,0.23438510660938555,1.690593154103107,missing
red4:lane1:snr16.0:seed4:frame50,16.0,50,cwz_joint,0,true,false,true,missing,false,true,gradient_only,8,19,0,0.2555557482980591,2.615306362806063,missing
red4:lane1:snr16.0:seed4:frame51,16.0,51,cwz_joint,1,false,false,true,missing,false,true,gradient_only,8,37,0,0.39081912453303236,1.3683234930922457,missing
red4:lane1:snr16.0:seed4:frame52,16.0,52,cwz_joint,0,true,false,true,missing,false,true,gradient_only,8,8,0,0.2314481432948374,2.9291760240703764,missing
red4:lane1:snr16.0:seed4:frame53,16.0,53,cwz_joint,0,true,false,true,missing,false,true,gradient_only,8,22,0,0.18354827759419867,1.1996849082819827,missing
red4:lane1:snr16.0:seed4:frame54,16.0,54,cwz_joint,0,true,false,true,missing,false,true,gradient_only,8,15,0,0.2277755472730286,1.6911087508016114,missing
red4:lane1:snr16.0:seed4:frame55,16.0,55,cwz_joint,0,true,false,true,missing,false,true,gradient_only,8,7,0,1.8031685788168368,1.4878709542955009,missing
red4:lane1:snr16.0:seed4:frame56,16.0,56,cwz_joint,0,true,false,true,missing,false,true,gradient_only,8,12,0,0.5282018164021184,2.2312477291516553,missing
red4:lane1:snr16.0:seed4:frame57,16.0,57,cwz_joint,0,true,false,true,missing,false,true,gradient_only,8,8,0,0.3171279927162308,0.32064987667567413,missing
red4:lane1:snr16.0:seed4:frame58,16.0,58,cwz_joint,0,true,false,true,missing,false,true,gradient_only,8,17,0,0.278274870381941,1.4064421060252101,missing
red4:lane1:snr16.0:seed4:frame59,16.0,59,cwz_joint,0,true,false,true,missing,false,true,gradient_only,8,10,0,0.20628029666044526,1.811049638774628,missing
red4:lane1:snr16.0:seed4:frame60,16.0,60,cwz_joint,0,true,false,true,missing,false,true,gradient_only,8,10,0,0.4078247042240442,1.9919739518557102,missing
red4:lane1:snr16.0:seed4:frame1,16.0,1,profiled_cz,0,true,false,true,missing,false,true,gradient_only,1,12,0,0.2122287053752388,1.5155011420941724,missing
red4:lane1:snr16.0:seed4:frame2,16.0,2,profiled_cz,0,true,false,true,missing,false,true,gradient_only,1,17,0,0.6789996143371088,1.675162572144404,missing
red4:lane1:snr16.0:seed4:frame3,16.0,3,profiled_cz,0,true,false,true,missing,false,true,gradient_only,1,13,0,0.3330528902283798,1.3525970514316916,missing
red4:lane1:snr16.0:seed4:frame4,16.0,4,profiled_cz,0,true,false,true,missing,false,true,gradient_only,1,13,0,0.5135079101491852,1.785816354903526,missing
red4:lane1:snr16.0:seed4:frame5,16.0,5,profiled_cz,0,true,false,true,missing,false,true,gradient_only,1,14,0,0.1988196483318187,1.1707828759195673,missing
red4:lane1:snr16.0:seed4:frame6,16.0,6,profiled_cz,0,true,false,true,missing,false,true,gradient_only,1,18,0,0.45403708907531387,1.5448893714581504,missing
red4:lane1:snr16.0:seed4:frame7,16.0,7,profiled_cz,2,false,false,true,missing,false,true,gradient_only,1,33,0,0.5041040352864299,2.098640344605324,missing
red4:lane1:snr16.0:seed4:frame8,16.0,8,profiled_cz,0,true,false,true,missing,false,true,gradient_only,1,20,0,0.4311412195206595,2.4604275785557426,missing
red4:lane1:snr16.0:seed4:frame9,16.0,9,profiled_cz,1,false,false,true,missing,false,true,gradient_only,1,22,0,0.3848995525578443,2.1618918242414296,missing
red4:lane1:snr16.0:seed4:frame10,16.0,10,profiled_cz,0,true,false,true,missing,false,true,gradient_only,1,21,0,0.304353105424748,2.3959695418414277,missing
red4:lane1:snr16.0:seed4:frame11,16.0,11,profiled_cz,0,true,false,true,missing,false,true,gradient_only,1,14,0,0.3032673726296325,1.7073490658738397,missing
red4:lane1:snr16.0:seed4:frame12,16.0,12,profiled_cz,0,true,false,true,missing,false,true,gradient_only,1,23,0,0.33923915132672733,1.5145034113471403,missing
red4:lane1:snr16.0:seed4:frame13,16.0,13,profiled_cz,0,true,false,true,missing,false,true,gradient_only,1,14,0,0.43091781304879434,1.615691010920494,missing
red4:lane1:snr16.0:seed4:frame14,16.0,14,profiled_cz,1,false,false,true,missing,false,true,gradient_only,1,17,0,0.26319755697466707,1.7008211965200053,missing
red4:lane1:snr16.0:seed4:frame15,16.0,15,profiled_cz,0,true,false,true,missing,false,true,gradient_only,1,24,0,0.33375483890107754,1.9808333697111362,missing
red4:lane1:snr16.0:seed4:frame16,16.0,16,profiled_cz,1,false,false,true,missing,false,true,gradient_only,1,19,0,0.3098760352028104,1.7592743659099495,missing
red4:lane1:snr16.0:seed4:frame17,16.0,17,profiled_cz,0,true,false,true,missing,false,true,gradient_only,1,23,0,0.3488589731113127,2.8402881986809954,missing
red4:lane1:snr16.0:seed4:frame18,16.0,18,profiled_cz,0,true,false,true,missing,false,true,gradient_only,1,17,0,0.7235878073621861,2.2033218765075806,missing
red4:lane1:snr16.0:seed4:frame19,16.0,19,profiled_cz,0,true,false,true,missing,false,true,gradient_only,1,12,0,0.3656240694254073,1.3476444496069877,missing
red4:lane1:snr16.0:seed4:frame20,16.0,20,profiled_cz,1,false,false,true,missing,false,true,gradient_only,1,15,0,0.5258402165538378,1.8866098723801725,missing
red4:lane1:snr16.0:seed4:frame21,16.0,21,profiled_cz,1,false,false,true,missing,false,true,gradient_only,1,8,0,0.2664066926792864,1.514931250963668,missing
red4:lane1:snr16.0:seed4:frame22,16.0,22,profiled_cz,2,false,false,true,missing,false,true,gradient_only,1,34,0,0.33634221014508053,6.693081619935577,missing
red4:lane1:snr16.0:seed4:frame23,16.0,23,profiled_cz,1,false,false,true,missing,false,true,gradient_only,1,26,0,0.3878844094732144,1.5178562477864306,missing
red4:lane1:snr16.0:seed4:frame24,16.0,24,profiled_cz,1,false,false,true,missing,false,true,gradient_only,1,25,0,0.4502086862245533,1.6030251482309132,missing
red4:lane1:snr16.0:seed4:frame25,16.0,25,profiled_cz,1,false,false,true,missing,false,true,gradient_only,1,17,0,0.3503366704320264,1.947288532105933,missing
red4:lane1:snr16.0:seed4:frame26,16.0,26,profiled_cz,0,true,false,true,missing,false,true,gradient_only,1,22,0,0.15318638179957644,1.799373061181147,missing
red4:lane1:snr16.0:seed4:frame27,16.0,27,profiled_cz,0,true,false,true,missing,false,true,gradient_only,1,16,0,0.30150854385367626,1.7801397287675418,missing
red4:lane1:snr16.0:seed4:frame28,16.0,28,profiled_cz,1,false,false,true,missing,false,true,gradient_only,1,21,0,0.32916096802688777,1.9954839441438412,missing
red4:lane1:snr16.0:seed4:frame29,16.0,29,profiled_cz,0,true,false,true,missing,false,true,gradient_only,1,18,0,0.9216577877243335,1.7538229531901766,missing
red4:lane1:snr16.0:seed4:frame30,16.0,30,profiled_cz,1,false,false,true,missing,false,true,gradient_only,1,34,0,0.2718329290465288,2.3564257558626514,missing
red4:lane1:snr16.0:seed4:frame31,16.0,31,profiled_cz,0,true,false,true,missing,false,true,gradient_only,1,14,0,0.1597161816151878,1.5706852839918086,missing
red4:lane1:snr16.0:seed4:frame32,16.0,32,profiled_cz,0,true,false,true,missing,false,true,gradient_only,1,13,0,2.3610558860271844,3.4657172551453694,missing
red4:lane1:snr16.0:seed4:frame33,16.0,33,profiled_cz,0,true,false,true,missing,false,true,gradient_only,1,16,0,0.2906821889263483,1.854548156371641,missing
red4:lane1:snr16.0:seed4:frame34,16.0,34,profiled_cz,0,true,false,true,missing,false,true,gradient_only,1,14,0,0.27258288359076066,1.5950416243118926,missing
red4:lane1:snr16.0:seed4:frame35,16.0,35,profiled_cz,0,true,false,true,missing,false,true,gradient_only,1,20,0,1.2778022042289152,1.8956568122316753,missing
red4:lane1:snr16.0:seed4:frame36,16.0,36,profiled_cz,0,true,false,true,missing,false,true,gradient_only,1,15,0,0.5613613125290431,1.2653413136725058,missing
red4:lane1:snr16.0:seed4:frame37,16.0,37,profiled_cz,0,true,false,true,missing,false,true,gradient_only,1,7,0,0.6349594944542574,1.1367568533323666,missing
red4:lane1:snr16.0:seed4:frame38,16.0,38,profiled_cz,0,true,false,true,missing,false,true,gradient_only,1,20,0,1.0273573215379233,2.152736977451422,missing
red4:lane1:snr16.0:seed4:frame39,16.0,39,profiled_cz,1,false,false,true,missing,false,true,gradient_only,1,32,0,0.3295986438564764,1.9887347724014413,missing
red4:lane1:snr16.0:seed4:frame40,16.0,40,profiled_cz,8,false,false,true,missing,false,true,gradient_only,1,52,0,1.8801082807225902,2.3273458518184014,missing
red4:lane1:snr16.0:seed4:frame41,16.0,41,profiled_cz,0,true,false,true,missing,false,true,gradient_only,1,20,0,0.2923558246856445,1.685503504366573,missing
red4:lane1:snr16.0:seed4:frame42,16.0,42,profiled_cz,0,true,false,true,missing,false,true,gradient_only,1,16,0,0.2937724992830484,1.9449844954273048,missing
red4:lane1:snr16.0:seed4:frame43,16.0,43,profiled_cz,1105,false,false,false,missing,false,true,gradient_only,7,3482,2585,2.7316355741198803,73.43339903975316,missing
red4:lane1:snr16.0:seed4:frame44,16.0,44,profiled_cz,0,true,false,true,missing,false,true,gradient_only,1,15,0,0.5170881659813915,1.9297165970163492,missing
red4:lane1:snr16.0:seed4:frame45,16.0,45,profiled_cz,0,true,false,true,missing,false,true,gradient_only,1,20,0,0.38005388345930297,2.5033705357054648,missing
red4:lane1:snr16.0:seed4:frame46,16.0,46,profiled_cz,0,true,false,true,missing,false,true,gradient_only,1,21,0,0.23160084934118502,1.975765785079221,missing
red4:lane1:snr16.0:seed4:frame47,16.0,47,profiled_cz,0,true,false,true,missing,false,true,gradient_only,1,18,0,0.4120550750509902,1.305567579341989,missing
red4:lane1:snr16.0:seed4:frame48,16.0,48,profiled_cz,1,false,false,true,missing,false,true,gradient_only,1,20,0,0.2385579579613816,1.9061826525995187,missing
red4:lane1:snr16.0:seed4:frame49,16.0,49,profiled_cz,0,true,false,true,missing,false,true,gradient_only,1,24,0,0.23438510660938555,1.5802089955158687,missing
red4:lane1:snr16.0:seed4:frame50,16.0,50,profiled_cz,0,true,false,true,missing,false,true,gradient_only,1,19,0,0.2555557482980591,1.7243014984585612,missing
red4:lane1:snr16.0:seed4:frame51,16.0,51,profiled_cz,1,false,false,true,missing,false,true,gradient_only,1,37,0,0.39081912453303236,2.3902060528084568,missing
red4:lane1:snr16.0:seed4:frame52,16.0,52,profiled_cz,0,true,false,true,missing,false,true,gradient_only,1,8,0,0.2314481432948374,2.5589095022537713,missing
red4:lane1:snr16.0:seed4:frame53,16.0,53,profiled_cz,0,true,false,true,missing,false,true,gradient_only,1,22,0,0.18354827759419867,1.3850719869708497,missing
red4:lane1:snr16.0:seed4:frame54,16.0,54,profiled_cz,0,true,false,true,missing,false,true,gradient_only,1,15,0,0.2277755472730286,1.7110788702757527,missing
red4:lane1:snr16.0:seed4:frame55,16.0,55,profiled_cz,0,true,false,true,missing,false,true,gradient_only,1,7,0,1.8031685788168368,0.7419628183636685,missing
red4:lane1:snr16.0:seed4:frame56,16.0,56,profiled_cz,0,true,false,true,missing,false,true,gradient_only,1,12,0,0.5282018164021184,1.4048847914216613,missing
red4:lane1:snr16.0:seed4:frame57,16.0,57,profiled_cz,0,true,false,true,missing,false,true,gradient_only,1,8,0,0.3171279927162308,0.8316949225755823,missing
red4:lane1:snr16.0:seed4:frame58,16.0,58,profiled_cz,0,true,false,true,missing,false,true,gradient_only,1,17,0,0.278274870381941,1.4060358276940426,missing
red4:lane1:snr16.0:seed4:frame59,16.0,59,profiled_cz,0,true,false,true,missing,false,true,gradient_only,1,10,0,0.20628029666044526,1.0256184154505659,missing
red4:lane1:snr16.0:seed4:frame60,16.0,60,profiled_cz,0,true,false,true,missing,false,true,gradient_only,1,10,0,0.4078247042240442,0.9419972153180156,missing
red4:lane1:snr18.0:seed4:frame1,18.0,1,cwz_joint,0,true,false,true,missing,false,true,gradient_only,8,8,0,0.18296048423768138,2.029816532695291,missing
red4:lane1:snr18.0:seed4:frame2,18.0,2,cwz_joint,0,true,false,true,missing,false,true,gradient_only,8,16,0,0.26367875788856615,2.9325180660616126,missing
red4:lane1:snr18.0:seed4:frame3,18.0,3,cwz_joint,0,true,false,true,missing,false,true,gradient_only,8,13,0,0.49060113480666945,2.638043010443335,missing
red4:lane1:snr18.0:seed4:frame4,18.0,4,cwz_joint,0,true,false,true,missing,false,true,gradient_only,8,12,0,0.38646332307604114,1.8340383993006364,missing
red4:lane1:snr18.0:seed4:frame5,18.0,5,cwz_joint,0,true,false,true,missing,false,true,gradient_only,8,13,0,1.17458792403621,0.49947522817767764,missing
red4:lane1:snr18.0:seed4:frame6,18.0,6,cwz_joint,0,true,false,true,missing,false,true,gradient_only,8,14,0,0.3545574510564559,2.463112232235172,missing
red4:lane1:snr18.0:seed4:frame7,18.0,7,cwz_joint,1,false,false,true,missing,false,true,gradient_only,8,23,0,0.3398544825881913,4.753144053052164,missing
red4:lane1:snr18.0:seed4:frame8,18.0,8,cwz_joint,0,true,false,true,missing,false,true,gradient_only,8,16,0,0.3129290971652342,6.202641868793949,missing
red4:lane1:snr18.0:seed4:frame9,18.0,9,cwz_joint,0,true,false,true,missing,false,true,gradient_only,8,20,0,0.33597094821564977,4.239293470577563,missing
red4:lane1:snr18.0:seed4:frame10,18.0,10,cwz_joint,0,true,false,true,missing,false,true,gradient_only,8,17,0,0.29504960532643976,1.8861661169415436,missing
red4:lane1:snr18.0:seed4:frame11,18.0,11,cwz_joint,0,true,false,true,missing,false,true,gradient_only,8,11,0,0.35083299095269677,1.7224137347746837,missing
red4:lane1:snr18.0:seed4:frame12,18.0,12,cwz_joint,0,true,false,true,missing,false,true,gradient_only,8,13,0,0.2605030636237463,2.0330363647475984,missing
red4:lane1:snr18.0:seed4:frame13,18.0,13,cwz_joint,0,true,false,true,missing,false,true,gradient_only,8,10,0,0.42768737179624816,1.8827147167983835,missing
red4:lane1:snr18.0:seed4:frame14,18.0,14,cwz_joint,1,false,false,true,missing,false,true,gradient_only,8,17,0,0.2854638337746722,2.1785043464049187,missing
red4:lane1:snr18.0:seed4:frame15,18.0,15,cwz_joint,0,true,false,true,missing,false,true,gradient_only,8,20,0,2.621985969453754,3.739566879621977,missing
red4:lane1:snr18.0:seed4:frame16,18.0,16,cwz_joint,1,false,false,true,missing,false,true,gradient_only,8,18,0,0.3256166713870049,1.9926102788856659,missing
red4:lane1:snr18.0:seed4:frame17,18.0,17,cwz_joint,0,true,false,true,missing,false,true,gradient_only,8,20,0,0.2487721008746426,6.552798534130396,missing
red4:lane1:snr18.0:seed4:frame18,18.0,18,cwz_joint,0,true,false,true,missing,false,true,gradient_only,8,16,0,0.43769622380394435,1.9455317762379314,missing
red4:lane1:snr18.0:seed4:frame19,18.0,19,cwz_joint,0,true,false,true,missing,false,true,gradient_only,8,12,0,0.2467985179078476,2.4899078019224197,missing
red4:lane1:snr18.0:seed4:frame20,18.0,20,cwz_joint,1,false,false,true,missing,false,true,gradient_only,8,15,0,4.963575543590463,4.129842819155471,missing
red4:lane1:snr18.0:seed4:frame21,18.0,21,cwz_joint,1,false,false,true,missing,false,true,gradient_only,8,8,0,0.2939394986814282,2.074287242861546,missing
red4:lane1:snr18.0:seed4:frame22,18.0,22,cwz_joint,1,false,false,true,missing,false,true,gradient_only,8,25,0,0.304630480235858,4.148973052011666,missing
red4:lane1:snr18.0:seed4:frame23,18.0,23,cwz_joint,0,true,false,true,missing,false,true,gradient_only,8,30,0,0.2327657213407237,1.969432839311117,missing
red4:lane1:snr18.0:seed4:frame24,18.0,24,cwz_joint,0,true,false,true,missing,false,true,gradient_only,8,18,0,0.36753126788454665,2.1239660156458973,missing
red4:lane1:snr18.0:seed4:frame25,18.0,25,cwz_joint,0,true,false,true,missing,false,true,gradient_only,8,16,0,0.20588149288949362,2.15249893659423,missing
red4:lane1:snr18.0:seed4:frame26,18.0,26,cwz_joint,0,true,false,true,missing,false,true,gradient_only,8,22,0,0.1507283774133331,1.445183950274055,missing
red4:lane1:snr18.0:seed4:frame27,18.0,27,cwz_joint,0,true,false,true,missing,false,true,gradient_only,8,15,0,0.2876138369650411,1.6235050588450273,missing
red4:lane1:snr18.0:seed4:frame28,18.0,28,cwz_joint,1,false,false,true,missing,false,true,gradient_only,8,19,0,0.34193587558519567,3.2664906835392826,missing
red4:lane1:snr18.0:seed4:frame29,18.0,29,cwz_joint,0,true,false,true,missing,false,true,gradient_only,8,14,0,0.32435615209675034,3.7322501052580175,missing
red4:lane1:snr18.0:seed4:frame30,18.0,30,cwz_joint,0,true,false,true,missing,false,true,gradient_only,8,22,0,0.2566639630362143,2.792282262138596,missing
red4:lane1:snr18.0:seed4:frame31,18.0,31,cwz_joint,0,true,false,true,missing,false,true,gradient_only,8,13,0,0.13988561247276643,2.264448951975671,missing
red4:lane1:snr18.0:seed4:frame32,18.0,32,cwz_joint,0,true,false,true,missing,false,true,gradient_only,8,14,0,0.4211255896329404,2.8990165778182355,missing
red4:lane1:snr18.0:seed4:frame33,18.0,33,cwz_joint,0,true,false,true,missing,false,true,gradient_only,8,12,0,0.2662511824834538,1.9054267976774228,missing
red4:lane1:snr18.0:seed4:frame34,18.0,34,cwz_joint,0,true,false,true,missing,false,true,gradient_only,8,14,0,0.2143946425534939,0.4901414718690912,missing
red4:lane1:snr18.0:seed4:frame35,18.0,35,cwz_joint,0,true,false,true,missing,false,true,gradient_only,8,19,0,0.3033304118680495,1.8966083644745102,missing
red4:lane1:snr18.0:seed4:frame36,18.0,36,cwz_joint,0,true,false,true,missing,false,true,gradient_only,8,12,0,0.19173351377115208,2.8524768682753505,missing
red4:lane1:snr18.0:seed4:frame37,18.0,37,cwz_joint,0,true,false,true,missing,false,true,gradient_only,8,5,0,0.15819751661843814,2.72402871967017,missing
red4:lane1:snr18.0:seed4:frame38,18.0,38,cwz_joint,0,true,false,true,missing,false,true,gradient_only,8,13,0,0.5620868519122368,6.493689576510372,missing
red4:lane1:snr18.0:seed4:frame39,18.0,39,cwz_joint,0,true,false,true,missing,false,true,gradient_only,8,26,0,0.7455805446920312,2.0283036141244826,missing
red4:lane1:snr18.0:seed4:frame40,18.0,40,cwz_joint,1,false,false,true,missing,false,true,gradient_only,8,27,0,0.425244547189839,2.4707334086859385,missing
red4:lane1:snr18.0:seed4:frame41,18.0,41,cwz_joint,0,true,false,true,missing,false,true,gradient_only,8,17,0,0.22816819954440096,1.0216074684078362,missing
red4:lane1:snr18.0:seed4:frame42,18.0,42,cwz_joint,0,true,false,true,missing,false,true,gradient_only,8,14,0,0.8893486912816095,0.6198469658154714,missing
red4:lane1:snr18.0:seed4:frame43,18.0,43,cwz_joint,1065,false,false,true,missing,false,true,gradient_only,8,3373,0,2.1884555953122353,132.87195337024875,missing
red4:lane1:snr18.0:seed4:frame44,18.0,44,cwz_joint,0,true,false,true,missing,false,true,gradient_only,8,12,0,0.8075054625210315,4.769048651279372,missing
red4:lane1:snr18.0:seed4:frame45,18.0,45,cwz_joint,0,true,false,true,missing,false,true,gradient_only,8,21,0,0.22836502901818184,6.816717397587485,missing
red4:lane1:snr18.0:seed4:frame46,18.0,46,cwz_joint,0,true,false,true,missing,false,true,gradient_only,8,21,0,0.2179077522926287,2.88555141054262,missing
red4:lane1:snr18.0:seed4:frame47,18.0,47,cwz_joint,0,true,false,true,missing,false,true,gradient_only,8,13,0,0.8477228946060362,2.741650644119348,missing
red4:lane1:snr18.0:seed4:frame48,18.0,48,cwz_joint,0,true,false,true,missing,false,true,gradient_only,8,21,0,0.4115231922513285,1.961495457146553,missing
red4:lane1:snr18.0:seed4:frame49,18.0,49,cwz_joint,0,true,false,true,missing,false,true,gradient_only,8,24,0,0.15488851727019293,1.6195682805004648,missing
red4:lane1:snr18.0:seed4:frame50,18.0,50,cwz_joint,0,true,false,true,missing,false,true,gradient_only,8,18,0,0.16667303712249207,2.4908039300279703,missing
red4:lane1:snr18.0:seed4:frame51,18.0,51,cwz_joint,1,false,false,true,missing,false,true,gradient_only,8,35,0,2.096842558820571,1.2263667125766842,missing
red4:lane1:snr18.0:seed4:frame52,18.0,52,cwz_joint,0,true,false,true,missing,false,true,gradient_only,8,8,0,0.22945774383981665,2.889548043028245,missing
red4:lane1:snr18.0:seed4:frame53,18.0,53,cwz_joint,0,true,false,true,missing,false,true,gradient_only,8,14,0,0.13766216650178703,1.1443090942265366,missing
red4:lane1:snr18.0:seed4:frame54,18.0,54,cwz_joint,0,true,false,true,missing,false,true,gradient_only,8,14,0,0.2156609645104471,1.6018485358640466,missing
red4:lane1:snr18.0:seed4:frame55,18.0,55,cwz_joint,0,true,false,true,missing,false,true,gradient_only,8,5,0,0.17018690693080266,1.4059792298015101,missing
red4:lane1:snr18.0:seed4:frame56,18.0,56,cwz_joint,0,true,false,true,missing,false,true,gradient_only,8,10,0,0.34377541897472796,2.1226659960587595,missing
red4:lane1:snr18.0:seed4:frame57,18.0,57,cwz_joint,0,true,false,true,missing,false,true,gradient_only,8,6,0,0.08967979659598473,0.2957146666884457,missing
red4:lane1:snr18.0:seed4:frame58,18.0,58,cwz_joint,0,true,false,true,missing,false,true,gradient_only,8,15,0,0.16734732581045195,1.4099842890704801,missing
red4:lane1:snr18.0:seed4:frame59,18.0,59,cwz_joint,0,true,false,true,missing,false,true,gradient_only,8,4,0,0.26852123539745737,1.6642239021526732,missing
red4:lane1:snr18.0:seed4:frame60,18.0,60,cwz_joint,0,true,false,true,missing,false,true,gradient_only,8,5,0,0.23801612296532387,1.8038246865901992,missing
red4:lane1:snr18.0:seed4:frame1,18.0,1,profiled_cz,0,true,false,true,missing,false,true,gradient_only,1,8,0,0.18296048423768138,1.4130351822944023,missing
red4:lane1:snr18.0:seed4:frame2,18.0,2,profiled_cz,0,true,false,true,missing,false,true,gradient_only,1,16,0,0.26367875788856615,1.4563264463213608,missing
red4:lane1:snr18.0:seed4:frame3,18.0,3,profiled_cz,0,true,false,true,missing,false,true,gradient_only,1,13,0,0.49060113480666945,1.238523205000252,missing
red4:lane1:snr18.0:seed4:frame4,18.0,4,profiled_cz,0,true,false,true,missing,false,true,gradient_only,1,12,0,0.38646332307604114,1.6301877183722409,missing
red4:lane1:snr18.0:seed4:frame5,18.0,5,profiled_cz,0,true,false,true,missing,false,true,gradient_only,1,13,0,1.17458792403621,1.091100028213436,missing
red4:lane1:snr18.0:seed4:frame6,18.0,6,profiled_cz,0,true,false,true,missing,false,true,gradient_only,1,14,0,0.3545574510564559,1.4761262539204203,missing
red4:lane1:snr18.0:seed4:frame7,18.0,7,profiled_cz,1,false,false,true,missing,false,true,gradient_only,1,23,0,0.3398544825881913,1.8487996575407932,missing
red4:lane1:snr18.0:seed4:frame8,18.0,8,profiled_cz,0,true,false,true,missing,false,true,gradient_only,1,16,0,0.3129290971652342,2.244380942800546,missing
red4:lane1:snr18.0:seed4:frame9,18.0,9,profiled_cz,0,true,false,true,missing,false,true,gradient_only,1,20,0,0.33597094821564977,1.9843570867506977,missing
red4:lane1:snr18.0:seed4:frame10,18.0,10,profiled_cz,0,true,false,true,missing,false,true,gradient_only,1,17,0,0.29504960532643976,1.9831664970442964,missing
red4:lane1:snr18.0:seed4:frame11,18.0,11,profiled_cz,0,true,false,true,missing,false,true,gradient_only,1,11,0,0.35083299095269677,1.5707436025266661,missing
red4:lane1:snr18.0:seed4:frame12,18.0,12,profiled_cz,0,true,false,true,missing,false,true,gradient_only,1,13,0,0.2605030636237463,1.446389126788657,missing
red4:lane1:snr18.0:seed4:frame13,18.0,13,profiled_cz,0,true,false,true,missing,false,true,gradient_only,1,10,0,0.42768737179624816,1.413098971436602,missing
red4:lane1:snr18.0:seed4:frame14,18.0,14,profiled_cz,1,false,false,true,missing,false,true,gradient_only,1,17,0,0.2854638337746722,1.5314103680485238,missing
red4:lane1:snr18.0:seed4:frame15,18.0,15,profiled_cz,0,true,false,true,missing,false,true,gradient_only,1,20,0,2.621985969453754,1.8820407019559608,missing
red4:lane1:snr18.0:seed4:frame16,18.0,16,profiled_cz,1,false,false,true,missing,false,true,gradient_only,1,18,0,0.3256166713870049,1.697817866227514,missing
red4:lane1:snr18.0:seed4:frame17,18.0,17,profiled_cz,0,true,false,true,missing,false,true,gradient_only,1,20,0,0.2487721008746426,2.423868101376993,missing
red4:lane1:snr18.0:seed4:frame18,18.0,18,profiled_cz,0,true,false,true,missing,false,true,gradient_only,1,16,0,0.43769622380394435,1.879329996527641,missing
red4:lane1:snr18.0:seed4:frame19,18.0,19,profiled_cz,0,true,false,true,missing,false,true,gradient_only,1,12,0,0.2467985179078476,1.2621032095942402,missing
red4:lane1:snr18.0:seed4:frame20,18.0,20,profiled_cz,1,false,false,true,missing,false,true,gradient_only,1,15,0,4.963575543590463,1.8179183512674744,missing
red4:lane1:snr18.0:seed4:frame21,18.0,21,profiled_cz,1,false,false,true,missing,false,true,gradient_only,1,8,0,0.2939394986814282,1.4106916666608138,missing
red4:lane1:snr18.0:seed4:frame22,18.0,22,profiled_cz,1,false,false,true,missing,false,true,gradient_only,1,25,0,0.304630480235858,6.193705255783181,missing
red4:lane1:snr18.0:seed4:frame23,18.0,23,profiled_cz,0,true,false,true,missing,false,true,gradient_only,1,30,0,0.2327657213407237,1.394856789870405,missing
red4:lane1:snr18.0:seed4:frame24,18.0,24,profiled_cz,0,true,false,true,missing,false,true,gradient_only,1,18,0,0.36753126788454665,1.4811581425497395,missing
red4:lane1:snr18.0:seed4:frame25,18.0,25,profiled_cz,0,true,false,true,missing,false,true,gradient_only,1,16,0,0.20588149288949362,1.8323609368863794,missing
red4:lane1:snr18.0:seed4:frame26,18.0,26,profiled_cz,0,true,false,true,missing,false,true,gradient_only,1,22,0,0.1507283774133331,1.7334539982074817,missing
red4:lane1:snr18.0:seed4:frame27,18.0,27,profiled_cz,0,true,false,true,missing,false,true,gradient_only,1,15,0,0.2876138369650411,1.6957973921753402,missing
red4:lane1:snr18.0:seed4:frame28,18.0,28,profiled_cz,1,false,false,true,missing,false,true,gradient_only,1,19,0,0.34193587558519567,1.9140037744463587,missing
red4:lane1:snr18.0:seed4:frame29,18.0,29,profiled_cz,0,true,false,true,missing,false,true,gradient_only,1,14,0,0.32435615209675034,1.6063958486993748,missing
red4:lane1:snr18.0:seed4:frame30,18.0,30,profiled_cz,0,true,false,true,missing,false,true,gradient_only,1,22,0,0.2566639630362143,2.150529220811135,missing
red4:lane1:snr18.0:seed4:frame31,18.0,31,profiled_cz,0,true,false,true,missing,false,true,gradient_only,1,13,0,0.13988561247276643,1.4750528746432277,missing
red4:lane1:snr18.0:seed4:frame32,18.0,32,profiled_cz,0,true,false,true,missing,false,true,gradient_only,1,14,0,0.4211255896329404,2.838451497263449,missing
red4:lane1:snr18.0:seed4:frame33,18.0,33,profiled_cz,0,true,false,true,missing,false,true,gradient_only,1,12,0,0.2662511824834538,1.7648737443720024,missing
red4:lane1:snr18.0:seed4:frame34,18.0,34,profiled_cz,0,true,false,true,missing,false,true,gradient_only,1,14,0,0.2143946425534939,1.4166802791808284,missing
red4:lane1:snr18.0:seed4:frame35,18.0,35,profiled_cz,0,true,false,true,missing,false,true,gradient_only,1,19,0,0.3033304118680495,1.6936817921676584,missing
red4:lane1:snr18.0:seed4:frame36,18.0,36,profiled_cz,0,true,false,true,missing,false,true,gradient_only,1,12,0,0.19173351377115208,1.201890435519369,missing
red4:lane1:snr18.0:seed4:frame37,18.0,37,profiled_cz,0,true,false,true,missing,false,true,gradient_only,1,5,0,0.15819751661843814,1.064866886828596,missing
red4:lane1:snr18.0:seed4:frame38,18.0,38,profiled_cz,0,true,false,true,missing,false,true,gradient_only,1,13,0,0.5620868519122368,1.8952028300115245,missing
red4:lane1:snr18.0:seed4:frame39,18.0,39,profiled_cz,0,true,false,true,missing,false,true,gradient_only,1,26,0,0.7455805446920312,1.8690386044802059,missing
red4:lane1:snr18.0:seed4:frame40,18.0,40,profiled_cz,1,false,false,true,missing,false,true,gradient_only,1,27,0,0.425244547189839,2.1478308014584155,missing
red4:lane1:snr18.0:seed4:frame41,18.0,41,profiled_cz,0,true,false,true,missing,false,true,gradient_only,1,17,0,0.22816819954440096,1.513382774336736,missing
red4:lane1:snr18.0:seed4:frame42,18.0,42,profiled_cz,0,true,false,true,missing,false,true,gradient_only,1,14,0,0.8893486912816095,1.7684518501609054,missing
red4:lane1:snr18.0:seed4:frame43,18.0,43,profiled_cz,1058,false,false,false,missing,false,true,gradient_only,2,3373,2387,2.1884555953122353,112.8707168600806,missing
red4:lane1:snr18.0:seed4:frame44,18.0,44,profiled_cz,0,true,false,true,missing,false,true,gradient_only,1,12,0,0.8075054625210315,1.794110872139518,missing
red4:lane1:snr18.0:seed4:frame45,18.0,45,profiled_cz,0,true,false,true,missing,false,true,gradient_only,1,21,0,0.22836502901818184,2.3465847000295894,missing
red4:lane1:snr18.0:seed4:frame46,18.0,46,profiled_cz,0,true,false,true,missing,false,true,gradient_only,1,21,0,0.2179077522926287,1.6913583528514866,missing
red4:lane1:snr18.0:seed4:frame47,18.0,47,profiled_cz,0,true,false,true,missing,false,true,gradient_only,1,13,0,0.8477228946060362,1.1499475762570763,missing
red4:lane1:snr18.0:seed4:frame48,18.0,48,profiled_cz,0,true,false,true,missing,false,true,gradient_only,1,21,0,0.4115231922513285,1.8124504483828743,missing
red4:lane1:snr18.0:seed4:frame49,18.0,49,profiled_cz,0,true,false,true,missing,false,true,gradient_only,1,24,0,0.15488851727019293,1.5138379595447418,missing
red4:lane1:snr18.0:seed4:frame50,18.0,50,profiled_cz,0,true,false,true,missing,false,true,gradient_only,1,18,0,0.16667303712249207,1.5911807448836794,missing
red4:lane1:snr18.0:seed4:frame51,18.0,51,profiled_cz,1,false,false,true,missing,false,true,gradient_only,1,35,0,2.096842558820571,1.8945710553741157,missing
red4:lane1:snr18.0:seed4:frame52,18.0,52,profiled_cz,0,true,false,true,missing,false,true,gradient_only,1,8,0,0.22945774383981665,2.3783874994765877,missing
red4:lane1:snr18.0:seed4:frame53,18.0,53,profiled_cz,0,true,false,true,missing,false,true,gradient_only,1,14,0,0.13766216650178703,1.2582324829613074,missing
red4:lane1:snr18.0:seed4:frame54,18.0,54,profiled_cz,0,true,false,true,missing,false,true,gradient_only,1,14,0,0.2156609645104471,1.5303091633577397,missing
red4:lane1:snr18.0:seed4:frame55,18.0,55,profiled_cz,0,true,false,true,missing,false,true,gradient_only,1,5,0,0.17018690693080266,0.6796281977285666,missing
red4:lane1:snr18.0:seed4:frame56,18.0,56,profiled_cz,0,true,false,true,missing,false,true,gradient_only,1,10,0,0.34377541897472796,1.3254289916760726,missing
red4:lane1:snr18.0:seed4:frame57,18.0,57,profiled_cz,0,true,false,true,missing,false,true,gradient_only,1,6,0,0.08967979659598473,0.7169805209776751,missing
red4:lane1:snr18.0:seed4:frame58,18.0,58,profiled_cz,0,true,false,true,missing,false,true,gradient_only,1,15,0,0.16734732581045195,1.304554478215441,missing
red4:lane1:snr18.0:seed4:frame59,18.0,59,profiled_cz,0,true,false,true,missing,false,true,gradient_only,1,4,0,0.26852123539745737,0.8752429052354475,missing
red4:lane1:snr18.0:seed4:frame60,18.0,60,profiled_cz,0,true,false,true,missing,false,true,gradient_only,1,5,0,0.23801612296532387,0.8348344209852597,missing
red4:lane1:snr20.0:seed4:frame1,20.0,1,cwz_joint,0,true,false,true,missing,false,true,gradient_only,8,7,0,0.20661531752787377,1.9437884540741788,missing
red4:lane1:snr20.0:seed4:frame2,20.0,2,cwz_joint,0,true,false,true,missing,false,true,gradient_only,8,12,0,0.1933949665757307,2.7828733034287305,missing
red4:lane1:snr20.0:seed4:frame3,20.0,3,cwz_joint,0,true,false,true,missing,false,true,gradient_only,8,10,0,0.21633705756459348,2.509941355471871,missing
red4:lane1:snr20.0:seed4:frame4,20.0,4,cwz_joint,0,true,false,true,missing,false,true,gradient_only,8,11,0,0.22949868511758853,1.7613432115206236,missing
red4:lane1:snr20.0:seed4:frame5,20.0,5,cwz_joint,0,true,false,true,missing,false,true,gradient_only,8,9,0,0.21887517568518391,0.49075099216538465,missing
red4:lane1:snr20.0:seed4:frame6,20.0,6,cwz_joint,0,true,false,true,missing,false,true,gradient_only,8,9,0,0.22512267986258003,2.4313136847802226,missing
red4:lane1:snr20.0:seed4:frame7,20.0,7,cwz_joint,1,false,false,true,missing,false,true,gradient_only,8,20,0,0.23897746224497066,4.377666772202195,missing
red4:lane1:snr20.0:seed4:frame8,20.0,8,cwz_joint,0,true,false,true,missing,false,true,gradient_only,8,14,0,0.2310921029805213,5.793578832979484,missing
red4:lane1:snr20.0:seed4:frame9,20.0,9,cwz_joint,0,true,false,true,missing,false,true,gradient_only,8,16,0,0.36481416561372837,4.040753224702927,missing
red4:lane1:snr20.0:seed4:frame10,20.0,10,cwz_joint,0,true,false,true,missing,false,true,gradient_only,8,16,0,0.2546021788500922,1.7811660682182038,missing
red4:lane1:snr20.0:seed4:frame11,20.0,11,cwz_joint,0,true,false,true,missing,false,true,gradient_only,8,11,0,1.0826672544641582,1.6480522249139382,missing
red4:lane1:snr20.0:seed4:frame12,20.0,12,cwz_joint,0,true,false,true,missing,false,true,gradient_only,8,12,0,0.25926166814737445,1.9651353979960844,missing
red4:lane1:snr20.0:seed4:frame13,20.0,13,cwz_joint,0,true,false,true,missing,false,true,gradient_only,8,9,0,0.2687662444544323,1.813520494141146,missing
red4:lane1:snr20.0:seed4:frame14,20.0,14,cwz_joint,1,false,false,true,missing,false,true,gradient_only,8,15,0,0.17802245138016531,2.087965338320994,missing
red4:lane1:snr20.0:seed4:frame15,20.0,15,cwz_joint,0,true,false,true,missing,false,true,gradient_only,8,15,0,0.2405606729883074,3.5917138107607327,missing
red4:lane1:snr20.0:seed4:frame16,20.0,16,cwz_joint,1,false,false,true,missing,false,true,gradient_only,8,18,0,0.4142446243666851,1.9441804031591927,missing
red4:lane1:snr20.0:seed4:frame17,20.0,17,cwz_joint,0,true,false,true,missing,false,true,gradient_only,8,18,0,0.3566091983168061,6.130056124314455,missing
red4:lane1:snr20.0:seed4:frame18,20.0,18,cwz_joint,0,true,false,true,missing,false,true,gradient_only,8,14,0,0.2819362034530487,1.8202376972169947,missing
red4:lane1:snr20.0:seed4:frame19,20.0,19,cwz_joint,0,true,false,true,missing,false,true,gradient_only,8,12,0,0.22192234995645568,2.396051904403067,missing
red4:lane1:snr20.0:seed4:frame20,20.0,20,cwz_joint,0,true,false,true,missing,false,true,gradient_only,8,9,0,0.16003868006093835,3.9967180768336164,missing
red4:lane1:snr20.0:seed4:frame21,20.0,21,cwz_joint,0,true,false,true,missing,false,true,gradient_only,8,9,0,0.20885023878536868,2.0149292482986936,missing
red4:lane1:snr20.0:seed4:frame22,20.0,22,cwz_joint,1,false,false,true,missing,false,true,gradient_only,8,16,0,0.2176427590382669,3.218940520140876,missing
red4:lane1:snr20.0:seed4:frame23,20.0,23,cwz_joint,0,true,false,true,missing,false,true,gradient_only,8,23,0,0.14483909970130915,1.8768904673743996,missing
red4:lane1:snr20.0:seed4:frame24,20.0,24,cwz_joint,0,true,false,true,missing,false,true,gradient_only,8,13,0,0.3762686605883249,2.0360599675082898,missing
red4:lane1:snr20.0:seed4:frame25,20.0,25,cwz_joint,0,true,false,true,missing,false,true,gradient_only,8,11,0,0.21813751827446806,2.0609332150293183,missing
red4:lane1:snr20.0:seed4:frame26,20.0,26,cwz_joint,0,true,false,true,missing,false,true,gradient_only,8,22,0,0.12965482804763007,1.5009159276464066,missing
red4:lane1:snr20.0:seed4:frame27,20.0,27,cwz_joint,0,true,false,true,missing,false,true,gradient_only,8,16,0,0.18538096602947482,1.5545362585258855,missing
red4:lane1:snr20.0:seed4:frame28,20.0,28,cwz_joint,1,false,false,true,missing,false,true,gradient_only,8,21,0,0.22900813177116644,3.3809888014916,missing
red4:lane1:snr20.0:seed4:frame29,20.0,29,cwz_joint,0,true,false,true,missing,false,true,gradient_only,8,13,0,0.1691125846595672,3.535477524154121,missing
red4:lane1:snr20.0:seed4:frame30,20.0,30,cwz_joint,0,true,false,true,missing,false,true,gradient_only,8,16,0,0.16170125250458256,2.6372419782887873,missing
red4:lane1:snr20.0:seed4:frame31,20.0,31,cwz_joint,0,true,false,true,missing,false,true,gradient_only,8,11,0,0.12501881493767952,2.1906701149234853,missing
red4:lane1:snr20.0:seed4:frame32,20.0,32,cwz_joint,0,true,false,true,missing,false,true,gradient_only,8,12,0,0.7473690272952103,2.7608023847916217,missing
red4:lane1:snr20.0:seed4:frame33,20.0,33,cwz_joint,0,true,false,true,missing,false,true,gradient_only,8,11,0,0.36544997864952966,1.845317339397572,missing
red4:lane1:snr20.0:seed4:frame34,20.0,34,cwz_joint,0,true,false,true,missing,false,true,gradient_only,8,14,0,0.1971148361619504,0.4609181301907078,missing
red4:lane1:snr20.0:seed4:frame35,20.0,35,cwz_joint,0,true,false,true,missing,false,true,gradient_only,8,16,0,0.1913419813363258,1.8141085362614315,missing
red4:lane1:snr20.0:seed4:frame36,20.0,36,cwz_joint,0,true,false,true,missing,false,true,gradient_only,8,9,0,0.14880826326908136,2.7960062504248846,missing
red4:lane1:snr20.0:seed4:frame37,20.0,37,cwz_joint,0,true,false,true,missing,false,true,gradient_only,8,5,0,0.1369757241000776,2.651007408630365,missing
red4:lane1:snr20.0:seed4:frame38,20.0,38,cwz_joint,0,true,false,true,missing,false,true,gradient_only,8,12,0,0.2834734497514782,5.752542840201001,missing
red4:lane1:snr20.0:seed4:frame39,20.0,39,cwz_joint,0,true,false,true,missing,false,true,gradient_only,8,26,0,0.2519319450101852,1.9587342111640738,missing
red4:lane1:snr20.0:seed4:frame40,20.0,40,cwz_joint,0,true,false,true,missing,false,true,gradient_only,8,19,0,0.45732312960071564,2.36171569783423,missing
red4:lane1:snr20.0:seed4:frame41,20.0,41,cwz_joint,0,true,false,true,missing,false,true,gradient_only,8,17,0,0.18865720186304524,0.9693587812225362,missing
red4:lane1:snr20.0:seed4:frame42,20.0,42,cwz_joint,0,true,false,true,missing,false,true,gradient_only,8,14,0,0.1999300483452956,0.5841742712238984,missing
red4:lane1:snr20.0:seed4:frame43,20.0,43,cwz_joint,0,true,false,true,missing,false,true,gradient_only,8,21,0,3.1485908478039133,8.256998657419782,missing
red4:lane1:snr20.0:seed4:frame44,20.0,44,cwz_joint,0,true,false,true,missing,false,true,gradient_only,8,11,0,1.585955369552313,4.569187542836652,missing
red4:lane1:snr20.0:seed4:frame45,20.0,45,cwz_joint,0,true,false,true,missing,false,true,gradient_only,8,19,0,0.18058602378652697,6.69340888545574,missing
red4:lane1:snr20.0:seed4:frame46,20.0,46,cwz_joint,0,true,false,true,missing,false,true,gradient_only,8,16,0,0.22748238914878982,2.6611067503941737,missing
red4:lane1:snr20.0:seed4:frame47,20.0,47,cwz_joint,0,true,false,true,missing,false,true,gradient_only,8,10,0,0.24013199635749563,2.600549364651353,missing
red4:lane1:snr20.0:seed4:frame48,20.0,48,cwz_joint,0,true,false,true,missing,false,true,gradient_only,8,19,0,0.309248024646291,1.882519313645281,missing
red4:lane1:snr20.0:seed4:frame49,20.0,49,cwz_joint,0,true,false,true,missing,false,true,gradient_only,8,21,0,0.15354905187310747,1.573830528300143,missing
red4:lane1:snr20.0:seed4:frame50,20.0,50,cwz_joint,0,true,false,true,missing,false,true,gradient_only,8,15,0,0.13780268346631674,2.4043431748162924,missing
red4:lane1:snr20.0:seed4:frame51,20.0,51,cwz_joint,1,false,false,true,missing,false,true,gradient_only,8,30,0,0.4088717878726487,1.1275597072993322,missing
red4:lane1:snr20.0:seed4:frame52,20.0,52,cwz_joint,0,true,false,true,missing,false,true,gradient_only,8,7,0,0.13104045571146267,2.8923085167259868,missing
red4:lane1:snr20.0:seed4:frame53,20.0,53,cwz_joint,0,true,false,true,missing,false,true,gradient_only,8,13,0,0.10302846980304739,1.1081222411567035,missing
red4:lane1:snr20.0:seed4:frame54,20.0,54,cwz_joint,0,true,false,true,missing,false,true,gradient_only,8,13,0,0.2914329743286254,1.5430409178618798,missing
red4:lane1:snr20.0:seed4:frame55,20.0,55,cwz_joint,0,true,false,true,missing,false,true,gradient_only,8,3,0,0.13740474257578697,1.354099303419246,missing
red4:lane1:snr20.0:seed4:frame56,20.0,56,cwz_joint,0,true,false,true,missing,false,true,gradient_only,8,9,0,0.16168041546716055,2.0531622168091737,missing
red4:lane1:snr20.0:seed4:frame57,20.0,57,cwz_joint,0,true,false,true,missing,false,true,gradient_only,8,4,0,0.06516244502926287,0.27855527480573006,missing
red4:lane1:snr20.0:seed4:frame58,20.0,58,cwz_joint,0,true,false,true,missing,false,true,gradient_only,8,15,0,0.14104832845261311,1.4094117779235282,missing
red4:lane1:snr20.0:seed4:frame59,20.0,59,cwz_joint,0,true,false,true,missing,false,true,gradient_only,8,4,0,0.6322430321491919,1.5599257853862165,missing
red4:lane1:snr20.0:seed4:frame60,20.0,60,cwz_joint,0,true,false,true,missing,false,true,gradient_only,8,4,0,0.21455275648383698,1.6813137427681766,missing
red4:lane1:snr20.0:seed4:frame1,20.0,1,profiled_cz,0,true,false,true,missing,false,true,gradient_only,1,7,0,0.20661531752787377,1.3477158832080234,missing
red4:lane1:snr20.0:seed4:frame2,20.0,2,profiled_cz,0,true,false,true,missing,false,true,gradient_only,1,12,0,0.1933949665757307,1.3098483117239212,missing
red4:lane1:snr20.0:seed4:frame3,20.0,3,profiled_cz,0,true,false,true,missing,false,true,gradient_only,1,10,0,0.21633705756459348,1.1673551801309658,missing
red4:lane1:snr20.0:seed4:frame4,20.0,4,profiled_cz,0,true,false,true,missing,false,true,gradient_only,1,11,0,0.22949868511758853,1.530646928433864,missing
red4:lane1:snr20.0:seed4:frame5,20.0,5,profiled_cz,0,true,false,true,missing,false,true,gradient_only,1,9,0,0.21887517568518391,1.0389765735663605,missing
red4:lane1:snr20.0:seed4:frame6,20.0,6,profiled_cz,0,true,false,true,missing,false,true,gradient_only,1,9,0,0.22512267986258003,1.4373515031694755,missing
red4:lane1:snr20.0:seed4:frame7,20.0,7,profiled_cz,1,false,false,true,missing,false,true,gradient_only,1,20,0,0.23897746224497066,1.6973916806257097,missing
red4:lane1:snr20.0:seed4:frame8,20.0,8,profiled_cz,0,true,false,true,missing,false,true,gradient_only,1,14,0,0.2310921029805213,2.114402469637634,missing
red4:lane1:snr20.0:seed4:frame9,20.0,9,profiled_cz,0,true,false,true,missing,false,true,gradient_only,1,16,0,0.36481416561372837,1.896608378466249,missing
red4:lane1:snr20.0:seed4:frame10,20.0,10,profiled_cz,0,true,false,true,missing,false,true,gradient_only,1,16,0,0.2546021788500922,1.724499036953586,missing
red4:lane1:snr20.0:seed4:frame11,20.0,11,profiled_cz,0,true,false,true,missing,false,true,gradient_only,1,11,0,1.0826672544641582,1.4792734448523093,missing
red4:lane1:snr20.0:seed4:frame12,20.0,12,profiled_cz,0,true,false,true,missing,false,true,gradient_only,1,12,0,0.25926166814737445,1.383445943655124,missing
red4:lane1:snr20.0:seed4:frame13,20.0,13,profiled_cz,0,true,false,true,missing,false,true,gradient_only,1,9,0,0.2687662444544323,1.2855407756301225,missing
red4:lane1:snr20.0:seed4:frame14,20.0,14,profiled_cz,1,false,false,true,missing,false,true,gradient_only,1,15,0,0.17802245138016531,1.4235840852153872,missing
red4:lane1:snr20.0:seed4:frame15,20.0,15,profiled_cz,0,true,false,true,missing,false,true,gradient_only,1,15,0,0.2405606729883074,1.8014083252192044,missing
red4:lane1:snr20.0:seed4:frame16,20.0,16,profiled_cz,1,false,false,true,missing,false,true,gradient_only,1,18,0,0.4142446243666851,1.6594419035452967,missing
red4:lane1:snr20.0:seed4:frame17,20.0,17,profiled_cz,0,true,false,true,missing,false,true,gradient_only,1,18,0,0.3566091983168061,2.1935164401766323,missing
red4:lane1:snr20.0:seed4:frame18,20.0,18,profiled_cz,0,true,false,true,missing,false,true,gradient_only,1,14,0,0.2819362034530487,1.7021827290979439,missing
red4:lane1:snr20.0:seed4:frame19,20.0,19,profiled_cz,0,true,false,true,missing,false,true,gradient_only,1,12,0,0.22192234995645568,1.2106861730781477,missing
red4:lane1:snr20.0:seed4:frame20,20.0,20,profiled_cz,0,true,false,true,missing,false,true,gradient_only,1,9,0,0.16003868006093835,1.803392096722689,missing
red4:lane1:snr20.0:seed4:frame21,20.0,21,profiled_cz,0,true,false,true,missing,false,true,gradient_only,1,9,0,0.20885023878536868,1.348567537275861,missing
red4:lane1:snr20.0:seed4:frame22,20.0,22,profiled_cz,1,false,false,true,missing,false,true,gradient_only,1,16,0,0.2176427590382669,5.802249263199812,missing
red4:lane1:snr20.0:seed4:frame23,20.0,23,profiled_cz,0,true,false,true,missing,false,true,gradient_only,1,23,0,0.14483909970130915,1.3270054793697315,missing
red4:lane1:snr20.0:seed4:frame24,20.0,24,profiled_cz,0,true,false,true,missing,false,true,gradient_only,1,13,0,0.3762686605883249,1.402924806688905,missing
red4:lane1:snr20.0:seed4:frame25,20.0,25,profiled_cz,0,true,false,true,missing,false,true,gradient_only,1,11,0,0.21813751827446806,1.7459165873123463,missing
red4:lane1:snr20.0:seed4:frame26,20.0,26,profiled_cz,0,true,false,true,missing,false,true,gradient_only,1,22,0,0.12965482804763007,1.6994661143541727,missing
red4:lane1:snr20.0:seed4:frame27,20.0,27,profiled_cz,0,true,false,true,missing,false,true,gradient_only,1,16,0,0.18538096602947482,1.6361457583682397,missing
red4:lane1:snr20.0:seed4:frame28,20.0,28,profiled_cz,1,false,false,true,missing,false,true,gradient_only,1,21,0,0.22900813177116644,1.875424462098134,missing
red4:lane1:snr20.0:seed4:frame29,20.0,29,profiled_cz,0,true,false,true,missing,false,true,gradient_only,1,13,0,0.1691125846595672,1.5183582708573575,missing
red4:lane1:snr20.0:seed4:frame30,20.0,30,profiled_cz,0,true,false,true,missing,false,true,gradient_only,1,16,0,0.16170125250458256,2.026071311975542,missing
red4:lane1:snr20.0:seed4:frame31,20.0,31,profiled_cz,0,true,false,true,missing,false,true,gradient_only,1,11,0,0.12501881493767952,1.417658666494235,missing
red4:lane1:snr20.0:seed4:frame32,20.0,32,profiled_cz,0,true,false,true,missing,false,true,gradient_only,1,12,0,0.7473690272952103,2.431870540534419,missing
red4:lane1:snr20.0:seed4:frame33,20.0,33,profiled_cz,0,true,false,true,missing,false,true,gradient_only,1,11,0,0.36544997864952966,1.7081917187955593,missing
red4:lane1:snr20.0:seed4:frame34,20.0,34,profiled_cz,0,true,false,true,missing,false,true,gradient_only,1,14,0,0.1971148361619504,1.3052313872967671,missing
red4:lane1:snr20.0:seed4:frame35,20.0,35,profiled_cz,0,true,false,true,missing,false,true,gradient_only,1,16,0,0.1913419813363258,1.5622634937160405,missing
red4:lane1:snr20.0:seed4:frame36,20.0,36,profiled_cz,0,true,false,true,missing,false,true,gradient_only,1,9,0,0.14880826326908136,1.1646319442963033,missing
red4:lane1:snr20.0:seed4:frame37,20.0,37,profiled_cz,0,true,false,true,missing,false,true,gradient_only,1,5,0,0.1369757241000776,1.0208876429610303,missing
red4:lane1:snr20.0:seed4:frame38,20.0,38,profiled_cz,0,true,false,true,missing,false,true,gradient_only,1,12,0,0.2834734497514782,1.7233866359165335,missing
red4:lane1:snr20.0:seed4:frame39,20.0,39,profiled_cz,0,true,false,true,missing,false,true,gradient_only,1,26,0,0.2519319450101852,1.7773918976998697,missing
red4:lane1:snr20.0:seed4:frame40,20.0,40,profiled_cz,0,true,false,true,missing,false,true,gradient_only,1,19,0,0.45732312960071564,1.9864461099786024,missing
red4:lane1:snr20.0:seed4:frame41,20.0,41,profiled_cz,0,true,false,true,missing,false,true,gradient_only,1,17,0,0.18865720186304524,1.405298182170154,missing
red4:lane1:snr20.0:seed4:frame42,20.0,42,profiled_cz,0,true,false,true,missing,false,true,gradient_only,1,14,0,0.1999300483452956,1.661335729066764,missing
red4:lane1:snr20.0:seed4:frame43,20.0,43,profiled_cz,0,true,false,true,missing,false,true,gradient_only,1,21,0,3.1485908478039133,134.43662285277045,missing
red4:lane1:snr20.0:seed4:frame44,20.0,44,profiled_cz,0,true,false,true,missing,false,true,gradient_only,1,11,0,1.585955369552313,1.708516491367939,missing
red4:lane1:snr20.0:seed4:frame45,20.0,45,profiled_cz,0,true,false,true,missing,false,true,gradient_only,1,19,0,0.18058602378652697,2.2490102091157875,missing
red4:lane1:snr20.0:seed4:frame46,20.0,46,profiled_cz,0,true,false,true,missing,false,true,gradient_only,1,16,0,0.22748238914878982,1.5072726936135519,missing
red4:lane1:snr20.0:seed4:frame47,20.0,47,profiled_cz,0,true,false,true,missing,false,true,gradient_only,1,10,0,0.24013199635749563,1.0530271653455097,missing
red4:lane1:snr20.0:seed4:frame48,20.0,48,profiled_cz,0,true,false,true,missing,false,true,gradient_only,1,19,0,0.309248024646291,1.7327018566840229,missing
red4:lane1:snr20.0:seed4:frame49,20.0,49,profiled_cz,0,true,false,true,missing,false,true,gradient_only,1,21,0,0.15354905187310747,1.4723313160756832,missing
red4:lane1:snr20.0:seed4:frame50,20.0,50,profiled_cz,0,true,false,true,missing,false,true,gradient_only,1,15,0,0.13780268346631674,1.500852952071834,missing
red4:lane1:snr20.0:seed4:frame51,20.0,51,profiled_cz,1,false,false,true,missing,false,true,gradient_only,1,30,0,0.4088717878726487,1.644632748415094,missing
red4:lane1:snr20.0:seed4:frame52,20.0,52,profiled_cz,0,true,false,true,missing,false,true,gradient_only,1,7,0,0.13104045571146267,2.263370853697951,missing
red4:lane1:snr20.0:seed4:frame53,20.0,53,profiled_cz,0,true,false,true,missing,false,true,gradient_only,1,13,0,0.10302846980304739,1.1723153719779285,missing
red4:lane1:snr20.0:seed4:frame54,20.0,54,profiled_cz,0,true,false,true,missing,false,true,gradient_only,1,13,0,0.2914329743286254,1.4035982240094695,missing
red4:lane1:snr20.0:seed4:frame55,20.0,55,profiled_cz,0,true,false,true,missing,false,true,gradient_only,1,3,0,0.13740474257578697,0.6414431100302906,missing
red4:lane1:snr20.0:seed4:frame56,20.0,56,profiled_cz,0,true,false,true,missing,false,true,gradient_only,1,9,0,0.16168041546716055,1.275642176253738,missing
red4:lane1:snr20.0:seed4:frame57,20.0,57,profiled_cz,0,true,false,true,missing,false,true,gradient_only,1,4,0,0.06516244502926287,0.6450081260789929,missing
red4:lane1:snr20.0:seed4:frame58,20.0,58,profiled_cz,0,true,false,true,missing,false,true,gradient_only,1,15,0,0.14104832845261311,1.2415405801811985,missing
red4:lane1:snr20.0:seed4:frame59,20.0,59,profiled_cz,0,true,false,true,missing,false,true,gradient_only,1,4,0,0.6322430321491919,0.7804381967104143,missing
red4:lane1:snr20.0:seed4:frame60,20.0,60,profiled_cz,0,true,false,true,missing,false,true,gradient_only,1,4,0,0.21455275648383698,0.7673253413906137,missing
red4:lane1:snr22.0:seed4:frame1,22.0,1,cwz_joint,0,true,false,true,missing,false,true,gradient_only,8,8,0,0.15702625854261265,1.889539474892737,missing
red4:lane1:snr22.0:seed4:frame2,22.0,2,cwz_joint,0,true,false,true,missing,false,true,gradient_only,8,9,0,0.18780822189107266,2.672550784803429,missing
red4:lane1:snr22.0:seed4:frame3,22.0,3,cwz_joint,0,true,false,true,missing,false,true,gradient_only,8,8,0,0.20619196975200144,2.4223301454250734,missing
red4:lane1:snr22.0:seed4:frame4,22.0,4,cwz_joint,0,true,false,true,missing,false,true,gradient_only,8,10,0,0.18442742284997543,1.7137407818027233,missing
red4:lane1:snr22.0:seed4:frame5,22.0,5,cwz_joint,0,true,false,true,missing,false,true,gradient_only,8,6,0,0.1356489432328691,0.4867081959017767,missing
red4:lane1:snr22.0:seed4:frame6,22.0,6,cwz_joint,0,true,false,true,missing,false,true,gradient_only,8,9,0,0.16949489905585388,2.4163973754551007,missing
red4:lane1:snr22.0:seed4:frame7,22.0,7,cwz_joint,0,true,false,true,missing,false,true,gradient_only,8,18,0,0.2257748435820623,4.117890441863826,missing
red4:lane1:snr22.0:seed4:frame8,22.0,8,cwz_joint,0,true,false,true,missing,false,true,gradient_only,8,13,0,0.2209638248654836,5.505833922459248,missing
red4:lane1:snr22.0:seed4:frame9,22.0,9,cwz_joint,0,true,false,true,missing,false,true,gradient_only,8,15,0,0.2463890281706094,3.908318156982316,missing
red4:lane1:snr22.0:seed4:frame10,22.0,10,cwz_joint,0,true,false,true,missing,false,true,gradient_only,8,16,0,0.18429038382419516,1.70943068460818,missing
red4:lane1:snr22.0:seed4:frame11,22.0,11,cwz_joint,0,true,false,true,missing,false,true,gradient_only,8,9,0,0.24157157920338335,1.6003366240723205,missing
red4:lane1:snr22.0:seed4:frame12,22.0,12,cwz_joint,0,true,false,true,missing,false,true,gradient_only,8,14,0,0.15770865809893928,1.9210654058793255,missing
red4:lane1:snr22.0:seed4:frame13,22.0,13,cwz_joint,0,true,false,true,missing,false,true,gradient_only,8,9,0,0.2853900642288895,1.7703770556574983,missing
red4:lane1:snr22.0:seed4:frame14,22.0,14,cwz_joint,0,true,false,true,missing,false,true,gradient_only,8,19,0,0.23634356635928566,2.0256806321083896,missing
red4:lane1:snr22.0:seed4:frame15,22.0,15,cwz_joint,0,true,false,true,missing,false,true,gradient_only,8,16,0,0.19869639237513112,3.4970690449802366,missing
red4:lane1:snr22.0:seed4:frame16,22.0,16,cwz_joint,1,false,false,true,missing,false,true,gradient_only,8,20,0,0.309986224630705,1.912749360479526,missing
red4:lane1:snr22.0:seed4:frame17,22.0,17,cwz_joint,0,true,false,true,missing,false,true,gradient_only,8,16,0,0.17501508936317603,5.845233211291385,missing
red4:lane1:snr22.0:seed4:frame18,22.0,18,cwz_joint,0,true,false,true,missing,false,true,gradient_only,8,13,0,0.2464357805448773,1.7345793534179121,missing
red4:lane1:snr22.0:seed4:frame19,22.0,19,cwz_joint,0,true,false,true,missing,false,true,gradient_only,8,11,0,0.16130146434233353,2.3347359311121663,missing
red4:lane1:snr22.0:seed4:frame20,22.0,20,cwz_joint,0,true,false,true,missing,false,true,gradient_only,8,11,0,0.15116638254141368,3.909988153479774,missing
red4:lane1:snr22.0:seed4:frame21,22.0,21,cwz_joint,0,true,false,true,missing,false,true,gradient_only,8,9,0,0.18223132947540685,1.9787573198164712,missing
red4:lane1:snr22.0:seed4:frame22,22.0,22,cwz_joint,1,false,false,true,missing,false,true,gradient_only,8,16,0,0.1593139407096236,2.1022378690786745,missing
red4:lane1:snr22.0:seed4:frame23,22.0,23,cwz_joint,0,true,false,true,missing,false,true,gradient_only,8,20,0,0.3421136462771867,1.8165293540529386,missing
red4:lane1:snr22.0:seed4:frame24,22.0,24,cwz_joint,0,true,false,true,missing,false,true,gradient_only,8,10,0,0.6272690633445588,1.9802925826493354,missing
red4:lane1:snr22.0:seed4:frame25,22.0,25,cwz_joint,0,true,false,true,missing,false,true,gradient_only,8,9,0,0.15689038637160171,2.0007496603805723,missing
red4:lane1:snr22.0:seed4:frame26,22.0,26,cwz_joint,0,true,false,true,missing,false,true,gradient_only,8,21,0,0.1370057836458281,1.5571555946296893,missing
red4:lane1:snr22.0:seed4:frame27,22.0,27,cwz_joint,0,true,false,true,missing,false,true,gradient_only,8,16,0,0.14700977948533533,1.5081688494987773,missing
red4:lane1:snr22.0:seed4:frame28,22.0,28,cwz_joint,0,true,false,true,missing,false,true,gradient_only,8,21,0,0.23912024579478067,3.526937863073083,missing
red4:lane1:snr22.0:seed4:frame29,22.0,29,cwz_joint,0,true,false,true,missing,false,true,gradient_only,8,11,0,0.14166539237515133,3.3954083989286525,missing
red4:lane1:snr22.0:seed4:frame30,22.0,30,cwz_joint,0,true,false,true,missing,false,true,gradient_only,8,16,0,0.1405981601570001,2.534431035254256,missing
red4:lane1:snr22.0:seed4:frame31,22.0,31,cwz_joint,0,true,false,true,missing,false,true,gradient_only,8,10,0,0.1224690610832376,2.1420140540794637,missing
red4:lane1:snr22.0:seed4:frame32,22.0,32,cwz_joint,0,true,false,true,missing,false,true,gradient_only,8,11,0,0.45069318457651225,2.664381841299452,missing
red4:lane1:snr22.0:seed4:frame33,22.0,33,cwz_joint,0,true,false,true,missing,false,true,gradient_only,8,12,0,0.21837017302232634,1.8046295735569198,missing
red4:lane1:snr22.0:seed4:frame34,22.0,34,cwz_joint,0,true,false,true,missing,false,true,gradient_only,8,12,0,0.2054132215834839,0.4412633327155642,missing
red4:lane1:snr22.0:seed4:frame35,22.0,35,cwz_joint,0,true,false,true,missing,false,true,gradient_only,8,17,0,0.1903740472468724,1.7599308109247276,missing
red4:lane1:snr22.0:seed4:frame36,22.0,36,cwz_joint,0,true,false,true,missing,false,true,gradient_only,8,9,0,0.1523775718661317,2.7603097964641177,missing
red4:lane1:snr22.0:seed4:frame37,22.0,37,cwz_joint,0,true,false,true,missing,false,true,gradient_only,8,5,0,0.27161189147240067,2.6045921935627763,missing
red4:lane1:snr22.0:seed4:frame38,22.0,38,cwz_joint,0,true,false,true,missing,false,true,gradient_only,8,9,0,0.23808036162659205,5.28912624281406,missing
red4:lane1:snr22.0:seed4:frame39,22.0,39,cwz_joint,0,true,false,true,missing,false,true,gradient_only,8,26,0,2.24920913665307,1.9135353857258122,missing
red4:lane1:snr22.0:seed4:frame40,22.0,40,cwz_joint,0,true,false,true,missing,false,true,gradient_only,8,15,0,0.29331084694313686,2.2884227859411688,missing
red4:lane1:snr22.0:seed4:frame41,22.0,41,cwz_joint,0,true,false,true,missing,false,true,gradient_only,8,17,0,0.1657793993364939,0.9350191594302607,missing
red4:lane1:snr22.0:seed4:frame42,22.0,42,cwz_joint,0,true,false,true,missing,false,true,gradient_only,8,13,0,0.18232188678514366,0.560507984963822,missing
red4:lane1:snr22.0:seed4:frame43,22.0,43,cwz_joint,0,true,false,true,missing,false,true,gradient_only,8,17,0,0.4942316387642829,6.0921684748754865,missing
red4:lane1:snr22.0:seed4:frame44,22.0,44,cwz_joint,0,true,false,true,missing,false,true,gradient_only,8,10,0,0.7508500952780588,4.42800914789343,missing
red4:lane1:snr22.0:seed4:frame45,22.0,45,cwz_joint,0,true,false,true,missing,false,true,gradient_only,8,19,0,0.36724373697048407,6.633095469963841,missing
red4:lane1:snr22.0:seed4:frame46,22.0,46,cwz_joint,0,true,false,true,missing,false,true,gradient_only,8,16,0,0.20779652840293467,2.5132445137303856,missing
red4:lane1:snr22.0:seed4:frame47,22.0,47,cwz_joint,0,true,false,true,missing,false,true,gradient_only,8,9,0,0.18749841915244148,2.505717484391416,missing
red4:lane1:snr22.0:seed4:frame48,22.0,48,cwz_joint,0,true,false,true,missing,false,true,gradient_only,8,19,0,0.17550958833535696,1.8309210235029278,missing
red4:lane1:snr22.0:seed4:frame49,22.0,49,cwz_joint,0,true,false,true,missing,false,true,gradient_only,8,20,0,0.20896955357800437,1.544418019931224,missing
red4:lane1:snr22.0:seed4:frame50,22.0,50,cwz_joint,0,true,false,true,missing,false,true,gradient_only,8,14,0,0.12648010278009017,2.3434732839428394,missing
red4:lane1:snr22.0:seed4:frame51,22.0,51,cwz_joint,0,true,false,true,missing,false,true,gradient_only,8,27,0,0.3330918030406933,1.062129625619058,missing
red4:lane1:snr22.0:seed4:frame52,22.0,52,cwz_joint,0,true,false,true,missing,false,true,gradient_only,8,5,0,0.11085174292048061,2.9178474049254444,missing
red4:lane1:snr22.0:seed4:frame53,22.0,53,cwz_joint,0,true,false,true,missing,false,true,gradient_only,8,11,0,0.10394215961299522,1.0853840833827182,missing
red4:lane1:snr22.0:seed4:frame54,22.0,54,cwz_joint,0,true,false,true,missing,false,true,gradient_only,8,13,0,0.15359388973410926,1.5045084089680856,missing
red4:lane1:snr22.0:seed4:frame55,22.0,55,cwz_joint,0,true,false,true,missing,false,true,gradient_only,8,3,0,0.07653707210259952,1.3215087134930459,missing
red4:lane1:snr22.0:seed4:frame56,22.0,56,cwz_joint,0,true,false,true,missing,false,true,gradient_only,8,8,0,0.12344603216404892,2.0087052648726518,missing
red4:lane1:snr22.0:seed4:frame57,22.0,57,cwz_joint,0,true,false,true,missing,false,true,gradient_only,8,3,0,0.06380685849544032,0.2666977474806332,missing
red4:lane1:snr22.0:seed4:frame58,22.0,58,cwz_joint,0,true,false,true,missing,false,true,gradient_only,8,17,0,0.24654587458969324,1.4086699921155865,missing
red4:lane1:snr22.0:seed4:frame59,22.0,59,cwz_joint,0,true,false,true,missing,false,true,gradient_only,8,3,0,0.3835836973848923,1.4871705604017427,missing
red4:lane1:snr22.0:seed4:frame60,22.0,60,cwz_joint,0,true,false,true,missing,false,true,gradient_only,8,4,0,0.18089298308363455,1.6016631719112542,missing
red4:lane1:snr22.0:seed4:frame1,22.0,1,profiled_cz,0,true,false,true,missing,false,true,gradient_only,1,8,0,0.15702625854261265,1.3085828715771128,missing
red4:lane1:snr22.0:seed4:frame2,22.0,2,profiled_cz,0,true,false,true,missing,false,true,gradient_only,1,9,0,0.18780822189107266,1.2108068783970514,missing
red4:lane1:snr22.0:seed4:frame3,22.0,3,profiled_cz,0,true,false,true,missing,false,true,gradient_only,1,8,0,0.20619196975200144,1.1209761272588463,missing
red4:lane1:snr22.0:seed4:frame4,22.0,4,profiled_cz,0,true,false,true,missing,false,true,gradient_only,1,10,0,0.18442742284997543,1.4667976402359109,missing
red4:lane1:snr22.0:seed4:frame5,22.0,5,profiled_cz,0,true,false,true,missing,false,true,gradient_only,1,6,0,0.1356489432328691,1.0044718402436101,missing
red4:lane1:snr22.0:seed4:frame6,22.0,6,profiled_cz,0,true,false,true,missing,false,true,gradient_only,1,9,0,0.16949489905585388,1.4126551721517104,missing
red4:lane1:snr22.0:seed4:frame7,22.0,7,profiled_cz,0,true,false,true,missing,false,true,gradient_only,1,18,0,0.2257748435820623,1.5880663951866398,missing
red4:lane1:snr22.0:seed4:frame8,22.0,8,profiled_cz,0,true,false,true,missing,false,true,gradient_only,1,13,0,0.2209638248654836,2.0299844975411507,missing
red4:lane1:snr22.0:seed4:frame9,22.0,9,profiled_cz,0,true,false,true,missing,false,true,gradient_only,1,15,0,0.2463890281706094,1.8471095021140376,missing
red4:lane1:snr22.0:seed4:frame10,22.0,10,profiled_cz,0,true,false,true,missing,false,true,gradient_only,1,16,0,0.18429038382419516,1.568526140280294,missing
red4:lane1:snr22.0:seed4:frame11,22.0,11,profiled_cz,0,true,false,true,missing,false,true,gradient_only,1,9,0,0.24157157920338335,1.421445799863997,missing
red4:lane1:snr22.0:seed4:frame12,22.0,12,profiled_cz,0,true,false,true,missing,false,true,gradient_only,1,14,0,0.15770865809893928,1.3438273557505156,missing
red4:lane1:snr22.0:seed4:frame13,22.0,13,profiled_cz,0,true,false,true,missing,false,true,gradient_only,1,9,0,0.2853900642288895,1.2062428326594077,missing
red4:lane1:snr22.0:seed4:frame14,22.0,14,profiled_cz,0,true,false,true,missing,false,true,gradient_only,1,19,0,0.23634356635928566,1.3504742865196055,missing
red4:lane1:snr22.0:seed4:frame15,22.0,15,profiled_cz,0,true,false,true,missing,false,true,gradient_only,1,16,0,0.19869639237513112,1.759493500302521,missing
red4:lane1:snr22.0:seed4:frame16,22.0,16,profiled_cz,1,false,false,true,missing,false,true,gradient_only,1,20,0,0.309986224630705,1.6370657491148797,missing
red4:lane1:snr22.0:seed4:frame17,22.0,17,profiled_cz,0,true,false,true,missing,false,true,gradient_only,1,16,0,0.17501508936317603,2.042825066454362,missing
red4:lane1:snr22.0:seed4:frame18,22.0,18,profiled_cz,0,true,false,true,missing,false,true,gradient_only,1,13,0,0.2464357805448773,1.56810937696294,missing
red4:lane1:snr22.0:seed4:frame19,22.0,19,profiled_cz,0,true,false,true,missing,false,true,gradient_only,1,11,0,0.16130146434233353,1.1791480959902165,missing
red4:lane1:snr22.0:seed4:frame20,22.0,20,profiled_cz,0,true,false,true,missing,false,true,gradient_only,1,11,0,0.15116638254141368,1.7646568387701447,missing
red4:lane1:snr22.0:seed4:frame21,22.0,21,profiled_cz,0,true,false,true,missing,false,true,gradient_only,1,9,0,0.18223132947540685,1.3075870710777318,missing
red4:lane1:snr22.0:seed4:frame22,22.0,22,profiled_cz,1,false,false,true,missing,false,true,gradient_only,1,16,0,0.1593139407096236,5.366904221972737,missing
red4:lane1:snr22.0:seed4:frame23,22.0,23,profiled_cz,0,true,false,true,missing,false,true,gradient_only,1,20,0,0.3421136462771867,1.2787151365122031,missing
red4:lane1:snr22.0:seed4:frame24,22.0,24,profiled_cz,0,true,false,true,missing,false,true,gradient_only,1,10,0,0.6272690633445588,1.3594405831366823,missing
red4:lane1:snr22.0:seed4:frame25,22.0,25,profiled_cz,0,true,false,true,missing,false,true,gradient_only,1,9,0,0.15689038637160171,1.7045569981078459,missing
red4:lane1:snr22.0:seed4:frame26,22.0,26,profiled_cz,0,true,false,true,missing,false,true,gradient_only,1,21,0,0.1370057836458281,1.681227672124624,missing
red4:lane1:snr22.0:seed4:frame27,22.0,27,profiled_cz,0,true,false,true,missing,false,true,gradient_only,1,16,0,0.14700977948533533,1.5986836798579562,missing
red4:lane1:snr22.0:seed4:frame28,22.0,28,profiled_cz,0,true,false,true,missing,false,true,gradient_only,1,21,0,0.23912024579478067,1.8266421862613684,missing
red4:lane1:snr22.0:seed4:frame29,22.0,29,profiled_cz,0,true,false,true,missing,false,true,gradient_only,1,11,0,0.14166539237515133,1.4623836423168834,missing
red4:lane1:snr22.0:seed4:frame30,22.0,30,profiled_cz,0,true,false,true,missing,false,true,gradient_only,1,16,0,0.1405981601570001,1.9453000258912412,missing
red4:lane1:snr22.0:seed4:frame31,22.0,31,profiled_cz,0,true,false,true,missing,false,true,gradient_only,1,10,0,0.1224690610832376,1.37850321609401,missing
red4:lane1:snr22.0:seed4:frame32,22.0,32,profiled_cz,0,true,false,true,missing,false,true,gradient_only,1,11,0,0.45069318457651225,2.1664988465747816,missing
red4:lane1:snr22.0:seed4:frame33,22.0,33,profiled_cz,0,true,false,true,missing,false,true,gradient_only,1,12,0,0.21837017302232634,1.671149826757087,missing
red4:lane1:snr22.0:seed4:frame34,22.0,34,profiled_cz,0,true,false,true,missing,false,true,gradient_only,1,12,0,0.2054132215834839,1.2314719099619895,missing
red4:lane1:snr22.0:seed4:frame35,22.0,35,profiled_cz,0,true,false,true,missing,false,true,gradient_only,1,17,0,0.1903740472468724,1.4767391446796365,missing
red4:lane1:snr22.0:seed4:frame36,22.0,36,profiled_cz,0,true,false,true,missing,false,true,gradient_only,1,9,0,0.1523775718661317,1.1378464968254447,missing
red4:lane1:snr22.0:seed4:frame37,22.0,37,profiled_cz,0,true,false,true,missing,false,true,gradient_only,1,5,0,0.27161189147240067,0.993225067855684,missing
red4:lane1:snr22.0:seed4:frame38,22.0,38,profiled_cz,0,true,false,true,missing,false,true,gradient_only,1,9,0,0.23808036162659205,1.6054236195262162,missing
red4:lane1:snr22.0:seed4:frame39,22.0,39,profiled_cz,0,true,false,true,missing,false,true,gradient_only,1,26,0,2.24920913665307,1.7191611000034313,missing
red4:lane1:snr22.0:seed4:frame40,22.0,40,profiled_cz,0,true,false,true,missing,false,true,gradient_only,1,15,0,0.29331084694313686,1.888035528671928,missing
red4:lane1:snr22.0:seed4:frame41,22.0,41,profiled_cz,0,true,false,true,missing,false,true,gradient_only,1,17,0,0.1657793993364939,1.3330709961563105,missing
red4:lane1:snr22.0:seed4:frame42,22.0,42,profiled_cz,0,true,false,true,missing,false,true,gradient_only,1,13,0,0.18232188678514366,1.5944889320787332,missing
red4:lane1:snr22.0:seed4:frame43,22.0,43,profiled_cz,0,true,false,true,missing,false,true,gradient_only,1,17,0,0.4942316387642829,105.05283964152137,missing
red4:lane1:snr22.0:seed4:frame44,22.0,44,profiled_cz,0,true,false,true,missing,false,true,gradient_only,1,10,0,0.7508500952780588,1.65591586754498,missing
red4:lane1:snr22.0:seed4:frame45,22.0,45,profiled_cz,0,true,false,true,missing,false,true,gradient_only,1,19,0,0.36724373697048407,2.184089656550945,missing
red4:lane1:snr22.0:seed4:frame46,22.0,46,profiled_cz,0,true,false,true,missing,false,true,gradient_only,1,16,0,0.20779652840293467,1.3900344113908507,missing
red4:lane1:snr22.0:seed4:frame47,22.0,47,profiled_cz,0,true,false,true,missing,false,true,gradient_only,1,9,0,0.18749841915244148,0.9873513955525952,missing
red4:lane1:snr22.0:seed4:frame48,22.0,48,profiled_cz,0,true,false,true,missing,false,true,gradient_only,1,19,0,0.17550958833535696,1.6852286038542073,missing
red4:lane1:snr22.0:seed4:frame49,22.0,49,profiled_cz,0,true,false,true,missing,false,true,gradient_only,1,20,0,0.20896955357800437,1.4466178685845101,missing
red4:lane1:snr22.0:seed4:frame50,22.0,50,profiled_cz,0,true,false,true,missing,false,true,gradient_only,1,14,0,0.12648010278009017,1.4414874629291545,missing
red4:lane1:snr22.0:seed4:frame51,22.0,51,profiled_cz,0,true,false,true,missing,false,true,gradient_only,1,27,0,0.3330918030406933,1.5139769055169905,missing
red4:lane1:snr22.0:seed4:frame52,22.0,52,profiled_cz,0,true,false,true,missing,false,true,gradient_only,1,5,0,0.11085174292048061,2.1806027711979503,missing
red4:lane1:snr22.0:seed4:frame53,22.0,53,profiled_cz,0,true,false,true,missing,false,true,gradient_only,1,11,0,0.10394215961299522,1.119854602619687,missing
red4:lane1:snr22.0:seed4:frame54,22.0,54,profiled_cz,0,true,false,true,missing,false,true,gradient_only,1,13,0,0.15359388973410926,1.3177948565565747,missing
red4:lane1:snr22.0:seed4:frame55,22.0,55,profiled_cz,0,true,false,true,missing,false,true,gradient_only,1,3,0,0.07653707210259952,0.6179438510236213,missing
red4:lane1:snr22.0:seed4:frame56,22.0,56,profiled_cz,0,true,false,true,missing,false,true,gradient_only,1,8,0,0.12344603216404892,1.2456359964118882,missing
red4:lane1:snr22.0:seed4:frame57,22.0,57,profiled_cz,0,true,false,true,missing,false,true,gradient_only,1,3,0,0.06380685849544032,0.6012808829953669,missing
red4:lane1:snr22.0:seed4:frame58,22.0,58,profiled_cz,0,true,false,true,missing,false,true,gradient_only,1,17,0,0.24654587458969324,1.1978169068177762,missing
red4:lane1:snr22.0:seed4:frame59,22.0,59,profiled_cz,0,true,false,true,missing,false,true,gradient_only,1,3,0,0.3835836973848923,0.7206679914183791,missing
red4:lane1:snr22.0:seed4:frame60,22.0,60,profiled_cz,0,true,false,true,missing,false,true,gradient_only,1,4,0,0.18089298308363455,0.7243683659810445,missing
red4:lane1:snr24.0:seed4:frame1,24.0,1,cwz_joint,0,true,false,true,missing,false,true,gradient_only,8,7,0,0.1469475297326212,1.8558585814727881,missing
red4:lane1:snr24.0:seed4:frame2,24.0,2,cwz_joint,0,true,false,true,missing,false,true,gradient_only,8,8,0,0.15565052442667998,2.5923121576017203,missing
red4:lane1:snr24.0:seed4:frame3,24.0,3,cwz_joint,0,true,false,true,missing,false,true,gradient_only,8,8,0,0.19637417531411244,2.3633459435015767,missing
red4:lane1:snr24.0:seed4:frame4,24.0,4,cwz_joint,0,true,false,true,missing,false,true,gradient_only,8,11,0,0.17908403585486302,1.6827028253561802,missing
red4:lane1:snr24.0:seed4:frame5,24.0,5,cwz_joint,0,true,false,true,missing,false,true,gradient_only,8,6,0,0.11744398422067241,0.4854625380835668,missing
red4:lane1:snr24.0:seed4:frame6,24.0,6,cwz_joint,0,true,false,true,missing,false,true,gradient_only,8,7,0,0.1446809220593633,2.411364716044766,missing
red4:lane1:snr24.0:seed4:frame7,24.0,7,cwz_joint,0,true,false,true,missing,false,true,gradient_only,8,11,0,0.23935906018413336,3.9423147265691885,missing
red4:lane1:snr24.0:seed4:frame8,24.0,8,cwz_joint,0,true,false,true,missing,false,true,gradient_only,8,11,0,0.20908034693269695,5.303164725784801,missing
red4:lane1:snr24.0:seed4:frame9,24.0,9,cwz_joint,0,true,false,true,missing,false,true,gradient_only,8,14,0,0.21922669806952652,3.8194323893543953,missing
red4:lane1:snr24.0:seed4:frame10,24.0,10,cwz_joint,0,true,false,true,missing,false,true,gradient_only,8,16,0,0.23582012913304332,1.6592306670370889,missing
red4:lane1:snr24.0:seed4:frame11,24.0,11,cwz_joint,0,true,false,true,missing,false,true,gradient_only,8,7,0,0.1762639347670752,1.5696740839124956,missing
red4:lane1:snr24.0:seed4:frame12,24.0,12,cwz_joint,0,true,false,true,missing,false,true,gradient_only,8,14,0,0.13335119790103755,1.89259308323381,missing
red4:lane1:snr24.0:seed4:frame13,24.0,13,cwz_joint,0,true,false,true,missing,false,true,gradient_only,8,9,0,0.17999543578661972,1.7441625110456143,missing
red4:lane1:snr24.0:seed4:frame14,24.0,14,cwz_joint,0,true,false,true,missing,false,true,gradient_only,8,15,0,0.142526850650495,1.9892674957839567,missing
red4:lane1:snr24.0:seed4:frame15,24.0,15,cwz_joint,0,true,false,true,missing,false,true,gradient_only,8,16,0,0.1846270340816442,3.438560136204584,missing
red4:lane1:snr24.0:seed4:frame16,24.0,16,cwz_joint,0,true,false,true,missing,false,true,gradient_only,8,10,0,0.12522878263279424,6.338120868303745,missing
red4:lane1:snr24.0:seed4:frame17,24.0,17,cwz_joint,0,true,false,true,missing,false,true,gradient_only,8,14,0,0.4135385590796123,5.652944588572678,missing
red4:lane1:snr24.0:seed4:frame18,24.0,18,cwz_joint,0,true,false,true,missing,false,true,gradient_only,8,13,0,0.2518706509857276,1.6768833504304645,missing
red4:lane1:snr24.0:seed4:frame19,24.0,19,cwz_joint,0,true,false,true,missing,false,true,gradient_only,8,11,0,0.15839055777815209,2.294513390390632,missing
red4:lane1:snr24.0:seed4:frame20,24.0,20,cwz_joint,0,true,false,true,missing,false,true,gradient_only,8,11,0,0.14287457173021093,3.8546434902329088,missing
red4:lane1:snr24.0:seed4:frame21,24.0,21,cwz_joint,0,true,false,true,missing,false,true,gradient_only,8,8,0,0.21139545336664936,1.9569645818466532,missing
red4:lane1:snr24.0:seed4:frame22,24.0,22,cwz_joint,0,true,false,true,missing,false,true,gradient_only,8,13,0,0.12052945407227575,0.8703446129562735,missing
red4:lane1:snr24.0:seed4:frame23,24.0,23,cwz_joint,0,true,false,true,missing,false,true,gradient_only,8,18,0,0.12488198245008852,1.7773578299776878,missing
red4:lane1:snr24.0:seed4:frame24,24.0,24,cwz_joint,0,true,false,true,missing,false,true,gradient_only,8,9,0,0.3661730879281139,1.9453468110938699,missing
red4:lane1:snr24.0:seed4:frame25,24.0,25,cwz_joint,0,true,false,true,missing,false,true,gradient_only,8,8,0,0.16911462497540303,1.9616821922718903,missing
red4:lane1:snr24.0:seed4:frame26,24.0,26,cwz_joint,0,true,false,true,missing,false,true,gradient_only,8,21,0,0.13857479099139539,1.607108359531639,missing
red4:lane1:snr24.0:seed4:frame27,24.0,27,cwz_joint,0,true,false,true,missing,false,true,gradient_only,8,14,0,0.14852582151469806,1.476885307038782,missing
red4:lane1:snr24.0:seed4:frame28,24.0,28,cwz_joint,0,true,false,true,missing,false,true,gradient_only,8,14,0,0.30224970074229957,3.6674192497307807,missing
red4:lane1:snr24.0:seed4:frame29,24.0,29,cwz_joint,0,true,false,true,missing,false,true,gradient_only,8,10,0,0.17307143515142687,3.2962405489034263,missing
red4:lane1:snr24.0:seed4:frame30,24.0,30,cwz_joint,0,true,false,true,missing,false,true,gradient_only,8,15,0,0.11413203691466256,2.467201903664704,missing
red4:lane1:snr24.0:seed4:frame31,24.0,31,cwz_joint,0,true,false,true,missing,false,true,gradient_only,8,10,0,0.1304116433339589,2.1099626385695447,missing
red4:lane1:snr24.0:seed4:frame32,24.0,32,cwz_joint,0,true,false,true,missing,false,true,gradient_only,8,12,0,0.24919951305930865,2.5975297627878238,missing
red4:lane1:snr24.0:seed4:frame33,24.0,33,cwz_joint,0,true,false,true,missing,false,true,gradient_only,8,12,0,0.22314041435419577,1.7772603739163093,missing
red4:lane1:snr24.0:seed4:frame34,24.0,34,cwz_joint,0,true,false,true,missing,false,true,gradient_only,8,13,0,1.2712848912219166,0.4279923639934675,missing
red4:lane1:snr24.0:seed4:frame35,24.0,35,cwz_joint,0,true,false,true,missing,false,true,gradient_only,8,16,0,0.2039165159431645,1.724835318035103,missing
red4:lane1:snr24.0:seed4:frame36,24.0,36,cwz_joint,0,true,false,true,missing,false,true,gradient_only,8,8,0,0.23597208141672216,2.737366475654963,missing
red4:lane1:snr24.0:seed4:frame37,24.0,37,cwz_joint,0,true,false,true,missing,false,true,gradient_only,8,5,0,0.24944273989530125,2.575122166963167,missing
red4:lane1:snr24.0:seed4:frame38,24.0,38,cwz_joint,0,true,false,true,missing,false,true,gradient_only,8,7,0,0.2333159332258762,4.994346469032614,missing
red4:lane1:snr24.0:seed4:frame39,24.0,39,cwz_joint,0,true,false,true,missing,false,true,gradient_only,8,25,0,0.2142174005579473,1.8844173570965541,missing
red4:lane1:snr24.0:seed4:frame40,24.0,40,cwz_joint,0,true,false,true,missing,false,true,gradient_only,8,12,0,0.2609603021836021,2.2405975241403717,missing
red4:lane1:snr24.0:seed4:frame41,24.0,41,cwz_joint,0,true,false,true,missing,false,true,gradient_only,8,17,0,0.1573017798269265,0.9127229809338252,missing
red4:lane1:snr24.0:seed4:frame42,24.0,42,cwz_joint,0,true,false,true,missing,false,true,gradient_only,8,11,0,0.19316039579346506,0.544615834896251,missing
red4:lane1:snr24.0:seed4:frame43,24.0,43,cwz_joint,0,true,false,true,missing,false,true,gradient_only,8,17,0,0.2506594270153222,5.538727819184282,missing
red4:lane1:snr24.0:seed4:frame44,24.0,44,cwz_joint,0,true,false,true,missing,false,true,gradient_only,8,9,0,0.47243105261223794,4.327015196770577,missing
red4:lane1:snr24.0:seed4:frame45,24.0,45,cwz_joint,0,true,false,true,missing,false,true,gradient_only,8,17,0,0.2080022643819129,6.613961125012839,missing
red4:lane1:snr24.0:seed4:frame46,24.0,46,cwz_joint,0,true,false,true,missing,false,true,gradient_only,8,14,0,0.16081899319252527,2.416142360219796,missing
red4:lane1:snr24.0:seed4:frame47,24.0,47,cwz_joint,0,true,false,true,missing,false,true,gradient_only,8,8,0,0.15903287998770138,2.442533595978519,missing
red4:lane1:snr24.0:seed4:frame48,24.0,48,cwz_joint,0,true,false,true,missing,false,true,gradient_only,8,18,0,0.1437263716766729,1.7972775535371148,missing
red4:lane1:snr24.0:seed4:frame49,24.0,49,cwz_joint,0,true,false,true,missing,false,true,gradient_only,8,18,0,0.2934033217800835,1.5254960301456513,missing
red4:lane1:snr24.0:seed4:frame50,24.0,50,cwz_joint,0,true,false,true,missing,false,true,gradient_only,8,15,0,0.11368502377855054,2.300361712745893,missing
red4:lane1:snr24.0:seed4:frame51,24.0,51,cwz_joint,0,true,false,true,missing,false,true,gradient_only,8,26,0,0.23025651084905416,1.0194691144579413,missing
red4:lane1:snr24.0:seed4:frame52,24.0,52,cwz_joint,0,true,false,true,missing,false,true,gradient_only,8,4,0,0.12765216120108153,2.952495883411561,missing
red4:lane1:snr24.0:seed4:frame53,24.0,53,cwz_joint,0,true,false,true,missing,false,true,gradient_only,8,10,0,0.09104597014920218,1.0716803923135927,missing
red4:lane1:snr24.0:seed4:frame54,24.0,54,cwz_joint,0,true,false,true,missing,false,true,gradient_only,8,11,0,0.17264856451697974,1.4794675100184815,missing
red4:lane1:snr24.0:seed4:frame55,24.0,55,cwz_joint,0,true,false,true,missing,false,true,gradient_only,8,2,0,0.05838574112913139,1.3012812758605607,missing
red4:lane1:snr24.0:seed4:frame56,24.0,56,cwz_joint,0,true,false,true,missing,false,true,gradient_only,8,6,0,0.1176658178569474,1.9802108754787193,missing
red4:lane1:snr24.0:seed4:frame57,24.0,57,cwz_joint,0,true,false,true,missing,false,true,gradient_only,8,2,0,0.09195377861520704,0.25851479472332356,missing
red4:lane1:snr24.0:seed4:frame58,24.0,58,cwz_joint,0,true,false,true,missing,false,true,gradient_only,8,17,0,0.1173137559446022,1.4085169958769237,missing
red4:lane1:snr24.0:seed4:frame59,24.0,59,cwz_joint,0,true,false,true,missing,false,true,gradient_only,8,2,0,0.16061659800708977,1.4372451947885956,missing
red4:lane1:snr24.0:seed4:frame60,24.0,60,cwz_joint,0,true,false,true,missing,false,true,gradient_only,8,3,0,0.23080416901747655,1.5498493168734309,missing
red4:lane1:snr24.0:seed4:frame1,24.0,1,profiled_cz,0,true,false,true,missing,false,true,gradient_only,1,7,0,0.1469475297326212,1.2849297245425135,missing
red4:lane1:snr24.0:seed4:frame2,24.0,2,profiled_cz,0,true,false,true,missing,false,true,gradient_only,1,8,0,0.15565052442667998,1.1495185660072582,missing
red4:lane1:snr24.0:seed4:frame3,24.0,3,profiled_cz,0,true,false,true,missing,false,true,gradient_only,1,8,0,0.19637417531411244,1.0951836699660957,missing
red4:lane1:snr24.0:seed4:frame4,24.0,4,profiled_cz,0,true,false,true,missing,false,true,gradient_only,1,11,0,0.17908403585486302,1.4242407043209555,missing
red4:lane1:snr24.0:seed4:frame5,24.0,5,profiled_cz,0,true,false,true,missing,false,true,gradient_only,1,6,0,0.11744398422067241,0.9826505567130637,missing
red4:lane1:snr24.0:seed4:frame6,24.0,6,profiled_cz,0,true,false,true,missing,false,true,gradient_only,1,7,0,0.1446809220593633,1.400722695047256,missing
red4:lane1:snr24.0:seed4:frame7,24.0,7,profiled_cz,0,true,false,true,missing,false,true,gradient_only,1,11,0,0.23935906018413336,1.5390995033665251,missing
red4:lane1:snr24.0:seed4:frame8,24.0,8,profiled_cz,0,true,false,true,missing,false,true,gradient_only,1,11,0,0.20908034693269695,1.975465211655096,missing
red4:lane1:snr24.0:seed4:frame9,24.0,9,profiled_cz,0,true,false,true,missing,false,true,gradient_only,1,14,0,0.21922669806952652,1.8078913944462494,missing
red4:lane1:snr24.0:seed4:frame10,24.0,10,profiled_cz,0,true,false,true,missing,false,true,gradient_only,1,16,0,0.23582012913304332,1.4697433444224477,missing
red4:lane1:snr24.0:seed4:frame11,24.0,11,profiled_cz,0,true,false,true,missing,false,true,gradient_only,1,7,0,0.1762639347670752,1.385661745852404,missing
red4:lane1:snr24.0:seed4:frame12,24.0,12,profiled_cz,0,true,false,true,missing,false,true,gradient_only,1,14,0,0.13335119790103755,1.3187121447735348,missing
red4:lane1:snr24.0:seed4:frame13,24.0,13,profiled_cz,0,true,false,true,missing,false,true,gradient_only,1,9,0,0.17999543578661972,1.1564472502959957,missing
red4:lane1:snr24.0:seed4:frame14,24.0,14,profiled_cz,0,true,false,true,missing,false,true,gradient_only,1,15,0,0.142526850650495,1.3126901197599417,missing
red4:lane1:snr24.0:seed4:frame15,24.0,15,profiled_cz,0,true,false,true,missing,false,true,gradient_only,1,16,0,0.1846270340816442,1.7403647073881274,missing
red4:lane1:snr24.0:seed4:frame16,24.0,16,profiled_cz,0,true,false,true,missing,false,true,gradient_only,1,10,0,0.12522878263279424,2.0134885741953634,missing
red4:lane1:snr24.0:seed4:frame17,24.0,17,profiled_cz,0,true,false,true,missing,false,true,gradient_only,1,14,0,0.4135385590796123,1.946805703635943,missing
red4:lane1:snr24.0:seed4:frame18,24.0,18,profiled_cz,0,true,false,true,missing,false,true,gradient_only,1,13,0,0.2518706509857276,1.484083435001106,missing
red4:lane1:snr24.0:seed4:frame19,24.0,19,profiled_cz,0,true,false,true,missing,false,true,gradient_only,1,11,0,0.15839055777815209,1.1587805703969707,missing
red4:lane1:snr24.0:seed4:frame20,24.0,20,profiled_cz,0,true,false,true,missing,false,true,gradient_only,1,11,0,0.14287457173021093,1.7385826798679256,missing
red4:lane1:snr24.0:seed4:frame21,24.0,21,profiled_cz,0,true,false,true,missing,false,true,gradient_only,1,8,0,0.21139545336664936,1.282235128430874,missing
red4:lane1:snr24.0:seed4:frame22,24.0,22,profiled_cz,0,true,false,true,missing,false,true,gradient_only,1,13,0,0.12052945407227575,4.8807956665477485,missing
red4:lane1:snr24.0:seed4:frame23,24.0,23,profiled_cz,0,true,false,true,missing,false,true,gradient_only,1,18,0,0.12488198245008852,1.2472937796824375,missing
red4:lane1:snr24.0:seed4:frame24,24.0,24,profiled_cz,0,true,false,true,missing,false,true,gradient_only,1,9,0,0.3661730879281139,1.3297341770375737,missing
red4:lane1:snr24.0:seed4:frame25,24.0,25,profiled_cz,0,true,false,true,missing,false,true,gradient_only,1,8,0,0.16911462497540303,1.6729949688697936,missing
red4:lane1:snr24.0:seed4:frame26,24.0,26,profiled_cz,0,true,false,true,missing,false,true,gradient_only,1,21,0,0.13857479099139539,1.677360934592244,missing
red4:lane1:snr24.0:seed4:frame27,24.0,27,profiled_cz,0,true,false,true,missing,false,true,gradient_only,1,14,0,0.14852582151469806,1.5729338967001896,missing
red4:lane1:snr24.0:seed4:frame28,24.0,28,profiled_cz,0,true,false,true,missing,false,true,gradient_only,1,14,0,0.30224970074229957,1.9409703595668257,missing
red4:lane1:snr24.0:seed4:frame29,24.0,29,profiled_cz,0,true,false,true,missing,false,true,gradient_only,1,10,0,0.17307143515142687,1.421617703575545,missing
red4:lane1:snr24.0:seed4:frame30,24.0,30,profiled_cz,0,true,false,true,missing,false,true,gradient_only,1,15,0,0.11413203691466256,1.8894959274838008,missing
red4:lane1:snr24.0:seed4:frame31,24.0,31,profiled_cz,0,true,false,true,missing,false,true,gradient_only,1,10,0,0.1304116433339589,1.3534953144166768,missing
red4:lane1:snr24.0:seed4:frame32,24.0,32,profiled_cz,0,true,false,true,missing,false,true,gradient_only,1,12,0,0.24919951305930865,1.9966143971414905,missing
red4:lane1:snr24.0:seed4:frame33,24.0,33,profiled_cz,0,true,false,true,missing,false,true,gradient_only,1,12,0,0.22314041435419577,1.6478741289503562,missing
red4:lane1:snr24.0:seed4:frame34,24.0,34,profiled_cz,0,true,false,true,missing,false,true,gradient_only,1,13,0,1.2712848912219166,1.1876385788022807,missing
red4:lane1:snr24.0:seed4:frame35,24.0,35,profiled_cz,0,true,false,true,missing,false,true,gradient_only,1,16,0,0.2039165159431645,1.4218877977326398,missing
red4:lane1:snr24.0:seed4:frame36,24.0,36,profiled_cz,0,true,false,true,missing,false,true,gradient_only,1,8,0,0.23597208141672216,1.1162006412682666,missing
red4:lane1:snr24.0:seed4:frame37,24.0,37,profiled_cz,0,true,false,true,missing,false,true,gradient_only,1,5,0,0.24944273989530125,0.9760059031946376,missing
red4:lane1:snr24.0:seed4:frame38,24.0,38,profiled_cz,0,true,false,true,missing,false,true,gradient_only,1,7,0,0.2333159332258762,1.524613130687782,missing
red4:lane1:snr24.0:seed4:frame39,24.0,39,profiled_cz,0,true,false,true,missing,false,true,gradient_only,1,25,0,0.2142174005579473,1.6829620730260832,missing
red4:lane1:snr24.0:seed4:frame40,24.0,40,profiled_cz,0,true,false,true,missing,false,true,gradient_only,1,12,0,0.2609603021836021,1.8234984710678983,missing
red4:lane1:snr24.0:seed4:frame41,24.0,41,profiled_cz,0,true,false,true,missing,false,true,gradient_only,1,17,0,0.1573017798269265,1.2859003787295578,missing
red4:lane1:snr24.0:seed4:frame42,24.0,42,profiled_cz,0,true,false,true,missing,false,true,gradient_only,1,11,0,0.19316039579346506,1.552661325569943,missing
red4:lane1:snr24.0:seed4:frame43,24.0,43,profiled_cz,0,true,false,true,missing,false,true,gradient_only,1,17,0,0.2506594270153222,84.91610711870642,missing
red4:lane1:snr24.0:seed4:frame44,24.0,44,profiled_cz,0,true,false,true,missing,false,true,gradient_only,1,9,0,0.47243105261223794,1.6280632508449695,missing
red4:lane1:snr24.0:seed4:frame45,24.0,45,profiled_cz,0,true,false,true,missing,false,true,gradient_only,1,17,0,0.2080022643819129,2.1510098374500384,missing
red4:lane1:snr24.0:seed4:frame46,24.0,46,profiled_cz,0,true,false,true,missing,false,true,gradient_only,1,14,0,0.16081899319252527,1.3154556617919837,missing
red4:lane1:snr24.0:seed4:frame47,24.0,47,profiled_cz,0,true,false,true,missing,false,true,gradient_only,1,8,0,0.15903287998770138,0.9509489512682209,missing
red4:lane1:snr24.0:seed4:frame48,24.0,48,profiled_cz,0,true,false,true,missing,false,true,gradient_only,1,18,0,0.1437263716766729,1.6547535203321437,missing
red4:lane1:snr24.0:seed4:frame49,24.0,49,profiled_cz,0,true,false,true,missing,false,true,gradient_only,1,18,0,0.2934033217800835,1.4264200468406294,missing
red4:lane1:snr24.0:seed4:frame50,24.0,50,profiled_cz,0,true,false,true,missing,false,true,gradient_only,1,15,0,0.11368502377855054,1.400745530859615,missing
red4:lane1:snr24.0:seed4:frame51,24.0,51,profiled_cz,0,true,false,true,missing,false,true,gradient_only,1,26,0,0.23025651084905416,1.4327869318829645,missing
red4:lane1:snr24.0:seed4:frame52,24.0,52,profiled_cz,0,true,false,true,missing,false,true,gradient_only,1,4,0,0.12765216120108153,2.1171413167744446,missing
red4:lane1:snr24.0:seed4:frame53,24.0,53,profiled_cz,0,true,false,true,missing,false,true,gradient_only,1,10,0,0.09104597014920218,1.0865319871926495,missing
red4:lane1:snr24.0:seed4:frame54,24.0,54,profiled_cz,0,true,false,true,missing,false,true,gradient_only,1,11,0,0.17264856451697974,1.2694838284409564,missing
red4:lane1:snr24.0:seed4:frame55,24.0,55,profiled_cz,0,true,false,true,missing,false,true,gradient_only,1,2,0,0.05838574112913139,0.6036763233129459,missing
red4:lane1:snr24.0:seed4:frame56,24.0,56,profiled_cz,0,true,false,true,missing,false,true,gradient_only,1,6,0,0.1176658178569474,1.2269624064059939,missing
red4:lane1:snr24.0:seed4:frame57,24.0,57,profiled_cz,0,true,false,true,missing,false,true,gradient_only,1,2,0,0.09195377861520704,0.574215466467066,missing
red4:lane1:snr24.0:seed4:frame58,24.0,58,profiled_cz,0,true,false,true,missing,false,true,gradient_only,1,17,0,0.1173137559446022,1.170341550920285,missing
red4:lane1:snr24.0:seed4:frame59,24.0,59,profiled_cz,0,true,false,true,missing,false,true,gradient_only,1,2,0,0.16061659800708977,0.6827562449901093,missing
red4:lane1:snr24.0:seed4:frame60,24.0,60,profiled_cz,0,true,false,true,missing,false,true,gradient_only,1,3,0,0.23080416901747655,0.6969231094276445,missing
red4:lane1:snr26.0:seed4:frame1,26.0,1,cwz_joint,0,true,false,true,missing,false,true,gradient_only,8,7,0,0.14740511622008176,1.835269524993472,missing
red4:lane1:snr26.0:seed4:frame2,26.0,2,cwz_joint,0,true,false,true,missing,false,true,gradient_only,8,7,0,0.15857269879763974,2.5358536619974563,missing
red4:lane1:snr26.0:seed4:frame3,26.0,3,cwz_joint,0,true,false,true,missing,false,true,gradient_only,8,8,0,0.23483344961922667,2.323979042289795,missing
red4:lane1:snr26.0:seed4:frame4,26.0,4,cwz_joint,0,true,false,true,missing,false,true,gradient_only,8,12,0,0.17800425175029044,1.6622574518508846,missing
red4:lane1:snr26.0:seed4:frame5,26.0,5,cwz_joint,0,true,false,true,missing,false,true,gradient_only,8,5,0,0.1143841482773859,0.485820268212879,missing
red4:lane1:snr26.0:seed4:frame6,26.0,6,cwz_joint,0,true,false,true,missing,false,true,gradient_only,8,7,0,0.1461494813873011,2.4118426101430073,missing
red4:lane1:snr26.0:seed4:frame7,26.0,7,cwz_joint,0,true,false,true,missing,false,true,gradient_only,8,9,0,0.16023243785303198,3.82490706593815,missing
red4:lane1:snr26.0:seed4:frame8,26.0,8,cwz_joint,0,true,false,true,missing,false,true,gradient_only,8,12,0,0.19539868406118654,5.159802720486547,missing
red4:lane1:snr26.0:seed4:frame9,26.0,9,cwz_joint,0,true,false,true,missing,false,true,gradient_only,8,12,0,0.2564335268828511,3.75930471399657,missing
red4:lane1:snr26.0:seed4:frame10,26.0,10,cwz_joint,0,true,false,true,missing,false,true,gradient_only,8,16,0,0.1521211695811797,1.6235070690635387,missing
red4:lane1:snr26.0:seed4:frame11,26.0,11,cwz_joint,0,true,false,true,missing,false,true,gradient_only,8,7,0,0.25232031799511523,1.550067738604122,missing
red4:lane1:snr26.0:seed4:frame12,26.0,12,cwz_joint,0,true,false,true,missing,false,true,gradient_only,8,14,0,0.17150609371629283,1.8742600807793799,missing
red4:lane1:snr26.0:seed4:frame13,26.0,13,cwz_joint,0,true,false,true,missing,false,true,gradient_only,8,8,0,0.14748398281917136,1.7287845562289157,missing
red4:lane1:snr26.0:seed4:frame14,26.0,14,cwz_joint,0,true,false,true,missing,false,true,gradient_only,8,10,0,0.14942887217586048,1.9639558290974577,missing
red4:lane1:snr26.0:seed4:frame15,26.0,15,cwz_joint,0,true,false,true,missing,false,true,gradient_only,8,16,0,0.17556640134876986,3.4037214225889874,missing
red4:lane1:snr26.0:seed4:frame16,26.0,16,cwz_joint,0,true,false,true,missing,false,true,gradient_only,8,10,0,0.10727785429101364,6.2574873471235355,missing
red4:lane1:snr26.0:seed4:frame17,26.0,17,cwz_joint,0,true,false,true,missing,false,true,gradient_only,8,12,0,0.15019228274937602,5.522550316730303,missing
red4:lane1:snr26.0:seed4:frame18,26.0,18,cwz_joint,0,true,false,true,missing,false,true,gradient_only,8,12,0,0.20073849821965012,1.6388826226891433,missing
red4:lane1:snr26.0:seed4:frame19,26.0,19,cwz_joint,0,true,false,true,missing,false,true,gradient_only,8,11,0,0.1531805198415021,2.2679855297290676,missing
red4:lane1:snr26.0:seed4:frame20,26.0,20,cwz_joint,0,true,false,true,missing,false,true,gradient_only,8,11,0,0.2169970772401962,3.8197255539587127,missing
red4:lane1:snr26.0:seed4:frame21,26.0,21,cwz_joint,0,true,false,true,missing,false,true,gradient_only,8,8,0,0.18831714180831227,1.9441464450542234,missing
red4:lane1:snr26.0:seed4:frame22,26.0,22,cwz_joint,0,true,false,true,missing,false,true,gradient_only,8,10,0,0.10968697202110024,1.452026912639578,missing
red4:lane1:snr26.0:seed4:frame23,26.0,23,cwz_joint,0,true,false,true,missing,false,true,gradient_only,8,16,0,0.1038792817332779,1.7520412166596557,missing
red4:lane1:snr26.0:seed4:frame24,26.0,24,cwz_joint,0,true,false,true,missing,false,true,gradient_only,8,9,0,0.3662401990283139,1.9237979869446382,missing
red4:lane1:snr26.0:seed4:frame25,26.0,25,cwz_joint,0,true,false,true,missing,false,true,gradient_only,8,8,0,0.20048496162604015,1.936310250673173,missing
red4:lane1:snr26.0:seed4:frame26,26.0,26,cwz_joint,0,true,false,true,missing,false,true,gradient_only,8,21,0,0.14529547809639914,1.6484712612352548,missing
red4:lane1:snr26.0:seed4:frame27,26.0,27,cwz_joint,0,true,false,true,missing,false,true,gradient_only,8,14,0,0.1486179445923691,1.4556128254143736,missing
red4:lane1:snr26.0:seed4:frame28,26.0,28,cwz_joint,0,true,false,true,missing,false,true,gradient_only,8,11,0,0.2307969531095142,3.7634551828075278,missing
red4:lane1:snr26.0:seed4:frame29,26.0,29,cwz_joint,0,true,false,true,missing,false,true,gradient_only,8,8,0,0.1384632166195803,3.225453437834117,missing
red4:lane1:snr26.0:seed4:frame30,26.0,30,cwz_joint,0,true,false,true,missing,false,true,gradient_only,8,14,0,0.10776703207141,2.4230717316060226,missing
red4:lane1:snr26.0:seed4:frame31,26.0,31,cwz_joint,0,true,false,true,missing,false,true,gradient_only,8,10,0,0.134590761606239,2.0888433487349714,missing
red4:lane1:snr26.0:seed4:frame32,26.0,32,cwz_joint,0,true,false,true,missing,false,true,gradient_only,8,11,0,0.23698878153531377,2.551077371787438,missing
red4:lane1:snr26.0:seed4:frame33,26.0,33,cwz_joint,0,true,false,true,missing,false,true,gradient_only,8,11,0,0.24096676813929968,1.758959899677257,missing
red4:lane1:snr26.0:seed4:frame34,26.0,34,cwz_joint,0,true,false,true,missing,false,true,gradient_only,8,12,0,0.15276540356595197,0.4190427665389622,missing
red4:lane1:snr26.0:seed4:frame35,26.0,35,cwz_joint,0,true,false,true,missing,false,true,gradient_only,8,15,0,0.633688093017383,1.7024236632956138,missing
red4:lane1:snr26.0:seed4:frame36,26.0,36,cwz_joint,0,true,false,true,missing,false,true,gradient_only,8,7,0,0.5625870262866749,2.7223884041509825,missing
red4:lane1:snr26.0:seed4:frame37,26.0,37,cwz_joint,0,true,false,true,missing,false,true,gradient_only,8,5,0,0.2697728444212478,2.5563556196435675,missing
red4:lane1:snr26.0:seed4:frame38,26.0,38,cwz_joint,0,true,false,true,missing,false,true,gradient_only,8,7,0,0.1672049928603819,4.804418083671748,missing
red4:lane1:snr26.0:seed4:frame39,26.0,39,cwz_joint,0,true,false,true,missing,false,true,gradient_only,8,23,0,0.17364936215128635,1.8658021656775035,missing
red4:lane1:snr26.0:seed4:frame40,26.0,40,cwz_joint,0,true,false,true,missing,false,true,gradient_only,8,12,0,0.23273554121445797,2.2100150988470397,missing
red4:lane1:snr26.0:seed4:frame41,26.0,41,cwz_joint,0,true,false,true,missing,false,true,gradient_only,8,16,0,0.174846256709542,0.8985238718894613,missing
red4:lane1:snr26.0:seed4:frame42,26.0,42,cwz_joint,0,true,false,true,missing,false,true,gradient_only,8,9,0,0.19766728717984264,0.5339824405703503,missing
red4:lane1:snr26.0:seed4:frame43,26.0,43,cwz_joint,0,true,false,true,missing,false,true,gradient_only,8,16,0,0.33330137622864764,6.268386708487684,missing
red4:lane1:snr26.0:seed4:frame44,26.0,44,cwz_joint,0,true,false,true,missing,false,true,gradient_only,8,9,0,0.435345256066174,4.253815653440168,missing
red4:lane1:snr26.0:seed4:frame45,26.0,45,cwz_joint,0,true,false,true,missing,false,true,gradient_only,8,15,0,0.29369938669212675,6.618030697413214,missing
red4:lane1:snr26.0:seed4:frame46,26.0,46,cwz_joint,0,true,false,true,missing,false,true,gradient_only,8,13,0,0.12837227229999434,2.352681563388041,missing
red4:lane1:snr26.0:seed4:frame47,26.0,47,cwz_joint,0,true,false,true,missing,false,true,gradient_only,8,7,0,0.18542380040574868,2.400660802504226,missing
red4:lane1:snr26.0:seed4:frame48,26.0,48,cwz_joint,0,true,false,true,missing,false,true,gradient_only,8,17,0,0.12589704273002628,1.7753726685167455,missing
red4:lane1:snr26.0:seed4:frame49,26.0,49,cwz_joint,0,true,false,true,missing,false,true,gradient_only,8,17,0,0.14740744574697603,1.513280540748746,missing
red4:lane1:snr26.0:seed4:frame50,26.0,50,cwz_joint,0,true,false,true,missing,false,true,gradient_only,8,13,0,0.1124865371361221,2.269456841359864,missing
red4:lane1:snr26.0:seed4:frame51,26.0,51,cwz_joint,0,true,false,true,missing,false,true,gradient_only,8,23,0,0.21056404194642464,0.9910555967779565,missing
red4:lane1:snr26.0:seed4:frame52,26.0,52,cwz_joint,0,true,false,true,missing,false,true,gradient_only,8,3,0,0.07806116482279267,2.9879080258181916,missing
red4:lane1:snr26.0:seed4:frame53,26.0,53,cwz_joint,0,true,false,true,missing,false,true,gradient_only,8,9,0,0.07648602968828686,1.0637847810819445,missing
red4:lane1:snr26.0:seed4:frame54,26.0,54,cwz_joint,0,true,false,true,missing,false,true,gradient_only,8,10,0,0.36982242365543627,1.4636617365586642,missing
red4:lane1:snr26.0:seed4:frame55,26.0,55,cwz_joint,0,true,false,true,missing,false,true,gradient_only,8,1,0,0.05078244882600603,1.2889025337065303,missing
red4:lane1:snr26.0:seed4:frame56,26.0,56,cwz_joint,0,true,false,true,missing,false,true,gradient_only,8,6,0,0.11189452689089782,1.9619067675947923,missing
red4:lane1:snr26.0:seed4:frame57,26.0,57,cwz_joint,0,true,false,true,missing,false,true,gradient_only,8,2,0,0.27172952345776086,0.2529280701828555,missing
red4:lane1:snr26.0:seed4:frame58,26.0,58,cwz_joint,0,true,false,true,missing,false,true,gradient_only,8,15,0,0.077704616646488,1.4087513812731987,missing
red4:lane1:snr26.0:seed4:frame59,26.0,59,cwz_joint,0,true,false,true,missing,false,true,gradient_only,8,2,0,0.09166766766607201,1.403798996794008,missing
red4:lane1:snr26.0:seed4:frame60,26.0,60,cwz_joint,0,true,false,true,missing,false,true,gradient_only,8,3,0,0.1757444719512816,1.5160548252580157,missing
red4:lane1:snr26.0:seed4:frame1,26.0,1,profiled_cz,0,true,false,true,missing,false,true,gradient_only,1,7,0,0.14740511622008176,1.2711209680504088,missing
red4:lane1:snr26.0:seed4:frame2,26.0,2,profiled_cz,0,true,false,true,missing,false,true,gradient_only,1,7,0,0.15857269879763974,1.1092217708442487,missing
red4:lane1:snr26.0:seed4:frame3,26.0,3,profiled_cz,0,true,false,true,missing,false,true,gradient_only,1,8,0,0.23483344961922667,1.0800740703697898,missing
red4:lane1:snr26.0:seed4:frame4,26.0,4,profiled_cz,0,true,false,true,missing,false,true,gradient_only,1,12,0,0.17800425175029044,1.3901416545938894,missing
red4:lane1:snr26.0:seed4:frame5,26.0,5,profiled_cz,0,true,false,true,missing,false,true,gradient_only,1,5,0,0.1143841482773859,0.9675718847517609,missing
red4:lane1:snr26.0:seed4:frame6,26.0,6,profiled_cz,0,true,false,true,missing,false,true,gradient_only,1,7,0,0.1461494813873011,1.3926115306281264,missing
red4:lane1:snr26.0:seed4:frame7,26.0,7,profiled_cz,0,true,false,true,missing,false,true,gradient_only,1,9,0,0.16023243785303198,1.5051201048512957,missing
red4:lane1:snr26.0:seed4:frame8,26.0,8,profiled_cz,0,true,false,true,missing,false,true,gradient_only,1,12,0,0.19539868406118654,1.9391718417248063,missing
red4:lane1:snr26.0:seed4:frame9,26.0,9,profiled_cz,0,true,false,true,missing,false,true,gradient_only,1,12,0,0.2564335268828511,1.8067967553622217,missing
red4:lane1:snr26.0:seed4:frame10,26.0,10,profiled_cz,0,true,false,true,missing,false,true,gradient_only,1,16,0,0.1521211695811797,1.4069068053392333,missing
red4:lane1:snr26.0:seed4:frame11,26.0,11,profiled_cz,0,true,false,true,missing,false,true,gradient_only,1,7,0,0.25232031799511523,1.3634374581521425,missing
red4:lane1:snr26.0:seed4:frame12,26.0,12,profiled_cz,0,true,false,true,missing,false,true,gradient_only,1,14,0,0.17150609371629283,1.30152917897496,missing
red4:lane1:snr26.0:seed4:frame13,26.0,13,profiled_cz,0,true,false,true,missing,false,true,gradient_only,1,8,0,0.14748398281917136,1.1253839768399139,missing
red4:lane1:snr26.0:seed4:frame14,26.0,14,profiled_cz,0,true,false,true,missing,false,true,gradient_only,1,10,0,0.14942887217586048,1.2857181043178127,missing
red4:lane1:snr26.0:seed4:frame15,26.0,15,profiled_cz,0,true,false,true,missing,false,true,gradient_only,1,16,0,0.17556640134876986,1.7251633136364999,missing
red4:lane1:snr26.0:seed4:frame16,26.0,16,profiled_cz,0,true,false,true,missing,false,true,gradient_only,1,10,0,0.10727785429101364,2.0083314902403644,missing
red4:lane1:snr26.0:seed4:frame17,26.0,17,profiled_cz,0,true,false,true,missing,false,true,gradient_only,1,12,0,0.15019228274937602,1.886581943825274,missing
red4:lane1:snr26.0:seed4:frame18,26.0,18,profiled_cz,0,true,false,true,missing,false,true,gradient_only,1,12,0,0.20073849821965012,1.431525286692255,missing
red4:lane1:snr26.0:seed4:frame19,26.0,19,profiled_cz,0,true,false,true,missing,false,true,gradient_only,1,11,0,0.1531805198415021,1.146220603592903,missing
red4:lane1:snr26.0:seed4:frame20,26.0,20,profiled_cz,0,true,false,true,missing,false,true,gradient_only,1,11,0,0.2169970772401962,1.7200935005495945,missing
red4:lane1:snr26.0:seed4:frame21,26.0,21,profiled_cz,0,true,false,true,missing,false,true,gradient_only,1,8,0,0.18831714180831227,1.2667905081868933,missing
red4:lane1:snr26.0:seed4:frame22,26.0,22,profiled_cz,0,true,false,true,missing,false,true,gradient_only,1,10,0,0.10968697202110024,4.391073092218467,missing
red4:lane1:snr26.0:seed4:frame23,26.0,23,profiled_cz,0,true,false,true,missing,false,true,gradient_only,1,16,0,0.1038792817332779,1.2263893717715146,missing
red4:lane1:snr26.0:seed4:frame24,26.0,24,profiled_cz,0,true,false,true,missing,false,true,gradient_only,1,9,0,0.3662401990283139,1.3116072618634773,missing
red4:lane1:snr26.0:seed4:frame25,26.0,25,profiled_cz,0,true,false,true,missing,false,true,gradient_only,1,8,0,0.20048496162604015,1.6589292490477623,missing
red4:lane1:snr26.0:seed4:frame26,26.0,26,profiled_cz,0,true,false,true,missing,false,true,gradient_only,1,21,0,0.14529547809639914,1.6718406552253442,missing
red4:lane1:snr26.0:seed4:frame27,26.0,27,profiled_cz,0,true,false,true,missing,false,true,gradient_only,1,14,0,0.1486179445923691,1.556653745488791,missing
red4:lane1:snr26.0:seed4:frame28,26.0,28,profiled_cz,0,true,false,true,missing,false,true,gradient_only,1,11,0,0.2307969531095142,1.9132782728490474,missing
red4:lane1:snr26.0:seed4:frame29,26.0,29,profiled_cz,0,true,false,true,missing,false,true,gradient_only,1,8,0,0.1384632166195803,1.3960960696858138,missing
red4:lane1:snr26.0:seed4:frame30,26.0,30,profiled_cz,0,true,false,true,missing,false,true,gradient_only,1,14,0,0.10776703207141,1.8535985025907655,missing
red4:lane1:snr26.0:seed4:frame31,26.0,31,profiled_cz,0,true,false,true,missing,false,true,gradient_only,1,10,0,0.134590761606239,1.337361122855156,missing
red4:lane1:snr26.0:seed4:frame32,26.0,32,profiled_cz,0,true,false,true,missing,false,true,gradient_only,1,11,0,0.23698878153531377,1.886547529529322,missing
red4:lane1:snr26.0:seed4:frame33,26.0,33,profiled_cz,0,true,false,true,missing,false,true,gradient_only,1,11,0,0.24096676813929968,1.6341110989196754,missing
red4:lane1:snr26.0:seed4:frame34,26.0,34,profiled_cz,0,true,false,true,missing,false,true,gradient_only,1,12,0,0.15276540356595197,1.1573781278996003,missing
red4:lane1:snr26.0:seed4:frame35,26.0,35,profiled_cz,0,true,false,true,missing,false,true,gradient_only,1,15,0,0.633688093017383,1.3882489432129903,missing
red4:lane1:snr26.0:seed4:frame36,26.0,36,profiled_cz,0,true,false,true,missing,false,true,gradient_only,1,7,0,0.5625870262866749,1.103045710084798,missing
red4:lane1:snr26.0:seed4:frame37,26.0,37,profiled_cz,0,true,false,true,missing,false,true,gradient_only,1,5,0,0.2697728444212478,0.9649414907822442,missing
red4:lane1:snr26.0:seed4:frame38,26.0,38,profiled_cz,0,true,false,true,missing,false,true,gradient_only,1,7,0,0.1672049928603819,1.471425532502647,missing
red4:lane1:snr26.0:seed4:frame39,26.0,39,profiled_cz,0,true,false,true,missing,false,true,gradient_only,1,23,0,0.17364936215128635,1.6557623035678466,missing
red4:lane1:snr26.0:seed4:frame40,26.0,40,profiled_cz,0,true,false,true,missing,false,true,gradient_only,1,12,0,0.23273554121445797,1.7863671011566236,missing
red4:lane1:snr26.0:seed4:frame41,26.0,41,profiled_cz,0,true,false,true,missing,false,true,gradient_only,1,16,0,0.174846256709542,1.2586348675165708,missing
red4:lane1:snr26.0:seed4:frame42,26.0,42,profiled_cz,0,true,false,true,missing,false,true,gradient_only,1,9,0,0.19766728717984264,1.526125972257695,missing
red4:lane1:snr26.0:seed4:frame43,26.0,43,profiled_cz,0,true,false,true,missing,false,true,gradient_only,1,16,0,0.33330137622864764,71.707371932901,missing
red4:lane1:snr26.0:seed4:frame44,26.0,44,profiled_cz,0,true,false,true,missing,false,true,gradient_only,1,9,0,0.435345256066174,1.6101959391533653,missing
red4:lane1:snr26.0:seed4:frame45,26.0,45,profiled_cz,0,true,false,true,missing,false,true,gradient_only,1,15,0,0.29369938669212675,2.1273340328243973,missing
red4:lane1:snr26.0:seed4:frame46,26.0,46,profiled_cz,0,true,false,true,missing,false,true,gradient_only,1,13,0,0.12837227229999434,1.2679306578530822,missing
red4:lane1:snr26.0:seed4:frame47,26.0,47,profiled_cz,0,true,false,true,missing,false,true,gradient_only,1,7,0,0.18542380040574868,0.928778281602743,missing
red4:lane1:snr26.0:seed4:frame48,26.0,48,profiled_cz,0,true,false,true,missing,false,true,gradient_only,1,17,0,0.12589704273002628,1.6368046608295879,missing
red4:lane1:snr26.0:seed4:frame49,26.0,49,profiled_cz,0,true,false,true,missing,false,true,gradient_only,1,17,0,0.14740744574697603,1.4156390875897253,missing
red4:lane1:snr26.0:seed4:frame50,26.0,50,profiled_cz,0,true,false,true,missing,false,true,gradient_only,1,13,0,0.1124865371361221,1.3746010018933512,missing
red4:lane1:snr26.0:seed4:frame51,26.0,51,profiled_cz,0,true,false,true,missing,false,true,gradient_only,1,23,0,0.21056404194642464,1.3813391830571204,missing
red4:lane1:snr26.0:seed4:frame52,26.0,52,profiled_cz,0,true,false,true,missing,false,true,gradient_only,1,3,0,0.07806116482279267,2.0754855214287495,missing
red4:lane1:snr26.0:seed4:frame53,26.0,53,profiled_cz,0,true,false,true,missing,false,true,gradient_only,1,9,0,0.07648602968828686,1.0665402126135493,missing
red4:lane1:snr26.0:seed4:frame54,26.0,54,profiled_cz,0,true,false,true,missing,false,true,gradient_only,1,10,0,0.36982242365543627,1.2301376217013897,missing
red4:lane1:snr26.0:seed4:frame55,26.0,55,profiled_cz,0,true,false,true,missing,false,true,gradient_only,1,1,0,0.05078244882600603,0.5951795835980301,missing
red4:lane1:snr26.0:seed4:frame56,26.0,56,profiled_cz,0,true,false,true,missing,false,true,gradient_only,1,6,0,0.11189452689089782,1.2142374484986866,missing
red4:lane1:snr26.0:seed4:frame57,26.0,57,profiled_cz,0,true,false,true,missing,false,true,gradient_only,1,2,0,0.27172952345776086,0.5578072511794829,missing
red4:lane1:snr26.0:seed4:frame58,26.0,58,profiled_cz,0,true,false,true,missing,false,true,gradient_only,1,15,0,0.077704616646488,1.1535039047985312,missing
red4:lane1:snr26.0:seed4:frame59,26.0,59,profiled_cz,0,true,false,true,missing,false,true,gradient_only,1,2,0,0.09166766766607201,0.6588627339262767,missing
red4:lane1:snr26.0:seed4:frame60,26.0,60,profiled_cz,0,true,false,true,missing,false,true,gradient_only,1,3,0,0.1757444719512816,0.6793822568541696,missing
red4:lane1:snr28.0:seed4:frame1,28.0,1,cwz_joint,0,true,false,true,missing,false,true,gradient_only,8,7,0,0.14281665392373963,1.8229156325739244,missing
red4:lane1:snr28.0:seed4:frame2,28.0,2,cwz_joint,0,true,false,true,missing,false,true,gradient_only,8,7,0,0.29863511337964715,2.498087467495435,missing
red4:lane1:snr28.0:seed4:frame3,28.0,3,cwz_joint,0,true,false,true,missing,false,true,gradient_only,8,8,0,0.9354443129232823,2.2977440777803015,missing
red4:lane1:snr28.0:seed4:frame4,28.0,4,cwz_joint,0,true,false,true,missing,false,true,gradient_only,8,11,0,0.5511336016403596,1.6491304741621384,missing
red4:lane1:snr28.0:seed4:frame5,28.0,5,cwz_joint,0,true,false,true,missing,false,true,gradient_only,8,4,0,0.10701988919058428,0.48690044150633083,missing
red4:lane1:snr28.0:seed4:frame6,28.0,6,cwz_joint,0,true,false,true,missing,false,true,gradient_only,8,7,0,0.14245906404883374,2.415131589540478,missing
red4:lane1:snr28.0:seed4:frame7,28.0,7,cwz_joint,0,true,false,true,missing,false,true,gradient_only,8,9,0,0.13301370856031763,3.7472968540468004,missing
red4:lane1:snr28.0:seed4:frame8,28.0,8,cwz_joint,0,true,false,true,missing,false,true,gradient_only,8,12,0,0.16306900914984235,5.057715603081364,missing
red4:lane1:snr28.0:seed4:frame9,28.0,9,cwz_joint,0,true,false,true,missing,false,true,gradient_only,8,12,0,4.553050329811046,3.7181968529548968,missing
red4:lane1:snr28.0:seed4:frame10,28.0,10,cwz_joint,0,true,false,true,missing,false,true,gradient_only,8,16,0,0.15055515975862505,1.5980655279156986,missing
red4:lane1:snr28.0:seed4:frame11,28.0,11,cwz_joint,0,true,false,true,missing,false,true,gradient_only,8,8,0,0.17659270259921872,1.537549569376205,missing
red4:lane1:snr28.0:seed4:frame12,28.0,12,cwz_joint,0,true,false,true,missing,false,true,gradient_only,8,14,0,0.19040022166987972,1.8624724544418385,missing
red4:lane1:snr28.0:seed4:frame13,28.0,13,cwz_joint,0,true,false,true,missing,false,true,gradient_only,8,8,0,0.14301657208473112,1.7202060365406802,missing
red4:lane1:snr28.0:seed4:frame14,28.0,14,cwz_joint,0,true,false,true,missing,false,true,gradient_only,8,10,0,0.208940918556306,1.9475734054205105,missing
red4:lane1:snr28.0:seed4:frame15,28.0,15,cwz_joint,0,true,false,true,missing,false,true,gradient_only,8,16,0,0.16984113963451553,3.383900454523549,missing
red4:lane1:snr28.0:seed4:frame16,28.0,16,cwz_joint,0,true,false,true,missing,false,true,gradient_only,8,9,0,0.11289213893329772,6.198488833257719,missing
red4:lane1:snr28.0:seed4:frame17,28.0,17,cwz_joint,0,true,false,true,missing,false,true,gradient_only,8,12,0,0.13818859118096036,5.433970082939861,missing
red4:lane1:snr28.0:seed4:frame18,28.0,18,cwz_joint,0,true,false,true,missing,false,true,gradient_only,8,11,0,0.17673786767866204,1.614497806832434,missing
red4:lane1:snr28.0:seed4:frame19,28.0,19,cwz_joint,0,true,false,true,missing,false,true,gradient_only,8,11,0,0.1405437629875234,2.2503602629815207,missing
red4:lane1:snr28.0:seed4:frame20,28.0,20,cwz_joint,0,true,false,true,missing,false,true,gradient_only,8,11,0,0.1421356111272305,3.7979278586562737,missing
red4:lane1:snr28.0:seed4:frame21,28.0,21,cwz_joint,0,true,false,true,missing,false,true,gradient_only,8,8,0,0.23706237367482602,1.9368324125143102,missing
red4:lane1:snr28.0:seed4:frame22,28.0,22,cwz_joint,0,true,false,true,missing,false,true,gradient_only,8,9,0,0.10244911671226489,0.6817126929182459,missing
red4:lane1:snr28.0:seed4:frame23,28.0,23,cwz_joint,0,true,false,true,missing,false,true,gradient_only,8,14,0,0.09605197825642048,1.7357385340552127,missing
red4:lane1:snr28.0:seed4:frame24,28.0,24,cwz_joint,0,true,false,true,missing,false,true,gradient_only,8,9,0,0.27073051953801563,1.910743386301761,missing
red4:lane1:snr28.0:seed4:frame25,28.0,25,cwz_joint,0,true,false,true,missing,false,true,gradient_only,8,8,0,0.1825121033680328,1.9199097354220427,missing
red4:lane1:snr28.0:seed4:frame26,28.0,26,cwz_joint,0,true,false,true,missing,false,true,gradient_only,8,21,0,0.11660345624778652,1.6802929768070474,missing
red4:lane1:snr28.0:seed4:frame27,28.0,27,cwz_joint,0,true,false,true,missing,false,true,gradient_only,8,14,0,0.15424501617589537,1.4409929256360694,missing
red4:lane1:snr28.0:seed4:frame28,28.0,28,cwz_joint,0,true,false,true,missing,false,true,gradient_only,8,8,0,0.15037029277720926,3.805279595990888,missing
red4:lane1:snr28.0:seed4:frame29,28.0,29,cwz_joint,0,true,false,true,missing,false,true,gradient_only,8,5,0,0.12095386803823349,3.1750152593943466,missing
red4:lane1:snr28.0:seed4:frame30,28.0,30,cwz_joint,0,true,false,true,missing,false,true,gradient_only,8,14,0,0.10466957753817549,2.3939499988322637,missing
red4:lane1:snr28.0:seed4:frame31,28.0,31,cwz_joint,0,true,false,true,missing,false,true,gradient_only,8,8,0,0.1462625498656579,2.0748936074027973,missing
red4:lane1:snr28.0:seed4:frame32,28.0,32,cwz_joint,0,true,false,true,missing,false,true,gradient_only,8,11,0,0.33036423587064073,2.518644185604689,missing
red4:lane1:snr28.0:seed4:frame33,28.0,33,cwz_joint,0,true,false,true,missing,false,true,gradient_only,8,13,0,0.25944010507445664,1.7467470821891706,missing
red4:lane1:snr28.0:seed4:frame34,28.0,34,cwz_joint,0,true,false,true,missing,false,true,gradient_only,8,11,0,0.1388108067968504,0.4130182632095206,missing
red4:lane1:snr28.0:seed4:frame35,28.0,35,cwz_joint,0,true,false,true,missing,false,true,gradient_only,8,14,0,0.16632593620371322,1.6883096500809658,missing
red4:lane1:snr28.0:seed4:frame36,28.0,36,cwz_joint,0,true,false,true,missing,false,true,gradient_only,8,7,0,7.843517306273531,2.712439779449144,missing
red4:lane1:snr28.0:seed4:frame37,28.0,37,cwz_joint,0,true,false,true,missing,false,true,gradient_only,8,7,0,0.1513727943164241,2.544327184168914,missing
red4:lane1:snr28.0:seed4:frame38,28.0,38,cwz_joint,0,true,false,true,missing,false,true,gradient_only,8,5,0,0.20385515650892738,4.680557997445377,missing
red4:lane1:snr28.0:seed4:frame39,28.0,39,cwz_joint,0,true,false,true,missing,false,true,gradient_only,8,22,0,0.17052566856595167,1.8539647175574072,missing
red4:lane1:snr28.0:seed4:frame40,28.0,40,cwz_joint,0,true,false,true,missing,false,true,gradient_only,8,10,0,0.30461650929729,2.191002040284104,missing
red4:lane1:snr28.0:seed4:frame41,28.0,41,cwz_joint,0,true,false,true,missing,false,true,gradient_only,8,14,0,0.743922648814745,0.889551557691435,missing
red4:lane1:snr28.0:seed4:frame42,28.0,42,cwz_joint,0,true,false,true,missing,false,true,gradient_only,8,7,0,0.3354947250776793,0.5270674202402194,missing
red4:lane1:snr28.0:seed4:frame43,28.0,43,cwz_joint,0,true,false,true,missing,false,true,gradient_only,8,16,0,0.36186471895072697,5.098199035884389,missing
red4:lane1:snr28.0:seed4:frame44,28.0,44,cwz_joint,0,true,false,true,missing,false,true,gradient_only,8,8,0,0.3657227800969003,4.2000746957950374,missing
red4:lane1:snr28.0:seed4:frame45,28.0,45,cwz_joint,0,true,false,true,missing,false,true,gradient_only,8,15,0,0.4321000187460897,6.633412731302936,missing
red4:lane1:snr28.0:seed4:frame46,28.0,46,cwz_joint,0,true,false,true,missing,false,true,gradient_only,8,12,0,0.12238652937665974,2.3113953461196015,missing
red4:lane1:snr28.0:seed4:frame47,28.0,47,cwz_joint,0,true,false,true,missing,false,true,gradient_only,8,6,0,0.10716558696675636,2.3729608471892556,missing
red4:lane1:snr28.0:seed4:frame48,28.0,48,cwz_joint,0,true,false,true,missing,false,true,gradient_only,8,16,0,0.11954140176311623,1.761072999691448,missing
red4:lane1:snr28.0:seed4:frame49,28.0,49,cwz_joint,0,true,false,true,missing,false,true,gradient_only,8,18,0,0.5133176211043717,1.505397243887956,missing
red4:lane1:snr28.0:seed4:frame50,28.0,50,cwz_joint,0,true,false,true,missing,false,true,gradient_only,8,10,0,0.11500804308112342,2.247185064397914,missing
red4:lane1:snr28.0:seed4:frame51,28.0,51,cwz_joint,0,true,false,true,missing,false,true,gradient_only,8,21,0,4.012252750483815,0.9714770713510802,missing
red4:lane1:snr28.0:seed4:frame52,28.0,52,cwz_joint,0,true,false,true,missing,false,true,gradient_only,8,3,0,0.08080132015772443,3.0199446652278894,missing
red4:lane1:snr28.0:seed4:frame53,28.0,53,cwz_joint,0,true,false,true,missing,false,true,gradient_only,8,8,0,0.08566032631679385,1.0594966483508117,missing
red4:lane1:snr28.0:seed4:frame54,28.0,54,cwz_joint,0,true,false,true,missing,false,true,gradient_only,8,10,0,0.10358734834785736,1.4544480145079335,missing
red4:lane1:snr28.0:seed4:frame55,28.0,55,cwz_joint,0,true,false,true,missing,false,true,gradient_only,8,1,0,0.04719837009588025,1.2814388736194753,missing
red4:lane1:snr28.0:seed4:frame56,28.0,56,cwz_joint,0,true,false,true,missing,false,true,gradient_only,8,6,0,0.09750029807813228,1.9501037185881036,missing
red4:lane1:snr28.0:seed4:frame57,28.0,57,cwz_joint,0,true,false,true,missing,false,true,gradient_only,8,2,0,0.27679944649172333,0.24917193906672716,missing
red4:lane1:snr28.0:seed4:frame58,28.0,58,cwz_joint,0,true,false,true,missing,false,true,gradient_only,8,13,0,0.06894021364096582,1.4091329318244454,missing
red4:lane1:snr28.0:seed4:frame59,28.0,59,cwz_joint,0,true,false,true,missing,false,true,gradient_only,8,2,0,0.08128932119955018,1.3819039641688944,missing
red4:lane1:snr28.0:seed4:frame60,28.0,60,cwz_joint,0,true,false,true,missing,false,true,gradient_only,8,3,0,0.2342402145412391,1.4938952550997495,missing
red4:lane1:snr28.0:seed4:frame1,28.0,1,profiled_cz,0,true,false,true,missing,false,true,gradient_only,1,7,0,0.14281665392373963,1.2628028334051853,missing
red4:lane1:snr28.0:seed4:frame2,28.0,2,profiled_cz,0,true,false,true,missing,false,true,gradient_only,1,7,0,0.29863511337964715,1.083326634583739,missing
red4:lane1:snr28.0:seed4:frame3,28.0,3,profiled_cz,0,true,false,true,missing,false,true,gradient_only,1,8,0,0.9354443129232823,1.0715552343160628,missing
red4:lane1:snr28.0:seed4:frame4,28.0,4,profiled_cz,0,true,false,true,missing,false,true,gradient_only,1,11,0,0.5511336016403596,1.378682497079635,missing
red4:lane1:snr28.0:seed4:frame5,28.0,5,profiled_cz,0,true,false,true,missing,false,true,gradient_only,1,4,0,0.10701988919058428,0.9573355837239929,missing
red4:lane1:snr28.0:seed4:frame6,28.0,6,profiled_cz,0,true,false,true,missing,false,true,gradient_only,1,7,0,0.14245906404883374,1.3874874266558648,missing
red4:lane1:snr28.0:seed4:frame7,28.0,7,profiled_cz,0,true,false,true,missing,false,true,gradient_only,1,9,0,0.13301370856031763,1.4850837820693048,missing
red4:lane1:snr28.0:seed4:frame8,28.0,8,profiled_cz,0,true,false,true,missing,false,true,gradient_only,1,12,0,0.16306900914984235,1.9153188486153634,missing
red4:lane1:snr28.0:seed4:frame9,28.0,9,profiled_cz,0,true,false,true,missing,false,true,gradient_only,1,12,0,4.553050329811046,1.7912093555888817,missing
red4:lane1:snr28.0:seed4:frame10,28.0,10,profiled_cz,0,true,false,true,missing,false,true,gradient_only,1,16,0,0.15055515975862505,1.3703082582124726,missing
red4:lane1:snr28.0:seed4:frame11,28.0,11,profiled_cz,0,true,false,true,missing,false,true,gradient_only,1,8,0,0.17659270259921872,1.3495479610535273,missing
red4:lane1:snr28.0:seed4:frame12,28.0,12,profiled_cz,0,true,false,true,missing,false,true,gradient_only,1,14,0,0.19040022166987972,1.2890792047082533,missing
red4:lane1:snr28.0:seed4:frame13,28.0,13,profiled_cz,0,true,false,true,missing,false,true,gradient_only,1,8,0,0.14301657208473112,1.1058397570900753,missing
red4:lane1:snr28.0:seed4:frame14,28.0,14,profiled_cz,0,true,false,true,missing,false,true,gradient_only,1,10,0,0.208940918556306,1.2667772705884117,missing
red4:lane1:snr28.0:seed4:frame15,28.0,15,profiled_cz,0,true,false,true,missing,false,true,gradient_only,1,16,0,0.16984113963451553,1.716311691643491,missing
red4:lane1:snr28.0:seed4:frame16,28.0,16,profiled_cz,0,true,false,true,missing,false,true,gradient_only,1,9,0,0.11289213893329772,1.998311077495512,missing
red4:lane1:snr28.0:seed4:frame17,28.0,17,profiled_cz,0,true,false,true,missing,false,true,gradient_only,1,12,0,0.13818859118096036,1.8486594455754737,missing
red4:lane1:snr28.0:seed4:frame18,28.0,18,profiled_cz,0,true,false,true,missing,false,true,gradient_only,1,11,0,0.17673786767866204,1.3981337769843896,missing
red4:lane1:snr28.0:seed4:frame19,28.0,19,profiled_cz,0,true,false,true,missing,false,true,gradient_only,1,11,0,0.1405437629875234,1.1385384524711315,missing
red4:lane1:snr28.0:seed4:frame20,28.0,20,profiled_cz,0,true,false,true,missing,false,true,gradient_only,1,11,0,0.1421356111272305,1.7068430953832956,missing
red4:lane1:snr28.0:seed4:frame21,28.0,21,profiled_cz,0,true,false,true,missing,false,true,gradient_only,1,8,0,0.23706237367482602,1.2570953683469346,missing
red4:lane1:snr28.0:seed4:frame22,28.0,22,profiled_cz,0,true,false,true,missing,false,true,gradient_only,1,9,0,0.10244911671226489,3.8652027704445904,missing
red4:lane1:snr28.0:seed4:frame23,28.0,23,profiled_cz,0,true,false,true,missing,false,true,gradient_only,1,14,0,0.09605197825642048,1.212575087052834,missing
red4:lane1:snr28.0:seed4:frame24,28.0,24,profiled_cz,0,true,false,true,missing,false,true,gradient_only,1,9,0,0.27073051953801563,1.298349509185749,missing
red4:lane1:snr28.0:seed4:frame25,28.0,25,profiled_cz,0,true,false,true,missing,false,true,gradient_only,1,8,0,0.1825121033680328,1.6473990013219655,missing
red4:lane1:snr28.0:seed4:frame26,28.0,26,profiled_cz,0,true,false,true,missing,false,true,gradient_only,1,21,0,0.11660345624778652,1.6710328055975463,missing
red4:lane1:snr28.0:seed4:frame27,28.0,27,profiled_cz,0,true,false,true,missing,false,true,gradient_only,1,14,0,0.15424501617589537,1.5444205882381137,missing
red4:lane1:snr28.0:seed4:frame28,28.0,28,profiled_cz,0,true,false,true,missing,false,true,gradient_only,1,8,0,0.15037029277720926,1.8831125148583545,missing
red4:lane1:snr28.0:seed4:frame29,28.0,29,profiled_cz,0,true,false,true,missing,false,true,gradient_only,1,5,0,0.12095386803823349,1.387471162767736,missing
red4:lane1:snr28.0:seed4:frame30,28.0,30,profiled_cz,0,true,false,true,missing,false,true,gradient_only,1,14,0,0.10466957753817549,1.8297188348209834,missing
red4:lane1:snr28.0:seed4:frame31,28.0,31,profiled_cz,0,true,false,true,missing,false,true,gradient_only,1,8,0,0.1462625498656579,1.3281204150504666,missing
red4:lane1:snr28.0:seed4:frame32,28.0,32,profiled_cz,0,true,false,true,missing,false,true,gradient_only,1,11,0,0.33036423587064073,1.8165572403254902,missing
red4:lane1:snr28.0:seed4:frame33,28.0,33,profiled_cz,0,true,false,true,missing,false,true,gradient_only,1,13,0,0.25944010507445664,1.6264639223435908,missing
red4:lane1:snr28.0:seed4:frame34,28.0,34,profiled_cz,0,true,false,true,missing,false,true,gradient_only,1,11,0,0.1388108067968504,1.1395390188430279,missing
red4:lane1:snr28.0:seed4:frame35,28.0,35,profiled_cz,0,true,false,true,missing,false,true,gradient_only,1,14,0,0.16632593620371322,1.3676675019552078,missing
red4:lane1:snr28.0:seed4:frame36,28.0,36,profiled_cz,0,true,false,true,missing,false,true,gradient_only,1,7,0,7.843517306273531,1.0943879484415762,missing
red4:lane1:snr28.0:seed4:frame37,28.0,37,profiled_cz,0,true,false,true,missing,false,true,gradient_only,1,7,0,0.1513727943164241,0.9578601991791806,missing
red4:lane1:snr28.0:seed4:frame38,28.0,38,profiled_cz,0,true,false,true,missing,false,true,gradient_only,1,5,0,0.20385515650892738,1.4337560192526566,missing
red4:lane1:snr28.0:seed4:frame39,28.0,39,profiled_cz,0,true,false,true,missing,false,true,gradient_only,1,22,0,0.17052566856595167,1.6371192035053506,missing
red4:lane1:snr28.0:seed4:frame40,28.0,40,profiled_cz,0,true,false,true,missing,false,true,gradient_only,1,10,0,0.30461650929729,1.7599136420980908,missing
red4:lane1:snr28.0:seed4:frame41,28.0,41,profiled_cz,0,true,false,true,missing,false,true,gradient_only,1,14,0,0.743922648814745,1.240154773873846,missing
red4:lane1:snr28.0:seed4:frame42,28.0,42,profiled_cz,0,true,false,true,missing,false,true,gradient_only,1,7,0,0.3354947250776793,1.5109206606208303,missing
red4:lane1:snr28.0:seed4:frame43,28.0,43,profiled_cz,0,true,false,true,missing,false,true,gradient_only,1,16,0,0.36186471895072697,62.67082500160163,missing
red4:lane1:snr28.0:seed4:frame44,28.0,44,profiled_cz,0,true,false,true,missing,false,true,gradient_only,1,8,0,0.3657227800969003,1.5899712242675326,missing
red4:lane1:snr28.0:seed4:frame45,28.0,45,profiled_cz,0,true,false,true,missing,false,true,gradient_only,1,15,0,0.4321000187460897,2.1164128976835506,missing
red4:lane1:snr28.0:seed4:frame46,28.0,46,profiled_cz,0,true,false,true,missing,false,true,gradient_only,1,12,0,0.12238652937665974,1.2374792133372017,missing
red4:lane1:snr28.0:seed4:frame47,28.0,47,profiled_cz,0,true,false,true,missing,false,true,gradient_only,1,6,0,0.10716558696675636,0.9149033165049236,missing
red4:lane1:snr28.0:seed4:frame48,28.0,48,profiled_cz,0,true,false,true,missing,false,true,gradient_only,1,16,0,0.11954140176311623,1.6263730608457803,missing
red4:lane1:snr28.0:seed4:frame49,28.0,49,profiled_cz,0,true,false,true,missing,false,true,gradient_only,1,18,0,0.5133176211043717,1.4113082600975542,missing
red4:lane1:snr28.0:seed4:frame50,28.0,50,profiled_cz,0,true,false,true,missing,false,true,gradient_only,1,10,0,0.11500804308112342,1.3590583374882563,missing
red4:lane1:snr28.0:seed4:frame51,28.0,51,profiled_cz,0,true,false,true,missing,false,true,gradient_only,1,21,0,4.012252750483815,1.3502769736536926,missing
red4:lane1:snr28.0:seed4:frame52,28.0,52,profiled_cz,0,true,false,true,missing,false,true,gradient_only,1,3,0,0.08080132015772443,2.0452300372001817,missing
red4:lane1:snr28.0:seed4:frame53,28.0,53,profiled_cz,0,true,false,true,missing,false,true,gradient_only,1,8,0,0.08566032631679385,1.0552295370470564,missing
red4:lane1:snr28.0:seed4:frame54,28.0,54,profiled_cz,0,true,false,true,missing,false,true,gradient_only,1,10,0,0.10358734834785736,1.2090657773596076,missing
red4:lane1:snr28.0:seed4:frame55,28.0,55,profiled_cz,0,true,false,true,missing,false,true,gradient_only,1,1,0,0.04719837009588025,0.5901957145281078,missing
red4:lane1:snr28.0:seed4:frame56,28.0,56,profiled_cz,0,true,false,true,missing,false,true,gradient_only,1,6,0,0.09750029807813228,1.2081250955475602,missing
red4:lane1:snr28.0:seed4:frame57,28.0,57,profiled_cz,0,true,false,true,missing,false,true,gradient_only,1,2,0,0.27679944649172333,0.5475562502572611,missing
red4:lane1:snr28.0:seed4:frame58,28.0,58,profiled_cz,0,true,false,true,missing,false,true,gradient_only,1,13,0,0.06894021364096582,1.1433394337533822,missing
red4:lane1:snr28.0:seed4:frame59,28.0,59,profiled_cz,0,true,false,true,missing,false,true,gradient_only,1,2,0,0.08128932119955018,0.6437430803095049,missing
red4:lane1:snr28.0:seed4:frame60,28.0,60,profiled_cz,0,true,false,true,missing,false,true,gradient_only,1,3,0,0.2342402145412391,0.668070538647991,missing
red4:lane1:snr30.0:seed4:frame1,30.0,1,cwz_joint,0,true,false,true,missing,false,true,gradient_only,8,7,0,0.1420847678549828,1.8156778110003242,missing
red4:lane1:snr30.0:seed4:frame2,30.0,2,cwz_joint,0,true,false,true,missing,false,true,gradient_only,8,8,0,0.22030682569577165,2.4741998019812006,missing
red4:lane1:snr30.0:seed4:frame3,30.0,3,cwz_joint,0,true,false,true,missing,false,true,gradient_only,8,6,0,0.20836479667767482,2.280185544901381,missing
red4:lane1:snr30.0:seed4:frame4,30.0,4,cwz_joint,0,true,false,true,missing,false,true,gradient_only,8,12,0,0.24708914778570126,1.640579897792182,missing
red4:lane1:snr30.0:seed4:frame5,30.0,5,cwz_joint,0,true,false,true,missing,false,true,gradient_only,8,4,0,0.10026780568045772,0.4882988347283502,missing
red4:lane1:snr30.0:seed4:frame6,30.0,6,cwz_joint,0,true,false,true,missing,false,true,gradient_only,8,8,0,0.17924701451713837,2.4196075700887683,missing
red4:lane1:snr30.0:seed4:frame7,30.0,7,cwz_joint,0,true,false,true,missing,false,true,gradient_only,8,8,0,0.114908637502699,3.6963747145934636,missing
red4:lane1:snr30.0:seed4:frame8,30.0,8,cwz_joint,0,true,false,true,missing,false,true,gradient_only,8,11,0,0.14062692560201392,4.984382493209673,missing
red4:lane1:snr30.0:seed4:frame9,30.0,9,cwz_joint,0,true,false,true,missing,false,true,gradient_only,8,11,0,0.38110485147231254,3.6897812087839568,missing
red4:lane1:snr30.0:seed4:frame10,30.0,10,cwz_joint,0,true,false,true,missing,false,true,gradient_only,8,16,0,0.16884147700299332,1.5801351692901902,missing
red4:lane1:snr30.0:seed4:frame11,30.0,11,cwz_joint,0,true,false,true,missing,false,true,gradient_only,8,8,0,0.242067449517918,1.5294899008361718,missing
red4:lane1:snr30.0:seed4:frame12,30.0,12,cwz_joint,0,true,false,true,missing,false,true,gradient_only,8,13,0,0.1501612321209123,1.8548926868603235,missing
red4:lane1:snr30.0:seed4:frame13,30.0,13,cwz_joint,0,true,false,true,missing,false,true,gradient_only,8,10,0,0.12665492938863132,1.7157828166985178,missing
red4:lane1:snr30.0:seed4:frame14,30.0,14,cwz_joint,0,true,false,true,missing,false,true,gradient_only,8,10,0,0.3348460744222623,1.9369851199177794,missing
red4:lane1:snr30.0:seed4:frame15,30.0,15,cwz_joint,0,true,false,true,missing,false,true,gradient_only,8,15,0,0.17089252712221284,3.373326718523917,missing
red4:lane1:snr30.0:seed4:frame16,30.0,16,cwz_joint,0,true,false,true,missing,false,true,gradient_only,8,9,0,0.1081868214805271,6.154867531026603,missing
red4:lane1:snr30.0:seed4:frame17,30.0,17,cwz_joint,0,true,false,true,missing,false,true,gradient_only,8,10,0,0.14045018464467254,5.3727846888429145,missing
red4:lane1:snr30.0:seed4:frame18,30.0,18,cwz_joint,0,true,false,true,missing,false,true,gradient_only,8,9,0,0.18009404596554482,1.5992788933259028,missing
red4:lane1:snr30.0:seed4:frame19,30.0,19,cwz_joint,0,true,false,true,missing,false,true,gradient_only,8,11,0,0.13547796382898883,2.238544403345708,missing
red4:lane1:snr30.0:seed4:frame20,30.0,20,cwz_joint,0,true,false,true,missing,false,true,gradient_only,8,13,0,0.12649126458087936,3.784465471622814,missing
red4:lane1:snr30.0:seed4:frame21,30.0,21,cwz_joint,0,true,false,true,missing,false,true,gradient_only,8,8,0,0.2995559391454518,1.9328532622421244,missing
red4:lane1:snr30.0:seed4:frame22,30.0,22,cwz_joint,0,true,false,true,missing,false,true,gradient_only,8,9,0,0.094143602504056,1.0112357341270308,missing
red4:lane1:snr30.0:seed4:frame23,30.0,23,cwz_joint,0,true,false,true,missing,false,true,gradient_only,8,14,0,0.09065007589211116,1.7252057201839965,missing
red4:lane1:snr30.0:seed4:frame24,30.0,24,cwz_joint,0,true,false,true,missing,false,true,gradient_only,8,8,0,0.2373703656706337,1.9029984370151516,missing
red4:lane1:snr30.0:seed4:frame25,30.0,25,cwz_joint,0,true,false,true,missing,false,true,gradient_only,8,6,0,0.1948577519742297,1.909277362952012,missing
red4:lane1:snr30.0:seed4:frame26,30.0,26,cwz_joint,0,true,false,true,missing,false,true,gradient_only,8,22,0,0.1265495332669771,1.7043665672980692,missing
red4:lane1:snr30.0:seed4:frame27,30.0,27,cwz_joint,0,true,false,true,missing,false,true,gradient_only,8,15,0,0.15944467492957232,1.4308198283035205,missing
red4:lane1:snr30.0:seed4:frame28,30.0,28,cwz_joint,0,true,false,true,missing,false,true,gradient_only,8,8,0,0.15961830854375592,3.806552469660988,missing
red4:lane1:snr30.0:seed4:frame29,30.0,29,cwz_joint,0,true,false,true,missing,false,true,gradient_only,8,5,0,0.10699654644424765,3.138595920643211,missing
red4:lane1:snr30.0:seed4:frame30,30.0,30,cwz_joint,0,true,false,true,missing,false,true,gradient_only,8,14,0,0.10792930348252774,2.374592705356332,missing
red4:lane1:snr30.0:seed4:frame31,30.0,31,cwz_joint,0,true,false,true,missing,false,true,gradient_only,8,8,0,0.1321770001549423,2.0656324715140086,missing
red4:lane1:snr30.0:seed4:frame32,30.0,32,cwz_joint,0,true,false,true,missing,false,true,gradient_only,8,11,0,0.2263657770676011,2.495987977777151,missing
red4:lane1:snr30.0:seed4:frame33,30.0,33,cwz_joint,0,true,false,true,missing,false,true,gradient_only,8,12,0,0.27633354396204535,1.7385796358478538,missing
red4:lane1:snr30.0:seed4:frame34,30.0,34,cwz_joint,0,true,false,true,missing,false,true,gradient_only,8,10,0,0.1319401959656827,0.40899241607592374,missing
red4:lane1:snr30.0:seed4:frame35,30.0,35,cwz_joint,0,true,false,true,missing,false,true,gradient_only,8,14,0,0.14581221141867134,1.679546735578572,missing
red4:lane1:snr30.0:seed4:frame36,30.0,36,cwz_joint,0,true,false,true,missing,false,true,gradient_only,8,8,0,0.38896157789110486,2.705718013489896,missing
red4:lane1:snr30.0:seed4:frame37,30.0,37,cwz_joint,0,true,false,true,missing,false,true,gradient_only,8,9,0,0.15010405224398754,2.5365493652426334,missing
red4:lane1:snr30.0:seed4:frame38,30.0,38,cwz_joint,0,true,false,true,missing,false,true,gradient_only,8,5,0,0.30934695157502207,4.598690693335629,missing
red4:lane1:snr30.0:seed4:frame39,30.0,39,cwz_joint,0,true,false,true,missing,false,true,gradient_only,8,22,0,0.19183747880529814,1.8464665327301135,missing
red4:lane1:snr30.0:seed4:frame40,30.0,40,cwz_joint,0,true,false,true,missing,false,true,gradient_only,8,10,0,0.23247838630319734,2.179466046644231,missing
red4:lane1:snr30.0:seed4:frame41,30.0,41,cwz_joint,0,true,false,true,missing,false,true,gradient_only,8,14,0,0.23006499925614193,0.8839333335332634,missing
red4:lane1:snr30.0:seed4:frame42,30.0,42,cwz_joint,0,true,false,true,missing,false,true,gradient_only,8,7,0,0.5945223425896714,0.5226704674333649,missing
red4:lane1:snr30.0:seed4:frame43,30.0,43,cwz_joint,0,true,false,true,missing,false,true,gradient_only,8,14,0,0.22299208549819965,6.09700420731775,missing
red4:lane1:snr30.0:seed4:frame44,30.0,44,cwz_joint,0,true,false,true,missing,false,true,gradient_only,8,7,0,1.746466885845688,4.16013914659922,missing
red4:lane1:snr30.0:seed4:frame45,30.0,45,cwz_joint,0,true,false,true,missing,false,true,gradient_only,8,15,0,0.21672343820195417,6.652977429285436,missing
red4:lane1:snr30.0:seed4:frame46,30.0,46,cwz_joint,0,true,false,true,missing,false,true,gradient_only,8,12,0,0.12513026023027207,2.2846151317092964,missing
red4:lane1:snr30.0:seed4:frame47,30.0,47,cwz_joint,0,true,false,true,missing,false,true,gradient_only,8,4,0,0.09477628530829241,2.3546010358892486,missing
red4:lane1:snr30.0:seed4:frame48,30.0,48,cwz_joint,0,true,false,true,missing,false,true,gradient_only,8,16,0,0.1175166544674554,1.751716753873904,missing
red4:lane1:snr30.0:seed4:frame49,30.0,49,cwz_joint,0,true,false,true,missing,false,true,gradient_only,8,18,0,0.13262766347271246,1.5002933589481384,missing
red4:lane1:snr30.0:seed4:frame50,30.0,50,cwz_joint,0,true,false,true,missing,false,true,gradient_only,8,9,0,0.13219619859143555,2.231063254144353,missing
red4:lane1:snr30.0:seed4:frame51,30.0,51,cwz_joint,0,true,false,true,missing,false,true,gradient_only,8,20,0,0.14528089087432855,0.9578335165303445,missing
red4:lane1:snr30.0:seed4:frame52,30.0,52,cwz_joint,0,true,false,true,missing,false,true,gradient_only,8,4,0,0.1046244342606069,3.0471223012276147,missing
red4:lane1:snr30.0:seed4:frame53,30.0,53,cwz_joint,0,true,false,true,missing,false,true,gradient_only,8,8,0,0.19023654417823777,1.0573825186639545,missing
red4:lane1:snr30.0:seed4:frame54,30.0,54,cwz_joint,0,true,false,true,missing,false,true,gradient_only,8,10,0,0.10612346803190441,1.44974128289061,missing
red4:lane1:snr30.0:seed4:frame55,30.0,55,cwz_joint,0,true,false,true,missing,false,true,gradient_only,8,1,0,0.04871238391129016,1.277027200829189,missing
red4:lane1:snr30.0:seed4:frame56,30.0,56,cwz_joint,0,true,false,true,missing,false,true,gradient_only,8,6,0,0.0939257090639506,1.9424539027020535,missing
red4:lane1:snr30.0:seed4:frame57,30.0,57,cwz_joint,0,true,false,true,missing,false,true,gradient_only,8,2,0,0.07126573481546813,0.24668972357256835,missing
red4:lane1:snr30.0:seed4:frame58,30.0,58,cwz_joint,0,true,false,true,missing,false,true,gradient_only,8,13,0,0.06382115501297135,1.409514509909666,missing
red4:lane1:snr30.0:seed4:frame59,30.0,59,cwz_joint,0,true,false,true,missing,false,true,gradient_only,8,2,0,0.05605185808970102,1.367833541586964,missing
red4:lane1:snr30.0:seed4:frame60,30.0,60,cwz_joint,0,true,false,true,missing,false,true,gradient_only,8,3,0,0.2385596040728223,1.4792541756225428,missing
red4:lane1:snr30.0:seed4:frame1,30.0,1,profiled_cz,0,true,false,true,missing,false,true,gradient_only,1,7,0,0.1420847678549828,1.258120961541786,missing
red4:lane1:snr30.0:seed4:frame2,30.0,2,profiled_cz,0,true,false,true,missing,false,true,gradient_only,1,8,0,0.22030682569577165,1.078185933500597,missing
red4:lane1:snr30.0:seed4:frame3,30.0,3,profiled_cz,0,true,false,true,missing,false,true,gradient_only,1,6,0,0.20836479667767482,1.0672353004711066,missing
red4:lane1:snr30.0:seed4:frame4,30.0,4,profiled_cz,0,true,false,true,missing,false,true,gradient_only,1,12,0,0.24708914778570126,1.3669291202237792,missing
red4:lane1:snr30.0:seed4:frame5,30.0,5,profiled_cz,0,true,false,true,missing,false,true,gradient_only,1,4,0,0.10026780568045772,0.9506884261941115,missing
red4:lane1:snr30.0:seed4:frame6,30.0,6,profiled_cz,0,true,false,true,missing,false,true,gradient_only,1,8,0,0.17924701451713837,1.38463095519419,missing
red4:lane1:snr30.0:seed4:frame7,30.0,7,profiled_cz,0,true,false,true,missing,false,true,gradient_only,1,8,0,0.114908637502699,1.4753334565979928,missing
red4:lane1:snr30.0:seed4:frame8,30.0,8,profiled_cz,0,true,false,true,missing,false,true,gradient_only,1,11,0,0.14062692560201392,1.8995426858261035,missing
red4:lane1:snr30.0:seed4:frame9,30.0,9,profiled_cz,0,true,false,true,missing,false,true,gradient_only,1,11,0,0.38110485147231254,1.7813178582443399,missing
red4:lane1:snr30.0:seed4:frame10,30.0,10,profiled_cz,0,true,false,true,missing,false,true,gradient_only,1,16,0,0.16884147700299332,1.348532012510825,missing
red4:lane1:snr30.0:seed4:frame11,30.0,11,profiled_cz,0,true,false,true,missing,false,true,gradient_only,1,8,0,0.242067449517918,1.3408208370383734,missing
red4:lane1:snr30.0:seed4:frame12,30.0,12,profiled_cz,0,true,false,true,missing,false,true,gradient_only,1,13,0,0.1501612321209123,1.2824498741160009,missing
red4:lane1:snr30.0:seed4:frame13,30.0,13,profiled_cz,0,true,false,true,missing,false,true,gradient_only,1,10,0,0.12665492938863132,1.0927517806349936,missing
red4:lane1:snr30.0:seed4:frame14,30.0,14,profiled_cz,0,true,false,true,missing,false,true,gradient_only,1,10,0,0.3348460744222623,1.2545645818300069,missing
red4:lane1:snr30.0:seed4:frame15,30.0,15,profiled_cz,0,true,false,true,missing,false,true,gradient_only,1,15,0,0.17089252712221284,1.7114009691407202,missing
red4:lane1:snr30.0:seed4:frame16,30.0,16,profiled_cz,0,true,false,true,missing,false,true,gradient_only,1,9,0,0.1081868214805271,2.008543254459813,missing
red4:lane1:snr30.0:seed4:frame17,30.0,17,profiled_cz,0,true,false,true,missing,false,true,gradient_only,1,10,0,0.14045018464467254,1.833244572966354,missing
red4:lane1:snr30.0:seed4:frame18,30.0,18,profiled_cz,0,true,false,true,missing,false,true,gradient_only,1,9,0,0.18009404596554482,1.3771776253780414,missing
red4:lane1:snr30.0:seed4:frame19,30.0,19,profiled_cz,0,true,false,true,missing,false,true,gradient_only,1,11,0,0.13547796382898883,1.1338896581551459,missing
red4:lane1:snr30.0:seed4:frame20,30.0,20,profiled_cz,0,true,false,true,missing,false,true,gradient_only,1,13,0,0.12649126458087936,1.6978449143912686,missing
red4:lane1:snr30.0:seed4:frame21,30.0,21,profiled_cz,0,true,false,true,missing,false,true,gradient_only,1,8,0,0.2995559391454518,1.2511910152719987,missing
red4:lane1:snr30.0:seed4:frame22,30.0,22,profiled_cz,0,true,false,true,missing,false,true,gradient_only,1,9,0,0.094143602504056,3.3054497786143915,missing
red4:lane1:snr30.0:seed4:frame23,30.0,23,profiled_cz,0,true,false,true,missing,false,true,gradient_only,1,14,0,0.09065007589211116,1.2028131024858488,missing
red4:lane1:snr30.0:seed4:frame24,30.0,24,profiled_cz,0,true,false,true,missing,false,true,gradient_only,1,8,0,0.2373703656706337,1.288188127096548,missing
red4:lane1:snr30.0:seed4:frame25,30.0,25,profiled_cz,0,true,false,true,missing,false,true,gradient_only,1,6,0,0.1948577519742297,1.6380368786739805,missing
red4:lane1:snr30.0:seed4:frame26,30.0,26,profiled_cz,0,true,false,true,missing,false,true,gradient_only,1,22,0,0.1265495332669771,1.6715628433365086,missing
red4:lane1:snr30.0:seed4:frame27,30.0,27,profiled_cz,0,true,false,true,missing,false,true,gradient_only,1,15,0,0.15944467492957232,1.5364814374277818,missing
red4:lane1:snr30.0:seed4:frame28,30.0,28,profiled_cz,0,true,false,true,missing,false,true,gradient_only,1,8,0,0.15961830854375592,1.8532053593201971,missing
red4:lane1:snr30.0:seed4:frame29,30.0,29,profiled_cz,0,true,false,true,missing,false,true,gradient_only,1,5,0,0.10699654644424765,1.374787615817044,missing
red4:lane1:snr30.0:seed4:frame30,30.0,30,profiled_cz,0,true,false,true,missing,false,true,gradient_only,1,14,0,0.10792930348252774,1.8135540886536166,missing
red4:lane1:snr30.0:seed4:frame31,30.0,31,profiled_cz,0,true,false,true,missing,false,true,gradient_only,1,8,0,0.1321770001549423,1.3213883719581905,missing
red4:lane1:snr30.0:seed4:frame32,30.0,32,profiled_cz,0,true,false,true,missing,false,true,gradient_only,1,11,0,0.2263657770676011,1.7710067553588833,missing
red4:lane1:snr30.0:seed4:frame33,30.0,33,profiled_cz,0,true,false,true,missing,false,true,gradient_only,1,12,0,0.27633354396204535,1.6228239634070922,missing
red4:lane1:snr30.0:seed4:frame34,30.0,34,profiled_cz,0,true,false,true,missing,false,true,gradient_only,1,10,0,0.1319401959656827,1.1284561042005645,missing
red4:lane1:snr30.0:seed4:frame35,30.0,35,profiled_cz,0,true,false,true,missing,false,true,gradient_only,1,14,0,0.14581221141867134,1.3527493271251845,missing
red4:lane1:snr30.0:seed4:frame36,30.0,36,profiled_cz,0,true,false,true,missing,false,true,gradient_only,1,8,0,0.38896157789110486,1.0894386507084473,missing
red4:lane1:snr30.0:seed4:frame37,30.0,37,profiled_cz,0,true,false,true,missing,false,true,gradient_only,1,9,0,0.15010405224398754,0.9565371706381064,missing
red4:lane1:snr30.0:seed4:frame38,30.0,38,profiled_cz,0,true,false,true,missing,false,true,gradient_only,1,5,0,0.30934695157502207,1.408868784494638,missing
red4:lane1:snr30.0:seed4:frame39,30.0,39,profiled_cz,0,true,false,true,missing,false,true,gradient_only,1,22,0,0.19183747880529814,1.6234269687991936,missing
red4:lane1:snr30.0:seed4:frame40,30.0,40,profiled_cz,0,true,false,true,missing,false,true,gradient_only,1,10,0,0.23247838630319734,1.7460174341362078,missing
red4:lane1:snr30.0:seed4:frame41,30.0,41,profiled_cz,0,true,false,true,missing,false,true,gradient_only,1,14,0,0.23006499925614193,1.2281123757943813,missing
red4:lane1:snr30.0:seed4:frame42,30.0,42,profiled_cz,0,true,false,true,missing,false,true,gradient_only,1,7,0,0.5945223425896714,1.5019514999514338,missing
red4:lane1:snr30.0:seed4:frame43,30.0,43,profiled_cz,0,true,false,true,missing,false,true,gradient_only,1,14,0,0.22299208549819965,55.65957255120039,missing
red4:lane1:snr30.0:seed4:frame44,30.0,44,profiled_cz,0,true,false,true,missing,false,true,gradient_only,1,7,0,1.746466885845688,1.570515791812563,missing
red4:lane1:snr30.0:seed4:frame45,30.0,45,profiled_cz,0,true,false,true,missing,false,true,gradient_only,1,15,0,0.21672343820195417,2.065533951388862,missing
red4:lane1:snr30.0:seed4:frame46,30.0,46,profiled_cz,0,true,false,true,missing,false,true,gradient_only,1,12,0,0.12513026023027207,1.2181562806077895,missing
red4:lane1:snr30.0:seed4:frame47,30.0,47,profiled_cz,0,true,false,true,missing,false,true,gradient_only,1,4,0,0.09477628530829241,0.9067441340798144,missing
red4:lane1:snr30.0:seed4:frame48,30.0,48,profiled_cz,0,true,false,true,missing,false,true,gradient_only,1,16,0,0.1175166544674554,1.6199868926970917,missing
red4:lane1:snr30.0:seed4:frame49,30.0,49,profiled_cz,0,true,false,true,missing,false,true,gradient_only,1,18,0,0.13262766347271246,1.406492983200133,missing
red4:lane1:snr30.0:seed4:frame50,30.0,50,profiled_cz,0,true,false,true,missing,false,true,gradient_only,1,9,0,0.13219619859143555,1.3500919332113506,missing
red4:lane1:snr30.0:seed4:frame51,30.0,51,profiled_cz,0,true,false,true,missing,false,true,gradient_only,1,20,0,0.14528089087432855,1.33851457436736,missing
red4:lane1:snr30.0:seed4:frame52,30.0,52,profiled_cz,0,true,false,true,missing,false,true,gradient_only,1,4,0,0.1046244342606069,2.0229154795124726,missing
red4:lane1:snr30.0:seed4:frame53,30.0,53,profiled_cz,0,true,false,true,missing,false,true,gradient_only,1,8,0,0.19023654417823777,1.0443745355123957,missing
red4:lane1:snr30.0:seed4:frame54,30.0,54,profiled_cz,0,true,false,true,missing,false,true,gradient_only,1,10,0,0.10612346803190441,1.1938026045030072,missing
red4:lane1:snr30.0:seed4:frame55,30.0,55,profiled_cz,0,true,false,true,missing,false,true,gradient_only,1,1,0,0.04871238391129016,0.5873622791438299,missing
red4:lane1:snr30.0:seed4:frame56,30.0,56,profiled_cz,0,true,false,true,missing,false,true,gradient_only,1,6,0,0.0939257090639506,1.2042996369765209,missing
red4:lane1:snr30.0:seed4:frame57,30.0,57,profiled_cz,0,true,false,true,missing,false,true,gradient_only,1,2,0,0.07126573481546813,0.5404849763445276,missing
red4:lane1:snr30.0:seed4:frame58,30.0,58,profiled_cz,0,true,false,true,missing,false,true,gradient_only,1,13,0,0.06382115501297135,1.1382720185959339,missing
red4:lane1:snr30.0:seed4:frame59,30.0,59,profiled_cz,0,true,false,true,missing,false,true,gradient_only,1,2,0,0.05605185808970102,0.6341741587600415,missing
red4:lane1:snr30.0:seed4:frame60,30.0,60,profiled_cz,0,true,false,true,missing,false,true,gradient_only,1,3,0,0.2385596040728223,0.6607414281231223,missing
